Date,Open,High,Low,Close,Volume
1990-01-03,4.4407782554626465,4.4407782554626465,4.4407782554626465,4.4407782554626465,0
1990-01-04,4.4407782554626465,4.4407782554626465,4.4407782554626465,4.4407782554626465,0
1990-01-05,4.389310836791992,4.389310836791992,4.389310836791992,4.389310836791992,0
1990-01-08,4.391761302947998,4.391761302947998,4.391761302947998,4.391761302947998,0
1990-01-09,4.413818836212158,4.413818836212158,4.413818836212158,4.413818836212158,0
1990-01-10,4.479988098144531,4.479988098144531,4.479988098144531,4.479988098144531,0
1990-01-11,4.502046585083008,4.502046585083008,4.502046585083008,4.502046585083008,0
1990-01-12,4.484889984130859,4.484889984130859,4.484889984130859,4.484889984130859,0
1990-01-15,4.406465530395508,4.406465530395508,4.406465530395508,4.406465530395508,0
1990-01-16,4.355000972747803,4.355000972747803,4.355000972747803,4.355000972747803,0
1990-01-17,4.467735290527344,4.467735290527344,4.467735290527344,4.467735290527344,0
1990-01-18,4.3451972007751465,4.3451972007751465,4.3451972007751465,4.3451972007751465,0
1990-01-19,4.3451972007751465,4.3451972007751465,4.3451972007751465,4.3451972007751465,0
1990-01-22,4.350099086761475,4.350099086761475,4.350099086761475,4.350099086761475,0
1990-01-23,4.335394382476807,4.335394382476807,4.335394382476807,4.335394382476807,0
1990-01-24,4.212856769561768,4.212856769561768,4.212856769561768,4.212856769561768,0
1990-01-25,4.2177581787109375,4.2177581787109375,4.2177581787109375,4.2177581787109375,0
1990-01-26,4.185898780822754,4.185898780822754,4.185898780822754,4.185898780822754,0
1990-01-29,4.220209121704102,4.220209121704102,4.220209121704102,4.220209121704102,0
1990-01-30,4.190798759460449,4.190798759460449,4.190798759460449,4.190798759460449,0
1990-01-31,4.154038906097412,4.154038906097412,4.154038906097412,4.154038906097412,0
1990-02-01,4.151587009429932,4.151587009429932,4.151587009429932,4.151587009429932,0
1990-02-02,4.176095008850098,4.176095008850098,4.176095008850098,4.176095008850098,0
1990-02-05,4.2300124168396,4.2300124168396,4.2300124168396,4.2300124168396,0
1990-02-06,4.2398152351379395,4.2398152351379395,4.2398152351379395,4.2398152351379395,0
1990-02-07,4.215307712554932,4.215307712554932,4.215307712554932,4.215307712554932,0
1990-02-08,4.332943439483643,4.332943439483643,4.332943439483643,4.332943439483643,0
1990-02-09,4.303534030914307,4.303534030914307,4.303534030914307,4.303534030914307,0
1990-02-12,4.276575565338135,4.276575565338135,4.276575565338135,4.276575565338135,0
1990-02-13,4.303534030914307,4.303534030914307,4.303534030914307,4.303534030914307,0
1990-02-14,4.34029483795166,4.34029483795166,4.34029483795166,4.34029483795166,0
1990-02-15,4.352549076080322,4.352549076080322,4.352549076080322,4.352549076080322,0
1990-02-16,4.37215518951416,4.37215518951416,4.37215518951416,4.37215518951416,0
1990-02-19,4.352549076080322,4.352549076080322,4.352549076080322,4.352549076080322,0
1990-02-20,4.308434963226318,4.308434963226318,4.308434963226318,4.308434963226318,0
1990-02-21,4.2300124168396,4.2300124168396,4.2300124168396,4.2300124168396,0
1990-02-22,4.227560520172119,4.227560520172119,4.227560520172119,4.227560520172119,0
1990-02-23,4.210405349731445,4.210405349731445,4.210405349731445,4.210405349731445,0
1990-02-26,4.151587009429932,4.151587009429932,4.151587009429932,4.151587009429932,0
1990-02-27,4.151587009429932,4.151587009429932,4.151587009429932,4.151587009429932,0
1990-02-28,4.1932501792907715,4.1932501792907715,4.1932501792907715,4.1932501792907715,0
1990-03-01,4.161389350891113,4.161389350891113,4.161389350891113,4.161389350891113,0
1990-03-02,4.203052997589111,4.203052997589111,4.203052997589111,4.203052997589111,0
1990-03-05,4.210405349731445,4.210405349731445,4.210405349731445,4.210405349731445,0
1990-03-06,4.227560520172119,4.227560520172119,4.227560520172119,4.227560520172119,0
1990-03-07,4.252068996429443,4.252068996429443,4.252068996429443,4.252068996429443,0
1990-03-08,4.264322280883789,4.264322280883789,4.264322280883789,4.264322280883789,0
1990-03-09,4.252068996429443,4.252068996429443,4.252068996429443,4.252068996429443,0
1990-03-12,4.220209121704102,4.220209121704102,4.220209121704102,4.220209121704102,0
1990-03-13,4.2398152351379395,4.2398152351379395,4.2398152351379395,4.2398152351379395,0
1990-03-14,4.2398152351379395,4.2398152351379395,4.2398152351379395,4.2398152351379395,0
1990-03-15,4.225110054016113,4.225110054016113,4.225110054016113,4.225110054016113,0
1990-03-16,4.2398152351379395,4.2398152351379395,4.2398152351379395,4.2398152351379395,0
1990-03-19,4.190798759460449,4.190798759460449,4.190798759460449,4.190798759460449,0
1990-03-20,4.178544998168945,4.178544998168945,4.178544998168945,4.178544998168945,0
1990-03-21,4.2398152351379395,4.2398152351379395,4.2398152351379395,4.2398152351379395,0
1990-03-22,4.227560520172119,4.227560520172119,4.227560520172119,4.227560520172119,0
1990-03-23,4.129532337188721,4.129532337188721,4.129532337188721,4.129532337188721,0
1990-03-26,4.129532337188721,4.129532337188721,4.129532337188721,4.129532337188721,0
1990-03-27,4.129532337188721,4.129532337188721,4.129532337188721,4.129532337188721,0
1990-03-28,4.141783237457275,4.141783237457275,4.141783237457275,4.141783237457275,0
1990-03-29,4.1662917137146,4.1662917137146,4.1662917137146,4.1662917137146,0
1990-03-30,4.190798759460449,4.190798759460449,4.190798759460449,4.190798759460449,0
1990-04-02,4.141783237457275,4.141783237457275,4.141783237457275,4.141783237457275,0
1990-04-03,4.154038906097412,4.154038906097412,4.154038906097412,4.154038906097412,0
1990-04-04,4.154038906097412,4.154038906097412,4.154038906097412,4.154038906097412,0
1990-04-05,4.1662917137146,4.1662917137146,4.1662917137146,4.1662917137146,0
1990-04-06,4.190798759460449,4.190798759460449,4.190798759460449,4.190798759460449,0
1990-04-09,4.178544998168945,4.178544998168945,4.178544998168945,4.178544998168945,0
1990-04-10,4.1662917137146,4.1662917137146,4.1662917137146,4.1662917137146,0
1990-04-11,4.141783237457275,4.141783237457275,4.141783237457275,4.141783237457275,0
1990-04-12,4.154038906097412,4.154038906097412,4.154038906097412,4.154038906097412,0
1990-04-13,4.154038906097412,4.154038906097412,4.154038906097412,4.154038906097412,0
1990-04-16,4.154038906097412,4.154038906097412,4.154038906097412,4.154038906097412,0
1990-04-17,4.154038906097412,4.154038906097412,4.154038906097412,4.154038906097412,0
1990-04-18,4.1368818283081055,4.1368818283081055,4.1368818283081055,4.1368818283081055,0
1990-04-19,4.129532337188721,4.129532337188721,4.129532337188721,4.129532337188721,0
1990-04-20,4.122178077697754,4.122178077697754,4.122178077697754,4.122178077697754,0
1990-04-23,4.085415840148926,4.085415840148926,4.085415840148926,4.085415840148926,0
1990-04-24,4.080514907836914,4.080514907836914,4.080514907836914,4.080514907836914,0
1990-04-25,4.043755054473877,4.043755054473877,4.043755054473877,4.043755054473877,0
1990-04-26,4.033950328826904,4.033950328826904,4.033950328826904,4.033950328826904,0
1990-04-27,3.994738817214966,3.994738817214966,3.994738817214966,3.994738817214966,0
1990-04-30,3.921215534210205,3.921215534210205,3.921215534210205,3.921215534210205,0
1990-05-01,3.921215534210205,3.921215534210205,3.921215534210205,3.921215534210205,0
1990-05-02,3.9824845790863037,3.9824845790863037,3.9824845790863037,3.9824845790863037,0
1990-05-03,3.9824845790863037,3.9824845790863037,3.9824845790863037,3.9824845790863037,0
1990-05-04,3.994738817214966,3.994738817214966,3.994738817214966,3.994738817214966,0
1990-05-07,4.038852214813232,4.038852214813232,4.038852214813232,4.038852214813232,0
1990-05-08,4.0192461013793945,4.0192461013793945,4.0192461013793945,4.0192461013793945,0
1990-05-09,4.006992340087891,4.006992340087891,4.006992340087891,4.006992340087891,0
1990-05-10,4.03149938583374,4.03149938583374,4.03149938583374,4.03149938583374,0
1990-05-11,4.129532337188721,4.129532337188721,4.129532337188721,4.129532337188721,0
1990-05-14,4.105022430419922,4.105022430419922,4.105022430419922,4.105022430419922,0
1990-05-15,4.080514907836914,4.080514907836914,4.080514907836914,4.080514907836914,0
1990-05-16,4.105022430419922,4.105022430419922,4.105022430419922,4.105022430419922,0
1990-05-17,4.129532337188721,4.129532337188721,4.129532337188721,4.129532337188721,0
1990-05-18,4.1662917137146,4.1662917137146,4.1662917137146,4.1662917137146,0
1990-05-21,4.117276191711426,4.117276191711426,4.117276191711426,4.117276191711426,0
1990-05-22,4.154038906097412,4.154038906097412,4.154038906097412,4.154038906097412,0
1990-05-23,4.141783237457275,4.141783237457275,4.141783237457275,4.141783237457275,0
1990-05-24,4.141783237457275,4.141783237457275,4.141783237457275,4.141783237457275,0
1990-05-25,4.117276191711426,4.117276191711426,4.117276191711426,4.117276191711426,0
1990-05-28,4.1368818283081055,4.1368818283081055,4.1368818283081055,4.1368818283081055,0
1990-05-29,4.203052997589111,4.203052997589111,4.203052997589111,4.203052997589111,0
1990-05-30,4.276575565338135,4.276575565338135,4.276575565338135,4.276575565338135,0
1990-05-31,4.288829326629639,4.288829326629639,4.288829326629639,4.288829326629639,0
1990-06-01,4.325591564178467,4.325591564178467,4.325591564178467,4.325591564178467,0
1990-06-04,4.325591564178467,4.325591564178467,4.325591564178467,4.325591564178467,0
1990-06-05,4.325591564178467,4.325591564178467,4.325591564178467,4.325591564178467,0
1990-06-06,4.2398152351379395,4.2398152351379395,4.2398152351379395,4.2398152351379395,0
1990-06-07,4.2398152351379395,4.2398152351379395,4.2398152351379395,4.2398152351379395,0
1990-06-08,4.2398152351379395,4.2398152351379395,4.2398152351379395,4.2398152351379395,0
1990-06-11,4.178544998168945,4.178544998168945,4.178544998168945,4.178544998168945,0
1990-06-12,4.205503463745117,4.205503463745117,4.205503463745117,4.205503463745117,0
1990-06-13,4.178544998168945,4.178544998168945,4.178544998168945,4.178544998168945,0
1990-06-14,4.215307712554932,4.215307712554932,4.215307712554932,4.215307712554932,0
1990-06-15,4.178544998168945,4.178544998168945,4.178544998168945,4.178544998168945,0
1990-06-18,4.141783237457275,4.141783237457275,4.141783237457275,4.141783237457275,0
1990-06-19,4.080514907836914,4.080514907836914,4.080514907836914,4.080514907836914,0
1990-06-20,4.112375259399414,4.112375259399414,4.112375259399414,4.112375259399414,0
1990-06-21,4.141783237457275,4.141783237457275,4.141783237457275,4.141783237457275,0
1990-06-22,4.178544998168945,4.178544998168945,4.178544998168945,4.178544998168945,0
1990-06-25,4.198151588439941,4.198151588439941,4.198151588439941,4.198151588439941,0
1990-06-26,4.1662917137146,4.1662917137146,4.1662917137146,4.1662917137146,0
1990-06-27,4.154038906097412,4.154038906097412,4.154038906097412,4.154038906097412,0
1990-06-28,4.105022430419922,4.105022430419922,4.105022430419922,4.105022430419922,0
1990-06-29,4.105022430419922,4.105022430419922,4.105022430419922,4.105022430419922,0
1990-07-02,4.092768669128418,4.092768669128418,4.092768669128418,4.092768669128418,0
1990-07-03,4.12708044052124,4.12708044052124,4.12708044052124,4.12708044052124,0
1990-07-04,4.1662917137146,4.1662917137146,4.1662917137146,4.1662917137146,0
1990-07-05,4.1662917137146,4.1662917137146,4.1662917137146,4.1662917137146,0
1990-07-06,4.1662917137146,4.1662917137146,4.1662917137146,4.1662917137146,0
1990-07-09,4.171192646026611,4.171192646026611,4.171192646026611,4.171192646026611,0
1990-07-10,4.180995941162109,4.180995941162109,4.180995941162109,4.180995941162109,0
1990-07-11,4.1957011222839355,4.1957011222839355,4.1957011222839355,4.1957011222839355,0
1990-07-12,4.200601577758789,4.200601577758789,4.200601577758789,4.200601577758789,0
1990-07-13,4.215307712554932,4.215307712554932,4.215307712554932,4.215307712554932,0
1990-07-16,4.200601577758789,4.200601577758789,4.200601577758789,4.200601577758789,0
1990-07-17,4.151587009429932,4.151587009429932,4.151587009429932,4.151587009429932,0
1990-07-18,4.053556442260742,4.053556442260742,4.053556442260742,4.053556442260742,0
1990-07-19,4.038852214813232,4.038852214813232,4.038852214813232,4.038852214813232,0
1990-07-20,4.038852214813232,4.038852214813232,4.038852214813232,4.038852214813232,0
1990-07-23,4.0192461013793945,4.0192461013793945,4.0192461013793945,4.0192461013793945,0
1990-07-24,3.9996392726898193,3.9996392726898193,3.9996392726898193,3.9996392726898193,0
1990-07-25,4.078063488006592,4.078063488006592,4.078063488006592,4.078063488006592,0
1990-07-26,4.08786678314209,4.08786678314209,4.08786678314209,4.08786678314209,0
1990-07-27,4.053556442260742,4.053556442260742,4.053556442260742,4.053556442260742,0
1990-07-30,4.033950328826904,4.033950328826904,4.033950328826904,4.033950328826904,0
1990-07-31,4.053556442260742,4.053556442260742,4.053556442260742,4.053556442260742,0
1990-08-01,4.053556442260742,4.053556442260742,4.053556442260742,4.053556442260742,0
1990-08-02,4.004541397094727,4.004541397094727,4.004541397094727,4.004541397094727,0
1990-08-03,3.931018829345703,3.931018829345703,3.931018829345703,3.931018829345703,0
1990-08-06,3.6761395931243896,3.6761395931243896,3.6761395931243896,3.6761395931243896,0
1990-08-07,3.8035786151885986,3.8035786151885986,3.8035786151885986,3.8035786151885986,0
1990-08-08,3.705549478530884,3.705549478530884,3.705549478530884,3.705549478530884,0
1990-08-09,3.7300567626953125,3.7300567626953125,3.7300567626953125,3.7300567626953125,0
1990-08-10,3.7398598194122314,3.7398598194122314,3.7398598194122314,3.7398598194122314,0
1990-08-13,3.6810410022735596,3.6810410022735596,3.6810410022735596,3.6810410022735596,0
1990-08-14,3.725154399871826,3.725154399871826,3.725154399871826,3.725154399871826,0
1990-08-15,3.818284273147583,3.818284273147583,3.818284273147583,3.818284273147583,0
1990-08-16,3.779071807861328,3.779071807861328,3.779071807861328,3.779071807861328,0
1990-08-17,3.710449695587158,3.710449695587158,3.710449695587158,3.710449695587158,0
1990-08-20,3.661435604095459,3.661435604095459,3.661435604095459,3.661435604095459,0
1990-08-21,3.4996848106384277,3.4996848106384277,3.4996848106384277,3.4996848106384277,0
1990-08-22,3.5290942192077637,3.5290942192077637,3.5290942192077637,3.5290942192077637,0
1990-08-23,3.40655517578125,3.40655517578125,3.40655517578125,3.40655517578125,0
1990-08-24,3.5045864582061768,3.5045864582061768,3.5045864582061768,3.5045864582061768,0
1990-08-27,3.6467299461364746,3.6467299461364746,3.6467299461364746,3.6467299461364746,0
1990-08-28,3.5585031509399414,3.5585031509399414,3.5585031509399414,3.5585031509399414,0
1990-08-29,3.602616786956787,3.602616786956787,3.602616786956787,3.602616786956787,0
1990-08-30,3.66633677482605,3.66633677482605,3.66633677482605,3.66633677482605,0
1990-08-31,3.6761395931243896,3.6761395931243896,3.6761395931243896,3.6761395931243896,0
1990-09-03,3.6761395931243896,3.6761395931243896,3.6761395931243896,3.6761395931243896,0
1990-09-04,3.5879123210906982,3.5879123210906982,3.5879123210906982,3.5879123210906982,0
1990-09-05,3.5879123210906982,3.5879123210906982,3.5879123210906982,3.5879123210906982,0
1990-09-06,3.5634043216705322,3.5634043216705322,3.5634043216705322,3.5634043216705322,0
1990-09-07,3.5536017417907715,3.5536017417907715,3.5536017417907715,3.5536017417907715,0
1990-09-10,3.5977160930633545,3.5977160930633545,3.5977160930633545,3.5977160930633545,0
1990-09-11,3.5683066844940186,3.5683066844940186,3.5683066844940186,3.5683066844940186,0
1990-09-12,3.607517957687378,3.607517957687378,3.607517957687378,3.607517957687378,0
1990-09-13,3.5928139686584473,3.5928139686584473,3.5928139686584473,3.5928139686584473,0
1990-09-14,3.5388972759246826,3.5388972759246826,3.5388972759246826,3.5388972759246826,0
1990-09-17,3.5094878673553467,3.5094878673553467,3.5094878673553467,3.5094878673553467,0
1990-09-18,3.4800798892974854,3.4800798892974854,3.4800798892974854,3.4800798892974854,0
1990-09-19,3.489882707595825,3.489882707595825,3.489882707595825,3.489882707595825,0
1990-09-20,3.455571413040161,3.455571413040161,3.455571413040161,3.455571413040161,0
1990-09-21,3.445768356323242,3.445768356323242,3.445768356323242,3.445768356323242,0
1990-09-24,3.3869502544403076,3.3869502544403076,3.3869502544403076,3.3869502544403076,0
1990-09-25,3.2840182781219482,3.2840182781219482,3.2840182781219482,3.2840182781219482,0
1990-09-26,3.2644119262695312,3.2644119262695312,3.2644119262695312,3.2644119262695312,0
1990-09-27,3.3134279251098633,3.3134279251098633,3.3134279251098633,3.3134279251098633,0
1990-09-28,3.2595105171203613,3.2595105171203613,3.2595105171203613,3.2595105171203613,0
1990-10-01,3.3624424934387207,3.3624424934387207,3.3624424934387207,3.3624424934387207,0
1990-10-02,3.4604721069335938,3.4604721069335938,3.4604721069335938,3.4604721069335938,0
1990-10-03,3.4996848106384277,3.4996848106384277,3.4996848106384277,3.4996848106384277,0
1990-10-04,3.5290942192077637,3.5290942192077637,3.5290942192077637,3.5290942192077637,0
1990-10-05,3.5781092643737793,3.5781092643737793,3.5781092643737793,3.5781092643737793,0
1990-10-08,3.612419843673706,3.612419843673706,3.612419843673706,3.612419843673706,0
1990-10-09,3.5536017417907715,3.5536017417907715,3.5536017417907715,3.5536017417907715,0
1990-10-10,3.5094878673553467,3.5094878673553467,3.5094878673553467,3.5094878673553467,0
1990-10-11,3.5781092643737793,3.5781092643737793,3.5781092643737793,3.5781092643737793,0
1990-10-12,3.5290942192077637,3.5290942192077637,3.5290942192077637,3.5290942192077637,0
1990-10-15,3.5437991619110107,3.5437991619110107,3.5437991619110107,3.5437991619110107,0
1990-10-16,3.5585031509399414,3.5585031509399414,3.5585031509399414,3.5585031509399414,0
1990-10-17,3.5683066844940186,3.5683066844940186,3.5683066844940186,3.5683066844940186,0
1990-10-18,3.641829252243042,3.641829252243042,3.641829252243042,3.641829252243042,0
1990-10-19,3.705549478530884,3.705549478530884,3.705549478530884,3.705549478530884,0
1990-10-22,3.7202532291412354,3.7202532291412354,3.7202532291412354,3.7202532291412354,0
1990-10-23,3.7692692279815674,3.7692692279815674,3.7692692279815674,3.7692692279815674,0
1990-10-24,3.7692692279815674,3.7692692279815674,3.7692692279815674,3.7692692279815674,0
1990-10-25,3.749661684036255,3.749661684036255,3.749661684036255,3.749661684036255,0
1990-10-26,3.6712379455566406,3.6712379455566406,3.6712379455566406,3.6712379455566406,0
1990-10-29,3.6712379455566406,3.6712379455566406,3.6712379455566406,3.6712379455566406,0
1990-10-30,3.641829252243042,3.641829252243042,3.641829252243042,3.641829252243042,0
1990-10-31,3.6467299461364746,3.6467299461364746,3.6467299461364746,3.6467299461364746,0
1990-11-01,3.6271238327026367,3.6271238327026367,3.6271238327026367,3.6271238327026367,0
1990-11-02,3.6810410022735596,3.6810410022735596,3.6810410022735596,3.6810410022735596,0
1990-11-05,3.700648069381714,3.700648069381714,3.700648069381714,3.700648069381714,0
1990-11-06,3.6712379455566406,3.6712379455566406,3.6712379455566406,3.6712379455566406,0
1990-11-07,3.66633677482605,3.66633677482605,3.66633677482605,3.66633677482605,0
1990-11-08,3.6565327644348145,3.6565327644348145,3.6565327644348145,3.6565327644348145,0
1990-11-09,3.6565327644348145,3.6565327644348145,3.6565327644348145,3.6565327644348145,0
1990-11-12,3.700648069381714,3.700648069381714,3.700648069381714,3.700648069381714,0
1990-11-13,3.7153518199920654,3.7153518199920654,3.7153518199920654,3.7153518199920654,0
1990-11-14,3.710449695587158,3.710449695587158,3.710449695587158,3.710449695587158,0
1990-11-15,3.66633677482605,3.66633677482605,3.66633677482605,3.66633677482605,0
1990-11-16,3.5094878673553467,3.5094878673553467,3.5094878673553467,3.5094878673553467,0
1990-11-19,3.5487003326416016,3.5487003326416016,3.5487003326416016,3.5487003326416016,0
1990-11-20,3.5290942192077637,3.5290942192077637,3.5290942192077637,3.5290942192077637,0
1990-11-21,3.5241928100585938,3.5241928100585938,3.5241928100585938,3.5241928100585938,0
1990-11-22,3.4016547203063965,3.4016547203063965,3.4016547203063965,3.4016547203063965,0
1990-11-23,3.4114584922790527,3.4114584922790527,3.4114584922790527,3.4114584922790527,0
1990-11-26,3.342836618423462,3.342836618423462,3.342836618423462,3.342836618423462,0
1990-11-27,3.333034038543701,3.333034038543701,3.333034038543701,3.333034038543701,0
1990-11-28,3.3624424934387207,3.3624424934387207,3.3624424934387207,3.3624424934387207,0
1990-11-29,3.3820488452911377,3.3820488452911377,3.3820488452911377,3.3820488452911377,0
1990-11-30,3.4310646057128906,3.4310646057128906,3.4310646057128906,3.4310646057128906,0
1990-12-03,3.5241928100585938,3.5241928100585938,3.5241928100585938,3.5241928100585938,0
1990-12-04,3.519291639328003,3.519291639328003,3.519291639328003,3.519291639328003,0
1990-12-05,3.5634043216705322,3.5634043216705322,3.5634043216705322,3.5634043216705322,0
1990-12-06,3.6467299461364746,3.6467299461364746,3.6467299461364746,3.6467299461364746,0
1990-12-07,3.63986873626709,3.63986873626709,3.63986873626709,3.63986873626709,0
1990-12-10,3.6173207759857178,3.6173207759857178,3.6173207759857178,3.6173207759857178,0
1990-12-11,3.607517957687378,3.607517957687378,3.607517957687378,3.607517957687378,0
1990-12-12,3.602616786956787,3.602616786956787,3.602616786956787,3.602616786956787,0
1990-12-13,3.5781092643737793,3.5781092643737793,3.5781092643737793,3.5781092643737793,0
1990-12-14,3.5683066844940186,3.5683066844940186,3.5683066844940186,3.5683066844940186,0
1990-12-17,3.5045864582061768,3.5045864582061768,3.5045864582061768,3.5045864582061768,0
1990-12-18,3.5143890380859375,3.5143890380859375,3.5143890380859375,3.5143890380859375,0
1990-12-19,3.5143890380859375,3.5143890380859375,3.5143890380859375,3.5143890380859375,0
1990-12-20,3.494783639907837,3.494783639907837,3.494783639907837,3.494783639907837,0
1990-12-21,3.4996848106384277,3.4996848106384277,3.4996848106384277,3.4996848106384277,0
1990-12-24,3.4604721069335938,3.4604721069335938,3.4604721069335938,3.4604721069335938,0
1990-12-25,3.4604721069335938,3.4604721069335938,3.4604721069335938,3.4604721069335938,0
1990-12-26,3.4604721069335938,3.4604721069335938,3.4604721069335938,3.4604721069335938,0
1990-12-27,3.450669288635254,3.450669288635254,3.450669288635254,3.450669288635254,0
1990-12-28,3.4261627197265625,3.4261627197265625,3.4261627197265625,3.4261627197265625,0
1990-12-31,3.4261627197265625,3.4261627197265625,3.4261627197265625,3.4261627197265625,0
1991-01-01,3.4261627197265625,3.4261627197265625,3.4261627197265625,3.4261627197265625,0
1991-01-02,3.4261627197265625,3.4261627197265625,3.4261627197265625,3.4261627197265625,0
1991-01-03,3.3869502544403076,3.3869502544403076,3.3869502544403076,3.3869502544403076,0
1991-01-04,3.3918519020080566,3.3918519020080566,3.3918519020080566,3.3918519020080566,0
1991-01-07,3.3526391983032227,3.3526391983032227,3.3526391983032227,3.3526391983032227,0
1991-01-08,3.323230504989624,3.323230504989624,3.323230504989624,3.323230504989624,0
1991-01-09,3.372246026992798,3.372246026992798,3.372246026992798,3.372246026992798,0
1991-01-10,3.333034038543701,3.333034038543701,3.333034038543701,3.333034038543701,0
1991-01-11,3.3134279251098633,3.3134279251098633,3.3134279251098633,3.3134279251098633,0
1991-01-14,3.279116630554199,3.279116630554199,3.279116630554199,3.279116630554199,0
1991-01-15,3.2840182781219482,3.2840182781219482,3.2840182781219482,3.2840182781219482,0
1991-01-16,3.2448058128356934,3.2448058128356934,3.2448058128356934,3.2448058128356934,0
1991-01-17,3.4310646057128906,3.4310646057128906,3.4310646057128906,3.4310646057128906,0
1991-01-18,3.40655517578125,3.40655517578125,3.40655517578125,3.40655517578125,0
1991-01-21,3.3673436641693115,3.3673436641693115,3.3673436641693115,3.3673436641693115,0
1991-01-22,3.3575408458709717,3.3575408458709717,3.3575408458709717,3.3575408458709717,0
1991-01-23,3.3575408458709717,3.3575408458709717,3.3575408458709717,3.3575408458709717,0
1991-01-24,3.40655517578125,3.40655517578125,3.40655517578125,3.40655517578125,0
1991-01-25,3.450669288635254,3.450669288635254,3.450669288635254,3.450669288635254,0
1991-01-28,3.450669288635254,3.450669288635254,3.450669288635254,3.450669288635254,0
1991-01-29,3.4800798892974854,3.4800798892974854,3.4800798892974854,3.4800798892974854,0
1991-01-30,3.5045864582061768,3.5045864582061768,3.5045864582061768,3.5045864582061768,0
1991-01-31,3.46537446975708,3.46537446975708,3.46537446975708,3.46537446975708,0
1991-02-01,3.5045864582061768,3.5045864582061768,3.5045864582061768,3.5045864582061768,0
1991-02-04,3.489882707595825,3.489882707595825,3.489882707595825,3.489882707595825,0
1991-02-05,3.5045864582061768,3.5045864582061768,3.5045864582061768,3.5045864582061768,0
1991-02-06,3.475177526473999,3.475177526473999,3.475177526473999,3.475177526473999,0
1991-02-07,3.4996848106384277,3.4996848106384277,3.4996848106384277,3.4996848106384277,0
1991-02-08,3.5388972759246826,3.5388972759246826,3.5388972759246826,3.5388972759246826,0
1991-02-11,3.5928139686584473,3.5928139686584473,3.5928139686584473,3.5928139686584473,0
1991-02-12,3.583010673522949,3.583010673522949,3.583010673522949,3.583010673522949,0
1991-02-13,3.632026195526123,3.632026195526123,3.632026195526123,3.632026195526123,0
1991-02-14,3.661435604095459,3.661435604095459,3.661435604095459,3.661435604095459,0
1991-02-15,3.7153518199920654,3.7153518199920654,3.7153518199920654,3.7153518199920654,0
1991-02-18,3.759465456008911,3.759465456008911,3.759465456008911,3.759465456008911,0
1991-02-19,3.7398598194122314,3.7398598194122314,3.7398598194122314,3.7398598194122314,0
1991-02-20,3.6712379455566406,3.6712379455566406,3.6712379455566406,3.6712379455566406,0
1991-02-21,3.705549478530884,3.705549478530884,3.705549478530884,3.705549478530884,0
1991-02-22,3.710449695587158,3.710449695587158,3.710449695587158,3.710449695587158,0
1991-02-25,3.798678159713745,3.798678159713745,3.798678159713745,3.798678159713745,0
1991-02-26,3.7545645236968994,3.7545645236968994,3.7545645236968994,3.7545645236968994,0
1991-02-27,3.749661684036255,3.749661684036255,3.749661684036255,3.749661684036255,0
1991-02-28,3.7643673419952393,3.7643673419952393,3.7643673419952393,3.7643673419952393,0
1991-03-01,3.725154399871826,3.725154399871826,3.725154399871826,3.725154399871826,0
1991-03-04,3.774170160293579,3.774170160293579,3.774170160293579,3.774170160293579,0
1991-03-05,3.788874864578247,3.788874864578247,3.788874864578247,3.788874864578247,0
1991-03-06,3.8967084884643555,3.8967084884643555,3.8967084884643555,3.8967084884643555,0
1991-03-07,3.8722002506256104,3.8722002506256104,3.8722002506256104,3.8722002506256104,0
1991-03-08,3.95552659034729,3.95552659034729,3.95552659034729,3.95552659034729,0
1991-03-11,3.921215534210205,3.921215534210205,3.921215534210205,3.921215534210205,0
1991-03-12,3.9163143634796143,3.9163143634796143,3.9163143634796143,3.9163143634796143,0
1991-03-13,3.906510353088379,3.906510353088379,3.906510353088379,3.906510353088379,0
1991-03-14,4.009442329406738,4.009442329406738,4.009442329406738,4.009442329406738,0
1991-03-15,3.9702305793762207,3.9702305793762207,3.9702305793762207,3.9702305793762207,0
1991-03-18,3.931018829345703,3.931018829345703,3.931018829345703,3.931018829345703,0
1991-03-19,3.8918070793151855,3.8918070793151855,3.8918070793151855,3.8918070793151855,0
1991-03-20,3.8918070793151855,3.8918070793151855,3.8918070793151855,3.8918070793151855,0
1991-03-21,3.931018829345703,3.931018829345703,3.931018829345703,3.931018829345703,0
1991-03-22,3.9702305793762207,3.9702305793762207,3.9702305793762207,3.9702305793762207,0
1991-03-25,3.994738817214966,3.994738817214966,3.994738817214966,3.994738817214966,0
1991-03-26,3.9702305793762207,3.9702305793762207,3.9702305793762207,3.9702305793762207,0
1991-03-27,4.068261623382568,4.068261623382568,4.068261623382568,4.068261623382568,0
1991-03-28,4.068261623382568,4.068261623382568,4.068261623382568,4.068261623382568,0
1991-03-29,4.068261623382568,4.068261623382568,4.068261623382568,4.068261623382568,0
1991-04-01,4.068261623382568,4.068261623382568,4.068261623382568,4.068261623382568,0
1991-04-02,4.063359260559082,4.063359260559082,4.063359260559082,4.063359260559082,0
1991-04-03,4.117276191711426,4.117276191711426,4.117276191711426,4.117276191711426,0
1991-04-04,4.097670078277588,4.097670078277588,4.097670078277588,4.097670078277588,0
1991-04-05,4.112375259399414,4.112375259399414,4.112375259399414,4.112375259399414,0
1991-04-08,4.102571487426758,4.102571487426758,4.102571487426758,4.102571487426758,0
1991-04-09,4.078063488006592,4.078063488006592,4.078063488006592,4.078063488006592,0
1991-04-10,4.038852214813232,4.038852214813232,4.038852214813232,4.038852214813232,0
1991-04-11,4.043755054473877,4.043755054473877,4.043755054473877,4.043755054473877,0
1991-04-12,4.058457851409912,4.058457851409912,4.058457851409912,4.058457851409912,0
1991-04-15,4.078063488006592,4.078063488006592,4.078063488006592,4.078063488006592,0
1991-04-16,4.0486555099487305,4.0486555099487305,4.0486555099487305,4.0486555099487305,0
1991-04-17,4.082965850830078,4.082965850830078,4.082965850830078,4.082965850830078,0
1991-04-18,4.058457851409912,4.058457851409912,4.058457851409912,4.058457851409912,0
1991-04-19,4.082965850830078,4.082965850830078,4.082965850830078,4.082965850830078,0
1991-04-22,4.058457851409912,4.058457851409912,4.058457851409912,4.058457851409912,0
1991-04-23,4.107473850250244,4.107473850250244,4.107473850250244,4.107473850250244,0
1991-04-24,4.122178077697754,4.122178077697754,4.122178077697754,4.122178077697754,0
1991-04-25,4.131981372833252,4.131981372833252,4.131981372833252,4.131981372833252,0
1991-04-26,4.1368818283081055,4.1368818283081055,4.1368818283081055,4.1368818283081055,0
1991-04-29,4.146685600280762,4.146685600280762,4.146685600280762,4.146685600280762,0
1991-04-30,4.112375259399414,4.112375259399414,4.112375259399414,4.112375259399414,0
1991-05-01,4.112375259399414,4.112375259399414,4.112375259399414,4.112375259399414,0
1991-05-02,4.129532337188721,4.129532337188721,4.129532337188721,4.129532337188721,0
1991-05-03,4.117276191711426,4.117276191711426,4.117276191711426,4.117276191711426,0
1991-05-06,4.097670078277588,4.097670078277588,4.097670078277588,4.097670078277588,0
1991-05-07,4.161389350891113,4.161389350891113,4.161389350891113,4.161389350891113,0
1991-05-08,4.097670078277588,4.097670078277588,4.097670078277588,4.097670078277588,0
1991-05-09,4.097670078277588,4.097670078277588,4.097670078277588,4.097670078277588,0
1991-05-10,4.131981372833252,4.131981372833252,4.131981372833252,4.131981372833252,0
1991-05-13,4.131981372833252,4.131981372833252,4.131981372833252,4.131981372833252,0
1991-05-14,4.1368818283081055,4.1368818283081055,4.1368818283081055,4.1368818283081055,0
1991-05-15,4.122178077697754,4.122178077697754,4.122178077697754,4.122178077697754,0
1991-05-16,4.12708044052124,4.12708044052124,4.12708044052124,4.12708044052124,0
1991-05-17,4.156487941741943,4.156487941741943,4.156487941741943,4.156487941741943,0
1991-05-20,4.156487941741943,4.156487941741943,4.156487941741943,4.156487941741943,0
1991-05-21,4.200601577758789,4.200601577758789,4.200601577758789,4.200601577758789,0
1991-05-22,4.200601577758789,4.200601577758789,4.200601577758789,4.200601577758789,0
1991-05-23,4.185898780822754,4.185898780822754,4.185898780822754,4.185898780822754,0
1991-05-24,4.161389350891113,4.161389350891113,4.161389350891113,4.161389350891113,0
1991-05-27,4.210405349731445,4.210405349731445,4.210405349731445,4.210405349731445,0
1991-05-28,4.220209121704102,4.220209121704102,4.220209121704102,4.220209121704102,0
1991-05-29,4.210405349731445,4.210405349731445,4.210405349731445,4.210405349731445,0
1991-05-30,4.210405349731445,4.210405349731445,4.210405349731445,4.210405349731445,0
1991-05-31,4.313337326049805,4.313337326049805,4.313337326049805,4.313337326049805,0
1991-06-03,4.2300124168396,4.2300124168396,4.2300124168396,4.2300124168396,0
1991-06-04,4.220209121704102,4.220209121704102,4.220209121704102,4.220209121704102,0
1991-06-05,4.2398152351379395,4.2398152351379395,4.2398152351379395,4.2398152351379395,0
1991-06-06,4.215307712554932,4.215307712554932,4.215307712554932,4.215307712554932,0
1991-06-07,4.225110054016113,4.225110054016113,4.225110054016113,4.225110054016113,0
1991-06-10,4.205503463745117,4.205503463745117,4.205503463745117,4.205503463745117,0
1991-06-11,4.220209121704102,4.220209121704102,4.220209121704102,4.220209121704102,0
1991-06-12,4.176095008850098,4.176095008850098,4.176095008850098,4.176095008850098,0
1991-06-13,4.146685600280762,4.146685600280762,4.146685600280762,4.146685600280762,0
1991-06-14,4.190798759460449,4.190798759460449,4.190798759460449,4.190798759460449,0
1991-06-17,4.215307712554932,4.215307712554932,4.215307712554932,4.215307712554932,0
1991-06-18,4.220209121704102,4.220209121704102,4.220209121704102,4.220209121704102,0
1991-06-19,4.185898780822754,4.185898780822754,4.185898780822754,4.185898780822754,0
1991-06-20,4.161389350891113,4.161389350891113,4.161389350891113,4.161389350891113,0
1991-06-21,4.185898780822754,4.185898780822754,4.185898780822754,4.185898780822754,0
1991-06-24,4.146685600280762,4.146685600280762,4.146685600280762,4.146685600280762,0
1991-06-25,4.161389350891113,4.161389350891113,4.161389350891113,4.161389350891113,0
1991-06-26,4.156487941741943,4.156487941741943,4.156487941741943,4.156487941741943,0
1991-06-27,4.141783237457275,4.141783237457275,4.141783237457275,4.141783237457275,0
1991-06-28,4.107473850250244,4.107473850250244,4.107473850250244,4.107473850250244,0
1991-07-01,4.141783237457275,4.141783237457275,4.141783237457275,4.141783237457275,0
1991-07-02,4.151587009429932,4.151587009429932,4.151587009429932,4.151587009429932,0
1991-07-03,4.1368818283081055,4.1368818283081055,4.1368818283081055,4.1368818283081055,0
1991-07-04,4.122178077697754,4.122178077697754,4.122178077697754,4.122178077697754,0
1991-07-05,4.112375259399414,4.112375259399414,4.112375259399414,4.112375259399414,0
1991-07-08,4.08786678314209,4.08786678314209,4.08786678314209,4.08786678314209,0
1991-07-09,4.107473850250244,4.107473850250244,4.107473850250244,4.107473850250244,0
1991-07-10,4.146685600280762,4.146685600280762,4.146685600280762,4.146685600280762,0
1991-07-11,4.1368818283081055,4.1368818283081055,4.1368818283081055,4.1368818283081055,0
1991-07-12,4.156487941741943,4.156487941741943,4.156487941741943,4.156487941741943,0
1991-07-15,4.161389350891113,4.161389350891113,4.161389350891113,4.161389350891113,0
1991-07-16,4.161389350891113,4.161389350891113,4.161389350891113,4.161389350891113,0
1991-07-17,4.151587009429932,4.151587009429932,4.151587009429932,4.151587009429932,0
1991-07-18,4.151587009429932,4.151587009429932,4.151587009429932,4.151587009429932,0
1991-07-19,4.171192646026611,4.171192646026611,4.171192646026611,4.171192646026611,0
1991-07-22,4.1662917137146,4.1662917137146,4.1662917137146,4.1662917137146,0
1991-07-23,4.225110054016113,4.225110054016113,4.225110054016113,4.225110054016113,0
1991-07-24,4.190798759460449,4.190798759460449,4.190798759460449,4.190798759460449,0
1991-07-25,4.205503463745117,4.205503463745117,4.205503463745117,4.205503463745117,0
1991-07-26,4.205503463745117,4.205503463745117,4.205503463745117,4.205503463745117,0
1991-07-29,4.220209121704102,4.220209121704102,4.220209121704102,4.220209121704102,0
1991-07-30,4.215307712554932,4.215307712554932,4.215307712554932,4.215307712554932,0
1991-07-31,4.220209121704102,4.220209121704102,4.220209121704102,4.220209121704102,0
1991-08-01,4.220209121704102,4.220209121704102,4.220209121704102,4.220209121704102,0
1991-08-02,4.244716644287109,4.244716644287109,4.244716644287109,4.244716644287109,0
1991-08-05,4.225110054016113,4.225110054016113,4.225110054016113,4.225110054016113,0
1991-08-06,4.210405349731445,4.210405349731445,4.210405349731445,4.210405349731445,0
1991-08-07,4.215307712554932,4.215307712554932,4.215307712554932,4.215307712554932,0
1991-08-08,4.205503463745117,4.205503463745117,4.205503463745117,4.205503463745117,0
1991-08-09,4.210405349731445,4.210405349731445,4.210405349731445,4.210405349731445,0
1991-08-12,4.176095008850098,4.176095008850098,4.176095008850098,4.176095008850098,0
1991-08-13,4.176095008850098,4.176095008850098,4.176095008850098,4.176095008850098,0
1991-08-14,4.190798759460449,4.190798759460449,4.190798759460449,4.190798759460449,0
1991-08-15,4.190798759460449,4.190798759460449,4.190798759460449,4.190798759460449,0
1991-08-16,4.190798759460449,4.190798759460449,4.190798759460449,4.190798759460449,0
1991-08-19,3.926117420196533,3.926117420196533,3.926117420196533,3.926117420196533,0
1991-08-20,3.9849352836608887,3.9849352836608887,3.9849352836608887,3.9849352836608887,0
1991-08-21,4.058457851409912,4.058457851409912,4.058457851409912,4.058457851409912,0
1991-08-22,4.107473850250244,4.107473850250244,4.107473850250244,4.107473850250244,0
1991-08-23,4.112375259399414,4.112375259399414,4.112375259399414,4.112375259399414,0
1991-08-26,4.1368818283081055,4.1368818283081055,4.1368818283081055,4.1368818283081055,0
1991-08-27,4.102571487426758,4.102571487426758,4.102571487426758,4.102571487426758,0
1991-08-28,4.117276191711426,4.117276191711426,4.117276191711426,4.117276191711426,0
1991-08-29,4.146685600280762,4.146685600280762,4.146685600280762,4.146685600280762,0
1991-08-30,4.12708044052124,4.12708044052124,4.12708044052124,4.12708044052124,0
1991-09-02,4.122178077697754,4.122178077697754,4.122178077697754,4.122178077697754,0
1991-09-03,4.117276191711426,4.117276191711426,4.117276191711426,4.117276191711426,0
1991-09-04,4.114826202392578,4.114826202392578,4.114826202392578,4.114826202392578,0
1991-09-05,4.122178077697754,4.122178077697754,4.122178077697754,4.122178077697754,0
1991-09-06,4.107473850250244,4.107473850250244,4.107473850250244,4.107473850250244,0
1991-09-09,4.097670078277588,4.097670078277588,4.097670078277588,4.097670078277588,0
1991-09-10,4.068261623382568,4.068261623382568,4.068261623382568,4.068261623382568,0
1991-09-11,4.068261623382568,4.068261623382568,4.068261623382568,4.068261623382568,0
1991-09-12,4.0486555099487305,4.0486555099487305,4.0486555099487305,4.0486555099487305,0
1991-09-13,4.0486555099487305,4.0486555099487305,4.0486555099487305,4.0486555099487305,0
1991-09-16,4.009442329406738,4.009442329406738,4.009442329406738,4.009442329406738,0
1991-09-17,4.014344692230225,4.014344692230225,4.014344692230225,4.014344692230225,0
1991-09-18,3.965329647064209,3.965329647064209,3.965329647064209,3.965329647064209,0
1991-09-19,3.9751322269439697,3.9751322269439697,3.9751322269439697,3.9751322269439697,0
1991-09-20,3.9702305793762207,3.9702305793762207,3.9702305793762207,3.9702305793762207,0
1991-09-23,3.95552659034729,3.95552659034729,3.95552659034729,3.95552659034729,0
1991-09-24,3.9604270458221436,3.9604270458221436,3.9604270458221436,3.9604270458221436,0
1991-09-25,3.945723056793213,3.945723056793213,3.945723056793213,3.945723056793213,0
1991-09-26,3.926117420196533,3.926117420196533,3.926117420196533,3.926117420196533,0
1991-09-27,3.931018829345703,3.931018829345703,3.931018829345703,3.931018829345703,0
1991-09-30,3.921215534210205,3.921215534210205,3.921215534210205,3.921215534210205,0
1991-10-01,3.9359209537506104,3.9359209537506104,3.9359209537506104,3.9359209537506104,0
1991-10-02,3.9506239891052246,3.9506239891052246,3.9506239891052246,3.9506239891052246,0
1991-10-03,3.9751322269439697,3.9751322269439697,3.9751322269439697,3.9751322269439697,0
1991-10-04,3.9751322269439697,3.9751322269439697,3.9751322269439697,3.9751322269439697,0
1991-10-07,3.9604270458221436,3.9604270458221436,3.9604270458221436,3.9604270458221436,0
1991-10-08,3.95552659034729,3.95552659034729,3.95552659034729,3.95552659034729,0
1991-10-09,3.945723056793213,3.945723056793213,3.945723056793213,3.945723056793213,0
1991-10-10,3.931018829345703,3.931018829345703,3.931018829345703,3.931018829345703,0
1991-10-11,3.9359209537506104,3.9359209537506104,3.9359209537506104,3.9359209537506104,0
1991-10-14,3.931018829345703,3.931018829345703,3.931018829345703,3.931018829345703,0
1991-10-15,3.931018829345703,3.931018829345703,3.931018829345703,3.931018829345703,0
1991-10-16,3.9359209537506104,3.9359209537506104,3.9359209537506104,3.9359209537506104,0
1991-10-17,3.9702305793762207,3.9702305793762207,3.9702305793762207,3.9702305793762207,0
1991-10-18,4.063359260559082,4.063359260559082,4.063359260559082,4.063359260559082,0
1991-10-21,4.068261623382568,4.068261623382568,4.068261623382568,4.068261623382568,0
1991-10-22,4.063359260559082,4.063359260559082,4.063359260559082,4.063359260559082,0
1991-10-23,4.068261623382568,4.068261623382568,4.068261623382568,4.068261623382568,0
1991-10-24,4.058457851409912,4.058457851409912,4.058457851409912,4.058457851409912,0
1991-10-25,4.024147987365723,4.024147987365723,4.024147987365723,4.024147987365723,0
1991-10-28,4.097670078277588,4.097670078277588,4.097670078277588,4.097670078277588,0
1991-10-29,4.102571487426758,4.102571487426758,4.102571487426758,4.102571487426758,0
1991-10-30,4.097670078277588,4.097670078277588,4.097670078277588,4.097670078277588,0
1991-10-31,4.073163032531738,4.073163032531738,4.073163032531738,4.073163032531738,0
1991-11-01,4.073163032531738,4.073163032531738,4.073163032531738,4.073163032531738,0
1991-11-04,4.063359260559082,4.063359260559082,4.063359260559082,4.063359260559082,0
1991-11-05,4.082965850830078,4.082965850830078,4.082965850830078,4.082965850830078,0
1991-11-06,4.0486555099487305,4.0486555099487305,4.0486555099487305,4.0486555099487305,0
1991-11-07,4.038852214813232,4.038852214813232,4.038852214813232,4.038852214813232,0
1991-11-08,4.08786678314209,4.08786678314209,4.08786678314209,4.08786678314209,0
1991-11-11,4.117276191711426,4.117276191711426,4.117276191711426,4.117276191711426,0
1991-11-12,4.190798759460449,4.190798759460449,4.190798759460449,4.190798759460449,0
1991-11-13,4.171192646026611,4.171192646026611,4.171192646026611,4.171192646026611,0
1991-11-14,4.161389350891113,4.161389350891113,4.161389350891113,4.161389350891113,0
1991-11-15,4.161389350891113,4.161389350891113,4.161389350891113,4.161389350891113,0
1991-11-18,4.107473850250244,4.107473850250244,4.107473850250244,4.107473850250244,0
1991-11-19,4.068261623382568,4.068261623382568,4.068261623382568,4.068261623382568,0
1991-11-20,4.058457851409912,4.058457851409912,4.058457851409912,4.058457851409912,0
1991-11-21,4.058457851409912,4.058457851409912,4.058457851409912,4.058457851409912,0
1991-11-22,4.024147987365723,4.024147987365723,4.024147987365723,4.024147987365723,0
1991-11-25,3.9849352836608887,3.9849352836608887,3.9849352836608887,3.9849352836608887,0
1991-11-26,4.038852214813232,4.038852214813232,4.038852214813232,4.038852214813232,0
1991-11-27,4.024147987365723,4.024147987365723,4.024147987365723,4.024147987365723,0
1991-11-28,4.029048919677734,4.029048919677734,4.029048919677734,4.029048919677734,0
1991-11-29,3.994738817214966,3.994738817214966,3.994738817214966,3.994738817214966,0
1991-12-02,3.965329647064209,3.965329647064209,3.965329647064209,3.965329647064209,0
1991-12-03,4.024147987365723,4.024147987365723,4.024147987365723,4.024147987365723,0
1991-12-04,4.0486555099487305,4.0486555099487305,4.0486555099487305,4.0486555099487305,0
1991-12-05,4.043755054473877,4.043755054473877,4.043755054473877,4.043755054473877,0
1991-12-06,4.053556442260742,4.053556442260742,4.053556442260742,4.053556442260742,0
1991-12-09,4.068261623382568,4.068261623382568,4.068261623382568,4.068261623382568,0
1991-12-10,4.063359260559082,4.063359260559082,4.063359260559082,4.063359260559082,0
1991-12-11,4.068261623382568,4.068261623382568,4.068261623382568,4.068261623382568,0
1991-12-12,4.107473850250244,4.107473850250244,4.107473850250244,4.107473850250244,0
1991-12-13,4.117276191711426,4.117276191711426,4.117276191711426,4.117276191711426,0
1991-12-16,4.122178077697754,4.122178077697754,4.122178077697754,4.122178077697754,0
1991-12-17,4.112375259399414,4.112375259399414,4.112375259399414,4.112375259399414,0
1991-12-18,4.112375259399414,4.112375259399414,4.112375259399414,4.112375259399414,0
1991-12-19,4.102571487426758,4.102571487426758,4.102571487426758,4.102571487426758,0
1991-12-20,4.08786678314209,4.08786678314209,4.08786678314209,4.08786678314209,0
1991-12-23,4.078063488006592,4.078063488006592,4.078063488006592,4.078063488006592,0
1991-12-24,4.141783237457275,4.141783237457275,4.141783237457275,4.141783237457275,0
1991-12-25,4.141783237457275,4.141783237457275,4.141783237457275,4.141783237457275,0
1991-12-26,4.141783237457275,4.141783237457275,4.141783237457275,4.141783237457275,0
1991-12-27,4.1957011222839355,4.1957011222839355,4.1957011222839355,4.1957011222839355,0
1991-12-30,4.215307712554932,4.215307712554932,4.215307712554932,4.215307712554932,0
1991-12-31,4.215307712554932,4.215307712554932,4.215307712554932,4.215307712554932,0
1992-01-01,4.215307712554932,4.215307712554932,4.215307712554932,4.215307712554932,0
1992-01-02,4.215307712554932,4.215307712554932,4.215307712554932,4.215307712554932,0
1992-01-03,4.269223690032959,4.269223690032959,4.269223690032959,4.269223690032959,0
1992-01-06,4.293731689453125,4.293731689453125,4.293731689453125,4.293731689453125,0
1992-01-07,4.274125576019287,4.274125576019287,4.274125576019287,4.274125576019287,0
1992-01-08,4.259419918060303,4.259419918060303,4.259419918060303,4.259419918060303,0
1992-01-09,4.308434963226318,4.308434963226318,4.308434963226318,4.308434963226318,0
1992-01-10,4.303534030914307,4.303534030914307,4.303534030914307,4.303534030914307,0
1992-01-13,4.308434963226318,4.308434963226318,4.308434963226318,4.308434963226318,0
1992-01-14,4.377058029174805,4.377058029174805,4.377058029174805,4.377058029174805,0
1992-01-15,4.479988098144531,4.479988098144531,4.479988098144531,4.479988098144531,0
1992-01-16,4.421170711517334,4.421170711517334,4.421170711517334,4.421170711517334,0
1992-01-17,4.426072120666504,4.426072120666504,4.426072120666504,4.426072120666504,0
1992-01-20,4.426072120666504,4.426072120666504,4.426072120666504,4.426072120666504,0
1992-01-21,4.421170711517334,4.421170711517334,4.421170711517334,4.421170711517334,0
1992-01-22,4.411367416381836,4.411367416381836,4.411367416381836,4.411367416381836,0
1992-01-23,4.391761302947998,4.391761302947998,4.391761302947998,4.391761302947998,0
1992-01-24,4.401564598083496,4.401564598083496,4.401564598083496,4.401564598083496,0
1992-01-27,4.430973529815674,4.430973529815674,4.430973529815674,4.430973529815674,0
1992-01-28,4.4407782554626465,4.4407782554626465,4.4407782554626465,4.4407782554626465,0
1992-01-29,4.426072120666504,4.426072120666504,4.426072120666504,4.426072120666504,0
1992-01-30,4.430973529815674,4.430973529815674,4.430973529815674,4.430973529815674,0
1992-01-31,4.435875415802002,4.435875415802002,4.435875415802002,4.435875415802002,0
1992-02-03,4.430973529815674,4.430973529815674,4.430973529815674,4.430973529815674,0
1992-02-04,4.426072120666504,4.426072120666504,4.426072120666504,4.426072120666504,0
1992-02-05,4.4407782554626465,4.4407782554626465,4.4407782554626465,4.4407782554626465,0
1992-02-06,4.484889984130859,4.484889984130859,4.484889984130859,4.484889984130859,0
1992-02-07,4.494692802429199,4.494692802429199,4.494692802429199,4.494692802429199,0
1992-02-10,4.504496097564697,4.504496097564697,4.504496097564697,4.504496097564697,0
1992-02-11,4.524102687835693,4.524102687835693,4.524102687835693,4.524102687835693,0
1992-02-12,4.529004096984863,4.529004096984863,4.529004096984863,4.529004096984863,0
1992-02-13,4.5437092781066895,4.5437092781066895,4.5437092781066895,4.5437092781066895,0
1992-02-14,4.524102687835693,4.524102687835693,4.524102687835693,4.524102687835693,0
1992-02-17,4.533905506134033,4.533905506134033,4.533905506134033,4.533905506134033,0
1992-02-18,4.538807392120361,4.538807392120361,4.538807392120361,4.538807392120361,0
1992-02-19,4.509397506713867,4.509397506713867,4.509397506713867,4.509397506713867,0
1992-02-20,4.538807392120361,4.538807392120361,4.538807392120361,4.538807392120361,0
1992-02-21,4.548610687255859,4.548610687255859,4.548610687255859,4.548610687255859,0
1992-02-24,4.582921981811523,4.582921981811523,4.582921981811523,4.582921981811523,0
1992-02-25,4.587822914123535,4.587822914123535,4.587822914123535,4.587822914123535,0
1992-02-26,4.617231369018555,4.617231369018555,4.617231369018555,4.617231369018555,0
1992-02-27,4.622133731842041,4.622133731842041,4.622133731842041,4.622133731842041,0
1992-02-28,4.602527141571045,4.602527141571045,4.602527141571045,4.602527141571045,0
1992-03-02,4.602527141571045,4.602527141571045,4.602527141571045,4.602527141571045,0
1992-03-03,4.627035140991211,4.627035140991211,4.627035140991211,4.627035140991211,0
1992-03-04,4.6417388916015625,4.6417388916015625,4.6417388916015625,4.6417388916015625,0
1992-03-05,4.6515421867370605,4.6515421867370605,4.6515421867370605,4.6515421867370605,0
1992-03-06,4.617231369018555,4.617231369018555,4.617231369018555,4.617231369018555,0
1992-03-09,4.597625732421875,4.597625732421875,4.597625732421875,4.597625732421875,0
1992-03-10,4.602527141571045,4.602527141571045,4.602527141571045,4.602527141571045,0
1992-03-11,4.563314437866211,4.563314437866211,4.563314437866211,4.563314437866211,0
1992-03-12,4.529004096984863,4.529004096984863,4.529004096984863,4.529004096984863,0
1992-03-13,4.558413028717041,4.558413028717041,4.558413028717041,4.558413028717041,0
1992-03-16,4.5437092781066895,4.5437092781066895,4.5437092781066895,4.5437092781066895,0
1992-03-17,4.622133731842041,4.622133731842041,4.622133731842041,4.622133731842041,0
1992-03-18,4.617231369018555,4.617231369018555,4.617231369018555,4.617231369018555,0
1992-03-19,4.6319355964660645,4.6319355964660645,4.6319355964660645,4.6319355964660645,0
1992-03-20,4.67114782333374,4.67114782333374,4.67114782333374,4.67114782333374,0
1992-03-23,4.602527141571045,4.602527141571045,4.602527141571045,4.602527141571045,0
1992-03-24,4.612329959869385,4.612329959869385,4.612329959869385,4.612329959869385,0
1992-03-25,4.636838436126709,4.636838436126709,4.636838436126709,4.636838436126709,0
1992-03-26,4.6319355964660645,4.6319355964660645,4.6319355964660645,4.6319355964660645,0
1992-03-27,4.627035140991211,4.627035140991211,4.627035140991211,4.627035140991211,0
1992-03-30,4.636838436126709,4.636838436126709,4.636838436126709,4.636838436126709,0
1992-03-31,4.6417388916015625,4.6417388916015625,4.6417388916015625,4.6417388916015625,0
1992-04-01,4.627035140991211,4.627035140991211,4.627035140991211,4.627035140991211,0
1992-04-02,4.6564435958862305,4.6564435958862305,4.6564435958862305,4.6564435958862305,0
1992-04-03,4.6417388916015625,4.6417388916015625,4.6417388916015625,4.6417388916015625,0
1992-04-06,4.6564435958862305,4.6564435958862305,4.6564435958862305,4.6564435958862305,0
1992-04-07,4.6564435958862305,4.6564435958862305,4.6564435958862305,4.6564435958862305,0
1992-04-08,4.617231369018555,4.617231369018555,4.617231369018555,4.617231369018555,0
1992-04-09,4.622133731842041,4.622133731842041,4.622133731842041,4.622133731842041,0
1992-04-10,4.666247367858887,4.666247367858887,4.666247367858887,4.666247367858887,0
1992-04-13,4.6417388916015625,4.6417388916015625,4.6417388916015625,4.6417388916015625,0
1992-04-14,4.67114782333374,4.67114782333374,4.67114782333374,4.67114782333374,0
1992-04-15,4.705458641052246,4.705458641052246,4.705458641052246,4.705458641052246,0
1992-04-16,4.725066184997559,4.725066184997559,4.725066184997559,4.725066184997559,0
1992-04-17,4.725066184997559,4.725066184997559,4.725066184997559,4.725066184997559,0
1992-04-20,4.725066184997559,4.725066184997559,4.725066184997559,4.725066184997559,0
1992-04-21,4.6809515953063965,4.6809515953063965,4.6809515953063965,4.6809515953063965,0
1992-04-22,4.69565486907959,4.69565486907959,4.69565486907959,4.69565486907959,0
1992-04-23,4.710360050201416,4.710360050201416,4.710360050201416,4.710360050201416,0
1992-04-24,4.715262413024902,4.715262413024902,4.715262413024902,4.715262413024902,0
1992-04-27,4.705458641052246,4.705458641052246,4.705458641052246,4.705458641052246,0
1992-04-28,4.69565486907959,4.69565486907959,4.69565486907959,4.69565486907959,0
1992-04-29,4.774079322814941,4.774079322814941,4.774079322814941,4.774079322814941,0
1992-04-30,4.8083906173706055,4.8083906173706055,4.8083906173706055,4.8083906173706055,0
1992-05-01,4.8083906173706055,4.8083906173706055,4.8083906173706055,4.8083906173706055,0
1992-05-04,4.877011775970459,4.877011775970459,4.877011775970459,4.877011775970459,0
1992-05-05,4.891716480255127,4.891716480255127,4.891716480255127,4.891716480255127,0
1992-05-06,4.901519775390625,4.901519775390625,4.901519775390625,4.901519775390625,0
1992-05-07,4.891716480255127,4.891716480255127,4.891716480255127,4.891716480255127,0
1992-05-08,4.886815071105957,4.886815071105957,4.886815071105957,4.886815071105957,0
1992-05-11,4.938281059265137,4.938281059265137,4.938281059265137,4.938281059265137,0
1992-05-12,4.913773536682129,4.913773536682129,4.913773536682129,4.913773536682129,0
1992-05-13,4.913773536682129,4.913773536682129,4.913773536682129,4.913773536682129,0
1992-05-14,4.913773536682129,4.913773536682129,4.913773536682129,4.913773536682129,0
1992-05-15,4.877011775970459,4.877011775970459,4.877011775970459,4.877011775970459,0
1992-05-18,4.913773536682129,4.913773536682129,4.913773536682129,4.913773536682129,0
1992-05-19,4.913773536682129,4.913773536682129,4.913773536682129,4.913773536682129,0
1992-05-20,4.962789535522461,4.962789535522461,4.962789535522461,4.962789535522461,0
1992-05-21,4.913773536682129,4.913773536682129,4.913773536682129,4.913773536682129,0
1992-05-22,4.926028251647949,4.926028251647949,4.926028251647949,4.926028251647949,0
1992-05-25,4.852504730224609,4.852504730224609,4.852504730224609,4.852504730224609,0
1992-05-26,4.847603797912598,4.847603797912598,4.847603797912598,4.847603797912598,0
1992-05-27,4.8034892082214355,4.8034892082214355,4.8034892082214355,4.8034892082214355,0
1992-05-28,4.8034892082214355,4.8034892082214355,4.8034892082214355,4.8034892082214355,0
1992-05-29,4.798587799072266,4.798587799072266,4.798587799072266,4.798587799072266,0
1992-06-01,4.8034892082214355,4.8034892082214355,4.8034892082214355,4.8034892082214355,0
1992-06-02,4.8083906173706055,4.8083906173706055,4.8083906173706055,4.8083906173706055,0
1992-06-03,4.7789812088012695,4.7789812088012695,4.7789812088012695,4.7789812088012695,0
1992-06-04,4.798587799072266,4.798587799072266,4.798587799072266,4.798587799072266,0
1992-06-05,4.783884048461914,4.783884048461914,4.783884048461914,4.783884048461914,0
1992-06-08,4.783884048461914,4.783884048461914,4.783884048461914,4.783884048461914,0
1992-06-09,4.7789812088012695,4.7789812088012695,4.7789812088012695,4.7789812088012695,0
1992-06-10,4.7789812088012695,4.7789812088012695,4.7789812088012695,4.7789812088012695,0
1992-06-11,4.774079322814941,4.774079322814941,4.774079322814941,4.774079322814941,0
1992-06-12,4.788785457611084,4.788785457611084,4.788785457611084,4.788785457611084,0
1992-06-15,4.769179344177246,4.769179344177246,4.769179344177246,4.769179344177246,0
1992-06-16,4.8034892082214355,4.8034892082214355,4.8034892082214355,4.8034892082214355,0
1992-06-17,4.788785457611084,4.788785457611084,4.788785457611084,4.788785457611084,0
1992-06-18,4.774079322814941,4.774079322814941,4.774079322814941,4.774079322814941,0
1992-06-19,4.8034892082214355,4.8034892082214355,4.8034892082214355,4.8034892082214355,0
1992-06-22,4.774079322814941,4.774079322814941,4.774079322814941,4.774079322814941,0
1992-06-23,4.7789812088012695,4.7789812088012695,4.7789812088012695,4.7789812088012695,0
1992-06-24,4.764277458190918,4.764277458190918,4.764277458190918,4.764277458190918,0
1992-06-25,4.783884048461914,4.783884048461914,4.783884048461914,4.783884048461914,0
1992-06-26,4.774079322814941,4.774079322814941,4.774079322814941,4.774079322814941,0
1992-06-29,4.774079322814941,4.774079322814941,4.774079322814941,4.774079322814941,0
1992-06-30,4.769179344177246,4.769179344177246,4.769179344177246,4.769179344177246,0
1992-07-01,4.725066184997559,4.725066184997559,4.725066184997559,4.725066184997559,0
1992-07-02,4.710360050201416,4.710360050201416,4.710360050201416,4.710360050201416,0
1992-07-03,4.705458641052246,4.705458641052246,4.705458641052246,4.705458641052246,0
1992-07-06,4.658895015716553,4.658895015716553,4.658895015716553,4.658895015716553,0
1992-07-07,4.617231369018555,4.617231369018555,4.617231369018555,4.617231369018555,0
1992-07-08,4.590273857116699,4.590273857116699,4.590273857116699,4.590273857116699,0
1992-07-09,4.602527141571045,4.602527141571045,4.602527141571045,4.602527141571045,0
1992-07-10,4.6564435958862305,4.6564435958862305,4.6564435958862305,4.6564435958862305,0
1992-07-13,4.6319355964660645,4.6319355964660645,4.6319355964660645,4.6319355964660645,0
1992-07-14,4.6319355964660645,4.6319355964660645,4.6319355964660645,4.6319355964660645,0
1992-07-15,4.646641731262207,4.646641731262207,4.646641731262207,4.646641731262207,0
1992-07-16,4.636838436126709,4.636838436126709,4.636838436126709,4.636838436126709,0
1992-07-17,4.592723846435547,4.592723846435547,4.592723846435547,4.592723846435547,0
1992-07-20,4.484889984130859,4.484889984130859,4.484889984130859,4.484889984130859,0
1992-07-21,4.548610687255859,4.548610687255859,4.548610687255859,4.548610687255859,0
1992-07-22,4.494692802429199,4.494692802429199,4.494692802429199,4.494692802429199,0
1992-07-23,4.509397506713867,4.509397506713867,4.509397506713867,4.509397506713867,0
1992-07-24,4.509397506713867,4.509397506713867,4.509397506713867,4.509397506713867,0
1992-07-27,4.538807392120361,4.538807392120361,4.538807392120361,4.538807392120361,0
1992-07-28,4.563314437866211,4.563314437866211,4.563314437866211,4.563314437866211,0
1992-07-29,4.622133731842041,4.622133731842041,4.622133731842041,4.622133731842041,0
1992-07-30,4.617231369018555,4.617231369018555,4.617231369018555,4.617231369018555,0
1992-07-31,4.573118209838867,4.573118209838867,4.573118209838867,4.573118209838867,0
1992-08-03,4.533905506134033,4.533905506134033,4.533905506134033,4.533905506134033,0
1992-08-04,4.529004096984863,4.529004096984863,4.529004096984863,4.529004096984863,0
1992-08-05,4.5437092781066895,4.5437092781066895,4.5437092781066895,4.5437092781066895,0
1992-08-06,4.533905506134033,4.533905506134033,4.533905506134033,4.533905506134033,0
1992-08-07,4.51920223236084,4.51920223236084,4.51920223236084,4.51920223236084,0
1992-08-10,4.499594688415527,4.499594688415527,4.499594688415527,4.499594688415527,0
1992-08-11,4.492242336273193,4.492242336273193,4.492242336273193,4.492242336273193,0
1992-08-12,4.494692802429199,4.494692802429199,4.494692802429199,4.494692802429199,0
1992-08-13,4.479988098144531,4.479988098144531,4.479988098144531,4.479988098144531,0
1992-08-14,4.489791393280029,4.489791393280029,4.489791393280029,4.489791393280029,0
1992-08-17,4.509397506713867,4.509397506713867,4.509397506713867,4.509397506713867,0
1992-08-18,4.489791393280029,4.489791393280029,4.489791393280029,4.489791393280029,0
1992-08-19,4.479988098144531,4.479988098144531,4.479988098144531,4.479988098144531,0
1992-08-20,4.475087642669678,4.475087642669678,4.475087642669678,4.475087642669678,0
1992-08-21,4.475087642669678,4.475087642669678,4.475087642669678,4.475087642669678,0
1992-08-24,4.426072120666504,4.426072120666504,4.426072120666504,4.426072120666504,0
1992-08-25,4.377058029174805,4.377058029174805,4.377058029174805,4.377058029174805,0
1992-08-26,4.367252826690674,4.367252826690674,4.367252826690674,4.367252826690674,0
1992-08-27,4.430973529815674,4.430973529815674,4.430973529815674,4.430973529815674,0
1992-08-28,4.470185279846191,4.470185279846191,4.470185279846191,4.470185279846191,0
1992-08-31,4.479988098144531,4.479988098144531,4.479988098144531,4.479988098144531,0
1992-09-01,4.46528434753418,4.46528434753418,4.46528434753418,4.46528434753418,0
1992-09-02,4.484889984130859,4.484889984130859,4.484889984130859,4.484889984130859,0
1992-09-03,4.533905506134033,4.533905506134033,4.533905506134033,4.533905506134033,0
1992-09-04,4.558413028717041,4.558413028717041,4.558413028717041,4.558413028717041,0
1992-09-07,4.617231369018555,4.617231369018555,4.617231369018555,4.617231369018555,0
1992-09-08,4.6319355964660645,4.6319355964660645,4.6319355964660645,4.6319355964660645,0
1992-09-09,4.597625732421875,4.597625732421875,4.597625732421875,4.597625732421875,0
1992-09-10,4.627035140991211,4.627035140991211,4.627035140991211,4.627035140991211,0
1992-09-11,4.700557231903076,4.700557231903076,4.700557231903076,4.700557231903076,0
1992-09-14,4.8328986167907715,4.8328986167907715,4.8328986167907715,4.8328986167907715,0
1992-09-15,4.788785457611084,4.788785457611084,4.788785457611084,4.788785457611084,0
1992-09-16,4.837800025939941,4.837800025939941,4.837800025939941,4.837800025939941,0
1992-09-17,4.881913185119629,4.881913185119629,4.881913185119629,4.881913185119629,0
1992-09-18,4.896618366241455,4.896618366241455,4.896618366241455,4.896618366241455,0
1992-09-21,4.8427019119262695,4.8427019119262695,4.8427019119262695,4.8427019119262695,0
1992-09-22,4.862307548522949,4.862307548522949,4.862307548522949,4.862307548522949,0
1992-09-23,4.862307548522949,4.862307548522949,4.862307548522949,4.862307548522949,0
1992-09-24,4.857406139373779,4.857406139373779,4.857406139373779,4.857406139373779,0
1992-09-25,4.852504730224609,4.852504730224609,4.852504730224609,4.852504730224609,0
1992-09-28,4.788785457611084,4.788785457611084,4.788785457611084,4.788785457611084,0
1992-09-29,4.8034892082214355,4.8034892082214355,4.8034892082214355,4.8034892082214355,0
1992-09-30,4.8427019119262695,4.8427019119262695,4.8427019119262695,4.8427019119262695,0
1992-10-01,4.8721113204956055,4.8721113204956055,4.8721113204956055,4.8721113204956055,0
1992-10-02,4.813291072845459,4.813291072845459,4.813291072845459,4.813291072845459,0
1992-10-05,4.6417388916015625,4.6417388916015625,4.6417388916015625,4.6417388916015625,0
1992-10-06,4.69565486907959,4.69565486907959,4.69565486907959,4.69565486907959,0
1992-10-07,4.744671821594238,4.744671821594238,4.744671821594238,4.744671821594238,0
1992-10-08,4.8034892082214355,4.8034892082214355,4.8034892082214355,4.8034892082214355,0
1992-10-09,4.813291072845459,4.813291072845459,4.813291072845459,4.813291072845459,0
1992-10-12,4.813291072845459,4.813291072845459,4.813291072845459,4.813291072845459,0
1992-10-13,4.8427019119262695,4.8427019119262695,4.8427019119262695,4.8427019119262695,0
1992-10-14,4.862307548522949,4.862307548522949,4.862307548522949,4.862307548522949,0
1992-10-15,4.852504730224609,4.852504730224609,4.852504730224609,4.852504730224609,0
1992-10-16,4.896618366241455,4.896618366241455,4.896618366241455,4.896618366241455,0
1992-10-19,4.950535774230957,4.950535774230957,4.950535774230957,4.950535774230957,0
1992-10-20,4.975041389465332,4.975041389465332,4.975041389465332,4.975041389465332,0
1992-10-21,4.940732002258301,4.940732002258301,4.940732002258301,4.940732002258301,0
1992-10-22,4.960338592529297,4.960338592529297,4.960338592529297,4.960338592529297,0
1992-10-23,4.999549865722656,4.999549865722656,4.999549865722656,4.999549865722656,0
1992-10-26,5.0338616371154785,5.0338616371154785,5.0338616371154785,5.0338616371154785,0
1992-10-27,5.0338616371154785,5.0338616371154785,5.0338616371154785,5.0338616371154785,0
1992-10-28,4.999549865722656,4.999549865722656,4.999549865722656,4.999549865722656,0
1992-10-29,5.014254093170166,5.014254093170166,5.014254093170166,5.014254093170166,0
1992-10-30,5.024057865142822,5.024057865142822,5.024057865142822,5.024057865142822,0
1992-11-02,5.0730743408203125,5.0730743408203125,5.0730743408203125,5.0730743408203125,0
1992-11-03,5.146595478057861,5.146595478057861,5.146595478057861,5.146595478057861,0
1992-11-04,5.220118045806885,5.220118045806885,5.220118045806885,5.220118045806885,0
1992-11-05,5.234823703765869,5.234823703765869,5.234823703765869,5.234823703765869,0
1992-11-06,5.293642044067383,5.293642044067383,5.293642044067383,5.293642044067383,0
1992-11-09,5.249528408050537,5.249528408050537,5.249528408050537,5.249528408050537,0
1992-11-10,5.244626522064209,5.244626522064209,5.244626522064209,5.244626522064209,0
1992-11-11,5.195610523223877,5.195610523223877,5.195610523223877,5.195610523223877,0
1992-11-12,5.185807704925537,5.185807704925537,5.185807704925537,5.185807704925537,0
1992-11-13,5.082877159118652,5.082877159118652,5.082877159118652,5.082877159118652,0
1992-11-16,5.024057865142822,5.024057865142822,5.024057865142822,5.024057865142822,0
1992-11-17,4.950535774230957,4.950535774230957,4.950535774230957,4.950535774230957,0
1992-11-18,4.935831069946289,4.935831069946289,4.935831069946289,4.935831069946289,0
1992-11-19,4.960338592529297,4.960338592529297,4.960338592529297,4.960338592529297,0
1992-11-20,4.975041389465332,4.975041389465332,4.975041389465332,4.975041389465332,0
1992-11-23,4.999549865722656,4.999549865722656,4.999549865722656,4.999549865722656,0
1992-11-24,4.960338592529297,4.960338592529297,4.960338592529297,4.960338592529297,0
1992-11-25,4.9946489334106445,4.9946489334106445,4.9946489334106445,4.9946489334106445,0
1992-11-26,5.014254093170166,5.014254093170166,5.014254093170166,5.014254093170166,0
1992-11-27,5.146595478057861,5.146595478057861,5.146595478057861,5.146595478057861,0
1992-11-30,5.220118045806885,5.220118045806885,5.220118045806885,5.220118045806885,0
1992-12-01,5.220118045806885,5.220118045806885,5.220118045806885,5.220118045806885,0
1992-12-02,5.1711039543151855,5.1711039543151855,5.1711039543151855,5.1711039543151855,0
1992-12-03,5.210315704345703,5.210315704345703,5.210315704345703,5.210315704345703,0
1992-12-04,5.244626522064209,5.244626522064209,5.244626522064209,5.244626522064209,0
1992-12-07,5.318147659301758,5.318147659301758,5.318147659301758,5.318147659301758,0
1992-12-08,5.298543930053711,5.298543930053711,5.298543930053711,5.298543930053711,0
1992-12-09,5.36716365814209,5.36716365814209,5.36716365814209,5.36716365814209,0
1992-12-10,5.36716365814209,5.36716365814209,5.36716365814209,5.36716365814209,0
1992-12-11,5.416179656982422,5.416179656982422,5.416179656982422,5.416179656982422,0
1992-12-14,5.5044074058532715,5.5044074058532715,5.5044074058532715,5.5044074058532715,0
1992-12-15,5.4798994064331055,5.4798994064331055,5.4798994064331055,5.4798994064331055,0
1992-12-16,5.538717746734619,5.538717746734619,5.538717746734619,5.538717746734619,0
1992-12-17,5.573028087615967,5.573028087615967,5.573028087615967,5.573028087615967,0
1992-12-18,5.626944541931152,5.626944541931152,5.626944541931152,5.626944541931152,0
1992-12-21,5.587731838226318,5.587731838226318,5.587731838226318,5.587731838226318,0
1992-12-22,5.57792854309082,5.57792854309082,5.57792854309082,5.57792854309082,0
1992-12-23,5.538717746734619,5.538717746734619,5.538717746734619,5.538717746734619,0
1992-12-24,5.538717746734619,5.538717746734619,5.538717746734619,5.538717746734619,0
1992-12-25,5.538717746734619,5.538717746734619,5.538717746734619,5.538717746734619,0
1992-12-28,5.5632243156433105,5.5632243156433105,5.5632243156433105,5.5632243156433105,0
1992-12-29,5.587731838226318,5.587731838226318,5.587731838226318,5.587731838226318,0
1992-12-30,5.710270404815674,5.710270404815674,5.710270404815674,5.710270404815674,0
1992-12-31,5.710270404815674,5.710270404815674,5.710270404815674,5.710270404815674,0
1993-01-01,5.710270404815674,5.710270404815674,5.710270404815674,5.710270404815674,0
1993-01-04,5.695566177368164,5.695566177368164,5.695566177368164,5.695566177368164,0
1993-01-05,5.759284973144531,5.759284973144531,5.759284973144531,5.759284973144531,0
1993-01-06,5.754384994506836,5.754384994506836,5.754384994506836,5.754384994506836,0
1993-01-07,5.661256313323975,5.661256313323975,5.661256313323975,5.661256313323975,0
1993-01-08,5.538717746734619,5.538717746734619,5.538717746734619,5.538717746734619,0
1993-01-11,5.342657566070557,5.342657566070557,5.342657566070557,5.342657566070557,0
1993-01-12,5.391671657562256,5.391671657562256,5.391671657562256,5.391671657562256,0
1993-01-13,5.318147659301758,5.318147659301758,5.318147659301758,5.318147659301758,0
1993-01-14,5.416179656982422,5.416179656982422,5.416179656982422,5.416179656982422,0
1993-01-15,5.342657566070557,5.342657566070557,5.342657566070557,5.342657566070557,0
1993-01-18,5.269133567810059,5.269133567810059,5.269133567810059,5.269133567810059,0
1993-01-19,5.195610523223877,5.195610523223877,5.195610523223877,5.195610523223877,0
1993-01-20,5.195610523223877,5.195610523223877,5.195610523223877,5.195610523223877,0
1993-01-21,5.327951908111572,5.327951908111572,5.327951908111572,5.327951908111572,0
1993-01-22,5.36716365814209,5.36716365814209,5.36716365814209,5.36716365814209,0
1993-01-25,5.269133567810059,5.269133567810059,5.269133567810059,5.269133567810059,0
1993-01-26,5.195610523223877,5.195610523223877,5.195610523223877,5.195610523223877,0
1993-01-27,5.122088432312012,5.122088432312012,5.122088432312012,5.122088432312012,0
1993-01-28,5.195610523223877,5.195610523223877,5.195610523223877,5.195610523223877,0
1993-01-29,5.269133567810059,5.269133567810059,5.269133567810059,5.269133567810059,0
1993-02-01,5.401475429534912,5.401475429534912,5.401475429534912,5.401475429534912,0
1993-02-02,5.342657566070557,5.342657566070557,5.342657566070557,5.342657566070557,0
1993-02-03,5.293642044067383,5.293642044067383,5.293642044067383,5.293642044067383,0
1993-02-04,5.327951908111572,5.327951908111572,5.327951908111572,5.327951908111572,0
1993-02-05,5.342657566070557,5.342657566070557,5.342657566070557,5.342657566070557,0
1993-02-08,5.327951908111572,5.327951908111572,5.327951908111572,5.327951908111572,0
1993-02-09,5.308346271514893,5.308346271514893,5.308346271514893,5.308346271514893,0
1993-02-10,5.269133567810059,5.269133567810059,5.269133567810059,5.269133567810059,0
1993-02-11,5.293642044067383,5.293642044067383,5.293642044067383,5.293642044067383,0
1993-02-12,5.342657566070557,5.342657566070557,5.342657566070557,5.342657566070557,0
1993-02-15,5.416179656982422,5.416179656982422,5.416179656982422,5.416179656982422,0
1993-02-16,5.36716365814209,5.36716365814209,5.36716365814209,5.36716365814209,0
1993-02-17,5.332854270935059,5.332854270935059,5.332854270935059,5.332854270935059,0
1993-02-18,5.36716365814209,5.36716365814209,5.36716365814209,5.36716365814209,0
1993-02-19,5.327951908111572,5.327951908111572,5.327951908111572,5.327951908111572,0
1993-02-22,5.318147659301758,5.318147659301758,5.318147659301758,5.318147659301758,0
1993-02-23,5.293642044067383,5.293642044067383,5.293642044067383,5.293642044067383,0
1993-02-24,5.293642044067383,5.293642044067383,5.293642044067383,5.293642044067383,0
1993-02-25,5.293642044067383,5.293642044067383,5.293642044067383,5.293642044067383,0
1993-02-26,5.416179656982422,5.416179656982422,5.416179656982422,5.416179656982422,0
1993-03-01,5.489701271057129,5.489701271057129,5.489701271057129,5.489701271057129,0
1993-03-02,5.5632243156433105,5.5632243156433105,5.5632243156433105,5.5632243156433105,0
1993-03-03,5.646551132202148,5.646551132202148,5.646551132202148,5.646551132202148,0
1993-03-04,5.685763359069824,5.685763359069824,5.685763359069824,5.685763359069824,0
1993-03-05,5.626944541931152,5.626944541931152,5.626944541931152,5.626944541931152,0
1993-03-08,5.626944541931152,5.626944541931152,5.626944541931152,5.626944541931152,0
1993-03-09,5.675959587097168,5.675959587097168,5.675959587097168,5.675959587097168,0
1993-03-10,5.710270404815674,5.710270404815674,5.710270404815674,5.710270404815674,0
1993-03-11,5.783793926239014,5.783793926239014,5.783793926239014,5.783793926239014,0
1993-03-12,5.612238883972168,5.612238883972168,5.612238883972168,5.612238883972168,0
1993-03-15,5.710270404815674,5.710270404815674,5.710270404815674,5.710270404815674,0
1993-03-16,5.710270404815674,5.710270404815674,5.710270404815674,5.710270404815674,0
1993-03-17,5.67105770111084,5.67105770111084,5.67105770111084,5.67105770111084,0
1993-03-18,5.700466632843018,5.700466632843018,5.700466632843018,5.700466632843018,0
1993-03-19,5.832808494567871,5.832808494567871,5.832808494567871,5.832808494567871,0
1993-03-22,5.773990631103516,5.773990631103516,5.773990631103516,5.773990631103516,0
1993-03-23,5.808300018310547,5.808300018310547,5.808300018310547,5.808300018310547,0
1993-03-24,5.685763359069824,5.685763359069824,5.685763359069824,5.685763359069824,0
1993-03-25,5.661256313323975,5.661256313323975,5.661256313323975,5.661256313323975,0
1993-03-26,5.685763359069824,5.685763359069824,5.685763359069824,5.685763359069824,0
1993-03-29,5.734777927398682,5.734777927398682,5.734777927398682,5.734777927398682,0
1993-03-30,5.813201427459717,5.813201427459717,5.813201427459717,5.813201427459717,0
1993-03-31,5.832808494567871,5.832808494567871,5.832808494567871,5.832808494567871,0
1993-04-01,5.867117881774902,5.867117881774902,5.867117881774902,5.867117881774902,0
1993-04-02,5.867117881774902,5.867117881774902,5.867117881774902,5.867117881774902,0
1993-04-05,5.8475141525268555,5.8475141525268555,5.8475141525268555,5.8475141525268555,0
1993-04-06,5.8475141525268555,5.8475141525268555,5.8475141525268555,5.8475141525268555,0
1993-04-07,5.710270404815674,5.710270404815674,5.710270404815674,5.710270404815674,0
1993-04-08,5.7249755859375,5.7249755859375,5.7249755859375,5.7249755859375,0
1993-04-09,5.7249755859375,5.7249755859375,5.7249755859375,5.7249755859375,0
1993-04-12,5.7249755859375,5.7249755859375,5.7249755859375,5.7249755859375,0
1993-04-13,5.661256313323975,5.661256313323975,5.661256313323975,5.661256313323975,0
1993-04-14,5.5632243156433105,5.5632243156433105,5.5632243156433105,5.5632243156433105,0
1993-04-15,5.553422451019287,5.553422451019287,5.553422451019287,5.553422451019287,0
1993-04-16,5.538717746734619,5.538717746734619,5.538717746734619,5.538717746734619,0
1993-04-19,5.519111633300781,5.519111633300781,5.519111633300781,5.519111633300781,0
1993-04-20,5.499505043029785,5.499505043029785,5.499505043029785,5.499505043029785,0
1993-04-21,5.514210224151611,5.514210224151611,5.514210224151611,5.514210224151611,0
1993-04-22,5.5044074058532715,5.5044074058532715,5.5044074058532715,5.5044074058532715,0
1993-04-23,5.445589065551758,5.445589065551758,5.445589065551758,5.445589065551758,0
1993-04-26,5.416179656982422,5.416179656982422,5.416179656982422,5.416179656982422,0
1993-04-27,5.342657566070557,5.342657566070557,5.342657566070557,5.342657566070557,0
1993-04-28,5.34755802154541,5.34755802154541,5.34755802154541,5.34755802154541,0
1993-04-29,5.283838748931885,5.283838748931885,5.283838748931885,5.283838748931885,0
1993-04-30,5.244626522064209,5.244626522064209,5.244626522064209,5.244626522064209,0
1993-05-03,5.269133567810059,5.269133567810059,5.269133567810059,5.269133567810059,0
1993-05-04,5.357360363006592,5.357360363006592,5.357360363006592,5.357360363006592,0
1993-05-05,5.406376361846924,5.406376361846924,5.406376361846924,5.406376361846924,0
1993-05-06,5.357360363006592,5.357360363006592,5.357360363006592,5.357360363006592,0
1993-05-07,5.293642044067383,5.293642044067383,5.293642044067383,5.293642044067383,0
1993-05-10,5.342657566070557,5.342657566070557,5.342657566070557,5.342657566070557,0
1993-05-11,5.440687656402588,5.440687656402588,5.440687656402588,5.440687656402588,0
1993-05-12,5.499505043029785,5.499505043029785,5.499505043029785,5.499505043029785,0
1993-05-13,5.4504899978637695,5.4504899978637695,5.4504899978637695,5.4504899978637695,0
1993-05-14,5.416179656982422,5.416179656982422,5.416179656982422,5.416179656982422,0
1993-05-17,5.465195178985596,5.465195178985596,5.465195178985596,5.465195178985596,0
1993-05-18,5.5289130210876465,5.5289130210876465,5.5289130210876465,5.5289130210876465,0
1993-05-19,5.548521041870117,5.548521041870117,5.548521041870117,5.548521041870117,0
1993-05-20,5.548521041870117,5.548521041870117,5.548521041870117,5.548521041870117,0
1993-05-21,5.587731838226318,5.587731838226318,5.587731838226318,5.587731838226318,0
1993-05-24,5.57792854309082,5.57792854309082,5.57792854309082,5.57792854309082,0
1993-05-25,5.5632243156433105,5.5632243156433105,5.5632243156433105,5.5632243156433105,0
1993-05-26,5.509307384490967,5.509307384490967,5.509307384490967,5.509307384490967,0
1993-05-27,5.465195178985596,5.465195178985596,5.465195178985596,5.465195178985596,0
1993-05-28,5.538717746734619,5.538717746734619,5.538717746734619,5.538717746734619,0
1993-05-31,5.538717746734619,5.538717746734619,5.538717746734619,5.538717746734619,0
1993-06-01,5.43088436126709,5.43088436126709,5.43088436126709,5.43088436126709,0
1993-06-02,5.43088436126709,5.43088436126709,5.43088436126709,5.43088436126709,0
1993-06-03,5.416179656982422,5.416179656982422,5.416179656982422,5.416179656982422,0
1993-06-04,5.455392360687256,5.455392360687256,5.455392360687256,5.455392360687256,0
1993-06-07,5.538717746734619,5.538717746734619,5.538717746734619,5.538717746734619,0
1993-06-08,5.489701271057129,5.489701271057129,5.489701271057129,5.489701271057129,0
1993-06-09,5.489701271057129,5.489701271057129,5.489701271057129,5.489701271057129,0
1993-06-10,5.440687656402588,5.440687656402588,5.440687656402588,5.440687656402588,0
1993-06-11,5.440687656402588,5.440687656402588,5.440687656402588,5.440687656402588,0
1993-06-14,5.391671657562256,5.391671657562256,5.391671657562256,5.391671657562256,0
1993-06-15,5.352459907531738,5.352459907531738,5.352459907531738,5.352459907531738,0
1993-06-16,5.421081066131592,5.421081066131592,5.421081066131592,5.421081066131592,0
1993-06-17,5.5044074058532715,5.5044074058532715,5.5044074058532715,5.5044074058532715,0
1993-06-18,5.5044074058532715,5.5044074058532715,5.5044074058532715,5.5044074058532715,0
1993-06-21,5.5289130210876465,5.5289130210876465,5.5289130210876465,5.5289130210876465,0
1993-06-22,5.558323383331299,5.558323383331299,5.558323383331299,5.558323383331299,0
1993-06-23,5.465195178985596,5.465195178985596,5.465195178985596,5.465195178985596,0
1993-06-24,5.489701271057129,5.489701271057129,5.489701271057129,5.489701271057129,0
1993-06-25,5.533815383911133,5.533815383911133,5.533815383911133,5.533815383911133,0
1993-06-28,5.622043609619141,5.622043609619141,5.622043609619141,5.622043609619141,0
1993-06-29,5.622043609619141,5.622043609619141,5.622043609619141,5.622043609619141,0
1993-06-30,5.597534656524658,5.597534656524658,5.597534656524658,5.597534656524658,0
1993-07-01,5.5926337242126465,5.5926337242126465,5.5926337242126465,5.5926337242126465,0
1993-07-02,5.553422451019287,5.553422451019287,5.553422451019287,5.553422451019287,0
1993-07-05,5.538717746734619,5.538717746734619,5.538717746734619,5.538717746734619,0
1993-07-06,5.470096111297607,5.470096111297607,5.470096111297607,5.470096111297607,0
1993-07-07,5.337754726409912,5.337754726409912,5.337754726409912,5.337754726409912,0
1993-07-08,5.41127872467041,5.41127872467041,5.41127872467041,5.41127872467041,0
1993-07-09,5.43088436126709,5.43088436126709,5.43088436126709,5.43088436126709,0
1993-07-12,5.381868839263916,5.381868839263916,5.381868839263916,5.381868839263916,0
1993-07-13,5.34755802154541,5.34755802154541,5.34755802154541,5.34755802154541,0
1993-07-14,5.303444862365723,5.303444862365723,5.303444862365723,5.303444862365723,0
1993-07-15,5.239725112915039,5.239725112915039,5.239725112915039,5.239725112915039,0
1993-07-16,5.278936386108398,5.278936386108398,5.278936386108398,5.278936386108398,0
1993-07-19,5.269133567810059,5.269133567810059,5.269133567810059,5.269133567810059,0
1993-07-20,5.136792182922363,5.136792182922363,5.136792182922363,5.136792182922363,0
1993-07-21,5.0730743408203125,5.0730743408203125,5.0730743408203125,5.0730743408203125,0
1993-07-22,5.028959274291992,5.028959274291992,5.028959274291992,5.028959274291992,0
1993-07-23,5.028959274291992,5.028959274291992,5.028959274291992,5.028959274291992,0
1993-07-26,5.068172454833984,5.068172454833984,5.068172454833984,5.068172454833984,0
1993-07-27,5.1711039543151855,5.1711039543151855,5.1711039543151855,5.1711039543151855,0
1993-07-28,5.156397819519043,5.156397819519043,5.156397819519043,5.156397819519043,0
1993-07-29,5.122088432312012,5.122088432312012,5.122088432312012,5.122088432312012,0
1993-07-30,5.146595478057861,5.146595478057861,5.146595478057861,5.146595478057861,0
1993-08-02,5.13189172744751,5.13189172744751,5.13189172744751,5.13189172744751,0
1993-08-03,5.166202545166016,5.166202545166016,5.166202545166016,5.166202545166016,0
1993-08-04,5.087778568267822,5.087778568267822,5.087778568267822,5.087778568267822,0
1993-08-05,4.9848456382751465,4.9848456382751465,4.9848456382751465,4.9848456382751465,0
1993-08-06,4.9946489334106445,4.9946489334106445,4.9946489334106445,4.9946489334106445,0
1993-08-09,5.058368682861328,5.058368682861328,5.058368682861328,5.058368682861328,0
1993-08-10,5.0485663414001465,5.0485663414001465,5.0485663414001465,5.0485663414001465,0
1993-08-11,5.092679500579834,5.092679500579834,5.092679500579834,5.092679500579834,0
1993-08-12,5.1711039543151855,5.1711039543151855,5.1711039543151855,5.1711039543151855,0
1993-08-13,5.283838748931885,5.283838748931885,5.283838748931885,5.283838748931885,0
1993-08-16,5.386769771575928,5.386769771575928,5.386769771575928,5.386769771575928,0
1993-08-17,5.36716365814209,5.36716365814209,5.36716365814209,5.36716365814209,0
1993-08-18,5.41127872467041,5.41127872467041,5.41127872467041,5.41127872467041,0
1993-08-19,5.401475429534912,5.401475429534912,5.401475429534912,5.401475429534912,0
1993-08-20,5.391671657562256,5.391671657562256,5.391671657562256,5.391671657562256,0
1993-08-23,5.357360363006592,5.357360363006592,5.357360363006592,5.357360363006592,0
1993-08-24,5.391671657562256,5.391671657562256,5.391671657562256,5.391671657562256,0
1993-08-25,5.4798994064331055,5.4798994064331055,5.4798994064331055,5.4798994064331055,0
1993-08-26,5.396572589874268,5.396572589874268,5.396572589874268,5.396572589874268,0
1993-08-27,5.41127872467041,5.41127872467041,5.41127872467041,5.41127872467041,0
1993-08-30,5.421081066131592,5.421081066131592,5.421081066131592,5.421081066131592,0
1993-08-31,5.43088436126709,5.43088436126709,5.43088436126709,5.43088436126709,0
1993-09-01,5.352459907531738,5.352459907531738,5.352459907531738,5.352459907531738,0
1993-09-02,5.313247203826904,5.313247203826904,5.313247203826904,5.313247203826904,0
1993-09-03,5.278936386108398,5.278936386108398,5.278936386108398,5.278936386108398,0
1993-09-06,5.210315704345703,5.210315704345703,5.210315704345703,5.210315704345703,0
1993-09-07,5.254429817199707,5.254429817199707,5.254429817199707,5.254429817199707,0
1993-09-08,5.254429817199707,5.254429817199707,5.254429817199707,5.254429817199707,0
1993-09-09,5.239725112915039,5.239725112915039,5.239725112915039,5.239725112915039,0
1993-09-10,5.161301136016846,5.161301136016846,5.161301136016846,5.161301136016846,0
1993-09-13,5.156397819519043,5.156397819519043,5.156397819519043,5.156397819519043,0
1993-09-14,5.205413818359375,5.205413818359375,5.205413818359375,5.205413818359375,0
1993-09-15,5.0975799560546875,5.0975799560546875,5.0975799560546875,5.0975799560546875,0
1993-09-16,5.180905342102051,5.180905342102051,5.180905342102051,5.180905342102051,0
1993-09-17,5.180905342102051,5.180905342102051,5.180905342102051,5.180905342102051,0
1993-09-20,5.259329795837402,5.259329795837402,5.259329795837402,5.259329795837402,0
1993-09-21,5.239725112915039,5.239725112915039,5.239725112915039,5.239725112915039,0
1993-09-22,5.210315704345703,5.210315704345703,5.210315704345703,5.210315704345703,0
1993-09-23,5.210315704345703,5.210315704345703,5.210315704345703,5.210315704345703,0
1993-09-24,5.215217113494873,5.215217113494873,5.215217113494873,5.215217113494873,0
1993-09-27,5.288740158081055,5.288740158081055,5.288740158081055,5.288740158081055,0
1993-09-28,5.337754726409912,5.337754726409912,5.337754726409912,5.337754726409912,0
1993-09-29,5.381868839263916,5.381868839263916,5.381868839263916,5.381868839263916,0
1993-09-30,5.34755802154541,5.34755802154541,5.34755802154541,5.34755802154541,0
1993-10-01,5.36226224899292,5.36226224899292,5.36226224899292,5.36226224899292,0
1993-10-04,5.401475429534912,5.401475429534912,5.401475429534912,5.401475429534912,0
1993-10-05,5.440687656402588,5.440687656402588,5.440687656402588,5.440687656402588,0
1993-10-06,5.455392360687256,5.455392360687256,5.455392360687256,5.455392360687256,0
1993-10-07,5.43578577041626,5.43578577041626,5.43578577041626,5.43578577041626,0
1993-10-08,5.43088436126709,5.43088436126709,5.43088436126709,5.43088436126709,0
1993-10-11,5.416179656982422,5.416179656982422,5.416179656982422,5.416179656982422,0
1993-10-12,5.406376361846924,5.406376361846924,5.406376361846924,5.406376361846924,0
1993-10-13,5.484800815582275,5.484800815582275,5.484800815582275,5.484800815582275,0
1993-10-14,5.597534656524658,5.597534656524658,5.597534656524658,5.597534656524658,0
1993-10-15,5.65635347366333,5.65635347366333,5.65635347366333,5.65635347366333,0
1993-10-18,5.744582176208496,5.744582176208496,5.744582176208496,5.744582176208496,0
1993-10-19,5.749483585357666,5.749483585357666,5.749483585357666,5.749483585357666,0
1993-10-20,5.798496723175049,5.798496723175049,5.798496723175049,5.798496723175049,0
1993-10-21,5.842611789703369,5.842611789703369,5.842611789703369,5.842611789703369,0
1993-10-22,5.857315540313721,5.857315540313721,5.857315540313721,5.857315540313721,0
1993-10-25,5.837709426879883,5.837709426879883,5.837709426879883,5.837709426879883,0
1993-10-26,5.857315540313721,5.857315540313721,5.857315540313721,5.857315540313721,0
1993-10-27,5.867117881774902,5.867117881774902,5.867117881774902,5.867117881774902,0
1993-10-28,5.857315540313721,5.857315540313721,5.857315540313721,5.857315540313721,0
1993-10-29,5.813201427459717,5.813201427459717,5.813201427459717,5.813201427459717,0
1993-11-01,5.808300018310547,5.808300018310547,5.808300018310547,5.808300018310547,0
1993-11-02,5.837709426879883,5.837709426879883,5.837709426879883,5.837709426879883,0
1993-11-03,5.842611789703369,5.842611789703369,5.842611789703369,5.842611789703369,0
1993-11-04,5.754384994506836,5.754384994506836,5.754384994506836,5.754384994506836,0
1993-11-05,5.67105770111084,5.67105770111084,5.67105770111084,5.67105770111084,0
1993-11-08,5.680861473083496,5.680861473083496,5.680861473083496,5.680861473083496,0
1993-11-09,5.749483585357666,5.749483585357666,5.749483585357666,5.749483585357666,0
1993-11-10,5.813201427459717,5.813201427459717,5.813201427459717,5.813201427459717,0
1993-11-11,5.7690911293029785,5.7690911293029785,5.7690911293029785,5.7690911293029785,0
1993-11-12,5.7298760414123535,5.7298760414123535,5.7298760414123535,5.7298760414123535,0
1993-11-15,5.720071315765381,5.720071315765381,5.720071315765381,5.720071315765381,0
1993-11-16,5.710270404815674,5.710270404815674,5.710270404815674,5.710270404815674,0
1993-11-17,5.705369472503662,5.705369472503662,5.705369472503662,5.705369472503662,0
1993-11-18,5.710270404815674,5.710270404815674,5.710270404815674,5.710270404815674,0
1993-11-19,5.7249755859375,5.7249755859375,5.7249755859375,5.7249755859375,0
1993-11-22,5.661256313323975,5.661256313323975,5.661256313323975,5.661256313323975,0
1993-11-23,5.734777927398682,5.734777927398682,5.734777927398682,5.734777927398682,0
1993-11-24,5.773990631103516,5.773990631103516,5.773990631103516,5.773990631103516,0
1993-11-25,5.813201427459717,5.813201427459717,5.813201427459717,5.813201427459717,0
1993-11-26,5.788693428039551,5.788693428039551,5.788693428039551,5.788693428039551,0
1993-11-29,5.734777927398682,5.734777927398682,5.734777927398682,5.734777927398682,0
1993-11-30,5.680861473083496,5.680861473083496,5.680861473083496,5.680861473083496,0
1993-12-01,5.754384994506836,5.754384994506836,5.754384994506836,5.754384994506836,0
1993-12-02,5.813201427459717,5.813201427459717,5.813201427459717,5.813201427459717,0
1993-12-03,5.921034812927246,5.921034812927246,5.921034812927246,5.921034812927246,0
1993-12-06,5.979854583740234,5.979854583740234,5.979854583740234,5.979854583740234,0
1993-12-07,5.9749531745910645,5.9749531745910645,5.9749531745910645,5.9749531745910645,0
1993-12-08,6.004361629486084,6.004361629486084,6.004361629486084,6.004361629486084,0
1993-12-09,6.107293605804443,6.107293605804443,6.107293605804443,6.107293605804443,0
1993-12-10,6.126897811889648,6.126897811889648,6.126897811889648,6.126897811889648,0
1993-12-13,6.151407718658447,6.151407718658447,6.151407718658447,6.151407718658447,0
1993-12-14,6.131801605224609,6.131801605224609,6.131801605224609,6.131801605224609,0
1993-12-15,6.0631794929504395,6.0631794929504395,6.0631794929504395,6.0631794929504395,0
1993-12-16,6.068081855773926,6.068081855773926,6.068081855773926,6.068081855773926,0
1993-12-17,6.146505832672119,6.146505832672119,6.146505832672119,6.146505832672119,0
1993-12-20,6.175914287567139,6.175914287567139,6.175914287567139,6.175914287567139,0
1993-12-21,6.117096900939941,6.117096900939941,6.117096900939941,6.117096900939941,0
1993-12-22,6.126897811889648,6.126897811889648,6.126897811889648,6.126897811889648,0
1993-12-23,6.259240627288818,6.259240627288818,6.259240627288818,6.259240627288818,0
1993-12-24,6.259240627288818,6.259240627288818,6.259240627288818,6.259240627288818,0
1993-12-27,6.293552398681641,6.293552398681641,6.293552398681641,6.293552398681641,0
1993-12-28,6.244536876678467,6.244536876678467,6.244536876678467,6.244536876678467,0
1993-12-29,6.229832649230957,6.229832649230957,6.229832649230957,6.229832649230957,0
1993-12-30,6.288650989532471,6.288650989532471,6.288650989532471,6.288650989532471,0
1993-12-31,6.288650989532471,6.288650989532471,6.288650989532471,6.288650989532471,0
1994-01-03,6.32786226272583,6.32786226272583,6.32786226272583,6.32786226272583,0
1994-01-04,6.32786226272583,6.32786226272583,6.32786226272583,6.32786226272583,0
1994-01-05,6.376876354217529,6.376876354217529,6.376876354217529,6.376876354217529,0
1994-01-06,6.445498943328857,6.445498943328857,6.445498943328857,6.445498943328857,0
1994-01-07,6.582742214202881,6.582742214202881,6.582742214202881,6.582742214202881,0
1994-01-10,6.504317760467529,6.504317760467529,6.504317760467529,6.504317760467529,0
1994-01-11,6.523924350738525,6.523924350738525,6.523924350738525,6.523924350738525,0
1994-01-12,6.494514465332031,6.494514465332031,6.494514465332031,6.494514465332031,0
1994-01-13,6.430793285369873,6.430793285369873,6.430793285369873,6.430793285369873,0
1994-01-14,6.504317760467529,6.504317760467529,6.504317760467529,6.504317760467529,0
1994-01-17,6.5141191482543945,6.5141191482543945,6.5141191482543945,6.5141191482543945,0
1994-01-18,6.519021034240723,6.519021034240723,6.519021034240723,6.519021034240723,0
1994-01-19,6.5288238525390625,6.5288238525390625,6.5288238525390625,6.5288238525390625,0
1994-01-20,6.484709739685059,6.484709739685059,6.484709739685059,6.484709739685059,0
1994-01-21,6.489611625671387,6.489611625671387,6.489611625671387,6.489611625671387,0
1994-01-24,6.5141191482543945,6.5141191482543945,6.5141191482543945,6.5141191482543945,0
1994-01-25,6.592543601989746,6.592543601989746,6.592543601989746,6.592543601989746,0
1994-01-26,6.700377464294434,6.700377464294434,6.700377464294434,6.700377464294434,0
1994-01-27,6.783703804016113,6.783703804016113,6.783703804016113,6.783703804016113,0
1994-01-28,6.901338577270508,6.901338577270508,6.901338577270508,6.901338577270508,0
1994-01-31,6.989567279815674,6.989567279815674,6.989567279815674,6.989567279815674,0
1994-02-01,6.901338577270508,6.901338577270508,6.901338577270508,6.901338577270508,0
1994-02-02,6.837619304656982,6.837619304656982,6.837619304656982,6.837619304656982,0
1994-02-03,6.8131103515625,6.8131103515625,6.8131103515625,6.8131103515625,0
1994-02-04,6.8131103515625,6.8131103515625,6.8131103515625,6.8131103515625,0
1994-02-07,6.661168098449707,6.661168098449707,6.661168098449707,6.661168098449707,0
1994-02-08,6.651362419128418,6.651362419128418,6.651362419128418,6.651362419128418,0
1994-02-09,6.592543601989746,6.592543601989746,6.592543601989746,6.592543601989746,0
1994-02-10,6.533725738525391,6.533725738525391,6.533725738525391,6.533725738525391,0
1994-02-11,6.484709739685059,6.484709739685059,6.484709739685059,6.484709739685059,0
1994-02-14,6.3915815353393555,6.3915815353393555,6.3915815353393555,6.3915815353393555,0
1994-02-15,6.494514465332031,6.494514465332031,6.494514465332031,6.494514465332031,0
1994-02-16,6.592543601989746,6.592543601989746,6.592543601989746,6.592543601989746,0
1994-02-17,6.690574645996094,6.690574645996094,6.690574645996094,6.690574645996094,0
1994-02-18,6.61705207824707,6.61705207824707,6.61705207824707,6.61705207824707,0
1994-02-21,6.558233261108398,6.558233261108398,6.558233261108398,6.558233261108398,0
1994-02-22,6.519021034240723,6.519021034240723,6.519021034240723,6.519021034240723,0
1994-02-23,6.607247829437256,6.607247829437256,6.607247829437256,6.607247829437256,0
1994-02-24,6.35236930847168,6.35236930847168,6.35236930847168,6.35236930847168,0
1994-02-25,6.362171649932861,6.362171649932861,6.362171649932861,6.362171649932861,0
1994-02-28,6.288650989532471,6.288650989532471,6.288650989532471,6.288650989532471,0
1994-03-01,6.175914287567139,6.175914287567139,6.175914287567139,6.175914287567139,0
1994-03-02,6.043573379516602,6.043573379516602,6.043573379516602,6.043573379516602,0
1994-03-03,6.0631794929504395,6.0631794929504395,6.0631794929504395,6.0631794929504395,0
1994-03-04,6.1612114906311035,6.1612114906311035,6.1612114906311035,6.1612114906311035,0
1994-03-07,6.229832649230957,6.229832649230957,6.229832649230957,6.229832649230957,0
1994-03-08,6.200422286987305,6.200422286987305,6.200422286987305,6.200422286987305,0
1994-03-09,6.1367034912109375,6.1367034912109375,6.1367034912109375,6.1367034912109375,0
1994-03-10,6.190618991851807,6.190618991851807,6.190618991851807,6.190618991851807,0
1994-03-11,6.11219596862793,6.11219596862793,6.11219596862793,6.11219596862793,0
1994-03-14,6.195520877838135,6.195520877838135,6.195520877838135,6.195520877838135,0
1994-03-15,6.2494378089904785,6.2494378089904785,6.2494378089904785,6.2494378089904785,0
1994-03-16,6.215126037597656,6.215126037597656,6.215126037597656,6.215126037597656,0
1994-03-17,6.131801605224609,6.131801605224609,6.131801605224609,6.131801605224609,0
1994-03-18,6.072982311248779,6.072982311248779,6.072982311248779,6.072982311248779,0
1994-03-21,5.984755516052246,5.984755516052246,5.984755516052246,5.984755516052246,0
1994-03-22,6.038671016693115,6.038671016693115,6.038671016693115,6.038671016693115,0
1994-03-23,6.019064426422119,6.019064426422119,6.019064426422119,6.019064426422119,0
1994-03-24,5.955347537994385,5.955347537994385,5.955347537994385,5.955347537994385,0
1994-03-25,5.940642833709717,5.940642833709717,5.940642833709717,5.940642833709717,0
1994-03-28,5.999459266662598,5.999459266662598,5.999459266662598,5.999459266662598,0
1994-03-29,5.955347537994385,5.955347537994385,5.955347537994385,5.955347537994385,0
1994-03-30,5.891627788543701,5.891627788543701,5.891627788543701,5.891627788543701,0
1994-03-31,5.827907085418701,5.827907085418701,5.827907085418701,5.827907085418701,0
1994-04-01,5.827907085418701,5.827907085418701,5.827907085418701,5.827907085418701,0
1994-04-04,5.827907085418701,5.827907085418701,5.827907085418701,5.827907085418701,0
1994-04-05,5.827907085418701,5.827907085418701,5.827907085418701,5.827907085418701,0
1994-04-06,5.857315540313721,5.857315540313721,5.857315540313721,5.857315540313721,0
1994-04-07,5.930838108062744,5.930838108062744,5.930838108062744,5.930838108062744,0
1994-04-08,5.97005033493042,5.97005033493042,5.97005033493042,5.97005033493042,0
1994-04-11,6.053376197814941,6.053376197814941,6.053376197814941,6.053376197814941,0
1994-04-12,6.1367034912109375,6.1367034912109375,6.1367034912109375,6.1367034912109375,0
1994-04-13,6.1219987869262695,6.1219987869262695,6.1219987869262695,6.1219987869262695,0
1994-04-14,6.0484747886657715,6.0484747886657715,6.0484747886657715,6.0484747886657715,0
1994-04-15,6.1219987869262695,6.1219987869262695,6.1219987869262695,6.1219987869262695,0
1994-04-18,6.117096900939941,6.117096900939941,6.117096900939941,6.117096900939941,0
1994-04-19,6.077884197235107,6.077884197235107,6.077884197235107,6.077884197235107,0
1994-04-20,6.053376197814941,6.053376197814941,6.053376197814941,6.053376197814941,0
1994-04-21,5.989656925201416,5.989656925201416,5.989656925201416,5.989656925201416,0
1994-04-22,5.999459266662598,5.999459266662598,5.999459266662598,5.999459266662598,0
1994-04-25,5.940642833709717,5.940642833709717,5.940642833709717,5.940642833709717,0
1994-04-26,5.921034812927246,5.921034812927246,5.921034812927246,5.921034812927246,0
1994-04-27,5.930838108062744,5.930838108062744,5.930838108062744,5.930838108062744,0
1994-04-28,5.808300018310547,5.808300018310547,5.808300018310547,5.808300018310547,0
1994-04-29,5.739678382873535,5.739678382873535,5.739678382873535,5.739678382873535,0
1994-05-02,5.832808494567871,5.832808494567871,5.832808494567871,5.832808494567871,0
1994-05-03,5.675959587097168,5.675959587097168,5.675959587097168,5.675959587097168,0
1994-05-04,5.675959587097168,5.675959587097168,5.675959587097168,5.675959587097168,0
1994-05-05,5.63674783706665,5.63674783706665,5.63674783706665,5.63674783706665,0
1994-05-06,5.543620586395264,5.543620586395264,5.543620586395264,5.543620586395264,0
1994-05-09,5.318147659301758,5.318147659301758,5.318147659301758,5.318147659301758,0
1994-05-10,5.460292816162109,5.460292816162109,5.460292816162109,5.460292816162109,0
1994-05-11,5.401475429534912,5.401475429534912,5.401475429534912,5.401475429534912,0
1994-05-12,5.401475429534912,5.401475429534912,5.401475429534912,5.401475429534912,0
1994-05-13,5.41127872467041,5.41127872467041,5.41127872467041,5.41127872467041,0
1994-05-16,5.474997520446777,5.474997520446777,5.474997520446777,5.474997520446777,0
1994-05-17,5.5632243156433105,5.5632243156433105,5.5632243156433105,5.5632243156433105,0
1994-05-18,5.597534656524658,5.597534656524658,5.597534656524658,5.597534656524658,0
1994-05-19,5.5632243156433105,5.5632243156433105,5.5632243156433105,5.5632243156433105,0
1994-05-20,5.5632243156433105,5.5632243156433105,5.5632243156433105,5.5632243156433105,0
1994-05-23,5.5632243156433105,5.5632243156433105,5.5632243156433105,5.5632243156433105,0
1994-05-24,5.489701271057129,5.489701271057129,5.489701271057129,5.489701271057129,0
1994-05-25,5.455392360687256,5.455392360687256,5.455392360687256,5.455392360687256,0
1994-05-26,5.5044074058532715,5.5044074058532715,5.5044074058532715,5.5044074058532715,0
1994-05-27,5.6073384284973145,5.6073384284973145,5.6073384284973145,5.6073384284973145,0
1994-05-30,5.646551132202148,5.646551132202148,5.646551132202148,5.646551132202148,0
1994-05-31,5.626944541931152,5.626944541931152,5.626944541931152,5.626944541931152,0
1994-06-01,5.63674783706665,5.63674783706665,5.63674783706665,5.63674783706665,0
1994-06-02,5.617140293121338,5.617140293121338,5.617140293121338,5.617140293121338,0
1994-06-03,5.622043609619141,5.622043609619141,5.622043609619141,5.622043609619141,0
1994-06-06,5.764188766479492,5.764188766479492,5.764188766479492,5.764188766479492,0
1994-06-07,5.7788920402526855,5.7788920402526855,5.7788920402526855,5.7788920402526855,0
1994-06-08,5.8867268562316895,5.8867268562316895,5.8867268562316895,5.8867268562316895,0
1994-06-09,5.857315540313721,5.857315540313721,5.857315540313721,5.857315540313721,0
1994-06-10,5.793596267700195,5.793596267700195,5.793596267700195,5.793596267700195,0
1994-06-13,5.788693428039551,5.788693428039551,5.788693428039551,5.788693428039551,0
1994-06-14,5.793596267700195,5.793596267700195,5.793596267700195,5.793596267700195,0
1994-06-15,5.685763359069824,5.685763359069824,5.685763359069824,5.685763359069824,0
1994-06-16,5.617140293121338,5.617140293121338,5.617140293121338,5.617140293121338,0
1994-06-17,5.553422451019287,5.553422451019287,5.553422451019287,5.553422451019287,0
1994-06-20,5.381868839263916,5.381868839263916,5.381868839263916,5.381868839263916,0
1994-06-21,5.342657566070557,5.342657566070557,5.342657566070557,5.342657566070557,0
1994-06-22,5.440687656402588,5.440687656402588,5.440687656402588,5.440687656402588,0
1994-06-23,5.474997520446777,5.474997520446777,5.474997520446777,5.474997520446777,0
1994-06-24,5.386769771575928,5.386769771575928,5.386769771575928,5.386769771575928,0
1994-06-27,5.391671657562256,5.391671657562256,5.391671657562256,5.391671657562256,0
1994-06-28,5.499505043029785,5.499505043029785,5.499505043029785,5.499505043029785,0
1994-06-29,5.553422451019287,5.553422451019287,5.553422451019287,5.553422451019287,0
1994-06-30,5.494603633880615,5.494603633880615,5.494603633880615,5.494603633880615,0
1994-07-01,5.474997520446777,5.474997520446777,5.474997520446777,5.474997520446777,0
1994-07-04,5.543620586395264,5.543620586395264,5.543620586395264,5.543620586395264,0
1994-07-05,5.470096111297607,5.470096111297607,5.470096111297607,5.470096111297607,0
1994-07-06,5.440687656402588,5.440687656402588,5.440687656402588,5.440687656402588,0
1994-07-07,5.440687656402588,5.440687656402588,5.440687656402588,5.440687656402588,0
1994-07-08,5.372066497802734,5.372066497802734,5.372066497802734,5.372066497802734,0
1994-07-11,5.372066497802734,5.372066497802734,5.372066497802734,5.372066497802734,0
1994-07-12,5.259329795837402,5.259329795837402,5.259329795837402,5.259329795837402,0
1994-07-13,5.244626522064209,5.244626522064209,5.244626522064209,5.244626522064209,0
1994-07-14,5.460292816162109,5.460292816162109,5.460292816162109,5.460292816162109,0
1994-07-15,5.396572589874268,5.396572589874268,5.396572589874268,5.396572589874268,0
1994-07-18,5.372066497802734,5.372066497802734,5.372066497802734,5.372066497802734,0
1994-07-19,5.421081066131592,5.421081066131592,5.421081066131592,5.421081066131592,0
1994-07-20,5.6073384284973145,5.6073384284973145,5.6073384284973145,5.6073384284973145,0
1994-07-21,5.734777927398682,5.734777927398682,5.734777927398682,5.734777927398682,0
1994-07-22,5.7788920402526855,5.7788920402526855,5.7788920402526855,5.7788920402526855,0
1994-07-25,5.710270404815674,5.710270404815674,5.710270404815674,5.710270404815674,0
1994-07-26,5.759284973144531,5.759284973144531,5.759284973144531,5.759284973144531,0
1994-07-27,5.626944541931152,5.626944541931152,5.626944541931152,5.626944541931152,0
1994-07-28,5.690664291381836,5.690664291381836,5.690664291381836,5.690664291381836,0
1994-07-29,5.749483585357666,5.749483585357666,5.749483585357666,5.749483585357666,0
1994-08-01,5.749483585357666,5.749483585357666,5.749483585357666,5.749483585357666,0
1994-08-02,5.872020244598389,5.872020244598389,5.872020244598389,5.872020244598389,0
1994-08-03,5.827907085418701,5.827907085418701,5.827907085418701,5.827907085418701,0
1994-08-04,5.818104267120361,5.818104267120361,5.818104267120361,5.818104267120361,0
1994-08-05,5.783793926239014,5.783793926239014,5.783793926239014,5.783793926239014,0
1994-08-08,5.842611789703369,5.842611789703369,5.842611789703369,5.842611789703369,0
1994-08-09,5.808300018310547,5.808300018310547,5.808300018310547,5.808300018310547,0
1994-08-10,5.793596267700195,5.793596267700195,5.793596267700195,5.793596267700195,0
1994-08-11,5.783793926239014,5.783793926239014,5.783793926239014,5.783793926239014,0
1994-08-12,5.7690911293029785,5.7690911293029785,5.7690911293029785,5.7690911293029785,0
1994-08-15,5.739678382873535,5.739678382873535,5.739678382873535,5.739678382873535,0
1994-08-16,5.813201427459717,5.813201427459717,5.813201427459717,5.813201427459717,0
1994-08-17,5.8475141525268555,5.8475141525268555,5.8475141525268555,5.8475141525268555,0
1994-08-18,5.837709426879883,5.837709426879883,5.837709426879883,5.837709426879883,0
1994-08-19,5.803400039672852,5.803400039672852,5.803400039672852,5.803400039672852,0
1994-08-22,5.783793926239014,5.783793926239014,5.783793926239014,5.783793926239014,0
1994-08-23,5.803400039672852,5.803400039672852,5.803400039672852,5.803400039672852,0
1994-08-24,5.852414608001709,5.852414608001709,5.852414608001709,5.852414608001709,0
1994-08-25,5.891627788543701,5.891627788543701,5.891627788543701,5.891627788543701,0
1994-08-26,6.023967266082764,6.023967266082764,6.023967266082764,6.023967266082764,0
1994-08-29,6.10239315032959,6.10239315032959,6.10239315032959,6.10239315032959,0
1994-08-30,6.023967266082764,6.023967266082764,6.023967266082764,6.023967266082764,0
1994-08-31,6.014163970947266,6.014163970947266,6.014163970947266,6.014163970947266,0
1994-09-01,5.940642833709717,5.940642833709717,5.940642833709717,5.940642833709717,0
1994-09-02,6.0631794929504395,6.0631794929504395,6.0631794929504395,6.0631794929504395,0
1994-09-05,6.038671016693115,6.038671016693115,6.038671016693115,6.038671016693115,0
1994-09-06,6.009262561798096,6.009262561798096,6.009262561798096,6.009262561798096,0
1994-09-07,6.019064426422119,6.019064426422119,6.019064426422119,6.019064426422119,0
1994-09-08,6.023967266082764,6.023967266082764,6.023967266082764,6.023967266082764,0
1994-09-09,5.965149879455566,5.965149879455566,5.965149879455566,5.965149879455566,0
1994-09-12,5.989656925201416,5.989656925201416,5.989656925201416,5.989656925201416,0
1994-09-13,6.0631794929504395,6.0631794929504395,6.0631794929504395,6.0631794929504395,0
1994-09-14,5.979854583740234,5.979854583740234,5.979854583740234,5.979854583740234,0
1994-09-15,5.960247993469238,5.960247993469238,5.960247993469238,5.960247993469238,0
1994-09-16,5.8867268562316895,5.8867268562316895,5.8867268562316895,5.8867268562316895,0
1994-09-19,5.95044469833374,5.95044469833374,5.95044469833374,5.95044469833374,0
1994-09-20,5.8769211769104,5.8769211769104,5.8769211769104,5.8769211769104,0
1994-09-21,5.862217426300049,5.862217426300049,5.862217426300049,5.862217426300049,0
1994-09-22,5.881824493408203,5.881824493408203,5.881824493408203,5.881824493408203,0
1994-09-23,5.901430606842041,5.901430606842041,5.901430606842041,5.901430606842041,0
1994-09-26,5.842611789703369,5.842611789703369,5.842611789703369,5.842611789703369,0
1994-09-27,5.8475141525268555,5.8475141525268555,5.8475141525268555,5.8475141525268555,0
1994-09-28,5.911232948303223,5.911232948303223,5.911232948303223,5.911232948303223,0
1994-09-29,5.842611789703369,5.842611789703369,5.842611789703369,5.842611789703369,0
1994-09-30,5.734777927398682,5.734777927398682,5.734777927398682,5.734777927398682,0
1994-10-03,5.63674783706665,5.63674783706665,5.63674783706665,5.63674783706665,0
1994-10-04,5.720071315765381,5.720071315765381,5.720071315765381,5.720071315765381,0
1994-10-05,5.622043609619141,5.622043609619141,5.622043609619141,5.622043609619141,0
1994-10-06,5.666155815124512,5.666155815124512,5.666155815124512,5.666155815124512,0
1994-10-07,5.720071315765381,5.720071315765381,5.720071315765381,5.720071315765381,0
1994-10-10,5.911232948303223,5.911232948303223,5.911232948303223,5.911232948303223,0
1994-10-11,5.935739994049072,5.935739994049072,5.935739994049072,5.935739994049072,0
1994-10-12,5.906332015991211,5.906332015991211,5.906332015991211,5.906332015991211,0
1994-10-13,5.940642833709717,5.940642833709717,5.940642833709717,5.940642833709717,0
1994-10-14,5.8965277671813965,5.8965277671813965,5.8965277671813965,5.8965277671813965,0
1994-10-17,5.867117881774902,5.867117881774902,5.867117881774902,5.867117881774902,0
1994-10-18,5.798496723175049,5.798496723175049,5.798496723175049,5.798496723175049,0
1994-10-19,5.7690911293029785,5.7690911293029785,5.7690911293029785,5.7690911293029785,0
1994-10-20,5.7788920402526855,5.7788920402526855,5.7788920402526855,5.7788920402526855,0
1994-10-21,5.710270404815674,5.710270404815674,5.710270404815674,5.710270404815674,0
1994-10-24,5.734777927398682,5.734777927398682,5.734777927398682,5.734777927398682,0
1994-10-25,5.651452541351318,5.651452541351318,5.651452541351318,5.651452541351318,0
1994-10-26,5.602437496185303,5.602437496185303,5.602437496185303,5.602437496185303,0
1994-10-27,5.553422451019287,5.553422451019287,5.553422451019287,5.553422451019287,0
1994-10-28,5.67105770111084,5.67105770111084,5.67105770111084,5.67105770111084,0
1994-10-31,5.739678382873535,5.739678382873535,5.739678382873535,5.739678382873535,0
1994-11-01,5.764188766479492,5.764188766479492,5.764188766479492,5.764188766479492,0
1994-11-02,5.754384994506836,5.754384994506836,5.754384994506836,5.754384994506836,0
1994-11-03,5.7788920402526855,5.7788920402526855,5.7788920402526855,5.7788920402526855,0
1994-11-04,5.788693428039551,5.788693428039551,5.788693428039551,5.788693428039551,0
1994-11-07,5.754384994506836,5.754384994506836,5.754384994506836,5.754384994506836,0
1994-11-08,5.680861473083496,5.680861473083496,5.680861473083496,5.680861473083496,0
1994-11-09,5.754384994506836,5.754384994506836,5.754384994506836,5.754384994506836,0
1994-11-10,5.818104267120361,5.818104267120361,5.818104267120361,5.818104267120361,0
1994-11-11,5.818104267120361,5.818104267120361,5.818104267120361,5.818104267120361,0
1994-11-14,5.842611789703369,5.842611789703369,5.842611789703369,5.842611789703369,0
1994-11-15,5.867117881774902,5.867117881774902,5.867117881774902,5.867117881774902,0
1994-11-16,5.989656925201416,5.989656925201416,5.989656925201416,5.989656925201416,0
1994-11-17,5.979854583740234,5.979854583740234,5.979854583740234,5.979854583740234,0
1994-11-18,6.019064426422119,6.019064426422119,6.019064426422119,6.019064426422119,0
1994-11-21,6.028869152069092,6.028869152069092,6.028869152069092,6.028869152069092,0
1994-11-22,5.906332015991211,5.906332015991211,5.906332015991211,5.906332015991211,0
1994-11-23,5.862217426300049,5.862217426300049,5.862217426300049,5.862217426300049,0
1994-11-24,5.906332015991211,5.906332015991211,5.906332015991211,5.906332015991211,0
1994-11-25,5.8867268562316895,5.8867268562316895,5.8867268562316895,5.8867268562316895,0
1994-11-28,5.91613245010376,5.91613245010376,5.91613245010376,5.91613245010376,0
1994-11-29,5.95044469833374,5.95044469833374,5.95044469833374,5.95044469833374,0
1994-11-30,6.038671016693115,6.038671016693115,6.038671016693115,6.038671016693115,0
1994-12-01,6.009262561798096,6.009262561798096,6.009262561798096,6.009262561798096,0
1994-12-02,6.0484747886657715,6.0484747886657715,6.0484747886657715,6.0484747886657715,0
1994-12-05,6.156310081481934,6.156310081481934,6.156310081481934,6.156310081481934,0
1994-12-06,6.107293605804443,6.107293605804443,6.107293605804443,6.107293605804443,0
1994-12-07,6.10239315032959,6.10239315032959,6.10239315032959,6.10239315032959,0
1994-12-08,6.1367034912109375,6.1367034912109375,6.1367034912109375,6.1367034912109375,0
1994-12-09,6.10239315032959,6.10239315032959,6.10239315032959,6.10239315032959,0
1994-12-12,6.077884197235107,6.077884197235107,6.077884197235107,6.077884197235107,0
1994-12-13,6.0974907875061035,6.0974907875061035,6.0974907875061035,6.0974907875061035,0
1994-12-14,6.146505832672119,6.146505832672119,6.146505832672119,6.146505832672119,0
1994-12-15,6.166112899780273,6.166112899780273,6.166112899780273,6.166112899780273,0
1994-12-16,6.166112899780273,6.166112899780273,6.166112899780273,6.166112899780273,0
1994-12-19,6.1612114906311035,6.1612114906311035,6.1612114906311035,6.1612114906311035,0
1994-12-20,6.180816650390625,6.180816650390625,6.180816650390625,6.180816650390625,0
1994-12-21,6.205324649810791,6.205324649810791,6.205324649810791,6.205324649810791,0
1994-12-22,6.205324649810791,6.205324649810791,6.205324649810791,6.205324649810791,0
1994-12-23,6.205324649810791,6.205324649810791,6.205324649810791,6.205324649810791,0
1994-12-26,6.205324649810791,6.205324649810791,6.205324649810791,6.205324649810791,0
1994-12-27,6.215126037597656,6.215126037597656,6.215126037597656,6.215126037597656,0
1994-12-28,6.175914287567139,6.175914287567139,6.175914287567139,6.175914287567139,0
1994-12-29,6.0974907875061035,6.0974907875061035,6.0974907875061035,6.0974907875061035,0
1994-12-30,6.0974907875061035,6.0974907875061035,6.0974907875061035,6.0974907875061035,0
1995-01-02,6.0974907875061035,6.0974907875061035,6.0974907875061035,6.0974907875061035,0
1995-01-03,5.989656925201416,5.989656925201416,5.989656925201416,5.989656925201416,0
1995-01-04,6.033770561218262,6.033770561218262,6.033770561218262,6.033770561218262,0
1995-01-05,6.004361629486084,6.004361629486084,6.004361629486084,6.004361629486084,0
1995-01-06,6.053376197814941,6.053376197814941,6.053376197814941,6.053376197814941,0
1995-01-09,5.979854583740234,5.979854583740234,5.979854583740234,5.979854583740234,0
1995-01-10,5.925937652587891,5.925937652587891,5.925937652587891,5.925937652587891,0
1995-01-11,5.930838108062744,5.930838108062744,5.930838108062744,5.930838108062744,0
1995-01-12,5.935739994049072,5.935739994049072,5.935739994049072,5.935739994049072,0
1995-01-13,5.960247993469238,5.960247993469238,5.960247993469238,5.960247993469238,0
1995-01-16,5.930838108062744,5.930838108062744,5.930838108062744,5.930838108062744,0
1995-01-17,5.906332015991211,5.906332015991211,5.906332015991211,5.906332015991211,0
1995-01-18,5.930838108062744,5.930838108062744,5.930838108062744,5.930838108062744,0
1995-01-19,5.925937652587891,5.925937652587891,5.925937652587891,5.925937652587891,0
1995-01-20,5.867117881774902,5.867117881774902,5.867117881774902,5.867117881774902,0
1995-01-23,5.739678382873535,5.739678382873535,5.739678382873535,5.739678382873535,0
1995-01-24,5.754384994506836,5.754384994506836,5.754384994506836,5.754384994506836,0
1995-01-25,5.695566177368164,5.695566177368164,5.695566177368164,5.695566177368164,0
1995-01-26,5.773990631103516,5.773990631103516,5.773990631103516,5.773990631103516,0
1995-01-27,5.749483585357666,5.749483585357666,5.749483585357666,5.749483585357666,0
1995-01-30,5.734777927398682,5.734777927398682,5.734777927398682,5.734777927398682,0
1995-01-31,5.749483585357666,5.749483585357666,5.749483585357666,5.749483585357666,0
1995-02-01,5.827907085418701,5.827907085418701,5.827907085418701,5.827907085418701,0
1995-02-02,5.857315540313721,5.857315540313721,5.857315540313721,5.857315540313721,0
1995-02-03,5.906332015991211,5.906332015991211,5.906332015991211,5.906332015991211,0
1995-02-06,5.930838108062744,5.930838108062744,5.930838108062744,5.930838108062744,0
1995-02-07,5.940642833709717,5.940642833709717,5.940642833709717,5.940642833709717,0
1995-02-08,5.925937652587891,5.925937652587891,5.925937652587891,5.925937652587891,0
1995-02-09,5.979854583740234,5.979854583740234,5.979854583740234,5.979854583740234,0
1995-02-10,5.989656925201416,5.989656925201416,5.989656925201416,5.989656925201416,0
1995-02-13,5.989656925201416,5.989656925201416,5.989656925201416,5.989656925201416,0
1995-02-14,5.999459266662598,5.999459266662598,5.999459266662598,5.999459266662598,0
1995-02-15,5.960247993469238,5.960247993469238,5.960247993469238,5.960247993469238,0
1995-02-16,5.921034812927246,5.921034812927246,5.921034812927246,5.921034812927246,0
1995-02-17,5.8475141525268555,5.8475141525268555,5.8475141525268555,5.8475141525268555,0
1995-02-20,5.837709426879883,5.837709426879883,5.837709426879883,5.837709426879883,0
1995-02-21,5.872020244598389,5.872020244598389,5.872020244598389,5.872020244598389,0
1995-02-22,5.901430606842041,5.901430606842041,5.901430606842041,5.901430606842041,0
1995-02-23,5.906332015991211,5.906332015991211,5.906332015991211,5.906332015991211,0
1995-02-24,5.872020244598389,5.872020244598389,5.872020244598389,5.872020244598389,0
1995-02-27,5.857315540313721,5.857315540313721,5.857315540313721,5.857315540313721,0
1995-02-28,5.852414608001709,5.852414608001709,5.852414608001709,5.852414608001709,0
1995-03-01,5.891627788543701,5.891627788543701,5.891627788543701,5.891627788543701,0
1995-03-02,5.891627788543701,5.891627788543701,5.891627788543701,5.891627788543701,0
1995-03-03,5.818104267120361,5.818104267120361,5.818104267120361,5.818104267120361,0
1995-03-06,5.764188766479492,5.764188766479492,5.764188766479492,5.764188766479492,0
1995-03-07,5.764188766479492,5.764188766479492,5.764188766479492,5.764188766479492,0
1995-03-08,5.675959587097168,5.675959587097168,5.675959587097168,5.675959587097168,0
1995-03-09,5.455392360687256,5.455392360687256,5.455392360687256,5.455392360687256,0
1995-03-10,5.4798994064331055,5.4798994064331055,5.4798994064331055,5.4798994064331055,0
1995-03-13,5.391671657562256,5.391671657562256,5.391671657562256,5.391671657562256,0
1995-03-14,5.396572589874268,5.396572589874268,5.396572589874268,5.396572589874268,0
1995-03-15,5.524012565612793,5.524012565612793,5.524012565612793,5.524012565612793,0
1995-03-16,5.582831859588623,5.582831859588623,5.582831859588623,5.582831859588623,0
1995-03-17,5.558323383331299,5.558323383331299,5.558323383331299,5.558323383331299,0
1995-03-20,5.63674783706665,5.63674783706665,5.63674783706665,5.63674783706665,0
1995-03-21,5.63674783706665,5.63674783706665,5.63674783706665,5.63674783706665,0
1995-03-22,5.651452541351318,5.651452541351318,5.651452541351318,5.651452541351318,0
1995-03-23,5.587731838226318,5.587731838226318,5.587731838226318,5.587731838226318,0
1995-03-24,5.548521041870117,5.548521041870117,5.548521041870117,5.548521041870117,0
1995-03-27,5.484800815582275,5.484800815582275,5.484800815582275,5.484800815582275,0
1995-03-28,5.391671657562256,5.391671657562256,5.391671657562256,5.391671657562256,0
1995-03-29,5.342657566070557,5.342657566070557,5.342657566070557,5.342657566070557,0
1995-03-30,5.445589065551758,5.445589065551758,5.445589065551758,5.445589065551758,0
1995-03-31,5.41127872467041,5.41127872467041,5.41127872467041,5.41127872467041,0
1995-04-03,5.406376361846924,5.406376361846924,5.406376361846924,5.406376361846924,0
1995-04-04,5.4798994064331055,5.4798994064331055,5.4798994064331055,5.4798994064331055,0
1995-04-05,5.460292816162109,5.460292816162109,5.460292816162109,5.460292816162109,0
1995-04-06,5.465195178985596,5.465195178985596,5.465195178985596,5.465195178985596,0
1995-04-07,5.4504899978637695,5.4504899978637695,5.4504899978637695,5.4504899978637695,0
1995-04-10,5.43578577041626,5.43578577041626,5.43578577041626,5.43578577041626,0
1995-04-11,5.43578577041626,5.43578577041626,5.43578577041626,5.43578577041626,0
1995-04-12,5.425982475280762,5.425982475280762,5.425982475280762,5.425982475280762,0
1995-04-13,5.440687656402588,5.440687656402588,5.440687656402588,5.440687656402588,0
1995-04-14,5.440687656402588,5.440687656402588,5.440687656402588,5.440687656402588,0
1995-04-17,5.440687656402588,5.440687656402588,5.440687656402588,5.440687656402588,0
1995-04-18,5.43088436126709,5.43088436126709,5.43088436126709,5.43088436126709,0
1995-04-19,5.34755802154541,5.34755802154541,5.34755802154541,5.34755802154541,0
1995-04-20,5.406376361846924,5.406376361846924,5.406376361846924,5.406376361846924,0
1995-04-21,5.43088436126709,5.43088436126709,5.43088436126709,5.43088436126709,0
1995-04-24,5.396572589874268,5.396572589874268,5.396572589874268,5.396572589874268,0
1995-04-25,5.396572589874268,5.396572589874268,5.396572589874268,5.396572589874268,0
1995-04-26,5.391671657562256,5.391671657562256,5.391671657562256,5.391671657562256,0
1995-04-27,5.391671657562256,5.391671657562256,5.391671657562256,5.391671657562256,0
1995-04-28,5.494603633880615,5.494603633880615,5.494603633880615,5.494603633880615,0
1995-05-01,5.494603633880615,5.494603633880615,5.494603633880615,5.494603633880615,0
1995-05-02,5.5632243156433105,5.5632243156433105,5.5632243156433105,5.5632243156433105,0
1995-05-03,5.568126201629639,5.568126201629639,5.568126201629639,5.568126201629639,0
1995-05-04,5.602437496185303,5.602437496185303,5.602437496185303,5.602437496185303,0
1995-05-05,5.5632243156433105,5.5632243156433105,5.5632243156433105,5.5632243156433105,0
1995-05-08,5.548521041870117,5.548521041870117,5.548521041870117,5.548521041870117,0
1995-05-09,5.5044074058532715,5.5044074058532715,5.5044074058532715,5.5044074058532715,0
1995-05-10,5.509307384490967,5.509307384490967,5.509307384490967,5.509307384490967,0
1995-05-11,5.587731838226318,5.587731838226318,5.587731838226318,5.587731838226318,0
1995-05-12,5.71517276763916,5.71517276763916,5.71517276763916,5.71517276763916,0
1995-05-15,5.739678382873535,5.739678382873535,5.739678382873535,5.739678382873535,0
1995-05-16,5.783793926239014,5.783793926239014,5.783793926239014,5.783793926239014,0
1995-05-17,5.754384994506836,5.754384994506836,5.754384994506836,5.754384994506836,0
1995-05-18,5.705369472503662,5.705369472503662,5.705369472503662,5.705369472503662,0
1995-05-19,5.63674783706665,5.63674783706665,5.63674783706665,5.63674783706665,0
1995-05-22,5.720071315765381,5.720071315765381,5.720071315765381,5.720071315765381,0
1995-05-23,5.7298760414123535,5.7298760414123535,5.7298760414123535,5.7298760414123535,0
1995-05-24,5.803400039672852,5.803400039672852,5.803400039672852,5.803400039672852,0
1995-05-25,5.803400039672852,5.803400039672852,5.803400039672852,5.803400039672852,0
1995-05-26,5.734777927398682,5.734777927398682,5.734777927398682,5.734777927398682,0
1995-05-29,5.744582176208496,5.744582176208496,5.744582176208496,5.744582176208496,0
1995-05-30,5.773990631103516,5.773990631103516,5.773990631103516,5.773990631103516,0
1995-05-31,5.773990631103516,5.773990631103516,5.773990631103516,5.773990631103516,0
1995-06-01,5.857315540313721,5.857315540313721,5.857315540313721,5.857315540313721,0
1995-06-02,5.8769211769104,5.8769211769104,5.8769211769104,5.8769211769104,0
1995-06-05,5.8769211769104,5.8769211769104,5.8769211769104,5.8769211769104,0
1995-06-06,5.7690911293029785,5.7690911293029785,5.7690911293029785,5.7690911293029785,0
1995-06-07,5.7690911293029785,5.7690911293029785,5.7690911293029785,5.7690911293029785,0
1995-06-08,5.7690911293029785,5.7690911293029785,5.7690911293029785,5.7690911293029785,0
1995-06-09,5.749483585357666,5.749483585357666,5.749483585357666,5.749483585357666,0
1995-06-12,5.7690911293029785,5.7690911293029785,5.7690911293029785,5.7690911293029785,0
1995-06-13,5.7788920402526855,5.7788920402526855,5.7788920402526855,5.7788920402526855,0
1995-06-14,5.764188766479492,5.764188766479492,5.764188766479492,5.764188766479492,0
1995-06-15,5.759284973144531,5.759284973144531,5.759284973144531,5.759284973144531,0
1995-06-16,5.695566177368164,5.695566177368164,5.695566177368164,5.695566177368164,0
1995-06-19,5.7788920402526855,5.7788920402526855,5.7788920402526855,5.7788920402526855,0
1995-06-20,5.7690911293029785,5.7690911293029785,5.7690911293029785,5.7690911293029785,0
1995-06-21,5.798496723175049,5.798496723175049,5.798496723175049,5.798496723175049,0
1995-06-22,5.832808494567871,5.832808494567871,5.832808494567871,5.832808494567871,0
1995-06-23,5.837709426879883,5.837709426879883,5.837709426879883,5.837709426879883,0
1995-06-26,5.798496723175049,5.798496723175049,5.798496723175049,5.798496723175049,0
1995-06-27,5.857315540313721,5.857315540313721,5.857315540313721,5.857315540313721,0
1995-06-28,5.901430606842041,5.901430606842041,5.901430606842041,5.901430606842041,0
1995-06-29,5.921034812927246,5.921034812927246,5.921034812927246,5.921034812927246,0
1995-06-30,5.8769211769104,5.8769211769104,5.8769211769104,5.8769211769104,0
1995-07-03,5.8867268562316895,5.8867268562316895,5.8867268562316895,5.8867268562316895,0
1995-07-04,5.8867268562316895,5.8867268562316895,5.8867268562316895,5.8867268562316895,0
1995-07-05,5.95044469833374,5.95044469833374,5.95044469833374,5.95044469833374,0
1995-07-06,5.940642833709717,5.940642833709717,5.940642833709717,5.940642833709717,0
1995-07-07,5.9749531745910645,5.9749531745910645,5.9749531745910645,5.9749531745910645,0
1995-07-10,5.955347537994385,5.955347537994385,5.955347537994385,5.955347537994385,0
1995-07-11,5.965149879455566,5.965149879455566,5.965149879455566,5.965149879455566,0
1995-07-12,5.979854583740234,5.979854583740234,5.979854583740234,5.979854583740234,0
1995-07-13,5.960247993469238,5.960247993469238,5.960247993469238,5.960247993469238,0
1995-07-14,5.925937652587891,5.925937652587891,5.925937652587891,5.925937652587891,0
1995-07-17,5.984755516052246,5.984755516052246,5.984755516052246,5.984755516052246,0
1995-07-18,5.940642833709717,5.940642833709717,5.940642833709717,5.940642833709717,0
1995-07-19,5.8769211769104,5.8769211769104,5.8769211769104,5.8769211769104,0
1995-07-20,5.8230061531066895,5.8230061531066895,5.8230061531066895,5.8230061531066895,0
1995-07-21,5.8230061531066895,5.8230061531066895,5.8230061531066895,5.8230061531066895,0
1995-07-24,5.808300018310547,5.808300018310547,5.808300018310547,5.808300018310547,0
1995-07-25,5.7788920402526855,5.7788920402526855,5.7788920402526855,5.7788920402526855,0
1995-07-26,5.744582176208496,5.744582176208496,5.744582176208496,5.744582176208496,0
1995-07-27,5.749483585357666,5.749483585357666,5.749483585357666,5.749483585357666,0
1995-07-28,5.759284973144531,5.759284973144531,5.759284973144531,5.759284973144531,0
1995-07-31,5.754384994506836,5.754384994506836,5.754384994506836,5.754384994506836,0
1995-08-01,5.754384994506836,5.754384994506836,5.754384994506836,5.754384994506836,0
1995-08-02,5.818104267120361,5.818104267120361,5.818104267120361,5.818104267120361,0
1995-08-03,5.7249755859375,5.7249755859375,5.7249755859375,5.7249755859375,0
1995-08-04,5.7249755859375,5.7249755859375,5.7249755859375,5.7249755859375,0
1995-08-07,5.739678382873535,5.739678382873535,5.739678382873535,5.739678382873535,0
1995-08-08,5.734777927398682,5.734777927398682,5.734777927398682,5.734777927398682,0
1995-08-09,5.754384994506836,5.754384994506836,5.754384994506836,5.754384994506836,0
1995-08-10,5.783793926239014,5.783793926239014,5.783793926239014,5.783793926239014,0
1995-08-11,5.852414608001709,5.852414608001709,5.852414608001709,5.852414608001709,0
1995-08-14,5.793596267700195,5.793596267700195,5.793596267700195,5.793596267700195,0
1995-08-15,5.881824493408203,5.881824493408203,5.881824493408203,5.881824493408203,0
1995-08-16,5.95044469833374,5.95044469833374,5.95044469833374,5.95044469833374,0
1995-08-17,5.994559288024902,5.994559288024902,5.994559288024902,5.994559288024902,0
1995-08-18,6.043573379516602,6.043573379516602,6.043573379516602,6.043573379516602,0
1995-08-21,6.068081855773926,6.068081855773926,6.068081855773926,6.068081855773926,0
1995-08-22,6.077884197235107,6.077884197235107,6.077884197235107,6.077884197235107,0
1995-08-23,6.028869152069092,6.028869152069092,6.028869152069092,6.028869152069092,0
1995-08-24,6.023967266082764,6.023967266082764,6.023967266082764,6.023967266082764,0
1995-08-25,6.014163970947266,6.014163970947266,6.014163970947266,6.014163970947266,0
1995-08-28,6.004361629486084,6.004361629486084,6.004361629486084,6.004361629486084,0
1995-08-29,6.014163970947266,6.014163970947266,6.014163970947266,6.014163970947266,0
1995-08-30,6.028869152069092,6.028869152069092,6.028869152069092,6.028869152069092,0
1995-08-31,5.9749531745910645,5.9749531745910645,5.9749531745910645,5.9749531745910645,0
1995-09-01,5.95044469833374,5.95044469833374,5.95044469833374,5.95044469833374,0
1995-09-04,6.014163970947266,6.014163970947266,6.014163970947266,6.014163970947266,0
1995-09-05,5.999459266662598,5.999459266662598,5.999459266662598,5.999459266662598,0
1995-09-06,6.072982311248779,6.072982311248779,6.072982311248779,6.072982311248779,0
1995-09-07,6.028869152069092,6.028869152069092,6.028869152069092,6.028869152069092,0
1995-09-08,5.8867268562316895,5.8867268562316895,5.8867268562316895,5.8867268562316895,0
1995-09-11,5.8230061531066895,5.8230061531066895,5.8230061531066895,5.8230061531066895,0
1995-09-12,5.793596267700195,5.793596267700195,5.793596267700195,5.793596267700195,0
1995-09-13,5.8867268562316895,5.8867268562316895,5.8867268562316895,5.8867268562316895,0
1995-09-14,5.872020244598389,5.872020244598389,5.872020244598389,5.872020244598389,0
1995-09-15,5.867117881774902,5.867117881774902,5.867117881774902,5.867117881774902,0
1995-09-18,5.837709426879883,5.837709426879883,5.837709426879883,5.837709426879883,0
1995-09-19,5.891627788543701,5.891627788543701,5.891627788543701,5.891627788543701,0
1995-09-20,5.8475141525268555,5.8475141525268555,5.8475141525268555,5.8475141525268555,0
1995-09-21,5.827907085418701,5.827907085418701,5.827907085418701,5.827907085418701,0
1995-09-22,5.754384994506836,5.754384994506836,5.754384994506836,5.754384994506836,0
1995-09-25,5.773990631103516,5.773990631103516,5.773990631103516,5.773990631103516,0
1995-09-26,5.803400039672852,5.803400039672852,5.803400039672852,5.803400039672852,0
1995-09-27,5.739678382873535,5.739678382873535,5.739678382873535,5.739678382873535,0
1995-09-28,5.793596267700195,5.793596267700195,5.793596267700195,5.793596267700195,0
1995-09-29,5.803400039672852,5.803400039672852,5.803400039672852,5.803400039672852,0
1995-10-02,5.872020244598389,5.872020244598389,5.872020244598389,5.872020244598389,0
1995-10-03,5.930838108062744,5.930838108062744,5.930838108062744,5.930838108062744,0
1995-10-04,5.906332015991211,5.906332015991211,5.906332015991211,5.906332015991211,0
1995-10-05,5.906332015991211,5.906332015991211,5.906332015991211,5.906332015991211,0
1995-10-06,5.925937652587891,5.925937652587891,5.925937652587891,5.925937652587891,0
1995-10-09,5.881824493408203,5.881824493408203,5.881824493408203,5.881824493408203,0
1995-10-10,5.827907085418701,5.827907085418701,5.827907085418701,5.827907085418701,0
1995-10-11,5.8867268562316895,5.8867268562316895,5.8867268562316895,5.8867268562316895,0
1995-10-12,5.881824493408203,5.881824493408203,5.881824493408203,5.881824493408203,0
1995-10-13,5.862217426300049,5.862217426300049,5.862217426300049,5.862217426300049,0
1995-10-16,5.8475141525268555,5.8475141525268555,5.8475141525268555,5.8475141525268555,0
1995-10-17,5.803400039672852,5.803400039672852,5.803400039672852,5.803400039672852,0
1995-10-18,5.832808494567871,5.832808494567871,5.832808494567871,5.832808494567871,0
1995-10-19,5.783793926239014,5.783793926239014,5.783793926239014,5.783793926239014,0
1995-10-20,5.739678382873535,5.739678382873535,5.739678382873535,5.739678382873535,0
1995-10-23,5.63674783706665,5.63674783706665,5.63674783706665,5.63674783706665,0
1995-10-24,5.626944541931152,5.626944541931152,5.626944541931152,5.626944541931152,0
1995-10-25,5.568126201629639,5.568126201629639,5.568126201629639,5.568126201629639,0
1995-10-26,5.651452541351318,5.651452541351318,5.651452541351318,5.651452541351318,0
1995-10-27,5.587731838226318,5.587731838226318,5.587731838226318,5.587731838226318,0
1995-10-30,5.63674783706665,5.63674783706665,5.63674783706665,5.63674783706665,0
1995-10-31,5.827907085418701,5.827907085418701,5.827907085418701,5.827907085418701,0
1995-11-01,5.8867268562316895,5.8867268562316895,5.8867268562316895,5.8867268562316895,0
1995-11-02,5.837709426879883,5.837709426879883,5.837709426879883,5.837709426879883,0
1995-11-03,5.832808494567871,5.832808494567871,5.832808494567871,5.832808494567871,0
1995-11-06,5.798496723175049,5.798496723175049,5.798496723175049,5.798496723175049,0
1995-11-07,5.857315540313721,5.857315540313721,5.857315540313721,5.857315540313721,0
1995-11-08,5.827907085418701,5.827907085418701,5.827907085418701,5.827907085418701,0
1995-11-09,5.857315540313721,5.857315540313721,5.857315540313721,5.857315540313721,0
1995-11-10,5.808300018310547,5.808300018310547,5.808300018310547,5.808300018310547,0
1995-11-13,5.813201427459717,5.813201427459717,5.813201427459717,5.813201427459717,0
1995-11-14,5.862217426300049,5.862217426300049,5.862217426300049,5.862217426300049,0
1995-11-15,5.872020244598389,5.872020244598389,5.872020244598389,5.872020244598389,0
1995-11-16,5.955347537994385,5.955347537994385,5.955347537994385,5.955347537994385,0
1995-11-17,5.955347537994385,5.955347537994385,5.955347537994385,5.955347537994385,0
1995-11-20,6.014163970947266,6.014163970947266,6.014163970947266,6.014163970947266,0
1995-11-21,6.028869152069092,6.028869152069092,6.028869152069092,6.028869152069092,0
1995-11-22,5.979854583740234,5.979854583740234,5.979854583740234,5.979854583740234,0
1995-11-23,5.91613245010376,5.91613245010376,5.91613245010376,5.91613245010376,0
1995-11-24,5.95044469833374,5.95044469833374,5.95044469833374,5.95044469833374,0
1995-11-27,6.004361629486084,6.004361629486084,6.004361629486084,6.004361629486084,0
1995-11-28,6.019064426422119,6.019064426422119,6.019064426422119,6.019064426422119,0
1995-11-29,6.107293605804443,6.107293605804443,6.107293605804443,6.107293605804443,0
1995-11-30,6.146505832672119,6.146505832672119,6.146505832672119,6.146505832672119,0
1995-12-01,6.190618991851807,6.190618991851807,6.190618991851807,6.190618991851807,0
1995-12-04,6.278846263885498,6.278846263885498,6.278846263885498,6.278846263885498,0
1995-12-05,6.273946285247803,6.273946285247803,6.273946285247803,6.273946285247803,0
1995-12-06,6.283748149871826,6.283748149871826,6.283748149871826,6.283748149871826,0
1995-12-07,6.278846263885498,6.278846263885498,6.278846263885498,6.278846263885498,0
1995-12-08,6.239634990692139,6.239634990692139,6.239634990692139,6.239634990692139,0
1995-12-11,6.254339218139648,6.254339218139648,6.254339218139648,6.254339218139648,0
1995-12-12,6.26904296875,6.26904296875,6.26904296875,6.26904296875,0
1995-12-13,6.332763671875,6.332763671875,6.332763671875,6.332763671875,0
1995-12-14,6.35236930847168,6.35236930847168,6.35236930847168,6.35236930847168,0
1995-12-15,6.362171649932861,6.362171649932861,6.362171649932861,6.362171649932861,0
1995-12-18,6.264142990112305,6.264142990112305,6.264142990112305,6.264142990112305,0
1995-12-19,6.215126037597656,6.215126037597656,6.215126037597656,6.215126037597656,0
1995-12-20,6.244536876678467,6.244536876678467,6.244536876678467,6.244536876678467,0
1995-12-21,6.224930286407471,6.224930286407471,6.224930286407471,6.224930286407471,0
1995-12-22,6.244536876678467,6.244536876678467,6.244536876678467,6.244536876678467,0
1995-12-25,6.244536876678467,6.244536876678467,6.244536876678467,6.244536876678467,0
1995-12-26,6.244536876678467,6.244536876678467,6.244536876678467,6.244536876678467,0
1995-12-27,6.254339218139648,6.254339218139648,6.254339218139648,6.254339218139648,0
1995-12-28,6.2494378089904785,6.2494378089904785,6.2494378089904785,6.2494378089904785,0
1995-12-29,6.2494378089904785,6.2494378089904785,6.2494378089904785,6.2494378089904785,0
1996-01-01,6.2494378089904785,6.2494378089904785,6.2494378089904785,6.2494378089904785,0
1996-01-02,6.2494378089904785,6.2494378089904785,6.2494378089904785,6.2494378089904785,0
1996-01-03,6.386679649353027,6.386679649353027,6.386679649353027,6.386679649353027,0
1996-01-04,6.450399875640869,6.450399875640869,6.450399875640869,6.450399875640869,0
1996-01-05,6.41609001159668,6.41609001159668,6.41609001159668,6.41609001159668,0
1996-01-08,6.406286239624023,6.406286239624023,6.406286239624023,6.406286239624023,0
1996-01-09,6.376876354217529,6.376876354217529,6.376876354217529,6.376876354217529,0
1996-01-10,6.283748149871826,6.283748149871826,6.283748149871826,6.283748149871826,0
1996-01-11,6.224930286407471,6.224930286407471,6.224930286407471,6.224930286407471,0
1996-01-12,6.210226535797119,6.210226535797119,6.210226535797119,6.210226535797119,0
1996-01-15,6.141603946685791,6.141603946685791,6.141603946685791,6.141603946685791,0
1996-01-16,6.185718059539795,6.185718059539795,6.185718059539795,6.185718059539795,0
1996-01-17,6.126897811889648,6.126897811889648,6.126897811889648,6.126897811889648,0
1996-01-18,6.166112899780273,6.166112899780273,6.166112899780273,6.166112899780273,0
1996-01-19,6.131801605224609,6.131801605224609,6.131801605224609,6.131801605224609,0
1996-01-22,6.126897811889648,6.126897811889648,6.126897811889648,6.126897811889648,0
1996-01-23,6.195520877838135,6.195520877838135,6.195520877838135,6.195520877838135,0
1996-01-24,6.224930286407471,6.224930286407471,6.224930286407471,6.224930286407471,0
1996-01-25,6.224930286407471,6.224930286407471,6.224930286407471,6.224930286407471,0
1996-01-26,6.151407718658447,6.151407718658447,6.151407718658447,6.151407718658447,0
1996-01-29,6.156310081481934,6.156310081481934,6.156310081481934,6.156310081481934,0
1996-01-30,6.185718059539795,6.185718059539795,6.185718059539795,6.185718059539795,0
1996-01-31,6.26904296875,6.26904296875,6.26904296875,6.26904296875,0
1996-02-01,6.298452854156494,6.298452854156494,6.298452854156494,6.298452854156494,0
1996-02-02,6.293552398681641,6.293552398681641,6.293552398681641,6.293552398681641,0
1996-02-05,6.220027923583984,6.220027923583984,6.220027923583984,6.220027923583984,0
1996-02-06,6.244536876678467,6.244536876678467,6.244536876678467,6.244536876678467,0
1996-02-07,6.308255195617676,6.308255195617676,6.308255195617676,6.308255195617676,0
1996-02-08,6.283748149871826,6.283748149871826,6.283748149871826,6.283748149871826,0
1996-02-09,6.283748149871826,6.283748149871826,6.283748149871826,6.283748149871826,0
1996-02-12,6.303354740142822,6.303354740142822,6.303354740142822,6.303354740142822,0
1996-02-13,6.313157081604004,6.313157081604004,6.313157081604004,6.313157081604004,0
1996-02-14,6.313157081604004,6.313157081604004,6.313157081604004,6.313157081604004,0
1996-02-15,6.298452854156494,6.298452854156494,6.298452854156494,6.298452854156494,0
1996-02-16,6.308255195617676,6.308255195617676,6.308255195617676,6.308255195617676,0
1996-02-19,6.273946285247803,6.273946285247803,6.273946285247803,6.273946285247803,0
1996-02-20,6.2347331047058105,6.2347331047058105,6.2347331047058105,6.2347331047058105,0
1996-02-21,6.244536876678467,6.244536876678467,6.244536876678467,6.244536876678467,0
1996-02-22,6.2494378089904785,6.2494378089904785,6.2494378089904785,6.2494378089904785,0
1996-02-23,6.278846263885498,6.278846263885498,6.278846263885498,6.278846263885498,0
1996-02-26,6.293552398681641,6.293552398681641,6.293552398681641,6.293552398681641,0
1996-02-27,6.337664604187012,6.337664604187012,6.337664604187012,6.337664604187012,0
1996-02-28,6.425891876220703,6.425891876220703,6.425891876220703,6.425891876220703,0
1996-02-29,6.425891876220703,6.425891876220703,6.425891876220703,6.425891876220703,0
1996-03-01,6.445498943328857,6.445498943328857,6.445498943328857,6.445498943328857,0
1996-03-04,6.494514465332031,6.494514465332031,6.494514465332031,6.494514465332031,0
1996-03-05,6.465104103088379,6.465104103088379,6.465104103088379,6.465104103088379,0
1996-03-06,6.474907398223877,6.474907398223877,6.474907398223877,6.474907398223877,0
1996-03-07,6.455302715301514,6.455302715301514,6.455302715301514,6.455302715301514,0
1996-03-08,6.470005512237549,6.470005512237549,6.470005512237549,6.470005512237549,0
1996-03-11,6.386679649353027,6.386679649353027,6.386679649353027,6.386679649353027,0
1996-03-12,6.435695648193359,6.435695648193359,6.435695648193359,6.435695648193359,0
1996-03-13,6.5288238525390625,6.5288238525390625,6.5288238525390625,6.5288238525390625,0
1996-03-14,6.612150192260742,6.612150192260742,6.612150192260742,6.612150192260742,0
1996-03-15,6.597445487976074,6.597445487976074,6.597445487976074,6.597445487976074,0
1996-03-18,6.666068077087402,6.666068077087402,6.666068077087402,6.666068077087402,0
1996-03-19,6.705278396606445,6.705278396606445,6.705278396606445,6.705278396606445,0
1996-03-20,6.705278396606445,6.705278396606445,6.705278396606445,6.705278396606445,0
1996-03-21,6.670968532562256,6.670968532562256,6.670968532562256,6.670968532562256,0
1996-03-22,6.597445487976074,6.597445487976074,6.597445487976074,6.597445487976074,0
1996-03-25,6.612150192260742,6.612150192260742,6.612150192260742,6.612150192260742,0
1996-03-26,6.61705207824707,6.61705207824707,6.61705207824707,6.61705207824707,0
1996-03-27,6.577839374542236,6.577839374542236,6.577839374542236,6.577839374542236,0
1996-03-28,6.572939872741699,6.572939872741699,6.572939872741699,6.572939872741699,0
1996-03-29,6.587641716003418,6.587641716003418,6.587641716003418,6.587641716003418,0
1996-04-01,6.63665771484375,6.63665771484375,6.63665771484375,6.63665771484375,0
1996-04-02,6.646461009979248,6.646461009979248,6.646461009979248,6.646461009979248,0
1996-04-03,6.607247829437256,6.607247829437256,6.607247829437256,6.607247829437256,0
1996-04-04,6.597445487976074,6.597445487976074,6.597445487976074,6.597445487976074,0
1996-04-05,6.597445487976074,6.597445487976074,6.597445487976074,6.597445487976074,0
1996-04-08,6.597445487976074,6.597445487976074,6.597445487976074,6.597445487976074,0
1996-04-09,6.548430442810059,6.548430442810059,6.548430442810059,6.548430442810059,0
1996-04-10,6.5680365562438965,6.5680365562438965,6.5680365562438965,6.5680365562438965,0
1996-04-11,6.5680365562438965,6.5680365562438965,6.5680365562438965,6.5680365562438965,0
1996-04-12,6.597445487976074,6.597445487976074,6.597445487976074,6.597445487976074,0
1996-04-15,6.6317572593688965,6.6317572593688965,6.6317572593688965,6.6317572593688965,0
1996-04-16,6.63665771484375,6.63665771484375,6.63665771484375,6.63665771484375,0
1996-04-17,6.651362419128418,6.651362419128418,6.651362419128418,6.651362419128418,0
1996-04-18,6.670968532562256,6.670968532562256,6.670968532562256,6.670968532562256,0
1996-04-19,6.680773735046387,6.680773735046387,6.680773735046387,6.680773735046387,0
1996-04-22,6.759195804595947,6.759195804595947,6.759195804595947,6.759195804595947,0
1996-04-23,6.744492053985596,6.744492053985596,6.744492053985596,6.744492053985596,0
1996-04-24,6.764097690582275,6.764097690582275,6.764097690582275,6.764097690582275,0
1996-04-25,6.783703804016113,6.783703804016113,6.783703804016113,6.783703804016113,0
1996-04-26,6.837619304656982,6.837619304656982,6.837619304656982,6.837619304656982,0
1996-04-29,6.7984089851379395,6.7984089851379395,6.7984089851379395,6.7984089851379395,0
1996-04-30,6.764097690582275,6.764097690582275,6.764097690582275,6.764097690582275,0
1996-05-01,6.764097690582275,6.764097690582275,6.764097690582275,6.764097690582275,0
1996-05-02,6.901338577270508,6.901338577270508,6.901338577270508,6.901338577270508,0
1996-05-03,6.906240940093994,6.906240940093994,6.906240940093994,6.906240940093994,0
1996-05-06,6.9454522132873535,6.9454522132873535,6.9454522132873535,6.9454522132873535,0
1996-05-07,6.9454522132873535,6.9454522132873535,6.9454522132873535,6.9454522132873535,0
1996-05-08,6.842521667480469,6.842521667480469,6.842521667480469,6.842521667480469,0
1996-05-09,6.8180155754089355,6.8180155754089355,6.8180155754089355,6.8180155754089355,0
1996-05-10,6.862129211425781,6.862129211425781,6.862129211425781,6.862129211425781,0
1996-05-13,6.862129211425781,6.862129211425781,6.862129211425781,6.862129211425781,0
1996-05-14,6.881735324859619,6.881735324859619,6.881735324859619,6.881735324859619,0
1996-05-15,6.857224941253662,6.857224941253662,6.857224941253662,6.857224941253662,0
1996-05-16,6.857224941253662,6.857224941253662,6.857224941253662,6.857224941253662,0
1996-05-17,6.911142826080322,6.911142826080322,6.911142826080322,6.911142826080322,0
1996-05-20,6.901338577270508,6.901338577270508,6.901338577270508,6.901338577270508,0
1996-05-21,6.901338577270508,6.901338577270508,6.901338577270508,6.901338577270508,0
1996-05-22,6.881735324859619,6.881735324859619,6.881735324859619,6.881735324859619,0
1996-05-23,6.916046619415283,6.916046619415283,6.916046619415283,6.916046619415283,0
1996-05-24,6.9405517578125,6.9405517578125,6.9405517578125,6.9405517578125,0
1996-05-27,6.9405517578125,6.9405517578125,6.9405517578125,6.9405517578125,0
1996-05-28,6.984665870666504,6.984665870666504,6.984665870666504,6.984665870666504,0
1996-05-29,6.9454522132873535,6.9454522132873535,6.9454522132873535,6.9454522132873535,0
1996-05-30,6.8964385986328125,6.8964385986328125,6.8964385986328125,6.8964385986328125,0
1996-05-31,6.9209442138671875,6.9209442138671875,6.9209442138671875,6.9209442138671875,0
1996-06-03,6.886638164520264,6.886638164520264,6.886638164520264,6.886638164520264,0
1996-06-04,6.969960689544678,6.969960689544678,6.969960689544678,6.969960689544678,0
1996-06-05,6.916046619415283,6.916046619415283,6.916046619415283,6.916046619415283,0
1996-06-06,6.92584753036499,6.92584753036499,6.92584753036499,6.92584753036499,0
1996-06-07,6.8964385986328125,6.8964385986328125,6.8964385986328125,6.8964385986328125,0
1996-06-10,6.950355052947998,6.950355052947998,6.950355052947998,6.950355052947998,0
1996-06-11,6.935650825500488,6.935650825500488,6.935650825500488,6.935650825500488,0
1996-06-12,6.935650825500488,6.935650825500488,6.935650825500488,6.935650825500488,0
1996-06-13,6.891536712646484,6.891536712646484,6.891536712646484,6.891536712646484,0
1996-06-14,6.837619304656982,6.837619304656982,6.837619304656982,6.837619304656982,0
1996-06-17,6.8180155754089355,6.8180155754089355,6.8180155754089355,6.8180155754089355,0
1996-06-18,6.837619304656982,6.837619304656982,6.837619304656982,6.837619304656982,0
1996-06-19,6.803309440612793,6.803309440612793,6.803309440612793,6.803309440612793,0
1996-06-20,6.842521667480469,6.842521667480469,6.842521667480469,6.842521667480469,0
1996-06-21,6.8964385986328125,6.8964385986328125,6.8964385986328125,6.8964385986328125,0
1996-06-24,6.911142826080322,6.911142826080322,6.911142826080322,6.911142826080322,0
1996-06-25,6.96505880355835,6.96505880355835,6.96505880355835,6.96505880355835,0
1996-06-26,6.974862575531006,6.974862575531006,6.974862575531006,6.974862575531006,0
1996-06-27,6.92584753036499,6.92584753036499,6.92584753036499,6.92584753036499,0
1996-06-28,7.0091729164123535,7.0091729164123535,7.0091729164123535,7.0091729164123535,0
1996-07-01,6.9993696212768555,6.9993696212768555,6.9993696212768555,6.9993696212768555,0
1996-07-02,6.950355052947998,6.950355052947998,6.950355052947998,6.950355052947998,0
1996-07-03,7.107203483581543,7.107203483581543,7.107203483581543,7.107203483581543,0
1996-07-04,7.195432186126709,7.195432186126709,7.195432186126709,7.195432186126709,0
1996-07-05,7.141515254974365,7.141515254974365,7.141515254974365,7.141515254974365,0
1996-07-08,7.2199387550354,7.2199387550354,7.2199387550354,7.2199387550354,0
1996-07-09,7.288557529449463,7.288557529449463,7.288557529449463,7.288557529449463,0
1996-07-10,7.2346415519714355,7.2346415519714355,7.2346415519714355,7.2346415519714355,0
1996-07-11,7.273855686187744,7.273855686187744,7.273855686187744,7.273855686187744,0
1996-07-12,7.2199387550354,7.2199387550354,7.2199387550354,7.2199387550354,0
1996-07-15,7.1758246421813965,7.1758246421813965,7.1758246421813965,7.1758246421813965,0
1996-07-16,6.9993696212768555,6.9993696212768555,6.9993696212768555,6.9993696212768555,0
1996-07-17,6.881735324859619,6.881735324859619,6.881735324859619,6.881735324859619,0
1996-07-18,6.901338577270508,6.901338577270508,6.901338577270508,6.901338577270508,0
1996-07-19,6.876832008361816,6.876832008361816,6.876832008361816,6.876832008361816,0
1996-07-22,6.685673236846924,6.685673236846924,6.685673236846924,6.685673236846924,0
1996-07-23,6.768998622894287,6.768998622894287,6.768998622894287,6.768998622894287,0
1996-07-24,6.666068077087402,6.666068077087402,6.666068077087402,6.666068077087402,0
1996-07-25,6.7886061668396,6.7886061668396,6.7886061668396,6.7886061668396,0
1996-07-26,6.7886061668396,6.7886061668396,6.7886061668396,6.7886061668396,0
1996-07-29,6.808213710784912,6.808213710784912,6.808213710784912,6.808213710784912,0
1996-07-30,6.744492053985596,6.744492053985596,6.744492053985596,6.744492053985596,0
1996-07-31,6.680773735046387,6.680773735046387,6.680773735046387,6.680773735046387,0
1996-08-01,6.680773735046387,6.680773735046387,6.680773735046387,6.680773735046387,0
1996-08-02,6.867030620574951,6.867030620574951,6.867030620574951,6.867030620574951,0
1996-08-05,6.842521667480469,6.842521667480469,6.842521667480469,6.842521667480469,0
1996-08-06,6.862129211425781,6.862129211425781,6.862129211425781,6.862129211425781,0
1996-08-07,6.935650825500488,6.935650825500488,6.935650825500488,6.935650825500488,0
1996-08-08,6.935650825500488,6.935650825500488,6.935650825500488,6.935650825500488,0
1996-08-09,6.9209442138671875,6.9209442138671875,6.9209442138671875,6.9209442138671875,0
1996-08-12,6.881735324859619,6.881735324859619,6.881735324859619,6.881735324859619,0
1996-08-13,6.8964385986328125,6.8964385986328125,6.8964385986328125,6.8964385986328125,0
1996-08-14,6.950355052947998,6.950355052947998,6.950355052947998,6.950355052947998,0
1996-08-15,6.8964385986328125,6.8964385986328125,6.8964385986328125,6.8964385986328125,0
1996-08-16,6.950355052947998,6.950355052947998,6.950355052947998,6.950355052947998,0
1996-08-19,6.9209442138671875,6.9209442138671875,6.9209442138671875,6.9209442138671875,0
1996-08-20,6.97976541519165,6.97976541519165,6.97976541519165,6.97976541519165,0
1996-08-21,6.92584753036499,6.92584753036499,6.92584753036499,6.92584753036499,0
1996-08-22,6.97976541519165,6.97976541519165,6.97976541519165,6.97976541519165,0
1996-08-23,6.989567279815674,6.989567279815674,6.989567279815674,6.989567279815674,0
1996-08-26,6.9454522132873535,6.9454522132873535,6.9454522132873535,6.9454522132873535,0
1996-08-27,6.95525598526001,6.95525598526001,6.95525598526001,6.95525598526001,0
1996-08-28,6.969960689544678,6.969960689544678,6.969960689544678,6.969960689544678,0
1996-08-29,6.93074893951416,6.93074893951416,6.93074893951416,6.93074893951416,0
1996-08-30,6.886638164520264,6.886638164520264,6.886638164520264,6.886638164520264,0
1996-09-02,6.8964385986328125,6.8964385986328125,6.8964385986328125,6.8964385986328125,0
1996-09-03,6.857224941253662,6.857224941253662,6.857224941253662,6.857224941253662,0
1996-09-04,6.857224941253662,6.857224941253662,6.857224941253662,6.857224941253662,0
1996-09-05,6.827816486358643,6.827816486358643,6.827816486358643,6.827816486358643,0
1996-09-06,6.871931076049805,6.871931076049805,6.871931076049805,6.871931076049805,0
1996-09-09,6.92584753036499,6.92584753036499,6.92584753036499,6.92584753036499,0
1996-09-10,6.974862575531006,6.974862575531006,6.974862575531006,6.974862575531006,0
1996-09-11,6.969960689544678,6.969960689544678,6.969960689544678,6.969960689544678,0
1996-09-12,6.974862575531006,6.974862575531006,6.974862575531006,6.974862575531006,0
1996-09-13,6.92584753036499,6.92584753036499,6.92584753036499,6.92584753036499,0
1996-09-16,6.852325439453125,6.852325439453125,6.852325439453125,6.852325439453125,0
1996-09-17,6.808213710784912,6.808213710784912,6.808213710784912,6.808213710784912,0
1996-09-18,6.783703804016113,6.783703804016113,6.783703804016113,6.783703804016113,0
1996-09-19,6.783703804016113,6.783703804016113,6.783703804016113,6.783703804016113,0
1996-09-20,6.803309440612793,6.803309440612793,6.803309440612793,6.803309440612793,0
1996-09-23,6.695474624633789,6.695474624633789,6.695474624633789,6.695474624633789,0
1996-09-24,6.724884986877441,6.724884986877441,6.724884986877441,6.724884986877441,0
1996-09-25,6.7886061668396,6.7886061668396,6.7886061668396,6.7886061668396,0
1996-09-26,6.7886061668396,6.7886061668396,6.7886061668396,6.7886061668396,0
1996-09-27,6.744492053985596,6.744492053985596,6.744492053985596,6.744492053985596,0
1996-09-30,6.852325439453125,6.852325439453125,6.852325439453125,6.852325439453125,0
1996-10-01,6.8131103515625,6.8131103515625,6.8131103515625,6.8131103515625,0
1996-10-02,6.852325439453125,6.852325439453125,6.852325439453125,6.852325439453125,0
1996-10-03,6.837619304656982,6.837619304656982,6.837619304656982,6.837619304656982,0
1996-10-04,6.8180155754089355,6.8180155754089355,6.8180155754089355,6.8180155754089355,0
1996-10-07,6.906240940093994,6.906240940093994,6.906240940093994,6.906240940093994,0
1996-10-08,6.876832008361816,6.876832008361816,6.876832008361816,6.876832008361816,0
1996-10-09,6.857224941253662,6.857224941253662,6.857224941253662,6.857224941253662,0
1996-10-10,6.837619304656982,6.837619304656982,6.837619304656982,6.837619304656982,0
1996-10-11,6.8327178955078125,6.8327178955078125,6.8327178955078125,6.8327178955078125,0
1996-10-14,6.871931076049805,6.871931076049805,6.871931076049805,6.871931076049805,0
1996-10-15,6.92584753036499,6.92584753036499,6.92584753036499,6.92584753036499,0
1996-10-16,6.852325439453125,6.852325439453125,6.852325439453125,6.852325439453125,0
1996-10-17,6.857224941253662,6.857224941253662,6.857224941253662,6.857224941253662,0
1996-10-18,6.916046619415283,6.916046619415283,6.916046619415283,6.916046619415283,0
1996-10-21,6.881735324859619,6.881735324859619,6.881735324859619,6.881735324859619,0
1996-10-22,6.847423553466797,6.847423553466797,6.847423553466797,6.847423553466797,0
1996-10-23,6.803309440612793,6.803309440612793,6.803309440612793,6.803309440612793,0
1996-10-24,6.8229169845581055,6.8229169845581055,6.8229169845581055,6.8229169845581055,0
1996-10-25,6.793505668640137,6.793505668640137,6.793505668640137,6.793505668640137,0
1996-10-28,6.803309440612793,6.803309440612793,6.803309440612793,6.803309440612793,0
1996-10-29,6.739588737487793,6.739588737487793,6.739588737487793,6.739588737487793,0
1996-10-30,6.690574645996094,6.690574645996094,6.690574645996094,6.690574645996094,0
1996-10-31,6.729787349700928,6.729787349700928,6.729787349700928,6.729787349700928,0
1996-11-01,6.71998405456543,6.71998405456543,6.71998405456543,6.71998405456543,0
1996-11-04,6.734687328338623,6.734687328338623,6.734687328338623,6.734687328338623,0
1996-11-05,6.768998622894287,6.768998622894287,6.768998622894287,6.768998622894287,0
1996-11-06,6.842521667480469,6.842521667480469,6.842521667480469,6.842521667480469,0
1996-11-07,6.876832008361816,6.876832008361816,6.876832008361816,6.876832008361816,0
1996-11-08,6.911142826080322,6.911142826080322,6.911142826080322,6.911142826080322,0
1996-11-11,6.935650825500488,6.935650825500488,6.935650825500488,6.935650825500488,0
1996-11-12,6.960159778594971,6.960159778594971,6.960159778594971,6.960159778594971,0
1996-11-13,6.93074893951416,6.93074893951416,6.93074893951416,6.93074893951416,0
1996-11-14,6.96505880355835,6.96505880355835,6.96505880355835,6.96505880355835,0
1996-11-15,7.028778076171875,7.028778076171875,7.028778076171875,7.028778076171875,0
1996-11-18,7.018975734710693,7.018975734710693,7.018975734710693,7.018975734710693,0
1996-11-19,6.994470596313477,6.994470596313477,6.994470596313477,6.994470596313477,0
1996-11-20,6.935650825500488,6.935650825500488,6.935650825500488,6.935650825500488,0
1996-11-21,6.857224941253662,6.857224941253662,6.857224941253662,6.857224941253662,0
1996-11-22,6.881735324859619,6.881735324859619,6.881735324859619,6.881735324859619,0
1996-11-25,6.857224941253662,6.857224941253662,6.857224941253662,6.857224941253662,0
1996-11-26,6.8964385986328125,6.8964385986328125,6.8964385986328125,6.8964385986328125,0
1996-11-27,6.871931076049805,6.871931076049805,6.871931076049805,6.871931076049805,0
1996-11-28,6.901338577270508,6.901338577270508,6.901338577270508,6.901338577270508,0
1996-11-29,6.935650825500488,6.935650825500488,6.935650825500488,6.935650825500488,0
1996-12-02,6.9209442138671875,6.9209442138671875,6.9209442138671875,6.9209442138671875,0
1996-12-03,7.018975734710693,7.018975734710693,7.018975734710693,7.018975734710693,0
1996-12-04,6.96505880355835,6.96505880355835,6.96505880355835,6.96505880355835,0
1996-12-05,6.95525598526001,6.95525598526001,6.95525598526001,6.95525598526001,0
1996-12-06,6.8327178955078125,6.8327178955078125,6.8327178955078125,6.8327178955078125,0
1996-12-09,6.857224941253662,6.857224941253662,6.857224941253662,6.857224941253662,0
1996-12-10,6.847423553466797,6.847423553466797,6.847423553466797,6.847423553466797,0
1996-12-11,6.837619304656982,6.837619304656982,6.837619304656982,6.837619304656982,0
1996-12-12,6.8131103515625,6.8131103515625,6.8131103515625,6.8131103515625,0
1996-12-13,6.803309440612793,6.803309440612793,6.803309440612793,6.803309440612793,0
1996-12-16,6.827816486358643,6.827816486358643,6.827816486358643,6.827816486358643,0
1996-12-17,6.768998622894287,6.768998622894287,6.768998622894287,6.768998622894287,0
1996-12-18,6.911142826080322,6.911142826080322,6.911142826080322,6.911142826080322,0
1996-12-19,6.92584753036499,6.92584753036499,6.92584753036499,6.92584753036499,0
1996-12-20,6.9993696212768555,6.9993696212768555,6.9993696212768555,6.9993696212768555,0
1996-12-23,6.994470596313477,6.994470596313477,6.994470596313477,6.994470596313477,0
1996-12-24,7.0091729164123535,7.0091729164123535,7.0091729164123535,7.0091729164123535,0
1996-12-25,7.0091729164123535,7.0091729164123535,7.0091729164123535,7.0091729164123535,0
1996-12-26,7.0091729164123535,7.0091729164123535,7.0091729164123535,7.0091729164123535,0
1996-12-27,7.053287982940674,7.053287982940674,7.053287982940674,7.053287982940674,0
1996-12-30,7.07289457321167,7.07289457321167,7.07289457321167,7.07289457321167,0
1996-12-31,7.043484210968018,7.043484210968018,7.043484210968018,7.043484210968018,0
1997-01-01,7.043484210968018,7.043484210968018,7.043484210968018,7.043484210968018,0
1997-01-02,7.043484210968018,7.043484210968018,7.043484210968018,7.043484210968018,0
1997-01-03,7.0091729164123535,7.0091729164123535,7.0091729164123535,7.0091729164123535,0
1997-01-06,6.96505880355835,6.96505880355835,6.96505880355835,6.96505880355835,0
1997-01-07,7.018975734710693,7.018975734710693,7.018975734710693,7.018975734710693,0
1997-01-08,7.018975734710693,7.018975734710693,7.018975734710693,7.018975734710693,0
1997-01-09,7.0483856201171875,7.0483856201171875,7.0483856201171875,7.0483856201171875,0
1997-01-10,7.0483856201171875,7.0483856201171875,7.0483856201171875,7.0483856201171875,0
1997-01-13,7.117006301879883,7.117006301879883,7.117006301879883,7.117006301879883,0
1997-01-14,7.1758246421813965,7.1758246421813965,7.1758246421813965,7.1758246421813965,0
1997-01-15,7.1758246421813965,7.1758246421813965,7.1758246421813965,7.1758246421813965,0
1997-01-16,7.195432186126709,7.195432186126709,7.195432186126709,7.195432186126709,0
1997-01-17,7.229743003845215,7.229743003845215,7.229743003845215,7.229743003845215,0
1997-01-20,7.200332164764404,7.200332164764404,7.200332164764404,7.200332164764404,0
1997-01-21,7.229743003845215,7.229743003845215,7.229743003845215,7.229743003845215,0
1997-01-22,7.283658504486084,7.283658504486084,7.283658504486084,7.283658504486084,0
1997-01-23,7.303264617919922,7.303264617919922,7.303264617919922,7.303264617919922,0
1997-01-24,7.303264617919922,7.303264617919922,7.303264617919922,7.303264617919922,0
1997-01-27,7.288557529449463,7.288557529449463,7.288557529449463,7.288557529449463,0
1997-01-28,7.371886253356934,7.371886253356934,7.371886253356934,7.371886253356934,0
1997-01-29,7.352279186248779,7.352279186248779,7.352279186248779,7.352279186248779,0
1997-01-30,7.538538455963135,7.538538455963135,7.538538455963135,7.538538455963135,0
1997-01-31,7.5679473876953125,7.5679473876953125,7.5679473876953125,7.5679473876953125,0
1997-02-03,7.553241729736328,7.553241729736328,7.553241729736328,7.553241729736328,0
1997-02-04,7.577749729156494,7.577749729156494,7.577749729156494,7.577749729156494,0
1997-02-05,7.636568546295166,7.636568546295166,7.636568546295166,7.636568546295166,0
1997-02-06,7.607157230377197,7.607157230377197,7.607157230377197,7.607157230377197,0
1997-02-07,7.695385932922363,7.695385932922363,7.695385932922363,7.695385932922363,0
1997-02-10,7.729697227478027,7.729697227478027,7.729697227478027,7.729697227478027,0
1997-02-11,7.764007568359375,7.764007568359375,7.764007568359375,7.764007568359375,0
1997-02-12,7.915954113006592,7.915954113006592,7.915954113006592,7.915954113006592,0
1997-02-13,7.901247978210449,7.901247978210449,7.901247978210449,7.901247978210449,0
1997-02-14,7.97967529296875,7.97967529296875,7.97967529296875,7.97967529296875,0
1997-02-17,8.08260726928711,8.08260726928711,8.08260726928711,8.08260726928711,0
1997-02-18,8.043395042419434,8.043395042419434,8.043395042419434,8.043395042419434,0
1997-02-19,8.038492202758789,8.038492202758789,8.038492202758789,8.038492202758789,0
1997-02-20,7.969870567321777,7.969870567321777,7.969870567321777,7.969870567321777,0
1997-02-21,7.920854091644287,7.920854091644287,7.920854091644287,7.920854091644287,0
1997-02-24,7.847332954406738,7.847332954406738,7.847332954406738,7.847332954406738,0
1997-02-25,7.964969158172607,7.964969158172607,7.964969158172607,7.964969158172607,0
1997-02-26,7.984574317932129,7.984574317932129,7.984574317932129,7.984574317932129,0
1997-02-27,7.964969158172607,7.964969158172607,7.964969158172607,7.964969158172607,0
1997-02-28,7.871841907501221,7.871841907501221,7.871841907501221,7.871841907501221,0
1997-03-03,7.847332954406738,7.847332954406738,7.847332954406738,7.847332954406738,0
1997-03-04,7.969870567321777,7.969870567321777,7.969870567321777,7.969870567321777,0
1997-03-05,8.033590316772461,8.033590316772461,8.033590316772461,8.033590316772461,0
1997-03-06,8.043395042419434,8.043395042419434,8.043395042419434,8.043395042419434,0
1997-03-07,8.033590316772461,8.033590316772461,8.033590316772461,8.033590316772461,0
1997-03-10,8.087510108947754,8.087510108947754,8.087510108947754,8.087510108947754,0
1997-03-11,8.146326065063477,8.146326065063477,8.146326065063477,8.146326065063477,0
1997-03-12,8.112013816833496,8.112013816833496,8.112013816833496,8.112013816833496,0
1997-03-13,8.004181861877441,8.004181861877441,8.004181861877441,8.004181861877441,0
1997-03-14,8.004181861877441,8.004181861877441,8.004181861877441,8.004181861877441,0
1997-03-17,7.862037658691406,7.862037658691406,7.862037658691406,7.862037658691406,0
1997-03-18,7.84243106842041,7.84243106842041,7.84243106842041,7.84243106842041,0
1997-03-19,7.768908977508545,7.768908977508545,7.768908977508545,7.768908977508545,0
1997-03-20,7.616962432861328,7.616962432861328,7.616962432861328,7.616962432861328,0
1997-03-21,7.680682182312012,7.680682182312012,7.680682182312012,7.680682182312012,0
1997-03-24,7.70028829574585,7.70028829574585,7.70028829574585,7.70028829574585,0
1997-03-25,7.729697227478027,7.729697227478027,7.729697227478027,7.729697227478027,0
1997-03-26,8.043395042419434,8.043395042419434,8.043395042419434,8.043395042419434,0
1997-03-27,8.259064674377441,8.259064674377441,8.259064674377441,8.259064674377441,0
1997-03-28,8.259064674377441,8.259064674377441,8.259064674377441,8.259064674377441,0
1997-03-31,8.259064674377441,8.259064674377441,8.259064674377441,8.259064674377441,0
1997-04-01,7.945363521575928,7.945363521575928,7.945363521575928,7.945363521575928,0
1997-04-02,8.018884658813477,8.018884658813477,8.018884658813477,8.018884658813477,0
1997-04-03,8.009082794189453,8.009082794189453,8.009082794189453,8.009082794189453,0
1997-04-04,8.087510108947754,8.087510108947754,8.087510108947754,8.087510108947754,0
1997-04-07,8.273763656616211,8.273763656616211,8.273763656616211,8.273763656616211,0
1997-04-08,8.312975883483887,8.312975883483887,8.312975883483887,8.312975883483887,0
1997-04-09,8.376696586608887,8.376696586608887,8.376696586608887,8.376696586608887,0
1997-04-10,8.36689281463623,8.36689281463623,8.36689281463623,8.36689281463623,0
1997-04-11,8.3325834274292,8.3325834274292,8.3325834274292,8.3325834274292,0
1997-04-14,8.415910720825195,8.415910720825195,8.415910720825195,8.415910720825195,0
1997-04-15,8.528644561767578,8.528644561767578,8.528644561767578,8.528644561767578,0
1997-04-16,8.518839836120605,8.518839836120605,8.518839836120605,8.518839836120605,0
1997-04-17,8.55315113067627,8.55315113067627,8.55315113067627,8.55315113067627,0
1997-04-18,8.670788764953613,8.670788764953613,8.670788764953613,8.670788764953613,0
1997-04-21,8.70019817352295,8.70019817352295,8.70019817352295,8.70019817352295,0
1997-04-22,8.636478424072266,8.636478424072266,8.636478424072266,8.636478424072266,0
1997-04-23,8.597264289855957,8.597264289855957,8.597264289855957,8.597264289855957,0
1997-04-24,8.660984992980957,8.660984992980957,8.660984992980957,8.660984992980957,0
1997-04-25,8.597264289855957,8.597264289855957,8.597264289855957,8.597264289855957,0
1997-04-28,8.68058967590332,8.68058967590332,8.68058967590332,8.68058967590332,0
1997-04-29,8.759017944335938,8.759017944335938,8.759017944335938,8.759017944335938,0
1997-04-30,8.773720741271973,8.773720741271973,8.773720741271973,8.773720741271973,0
1997-05-01,8.773720741271973,8.773720741271973,8.773720741271973,8.773720741271973,0
1997-05-02,8.852144241333008,8.852144241333008,8.852144241333008,8.852144241333008,0
1997-05-05,9.02859878540039,9.02859878540039,9.02859878540039,9.02859878540039,0
1997-05-06,8.832539558410645,8.832539558410645,8.832539558410645,8.832539558410645,0
1997-05-07,8.915864944458008,8.915864944458008,8.915864944458008,8.915864944458008,0
1997-05-08,8.915864944458008,8.915864944458008,8.915864944458008,8.915864944458008,0
1997-05-09,8.881556510925293,8.881556510925293,8.881556510925293,8.881556510925293,0
1997-05-12,8.969779968261719,8.969779968261719,8.969779968261719,8.969779968261719,0
1997-05-13,9.033500671386719,9.033500671386719,9.033500671386719,9.033500671386719,0
1997-05-14,9.146236419677734,9.146236419677734,9.146236419677734,9.146236419677734,0
1997-05-15,9.062911033630371,9.062911033630371,9.062911033630371,9.062911033630371,0
1997-05-16,9.102124214172363,9.102124214172363,9.102124214172363,9.102124214172363,0
1997-05-19,9.102124214172363,9.102124214172363,9.102124214172363,9.102124214172363,0
1997-05-20,8.91096305847168,8.91096305847168,8.91096305847168,8.91096305847168,0
1997-05-21,8.945273399353027,8.945273399353027,8.945273399353027,8.945273399353027,0
1997-05-22,8.857047080993652,8.857047080993652,8.857047080993652,8.857047080993652,0
1997-05-23,8.812931060791016,8.812931060791016,8.812931060791016,8.812931060791016,0
1997-05-26,8.808029174804688,8.808029174804688,8.808029174804688,8.808029174804688,0
1997-05-27,8.788424491882324,8.788424491882324,8.788424491882324,8.788424491882324,0
1997-05-28,8.75411605834961,8.75411605834961,8.75411605834961,8.75411605834961,0
1997-05-29,8.808029174804688,8.808029174804688,8.808029174804688,8.808029174804688,0
1997-05-30,8.62667465209961,8.62667465209961,8.62667465209961,8.62667465209961,0
1997-06-02,8.763917922973633,8.763917922973633,8.763917922973633,8.763917922973633,0
1997-06-03,8.866848945617676,8.866848945617676,8.866848945617676,8.866848945617676,0
1997-06-04,8.920764923095703,8.920764923095703,8.920764923095703,8.920764923095703,0
1997-06-05,8.871750831604004,8.871750831604004,8.871750831604004,8.871750831604004,0
1997-06-06,8.959976196289062,8.959976196289062,8.959976196289062,8.959976196289062,0
1997-06-09,9.067811012268066,9.067811012268066,9.067811012268066,9.067811012268066,0
1997-06-10,9.09231948852539,9.09231948852539,9.09231948852539,9.09231948852539,0
1997-06-11,8.891357421875,8.891357421875,8.891357421875,8.891357421875,0
1997-06-12,8.969779968261719,8.969779968261719,8.969779968261719,8.969779968261719,0
1997-06-13,8.945273399353027,8.945273399353027,8.945273399353027,8.945273399353027,0
1997-06-16,8.896257400512695,8.896257400512695,8.896257400512695,8.896257400512695,0
1997-06-17,8.81783390045166,8.81783390045166,8.81783390045166,8.81783390045166,0
1997-06-18,8.768815994262695,8.768815994262695,8.768815994262695,8.768815994262695,0
1997-06-19,8.964879989624023,8.964879989624023,8.964879989624023,8.964879989624023,0
1997-06-20,9.053105354309082,9.053105354309082,9.053105354309082,9.053105354309082,0
1997-06-23,9.263871192932129,9.263871192932129,9.263871192932129,9.263871192932129,0
1997-06-24,9.293283462524414,9.293283462524414,9.293283462524414,9.293283462524414,0
1997-06-25,9.494244575500488,9.494244575500488,9.494244575500488,9.494244575500488,0
1997-06-26,9.523653984069824,9.523653984069824,9.523653984069824,9.523653984069824,0
1997-06-27,9.508947372436523,9.508947372436523,9.508947372436523,9.508947372436523,0
1997-06-30,9.440326690673828,9.440326690673828,9.440326690673828,9.440326690673828,0
1997-07-01,9.381508827209473,9.381508827209473,9.381508827209473,9.381508827209473,0
1997-07-02,9.494244575500488,9.494244575500488,9.494244575500488,9.494244575500488,0
1997-07-03,9.685403823852539,9.685403823852539,9.685403823852539,9.685403823852539,0
1997-07-04,9.852056503295898,9.852056503295898,9.852056503295898,9.852056503295898,0
1997-07-07,9.959887504577637,9.959887504577637,9.959887504577637,9.959887504577637,0
1997-07-08,10.038311004638672,10.038311004638672,10.038311004638672,10.038311004638672,0
1997-07-09,9.807939529418945,9.807939529418945,9.807939529418945,9.807939529418945,0
1997-07-10,9.651091575622559,9.651091575622559,9.651091575622559,9.651091575622559,0
1997-07-11,9.616781234741211,9.616781234741211,9.616781234741211,9.616781234741211,0
1997-07-14,9.557962417602539,9.557962417602539,9.557962417602539,9.557962417602539,0
1997-07-15,9.548158645629883,9.548158645629883,9.548158645629883,9.548158645629883,0
1997-07-16,9.651091575622559,9.651091575622559,9.651091575622559,9.651091575622559,0
1997-07-17,9.445229530334473,9.445229530334473,9.445229530334473,9.445229530334473,0
1997-07-18,9.307985305786133,9.307985305786133,9.307985305786133,9.307985305786133,0
1997-07-21,9.13153076171875,9.13153076171875,9.13153076171875,9.13153076171875,0
1997-07-22,9.190350532531738,9.190350532531738,9.190350532531738,9.190350532531738,0
1997-07-23,9.288379669189453,9.288379669189453,9.288379669189453,9.288379669189453,0
1997-07-24,9.293283462524414,9.293283462524414,9.293283462524414,9.293283462524414,0
1997-07-25,9.307985305786133,9.307985305786133,9.307985305786133,9.307985305786133,0
1997-07-28,9.469738006591797,9.469738006591797,9.469738006591797,9.469738006591797,0
1997-07-29,9.39130973815918,9.39130973815918,9.39130973815918,9.39130973815918,0
1997-07-30,9.445229530334473,9.445229530334473,9.445229530334473,9.445229530334473,0
1997-07-31,9.406015396118164,9.406015396118164,9.406015396118164,9.406015396118164,0
1997-08-01,9.406015396118164,9.406015396118164,9.406015396118164,9.406015396118164,0
1997-08-04,9.312887191772461,9.312887191772461,9.312887191772461,9.312887191772461,0
1997-08-05,9.430524826049805,9.430524826049805,9.430524826049805,9.430524826049805,0
1997-08-06,9.548158645629883,9.548158645629883,9.548158645629883,9.548158645629883,0
1997-08-07,9.675600051879883,9.675600051879883,9.675600051879883,9.675600051879883,0
1997-08-08,9.572667121887207,9.572667121887207,9.572667121887207,9.572667121887207,0
1997-08-11,9.489343643188477,9.489343643188477,9.489343643188477,9.489343643188477,0
1997-08-12,9.440326690673828,9.440326690673828,9.440326690673828,9.440326690673828,0
1997-08-13,9.352097511291504,9.352097511291504,9.352097511291504,9.352097511291504,0
1997-08-14,9.298182487487793,9.298182487487793,9.298182487487793,9.298182487487793,0
1997-08-15,9.165843963623047,9.165843963623047,9.165843963623047,9.165843963623047,0
1997-08-18,8.925667762756348,8.925667762756348,8.925667762756348,8.925667762756348,0
1997-08-19,9.082518577575684,9.082518577575684,9.082518577575684,9.082518577575684,0
1997-08-20,9.170742988586426,9.170742988586426,9.170742988586426,9.170742988586426,0
1997-08-21,9.21485710144043,9.21485710144043,9.21485710144043,9.21485710144043,0
1997-08-22,8.969779968261719,8.969779968261719,8.969779968261719,8.969779968261719,0
1997-08-25,8.964879989624023,8.964879989624023,8.964879989624023,8.964879989624023,0
1997-08-26,8.822734832763672,8.822734832763672,8.822734832763672,8.822734832763672,0
1997-08-27,8.798226356506348,8.798226356506348,8.798226356506348,8.798226356506348,0
1997-08-28,8.494335174560547,8.494335174560547,8.494335174560547,8.494335174560547,0
1997-08-29,8.479630470275879,8.479630470275879,8.479630470275879,8.479630470275879,0
1997-09-01,8.646280288696289,8.646280288696289,8.646280288696289,8.646280288696289,0
1997-09-02,8.93056869506836,8.93056869506836,8.93056869506836,8.93056869506836,0
1997-09-03,8.999189376831055,8.999189376831055,8.999189376831055,8.999189376831055,0
1997-09-04,9.004093170166016,9.004093170166016,9.004093170166016,9.004093170166016,0
1997-09-05,9.03840446472168,9.03840446472168,9.03840446472168,9.03840446472168,0
1997-09-08,9.02859878540039,9.02859878540039,9.02859878540039,9.02859878540039,0
1997-09-09,8.994288444519043,8.994288444519043,8.994288444519043,8.994288444519043,0
1997-09-10,8.896257400512695,8.896257400512695,8.896257400512695,8.896257400512695,0
1997-09-11,8.768815994262695,8.768815994262695,8.768815994262695,8.768815994262695,0
1997-09-12,8.75411605834961,8.75411605834961,8.75411605834961,8.75411605834961,0
1997-09-15,8.837442398071289,8.837442398071289,8.837442398071289,8.837442398071289,0
1997-09-16,8.999189376831055,8.999189376831055,8.999189376831055,8.999189376831055,0
1997-09-17,9.116826057434082,9.116826057434082,9.116826057434082,9.116826057434082,0
1997-09-18,9.557962417602539,9.557962417602539,9.557962417602539,9.557962417602539,0
1997-09-19,9.611878395080566,9.611878395080566,9.611878395080566,9.611878395080566,0
1997-09-22,9.773630142211914,9.773630142211914,9.773630142211914,9.773630142211914,0
1997-09-23,9.999099731445312,9.999099731445312,9.999099731445312,9.999099731445312,0
1997-09-24,10.057918548583984,10.057918548583984,10.057918548583984,10.057918548583984,0
1997-09-25,9.999099731445312,9.999099731445312,9.999099731445312,9.999099731445312,0
1997-09-26,10.033411026000977,10.033411026000977,10.033411026000977,10.033411026000977,0
1997-09-29,9.905970573425293,9.905970573425293,9.905970573425293,9.905970573425293,0
1997-09-30,9.930479049682617,9.930479049682617,9.930479049682617,9.930479049682617,0
1997-10-01,10.067723274230957,10.067723274230957,10.067723274230957,10.067723274230957,0
1997-10-02,10.195159912109375,10.195159912109375,10.195159912109375,10.195159912109375,0
1997-10-03,10.278486251831055,10.278486251831055,10.278486251831055,10.278486251831055,0
1997-10-06,10.322602272033691,10.322602272033691,10.322602272033691,10.322602272033691,0
1997-10-07,10.361810684204102,10.361810684204102,10.361810684204102,10.361810684204102,0
1997-10-08,10.219671249389648,10.219671249389648,10.219671249389648,10.219671249389648,0
1997-10-09,10.151044845581055,10.151044845581055,10.151044845581055,10.151044845581055,0
1997-10-10,10.111834526062012,10.111834526062012,10.111834526062012,10.111834526062012,0
1997-10-13,10.195159912109375,10.195159912109375,10.195159912109375,10.195159912109375,0
1997-10-14,10.391221046447754,10.391221046447754,10.391221046447754,10.391221046447754,0
1997-10-15,10.44023609161377,10.44023609161377,10.44023609161377,10.44023609161377,0
1997-10-16,10.405923843383789,10.405923843383789,10.405923843383789,10.405923843383789,0
1997-10-17,10.337303161621094,10.337303161621094,10.337303161621094,10.337303161621094,0
1997-10-20,10.371615409851074,10.371615409851074,10.371615409851074,10.371615409851074,0
1997-10-21,10.557872772216797,10.557872772216797,10.557872772216797,10.557872772216797,0
1997-10-22,10.479450225830078,10.479450225830078,10.479450225830078,10.479450225830078,0
1997-10-23,10.067723274230957,10.067723274230957,10.067723274230957,10.067723274230957,0
1997-10-24,10.00400161743164,10.00400161743164,10.00400161743164,10.00400161743164,0
1997-10-27,9.754023551940918,9.754023551940918,9.754023551940918,9.754023551940918,0
1997-10-28,9.705009460449219,9.705009460449219,9.705009460449219,9.705009460449219,0
1997-10-29,9.705009460449219,9.705009460449219,9.705009460449219,9.705009460449219,0
1997-10-30,9.582470893859863,9.582470893859863,9.582470893859863,9.582470893859863,0
1997-10-31,9.670696258544922,9.670696258544922,9.670696258544922,9.670696258544922,0
1997-11-03,9.84225082397461,9.84225082397461,9.84225082397461,9.84225082397461,0
1997-11-04,9.812843322753906,9.812843322753906,9.812843322753906,9.812843322753906,0
1997-11-05,9.763826370239258,9.763826370239258,9.763826370239258,9.763826370239258,0
1997-11-06,9.705009460449219,9.705009460449219,9.705009460449219,9.705009460449219,0
1997-11-07,9.577570915222168,9.577570915222168,9.577570915222168,9.577570915222168,0
1997-11-10,9.655994415283203,9.655994415283203,9.655994415283203,9.655994415283203,0
1997-11-11,9.80303955078125,9.80303955078125,9.80303955078125,9.80303955078125,0
1997-11-12,9.665797233581543,9.665797233581543,9.665797233581543,9.665797233581543,0
1997-11-13,9.626582145690918,9.626582145690918,9.626582145690918,9.626582145690918,0
1997-11-14,9.636387825012207,9.636387825012207,9.636387825012207,9.636387825012207,0
1997-11-17,9.852056503295898,9.852056503295898,9.852056503295898,9.852056503295898,0
1997-11-18,10.00400161743164,10.00400161743164,10.00400161743164,10.00400161743164,0
1997-11-19,9.999099731445312,9.999099731445312,9.999099731445312,9.999099731445312,0
1997-11-20,10.229472160339355,10.229472160339355,10.229472160339355,10.229472160339355,0
1997-11-21,10.415728569030762,10.415728569030762,10.415728569030762,10.415728569030762,0
1997-11-24,10.258880615234375,10.258880615234375,10.258880615234375,10.258880615234375,0
1997-11-25,10.268685340881348,10.268685340881348,10.268685340881348,10.268685340881348,0
1997-11-26,10.464744567871094,10.464744567871094,10.464744567871094,10.464744567871094,0
1997-11-27,10.391221046447754,10.391221046447754,10.391221046447754,10.391221046447754,0
1997-11-28,10.283390045166016,10.283390045166016,10.283390045166016,10.283390045166016,0
1997-12-01,10.499056816101074,10.499056816101074,10.499056816101074,10.499056816101074,0
1997-12-02,10.464744567871094,10.464744567871094,10.464744567871094,10.464744567871094,0
1997-12-03,10.396122932434082,10.396122932434082,10.396122932434082,10.396122932434082,0
1997-12-04,10.469647407531738,10.469647407531738,10.469647407531738,10.469647407531738,0
1997-12-05,10.454941749572754,10.454941749572754,10.454941749572754,10.454941749572754,0
1997-12-08,10.44023609161377,10.44023609161377,10.44023609161377,10.44023609161377,0
1997-12-09,10.317697525024414,10.317697525024414,10.317697525024414,10.317697525024414,0
1997-12-10,10.253982543945312,10.253982543945312,10.253982543945312,10.253982543945312,0
1997-12-11,10.062817573547363,10.062817573547363,10.062817573547363,10.062817573547363,0
1997-12-12,10.136344909667969,10.136344909667969,10.136344909667969,10.136344909667969,0
1997-12-15,10.121638298034668,10.121638298034668,10.121638298034668,10.121638298034668,0
1997-12-16,10.376516342163086,10.376516342163086,10.376516342163086,10.376516342163086,0
1997-12-17,10.557872772216797,10.557872772216797,10.557872772216797,10.557872772216797,0
1997-12-18,10.538267135620117,10.538267135620117,10.538267135620117,10.538267135620117,0
1997-12-19,10.44023609161377,10.44023609161377,10.44023609161377,10.44023609161377,0
1997-12-22,10.474547386169434,10.474547386169434,10.474547386169434,10.474547386169434,0
1997-12-23,10.371615409851074,10.371615409851074,10.371615409851074,10.371615409851074,0
1997-12-24,10.386320114135742,10.386320114135742,10.386320114135742,10.386320114135742,0
1997-12-25,10.386320114135742,10.386320114135742,10.386320114135742,10.386320114135742,0
1997-12-26,10.386320114135742,10.386320114135742,10.386320114135742,10.386320114135742,0
1997-12-29,10.606889724731445,10.606889724731445,10.606889724731445,10.606889724731445,0
1997-12-30,10.744132995605469,10.744132995605469,10.744132995605469,10.744132995605469,0
1997-12-31,10.729424476623535,10.729424476623535,10.729424476623535,10.729424476623535,0
1998-01-01,10.729424476623535,10.729424476623535,10.729424476623535,10.729424476623535,0
1998-01-02,10.729424476623535,10.729424476623535,10.729424476623535,10.729424476623535,0
1998-01-05,10.994109153747559,10.994109153747559,10.994109153747559,10.994109153747559,0
1998-01-06,10.964698791503906,10.964698791503906,10.964698791503906,10.964698791503906,0
1998-01-07,10.96960163116455,10.96960163116455,10.96960163116455,10.96960163116455,0
1998-01-08,10.832359313964844,10.832359313964844,10.832359313964844,10.832359313964844,0
1998-01-09,10.719624519348145,10.719624519348145,10.719624519348145,10.719624519348145,0
1998-01-12,10.401022911071777,10.401022911071777,10.401022911071777,10.401022911071777,0
1998-01-13,10.528462409973145,10.528462409973145,10.528462409973145,10.528462409973145,0
1998-01-14,10.523563385009766,10.523563385009766,10.523563385009766,10.523563385009766,0
1998-01-15,10.655903816223145,10.655903816223145,10.655903816223145,10.655903816223145,0
1998-01-16,10.827458381652832,10.827458381652832,10.827458381652832,10.827458381652832,0
1998-01-19,11.048025131225586,11.048025131225586,11.048025131225586,11.048025131225586,0
1998-01-20,11.288200378417969,11.288200378417969,11.288200378417969,11.288200378417969,0
1998-01-21,11.258790969848633,11.258790969848633,11.258790969848633,11.258790969848633,0
1998-01-22,11.165663719177246,11.165663719177246,11.165663719177246,11.165663719177246,0
1998-01-23,11.15585708618164,11.15585708618164,11.15585708618164,11.15585708618164,0
1998-01-26,11.199972152709961,11.199972152709961,11.199972152709961,11.199972152709961,0
1998-01-27,11.209775924682617,11.209775924682617,11.209775924682617,11.209775924682617,0
1998-01-28,11.498967170715332,11.498967170715332,11.498967170715332,11.498967170715332,0
1998-01-29,11.47935676574707,11.47935676574707,11.47935676574707,11.47935676574707,0
1998-01-30,11.543079376220703,11.543079376220703,11.543079376220703,11.543079376220703,0
1998-02-02,11.626402854919434,11.626402854919434,11.626402854919434,11.626402854919434,0
1998-02-03,11.73913860321045,11.73913860321045,11.73913860321045,11.73913860321045,0
1998-02-04,11.7538423538208,11.7538423538208,11.7538423538208,11.7538423538208,0
1998-02-05,11.969511032104492,11.969511032104492,11.969511032104492,11.969511032104492,0
1998-02-06,12.033232688903809,12.033232688903809,12.033232688903809,12.033232688903809,0
1998-02-09,12.194981575012207,12.194981575012207,12.194981575012207,12.194981575012207,0
1998-02-10,12.15086841583252,12.15086841583252,12.15086841583252,12.15086841583252,0
1998-02-11,12.351828575134277,12.351828575134277,12.351828575134277,12.351828575134277,0
1998-02-12,12.15086841583252,12.15086841583252,12.15086841583252,12.15086841583252,0
1998-02-13,12.273406982421875,12.273406982421875,12.273406982421875,12.273406982421875,0
1998-02-16,12.297913551330566,12.297913551330566,12.297913551330566,12.297913551330566,0
1998-02-17,12.430252075195312,12.430252075195312,12.430252075195312,12.430252075195312,0
1998-02-18,12.567496299743652,12.567496299743652,12.567496299743652,12.567496299743652,0
1998-02-19,12.503776550292969,12.503776550292969,12.503776550292969,12.503776550292969,0
1998-02-20,12.660623550415039,12.660623550415039,12.660623550415039,12.660623550415039,0
1998-02-23,12.567496299743652,12.567496299743652,12.567496299743652,12.567496299743652,0
1998-02-24,12.37143611907959,12.37143611907959,12.37143611907959,12.37143611907959,0
1998-02-25,12.376335144042969,12.376335144042969,12.376335144042969,12.376335144042969,0
1998-02-26,12.572399139404297,12.572399139404297,12.572399139404297,12.572399139404297,0
1998-02-27,12.596905708312988,12.596905708312988,12.596905708312988,12.596905708312988,0
1998-03-02,12.920409202575684,12.920409202575684,12.920409202575684,12.920409202575684,0
1998-03-03,12.768457412719727,12.768457412719727,12.768457412719727,12.768457412719727,0
1998-03-04,12.498875617980957,12.498875617980957,12.498875617980957,12.498875617980957,0
1998-03-05,12.449860572814941,12.449860572814941,12.449860572814941,12.449860572814941,0
1998-03-06,12.817473411560059,12.817473411560059,12.817473411560059,12.817473411560059,0
1998-03-09,12.69493579864502,12.69493579864502,12.69493579864502,12.69493579864502,0
1998-03-10,12.66552734375,12.66552734375,12.66552734375,12.66552734375,0
1998-03-11,12.719444274902344,12.719444274902344,12.719444274902344,12.719444274902344,0
1998-03-12,12.69493579864502,12.69493579864502,12.69493579864502,12.69493579864502,0
1998-03-13,12.729246139526367,12.729246139526367,12.729246139526367,12.729246139526367,0
1998-03-16,12.861586570739746,12.861586570739746,12.861586570739746,12.861586570739746,0
1998-03-17,12.954719543457031,12.954719543457031,12.954719543457031,12.954719543457031,0
1998-03-18,12.768457412719727,12.768457412719727,12.768457412719727,12.768457412719727,0
1998-03-19,12.930208206176758,12.930208206176758,12.930208206176758,12.930208206176758,0
1998-03-20,13.258612632751465,13.258612632751465,13.258612632751465,13.258612632751465,0
1998-03-23,13.48408317565918,13.48408317565918,13.48408317565918,13.48408317565918,0
1998-03-24,13.567407608032227,13.567407608032227,13.567407608032227,13.567407608032227,0
1998-03-25,13.846794128417969,13.846794128417969,13.846794128417969,13.846794128417969,0
1998-03-26,13.665435791015625,13.665435791015625,13.665435791015625,13.665435791015625,0
1998-03-27,14.214406967163086,14.214406967163086,14.214406967163086,14.214406967163086,0
1998-03-30,14.126179695129395,14.126179695129395,14.126179695129395,14.126179695129395,0
1998-03-31,14.27812385559082,14.27812385559082,14.27812385559082,14.27812385559082,0
1998-04-01,14.312437057495117,14.312437057495117,14.312437057495117,14.312437057495117,0
1998-04-02,14.297733306884766,14.297733306884766,14.297733306884766,14.297733306884766,0
1998-04-03,14.547711372375488,14.547711372375488,14.547711372375488,14.547711372375488,0
1998-04-06,14.56241226196289,14.56241226196289,14.56241226196289,14.56241226196289,0
1998-04-07,14.483989715576172,14.483989715576172,14.483989715576172,14.483989715576172,0
1998-04-08,14.312437057495117,14.312437057495117,14.312437057495117,14.312437057495117,0
1998-04-09,14.420273780822754,14.420273780822754,14.420273780822754,14.420273780822754,0
1998-04-10,14.420273780822754,14.420273780822754,14.420273780822754,14.420273780822754,0
1998-04-13,14.420273780822754,14.420273780822754,14.420273780822754,14.420273780822754,0
1998-04-14,14.410467147827148,14.410467147827148,14.410467147827148,14.410467147827148,0
1998-04-15,14.410467147827148,14.410467147827148,14.410467147827148,14.410467147827148,0
1998-04-16,14.322242736816406,14.322242736816406,14.322242736816406,14.322242736816406,0
1998-04-17,13.905614852905273,13.905614852905273,13.905614852905273,13.905614852905273,0
1998-04-20,13.714449882507324,13.714449882507324,13.714449882507324,13.714449882507324,0
1998-04-21,13.537997245788574,13.537997245788574,13.537997245788574,13.537997245788574,0
1998-04-22,13.30762767791748,13.30762767791748,13.30762767791748,13.30762767791748,0
1998-04-23,13.219398498535156,13.219398498535156,13.219398498535156,13.219398498535156,0
1998-04-24,13.17038345336914,13.17038345336914,13.17038345336914,13.17038345336914,0
1998-04-27,12.827278137207031,12.827278137207031,12.827278137207031,12.827278137207031,0
1998-04-28,13.145879745483398,13.145879745483398,13.145879745483398,13.145879745483398,0
1998-04-29,13.714449882507324,13.714449882507324,13.714449882507324,13.714449882507324,0
1998-04-30,14.263425827026367,14.263425827026367,14.263425827026367,14.263425827026367,0
1998-05-01,14.263425827026367,14.263425827026367,14.263425827026367,14.263425827026367,0
1998-05-04,14.930030822753906,14.930030822753906,14.930030822753906,14.930030822753906,0
1998-05-05,14.851604461669922,14.851604461669922,14.851604461669922,14.851604461669922,0
1998-05-06,14.949637413024902,14.949637413024902,14.949637413024902,14.949637413024902,0
1998-05-07,14.733970642089844,14.733970642089844,14.733970642089844,14.733970642089844,0
1998-05-08,14.689854621887207,14.689854621887207,14.689854621887207,14.689854621887207,0
1998-05-11,14.881012916564941,14.881012916564941,14.881012916564941,14.881012916564941,0
1998-05-12,14.949637413024902,14.949637413024902,14.949637413024902,14.949637413024902,0
1998-05-13,15.018258094787598,15.018258094787598,15.018258094787598,15.018258094787598,0
1998-05-14,14.836897850036621,14.836897850036621,14.836897850036621,14.836897850036621,0
1998-05-15,14.704558372497559,14.704558372497559,14.704558372497559,14.704558372497559,0
1998-05-18,14.51340103149414,14.51340103149414,14.51340103149414,14.51340103149414,0
1998-05-19,14.817294120788574,14.817294120788574,14.817294120788574,14.817294120788574,0
1998-05-20,14.930030822753906,14.930030822753906,14.930030822753906,14.930030822753906,0
1998-05-21,14.930030822753906,14.930030822753906,14.930030822753906,14.930030822753906,0
1998-05-22,15.351556777954102,15.351556777954102,15.351556777954102,15.351556777954102,0
1998-05-25,15.356461524963379,15.356461524963379,15.356461524963379,15.356461524963379,0
1998-05-26,15.596637725830078,15.596637725830078,15.596637725830078,15.596637725830078,0
1998-05-27,15.503503799438477,15.503503799438477,15.503503799438477,15.503503799438477,0
1998-05-28,15.385870933532715,15.385870933532715,15.385870933532715,15.385870933532715,0
1998-05-29,15.552520751953125,15.552520751953125,15.552520751953125,15.552520751953125,0
1998-06-01,15.552520751953125,15.552520751953125,15.552520751953125,15.552520751953125,0
1998-06-02,16.09659194946289,16.09659194946289,16.09659194946289,16.09659194946289,0
1998-06-03,15.890727043151855,15.890727043151855,15.890727043151855,15.890727043151855,0
1998-06-04,15.606439590454102,15.606439590454102,15.606439590454102,15.606439590454102,0
1998-06-05,15.733878135681152,15.733878135681152,15.733878135681152,15.733878135681152,0
1998-06-08,15.920134544372559,15.920134544372559,15.920134544372559,15.920134544372559,0
1998-06-09,15.827006340026855,15.827006340026855,15.827006340026855,15.827006340026855,0
1998-06-10,15.532917022705078,15.532917022705078,15.532917022705078,15.532917022705078,0
1998-06-11,15.513309478759766,15.513309478759766,15.513309478759766,15.513309478759766,0
1998-06-12,15.390771865844727,15.390771865844727,15.390771865844727,15.390771865844727,0
1998-06-15,15.371166229248047,15.371166229248047,15.371166229248047,15.371166229248047,0
1998-06-16,15.429984092712402,15.429984092712402,15.429984092712402,15.429984092712402,0
1998-06-17,15.733878135681152,15.733878135681152,15.733878135681152,15.733878135681152,0
1998-06-18,15.488801002502441,15.488801002502441,15.488801002502441,15.488801002502441,0
1998-06-19,15.679961204528809,15.679961204528809,15.679961204528809,15.679961204528809,0
1998-06-22,15.449592590332031,15.449592590332031,15.449592590332031,15.449592590332031,0
1998-06-23,15.58193302154541,15.58193302154541,15.58193302154541,15.58193302154541,0
1998-06-24,15.709371566772461,15.709371566772461,15.709371566772461,15.709371566772461,0
1998-06-25,15.944644927978516,15.944644927978516,15.944644927978516,15.944644927978516,0
1998-06-26,15.93484115600586,15.93484115600586,15.93484115600586,15.93484115600586,0
1998-06-29,16.116195678710938,16.116195678710938,16.116195678710938,16.116195678710938,0
1998-06-30,15.91032886505127,15.91032886505127,15.91032886505127,15.91032886505127,0
1998-07-01,16.1505069732666,16.1505069732666,16.1505069732666,16.1505069732666,0
1998-07-02,16.331863403320312,16.331863403320312,16.331863403320312,16.331863403320312,0
1998-07-03,16.429895401000977,16.429895401000977,16.429895401000977,16.429895401000977,0
1998-07-06,16.625951766967773,16.625951766967773,16.625951766967773,16.625951766967773,0
1998-07-07,16.527925491333008,16.527925491333008,16.527925491333008,16.527925491333008,0
1998-07-08,16.54262924194336,16.54262924194336,16.54262924194336,16.54262924194336,0
1998-07-09,16.518129348754883,16.518129348754883,16.518129348754883,16.518129348754883,0
1998-07-10,16.14560317993164,16.14560317993164,16.14560317993164,16.14560317993164,0
1998-07-13,15.87602424621582,15.87602424621582,15.87602424621582,15.87602424621582,0
1998-07-14,16.40048599243164,16.40048599243164,16.40048599243164,16.40048599243164,0
1998-07-15,16.38578224182129,16.38578224182129,16.38578224182129,16.38578224182129,0
1998-07-16,16.40538215637207,16.40538215637207,16.40538215637207,16.40538215637207,0
1998-07-17,16.83182144165039,16.83182144165039,16.83182144165039,16.83182144165039,0
1998-07-20,17.003368377685547,17.003368377685547,17.003368377685547,17.003368377685547,0
1998-07-21,17.1455135345459,17.1455135345459,17.1455135345459,17.1455135345459,0
1998-07-22,16.84162139892578,16.84162139892578,16.84162139892578,16.84162139892578,0
1998-07-23,16.23383140563965,16.23383140563965,16.23383140563965,16.23383140563965,0
1998-07-24,15.665257453918457,15.665257453918457,15.665257453918457,15.665257453918457,0
1998-07-27,15.086882591247559,15.086882591247559,15.086882591247559,15.086882591247559,0
1998-07-28,15.175105094909668,15.175105094909668,15.175105094909668,15.175105094909668,0
1998-07-29,14.851604461669922,14.851604461669922,14.851604461669922,14.851604461669922,0
1998-07-30,15.278039932250977,15.278039932250977,15.278039932250977,15.278039932250977,0
1998-07-31,15.175105094909668,15.175105094909668,15.175105094909668,15.175105094909668,0
1998-08-03,14.974142074584961,14.974142074584961,14.974142074584961,14.974142074584961,0
1998-08-04,15.101584434509277,15.101584434509277,15.101584434509277,15.101584434509277,0
1998-08-05,14.925128936767578,14.925128936767578,14.925128936767578,14.925128936767578,0
1998-08-06,14.782980918884277,14.782980918884277,14.782980918884277,14.782980918884277,0
1998-08-07,14.91042423248291,14.91042423248291,14.91042423248291,14.91042423248291,0
1998-08-10,14.65554428100586,14.65554428100586,14.65554428100586,14.65554428100586,0
1998-08-11,14.160490036010742,14.160490036010742,14.160490036010742,14.160490036010742,0
1998-08-12,14.488890647888184,14.488890647888184,14.488890647888184,14.488890647888184,0
1998-08-13,14.381058692932129,14.381058692932129,14.381058692932129,14.381058692932129,0
1998-08-14,14.5379056930542,14.5379056930542,14.5379056930542,14.5379056930542,0
1998-08-17,14.577115058898926,14.577115058898926,14.577115058898926,14.577115058898926,0
1998-08-18,14.841798782348633,14.841798782348633,14.841798782348633,14.841798782348633,0
1998-08-19,14.890816688537598,14.890816688537598,14.890816688537598,14.890816688537598,0
1998-08-20,14.822197914123535,14.822197914123535,14.822197914123535,14.822197914123535,0
1998-08-21,14.356549263000488,14.356549263000488,14.356549263000488,14.356549263000488,0
1998-08-24,14.273226737976074,14.273226737976074,14.273226737976074,14.273226737976074,0
1998-08-25,14.336945533752441,14.336945533752441,14.336945533752441,14.336945533752441,0
1998-08-26,14.018345832824707,14.018345832824707,14.018345832824707,14.018345832824707,0
1998-08-27,13.317431449890137,13.317431449890137,13.317431449890137,13.317431449890137,0
1998-08-28,13.425260543823242,13.425260543823242,13.425260543823242,13.425260543823242,0
1998-08-31,13.145879745483398,13.145879745483398,13.145879745483398,13.145879745483398,0
1998-09-01,12.6508207321167,12.6508207321167,12.6508207321167,12.6508207321167,0
1998-09-02,13.332136154174805,13.332136154174805,13.332136154174805,13.332136154174805,0
1998-09-03,13.136073112487793,13.136073112487793,13.136073112487793,13.136073112487793,0
1998-09-04,13.675238609313965,13.675238609313965,13.675238609313965,13.675238609313965,0
1998-09-07,13.675238609313965,13.675238609313965,13.675238609313965,13.675238609313965,0
1998-09-08,13.792877197265625,13.792877197265625,13.792877197265625,13.792877197265625,0
1998-09-09,13.626220703125,13.626220703125,13.626220703125,13.626220703125,0
1998-09-10,13.136073112487793,13.136073112487793,13.136073112487793,13.136073112487793,0
1998-09-11,13.136073112487793,13.136073112487793,13.136073112487793,13.136073112487793,0
1998-09-14,13.444869041442871,13.444869041442871,13.444869041442871,13.444869041442871,0
1998-09-15,13.332136154174805,13.332136154174805,13.332136154174805,13.332136154174805,0
1998-09-16,13.567407608032227,13.567407608032227,13.567407608032227,13.567407608032227,0
1998-09-17,12.773359298706055,12.773359298706055,12.773359298706055,12.773359298706055,0
1998-09-18,13.038042068481445,13.038042068481445,13.038042068481445,13.038042068481445,0
1998-09-21,12.70473861694336,12.70473861694336,12.70473861694336,12.70473861694336,0
1998-09-22,13.087059020996094,13.087059020996094,13.087059020996094,13.087059020996094,0
1998-09-23,13.552702903747559,13.552702903747559,13.552702903747559,13.552702903747559,0
1998-09-24,13.332136154174805,13.332136154174805,13.332136154174805,13.332136154174805,0
1998-09-25,13.606618881225586,13.606618881225586,13.606618881225586,13.606618881225586,0
1998-09-28,13.871301651000977,13.871301651000977,13.871301651000977,13.871301651000977,0
1998-09-29,13.915417671203613,13.915417671203613,13.915417671203613,13.915417671203613,0
1998-09-30,13.498785972595215,13.498785972595215,13.498785972595215,13.498785972595215,0
1998-10-01,12.79296588897705,12.79296588897705,12.79296588897705,12.79296588897705,0
1998-10-02,12.096949577331543,12.096949577331543,12.096949577331543,12.096949577331543,0
1998-10-05,11.484261512756348,11.484261512756348,11.484261512756348,11.484261512756348,0
1998-10-06,12.092047691345215,12.092047691345215,12.092047691345215,12.092047691345215,0
1998-10-07,12.20478630065918,12.20478630065918,12.20478630065918,12.20478630065918,0
1998-10-08,11.964609146118164,11.964609146118164,11.964609146118164,11.964609146118164,0
1998-10-09,12.057738304138184,12.057738304138184,12.057738304138184,12.057738304138184,0
1998-10-12,12.449860572814941,12.449860572814941,12.449860572814941,12.449860572814941,0
1998-10-13,12.645919799804688,12.645919799804688,12.645919799804688,12.645919799804688,0
1998-10-14,13.087059020996094,13.087059020996094,13.087059020996094,13.087059020996094,0
1998-10-15,13.503684997558594,13.503684997558594,13.503684997558594,13.503684997558594,0
1998-10-16,13.699748039245605,13.699748039245605,13.699748039245605,13.699748039245605,0
1998-10-19,13.503684997558594,13.503684997558594,13.503684997558594,13.503684997558594,0
1998-10-20,13.905614852905273,13.905614852905273,13.905614852905273,13.905614852905273,0
1998-10-21,13.871301651000977,13.871301651000977,13.871301651000977,13.871301651000977,0
1998-10-22,13.846794128417969,13.846794128417969,13.846794128417969,13.846794128417969,0
1998-10-23,13.768370628356934,13.768370628356934,13.768370628356934,13.768370628356934,0
1998-10-26,13.993839263916016,13.993839263916016,13.993839263916016,13.993839263916016,0
1998-10-27,14.175196647644043,14.175196647644043,14.175196647644043,14.175196647644043,0
1998-10-28,13.939921379089355,13.939921379089355,13.939921379089355,13.939921379089355,0
1998-10-29,13.920319557189941,13.920319557189941,13.920319557189941,13.920319557189941,0
1998-10-30,14.116376876831055,14.116376876831055,14.116376876831055,14.116376876831055,0
1998-11-02,14.434977531433105,14.434977531433105,14.434977531433105,14.434977531433105,0
1998-11-03,14.175196647644043,14.175196647644043,14.175196647644043,14.175196647644043,0
1998-11-04,14.601628303527832,14.601628303527832,14.601628303527832,14.601628303527832,0
1998-11-05,14.28792667388916,14.28792667388916,14.28792667388916,14.28792667388916,0
1998-11-06,14.390864372253418,14.390864372253418,14.390864372253418,14.390864372253418,0
1998-11-09,14.420273780822754,14.420273780822754,14.420273780822754,14.420273780822754,0
1998-11-10,14.175196647644043,14.175196647644043,14.175196647644043,14.175196647644043,0
1998-11-11,14.126179695129395,14.126179695129395,14.126179695129395,14.126179695129395,0
1998-11-12,14.557516098022461,14.557516098022461,14.557516098022461,14.557516098022461,0
1998-11-13,14.297733306884766,14.297733306884766,14.297733306884766,14.297733306884766,0
1998-11-16,14.518303871154785,14.518303871154785,14.518303871154785,14.518303871154785,0
1998-11-17,14.650643348693848,14.650643348693848,14.650643348693848,14.650643348693848,0
1998-11-18,14.89571762084961,14.89571762084961,14.89571762084961,14.89571762084961,0
1998-11-19,15.135894775390625,15.135894775390625,15.135894775390625,15.135894775390625,0
1998-11-20,15.390771865844727,15.390771865844727,15.390771865844727,15.390771865844727,0
1998-11-23,15.635852813720703,15.635852813720703,15.635852813720703,15.635852813720703,0
1998-11-24,15.307445526123047,15.307445526123047,15.307445526123047,15.307445526123047,0
1998-11-25,14.410467147827148,14.410467147827148,14.410467147827148,14.410467147827148,0
1998-11-26,14.037951469421387,14.037951469421387,14.037951469421387,14.037951469421387,0
1998-11-27,14.376157760620117,14.376157760620117,14.376157760620117,14.376157760620117,0
1998-11-30,14.214406967163086,14.214406967163086,14.214406967163086,14.214406967163086,0
1998-12-01,13.587011337280273,13.587011337280273,13.587011337280273,13.587011337280273,0
1998-12-02,13.552702903747559,13.552702903747559,13.552702903747559,13.552702903747559,0
1998-12-03,13.719352722167969,13.719352722167969,13.719352722167969,13.719352722167969,0
1998-12-04,13.807580947875977,13.807580947875977,13.807580947875977,13.807580947875977,0
1998-12-07,13.969331741333008,13.969331741333008,13.969331741333008,13.969331741333008,0
1998-12-08,13.773276329040527,13.773276329040527,13.773276329040527,13.773276329040527,0
1998-12-09,13.552702903747559,13.552702903747559,13.552702903747559,13.552702903747559,0
1998-12-10,13.283117294311523,13.283117294311523,13.283117294311523,13.283117294311523,0
1998-12-11,13.136073112487793,13.136073112487793,13.136073112487793,13.136073112487793,0
1998-12-14,12.998830795288086,12.998830795288086,12.998830795288086,12.998830795288086,0
1998-12-15,13.136073112487793,13.136073112487793,13.136073112487793,13.136073112487793,0
1998-12-16,13.371346473693848,13.371346473693848,13.371346473693848,13.371346473693848,0
1998-12-17,13.582111358642578,13.582111358642578,13.582111358642578,13.582111358642578,0
1998-12-18,13.626220703125,13.626220703125,13.626220703125,13.626220703125,0
1998-12-21,14.018345832824707,14.018345832824707,14.018345832824707,14.018345832824707,0
1998-12-22,13.993839263916016,13.993839263916016,13.993839263916016,13.993839263916016,0
1998-12-23,14.263425827026367,14.263425827026367,14.263425827026367,14.263425827026367,0
1998-12-24,14.263425827026367,14.263425827026367,14.263425827026367,14.263425827026367,0
1998-12-25,14.263425827026367,14.263425827026367,14.263425827026367,14.263425827026367,0
1998-12-28,14.45948600769043,14.45948600769043,14.45948600769043,14.45948600769043,0
1998-12-29,14.498693466186523,14.498693466186523,14.498693466186523,14.498693466186523,0
1998-12-30,14.65554428100586,14.65554428100586,14.65554428100586,14.65554428100586,0
1998-12-31,14.65554428100586,14.65554428100586,14.65554428100586,14.65554428100586,0
1999-01-01,14.65554428100586,14.65554428100586,14.65554428100586,14.65554428100586,0
1999-01-04,15.072172164916992,15.072172164916992,15.072172164916992,15.072172164916992,0
1999-01-05,14.979046821594238,14.979046821594238,14.979046821594238,14.979046821594238,0
1999-01-06,15.229021072387695,15.229021072387695,15.229021072387695,15.229021072387695,0
1999-01-07,14.900617599487305,14.900617599487305,14.900617599487305,14.900617599487305,0
1999-01-08,14.939831733703613,14.939831733703613,14.939831733703613,14.939831733703613,0
1999-01-11,14.45948600769043,14.45948600769043,14.45948600769043,14.45948600769043,0
1999-01-12,14.15558910369873,14.15558910369873,14.15558910369873,14.15558910369873,0
1999-01-13,13.337034225463867,13.337034225463867,13.337034225463867,13.337034225463867,0
1999-01-14,13.386052131652832,13.386052131652832,13.386052131652832,13.386052131652832,0
1999-01-15,13.675238609313965,13.675238609313965,13.675238609313965,13.675238609313965,0
1999-01-18,13.082157135009766,13.082157135009766,13.082157135009766,13.082157135009766,0
1999-01-19,12.890997886657715,12.890997886657715,12.890997886657715,12.890997886657715,0
1999-01-20,13.023337364196777,13.023337364196777,13.023337364196777,13.023337364196777,0
1999-01-21,12.498875617980957,12.498875617980957,12.498875617980957,12.498875617980957,0
1999-01-22,12.69493579864502,12.69493579864502,12.69493579864502,12.69493579864502,0
1999-01-25,12.837078094482422,12.837078094482422,12.837078094482422,12.837078094482422,0
1999-01-26,12.827278137207031,12.827278137207031,12.827278137207031,12.827278137207031,0
1999-01-27,12.572399139404297,12.572399139404297,12.572399139404297,12.572399139404297,0
1999-01-28,12.743950843811035,12.743950843811035,12.743950843811035,12.743950843811035,0
1999-01-29,12.719444274902344,12.719444274902344,12.719444274902344,12.719444274902344,0
1999-02-01,12.940011024475098,12.940011024475098,12.940011024475098,12.940011024475098,0
1999-02-02,12.861586570739746,12.861586570739746,12.861586570739746,12.861586570739746,0
1999-02-03,12.86649227142334,12.86649227142334,12.86649227142334,12.86649227142334,0
1999-02-04,12.670433044433594,12.670433044433594,12.670433044433594,12.670433044433594,0
1999-02-05,12.670433044433594,12.670433044433594,12.670433044433594,12.670433044433594,0
1999-02-08,12.376335144042969,12.376335144042969,12.376335144042969,12.376335144042969,0
1999-02-09,12.293011665344238,12.293011665344238,12.293011665344238,12.293011665344238,0
1999-02-10,12.36163330078125,12.36163330078125,12.36163330078125,12.36163330078125,0
1999-02-11,12.351828575134277,12.351828575134277,12.351828575134277,12.351828575134277,0
1999-02-12,12.302815437316895,12.302815437316895,12.302815437316895,12.302815437316895,0
1999-02-15,12.479269981384277,12.479269981384277,12.479269981384277,12.479269981384277,0
1999-02-16,12.474365234375,12.474365234375,12.474365234375,12.474365234375,0
1999-02-17,12.743950843811035,12.743950843811035,12.743950843811035,12.743950843811035,0
1999-02-18,12.743950843811035,12.743950843811035,12.743950843811035,12.743950843811035,0
1999-02-19,12.940011024475098,12.940011024475098,12.940011024475098,12.940011024475098,0
1999-02-22,13.332136154174805,13.332136154174805,13.332136154174805,13.332136154174805,0
1999-02-23,13.371346473693848,13.371346473693848,13.371346473693848,13.371346473693848,0
1999-02-24,13.719352722167969,13.719352722167969,13.719352722167969,13.719352722167969,0
1999-02-25,13.469374656677246,13.469374656677246,13.469374656677246,13.469374656677246,0
1999-02-26,13.405656814575195,13.405656814575195,13.405656814575195,13.405656814575195,0
1999-03-01,13.2733154296875,13.2733154296875,13.2733154296875,13.2733154296875,0
1999-03-02,13.302724838256836,13.302724838256836,13.302724838256836,13.302724838256836,0
1999-03-03,13.283117294311523,13.283117294311523,13.283117294311523,13.283117294311523,0
1999-03-04,13.327231407165527,13.327231407165527,13.327231407165527,13.327231407165527,0
1999-03-05,13.479177474975586,13.479177474975586,13.479177474975586,13.479177474975586,0
1999-03-08,13.268412590026855,13.268412590026855,13.268412590026855,13.268412590026855,0
1999-03-09,13.292922019958496,13.292922019958496,13.292922019958496,13.292922019958496,0
1999-03-10,13.180184364318848,13.180184364318848,13.180184364318848,13.180184364318848,0
1999-03-11,13.35664176940918,13.35664176940918,13.35664176940918,13.35664176940918,0
1999-03-12,13.2733154296875,13.2733154296875,13.2733154296875,13.2733154296875,0
1999-03-15,13.351738929748535,13.351738929748535,13.351738929748535,13.351738929748535,0
1999-03-16,13.30762767791748,13.30762767791748,13.30762767791748,13.30762767791748,0
1999-03-17,13.263514518737793,13.263514518737793,13.263514518737793,13.263514518737793,0
1999-03-18,13.185087203979492,13.185087203979492,13.185087203979492,13.185087203979492,0
1999-03-19,13.185087203979492,13.185087203979492,13.185087203979492,13.185087203979492,0
1999-03-22,13.180184364318848,13.180184364318848,13.180184364318848,13.180184364318848,0
1999-03-23,12.964520454406738,12.964520454406738,12.964520454406738,12.964520454406738,0
1999-03-24,12.817473411560059,12.817473411560059,12.817473411560059,12.817473411560059,0
1999-03-25,13.087059020996094,13.087059020996094,13.087059020996094,13.087059020996094,0
1999-03-26,13.258612632751465,13.258612632751465,13.258612632751465,13.258612632751465,0
1999-03-29,13.185087203979492,13.185087203979492,13.185087203979492,13.185087203979492,0
1999-03-30,12.964520454406738,12.964520454406738,12.964520454406738,12.964520454406738,0
1999-03-31,13.180184364318848,13.180184364318848,13.180184364318848,13.180184364318848,0
1999-04-01,13.062548637390137,13.062548637390137,13.062548637390137,13.062548637390137,0
1999-04-02,13.062548637390137,13.062548637390137,13.062548637390137,13.062548637390137,0
1999-04-05,13.062548637390137,13.062548637390137,13.062548637390137,13.062548637390137,0
1999-04-06,12.930208206176758,12.930208206176758,12.930208206176758,12.930208206176758,0
1999-04-07,12.915504455566406,12.915504455566406,12.915504455566406,12.915504455566406,0
1999-04-08,13.038042068481445,13.038042068481445,13.038042068481445,13.038042068481445,0
1999-04-09,13.101764678955078,13.101764678955078,13.101764678955078,13.101764678955078,0
1999-04-12,13.04784870147705,13.04784870147705,13.04784870147705,13.04784870147705,0
1999-04-13,13.459574699401855,13.459574699401855,13.459574699401855,13.459574699401855,0
1999-04-14,13.636031150817871,13.636031150817871,13.636031150817871,13.636031150817871,0
1999-04-15,13.54780101776123,13.54780101776123,13.54780101776123,13.54780101776123,0
1999-04-16,13.562504768371582,13.562504768371582,13.562504768371582,13.562504768371582,0
1999-04-19,13.636031150817871,13.636031150817871,13.636031150817871,13.636031150817871,0
1999-04-20,13.498785972595215,13.498785972595215,13.498785972595215,13.498785972595215,0
1999-04-21,13.488984107971191,13.488984107971191,13.488984107971191,13.488984107971191,0
1999-04-22,13.601717948913574,13.601717948913574,13.601717948913574,13.601717948913574,0
1999-04-23,13.474278450012207,13.474278450012207,13.474278450012207,13.474278450012207,0
1999-04-26,13.503684997558594,13.503684997558594,13.503684997558594,13.503684997558594,0
1999-04-27,13.748764038085938,13.748764038085938,13.748764038085938,13.748764038085938,0
1999-04-28,13.773276329040527,13.773276329040527,13.773276329040527,13.773276329040527,0
1999-04-29,13.787975311279297,13.787975311279297,13.787975311279297,13.787975311279297,0
1999-04-30,13.83698844909668,13.83698844909668,13.83698844909668,13.83698844909668,0
1999-05-03,13.925217628479004,13.925217628479004,13.925217628479004,13.925217628479004,0
1999-05-04,13.552702903747559,13.552702903747559,13.552702903747559,13.552702903747559,0
1999-05-05,13.817383766174316,13.817383766174316,13.817383766174316,13.817383766174316,0
1999-05-06,13.9301176071167,13.9301176071167,13.9301176071167,13.9301176071167,0
1999-05-07,14.170291900634766,14.170291900634766,14.170291900634766,14.170291900634766,0
1999-05-10,14.16539192199707,14.16539192199707,14.16539192199707,14.16539192199707,0
1999-05-11,14.410467147827148,14.410467147827148,14.410467147827148,14.410467147827148,0
1999-05-12,14.27812385559082,14.27812385559082,14.27812385559082,14.27812385559082,0
1999-05-13,14.27812385559082,14.27812385559082,14.27812385559082,14.27812385559082,0
1999-05-14,14.07226276397705,14.07226276397705,14.07226276397705,14.07226276397705,0
1999-05-17,13.895808219909668,13.895808219909668,13.895808219909668,13.895808219909668,0
1999-05-18,13.984039306640625,13.984039306640625,13.984039306640625,13.984039306640625,0
1999-05-19,14.07226276397705,14.07226276397705,14.07226276397705,14.07226276397705,0
1999-05-20,14.02815055847168,14.02815055847168,14.02815055847168,14.02815055847168,0
1999-05-21,13.9301176071167,13.9301176071167,13.9301176071167,13.9301176071167,0
1999-05-24,13.9301176071167,13.9301176071167,13.9301176071167,13.9301176071167,0
1999-05-25,13.59191608428955,13.59191608428955,13.59191608428955,13.59191608428955,0
1999-05-26,13.621322631835938,13.621322631835938,13.621322631835938,13.621322631835938,0
1999-05-27,13.332136154174805,13.332136154174805,13.332136154174805,13.332136154174805,0
1999-05-28,13.454673767089844,13.454673767089844,13.454673767089844,13.454673767089844,0
1999-05-31,13.640929222106934,13.640929222106934,13.640929222106934,13.640929222106934,0
1999-06-01,13.567407608032227,13.567407608032227,13.567407608032227,13.567407608032227,0
1999-06-02,13.719352722167969,13.719352722167969,13.719352722167969,13.719352722167969,0
1999-06-03,13.881103515625,13.881103515625,13.881103515625,13.881103515625,0
1999-06-04,14.189900398254395,14.189900398254395,14.189900398254395,14.189900398254395,0
1999-06-07,14.253617286682129,14.253617286682129,14.253617286682129,14.253617286682129,0
1999-06-08,14.214406967163086,14.214406967163086,14.214406967163086,14.214406967163086,0
1999-06-09,14.096771240234375,14.096771240234375,14.096771240234375,14.096771240234375,0
1999-06-10,13.822285652160645,13.822285652160645,13.822285652160645,13.822285652160645,0
1999-06-11,13.9595308303833,13.9595308303833,13.9595308303833,13.9595308303833,0
1999-06-14,13.886003494262695,13.886003494262695,13.886003494262695,13.886003494262695,0
1999-06-15,14.042853355407715,14.042853355407715,14.042853355407715,14.042853355407715,0
1999-06-16,14.096771240234375,14.096771240234375,14.096771240234375,14.096771240234375,0
1999-06-17,14.037951469421387,14.037951469421387,14.037951469421387,14.037951469421387,0
1999-06-18,14.219307899475098,14.219307899475098,14.219307899475098,14.219307899475098,0
1999-06-21,14.336945533752441,14.336945533752441,14.336945533752441,14.336945533752441,0
1999-06-22,14.219307899475098,14.219307899475098,14.219307899475098,14.219307899475098,0
1999-06-23,14.082063674926758,14.082063674926758,14.082063674926758,14.082063674926758,0
1999-06-24,13.97423267364502,13.97423267364502,13.97423267364502,13.97423267364502,0
1999-06-25,13.699748039245605,13.699748039245605,13.699748039245605,13.699748039245605,0
1999-06-28,13.699748039245605,13.699748039245605,13.699748039245605,13.699748039245605,0
1999-06-29,13.895808219909668,13.895808219909668,13.895808219909668,13.895808219909668,0
1999-06-30,13.729156494140625,13.729156494140625,13.729156494140625,13.729156494140625,0
1999-07-01,14.229111671447754,14.229111671447754,14.229111671447754,14.229111671447754,0
1999-07-02,14.41537094116211,14.41537094116211,14.41537094116211,14.41537094116211,0
1999-07-05,14.41537094116211,14.41537094116211,14.41537094116211,14.41537094116211,0
1999-07-06,14.336945533752441,14.336945533752441,14.336945533752441,14.336945533752441,0
1999-07-07,14.248712539672852,14.248712539672852,14.248712539672852,14.248712539672852,0
1999-07-08,14.400664329528809,14.400664329528809,14.400664329528809,14.400664329528809,0
1999-07-09,14.253617286682129,14.253617286682129,14.253617286682129,14.253617286682129,0
1999-07-12,14.16539192199707,14.16539192199707,14.16539192199707,14.16539192199707,0
1999-07-13,13.9595308303833,13.9595308303833,13.9595308303833,13.9595308303833,0
1999-07-14,14.008544921875,14.008544921875,14.008544921875,14.008544921875,0
1999-07-15,14.018345832824707,14.018345832824707,14.018345832824707,14.018345832824707,0
1999-07-16,14.018345832824707,14.018345832824707,14.018345832824707,14.018345832824707,0
1999-07-19,14.106575965881348,14.106575965881348,14.106575965881348,14.106575965881348,0
1999-07-20,14.052656173706055,14.052656173706055,14.052656173706055,14.052656173706055,0
1999-07-21,14.410467147827148,14.410467147827148,14.410467147827148,14.410467147827148,0
1999-07-22,14.28792667388916,14.28792667388916,14.28792667388916,14.28792667388916,0
1999-07-23,14.023249626159668,14.023249626159668,14.023249626159668,14.023249626159668,0
1999-07-26,14.09186840057373,14.09186840057373,14.09186840057373,14.09186840057373,0
1999-07-27,14.263425827026367,14.263425827026367,14.263425827026367,14.263425827026367,0
1999-07-28,14.189900398254395,14.189900398254395,14.189900398254395,14.189900398254395,0
1999-07-29,14.018345832824707,14.018345832824707,14.018345832824707,14.018345832824707,0
1999-07-30,14.371255874633789,14.371255874633789,14.371255874633789,14.371255874633789,0
1999-08-02,14.410467147827148,14.410467147827148,14.410467147827148,14.410467147827148,0
1999-08-03,14.28792667388916,14.28792667388916,14.28792667388916,14.28792667388916,0
1999-08-04,14.273226737976074,14.273226737976074,14.273226737976074,14.273226737976074,0
1999-08-05,14.258522033691406,14.258522033691406,14.258522033691406,14.258522033691406,0
1999-08-06,14.28792667388916,14.28792667388916,14.28792667388916,14.28792667388916,0
1999-08-09,14.390864372253418,14.390864372253418,14.390864372253418,14.390864372253418,0
1999-08-10,14.194801330566406,14.194801330566406,14.194801330566406,14.194801330566406,0
1999-08-11,14.38595962524414,14.38595962524414,14.38595962524414,14.38595962524414,0
1999-08-12,14.616327285766602,14.616327285766602,14.616327285766602,14.616327285766602,0
1999-08-13,14.65554428100586,14.65554428100586,14.65554428100586,14.65554428100586,0
1999-08-16,14.645742416381836,14.645742416381836,14.645742416381836,14.645742416381836,0
1999-08-17,14.586919784545898,14.586919784545898,14.586919784545898,14.586919784545898,0
1999-08-18,14.523201942443848,14.523201942443848,14.523201942443848,14.523201942443848,0
1999-08-19,14.518303871154785,14.518303871154785,14.518303871154785,14.518303871154785,0
1999-08-20,14.6653470993042,14.6653470993042,14.6653470993042,14.6653470993042,0
1999-08-23,14.626131057739258,14.626131057739258,14.626131057739258,14.626131057739258,0
1999-08-24,14.542808532714844,14.542808532714844,14.542808532714844,14.542808532714844,0
1999-08-25,14.567317008972168,14.567317008972168,14.567317008972168,14.567317008972168,0
1999-08-26,14.680051803588867,14.680051803588867,14.680051803588867,14.680051803588867,0
1999-08-27,14.778080940246582,14.778080940246582,14.778080940246582,14.778080940246582,0
1999-08-30,14.876111030578613,14.876111030578613,14.876111030578613,14.876111030578613,0
1999-08-31,14.65554428100586,14.65554428100586,14.65554428100586,14.65554428100586,0
1999-09-01,14.85650634765625,14.85650634765625,14.85650634765625,14.85650634765625,0
1999-09-02,14.704558372497559,14.704558372497559,14.704558372497559,14.704558372497559,0
1999-09-03,14.949637413024902,14.949637413024902,14.949637413024902,14.949637413024902,0
1999-09-06,15.018258094787598,15.018258094787598,15.018258094787598,15.018258094787598,0
1999-09-07,14.92022705078125,14.92022705078125,14.92022705078125,14.92022705078125,0
1999-09-08,14.915324211120605,14.915324211120605,14.915324211120605,14.915324211120605,0
1999-09-09,14.915324211120605,14.915324211120605,14.915324211120605,14.915324211120605,0
1999-09-10,14.76337718963623,14.76337718963623,14.76337718963623,14.76337718963623,0
1999-09-13,14.56241226196289,14.56241226196289,14.56241226196289,14.56241226196289,0
1999-09-14,14.577115058898926,14.577115058898926,14.577115058898926,14.577115058898926,0
1999-09-15,14.557516098022461,14.557516098022461,14.557516098022461,14.557516098022461,0
1999-09-16,14.390864372253418,14.390864372253418,14.390864372253418,14.390864372253418,0
1999-09-17,14.410467147827148,14.410467147827148,14.410467147827148,14.410467147827148,0
1999-09-20,14.684951782226562,14.684951782226562,14.684951782226562,14.684951782226562,0
1999-09-21,14.488890647888184,14.488890647888184,14.488890647888184,14.488890647888184,0
1999-09-22,14.346744537353516,14.346744537353516,14.346744537353516,14.346744537353516,0
1999-09-23,14.498693466186523,14.498693466186523,14.498693466186523,14.498693466186523,0
1999-09-24,14.336945533752441,14.336945533752441,14.336945533752441,14.336945533752441,0
1999-09-27,14.59672737121582,14.59672737121582,14.59672737121582,14.59672737121582,0
1999-09-28,14.111475944519043,14.111475944519043,14.111475944519043,14.111475944519043,0
1999-09-29,13.964427947998047,13.964427947998047,13.964427947998047,13.964427947998047,0
1999-09-30,13.822285652160645,13.822285652160645,13.822285652160645,13.822285652160645,0
1999-10-01,13.773276329040527,13.773276329040527,13.773276329040527,13.773276329040527,0
1999-10-04,14.175196647644043,14.175196647644043,14.175196647644043,14.175196647644043,0
1999-10-05,14.410467147827148,14.410467147827148,14.410467147827148,14.410467147827148,0
1999-10-06,14.371255874633789,14.371255874633789,14.371255874633789,14.371255874633789,0
1999-10-07,14.420273780822754,14.420273780822754,14.420273780822754,14.420273780822754,0
1999-10-08,14.547711372375488,14.547711372375488,14.547711372375488,14.547711372375488,0
1999-10-11,14.591826438903809,14.591826438903809,14.591826438903809,14.591826438903809,0
1999-10-12,14.444778442382812,14.444778442382812,14.444778442382812,14.444778442382812,0
1999-10-13,14.263425827026367,14.263425827026367,14.263425827026367,14.263425827026367,0
1999-10-14,14.023249626159668,14.023249626159668,14.023249626159668,14.023249626159668,0
1999-10-15,13.724258422851562,13.724258422851562,13.724258422851562,13.724258422851562,0
1999-10-18,13.650735855102539,13.650735855102539,13.650735855102539,13.650735855102539,0
1999-10-19,13.83698844909668,13.83698844909668,13.83698844909668,13.83698844909668,0
1999-10-20,13.748764038085938,13.748764038085938,13.748764038085938,13.748764038085938,0
1999-10-21,13.59191608428955,13.59191608428955,13.59191608428955,13.59191608428955,0
1999-10-22,13.768370628356934,13.768370628356934,13.768370628356934,13.768370628356934,0
1999-10-25,13.675238609313965,13.675238609313965,13.675238609313965,13.675238609313965,0
1999-10-26,13.915417671203613,13.915417671203613,13.915417671203613,13.915417671203613,0
1999-10-27,13.944823265075684,13.944823265075684,13.944823265075684,13.944823265075684,0
1999-10-28,14.248712539672852,14.248712539672852,14.248712539672852,14.248712539672852,0
1999-10-29,14.410467147827148,14.410467147827148,14.410467147827148,14.410467147827148,0
1999-11-01,14.390864372253418,14.390864372253418,14.390864372253418,14.390864372253418,0
1999-11-02,14.483989715576172,14.483989715576172,14.483989715576172,14.483989715576172,0
1999-11-03,14.635940551757812,14.635940551757812,14.635940551757812,14.635940551757812,0
1999-11-04,14.53300666809082,14.53300666809082,14.53300666809082,14.53300666809082,0
1999-11-05,14.253617286682129,14.253617286682129,14.253617286682129,14.253617286682129,0
1999-11-08,14.189900398254395,14.189900398254395,14.189900398254395,14.189900398254395,0
1999-11-09,14.07226276397705,14.07226276397705,14.07226276397705,14.07226276397705,0
1999-11-10,14.018345832824707,14.018345832824707,14.018345832824707,14.018345832824707,0
1999-11-11,14.14578914642334,14.14578914642334,14.14578914642334,14.14578914642334,0
1999-11-12,14.14578914642334,14.14578914642334,14.14578914642334,14.14578914642334,0
1999-11-15,14.106575965881348,14.106575965881348,14.106575965881348,14.106575965881348,0
1999-11-16,14.214406967163086,14.214406967163086,14.214406967163086,14.214406967163086,0
1999-11-17,14.307534217834473,14.307534217834473,14.307534217834473,14.307534217834473,0
1999-11-18,14.234012603759766,14.234012603759766,14.234012603759766,14.234012603759766,0
1999-11-19,14.033053398132324,14.033053398132324,14.033053398132324,14.033053398132324,0
1999-11-22,14.052656173706055,14.052656173706055,14.052656173706055,14.052656173706055,0
1999-11-23,14.180093765258789,14.180093765258789,14.180093765258789,14.180093765258789,0
1999-11-24,14.18499755859375,14.18499755859375,14.18499755859375,14.18499755859375,0
1999-11-25,14.263425827026367,14.263425827026367,14.263425827026367,14.263425827026367,0
1999-11-26,14.16539192199707,14.16539192199707,14.16539192199707,14.16539192199707,0
1999-11-29,14.13107967376709,14.13107967376709,14.13107967376709,14.13107967376709,0
1999-11-30,14.02815055847168,14.02815055847168,14.02815055847168,14.02815055847168,0
1999-12-01,14.209504127502441,14.209504127502441,14.209504127502441,14.209504127502441,0
1999-12-02,14.033053398132324,14.033053398132324,14.033053398132324,14.033053398132324,0
1999-12-03,14.077166557312012,14.077166557312012,14.077166557312012,14.077166557312012,0
1999-12-06,14.008544921875,14.008544921875,14.008544921875,14.008544921875,0
1999-12-07,13.915417671203613,13.915417671203613,13.915417671203613,13.915417671203613,0
1999-12-08,13.748764038085938,13.748764038085938,13.748764038085938,13.748764038085938,0
1999-12-09,13.650735855102539,13.650735855102539,13.650735855102539,13.650735855102539,0
1999-12-10,13.479177474975586,13.479177474975586,13.479177474975586,13.479177474975586,0
1999-12-13,13.464472770690918,13.464472770690918,13.464472770690918,13.464472770690918,0
1999-12-14,13.719352722167969,13.719352722167969,13.719352722167969,13.719352722167969,0
1999-12-15,13.5772123336792,13.5772123336792,13.5772123336792,13.5772123336792,0
1999-12-16,13.773276329040527,13.773276329040527,13.773276329040527,13.773276329040527,0
1999-12-17,14.018345832824707,14.018345832824707,14.018345832824707,14.018345832824707,0
1999-12-20,14.023249626159668,14.023249626159668,14.023249626159668,14.023249626159668,0
1999-12-21,13.85169506072998,13.85169506072998,13.85169506072998,13.85169506072998,0
1999-12-22,13.82718563079834,13.82718563079834,13.82718563079834,13.82718563079834,0
1999-12-23,13.900710105895996,13.900710105895996,13.900710105895996,13.900710105895996,0
1999-12-24,13.900710105895996,13.900710105895996,13.900710105895996,13.900710105895996,0
1999-12-27,13.758567810058594,13.758567810058594,13.758567810058594,13.758567810058594,0
1999-12-28,13.920319557189941,13.920319557189941,13.920319557189941,13.920319557189941,0
1999-12-29,14.06735897064209,14.06735897064209,14.06735897064209,14.06735897064209,0
1999-12-30,14.297733306884766,14.297733306884766,14.297733306884766,14.297733306884766,0
1999-12-31,14.297733306884766,14.297733306884766,14.297733306884766,14.297733306884766,0
2000-01-03,14.297733306884766,14.297733306884766,14.297733306884766,14.297733306884766,0
2000-01-04,13.724258422851562,13.724258422851562,13.724258422851562,13.724258422851562,0
2000-01-05,13.626220703125,13.626220703125,13.626220703125,13.626220703125,0
2000-01-06,14.194801330566406,14.194801330566406,14.194801330566406,14.194801330566406,0
2000-01-07,14.474190711975098,14.474190711975098,14.474190711975098,14.474190711975098,0
2000-01-10,14.327139854431152,14.327139854431152,14.327139854431152,14.327139854431152,0
2000-01-11,14.361452102661133,14.361452102661133,14.361452102661133,14.361452102661133,0
2000-01-12,14.670248031616211,14.670248031616211,14.670248031616211,14.670248031616211,0
2000-01-13,14.7290678024292,14.7290678024292,14.7290678024292,14.7290678024292,0
2000-01-14,14.807488441467285,14.807488441467285,14.807488441467285,14.807488441467285,0
2000-01-17,14.680051803588867,14.680051803588867,14.680051803588867,14.680051803588867,0
2000-01-18,14.474190711975098,14.474190711975098,14.474190711975098,14.474190711975098,0
2000-01-19,14.381058692932129,14.381058692932129,14.381058692932129,14.381058692932129,0
2000-01-20,14.204605102539062,14.204605102539062,14.204605102539062,14.204605102539062,0
2000-01-21,14.189900398254395,14.189900398254395,14.189900398254395,14.189900398254395,0
2000-01-24,13.871301651000977,13.871301651000977,13.871301651000977,13.871301651000977,0
2000-01-25,13.449769973754883,13.449769973754883,13.449769973754883,13.449769973754883,0
2000-01-26,13.332136154174805,13.332136154174805,13.332136154174805,13.332136154174805,0
2000-01-27,13.660534858703613,13.660534858703613,13.660534858703613,13.660534858703613,0
2000-01-28,13.381149291992188,13.381149291992188,13.381149291992188,13.381149291992188,0
2000-01-31,13.263514518737793,13.263514518737793,13.263514518737793,13.263514518737793,0
2000-02-01,13.35664176940918,13.35664176940918,13.35664176940918,13.35664176940918,0
2000-02-02,13.430163383483887,13.430163383483887,13.430163383483887,13.430163383483887,0
2000-02-03,13.52819538116455,13.52819538116455,13.52819538116455,13.52819538116455,0
2000-02-04,13.219398498535156,13.219398498535156,13.219398498535156,13.219398498535156,0
2000-02-07,13.062548637390137,13.062548637390137,13.062548637390137,13.062548637390137,0
2000-02-08,13.12626838684082,13.12626838684082,13.12626838684082,13.12626838684082,0
2000-02-09,12.817473411560059,12.817473411560059,12.817473411560059,12.817473411560059,0
2000-02-10,12.930208206176758,12.930208206176758,12.930208206176758,12.930208206176758,0
2000-02-11,12.822376251220703,12.822376251220703,12.822376251220703,12.822376251220703,0
2000-02-14,12.621411323547363,12.621411323547363,12.621411323547363,12.621411323547363,0
2000-02-15,12.459665298461914,12.459665298461914,12.459665298461914,12.459665298461914,0
2000-02-16,12.989028930664062,12.989028930664062,12.989028930664062,12.989028930664062,0
2000-02-17,13.091959953308105,13.091959953308105,13.091959953308105,13.091959953308105,0
2000-02-18,13.386052131652832,13.386052131652832,13.386052131652832,13.386052131652832,0
2000-02-21,13.140974998474121,13.140974998474121,13.140974998474121,13.140974998474121,0
2000-02-22,13.537997245788574,13.537997245788574,13.537997245788574,13.537997245788574,0
2000-02-23,13.631128311157227,13.631128311157227,13.631128311157227,13.631128311157227,0
2000-02-24,13.557604789733887,13.557604789733887,13.557604789733887,13.557604789733887,0
2000-02-25,13.758567810058594,13.758567810058594,13.758567810058594,13.758567810058594,0
2000-02-28,13.734061241149902,13.734061241149902,13.734061241149902,13.734061241149902,0
2000-02-29,13.787975311279297,13.787975311279297,13.787975311279297,13.787975311279297,0
2000-03-01,13.964427947998047,13.964427947998047,13.964427947998047,13.964427947998047,0
2000-03-02,14.018345832824707,14.018345832824707,14.018345832824707,14.018345832824707,0
2000-03-03,13.886003494262695,13.886003494262695,13.886003494262695,13.886003494262695,0
2000-03-06,13.969331741333008,13.969331741333008,13.969331741333008,13.969331741333008,0
2000-03-07,13.709551811218262,13.709551811218262,13.709551811218262,13.709551811218262,0
2000-03-08,13.224300384521484,13.224300384521484,13.224300384521484,13.224300384521484,0
2000-03-09,13.194890975952148,13.194890975952148,13.194890975952148,13.194890975952148,0
2000-03-10,12.940011024475098,12.940011024475098,12.940011024475098,12.940011024475098,0
2000-03-13,12.778260231018066,12.778260231018066,12.778260231018066,12.778260231018066,0
2000-03-14,12.8419828414917,12.8419828414917,12.8419828414917,12.8419828414917,0
2000-03-15,13.395853042602539,13.395853042602539,13.395853042602539,13.395853042602539,0
2000-03-16,14.214406967163086,14.214406967163086,14.214406967163086,14.214406967163086,0
2000-03-17,13.969331741333008,13.969331741333008,13.969331741333008,13.969331741333008,0
2000-03-20,14.234012603759766,14.234012603759766,14.234012603759766,14.234012603759766,0
2000-03-21,14.430071830749512,14.430071830749512,14.430071830749512,14.430071830749512,0
2000-03-22,14.469283103942871,14.469283103942871,14.469283103942871,14.469283103942871,0
2000-03-23,14.45948600769043,14.45948600769043,14.45948600769043,14.45948600769043,0
2000-03-24,14.650643348693848,14.650643348693848,14.650643348693848,14.650643348693848,0
2000-03-27,14.483989715576172,14.483989715576172,14.483989715576172,14.483989715576172,0
2000-03-28,14.557516098022461,14.557516098022461,14.557516098022461,14.557516098022461,0
2000-03-29,14.483989715576172,14.483989715576172,14.483989715576172,14.483989715576172,0
2000-03-30,14.557516098022461,14.557516098022461,14.557516098022461,14.557516098022461,0
2000-03-31,14.606529235839844,14.606529235839844,14.606529235839844,14.606529235839844,0
2000-04-03,14.748675346374512,14.748675346374512,14.748675346374512,14.748675346374512,0
2000-04-04,15.047667503356934,15.047667503356934,15.047667503356934,15.047667503356934,0
2000-04-05,15.023159980773926,15.023159980773926,15.023159980773926,15.023159980773926,0
2000-04-06,14.949637413024902,14.949637413024902,14.949637413024902,14.949637413024902,0
2000-04-07,14.890816688537598,14.890816688537598,14.890816688537598,14.890816688537598,0
2000-04-10,14.87121295928955,14.87121295928955,14.87121295928955,14.87121295928955,0
2000-04-11,14.925128936767578,14.925128936767578,14.925128936767578,14.925128936767578,0
2000-04-12,15.086882591247559,15.086882591247559,15.086882591247559,15.086882591247559,0
2000-04-13,14.934930801391602,14.934930801391602,14.934930801391602,14.934930801391602,0
2000-04-14,14.782980918884277,14.782980918884277,14.782980918884277,14.782980918884277,0
2000-04-17,14.65554428100586,14.65554428100586,14.65554428100586,14.65554428100586,0
2000-04-18,14.582019805908203,14.582019805908203,14.582019805908203,14.582019805908203,0
2000-04-19,14.675150871276855,14.675150871276855,14.675150871276855,14.675150871276855,0
2000-04-20,14.694755554199219,14.694755554199219,14.694755554199219,14.694755554199219,0
2000-04-21,14.694755554199219,14.694755554199219,14.694755554199219,14.694755554199219,0
2000-04-24,14.694755554199219,14.694755554199219,14.694755554199219,14.694755554199219,0
2000-04-25,14.974142074584961,14.974142074584961,14.974142074584961,14.974142074584961,0
2000-04-26,14.91042423248291,14.91042423248291,14.91042423248291,14.91042423248291,0
2000-04-27,14.949637413024902,14.949637413024902,14.949637413024902,14.949637413024902,0
2000-04-28,14.900617599487305,14.900617599487305,14.900617599487305,14.900617599487305,0
2000-05-01,14.900617599487305,14.900617599487305,14.900617599487305,14.900617599487305,0
2000-05-02,15.047667503356934,15.047667503356934,15.047667503356934,15.047667503356934,0
2000-05-03,14.979046821594238,14.979046821594238,14.979046821594238,14.979046821594238,0
2000-05-04,15.086882591247559,15.086882591247559,15.086882591247559,15.086882591247559,0
2000-05-05,15.209416389465332,15.209416389465332,15.209416389465332,15.209416389465332,0
2000-05-08,15.390771865844727,15.390771865844727,15.390771865844727,15.390771865844727,0
2000-05-09,15.68486213684082,15.68486213684082,15.68486213684082,15.68486213684082,0
2000-05-10,15.665257453918457,15.665257453918457,15.665257453918457,15.665257453918457,0
2000-05-11,16.116195678710938,16.116195678710938,16.116195678710938,16.116195678710938,0
2000-05-12,15.954444885253906,15.954444885253906,15.954444885253906,15.954444885253906,0
2000-05-15,15.831908226013184,15.831908226013184,15.831908226013184,15.831908226013184,0
2000-05-16,15.704469680786133,15.704469680786133,15.704469680786133,15.704469680786133,0
2000-05-17,15.699565887451172,15.699565887451172,15.699565887451172,15.699565887451172,0
2000-05-18,15.733878135681152,15.733878135681152,15.733878135681152,15.733878135681152,0
2000-05-19,15.675065040588379,15.675065040588379,15.675065040588379,15.675065040588379,0
2000-05-22,15.905430793762207,15.905430793762207,15.905430793762207,15.905430793762207,0
2000-05-23,16.121097564697266,16.121097564697266,16.121097564697266,16.121097564697266,0
2000-05-24,16.371074676513672,16.371074676513672,16.371074676513672,16.371074676513672,0
2000-05-25,16.36617088317871,16.36617088317871,16.36617088317871,16.36617088317871,0
2000-05-26,16.1505069732666,16.1505069732666,16.1505069732666,16.1505069732666,0
2000-05-29,16.086790084838867,16.086790084838867,16.086790084838867,16.086790084838867,0
2000-05-30,16.076984405517578,16.076984405517578,16.076984405517578,16.076984405517578,0
2000-05-31,15.782892227172852,15.782892227172852,15.782892227172852,15.782892227172852,0
2000-06-01,15.782892227172852,15.782892227172852,15.782892227172852,15.782892227172852,0
2000-06-02,15.993659019470215,15.993659019470215,15.993659019470215,15.993659019470215,0
2000-06-05,15.68486213684082,15.68486213684082,15.68486213684082,15.68486213684082,0
2000-06-06,15.768186569213867,15.768186569213867,15.768186569213867,15.768186569213867,0
2000-06-07,15.79269790649414,15.79269790649414,15.79269790649414,15.79269790649414,0
2000-06-08,15.572129249572754,15.572129249572754,15.572129249572754,15.572129249572754,0
2000-06-09,15.405475616455078,15.405475616455078,15.405475616455078,15.405475616455078,0
2000-06-12,15.405475616455078,15.405475616455078,15.405475616455078,15.405475616455078,0
2000-06-13,15.640748023986816,15.640748023986816,15.640748023986816,15.640748023986816,0
2000-06-14,15.895628929138184,15.895628929138184,15.895628929138184,15.895628929138184,0
2000-06-15,15.827006340026855,15.827006340026855,15.827006340026855,15.827006340026855,0
2000-06-16,16.027969360351562,16.027969360351562,16.027969360351562,16.027969360351562,0
2000-06-19,15.885828018188477,15.885828018188477,15.885828018188477,15.885828018188477,0
2000-06-20,15.836812019348145,15.836812019348145,15.836812019348145,15.836812019348145,0
2000-06-21,15.974053382873535,15.974053382873535,15.974053382873535,15.974053382873535,0
2000-06-22,15.93484115600586,15.93484115600586,15.93484115600586,15.93484115600586,0
2000-06-23,15.9593505859375,15.9593505859375,15.9593505859375,15.9593505859375,0
2000-06-26,15.978955268859863,15.978955268859863,15.978955268859863,15.978955268859863,0
2000-06-27,15.905430793762207,15.905430793762207,15.905430793762207,15.905430793762207,0
2000-06-28,15.91032886505127,15.91032886505127,15.91032886505127,15.91032886505127,0
2000-06-29,16.086790084838867,16.086790084838867,16.086790084838867,16.086790084838867,0
2000-06-30,16.003461837768555,16.003461837768555,16.003461837768555,16.003461837768555,0
2000-07-03,16.14560317993164,16.14560317993164,16.14560317993164,16.14560317993164,0
2000-07-04,16.121097564697266,16.121097564697266,16.121097564697266,16.121097564697266,0
2000-07-05,16.121097564697266,16.121097564697266,16.121097564697266,16.121097564697266,0
2000-07-06,16.111295700073242,16.111295700073242,16.111295700073242,16.111295700073242,0
2000-07-07,16.12599754333496,16.12599754333496,16.12599754333496,16.12599754333496,0
2000-07-10,16.13089942932129,16.13089942932129,16.13089942932129,16.13089942932129,0
2000-07-11,16.12599754333496,16.12599754333496,16.12599754333496,16.12599754333496,0
2000-07-12,16.067180633544922,16.067180633544922,16.067180633544922,16.067180633544922,0
2000-07-13,16.067180633544922,16.067180633544922,16.067180633544922,16.067180633544922,0
2000-07-14,15.880922317504883,15.880922317504883,15.880922317504883,15.880922317504883,0
2000-07-17,15.856416702270508,15.856416702270508,15.856416702270508,15.856416702270508,0
2000-07-18,15.782892227172852,15.782892227172852,15.782892227172852,15.782892227172852,0
2000-07-19,15.900528907775879,15.900528907775879,15.900528907775879,15.900528907775879,0
2000-07-20,16.116195678710938,16.116195678710938,16.116195678710938,16.116195678710938,0
2000-07-21,16.140705108642578,16.140705108642578,16.140705108642578,16.140705108642578,0
2000-07-24,16.591646194458008,16.591646194458008,16.591646194458008,16.591646194458008,0
2000-07-25,16.61615562438965,16.61615562438965,16.61615562438965,16.61615562438965,0
2000-07-26,16.483810424804688,16.483810424804688,16.483810424804688,16.483810424804688,0
2000-07-27,16.562238693237305,16.562238693237305,16.562238693237305,16.562238693237305,0
2000-07-28,16.983762741088867,16.983762741088867,16.983762741088867,16.983762741088867,0
2000-07-31,17.042583465576172,17.042583465576172,17.042583465576172,17.042583465576172,0
2000-08-01,17.042583465576172,17.042583465576172,17.042583465576172,17.042583465576172,0
2000-08-02,17.179828643798828,17.179828643798828,17.179828643798828,17.179828643798828,0
2000-08-03,17.317066192626953,17.317066192626953,17.317066192626953,17.317066192626953,0
2000-08-04,17.25334930419922,17.25334930419922,17.25334930419922,17.25334930419922,0
2000-08-07,17.302366256713867,17.302366256713867,17.302366256713867,17.302366256713867,0
2000-08-08,17.170026779174805,17.170026779174805,17.170026779174805,17.170026779174805,0
2000-08-09,16.988670349121094,16.988670349121094,16.988670349121094,16.988670349121094,0
2000-08-10,16.929853439331055,16.929853439331055,16.929853439331055,16.929853439331055,0
2000-08-11,17.03278160095215,17.03278160095215,17.03278160095215,17.03278160095215,0
2000-08-14,17.07199478149414,17.07199478149414,17.07199478149414,17.07199478149414,0
2000-08-15,17.1112060546875,17.1112060546875,17.1112060546875,17.1112060546875,0
2000-08-16,17.277854919433594,17.277854919433594,17.277854919433594,17.277854919433594,0
2000-08-17,17.219043731689453,17.219043731689453,17.219043731689453,17.219043731689453,0
2000-08-18,17.14061737060547,17.14061737060547,17.14061737060547,17.14061737060547,0
2000-08-21,17.36117935180664,17.36117935180664,17.36117935180664,17.36117935180664,0
2000-08-22,17.518035888671875,17.518035888671875,17.518035888671875,17.518035888671875,0
2000-08-23,18.282669067382812,18.282669067382812,18.282669067382812,18.282669067382812,0
2000-08-24,18.473827362060547,18.473827362060547,18.473827362060547,18.473827362060547,0
2000-08-25,18.331687927246094,18.331687927246094,18.331687927246094,18.331687927246094,0
2000-08-28,18.258163452148438,18.258163452148438,18.258163452148438,18.258163452148438,0
2000-08-29,18.165037155151367,18.165037155151367,18.165037155151367,18.165037155151367,0
2000-08-30,18.302274703979492,18.302274703979492,18.302274703979492,18.302274703979492,0
2000-08-31,18.400306701660156,18.400306701660156,18.400306701660156,18.400306701660156,0
2000-09-01,18.464021682739258,18.464021682739258,18.464021682739258,18.464021682739258,0
2000-09-04,17.851335525512695,17.851335525512695,17.851335525512695,17.851335525512695,0
2000-09-05,17.880741119384766,17.880741119384766,17.880741119384766,17.880741119384766,0
2000-09-06,17.968969345092773,17.968969345092773,17.968969345092773,17.968969345092773,0
2000-09-07,18.052297592163086,18.052297592163086,18.052297592163086,18.052297592163086,0
2000-09-08,17.90525245666504,17.90525245666504,17.90525245666504,17.90525245666504,0
2000-09-11,18.081708908081055,18.081708908081055,18.081708908081055,18.081708908081055,0
2000-09-12,17.99837875366211,17.99837875366211,17.99837875366211,17.99837875366211,0
2000-09-13,18.05719757080078,18.05719757080078,18.05719757080078,18.05719757080078,0
2000-09-14,17.94446563720703,17.94446563720703,17.94446563720703,17.94446563720703,0
2000-09-15,18.062097549438477,18.062097549438477,18.062097549438477,18.062097549438477,0
2000-09-18,17.988576889038086,17.988576889038086,17.988576889038086,17.988576889038086,0
2000-09-19,18.135622024536133,18.135622024536133,18.135622024536133,18.135622024536133,0
2000-09-20,18.194442749023438,18.194442749023438,18.194442749023438,18.194442749023438,0
2000-09-21,18.331687927246094,18.331687927246094,18.331687927246094,18.331687927246094,0
2000-09-22,18.488534927368164,18.488534927368164,18.488534927368164,18.488534927368164,0
2000-09-25,18.527742385864258,18.527742385864258,18.527742385864258,18.527742385864258,0
2000-09-26,18.454221725463867,18.454221725463867,18.454221725463867,18.454221725463867,0
2000-09-27,18.424816131591797,18.424816131591797,18.424816131591797,18.424816131591797,0
2000-09-28,18.473827362060547,18.473827362060547,18.473827362060547,18.473827362060547,0
2000-09-29,17.645469665527344,17.645469665527344,17.645469665527344,17.645469665527344,0
2000-10-02,18.405208587646484,18.405208587646484,18.405208587646484,18.405208587646484,0
2000-10-03,18.478731155395508,18.478731155395508,18.478731155395508,18.478731155395508,0
2000-10-04,18.3905029296875,18.3905029296875,18.3905029296875,18.3905029296875,0
2000-10-05,18.527742385864258,18.527742385864258,18.527742385864258,18.527742385864258,0
2000-10-06,18.454221725463867,18.454221725463867,18.454221725463867,18.454221725463867,0
2000-10-09,18.527742385864258,18.527742385864258,18.527742385864258,18.527742385864258,0
2000-10-10,18.50323486328125,18.50323486328125,18.50323486328125,18.50323486328125,0
2000-10-11,18.625774383544922,18.625774383544922,18.625774383544922,18.625774383544922,0
2000-10-12,18.459121704101562,18.459121704101562,18.459121704101562,18.459121704101562,0
2000-10-13,18.267963409423828,18.267963409423828,18.267963409423828,18.267963409423828,0
2000-10-16,17.674884796142578,17.674884796142578,17.674884796142578,17.674884796142578,0
2000-10-17,17.4003963470459,17.4003963470459,17.4003963470459,17.4003963470459,0
2000-10-18,17.890546798706055,17.890546798706055,17.890546798706055,17.890546798706055,0
2000-10-19,17.99837875366211,17.99837875366211,17.99837875366211,17.99837875366211,0
2000-10-20,17.53763198852539,17.53763198852539,17.53763198852539,17.53763198852539,0
2000-10-23,17.20923614501953,17.20923614501953,17.20923614501953,17.20923614501953,0
2000-10-24,17.547441482543945,17.547441482543945,17.547441482543945,17.547441482543945,0
2000-10-25,17.94936752319336,17.94936752319336,17.94936752319336,17.94936752319336,0
2000-10-26,18.101314544677734,18.101314544677734,18.101314544677734,18.101314544677734,0
2000-10-27,18.04249382019043,18.04249382019043,18.04249382019043,18.04249382019043,0
2000-10-30,18.199342727661133,18.199342727661133,18.199342727661133,18.199342727661133,0
2000-10-31,18.258163452148438,18.258163452148438,18.258163452148438,18.258163452148438,0
2000-11-01,18.135622024536133,18.135622024536133,18.135622024536133,18.135622024536133,0
2000-11-02,18.135622024536133,18.135622024536133,18.135622024536133,18.135622024536133,0
2000-11-03,17.79251480102539,17.79251480102539,17.79251480102539,17.79251480102539,0
2000-11-06,18.223852157592773,18.223852157592773,18.223852157592773,18.223852157592773,0
2000-11-07,18.209150314331055,18.209150314331055,18.209150314331055,18.209150314331055,0
2000-11-08,18.35619354248047,18.35619354248047,18.35619354248047,18.35619354248047,0
2000-11-09,18.312076568603516,18.312076568603516,18.312076568603516,18.312076568603516,0
2000-11-10,18.331687927246094,18.331687927246094,18.331687927246094,18.331687927246094,0
2000-11-13,18.380701065063477,18.380701065063477,18.380701065063477,18.380701065063477,0
2000-11-14,18.380701065063477,18.380701065063477,18.380701065063477,18.380701065063477,0
2000-11-15,18.424816131591797,18.424816131591797,18.424816131591797,18.424816131591797,0
2000-11-16,18.307174682617188,18.307174682617188,18.307174682617188,18.307174682617188,0
2000-11-17,18.194442749023438,18.194442749023438,18.194442749023438,18.194442749023438,0
2000-11-20,18.282669067382812,18.282669067382812,18.282669067382812,18.282669067382812,0
2000-11-21,18.50323486328125,18.50323486328125,18.50323486328125,18.50323486328125,0
2000-11-22,18.674789428710938,18.674789428710938,18.674789428710938,18.674789428710938,0
2000-11-23,18.645381927490234,18.645381927490234,18.645381927490234,18.645381927490234,0
2000-11-24,18.625774383544922,18.625774383544922,18.625774383544922,18.625774383544922,0
2000-11-27,18.576759338378906,18.576759338378906,18.576759338378906,18.576759338378906,0
2000-11-28,18.3905029296875,18.3905029296875,18.3905029296875,18.3905029296875,0
2000-11-29,18.50323486328125,18.50323486328125,18.50323486328125,18.50323486328125,0
2000-11-30,18.478731155395508,18.478731155395508,18.478731155395508,18.478731155395508,0
2000-12-01,18.65028190612793,18.65028190612793,18.65028190612793,18.65028190612793,0
2000-12-04,18.993389129638672,18.993389129638672,18.993389129638672,18.993389129638672,0
2000-12-05,18.959077835083008,18.959077835083008,18.959077835083008,18.959077835083008,0
2000-12-06,18.56205177307129,18.56205177307129,18.56205177307129,18.56205177307129,0
2000-12-07,18.419910430908203,18.419910430908203,18.419910430908203,18.419910430908203,0
2000-12-08,17.758203506469727,17.758203506469727,17.758203506469727,17.758203506469727,0
2000-12-11,17.542539596557617,17.542539596557617,17.542539596557617,17.542539596557617,0
2000-12-12,17.4003963470459,17.4003963470459,17.4003963470459,17.4003963470459,0
2000-12-13,17.66507911682129,17.66507911682129,17.66507911682129,17.66507911682129,0
2000-12-14,17.718994140625,17.718994140625,17.718994140625,17.718994140625,0
2000-12-15,17.660175323486328,17.660175323486328,17.660175323486328,17.660175323486328,0
2000-12-18,17.939559936523438,17.939559936523438,17.939559936523438,17.939559936523438,0
2000-12-19,18.35619354248047,18.35619354248047,18.35619354248047,18.35619354248047,0
2000-12-20,18.380701065063477,18.380701065063477,18.380701065063477,18.380701065063477,0
2000-12-21,18.243459701538086,18.243459701538086,18.243459701538086,18.243459701538086,0
2000-12-22,18.326784133911133,18.326784133911133,18.326784133911133,18.326784133911133,0
2000-12-25,18.326784133911133,18.326784133911133,18.326784133911133,18.326784133911133,0
2000-12-26,18.326784133911133,18.326784133911133,18.326784133911133,18.326784133911133,0
2000-12-27,18.488534927368164,18.488534927368164,18.488534927368164,18.488534927368164,0
2000-12-28,18.552249908447266,18.552249908447266,18.552249908447266,18.552249908447266,0
2000-12-29,18.527742385864258,18.527742385864258,18.527742385864258,18.527742385864258,0
2001-01-01,18.527742385864258,18.527742385864258,18.527742385864258,18.527742385864258,0
2001-01-02,18.527742385864258,18.527742385864258,18.527742385864258,18.527742385864258,0
2001-01-03,18.660085678100586,18.660085678100586,18.660085678100586,18.660085678100586,0
2001-01-04,17.645469665527344,17.645469665527344,17.645469665527344,17.645469665527344,0
2001-01-05,17.375885009765625,17.375885009765625,17.375885009765625,17.375885009765625,0
2001-01-08,17.645469665527344,17.645469665527344,17.645469665527344,17.645469665527344,0
2001-01-09,17.51312828063965,17.51312828063965,17.51312828063965,17.51312828063965,0
2001-01-10,16.959260940551758,16.959260940551758,16.959260940551758,16.959260940551758,0
2001-01-11,16.78770637512207,16.78770637512207,16.78770637512207,16.78770637512207,0
2001-01-12,16.635759353637695,16.635759353637695,16.635759353637695,16.635759353637695,0
2001-01-15,17.013181686401367,17.013181686401367,17.013181686401367,17.013181686401367,0
2001-01-16,17.130809783935547,17.130809783935547,17.130809783935547,17.130809783935547,0
2001-01-17,17.346479415893555,17.346479415893555,17.346479415893555,17.346479415893555,0
2001-01-18,17.101404190063477,17.101404190063477,17.101404190063477,17.101404190063477,0
2001-01-19,16.64065933227539,16.64065933227539,16.64065933227539,16.64065933227539,0
2001-01-22,16.518129348754883,16.518129348754883,16.518129348754883,16.518129348754883,0
2001-01-23,16.61615562438965,16.61615562438965,16.61615562438965,16.61615562438965,0
2001-01-24,16.469104766845703,16.469104766845703,16.469104766845703,16.469104766845703,0
2001-01-25,16.41028594970703,16.41028594970703,16.41028594970703,16.41028594970703,0
2001-01-26,17.10630226135254,17.10630226135254,17.10630226135254,17.10630226135254,0
2001-01-29,17.130809783935547,17.130809783935547,17.130809783935547,17.130809783935547,0
2001-01-30,17.135709762573242,17.135709762573242,17.135709762573242,17.135709762573242,0
2001-01-31,17.081796646118164,17.081796646118164,17.081796646118164,17.081796646118164,0
2001-02-01,16.880836486816406,16.880836486816406,16.880836486816406,16.880836486816406,0
2001-02-02,16.934749603271484,16.934749603271484,16.934749603271484,16.934749603271484,0
2001-02-05,17.10630226135254,17.10630226135254,17.10630226135254,17.10630226135254,0
2001-02-06,17.057289123535156,17.057289123535156,17.057289123535156,17.057289123535156,0
2001-02-07,17.14061737060547,17.14061737060547,17.14061737060547,17.14061737060547,0
2001-02-08,16.973962783813477,16.973962783813477,16.973962783813477,16.973962783813477,0
2001-02-09,17.292560577392578,17.292560577392578,17.292560577392578,17.292560577392578,0
2001-02-12,17.24844741821289,17.24844741821289,17.24844741821289,17.24844741821289,0
2001-02-13,17.356281280517578,17.356281280517578,17.356281280517578,17.356281280517578,0
2001-02-14,17.48862075805664,17.48862075805664,17.48862075805664,17.48862075805664,0
2001-02-15,17.287662506103516,17.287662506103516,17.287662506103516,17.287662506103516,0
2001-02-16,16.983762741088867,16.983762741088867,16.983762741088867,16.983762741088867,0
2001-02-19,17.008275985717773,17.008275985717773,17.008275985717773,17.008275985717773,0
2001-02-20,16.861230850219727,16.861230850219727,16.861230850219727,16.861230850219727,0
2001-02-21,17.155317306518555,17.155317306518555,17.155317306518555,17.155317306518555,0
2001-02-22,17.4003963470459,17.4003963470459,17.4003963470459,17.4003963470459,0
2001-02-23,17.620960235595703,17.620960235595703,17.620960235595703,17.620960235595703,0
2001-02-26,17.616058349609375,17.616058349609375,17.616058349609375,17.616058349609375,0
2001-02-27,17.547441482543945,17.547441482543945,17.547441482543945,17.547441482543945,0
2001-02-28,17.964067459106445,17.964067459106445,17.964067459106445,17.964067459106445,0
2001-03-01,17.743501663208008,17.743501663208008,17.743501663208008,17.743501663208008,0
2001-03-02,17.91506004333496,17.91506004333496,17.91506004333496,17.91506004333496,0
2001-03-05,17.939559936523438,17.939559936523438,17.939559936523438,17.939559936523438,0
2001-03-06,17.77290916442871,17.77290916442871,17.77290916442871,17.77290916442871,0
2001-03-07,17.870941162109375,17.870941162109375,17.870941162109375,17.870941162109375,0
2001-03-08,17.674884796142578,17.674884796142578,17.674884796142578,17.674884796142578,0
2001-03-09,17.73369789123535,17.73369789123535,17.73369789123535,17.73369789123535,0
2001-03-12,17.620960235595703,17.620960235595703,17.620960235595703,17.620960235595703,0
2001-03-13,17.596452713012695,17.596452713012695,17.596452713012695,17.596452713012695,0
2001-03-14,17.155317306518555,17.155317306518555,17.155317306518555,17.155317306518555,0
2001-03-15,17.057289123535156,17.057289123535156,17.057289123535156,17.057289123535156,0
2001-03-16,16.719085693359375,16.719085693359375,16.719085693359375,16.719085693359375,0
2001-03-19,16.557334899902344,16.557334899902344,16.557334899902344,16.557334899902344,0
2001-03-20,16.336767196655273,16.336767196655273,16.336767196655273,16.336767196655273,0
2001-03-21,16.61615562438965,16.61615562438965,16.61615562438965,16.61615562438965,0
2001-03-22,16.34657096862793,16.34657096862793,16.34657096862793,16.34657096862793,0
2001-03-23,16.6651668548584,16.6651668548584,16.6651668548584,16.6651668548584,0
2001-03-26,17.076894760131836,17.076894760131836,17.076894760131836,17.076894760131836,0
2001-03-27,17.076894760131836,17.076894760131836,17.076894760131836,17.076894760131836,0
2001-03-28,17.12101173400879,17.12101173400879,17.12101173400879,17.12101173400879,0
2001-03-29,17.498424530029297,17.498424530029297,17.498424530029297,17.498424530029297,0
2001-03-30,17.72879409790039,17.72879409790039,17.72879409790039,17.72879409790039,0
2001-04-02,17.268054962158203,17.268054962158203,17.268054962158203,17.268054962158203,0
2001-04-03,17.170026779174805,17.170026779174805,17.170026779174805,17.170026779174805,0
2001-04-04,17.25334930419922,17.25334930419922,17.25334930419922,17.25334930419922,0
2001-04-05,17.645469665527344,17.645469665527344,17.645469665527344,17.645469665527344,0
2001-04-06,17.552339553833008,17.552339553833008,17.552339553833008,17.552339553833008,0
2001-04-09,17.743501663208008,17.743501663208008,17.743501663208008,17.743501663208008,0
2001-04-10,17.9101505279541,17.9101505279541,17.9101505279541,17.9101505279541,0
2001-04-11,17.743501663208008,17.743501663208008,17.743501663208008,17.743501663208008,0
2001-04-12,17.890546798706055,17.890546798706055,17.890546798706055,17.890546798706055,0
2001-04-13,17.890546798706055,17.890546798706055,17.890546798706055,17.890546798706055,0
2001-04-16,17.890546798706055,17.890546798706055,17.890546798706055,17.890546798706055,0
2001-04-17,17.841529846191406,17.841529846191406,17.841529846191406,17.841529846191406,0
2001-04-18,17.817020416259766,17.817020416259766,17.817020416259766,17.817020416259766,0
2001-04-19,17.135709762573242,17.135709762573242,17.135709762573242,17.135709762573242,0
2001-04-20,17.12101173400879,17.12101173400879,17.12101173400879,17.12101173400879,0
2001-04-23,17.20433235168457,17.20433235168457,17.20433235168457,17.20433235168457,0
2001-04-24,17.277854919433594,17.277854919433594,17.277854919433594,17.277854919433594,0
2001-04-25,17.223936080932617,17.223936080932617,17.223936080932617,17.223936080932617,0
2001-04-26,17.50823211669922,17.50823211669922,17.50823211669922,17.50823211669922,0
2001-04-27,17.68958282470703,17.68958282470703,17.68958282470703,17.68958282470703,0
2001-04-30,17.606258392333984,17.606258392333984,17.606258392333984,17.606258392333984,0
2001-05-01,17.606258392333984,17.606258392333984,17.606258392333984,17.606258392333984,0
2001-05-02,17.743501663208008,17.743501663208008,17.743501663208008,17.743501663208008,0
2001-05-03,17.645469665527344,17.645469665527344,17.645469665527344,17.645469665527344,0
2001-05-04,17.768007278442383,17.768007278442383,17.768007278442383,17.768007278442383,0
2001-05-07,17.939559936523438,17.939559936523438,17.939559936523438,17.939559936523438,0
2001-05-08,18.027788162231445,18.027788162231445,18.027788162231445,18.027788162231445,0
2001-05-09,17.620960235595703,17.620960235595703,17.620960235595703,17.620960235595703,0
2001-05-10,17.694486618041992,17.694486618041992,17.694486618041992,17.694486618041992,0
2001-05-11,17.498424530029297,17.498424530029297,17.498424530029297,17.498424530029297,0
2001-05-14,17.704288482666016,17.704288482666016,17.704288482666016,17.704288482666016,0
2001-05-15,17.797414779663086,17.797414779663086,17.797414779663086,17.797414779663086,0
2001-05-16,17.988576889038086,17.988576889038086,17.988576889038086,17.988576889038086,0
2001-05-17,18.116016387939453,18.116016387939453,18.116016387939453,18.116016387939453,0
2001-05-18,18.238554000854492,18.238554000854492,18.238554000854492,18.238554000854492,0
2001-05-21,18.120920181274414,18.120920181274414,18.120920181274414,18.120920181274414,0
2001-05-22,18.135622024536133,18.135622024536133,18.135622024536133,18.135622024536133,0
2001-05-23,18.18463897705078,18.18463897705078,18.18463897705078,18.18463897705078,0
2001-05-24,18.18463897705078,18.18463897705078,18.18463897705078,18.18463897705078,0
2001-05-25,18.106210708618164,18.106210708618164,18.106210708618164,18.106210708618164,0
2001-05-28,18.096410751342773,18.096410751342773,18.096410751342773,18.096410751342773,0
2001-05-29,17.79251480102539,17.79251480102539,17.79251480102539,17.79251480102539,0
2001-05-30,18.00328254699707,18.00328254699707,18.00328254699707,18.00328254699707,0
2001-05-31,18.204248428344727,18.204248428344727,18.204248428344727,18.204248428344727,0
2001-06-01,18.34148597717285,18.34148597717285,18.34148597717285,18.34148597717285,0
2001-06-04,18.34148597717285,18.34148597717285,18.34148597717285,18.34148597717285,0
2001-06-05,18.415010452270508,18.415010452270508,18.415010452270508,18.415010452270508,0
2001-06-06,18.483627319335938,18.483627319335938,18.483627319335938,18.483627319335938,0
2001-06-07,18.552249908447266,18.552249908447266,18.552249908447266,18.552249908447266,0
2001-06-08,18.42971420288086,18.42971420288086,18.42971420288086,18.42971420288086,0
2001-06-11,18.307174682617188,18.307174682617188,18.307174682617188,18.307174682617188,0
2001-06-12,18.35619354248047,18.35619354248047,18.35619354248047,18.35619354248047,0
2001-06-13,18.625774383544922,18.625774383544922,18.625774383544922,18.625774383544922,0
2001-06-14,18.60127067565918,18.60127067565918,18.60127067565918,18.60127067565918,0
2001-06-15,18.527742385864258,18.527742385864258,18.527742385864258,18.527742385864258,0
2001-06-18,18.50323486328125,18.50323486328125,18.50323486328125,18.50323486328125,0
2001-06-19,18.625774383544922,18.625774383544922,18.625774383544922,18.625774383544922,0
2001-06-20,18.65028190612793,18.65028190612793,18.65028190612793,18.65028190612793,0
2001-06-21,18.65028190612793,18.65028190612793,18.65028190612793,18.65028190612793,0
2001-06-22,18.552249908447266,18.552249908447266,18.552249908447266,18.552249908447266,0
2001-06-25,18.57675839872994,18.62577284250828,18.405204105943394,18.50323486328125,72362000
2001-06-26,18.429711327832564,18.55224930705959,18.380696884054224,18.50323486328125,80379000
2001-06-27,18.478728079127734,18.527742524067158,18.233652114868164,18.233652114868164,96988000
2001-06-28,18.28267109517452,18.62577790420838,18.01308784156995,18.60127067565918,151338000
2001-06-29,18.55225206295503,18.77282083228491,18.503237611895702,18.723806381225586,111873000
2001-07-02,18.65028178532219,18.944374084472656,18.601267337021117,18.944374084472656,85721000
2001-07-03,18.846342759940192,18.89535720678966,18.74831199645996,18.74831199645996,72192000
2001-07-04,18.748312673146405,18.797327121764962,18.552251139109455,18.65028190612793,54337000
2001-07-05,18.576760863159418,18.846344079266082,18.552251768237646,18.699298858642578,62456000
2001-07-06,18.674788456404464,18.870849983364927,18.674788456404464,18.74831199645996,74237000
2001-07-09,18.79732644330943,18.821835536515458,18.552250469499494,18.74831199645996,73106000
2001-07-10,18.723807858900983,18.748315086364745,18.307177512890583,18.380701065063477,93007000
2001-07-11,18.429716336251406,18.60127067565918,18.20914940952692,18.60127067565918,137291000
2001-07-12,18.601268522429997,18.748313746485355,18.356192525743914,18.42971420288086,101695000
2001-07-13,18.35619077446648,18.380697997840674,18.01308403788386,18.135622024536133,7938140
2001-07-16,18.18463669446103,18.33168377607347,18.062098706304877,18.307174682617188,70567000
2001-07-17,18.258162764419886,18.429715223689726,18.160131986359303,18.35619354248047,57070000
2001-07-18,18.258164369790617,18.429716844144412,18.20914991134146,18.331687927246094,65178000
2001-07-19,18.33168273778779,18.527742385864258,18.25815920114586,18.527742385864258,87200000
2001-07-20,18.552249908447266,18.576759000912098,18.40520470256447,18.552249908447266,63317000
2001-07-23,18.454223298374643,18.650282973854626,18.42971420288086,18.42971420288086,51893000
2001-07-24,18.38070023119846,18.45422378003586,18.160131454467773,18.160131454467773,76102000
2001-07-25,18.184638410536376,18.307176410256382,17.522933959960938,17.522933959960938,157212000
2001-07-26,17.645470895388463,17.817023336736632,17.498425678549836,17.743501663208008,84209000
2001-07-27,17.694489537221923,18.086612701416016,17.694489537221923,18.086612701416016,61162000
2001-07-30,17.964067459106445,18.160127092612363,17.743498735353853,17.964067459106445,59509000
2001-07-31,17.890546051231592,18.233652787814208,17.743500841205122,18.135622024536133,65556000
2001-08-01,18.135623754770148,18.42971420288086,18.08660930334552,18.42971420288086,40748000
2001-08-02,18.380701065063477,18.60126985180056,18.307177512890583,18.380701065063477,79587000
2001-08-03,18.478731844700135,18.5032390721639,18.13562505086263,18.380701065063477,103004000
2001-08-06,18.331686315410714,18.38070076955022,18.086610305150046,18.35619354248047,66319000
2001-08-07,18.331686315410714,18.429715223689726,18.135624759289552,18.35619354248047,67747000
2001-08-08,18.282670285426818,18.429715519991003,18.209148603035526,18.380701065063477,48209000
2001-08-09,18.282667310309467,18.331683627042228,17.988576889038086,17.988576889038086,82142000
2001-08-10,17.98857601861377,18.20914475878516,17.66997651950163,17.768007278442383,90792000
2001-08-13,17.86604152195913,18.38070076955022,17.596458284628707,18.35619354248047,112113000
2001-08-14,18.380702385695255,18.625778417504524,18.331687927246094,18.331687927246094,97658000
2001-08-15,18.331684316997656,18.331684316997656,17.792516031332212,17.890546798706055,84104000
2001-08-16,17.841531187501257,17.890545633104114,17.52293168173896,17.645469665527344,88485000
2001-08-17,17.547441482543945,17.669979484335148,17.326872705363478,17.547441482543945,109217000
2001-08-20,17.449405957911413,17.645467455327456,17.277853550008132,17.620960235595703,54759000
2001-08-21,17.64547250939845,18.209148073583517,17.424903729074657,18.18463897705078,111067000
2001-08-22,17.841529846191406,18.258158211837674,17.596453897039222,17.841529846191406,227248000
2001-08-23,17.939560923874172,17.964070017611515,17.228842080243208,17.25334930419922,166427000
2001-08-24,17.253354735332678,17.400399995138024,16.98377144739256,17.22884750366211,173156000
2001-08-27,17.326872797666894,17.522934349489883,17.25335111806942,17.4003963470459,81316000
2001-08-28,17.42490109871258,17.498424637649006,17.10630345947769,17.20433235168457,86306000
2001-08-29,17.106306766658314,17.228844775388584,16.93475243256696,17.008275985717773,104935000
2001-08-30,16.910245204777233,17.15532122223777,16.83672165162642,17.008275985717773,125444000
2001-08-31,16.910242559471076,17.30236375211124,16.885735335515065,17.25334930419922,105859000
2001-09-03,17.204331750910413,17.2778552872794,17.081793770149567,17.155317306518555,58460000
2001-09-04,17.326871871948242,17.351380966952824,17.10630497515847,17.326871871948242,88413000
2001-09-05,17.204332986505865,17.375887293760606,17.155318538593846,17.25334930419922,60583000
2001-09-06,17.32686973167126,17.35137882364839,17.03277932575771,17.155317306518555,80736000
2001-09-07,17.155319127721558,17.204333577316774,16.61615270304858,16.689674377441406,116857000
2001-09-10,16.469105320418105,16.71418130357779,16.297552880118875,16.6651668548584,124412000
2001-09-11,16.616149421615283,17.130808519853414,15.929936044110422,16.12599754333496,165215000
2001-09-12,15.92993882915928,16.910242757107543,15.856415286650618,16.812211990356445,176469000
2001-09-13,16.78770409459653,16.983765620256158,16.61615166198032,16.910242080688477,154891000
2001-09-14,16.934753004445646,17.008276560079313,16.420093724355034,16.591646194458008,174114000
2001-09-17,16.42008834035576,16.787702258423426,16.10148886345135,16.763195037841797,133168000
2001-09-18,16.640662853495954,16.763200868809204,16.469108510188363,16.61615562438965,105743000
2001-09-19,16.640659071159885,16.714180741767702,16.273045108776888,16.469104766845703,119344000
2001-09-20,16.420090049505234,16.493613588684184,15.390770784796928,15.68486213684082,188812000
2001-09-21,15.317248266194767,15.68486222458344,14.16539100959879,14.778080940246582,375134000
2001-09-24,15.096678011834484,15.439784712740492,14.998648193640301,15.341753959655762,15592370
2001-09-25,15.366266104492645,15.684864732391183,15.023159314515272,15.586833953857422,163916000
2001-09-26,15.537817792502153,15.95444621827301,15.464294249233708,15.831908226013184,181140000
2001-09-27,15.758391657165538,16.224034682764216,15.660360857646138,16.175020217895508,170167000
2001-09-28,16.371075689796427,16.910242080688477,16.371075689796427,16.910242080688477,234234000
2001-10-01,16.689681869126243,16.738698210505373,16.224036909826815,16.518129348754883,152126000
2001-10-02,16.591643014653076,16.689673780116376,16.224029046501695,16.64065933227539,116234000
2001-10-03,16.567135530770763,16.616151847623943,16.199521568387766,16.469104766845703,9498360
2001-10-04,16.665166108504586,16.910242080688477,16.61615166198032,16.910242080688477,101907000
2001-10-05,16.763201233652442,17.0572917288923,16.71418490459129,16.959260940551758,67319000
2001-10-08,16.71418235164081,17.155319896902324,16.665167899847972,17.057289123535156,75906000
2001-10-09,16.934753710912066,17.277860535213076,16.88573925163268,16.959260940551758,81652000
2001-10-10,16.88573553286511,16.959257205592415,16.616152326635607,16.812211990356445,94564000
2001-10-11,16.763198698081865,16.78770592401464,16.24853947436764,16.444599151611328,176432000
2001-10-12,16.32205978650133,16.371076104047177,15.954445818923457,16.027969360351562,116080000
2001-10-15,15.929936044110422,16.17501198325058,15.782890854582531,16.12599754333496,75051000
2001-10-16,16.175014078617096,16.346566510326284,15.635846755685066,15.68486213684082,14391730
2001-10-17,15.831908068487149,15.831908068487149,15.464294095365396,15.513309478759766,130060000
2001-10-18,15.439786368149978,16.12599984353583,15.366263762898821,15.929938316345215,138064000
2001-10-19,16.076984121318887,16.78770484643824,15.97895335409874,16.6651668548584,218069000
2001-10-22,16.665168372383953,16.861229924677556,16.61615391920132,16.78770637512207,70551000
2001-10-23,16.836718541120796,16.910242080688477,16.61615166198032,16.910242080688477,92603000
2001-10-24,16.78770637512207,17.008275154006988,16.763199148530752,16.78770637512207,72521000
2001-10-25,16.812215327021814,16.934753342335068,16.444601281082058,16.61615562438965,79824000
2001-10-26,16.714181223605348,16.812211990356445,16.493614335642075,16.812211990356445,65106000
2001-10-29,16.812208886571486,16.86122519578857,16.51811851039303,16.5671329498291,58015000
2001-10-30,16.420090319773827,16.640659071159885,16.371075872701947,16.469104766845703,77252000
2001-10-31,16.444601281082058,16.78770809791551,16.346570494875113,16.61615562438965,86789000
2001-11-01,16.591647897216433,16.95926197354869,16.493618972686672,16.885740280151367,75645000
2001-11-02,16.983768859684165,16.983768859684165,16.812214524564965,16.861230850219727,86344000
2001-11-05,16.910241048477435,17.130809783935547,16.885733826711235,17.130809783935547,71051000
2001-11-06,17.081796349431578,17.155319896902324,16.8367203509044,17.057289123535156,71234000
2001-11-07,17.032785536727893,17.13081633103954,16.861233049018928,16.885740280151367,61521000
2001-11-08,16.861226308437924,17.155316704023008,16.836717217321556,17.10630226135254,81585000
2001-11-09,17.032780367833986,17.130811132396488,16.934749603271484,16.934749603271484,65540000
2001-11-12,16.959257205592415,17.10630429060974,16.763197541871577,16.812211990356445,63400000
2001-11-13,16.93474827024363,17.155317005701743,16.885733826711235,17.130809783935547,63149000
2001-11-14,17.106309475527336,17.27786196700325,17.08180037407484,17.22884750366211,86185000
2001-11-15,17.302362141107764,17.449407340933945,17.155316941281583,17.277854919433594,105552000
2001-11-16,17.326872206402214,17.375888527576087,17.228843303617403,17.351381301879883,63078000
2001-11-19,17.351382979825143,17.473920989937522,17.057290633686453,17.179828643798828,81179000
2001-11-20,17.15532122223777,17.15532122223777,17.008275985717773,17.008275985717773,54341000
2001-11-21,16.983768559604485,17.351382581502577,16.983768559604485,17.302366256713867,84664000
2001-11-22,17.37588980900613,17.449411491516784,17.302366256713867,17.302366256713867,38304000
2001-11-23,17.375891323553617,17.375891323553617,16.959260940551758,16.959260940551758,71164000
2001-11-26,17.057286248855785,17.130809783935547,16.983764583557193,17.130809783935547,56005000
2001-11-27,17.130810829610233,17.20433249939663,16.910242080688477,16.910242080688477,70650000
2001-11-28,16.88573504608188,16.91024226961782,16.469104766845703,16.469104766845703,131093000
2001-11-29,16.395581119774132,16.88573301053102,16.29755036766654,16.763195037841797,100331000
2001-11-30,16.88573531104298,17.008273300426772,16.64065933227539,16.64065933227539,84330000
2001-12-03,16.88573531104298,17.008273300426772,16.64065933227539,16.64065933227539,84330000
2001-12-04,16.763196142040083,17.155317306518555,16.738688919844154,17.155317306518555,89144000
2001-12-05,17.081794366644704,17.228841444517556,17.008272697489545,17.20433235168457,74785000
2001-12-06,17.081795196585947,17.15531873909461,16.56713600836938,16.812211990356445,122260000
2001-12-07,16.885738478189275,17.057290947591014,16.738693237304688,16.738693237304688,98364000
2001-12-10,16.81221027727195,16.81221027727195,16.34656558498724,16.371074676513672,94644000
2001-12-11,16.37107756409857,16.420092016234435,16.150508789924196,16.29755401611328,73286000
2001-12-12,16.34656770301517,16.689674461248796,16.224029708630404,16.54262924194336,130997000
2001-12-13,16.51812248930699,16.640660487195348,16.273046493530273,16.273046493530273,115729000
2001-12-14,16.273043947020827,16.395581925733662,16.19952041188066,16.224027633666992,77865000
2001-12-17,16.224032155853045,16.763200534342673,16.224032155853045,16.591646194458008,117079000
2001-12-18,16.5671329498291,16.64065647876422,16.49361129067499,16.5671329498291,81822000
2001-12-19,16.567135607403273,16.64065914813248,16.297552407698358,16.322059631347656,85043000
2001-12-20,16.39558717971174,16.959260940551758,16.371079950072048,16.959260940551758,142181000
2001-12-21,17.008271805323393,17.155317005701743,16.86122660494504,17.130809783935547,137172000
2001-12-24,17.130809783935547,17.130809783935547,17.130809783935547,17.130809783935547,0
2001-12-25,17.130809783935547,17.130809783935547,17.130809783935547,17.130809783935547,0
2001-12-26,17.130809783935547,17.130809783935547,17.130809783935547,17.130809783935547,0
2001-12-27,17.130811314637835,17.30236375211124,17.106304090681824,17.25334930419922,51570000
2001-12-28,17.326872206402214,17.40039575327229,17.253350529313604,17.351381301879883,43153000
2001-12-31,17.351381301879883,17.351381301879883,17.351381301879883,17.351381301879883,0
2002-01-01,17.351381301879883,17.351381301879883,17.351381301879883,17.351381301879883,0
2002-01-02,17.30236375211124,17.522932507278,17.204332986505865,17.25334930419922,61682000
2002-01-03,17.30236375211124,17.351380069804595,17.179825762549854,17.25334930419922,67428000
2002-01-04,17.302363113672715,17.326870336724436,17.10630345947769,17.20433235168457,80513000
2002-01-07,17.228840842887543,17.400393268040247,17.155317306518555,17.155317306518555,72258000
2002-01-08,17.106306959600392,17.277859425845058,17.081797861752598,17.179828643798828,81023000
2002-01-09,17.20433144923414,17.302362206080097,17.10630256216935,17.130809783935547,73425000
2002-01-10,17.155319896902324,17.155319896902324,16.983767445845892,17.057289123535156,66288000
2002-01-11,17.081794366644704,17.228841444517556,17.057287143592987,17.20433235168457,58673000
2002-01-14,17.130810084322626,17.375886045844318,17.081793770149567,17.155317306518555,82319000
2002-01-15,17.204333876051066,17.37588819217597,17.08179588015389,17.326871871948242,7784050
2002-01-16,17.204335871864973,17.351382979825143,17.155321415732683,17.179828643798828,70461000
2002-01-17,17.179825022972608,17.498424530029297,17.155317800071614,17.498424530029297,72027000
2002-01-18,17.66997467505921,17.8415289527435,17.547436706619433,17.620960235595703,152651000
2002-01-21,17.694485344407546,17.939561329065718,17.620963670878922,17.743501663208008,80870000
2002-01-22,17.792516031332212,17.964070341681776,17.792516031332212,17.890546798706055,105931000
2002-01-23,17.841533188685926,18.135623634852024,17.817024093354203,18.111116409301758,107075000
2002-01-24,18.135624523548405,18.209148073583517,18.013086520010916,18.18463897705078,115905000
2002-01-25,18.160131547617258,18.184638774094925,17.964071866014393,18.013086318969727,85089000
2002-01-28,18.037595966398825,18.209150314331055,18.037595966398825,18.209150314331055,68780000
2002-01-29,18.18464162268272,18.18464162268272,18.037596371000845,18.086612701416016,64246000
2002-01-30,17.964071866014393,18.086609868184254,17.915055543277532,18.013086318969727,91177000
2002-01-31,18.111117296797218,18.233655300334707,18.037593746762106,18.18463897705078,75796000
2002-02-01,18.23365301159228,18.38069822342341,18.209145787917315,18.307174682617188,103159000
2002-02-04,18.307174682617188,18.38069822342341,18.25816023526725,18.307174682617188,69292000
2002-02-05,18.258164369790617,18.576763959055363,18.20914991134146,18.331687927246094,148694000
2002-02-06,18.331688744146412,18.331688744146412,18.01308914068417,18.086612701416016,108223000
2002-02-07,18.086610986416748,18.258163452148438,17.866042194917686,18.258163452148438,107656000
2002-02-08,18.18463897705078,18.282669753837084,18.086610070046028,18.18463897705078,60719000
2002-02-11,18.209145787917315,18.307174682617188,18.111115023436128,18.307174682617188,63703000
2002-02-12,18.331685388826333,18.429714292150422,18.282669067382812,18.282669067382812,77187000
2002-02-13,18.33168373756512,18.503236172710842,18.33168373756512,18.454221725463867,85069000
2002-02-14,18.45422041950291,18.50323486328125,18.380696884054224,18.50323486328125,66500000
2002-02-15,18.50323838194509,18.52774560849467,18.40520760596523,18.478731155395508,79420000
2002-02-18,18.454221725463867,18.478728949087355,18.380698184812093,18.454221725463867,56004000
2002-02-19,18.405207066319402,18.454223387762923,18.209147389889743,18.282669067382812,88046000
2002-02-20,18.233654615720766,18.38069984048838,18.160131068446223,18.282669067382812,95491000
2002-02-21,18.356192525743914,18.454223298374643,18.3316853000316,18.42971420288086,76637000
2002-02-22,18.40520540843558,18.454221725463867,18.258160196913348,18.454221725463867,90476000
2002-02-25,18.503236172710842,18.503236172710842,18.160129432638087,18.454221725463867,85645000
2002-02-26,18.478733172375307,18.527747630824468,18.307178828239778,18.331687927246094,94896000
2002-02-27,18.380697182361605,18.552249608151165,18.380697182361605,18.527742385864258,80706000
2002-02-28,18.503236172710842,18.748312148508337,18.40520540843558,18.454221725463867,191089000
2002-03-01,18.380697046150903,18.429711490361495,18.013083105227885,18.062097549438477,158344000
2002-03-04,18.160130860402287,18.209147181284276,17.890547639786455,18.111116409301758,135089000
2002-03-05,18.111113322064103,18.135620543436843,17.817021056247796,17.866037368774414,126060000
2002-03-06,17.817021953706252,17.96406902891186,17.694483970889067,17.939559936523438,137414000
2002-03-07,17.988578942669147,17.988578942669147,17.620964939221338,17.694486618041992,150387000
2002-03-08,17.76800714461254,18.062097549438477,17.718992700401948,18.062097549438477,192292000
2002-03-11,17.98857467957205,18.01308190003766,17.86603670746295,17.964067459106445,63963000
2002-03-12,17.915052347025508,18.111113863430262,17.915052347025508,18.062097549438477,79595000
2002-03-13,18.08661441133417,18.135628876601377,17.91506004333496,17.91506004333496,119159000
2002-03-14,17.939558730027393,18.03758948364449,17.841529846191406,17.841529846191406,88232000
2002-03-15,17.93955903289264,17.988575345419257,17.792513834875052,17.866037368774414,177671000
2002-03-18,17.86603670746295,18.037589120503263,17.86603670746295,17.964067459106445,70804000
2002-03-19,17.964067459106445,18.06209634096887,17.93955836885977,17.964067459106445,78040000
2002-03-20,17.98857558346138,18.06209724855251,17.93955927028613,18.03759002685547,52753000
2002-03-21,18.062100679278412,18.2826694560091,18.062100679278412,18.160131454467773,108605000
2002-03-22,18.18463897705078,18.282669753837084,18.086610070046028,18.18463897705078,86203000
2002-03-25,18.160131454467773,18.30717668236106,18.160131454467773,18.160131454467773,77912000
2002-03-26,18.111119124661403,18.380702385695255,18.111119124661403,18.331687927246094,107367000
2002-03-27,18.35619354248047,18.478731547610803,18.282669991489637,18.35619354248047,93960000
2002-03-28,18.380702385695255,18.429716844144412,18.307178828239778,18.331687927246094,58892000
2002-03-29,18.331687927246094,18.331687927246094,18.331687927246094,18.331687927246094,0
2002-04-01,18.331687927246094,18.331687927246094,18.331687927246094,18.331687927246094,0
2002-04-02,18.33168373756512,18.478728949087355,18.307174644160323,18.454221725463867,80411000
2002-04-03,18.47872764139208,18.55224930705959,18.380696884054224,18.50323486328125,77584000
2002-04-04,18.50323516357735,18.552249608151165,18.380697182361605,18.527742385864258,77733000
2002-04-05,18.55225024546884,18.6012665615077,18.454221352953667,18.576759338378906,96265000
2002-04-08,18.527742385864258,18.699296681435023,18.527742385864258,18.527742385864258,103942000
2002-04-09,18.601267159628105,18.72380514899353,18.576759935711284,18.625774383544922,107976000
2002-04-10,18.601267159628105,18.72380514899353,18.576759935711284,18.625774383544922,99585000
2002-04-11,18.429715519991003,18.576762624336794,18.35619383759971,18.380701065063477,168739000
2002-04-12,18.42971263205907,18.478728949087355,18.282667420536836,18.454221725463867,92118000
2002-04-15,18.454220719003533,18.601265922506187,18.429711626935422,18.527742385864258,69485000
2002-04-16,18.552251435426005,18.674789428710938,18.552251435426005,18.674789428710938,84035000
2002-04-17,18.744583129882812,18.819362815668747,18.69473127384313,18.744583129882812,93945000
2002-04-18,18.719659620348803,18.819365247036046,18.694733689108656,18.7944393157959,105305000
2002-04-19,18.794436018579955,18.919067554642517,18.769510091712704,18.844287872314453,68588000
2002-04-22,18.819361945447202,18.89414162777527,18.769510091712704,18.844287872314453,42868000
2002-04-23,18.844287872314453,18.943993481509768,18.819361945447202,18.844287872314453,59313000
2002-04-24,18.794435158659134,18.943992614746094,18.71965547975254,18.943992614746094,68751000
2002-04-25,18.91906980172139,18.968921661376953,18.769512321028152,18.968921661376953,103121000
2002-04-26,18.968919408377015,19.018773163837835,18.844287872314453,18.844287872314453,88916000
2002-04-29,18.844289418112524,18.993846893310547,18.844289418112524,18.993846893310547,59418000
2002-04-30,18.943996059806086,19.09355354309082,18.919070129546395,19.09355354309082,89185000
2002-05-01,19.09355354309082,19.09355354309082,19.09355354309082,19.09355354309082,0
2002-05-02,19.118477208288713,19.61700336132598,19.09355128098212,19.51729965209961,196595000
2002-05-03,19.617002487182617,19.79148777400632,19.567150634790853,19.617002487182617,160545000
2002-05-06,19.567153748946843,19.766564993703174,19.567153748946843,19.64193344116211,65954000
2002-05-07,19.56715308467784,19.592079013994553,19.36774184669116,19.392669677734375,136175000
2002-05-08,19.392670227249123,19.442522087295153,19.018775571724216,19.168333053588867,150601000
2002-05-09,19.218183517456055,19.268037275606826,19.218183517456055,19.218183517456055,39876000
2002-05-10,19.193255505512862,19.317887034769438,18.96891837250578,19.01877212524414,99726000
2002-05-13,19.01877212524414,19.09354990176236,18.869212768755276,19.01877212524414,77047000
2002-05-14,19.01877212524414,19.01877212524414,18.894140595987565,19.01877212524414,82909000
2002-05-15,19.01877524228375,19.168332721557785,19.01877524228375,19.043701171875,67490000
2002-05-16,19.04370131676458,19.292964418026614,19.04370131676458,19.24311065673828,102616000
2002-05-17,19.3677422438011,19.39267007535543,18.91906980172139,18.968921661376953,104458000
2002-05-20,18.993845335244266,19.018773163837835,18.769510091712704,18.844287872314453,36560000
2002-05-21,18.79443653892314,18.943994005993602,18.76951061136579,18.894142150878906,90913000
2002-05-22,18.844291500782866,18.943997129176502,18.81936556911613,18.919071197509766,56623000
2002-05-23,18.89414494248314,18.993848667443732,18.7944393157959,18.7944393157959,80522000
2002-05-24,18.86921710951634,18.89414494248314,18.669807757868508,18.7944393157959,84729000
2002-05-27,18.769510091712704,18.8692137991817,18.769510091712704,18.844287872314453,41532000
2002-05-28,18.8692137991817,18.89414162777527,18.74458226311914,18.844287872314453,7445450
2002-05-29,18.769510091712704,18.8692137991817,18.719656336251887,18.844287872314453,83445000
2002-05-30,18.819360210956297,18.844286135526243,18.744580535520317,18.769508361816406,63279000
2002-05-31,18.819364180683717,19.018775422759063,18.794438250855933,18.968921661376953,97931000
2002-06-03,18.96892062719844,19.04370031433137,18.86921501159668,18.86921501159668,45281000
2002-06-04,18.819360210956297,18.869212060096185,18.769508361816406,18.769508361816406,69479000
2002-06-05,18.819360544364983,18.819360544364983,18.619949340820312,18.619949340820312,63954000
2002-06-06,18.669805703453733,18.819363176164053,18.59502601623535,18.59502601623535,88877000
2002-06-07,18.52025101512381,18.619954744102767,18.39561945217339,18.495323181152344,127444000
2002-06-10,18.545176947368553,18.545176947368553,18.39561945217339,18.495323181152344,70959000
2002-06-11,18.545175878316098,18.694733364889895,18.420544322550167,18.66980743408203,73952000
2002-06-12,18.59502445539594,18.59502445539594,18.345761387892708,18.445466995239258,106524000
2002-06-13,18.47039608741223,18.520249850493425,18.04664956071842,18.19620704650879,131012000
2002-06-14,18.096496057391505,18.12142198067954,17.672749656316736,18.04664421081543,184708000
2002-06-17,18.071571184658378,18.22112863480687,17.996791508721053,18.146350860595703,104078000
2002-06-18,18.17127834925068,18.196204276132995,17.9469412038572,18.02172088623047,82137000
2002-06-19,17.84723784256113,17.92201753435332,17.697680360703316,17.872163772583008,107148000
2002-06-20,17.722603534134365,17.772457288150378,17.348708936782476,17.42348861694336,164904000
2002-06-21,17.373635729287397,17.47334134056511,17.19915233584617,17.32378387451172,242122000
2002-06-24,17.298860601354246,17.473344021567133,17.02467155456543,17.02467155456543,115314000
2002-06-25,17.224074836220616,17.44841194152832,17.099443322352556,17.44841194152832,114964000
2002-06-26,16.94989344729563,17.024673149665606,16.5759987388994,16.900041580200195,178474000
2002-06-27,17.099445316578677,17.149299068975694,16.551067352294922,16.551067352294922,197117000
2002-06-28,16.725552780977818,17.298858642578125,16.65077499580806,17.298858642578125,177602000
2002-07-01,17.174225719998564,17.57304624739562,17.074520112717728,17.348709106445312,119551000
2002-07-02,17.224079109254713,17.597973743616507,17.12437349307961,17.498268127441406,150718000
2002-07-03,17.647828957802744,17.74753268047294,17.14930273754534,17.17422866821289,125165000
2002-07-04,17.32378042766026,17.498263786385152,17.298854505231844,17.44841194152832,63805000
2002-07-05,17.672750828305016,17.84723420461838,17.49826555026548,17.797382354736328,133640000
2002-07-08,17.69767916157641,18.021721935084578,17.597973546518016,17.84723663330078,83868000
2002-07-09,17.872163592044267,18.046648903887924,17.747532041467316,17.946943283081055,94369000
2002-07-10,17.822309495160592,17.84723542180157,17.548120498657227,17.548120498657227,120304000
2002-07-11,17.273934670141927,17.298860601354246,16.99974372162646,17.02467155456543,148549000
2002-07-12,17.199152521010806,17.24900437632318,16.725552288637694,16.974815368652344,137879000
2002-07-15,16.850181388829057,17.074518508704703,16.625844268953408,16.650772094726562,113042000
2002-07-16,16.80033284015269,16.80033284015269,15.653722042407537,15.952837944030762,235508000
2002-07-17,15.703574518519122,16.027617293083903,15.479237359337848,15.828206062316895,193331000
2002-07-18,15.878062499725567,16.1273246934391,15.67865217423668,15.90298843383789,147871000
2002-07-19,15.703572597828162,15.703572597828162,15.205046483611394,15.279825210571289,179068000
2002-07-22,15.08041813396597,15.105344064585882,14.108291625976562,14.108291625976562,261067000
2002-07-23,14.407408587700047,14.731450463465688,13.534987640943049,13.83410358428955,223228000
2002-07-24,13.55991260660854,14.606816833975039,13.510059797956984,14.38248062133789,222643000
2002-07-25,15.005639385494504,15.77835464477539,14.806229088021691,15.77835464477539,276119000
2002-07-26,15.728501578097301,15.952838753412479,15.030565072808162,15.75342845916748,186653000
2002-07-29,16.052542928467744,16.551069094558507,15.878058580163339,16.35165786743164,134572000
2002-07-30,16.52614381833496,16.62584753410397,15.603869233659793,15.952837944030762,139799000
2002-07-31,16.152245482439994,16.700623400574408,15.603865662579539,15.878055572509766,166055000
2002-08-01,15.952835762763002,16.227024747090248,15.653719902038574,15.653719902038574,90968000
2002-08-02,15.678649204885698,15.878059492608633,15.229974868930027,15.703575134277344,130555000
2002-08-05,15.703572692703263,15.703572692703263,15.05548912065123,15.379530906677246,102829000
2002-08-06,14.955784509972984,16.526142644210683,14.706521434806767,16.30180549621582,201355000
2002-08-07,16.251952894790747,16.52614381833496,15.603869233659793,15.952837944030762,148918000
2002-08-08,16.127320202563663,16.401511106627577,15.753426540677511,16.30180549621582,112786000
2002-08-09,16.526141769634975,16.675699226474745,15.828204435414396,16.40151023864746,127673000
2002-08-12,16.202099805731024,16.30180541565002,15.82820519482954,15.927910804748535,73121000
2002-08-13,16.00268781810642,16.40151023864746,15.60386729929162,16.40151023864746,86418000
2002-08-14,16.202100397949692,16.650774708121936,16.002689170822826,16.35165786743164,105472000
2002-08-15,16.600924672447118,16.94989344729563,16.5759987388994,16.900041580200195,96057000
2002-08-16,16.825257213501732,16.94988874841656,16.426436682119544,16.72555160522461,94695000
2002-08-19,16.301805312649314,17.19915199279785,16.301805312649314,17.19915199279785,124026000
2002-08-20,16.999741876356822,17.07452156360333,16.052543281017616,16.20210075378418,168611000
2002-08-21,16.351657680668016,16.94988945348939,16.22702614056883,16.700626373291016,195078000
2002-08-22,16.825256683314514,16.85018260916677,16.177173102524684,16.40151023864746,122175000
2002-08-23,16.50121567761942,16.600921293241505,16.251952589427425,16.476289749145508,7005710
2002-08-26,16.351658226550747,16.575995386563815,16.077469209524303,16.20210075378418,8729220
2002-08-27,16.20209832475929,16.227024249529073,15.803277823264294,16.152246475219727,13454860
2002-08-28,15.977764988422745,15.977764988422745,15.504165649414062,15.504165649414062,11610620
2002-08-29,15.529087831702782,15.628793432092156,15.304751657121304,15.32967758178711,147606000
2002-08-30,15.628792476001939,16.326728783442128,15.55401375571603,16.052539825439453,147580000
2002-09-02,15.927912823205586,15.977764683619371,15.703575647890409,15.75342845916748,61673000
2002-09-03,15.653720416502276,15.75342602364164,15.130268356178467,15.155194282531738,122061000
2002-09-04,15.05549366042617,15.728503360931121,15.05549366042617,15.554019927978516,128353000
2002-09-05,15.853133130858335,15.853133130858335,15.329680989607304,15.75342845916748,107243000
2002-09-06,15.80327679057774,16.052539825439453,15.55401375571603,16.052539825439453,98344000
2002-09-09,16.00268841051418,16.027616239015487,15.529089145747198,15.728499412536621,86703000
2002-09-10,15.902982802218663,16.077467131806234,15.728498472631092,16.002687454223633,94665000
2002-09-11,16.027616493878252,16.326731423387173,15.728499662642987,16.30180549621582,111978000
2002-09-12,16.127322690731823,16.202102385509445,15.778354902177304,15.803281784057617,95044000
2002-09-13,15.678649717683516,16.102396236380407,15.578944095129375,15.75342845916748,126225000
2002-09-16,16.02762058433164,16.05254651786441,15.6537249252962,15.678651809692383,82087000
2002-09-17,16.002689033604632,16.10239464631312,15.60386848449707,15.60386848449707,97443000
2002-09-18,15.67864968094463,16.301807443289594,15.628796869784376,16.027618408203125,243597000
2002-09-19,16.127317594862344,16.2519491122932,15.80327679057774,16.052539825439453,162567000
2002-09-20,15.803278150213693,16.32673018811331,15.728498472631092,16.002687454223633,220974000
2002-09-23,15.853134927819207,16.0276202624986,15.454314294122689,15.554019927978516,142525000
2002-09-24,15.479238510131836,15.60387006319526,15.080417920674197,15.479238510131836,185387000
2002-09-25,15.304752782915715,15.82820484630658,15.205047175192147,15.529088973999023,154972000
2002-09-26,15.778350781204031,16.22702407836914,15.603866457066745,16.22702407836914,154608000
2002-09-27,16.077469718206192,16.32673281461249,15.902985360549135,16.251953125,109608000
2002-09-30,15.902981434004616,16.052539825439453,15.678645273146884,16.052539825439453,144523000
2002-10-01,16.00268841051418,16.202099628166756,15.628794754573487,15.728499412536621,124506000
2002-10-02,16.052543788910864,16.251953125,15.977764099298373,16.251953125,128637000
2002-10-03,16.127320364573748,16.65077434906233,16.102394437151997,16.5012149810791,168965000
2002-10-04,16.42644068120131,16.551072246458183,16.15225161798154,16.3765869140625,107153000
2002-10-07,16.177172229355406,16.401509353369494,16.12731847861553,16.22702407836914,78587000
2002-10-08,16.152249770838207,16.251953490260348,15.454312324523926,15.454312324523926,205384000
2002-10-09,15.404459474668673,15.504165095563117,15.030564822609419,15.08041763305664,220906000
2002-10-10,14.980712297878144,15.479238510131836,14.930860437343405,15.479238510131836,171876000
2002-10-11,15.554018128475636,16.05254433835161,15.429386576006644,16.027618408203125,142104000
2002-10-14,15.952834293086003,16.127317657476215,15.678645334018796,15.878055572509766,84024000
2002-10-15,15.977762057431502,16.35165665425935,15.927910205211628,16.326730728149414,138737000
2002-10-16,16.127317594862344,16.401508454591056,15.902981434004616,16.052539825439453,125030000
2002-10-17,16.202096569445708,16.301802159449025,15.97775946736973,16.077465057373047,125232000
2002-10-18,16.152251366668164,16.20210323130456,15.803282609033179,15.977766036987305,120429000
2002-10-21,15.977764942248204,15.977764942248204,15.65372308999697,15.77835464477539,82512000
2002-10-22,15.803281340962885,16.002690685234413,15.728501648281949,15.853133201599121,84192000
2002-10-23,16.00269091910514,16.00269091910514,15.504165649414062,15.504165649414062,102506000
2002-10-24,15.279826669489276,15.7534269035598,15.155195129035263,15.60386848449707,191187000
2002-10-25,15.554017046307086,15.828206062316895,15.404458623231829,15.828206062316895,115537000
2002-10-28,15.902986245512249,16.00269091910514,15.329681282047366,15.504165649414062,110802000
2002-10-29,15.379532994766587,15.753427633452015,15.304754257202148,15.304754257202148,109236000
2002-10-30,15.4543146044438,15.72850367675792,15.279830217124172,15.678651809692383,112457000
2002-10-31,15.703575902080999,15.77835464477539,15.454312792524158,15.77835464477539,109655000
2002-11-01,15.703573485761627,15.878057825776054,15.578941950160344,15.728499412536621,79457000
2002-11-04,15.952837944030762,16.077469490468502,15.853132326535274,15.952837944030762,87065000
2002-11-05,15.878057825776054,15.878057825776054,15.55401602338535,15.728499412536621,81483000
2002-11-06,15.853130862456933,15.853130862456933,15.529089061817567,15.62879467010498,103135000
2002-11-07,15.60387006319526,15.728501616258683,15.429386649597099,15.479238510131836,112931000
2002-11-08,15.504164540995063,15.578943278559501,15.304754257202148,15.304754257202148,84270000
2002-11-11,15.254898856926618,15.429383182176483,15.055488607010945,15.32967758178711,92415000
2002-11-12,15.35460702932265,15.578944206237793,15.304755168553326,15.578944206237793,97280000
2002-11-13,15.504163133484122,15.578941864259939,15.155194455379439,15.354604721069336,82409000
2002-11-14,15.379531513276818,15.628794581722591,15.205047175192147,15.529088973999023,93058000
2002-11-15,15.653720681348481,15.728499412536621,15.578941950160344,15.728499412536621,86417000
2002-11-18,15.753425505901086,15.828204233366415,15.6287939765045,15.653719902038574,83192000
2002-11-19,15.529093044082861,15.653724610970947,15.404461477194776,15.554019927978516,83521000
2002-11-20,15.628797159386608,15.803281526249057,15.454312792524158,15.77835464477539,83437000
2002-11-21,15.927909837228928,15.952835762763002,15.454309645176657,15.653719902038574,97840000
2002-11-22,15.554018389296774,15.703575874422139,15.2798283987492,15.404459953308105,116823000
2002-11-25,15.479235031508095,15.479235031508095,15.20504605673193,15.32967758178711,87487000
2002-11-26,15.254900671523762,15.504163751284402,15.229973793029785,15.229973793029785,71760000
2002-11-27,15.229975841272925,15.578944580215069,15.229975841272925,15.429387092590332,86846000
2002-11-28,15.479237499775767,15.554017187423455,15.105342864990234,15.105342864990234,104755000
2002-11-29,15.155195071464732,15.254900683794464,14.955784797668457,14.955784797668457,111100000
2002-12-02,14.98071270655436,15.205049888533791,14.881008031901636,15.055492401123047,117763000
2002-12-03,14.98070923034574,14.98070923034574,14.581888722552781,14.631741523742676,158984000
2002-12-04,14.606815933375435,15.130268965647838,14.532037200440286,15.030563354492188,152631000
2002-12-05,15.105341385977969,15.15519418924077,14.731446787801652,14.781299591064453,114379000
2002-12-06,14.856078147888184,14.98070967916531,14.606815085333931,14.856078147888184,93504000
2002-12-09,14.856076932476883,15.055488126896476,14.73144541139616,14.831151008605957,63565000
2002-12-10,14.881006063852752,15.005637603833323,14.731447645358154,14.955784797668457,75893000
2002-12-11,14.955785781632745,14.980711710923499,14.631743946536686,14.681596755981445,96515000
2002-12-12,14.631743508481708,14.781300981475182,14.55696477198497,14.73144817352295,97428000
2002-12-13,14.731450781895916,14.881009232233659,14.681598915980059,14.706524848937988,107439000
2002-12-16,14.606816105377584,14.955784797668457,14.532037371561879,14.955784797668457,110039000
2002-12-17,14.98070985325253,15.005636730315498,14.606815255076212,14.781299591064453,105721000
2002-12-18,14.731446175259368,14.905930503992447,14.631741523742676,14.631741523742676,83158000
2002-12-19,14.706524848937988,14.85608234841234,14.65667203215874,14.706524848937988,111542000
2002-12-20,14.606819277084561,14.856082411170396,14.581893344021337,14.806230545043945,196931000
2002-12-23,14.85608234841234,14.905935165191588,14.631746099200813,14.706524848937988,48285000
2002-12-24,14.706524848937988,14.706524848937988,14.706524848937988,14.706524848937988,0
2002-12-25,14.706524848937988,14.706524848937988,14.706524848937988,14.706524848937988,0
2002-12-26,14.706524848937988,14.706524848937988,14.706524848937988,14.706524848937988,0
2002-12-27,14.631739997454629,14.656665920017918,14.307698249816895,14.307698249816895,53656000
2002-12-30,14.357552271266506,14.856078405003025,14.332626344924936,14.606815338134766,63435000
2002-12-31,14.606815338134766,14.606815338134766,14.606815338134766,14.606815338134766,0
2003-01-01,14.606815338134766,14.606815338134766,14.606815338134766,14.606815338134766,0
2003-01-02,14.606815338134766,14.606815338134766,14.606815338134766,14.606815338134766,0
2003-01-03,15.030561897047694,15.254899024963379,14.831151644935463,15.254899024963379,122568000
2003-01-06,15.229975445105143,15.304755137835631,15.055492031036115,15.205049514770508,89505000
2003-01-07,15.205044908790086,15.229970831574049,14.930855954714483,15.130266189575195,91265000
2003-01-08,15.030563519393912,15.254900671523762,14.93085885800757,15.229973793029785,124647000
2003-01-09,15.155194282531738,15.254899889671101,15.030562749039102,15.155194282531738,117226000
2003-01-10,15.18012265731065,15.254901394610737,14.905932686059344,14.930859565734863,103734000
2003-01-13,14.98071270655436,15.105344263017752,14.955786775607008,15.055492401123047,57477000
2003-01-14,15.05548877285115,15.254899024963379,15.030561897047694,15.254899024963379,75208000
2003-01-15,15.254900865233473,15.354605527885886,14.831153434086922,14.881006240844727,121733000
2003-01-16,14.905935165191588,15.03056673170801,14.681598915980059,14.706524848937988,84245000
2003-01-17,14.831154154916096,14.831154154916096,14.507112321535956,14.581891059875488,154761000
2003-01-20,14.581889234455586,14.70652076637401,14.382478973558733,14.407404899597168,86886000
2003-01-21,14.482184946982077,14.532037754460495,14.232921860453207,14.257848739624023,135223000
2003-01-22,14.257850442051677,14.282776373335503,13.933808581045273,13.958734512329102,177657000
2003-01-23,14.033512332595668,14.033512332595668,13.60976487264138,13.684544563293457,143827000
2003-01-24,13.63469327234634,14.033513896232762,13.559914524225558,13.83410358428955,129667000
2003-01-27,13.784248009210177,14.033511086956702,13.634690542907535,13.659616470336914,195911000
2003-01-28,13.834104286039489,13.98366178986752,13.659619897664504,13.809178352355957,132062000
2003-01-29,13.809177717762466,13.834103650300541,13.360503325170127,13.559914588928223,174761000
2003-01-30,13.609766196709892,13.734397758770838,13.360503072588001,13.534987449645996,177301000
2003-01-31,13.385431466553625,14.158146858215332,13.235873004679334,14.158146858215332,229941000
2003-02-03,14.183073743959447,14.207999678840096,13.809179015568917,14.158146858215332,119534000
2003-02-04,14.008585850123827,14.083364586961597,13.809175568268698,13.908880233764648,166475000
2003-02-05,13.908880233764648,14.033511778782007,13.709469951909519,13.908880233764648,126490000
2003-02-06,13.809170962167471,13.859022802855563,13.26079215683227,13.38542366027832,182217000
2003-02-07,13.385428091642458,13.48513275688966,13.136165002229612,13.260796546936035,157101000
2003-02-10,13.360500162851743,13.410352966991526,13.111237093015978,13.161089897155762,112938000
2003-02-11,13.335577011108398,13.410355757446617,13.26079826477018,13.335577011108398,90804000
2003-02-12,13.210948568363321,13.260801394643067,12.886906623840332,12.886906623840332,151408000
2003-02-13,12.837048439785187,13.16109024906344,12.737342828839644,13.0115327835083,135060000
2003-02-14,13.061381941491174,13.559907955275373,13.061381941491174,13.38542366027832,125644000
2003-02-17,13.584838430138424,13.759322783633948,13.534985621873526,13.63469123840332,86068000
2003-02-18,13.60976323326891,13.709468841552734,13.510058575848234,13.709468841552734,92847000
2003-02-19,13.759323908546191,13.759323908546191,13.186018943786621,13.186018943786621,145960000
2003-02-20,13.26079215683227,13.559907955275373,13.26079215683227,13.38542366027832,101769000
2003-02-21,13.21094582821493,13.559914588928223,13.21094582821493,13.559914588928223,139248000
2003-02-24,13.534984502487616,13.784247572334028,13.43527984506694,13.709468841552734,124175000
2003-02-25,13.609762805048552,13.859025867052102,13.260795088761457,13.759321212768555,156192000
2003-02-26,13.908879286598921,13.933806164422862,13.335574408732583,13.36050033569336,177977000
2003-02-27,13.011534758075511,13.235870990452394,12.76227164374787,13.111239433288574,293920000
2003-02-28,12.98660729486772,13.634691933630483,12.98660729486772,13.60976505279541,151015000
2003-03-03,13.634686667170419,13.709465379065467,13.26079215683227,13.38542366027832,127356000
2003-03-04,13.28572027739483,13.31064715272987,12.961678504943848,12.961678504943848,149986000
2003-03-05,12.812123661150206,12.986607069653438,12.612712421380921,12.662565231323242,123790000
2003-03-06,12.687491250959727,12.837048719776899,12.488080024719238,12.488080024719238,115236000
2003-03-07,12.463154729023111,12.513007538111852,12.1889657053299,12.226354598999023,137267000
2003-03-10,12.301129795358648,12.301129795358648,11.889846378238916,11.939699172973633,157929000
2003-03-11,11.877385921122046,12.05186931318164,11.815070152282715,11.815070152282715,124412000
2003-03-12,11.864922333888119,12.21389102935791,11.628123166458472,12.21389102935791,174397000
2003-03-13,12.276204076143776,12.662561577707683,12.176498485027869,12.587782859802246,162032000
2003-03-14,12.662563500857585,12.861973762512207,12.40083747300695,12.861973762512207,126398000
2003-03-17,12.562859606848175,13.036458888123029,12.313596526957243,12.93675422668457,171251000
2003-03-18,13.111236388712175,13.161089190173985,12.737341804043236,12.911826133728027,201806000
2003-03-19,12.936755832946522,13.360502360684047,12.737344583583795,13.186018943786621,161925000
2003-03-20,13.16109140959799,13.709470416427752,13.061386740723744,13.5848388671875,188322000
2003-03-21,14.207997887024847,14.207997887024847,13.80917727405019,13.983660697937012,404780000
2003-03-24,13.759322455663222,13.809175262739815,13.13616474436383,13.235869407653809,138549000
2003-03-25,13.011535269335369,13.784250573767887,12.936756522271473,13.534987449645996,164960000
2003-03-26,13.659615607621888,13.834099941196996,13.55991095333834,13.759321212768555,132487000
2003-03-27,13.634691677056253,13.684544486925006,13.385428578575748,13.5848388671875,89292000
2003-03-28,13.659619011706942,13.734397758770838,13.4602087025821,13.534987449645996,115501000
2003-03-31,13.335577011108398,13.360502942933355,13.111239821230395,13.335577011108398,112842000
2003-04-01,13.360501772769828,13.684544563293457,13.260797103339167,13.684544563293457,119158000
2003-04-02,13.759317513028936,14.008580508008219,13.634686015539296,13.85902214050293,169657000
2003-04-03,13.834101496926879,14.058438658303416,13.7343958805677,13.908880233764648,123896000
2003-04-04,13.834106284659358,14.033516635526782,13.609769045643784,14.008590698242188,148566000
2003-04-07,14.10829539824412,14.208001049109612,14.008590698242188,14.008590698242188,141736000
2003-04-08,14.008589347204508,14.158146858215332,13.809179015568917,14.158146858215332,132577000
2003-04-09,14.183697765433658,14.413704065100244,14.107029323842173,14.28592300415039,115717000
2003-04-10,14.183700060490201,14.234812688119074,14.004806351235292,14.132587432861328,97332000
2003-04-11,14.209257165050985,14.388150890398265,14.10703287548995,14.311482429504395,104968000
2003-04-14,14.337037864852714,14.515931585292266,14.209256775237655,14.464818954467773,106410000
2003-04-15,14.51592694988824,14.669264793395996,14.464814335385654,14.669264793395996,116212000
2003-04-16,14.720379994829145,14.873717875439361,14.541487263122297,14.592598915100098,117269000
2003-04-17,14.515931585292266,14.515931585292266,14.285926208920568,14.464818954467773,108816000
2003-04-18,14.464818954467773,14.464818954467773,14.464818954467773,14.464818954467773,0
2003-04-21,14.464818954467773,14.464818954467773,14.464818954467773,14.464818954467773,0
2003-04-22,14.464819533650125,14.464819533650125,13.928139325734733,14.183701515197754,136395000
2003-04-23,14.158142771493905,14.31147966364754,14.03036170306848,14.081473350524902,157062000
2003-04-24,14.03036315249587,14.413706397373984,14.004806351235292,14.132587432861328,119874000
2003-04-25,14.10703036299158,14.362592503716455,14.030361915752556,14.055917739868164,99860000
2003-04-28,14.00480408512544,14.337034648616632,13.953691465767072,14.28592300415039,80125000
2003-04-29,14.31147988059304,14.362592503716455,14.055917739868164,14.055917739868164,95773000
2003-04-30,14.13258743286133,14.260368514487368,14.055918978864163,14.132587432861328,84620000
2003-05-01,14.13258743286133,14.13258743286133,14.13258743286133,14.132587432861328,0
2003-05-02,14.158146016910585,14.209257676083134,13.800358553348296,13.82591438293457,133258000
2003-05-05,13.851472010494781,14.209258520425035,13.851472010494781,14.158146858215332,82502000
2003-05-06,14.183699894070367,14.413706228255444,14.08147464001205,14.260368347167969,93781000
2003-05-07,14.260369977058184,14.41370787567143,14.183701515197756,14.183701515197754,98205000
2003-05-08,14.158144163877807,14.260368443736091,14.004806281751959,14.030363082885742,87499000
2003-05-09,14.055917526796692,14.158142771493905,13.87702383602266,14.081473350524902,101601000
2003-05-12,14.107031486975124,14.132587313126903,13.825912524844172,13.92813777923584,82837000
2003-05-13,13.979249954223635,14.00480577954872,13.825912077596383,13.979249954223633,84317000
2003-05-14,13.928139905981737,14.15814627603749,13.851471440927297,13.902584075927734,96099000
2003-05-15,13.953693773471498,13.979250574823405,13.77480103846958,13.8003568649292,83762000
2003-05-16,13.877020209318427,14.081469670388614,13.672570748248242,13.72368335723877,154310000
2003-05-19,13.595906760615172,13.825912113820294,13.54479413493884,13.647019386291504,99440000
2003-05-20,13.621464821567152,13.877027016999527,13.570352187502195,13.82591438293457,104914000
2003-05-21,13.774800463036211,13.851468914104585,13.570349960330882,13.647019386291504,105591000
2003-05-22,13.72368829228421,13.774800919654867,13.59590721130371,13.595907211303711,94155000
2003-05-23,13.698130767528614,13.800356016869726,13.544793868409176,13.57034969329834,88369000
2003-05-26,13.595907665393685,13.800357206812444,13.544795036315918,13.544795036315918,58356000
2003-05-27,13.570352435871108,13.928139905981737,13.468128140762662,13.902584075927734,104203000
2003-05-28,13.97925228512944,14.030364919194398,13.698133285218383,13.82591438293457,106481000
2003-05-29,13.82591438293457,13.82591438293457,13.82591438293457,13.82591438293457,0
2003-05-30,13.800357428759828,13.953694343566895,13.544795254153165,13.953694343566895,153202000
2003-06-02,14.05591960336649,14.05591960336649,13.774801601256092,13.953694343566895,102947000
2003-06-03,13.902580708864155,14.055917601836404,13.749242840999717,13.851468086242676,97101000
2003-06-04,13.877026457420035,13.928139089423919,13.544795811733351,13.672576904296875,175468000
2003-06-05,13.698131491152742,13.800356745894055,13.570350410172242,13.595907211303711,138686000
2003-06-06,13.672576340455016,13.749244797852933,13.49368262326499,13.51923942565918,148102000
2003-06-09,13.519239425659181,13.519239425659181,13.519239425659181,13.51923942565918,0
2003-06-10,13.468123435974121,13.519236053119505,13.340342380556704,13.468123435974121,113603000
2003-06-11,13.544794700763843,13.825912691388819,13.544794700763843,13.8003568649292,156473000
2003-06-12,13.87702383602266,14.209254418950326,13.87702383602266,14.081473350524902,147739000
2003-06-13,14.107031030633554,14.234812107043473,13.902581503356132,13.979249954223633,116223000
2003-06-16,13.953694766628564,14.413707474781532,13.928138938350003,14.337038040161133,140710000
2003-06-17,14.439261277516682,14.592598175462625,14.388148653237293,14.567042350769043,165515000
2003-06-18,14.592596986067118,14.92482852935791,14.515928543343144,14.92482852935791,194387000
2003-06-19,14.924831846867809,14.950387675159,14.72038132096884,14.873719215393066,140013000
2003-06-20,14.822604313319776,15.078166456652875,14.771491689674713,15.027053833007812,402510000
2003-06-23,14.950386328298334,14.950386328298334,14.439262009382151,14.592598915100098,192313000
2003-06-24,14.669267890180418,14.720379540580995,14.41370573860858,14.64371109008789,160895000
2003-06-25,14.69482283200412,14.69482283200412,14.285923804026964,14.413704872131348,127751000
2003-06-26,14.31148440819706,14.694827740559482,14.28592857599657,14.515933990478516,137736000
2003-06-27,14.56703773174801,14.592593548338172,14.158138816953954,14.209250450134277,166111000
2003-06-30,14.234810384792025,14.490372506691731,14.209253587666778,14.28592300415039,77828000
2003-07-01,14.311480557910976,14.362593183453393,13.953693154006302,13.979249954223633,120539000
2003-07-02,14.107034221113162,14.260371157527205,14.081477415115845,14.158146858215332,92198000
2003-07-03,14.183698595222117,14.260367041298935,13.953692282099478,14.081473350524902,101465000
2003-07-04,14.055917293356227,14.209254182963246,14.030361470052448,14.107029914855957,42262000
2003-07-07,14.209256775237655,14.464818954467773,14.183700947271582,14.464818954467773,94794000
2003-07-08,14.362588274350983,14.413700882423218,14.132582025471882,14.209250450134277,96368000
2003-07-09,14.158142986114994,14.209254634346209,14.030361915752556,14.055917739868164,78182000
2003-07-10,14.055918909127243,14.158144163877807,14.004806281751959,14.030363082885742,68561000
2003-07-11,13.979249080719875,14.081473350524902,13.85146801229445,14.081473350524902,92883000
2003-07-14,14.055920420466244,14.209257344187103,13.979251958605815,14.183701515197754,92674000
2003-07-15,14.107031030633554,14.183699481501057,13.928137328681217,13.979249954223633,92043000
2003-07-16,14.030363775862757,14.10703223326629,13.851470058659626,13.953694343566895,88417000
2003-07-17,13.800358553348296,13.851471187413253,13.621464821567152,13.82591438293457,159764000
2003-07-18,13.851470729181521,13.97925182267048,13.800358096807464,13.877026557922363,103734000
2003-07-21,13.953692297317998,13.953692297317998,13.72368695883669,13.749242782592773,68523000
2003-07-22,13.8003568649292,13.877025319200348,13.74924423711767,13.8003568649292,56462000
2003-07-23,13.877025200759894,14.132587362744026,13.851469374518393,14.030363082885742,99083000
2003-07-24,14.081469417399646,14.209250450134277,14.00480099273725,14.209250450134277,86641000
2003-07-25,14.158143656175971,14.183699481501057,13.979249954223635,13.979249954223633,68130000
2003-07-28,14.081474735368744,14.23481261749459,14.004806281751959,14.030363082885742,63870000
2003-07-29,14.030362364705962,14.158143439157229,13.928137115188056,14.004805564880371,72139000
2003-07-30,13.979248848552718,14.107029914855957,13.92813622705299,14.107029914855957,57706000
2003-07-31,14.132586639331636,14.158143439157229,13.928137115188056,14.004805564880371,89148000
2003-08-01,14.00480577954872,14.055918405091138,13.902581503356132,13.979249954223633,38658000
2003-08-04,13.928139190296422,14.081476112526222,13.877026557922363,13.877026557922363,63826000
2003-08-05,13.928136669505726,14.10703036299158,13.877024046382312,14.055917739868164,69721000
2003-08-06,14.004806973466692,14.10703223326629,13.928138516063159,13.953694343566895,72079000
2003-08-07,14.00480577954872,14.055918405091138,13.877024703138801,13.979249954223633,54021000
2003-08-08,14.055918909127243,14.081474735368744,13.979250455510458,14.030363082885742,51894000
2003-08-11,14.081473350524902,14.158142771493905,14.055917526796692,14.081473350524902,67931000
2003-08-12,14.132587267041208,14.311480974197128,14.107031440972767,14.260368347167969,69004000
2003-08-13,14.311485775014454,14.464822732646853,14.311485775014454,14.362598419189453,85708000
2003-08-14,14.46481760130224,14.64371130500651,14.46481760130224,14.618155479431152,103546000
2003-08-15,14.720378429286075,14.771491050720215,14.643709984580953,14.771491050720215,110314000
2003-08-18,14.771492455702427,14.7970492562964,14.643711377409339,14.720379829406738,66636000
2003-08-19,14.745935888802215,14.797048512528747,14.515929569478928,14.694823265075684,94453000
2003-08-20,14.771490961065235,15.078165712916546,14.74593513794936,15.001497268676758,220159000
2003-08-21,15.078168560731179,15.589292918722066,15.052612732788573,15.435956001281738,268898000
2003-08-22,15.51262107591174,15.71707057952881,15.410395836657138,15.717070579528809,141953000
2003-08-25,15.665958556724611,15.69151535495796,15.512621666893194,15.538177490234375,70856000
2003-08-26,15.665958404541017,15.895964711945965,15.640402581448095,15.665958404541016,203390000
2003-08-27,15.742626910106166,15.87040797585343,15.563734197973726,15.768183708190918,124100000
2003-08-28,15.768186352392506,15.92152326704576,15.742629550022079,15.793742179870605,129214000
2003-08-29,15.844854698806511,15.895967328297255,15.589292526245117,15.589292526245117,111938000
2003-09-01,15.640405972759485,15.844855526510173,15.614849169232915,15.819299697875977,87330000
2003-09-02,15.742628259931177,15.793740885591081,15.589291357843711,15.614847183227539,83210000
2003-09-03,15.742626102629147,15.768182899403028,15.563733399672543,15.640401840209961,153814000
2003-09-04,15.614847183227539,15.69151660916352,15.538178732183807,15.614847183227539,77431000
2003-09-05,15.614847183227539,15.640403983503615,15.512622906799978,15.614847183227539,55604000
2003-09-08,15.61484578346301,15.742626848711947,15.563734137277166,15.665958404541016,64139000
2003-09-09,15.66596137744223,15.717074008219788,15.359286567669228,15.435956001281738,91756000
2003-09-10,15.384840739390246,15.742627143859863,15.308172293781912,15.742627143859863,120993000
2003-09-11,15.691517444607012,16.023748066746553,15.640404816225784,15.844854354858398,138231000
2003-09-12,15.921520833540763,15.998189279149097,15.589290252643195,15.742627143859863,87809000
2003-09-15,15.71707376600218,15.972635941059126,15.665961136012324,15.895967483520508,86098000
2003-09-16,15.921521186828613,15.947077985859933,15.768184292209503,15.921521186828613,71588000
2003-09-17,15.972634101541882,16.02374672564526,15.895965652832924,15.998189926147461,76136000
2003-09-18,15.947080394839752,16.074861484622467,15.947080394839752,15.972636222839355,74186000
2003-09-19,16.049302314709035,16.074859113831756,15.947078042894756,16.023746490478516,172608000
2003-09-22,15.921519780477865,15.921519780477865,15.614845043436079,15.640401840209961,114003000
2003-09-23,15.66596137744223,15.691518180277182,15.410399198446786,15.435956001281738,118874000
2003-09-24,15.512624879803758,15.844855526510173,15.487068076277188,15.819299697875977,131693000
2003-09-25,15.69151526372099,15.768183708190916,15.640402642443652,15.768183708190918,94655000
2003-09-26,15.691517895065878,15.870410637197232,15.614848462846924,15.793742179870605,101575000
2003-09-29,15.742628527858239,15.81929795509907,15.614847448979868,15.691516876220703,75676000
2003-09-30,15.717072868232593,15.742628694321589,15.410398080703258,15.563735961914062,136231000
2003-10-01,15.58929178800306,15.717072868232593,15.461510707773526,15.563735961914062,112696000
2003-10-02,15.66596098303507,15.66596098303507,15.538179896754373,15.589292526245117,71704000
2003-10-03,15.614848014589018,15.895966983239628,15.589292187844555,15.844854354858398,95648000
2003-10-06,15.793739469789953,15.844852090867958,15.589289960370088,15.665958404541016,69703000
2003-10-07,15.665959808887443,15.665959808887443,15.538178732183807,15.614847183227539,68323000
2003-10-08,15.563735961914062,15.717072868232593,15.512623334843795,15.563735961914062,103128000
2003-10-09,15.563735961914062,15.58929178800306,15.359285453632989,15.563735961914062,145434000
2003-10-10,15.563732588219775,15.589288408769129,15.435951535688881,15.512619972229004,73240000
2003-10-13,15.563736698945906,15.66596098303507,15.512624069455162,15.589292526245117,65893000
2003-10-14,15.665958556724611,15.665958556724611,15.410396423744137,15.538177490234375,77066000
2003-10-15,15.614847346964444,15.640404147508509,15.410397817073221,15.487066268920898,102969000
2003-10-16,15.41039765548017,15.665959808887443,15.41039765548017,15.614847183227539,109224000
2003-10-17,15.665957662091728,15.819295518058679,15.640401840209961,15.640401840209961,95441000
2003-10-20,15.6404010247599,15.742625281849378,15.410394740247463,15.512619972229004,116126000
2003-10-21,15.58929178800306,15.614847614092056,15.461510707773526,15.563735961914062,74884000
2003-10-22,15.538178312508533,15.563735112094339,15.308172965589618,15.333728790283203,104964000
2003-10-23,15.20594596862793,15.38483964559021,15.103720731823168,15.20594596862793,146494000
2003-10-24,15.23150678661868,15.23150678661868,15.001501390699808,15.180395126342773,100522000
2003-10-27,15.282616830443342,15.333729456944944,15.1803925523324,15.257061004638672,70493000
2003-10-28,15.308171951746447,15.384840395641753,15.180390886956884,15.231502532958984,86121000
2003-10-29,15.3081762268174,15.3081762268174,15.103725686144053,15.180395126342773,85621000
2003-10-30,15.231501790383067,15.257058587030311,15.129277528470412,15.20594596862793,84419000
2003-10-31,15.180391703942998,15.180391703942998,14.950385384986324,15.027053833007812,107576000
2003-11-03,15.05261196730172,15.308174133300783,15.001499339123448,15.308174133300781,113760000
2003-11-04,15.308171205432693,15.487063907502863,15.20594596862793,15.20594596862793,107746000
2003-11-05,15.205947370428786,15.257059993543121,15.103722124200118,15.154834747314453,120265000
2003-11-06,15.205947717030842,15.333728790283201,15.027054019499094,15.333728790283203,128555000
2003-11-07,15.435954617617286,15.487066268920898,15.359285190877351,15.487066268920898,127270000
2003-11-10,15.435951674372351,15.538175932380257,15.384839057922362,15.384839057922363,64318000
2003-11-11,15.33372995994377,15.384842588122043,15.257061505122511,15.308174133300781,67977000
2003-11-12,15.359285786586758,15.384842588122043,15.20594887694424,15.308174133300781,64922000
2003-11-13,15.384842588122043,15.41039841476503,15.20594887694424,15.308174133300781,61908000
2003-11-14,15.231501790383067,15.308171205432693,15.15483335022555,15.20594596862793,89551000
2003-11-17,15.129279080297936,15.154834904674363,15.001498008631387,15.027053833007812,72222000
2003-11-18,15.027056134924933,15.103724594690867,14.873719215393066,14.873719215393066,105109000
2003-11-19,14.822602572336116,15.05260886427748,14.720377337052822,14.899271011352539,149405000
2003-11-20,14.950383628994185,14.950383628994185,14.720377337052822,14.899271011352539,107627000
2003-11-21,14.848159111741793,14.95038435196852,14.848159111741793,14.92482852935791,53314000
2003-11-24,14.950386617318724,15.103723526000975,14.92483079083578,15.103723526000977,68131000
2003-11-25,15.078169856006099,15.333732056955355,15.078169856006099,15.180395126342773,113355000
2003-11-26,15.231503194539854,15.333728440768525,15.103722124200118,15.154834747314453,89888000
2003-11-27,15.23150420394174,15.308173631140274,15.154835751635467,15.257061004638672,83017000
2003-11-28,15.257062023352121,15.384843110691934,15.20594939343773,15.359286308288574,125070000
2003-12-01,15.359285190877351,15.487066268920898,15.333729365225546,15.487066268920898,74872000
2003-12-02,15.487065980019525,15.487065980019525,15.308173254009496,15.41039752960205,97259000
2003-12-03,15.38483891969811,15.512619972229006,15.38483891969811,15.512619972229004,93600000
2003-12-04,15.512620111601299,15.538175932380257,15.384839057922362,15.384839057922363,80238000
2003-12-05,15.384844692123691,15.384844692123691,15.180395126342773,15.180395126342773,97224000
2003-12-08,15.180390146872794,15.308171205432693,15.15483335022555,15.20594596862793,64556000
2003-12-09,15.257062281006458,15.435956001281738,15.231505478171506,15.435956001281738,103732000
2003-12-10,15.384843110691934,15.435955740606325,15.333730480777543,15.359286308288574,77116000
2003-12-11,15.410398981879222,15.461511611938477,15.359286351819968,15.461511611938477,79490000
2003-12-12,15.487067395628387,15.487067395628387,15.308174653266512,15.359286308288574,79111000
2003-12-15,15.461511829224344,15.512624460001902,15.410399198446786,15.435956001281738,91961000
2003-12-16,15.359284904359653,15.461510154844447,15.282616453942179,15.41039752960205,101816000
2003-12-17,15.461510443269091,15.512623069464961,15.435954617617286,15.487066268920898,94338000
2003-12-18,15.461510281140074,15.640403983503615,15.41039765548017,15.614847183227539,100050000
2003-12-19,15.691516876220701,15.691516876220701,15.5892916231611,15.691516876220703,173980000
2003-12-22,15.665958556724611,15.768183799873668,15.538177490234373,15.538177490234375,76387000
2003-12-23,15.589290111808902,15.589290111808902,15.435953221977487,15.538177490234375,74115000
2003-12-24,15.538177490234373,15.538177490234373,15.538177490234373,15.538177490234375,0
2003-12-25,15.538177490234373,15.538177490234373,15.538177490234373,15.538177490234375,0
2003-12-26,15.538177490234373,15.538177490234373,15.538177490234373,15.538177490234375,0
2003-12-29,15.563733399672543,15.665957662091728,15.53817660289866,15.640401840209961,58170000
2003-12-30,15.717073722543978,15.819298982241033,15.691517895065878,15.793742179870605,45068000
2003-12-31,15.793742179870605,15.793742179870605,15.793742179870605,15.793742179870605,0
2004-01-01,15.793742179870605,15.793742179870605,15.793742179870605,15.793742179870605,0
2004-01-02,15.793742179870605,15.793742179870605,15.793742179870605,15.793742179870605,0
2004-01-05,15.87041083018659,16.2026424407959,15.844855002397722,16.2026424407959,159993000
2004-01-06,16.279312867241522,16.304868698120117,16.151531763063634,16.304868698120117,115462000
2004-01-07,16.355981334769766,16.432650777190464,16.253756061470472,16.304868698120117,163552000
2004-01-08,16.381531504003597,16.56042615789555,16.355975681957386,16.407087326049805,147479000
2004-01-09,16.458203264617396,16.483759090304375,16.228196933865547,16.35597801208496,130736000
2004-01-12,16.304864535611426,16.355977159212408,16.1259708404541,16.1259708404541,104998000
2004-01-13,16.177083575890904,16.38153309681602,16.177083575890904,16.330421447753906,95769000
2004-01-14,16.304865649896858,16.432647705078125,16.253753022802808,16.432647705078125,116153000
2004-01-15,16.38153309681602,16.407088921347082,16.253752024376297,16.330421447753906,88869000
2004-01-16,16.279308246080266,16.509313583374023,16.279308246080266,16.509313583374023,115131000
2004-01-19,16.53487205505371,16.585985660272172,16.48376039961992,16.53487205505371,79400000
2004-01-20,16.483757293547768,16.585982534937486,16.458201470646415,16.560426712036133,75016000
2004-01-21,16.611540413171266,16.81599092124719,16.611540413171266,16.764877319335938,144949000
2004-01-22,16.84154658201751,17.097108739711906,16.815990756204975,16.892658233642578,148228000
2004-01-23,16.841545687106315,16.994882583618164,16.841545687106315,16.994882583618164,76902000
2004-01-26,16.918214491725603,16.99488392090668,16.8415470123291,16.8415470123291,65761000
2004-01-27,16.91821523182708,16.99488466436213,16.867103576660156,16.867103576660156,68884000
2004-01-28,16.76487599655887,16.943770664456352,16.76487599655887,16.918212890625,89087000
2004-01-29,16.841547749076696,16.99488466436213,16.790434144125108,16.867103576660156,94222000
2004-01-30,16.89265659948182,17.071551262432713,16.867100776141505,16.96932601928711,94140000
2004-02-02,17.020438408072735,17.0715520067663,16.969326759163593,16.994882583618164,83787000
2004-02-03,17.045994662702693,17.071552437586668,16.867101937221708,16.943771362304688,89631000
2004-02-04,16.943771350923196,17.378226226676315,16.892657750974053,17.2760009765625,212942000
2004-02-05,17.27600431010994,17.53156650981507,17.27600431010994,17.327117919921875,175413000
2004-02-06,17.40378522495992,17.480454663970402,17.352673565476152,17.454898834228516,71297000
2004-02-09,17.531563234340048,17.557119059578916,17.32711468264459,17.480451583862305,89199000
2004-02-10,17.429341239976047,17.45489901977444,17.148223210257374,17.327117919921875,134869000
2004-02-11,17.301556801644836,17.429337876840986,17.250445151480164,17.2760009765625,111128000
2004-02-12,17.352671576615993,17.506008487277562,17.250446319580078,17.250446319580078,115980000
2004-02-13,17.301555905477844,17.50600639511557,17.27600008171922,17.378225326538086,79760000
2004-02-16,17.378226333122335,17.480451583862305,17.32711468264459,17.480451583862305,57011000
2004-02-17,17.48045305773716,17.582678317096313,17.48045305773716,17.531564712524414,74535000
2004-02-18,17.531562218874193,17.557118042632816,17.301555905477844,17.378225326538086,105170000
2004-02-19,17.429337983600078,17.557119059578916,17.403782158361206,17.480451583862305,89697000
2004-02-20,17.557119800829003,17.608233403249212,17.45489649555772,17.50600814819336,92153000
2004-02-23,17.531563543816837,17.60823297067135,17.454896066746848,17.557119369506836,78508000
2004-02-24,17.50600814819336,17.531563974511183,17.45489649555772,17.50600814819336,82159000
2004-02-25,17.53156527212128,17.68490219116211,17.480453615702576,17.68490219116211,144443000
2004-02-26,17.403781463904,17.429337288123126,17.071551849486553,17.122663497924805,244671000
2004-02-27,17.173775146363056,17.327113991246623,17.122663497924805,17.122663497924805,148022000
2004-03-01,17.199334571887807,17.250446225233922,17.045995712280273,17.045995712280273,121118000
2004-03-02,16.99488095346869,17.173773657275717,16.943769309462176,17.071550369262695,145133000
2004-03-03,17.07155274886469,17.09710857443017,16.867102244771832,17.02043914794922,125703000
2004-03-04,17.09710619126595,17.122662013269206,16.99488095346869,17.071550369262695,92809000
2004-03-05,17.071551262432713,17.09710708577303,16.943770195946794,16.96932601928711,95479000
2004-03-08,16.99488301250369,17.045994662702693,16.943771362304688,16.943771362304688,58871000
2004-03-09,16.943772405588046,17.097109315410982,16.918214629130393,17.045995712280273,64008000
2004-03-10,16.994882694380074,17.27600066478135,16.969326869758945,17.19933319091797,118794000
2004-03-11,17.148218579819442,17.275999645168,16.943770045132347,17.09710693359375,209899000
2004-03-12,16.918214629130393,17.097109315410982,16.918214629130393,17.045995712280273,119681000
2004-03-15,16.99488392090668,17.02043974737218,16.8159911858636,16.8415470123291,64524000
2004-03-16,16.815993570890587,17.02044216139629,16.790435791015625,16.790435791015625,109393000
2004-03-17,16.841544085537716,16.89265572958633,16.713763025631945,16.73931884765625,103932000
2004-03-18,16.739318388842506,16.764874210166347,16.458200454711914,16.458200454711914,125790000
2004-03-19,16.483756134814808,16.585981369018555,16.407086721715956,16.585981369018555,312938000
2004-03-22,16.509316273831658,16.58598570698294,16.2026424407959,16.2026424407959,143762000
2004-03-23,16.202637974617506,16.330419028124293,16.177081178980906,16.279306411743164,102961000
2004-03-24,16.253752923723425,16.304865550505905,16.151528645050735,16.22819709777832,107376000
2004-03-25,16.279312867241522,16.304868698120117,16.125974957292584,16.304868698120117,94218000
2004-03-26,16.355981334769766,16.432650777190464,16.253756061470472,16.304868698120117,77573000
2004-03-29,16.33042348353388,16.56042983255528,16.279310853207754,16.53487205505371,76254000
2004-03-30,16.560426712036133,16.585982534937486,16.407087875059407,16.560426712036133,66647000
2004-03-31,16.560427180406656,16.58598300403079,16.458201936125754,16.509313583374023,93550000
2004-04-01,16.50931153825608,16.63709259033203,16.458199897339348,16.63709259033203,110266000
2004-04-02,16.61154303060003,16.815993570890587,16.585987200509923,16.790435791015625,115987000
2004-04-05,16.81599092124719,16.892658399437252,16.611540413171266,16.764877319335938,129104000
2004-04-06,16.7904325667612,16.815990341728323,16.585984015515603,16.611539840698242,114881000
2004-04-07,16.66264794945926,16.790428997997395,16.637092129708446,16.68820571899414,78610000
2004-04-08,16.713763025631945,16.76487466968056,16.662649431799093,16.73931884765625,57828000
2004-04-09,16.73931884765625,16.73931884765625,16.73931884765625,16.73931884765625,0
2004-04-12,16.73931884765625,16.73931884765625,16.73931884765625,16.73931884765625,0
2004-04-13,16.815990756204975,16.892658233642578,16.790432980607914,16.892658233642578,69555000
2004-04-14,16.86710124253109,17.045993960644175,16.86710124253109,16.918212890625,117833000
2004-04-15,16.943770195946794,17.071551262432713,16.918212422822137,16.96932601928711,85552000
2004-04-16,16.918214491725603,16.94377226797568,16.76487758314802,16.8415470123291,131571000
2004-04-19,16.84154495280119,16.994881842627425,16.7648755329959,16.96932601928711,99158000
2004-04-20,17.020436775471946,17.09710619126595,16.99488095346869,17.071550369262695,76910000
2004-04-21,17.122664076284014,17.454895651707794,17.09710825120168,17.2760009765625,254744000
2004-04-22,17.378226066023057,17.429337715715228,17.2248891671621,17.40378189086914,106336000
2004-04-23,17.403781890869144,17.454895490345766,17.30155664170035,17.40378189086914,106068000
2004-04-26,17.35266907845046,17.429336547851562,17.275999659265036,17.429336547851562,99604000
2004-04-27,17.429340061762247,17.429340061762247,17.327116748618312,17.352672576904297,92265000
2004-04-28,17.415334115755705,17.519774303742505,17.310895919799805,17.310895919799805,126361000
2004-04-29,17.337005906806255,17.389225006103516,17.258675265829417,17.389225006103516,89018000
2004-04-30,17.33700653320714,17.33700653320714,17.10201659381719,17.12812614440918,113844000
2004-05-03,17.102013806790872,17.389222800559846,17.102013806790872,17.337003707885742,72494000
2004-05-04,17.38922360562763,17.571994422510123,17.28478342341346,17.493663787841797,106711000
2004-05-05,17.493662904782685,17.702543258666992,17.467553358554817,17.702543258666992,97827000
2004-05-06,17.676435037660507,17.70254658081929,17.571996833149623,17.598106384277344,112002000
2004-05-07,17.571996833149623,17.650325486532786,17.54588528999084,17.598106384277344,90017000
2004-05-10,17.467554030773638,17.519773125238963,17.075904846191406,17.075904846191406,202692000
2004-05-11,17.180344225609844,17.28478240966797,17.10201359553558,17.28478240966797,95382000
2004-05-12,17.310891423649206,17.415329592479424,17.180341720581055,17.180341720581055,112224000
2004-05-13,17.25867482979096,17.33700546878878,17.180346182824035,17.310895919799805,82594000
2004-05-14,17.2586727142334,17.389222435206467,17.206453622656433,17.2586727142334,103726000
2004-05-17,17.180343562183378,17.258672197202277,17.075903390127586,17.154232025146484,108396000
2004-05-18,17.23256492614746,17.363114660436455,17.206455377695832,17.23256492614746,95230000
2004-05-19,17.284784023050715,17.363114660436455,17.102015191858463,17.23256492614746,151988000
2004-05-20,17.23256492614746,17.23256492614746,17.23256492614746,17.23256492614746,0
2004-05-21,17.180338560327346,17.23255763513697,16.945348739624023,16.945348739624023,145549000
2004-05-24,16.971462401440466,17.206452279251124,16.9453528576905,16.99757194519043,109014000
2004-05-25,16.971458277028834,16.971458277028834,16.762577993730318,16.945348739624023,120075000
2004-05-26,17.18034103390986,17.25866965740185,16.997570261701274,17.04979133605957,123289000
2004-05-27,17.128122695330653,17.28478195936724,17.102013149996324,17.206453323364258,104316000
2004-05-28,17.23256390729864,17.258673454206583,16.971464454157754,17.023683547973633,132135000
2004-05-31,17.023683547973633,17.023683547973633,17.023683547973633,17.023683547973633,0
2004-06-01,17.075907824720062,17.075907824720062,16.840917874575577,16.893136978149414,82230000
2004-06-02,16.919245360341872,17.102014180728197,16.919245360341872,17.023683547973633,100468000
2004-06-03,16.997573272287266,17.28478226002188,16.971463726498783,17.2586727142334,131469000
2004-06-04,17.15423428876172,17.23256492614746,17.023684554472723,17.23256492614746,157191000
2004-06-07,17.337005906806255,17.389225006103516,17.284784815478048,17.389225006103516,59006000
2004-06-08,17.363115017777755,17.389224566766732,17.232565280801982,17.310895919799805,81447000
2004-06-09,17.337003707885742,17.337003707885742,17.258673076843884,17.337003707885742,58909000
2004-06-10,17.28478240966797,17.3370034937277,17.232563317638906,17.28478240966797,53762000
2004-06-11,17.258674474599086,17.284784023050715,17.180345829244207,17.23256492614746,65583000
2004-06-14,17.23256633880816,17.23256633880816,17.023685950010197,17.12812614440918,97484000
2004-06-15,17.075903604661995,17.25867241403291,17.049794059327667,17.206453323364258,88686000
2004-06-16,17.258672863653437,17.28478240966797,17.154232687564644,17.28478240966797,73135000
2004-06-17,17.232563530506834,17.363113254222792,17.232563530506834,17.337003707885742,83374000
2004-06-18,17.310895919799805,17.389224566766732,17.284784378779932,17.310895919799805,349473000
2004-06-21,17.337007950706482,17.41533660888672,17.310898397979734,17.41533660888672,66740000
2004-06-22,17.3892253571975,17.545884650283227,17.36311580702171,17.46755599975586,120855000
2004-06-23,17.493665840016256,17.571996483873512,17.415335196159,17.519775390625,109962000
2004-06-24,17.545883534784878,17.62421417236328,17.545883534784878,17.62421417236328,71995000
2004-06-25,17.598104623847437,17.65032372087913,17.545883534784878,17.62421417236328,70042000
2004-06-28,17.598103081724837,17.702543258666992,17.571993535496972,17.702543258666992,66428000
2004-06-29,17.676429596190808,17.702541131311477,17.598100966920143,17.650320053100586,64169000
2004-06-30,17.624213218724908,17.676432312931052,17.441444396972656,17.441444396972656,91808000
2004-07-01,17.519775390625,17.598106034482257,17.493665840016256,17.519775390625,72358000
2004-07-02,17.493665196728983,17.51977474637761,17.310896357157628,17.389225006103516,71998000
2004-07-05,17.389224566766732,17.441445656775578,17.284784378779932,17.310895919799805,51943000
2004-07-06,17.337005761239542,17.363115310668945,17.12812538174243,17.363115310668945,114690000
2004-07-07,17.363113254222792,17.4153323468969,17.337003707885742,17.337003707885742,74779000
2004-07-08,17.310894962990094,17.519773335387644,17.28478342341346,17.493663787841797,98064000
2004-07-09,17.441443885264647,17.441443885264647,17.258673076843884,17.337003707885742,103109000
2004-07-12,17.310896211810135,17.41533440952776,17.25867512092039,17.363115310668945,65716000
2004-07-13,17.41533285783883,17.51977303828187,17.36311376363269,17.441444396972656,91332000
2004-07-14,17.44144534072149,17.62421417236328,17.389224251658934,17.62421417236328,127550000
2004-07-15,17.598106384277344,17.650325486532786,17.519775738863117,17.598106384277344,103138000
2004-07-16,17.46755270113414,17.62421196463589,17.415331618613145,17.571992874145508,102987000
2004-07-19,17.54588414870572,17.54588414870572,17.232565571490984,17.363115310668945,164260000
2004-07-20,17.31089416154869,17.363113254222792,17.180344437832726,17.337003707885742,104827000
2004-07-21,17.310893947713172,17.36311303974223,17.232563317638906,17.28478240966797,76204000
2004-07-22,17.18034502715282,17.232564121618147,17.023683759695317,17.075904846191406,119173000
2004-07-23,17.128120644135564,17.23256080499616,17.049792017512903,17.180341720581055,85614000
2004-07-26,17.18034837442101,17.206457926740626,16.91924886716252,16.971467971801758,67270000
2004-07-27,17.023682308084393,17.258672197202277,16.997572763078093,17.154232025146484,62873000
2004-07-28,17.25866965740185,17.25866965740185,16.919241638209282,17.04979133605957,113017000
2004-07-29,17.10201659381719,17.20645678821617,17.0759070432252,17.12812614440918,97000000
2004-07-30,17.12812394065673,17.206454574385486,17.023683759695317,17.075904846191406,92804000
2004-08-02,17.049798620791766,17.075908173111383,16.814808665852894,16.971467971801758,87464000
2004-08-03,17.075903604661995,17.25867241403291,16.945353885959733,17.206453323364258,100777000
2004-08-04,17.12812394065673,17.206454574385486,17.023683759695317,17.075904846191406,68738000
2004-08-05,17.102010418387565,17.12811995955156,16.997570261701274,17.04979133605957,53718000
2004-08-06,16.971463642686395,16.997573188345935,16.840913922358038,16.867023468017578,102482000
2004-08-09,16.814802178174922,16.893130804912136,16.60592185614825,16.63203239440918,94453000
2004-08-10,16.60592162822741,16.788692405499766,16.527592006550098,16.76258087158203,82627000
2004-08-11,16.76258443500588,16.788695974474457,16.370936243361967,16.52759552001953,118220000
2004-08-12,16.60592308999447,16.63203363019545,16.42315428866391,16.501483917236328,69660000
2004-08-13,16.44926784623284,16.47537739678891,16.26649800429382,16.34482765197754,111561000
2004-08-16,16.318711703825443,16.39704132080078,16.188162010194837,16.39704132080078,71779000
2004-08-17,16.344821244145514,16.632031167741914,16.318711703825443,16.39704132080078,106489000
2004-08-18,15.874847772946035,15.874847772946035,15.35264882649376,15.561528205871582,532274000
2004-08-19,15.665966838499987,15.69207638482468,15.352647302526918,15.639857292175293,231475000
2004-08-20,15.665964126586914,15.718184206211905,15.613744046961921,15.665964126586914,90580000
2004-08-23,15.796517822380327,15.874847463618798,15.61374799548028,15.69207763671875,134312000
2004-08-24,15.665969060879355,15.744298706980654,15.483199222632663,15.509309768676758,128527000
2004-08-25,15.561527357797246,15.587637901306152,15.404868080805382,15.587637901306152,117528000
2004-08-26,15.639855816891854,15.71818544449257,15.430975481936269,15.535415649414062,117882000
2004-08-27,15.48319434590703,15.69207366839182,15.457084804102124,15.665964126586914,99231000
2004-08-30,15.639857292175293,15.77040701582946,15.587637203510557,15.639857292175293,73777000
2004-08-31,15.61374674983525,15.69207638482468,15.561526661170515,15.639857292175293,108206000
2004-09-01,15.71818963101624,15.953178576407458,15.665969533368575,15.79651927947998,153120000
2004-09-02,15.796515072093289,15.796515072093289,15.53541564941406,15.535415649414062,143512000
2004-09-03,15.56152731328459,15.770407676696776,15.50930821844693,15.770407676696777,127756000
2004-09-06,15.796517519658597,15.848737611488648,15.66596778809117,15.822627067565918,90343000
2004-09-07,15.822627067565918,15.874847159395971,15.744297427828544,15.822627067565918,93202000
2004-09-08,15.77040742216354,15.84873705917118,15.665967242143102,15.71818733215332,95856000
2004-09-09,15.665968645101806,15.744298289124222,15.561528455728276,15.613748550415039,102131000
2004-09-10,15.61374799548028,15.822627370788009,15.5876384470726,15.69207763671875,103586000
2004-09-13,15.718188432437097,15.770408526102758,15.587638696280669,15.744297981262207,74926000
2004-09-14,15.692078194437457,15.718188739788571,15.587639001079388,15.613748550415039,78512000
2004-09-15,15.587637132960944,15.665966767595854,15.378757775262734,15.430976867675781,150204000
2004-09-16,15.4048703511556,15.4048703511556,15.169880405019892,15.274320602416992,152178000
2004-09-17,15.16987498479391,15.40486484696728,15.117655900768879,15.32653522491455,226426000
2004-09-20,15.143765442781396,15.326535224914553,15.117655900768879,15.32653522491455,139705000
2004-09-21,15.300430642943923,15.50931104441645,15.274321090767643,15.378761291503906,182639000
2004-09-22,15.378759185692868,15.404868734293972,15.117659715620087,15.143769264221191,146034000
2004-09-23,15.1437673870808,15.169876932445504,14.856558404007805,14.960997581481934,162124000
2004-09-24,14.908777891864027,14.934888433939554,14.699898535336516,14.856558799743652,135570000
2004-09-27,14.830446657519728,15.065436530768258,14.699896949273928,14.90877628326416,137734000
2004-09-28,14.908780138442264,15.222099718454787,14.830450492443006,15.117660522460938,172825000
2004-09-29,15.16987895965576,15.300428695955777,15.039329223355743,15.169878959655762,115721000
2004-09-30,15.195989261825941,15.248209354715016,14.856560152070097,14.934889793395996,136538000
2004-10-01,15.03932651650558,15.03932651650558,14.856557715393517,15.013216972351074,97582000
2004-10-04,15.091549015795994,15.300428390502931,15.065439467463412,15.30042839050293,112879000
2004-10-05,15.261259843500499,15.40486431160908,15.195984994722494,15.222094535827637,143193000
2004-10-06,15.182934583138282,15.195989357438835,15.052384848101893,15.143769264221191,120599000
2004-10-07,15.23515055387866,15.23515055387866,14.90877628326416,14.90877628326416,170297000
2004-10-08,14.93488682252246,15.065436530768258,14.882666740021094,14.90877628326416,119045000
2004-10-11,14.921837175258498,14.921837175258498,14.726012545641014,14.791287422180176,133450000
2004-10-12,14.726009889481977,14.778228984481988,14.51712952542036,14.634624481201172,143280000
2004-10-13,14.647683242101825,14.817398335095085,14.634628464798267,14.67379379272461,110972000
2004-10-14,14.621569633483887,14.804339453105513,14.412690266494337,14.621569633483887,351464000
2004-10-15,14.477966947861328,14.686846341064475,14.477966947861328,14.608516693115234,132135000
2004-10-18,14.59546413288759,14.686848570028166,14.464914367820674,14.67379379272461,94358000
2004-10-19,14.726010417855123,14.960999341832819,14.673790324966049,14.934889793395996,146715000
2004-10-20,14.830444194408338,14.987104415893553,14.739059812219928,14.987104415893555,88160000
2004-10-21,15.195986672017938,15.248206756007294,14.960996792073459,15.182931900024414,212277000
2004-10-22,15.19598747382552,15.24820756057024,14.947942808799581,14.960997581481934,95861000
2004-10-25,14.791285982671916,15.013220142899899,14.673791017133082,14.882670402526855,126966000
2004-10-26,14.869615627692646,14.947945272713378,14.791285982671916,14.882670402526855,65012000
2004-10-27,14.89572308637397,14.960997947397532,14.673788957299989,14.84350299835205,135530000
2004-10-28,14.895722722054861,14.960997581481934,14.804338317263085,14.960997581481934,104951000
2004-10-29,14.947946727467933,15.026276380111812,14.791287422180176,14.791287422180176,133552000
2004-11-01,14.778228176670618,15.104602482657295,14.752118630597819,15.039327621459961,66690000
2004-11-02,15.078491934275222,15.404866218566895,15.013217077416888,15.404866218566895,171907000
2004-11-03,15.430980395856466,15.49625527231274,15.326541191135775,15.378761291503906,116530000
2004-11-04,15.352647989802964,15.600692675052908,15.352647989802964,15.587637901306152,170277000
2004-11-05,15.665966366336551,15.796516086056023,15.626801052014583,15.731241226196289,129961000
2004-11-08,15.692078910321332,15.757353782653809,15.639859809267756,15.757353782653809,108013000
2004-11-09,15.77040901260973,15.783463787425015,15.600693951964594,15.652914047241211,81512000
2004-11-10,15.705130299694433,15.874844322797472,15.613744906317201,15.83568000793457,91027000
2004-11-11,15.770407997109205,16.031507460663892,15.69207736123047,16.018451690673828,124957000
2004-11-12,16.04456343898245,16.096783534816236,15.966233793239512,16.0706729888916,104877000
2004-11-15,16.096783534816236,16.122893084725387,15.953178022269451,16.0706729888916,80087000
2004-11-16,16.070672414510167,16.135947282965542,15.914013128623447,15.953177452087402,92121000
2004-11-17,15.927067276835853,16.018451690673828,15.900957728886548,16.018451690673828,101559000
2004-11-18,15.966233222590837,16.00539754605479,15.835683485680088,15.953177452087402,63637000
2004-11-19,16.005398674055126,16.01845344946316,15.731244406424278,15.79651927947998,97706000
2004-11-22,15.74429340313786,15.770403940385991,15.600688934326174,15.600688934326172,67501000
2004-11-23,15.652909816300816,15.783459521197377,15.548469653977484,15.574580192565918,84855000
2004-11-24,15.626801376645847,15.692076237861604,15.35264715874274,15.417922019958496,93935000
2004-11-25,15.417920710005358,15.53541564941406,15.378756394212626,15.535415649414062,56413000
2004-11-26,15.45708871300334,15.744297729549539,15.4440339387995,15.69207763671875,82440000
2004-11-29,15.62680373982096,15.744298706980654,15.417924351545667,15.509309768676758,85477000
2004-11-30,15.457090449854151,15.483200001195657,15.274320602416994,15.274320602416992,111537000
2004-12-01,15.20904516958438,15.352649688720703,15.156825072803306,15.352649688720703,129193000
2004-12-02,15.404867902893374,15.548472404479982,15.339593038898062,15.54847240447998,86159000
2004-12-03,15.574583976345245,15.665968393568214,15.430978469258513,15.561528205871582,109808000
2004-12-06,15.535420914265856,15.60069579205689,15.300430955811901,15.444036483764648,92857000
2004-12-07,15.444031531088005,15.496250619762455,15.33959136170856,15.404866218566895,103072000
2004-12-08,15.313482913731086,15.43097686767578,15.28737237150922,15.430976867675781,89565000
2004-12-09,15.430974118192216,15.587634355563734,15.378755035083541,15.457084655761719,95821000
2004-12-10,15.470144447618363,15.62680373982096,15.470144447618363,15.509309768676758,78277000
2004-12-13,15.53541835424181,15.731242955345698,15.52236358003797,15.69207763671875,98861000
2004-12-14,15.705132121626995,15.731241667897866,15.587637171377386,15.626801490783691,100774000
2004-12-15,15.639859095766154,15.639859095766154,15.561528455728276,15.613748550415039,129630000
2004-12-16,15.574582359857683,15.613746679167466,15.43097686767578,15.430976867675781,99276000
2004-12-17,15.50930500704771,15.57457985809418,15.326535224914553,15.32653522491455,185493000
2004-12-20,15.36570200614413,15.457087409897646,15.35264723304087,15.430976867675781,91993000
2004-12-21,15.378761291503906,15.430980395856466,15.339595967223914,15.378761291503906,69778000
2004-12-22,15.417926077281503,15.47014617919922,15.261266767543953,15.470146179199219,114636000
2004-12-23,15.444032892261617,15.496251985538445,15.417922349607846,15.483197212219238,51875000
2004-12-24,15.483197212219238,15.483197212219238,15.483197212219238,15.483197212219238,0
2004-12-27,15.417921581986546,15.561526073378815,15.417921581986546,15.522361755371094,35605000
2004-12-28,15.535416528040333,15.561526073378815,15.48319644134806,15.522361755371094,27283000
2004-12-29,15.561528205871582,15.561528205871582,15.457089014190394,15.561528205871582,43463000
2004-12-30,15.587635733152958,15.652910588822765,15.53541564941406,15.535415649414062,40164000
2004-12-31,15.53541564941406,15.53541564941406,15.53541564941406,15.535415649414062,0
2005-01-03,15.63985769514568,15.731242105652033,15.626801925631597,15.71818733215332,99175000
2005-01-04,15.665966366336551,15.757350771734055,15.587636733707933,15.731241226196289,92401000
2005-01-05,15.639859095766154,15.705133965120744,15.61374855041504,15.613748550415039,87891000
2005-01-06,15.574583672868759,15.705133406938018,15.574583672868759,15.69207763671875,53239000
2005-01-07,15.652912468644391,15.718187332153322,15.613747152132884,15.71818733215332,91296000
2005-01-10,15.665968119405665,15.705133438110352,15.626802800700979,15.705133438110352,69253000
2005-01-11,15.70513208531695,15.992341077693888,15.679021543091103,15.809571266174316,222854000
2005-01-12,15.848736079094591,16.188165149147856,15.848736079094591,16.083724975585938,279054000
2005-01-13,16.162050927996653,16.162050927996653,16.05761078464983,16.109830856323242,132943000
2005-01-14,16.044556015735235,16.18816046582585,16.03150124682064,16.109830856323242,86437000
2005-01-17,16.109835699572738,16.12289047241211,16.005395524827094,16.12289047241211,57541000
2005-01-18,16.044559216306588,16.057613987825356,15.953173823644791,15.992339134216309,73836000
2005-01-19,16.005394784644633,16.057614869602492,15.900955610744187,15.97928524017334,94834000
2005-01-20,15.861793693785678,16.00539821115183,15.861793693785678,15.900959014892578,77904000
2005-01-21,15.887902583632028,16.00539754605479,15.887902583632028,15.953177452087402,89024000
2005-01-24,15.900956346096777,16.12289047241211,15.88790057724208,16.12289047241211,100387000
2005-01-25,16.12288908837024,16.29260410875918,16.09677954493282,16.22732925415039,112285000
2005-01-26,16.29260738081086,16.357882248528828,16.253442061773907,16.305662155151367,94010000
2005-01-27,16.292605624437773,16.331769943237305,16.240385536689733,16.331769943237305,62781000
2005-01-28,16.34482765197754,16.423158295676767,16.318718101421467,16.34482765197754,82102000
2005-01-31,16.397045537915627,16.397045537915627,16.227331490156587,16.292606353759766,87841000
2005-02-01,16.3187118927958,16.436206817626953,16.240382274913404,16.436206817626953,70060000
2005-02-02,16.410099394434372,16.540649114345594,16.383989848858256,16.48843002319336,113376000
2005-02-03,16.47537852418389,16.579818725585938,16.449268971841164,16.579818725585938,121318000
2005-02-04,16.579818725585938,16.579818725585938,16.47537852418389,16.579818725585938,65986000
2005-02-07,16.605924786853503,16.65814487657626,16.55370569314611,16.645090103149414,75506000
2005-02-08,16.5928735017573,16.6189840501156,16.527598624884913,16.579818725585938,57785000
2005-02-09,16.579817201882918,16.592871976854532,16.423157910192582,16.462322235107422,90499000
2005-02-10,16.47537648344591,16.592871446465693,16.397046840104537,16.553707122802734,114147000
2005-02-11,16.57981593830359,16.605925486256957,16.50148629842807,16.592870712280273,83701000
2005-02-14,16.553706242985236,16.60592533842711,16.501486151527963,16.566761016845703,62454000
2005-02-15,16.540650473109366,16.57981579070617,16.488431377667496,16.566761016845703,61272000
2005-02-16,16.514539385598805,16.54064893088533,16.37093489449231,16.449264526367188,110330000
2005-02-17,16.449261587938164,16.488426894886928,16.383986740366982,16.436206817626953,71692000
2005-02-18,16.462316358249375,16.475371128560585,16.397041510678193,16.436206817626953,79932000
2005-02-21,16.44926606007069,16.645090656023914,16.44926606007069,16.566761016845703,136699000
2005-02-22,16.540650620358125,16.632036030225738,16.514541072404754,16.592870712280273,92901000
2005-02-23,16.527593822293962,16.527593822293962,16.383989334106445,16.383989334106445,106579000
2005-02-24,16.684256829287417,16.684256829287417,16.501486997821154,16.540651321411133,179247000
2005-02-25,16.65814204610006,16.867021373483894,16.64508727489142,16.827856063842773,164148000
2005-02-28,16.8017503116009,16.945355815336377,16.775640763293772,16.865459442138672,107037000
2005-03-01,16.82785952132273,17.049795657544966,16.814805743447238,16.954753875732422,123776000
2005-03-02,17.036739317442976,17.049795086912315,16.932299137780472,17.023683547973633,94079000
2005-03-03,16.971466240779,17.036741110935843,16.90619137062216,17.010631561279297,81331000
2005-03-04,17.010631561279297,17.023685340092097,16.932300920278706,17.010631561279297,80000000
2005-03-07,17.023683547973633,17.023683547973633,16.932299137780472,17.023683547973633,80459000
2005-03-08,17.01063329629676,17.049798620791766,16.932302647306752,16.971467971801758,68555000
2005-03-09,16.997570261701274,17.075900877223567,16.94535117937328,17.04979133605957,104528000
2005-03-10,16.99757194519043,17.14117742386097,16.9453528576905,16.99757194519043,162425000
2005-03-11,17.049793545183377,17.167287491660083,17.049793545183377,17.102012634277344,116777000
2005-03-14,17.06284579260149,17.206451262788608,17.06284579260149,17.180341720581055,94504000
2005-03-15,17.15423018634312,17.206451262788608,17.088955334809043,17.180341720581055,86986000
2005-03-16,17.206454574385486,17.206454574385486,17.075904846191406,17.075904846191406,83829000
2005-03-17,17.062852400936,17.088961953255616,16.91924886716252,16.971467971801758,125418000
2005-03-18,16.91924076044117,16.945350300250606,16.827854383062842,16.880075454711914,156081000
2005-03-21,16.867026818998646,16.919247912723165,16.762586623580642,16.77564239501953,100755000
2005-03-22,16.788693861262924,16.788693861262924,16.67119792453601,16.684253692626953,132011000
2005-03-23,16.658147769203282,16.919248263156227,16.632038217815758,16.853973388671875,167458000
2005-03-24,16.867018135379574,17.010623579151055,16.840908597974764,16.945348739624023,88164000
2005-03-25,16.945348739624023,16.945348739624023,16.945348739624023,16.945348739624023,0
2005-03-28,16.945348739624023,16.945348739624023,16.945348739624023,16.945348739624023,0
2005-03-29,16.945353041883152,17.102012298116282,16.90618772981724,17.0367374420166,121548000
2005-03-30,17.023678019096565,17.128118164839446,17.023678019096565,17.062843322753906,75051000
2005-03-31,17.10201450995505,17.167289374496864,17.07590496254448,17.088958740234375,96577000
2005-04-01,17.102012298116282,17.12812184215005,17.010627897982832,17.0367374420166,98107000
2005-04-04,16.984517831421165,17.010627374651673,16.893131442068693,16.932296752929688,86182000
2005-04-05,16.971464454157754,17.049795086912315,16.94535490724981,17.023683547973633,91931000
2005-04-06,17.049789549554855,17.115064391640395,17.010624245897514,17.062843322753906,79243000
2005-04-07,17.049797809727707,17.193401336669922,17.049797809727707,17.193401336669922,88621000
2005-04-08,17.180343562183378,17.19339733867123,17.075903390127586,17.154232025146484,85755000
2005-04-11,17.115068435668945,17.141177980266427,17.07590312275744,17.115068435668945,55960000
2005-04-12,17.115064391640395,17.128118164839446,17.062843322753906,17.062843322753906,58008000
2005-04-13,17.102012935133885,17.154232025146484,17.03673807660284,17.154232025146484,79091000
2005-04-14,17.115068918678798,17.28478195936724,17.08895738131385,17.206453323364258,421248000
2005-04-15,17.193397036207067,17.193397036207067,17.049793545183377,17.102012634277344,163213000
2005-04-18,16.971458277028834,17.010623579151055,16.853964362692178,16.945348739624023,167822000
2005-04-19,16.997576399418207,17.141181915720686,16.971466848826218,17.12812614440918,153539000
2005-04-20,17.195029815973022,17.208411978865865,17.034454070415816,17.061216354370117,161799000
2005-04-21,17.061217390807304,17.10136184009315,16.940785063865512,16.967548370361328,110918000
2005-04-22,16.967547004548774,17.12812274693502,16.954164841920193,17.0076904296875,122483000
2005-04-25,16.967547004548774,17.074597159167713,16.954164841920193,17.0076904296875,113532000
2005-04-26,16.994310862126422,17.021073148031178,16.847116247818715,16.954166412353516,89978000
2005-04-27,16.90064057102497,16.927402854919436,16.713301521016636,16.726682662963867,107222000
2005-04-28,16.766828689919876,16.780209833128225,16.633015216004846,16.673158645629883,106612000
2005-04-29,16.659777555307933,16.753446578979492,16.659777555307933,16.753446578979492,96603000
2005-05-02,16.793589099533946,17.074597159167713,16.780207957821037,17.0076904296875,100612000
2005-05-03,17.061219195353228,17.16827039082767,17.007693597616004,17.141508102416992,96868000
2005-05-04,17.141502527003073,17.302078247070312,17.114739226381516,17.302078247070312,110763000
2005-05-05,17.302078247070312,17.302078247070312,17.302078247070312,17.302078247070312,0
2005-05-06,17.328841617638457,17.382366180419922,17.288697174636763,17.382366180419922,91733000
2005-05-09,17.342225079768507,17.342225079768507,17.221791741731955,17.26193618774414,78349000
2005-05-10,17.302081186208525,17.315461307418918,17.168267723116166,17.208412170410156,94246000
2005-05-11,17.181647569597235,17.315461030549958,17.141505164776515,17.23517417907715,84585000
2005-05-12,17.235177506047894,17.315464373018777,17.2084152170576,17.27532196044922,61513000
2005-05-13,17.261936462901417,17.32884319337778,17.20841189525288,17.23517417907715,69439000
2005-05-16,17.23517417907715,17.23517417907715,17.23517417907715,17.23517417907715,0
2005-05-17,17.27532196044922,17.315464373018777,17.15488859724524,17.27532196044922,108659000
2005-05-18,17.315459728120413,17.368986333574178,17.28869744630914,17.35560417175293,74879000
2005-05-19,17.39574834203088,17.422510623421616,17.342223779249416,17.382366180419922,88737000
2005-05-20,17.395753860473633,17.409136026329808,17.275322535095395,17.395753860473633,107862000
2005-05-23,17.449277950797477,17.476042281759113,17.38237120705695,17.435897827148438,66306000
2005-05-24,17.44927310951468,17.59646872163729,17.422510827809994,17.52956199645996,137617000
2005-05-25,17.51617888616875,17.62323004902176,17.51617888616875,17.60984992980957,139124000
2005-05-26,17.623235793508467,17.850718312577097,17.60985566993488,17.783811569213867,197275000
2005-05-27,17.810572149788808,17.864096716476425,17.690138811994657,17.770427703857422,85021000
2005-05-30,17.797191619873047,17.81057378368827,17.73028488445999,17.797191619873047,30262000
2005-05-31,17.770427991241593,17.78380811221421,17.569707800169958,17.583087921142578,110677000
2005-06-01,17.636619084576004,17.890863908850818,17.62323691831653,17.850719451904297,140952000
2005-06-02,17.823949223601748,18.104958255252555,17.810569105132796,18.05143165588379,176969000
2005-06-03,18.091580679272056,18.104962842962973,17.944387087829526,17.984529495239258,74449000
2005-06-06,17.971152048144965,18.02467662721203,17.877483013861703,17.917625427246094,60628000
2005-06-07,17.890861408039928,18.078201500326397,17.890861408039928,18.0648193359375,83425000
2005-06-08,18.024673944480497,18.131725128513295,17.984529495239258,17.984529495239258,92880000
2005-06-09,17.97114937337985,18.104962842962973,17.93100492413861,17.984529495239258,109841000
2005-06-10,18.024672102863377,18.064816548002977,17.944385254415476,17.971147537231445,87939000
2005-06-13,17.984529495239258,18.03805610817141,17.93100492413861,17.984529495239258,49463000
2005-06-14,17.98452717996997,18.024671624043144,17.9310026157599,18.01129150390625,71419000
2005-06-15,18.011294938444333,18.038057225652615,17.79719255711481,17.87748146057129,89083000
2005-06-16,17.931006730706997,17.957769018953652,17.743668671148715,17.823955535888672,110367000
2005-06-17,17.783809939725018,17.877481005316092,17.743667530850647,17.757047653198242,187739000
2005-06-20,17.71689905083148,17.73028121187477,17.556323327467513,17.60984992980957,84314000
2005-06-21,17.64999511771715,17.703521728515625,17.623232833233626,17.703521728515625,95702000
2005-06-22,17.703522598661074,17.850716191470884,17.676760312862157,17.797191619873047,95086000
2005-06-23,17.797190468266326,17.823952752333533,17.663377006098912,17.730283737182617,68629000
2005-06-24,17.60985224675056,17.69013909808039,17.569707800169958,17.583087921142578,74301000
2005-06-27,17.529563353589356,17.67675897710777,17.516181190785368,17.583087921142578,120160000
2005-06-28,17.63661786785091,17.63661786785091,17.502804381815363,17.62323570251465,91897000
2005-06-29,17.636615753173828,17.703522488169305,17.542946732546465,17.636615753173828,82401000
2005-06-30,17.596472271395246,17.609854435862797,17.516183368253188,17.55632781982422,117936000
2005-07-01,17.516182405083065,17.649995875074016,17.489420119451175,17.636615753173828,98146000
2005-07-04,17.6366149963911,17.743666176156626,17.5964705487501,17.703521728515625,71304000
2005-07-05,17.716901779174805,17.743666105383,17.663377210421245,17.716901779174805,71561000
2005-07-06,17.77042988917396,17.82395446244376,17.676760865036023,17.743667602539062,94290000
2005-07-07,17.730281416454243,17.810570299978185,17.368985524258758,17.596467971801758,269802000
2005-07-08,17.64999646525957,17.757047653198242,17.609854056385203,17.757047653198242,115668000
2005-07-11,17.783810115927178,17.90424346923828,17.783810115927178,17.90424346923828,108261000
2005-07-12,17.90424176692124,17.931004051168642,17.810572751139624,17.890859603881836,102167000
2005-07-13,17.931005379371495,18.145107752872732,17.917623215340832,18.104963302612305,163350000
2005-07-14,18.14510651271158,18.25215565031417,18.091579902078866,18.212013244628906,117240000
2005-07-15,18.278920182559354,18.278920182559354,18.14510671721655,18.198631286621094,97577000
2005-07-18,18.198631563062897,18.252156133280494,18.131724829375166,18.1718692779541,75782000
2005-07-19,18.171869760925187,18.212014210571077,17.971149554527262,18.131725311279297,191202000
2005-07-20,18.05143165588379,18.26553396969688,18.038051537414837,18.05143165588379,120014000
2005-07-21,18.05143623003082,18.131725128513295,17.944387087829526,17.984529495239258,141435000
2005-07-22,17.95776537490781,17.99790982004741,17.931003092091846,17.971147537231445,100715000
2005-07-25,18.024674402091453,18.158487875071838,18.011294279892347,18.104963302612305,101745000
2005-07-26,18.07820053458005,18.17186955480363,18.051436207232022,18.14510726928711,73904000
2005-07-27,18.185248141871533,18.640215124580735,18.17186802115826,18.626832962036133,245678000
2005-07-28,18.707126216809495,19.08180439530204,18.653599595978097,18.907846450805664,283657000
2005-07-29,18.974749296600496,19.02827386460203,18.787409224932357,18.921222686767578,137092000
2005-08-01,18.89446258544922,18.947989201465518,18.840938011264544,18.89446258544922,62902000
2005-08-02,18.854317482154716,19.121944427490234,18.81417507381963,19.121944427490234,94670000
2005-08-03,19.10856426865874,19.24237774106975,18.86769960995261,18.947988510131836,111013000
2005-08-04,18.98813331930505,19.08180439530204,18.787413085308877,18.907846450805664,127332000
2005-08-05,18.827554813881893,19.068419468161817,18.827554813881893,18.988130569458008,95080000
2005-08-08,18.96136752793384,19.162087724860093,18.934605243376627,19.055036544799805,85558000
2005-08-09,19.028279765487422,19.09518651715357,18.867703969855057,19.068424224853516,86530000
2005-08-10,19.108558608519562,19.282516479492188,19.108558608519562,19.282516479492188,118425000
2005-08-11,19.24237435104027,19.36280563826055,19.13532318360491,19.255754470825195,102732000
2005-08-12,19.295900703343996,19.322662987226973,18.98812933411133,19.09518051147461,102702000
2005-08-15,19.081798960281986,19.269136975253346,19.04165451655063,19.215612411499023,69009000
2005-08-16,19.25575741430273,19.282521741626216,18.988130475719892,19.16208839416504,125302000
2005-08-17,19.001511374968942,19.1085625516449,18.84093563087069,18.93460464477539,225423000
2005-08-18,18.934604450382523,19.001511179889174,18.760646545298957,18.78740882873535,141012000
2005-08-19,18.760648078905888,19.001512733185812,18.72050362955398,18.988130569458008,127033000
2005-08-22,19.068419075674715,19.148707972725934,18.82755442635253,18.85431671142578,80240000
2005-08-23,18.867698480970578,18.88108064414355,18.58668938898951,18.720502853393555,141431000
2005-08-24,18.73388263161223,18.827551636404056,18.60006918424357,18.760644912719727,115068000
2005-08-25,18.653595726146403,18.707122335873294,18.586688995361328,18.586688995361328,69936000
2005-08-26,18.613457336119712,18.65359974978449,18.359210479195777,18.399354934692383,107748000
2005-08-29,18.278918329040884,18.573307514577113,18.2253917232326,18.53316307067871,81446000
2005-08-30,18.653594912331506,18.66697707463724,18.452874728733256,18.479639053344727,97211000
2005-08-31,18.493022700137196,18.961369884505956,18.479642577111385,18.840938568115234,176558000
2005-09-01,18.934606346158116,19.10856426865874,18.894461896068503,18.947988510131836,127453000
2005-09-02,18.92122091636078,18.974747521185364,18.653594017731457,18.733882904052734,120086000
2005-09-05,18.680358069397233,18.787407193827224,18.613451345712903,18.760644912719727,63605000
2005-09-06,18.77403058763121,18.974750796247726,18.76064842365749,18.947988510131836,92608000
2005-09-07,19.00151480828132,19.14871045803591,18.92122590080941,19.13532829284668,100621000
2005-09-08,19.175472746582635,19.175472746582635,19.08180371575323,19.13532829284668,88851000
2005-09-09,19.108564305322393,19.21561549182291,19.095182141322994,19.121944427490234,80126000
2005-09-12,19.188847746406996,19.255754470825195,19.10856090220387,19.255754470825195,55913000
2005-09-13,19.269136428833008,19.28251859030772,19.20222970512178,19.269136428833008,69210000
2005-09-14,19.26914034902064,19.53676729831259,19.24237806245776,19.429716110229492,130213000
2005-09-15,19.469857418373838,19.61705303345831,19.416332853887443,19.53676414489746,127579000
2005-09-16,19.670577798763652,19.80439125317701,19.603671071556974,19.6839599609375,184670000
2005-09-19,19.791011122626532,20.259358261150922,19.764248837362864,19.84453773498535,174550000
2005-09-20,19.87130368266528,19.9649727192677,19.697345733642578,19.697345733642578,118509000
2005-09-21,19.576907222442287,19.657194063566763,19.483238220214844,19.483238220214844,96598000
2005-09-22,19.38957173107701,19.51000508380211,19.242378133521783,19.416336059570312,115086000
2005-09-23,19.4430953346272,19.710722243453915,19.4430953346272,19.6839599609375,78329000
2005-09-26,19.85791634838279,20.018494131430998,19.764247336158892,19.978349685668945,118386000
2005-09-27,19.9917313456877,20.245978160536247,19.951588938666102,20.1790714263916,180025000
2005-09-28,20.23259941772552,20.393175198455122,20.21921929373329,20.37979507446289,147946000
2005-09-29,20.33964787502077,20.366410161226856,20.112165379521716,20.125545501708984,46951000
2005-09-30,20.232592856952092,20.286119461059574,19.951585842254705,20.28611946105957,124983000
2005-10-03,20.43331653502734,20.70094347600172,20.419936413077536,20.660799026489258,166283000
2005-10-04,20.6206534910467,20.807991504580535,20.6206534910467,20.767847061157227,146180000
2005-10-05,20.647416316964534,20.84813649754067,20.607271872483054,20.714323043823242,135396000
2005-10-06,20.567129105301177,20.59389138986094,20.165688711410468,20.232595443725586,270479000
2005-10-07,20.23259508372568,20.43331527709961,20.179070515558525,20.43331527709961,150196000
2005-10-10,20.366409465264017,20.47346064826175,20.165689262830078,20.1790714263916,122343000
2005-10-11,20.112165379521716,20.2861233026086,20.031876479071908,20.125545501708984,119619000
2005-10-12,20.01849680673731,20.232597143028777,19.884683330868295,19.91144561767578,123050000
2005-10-13,19.83115736954608,20.0987843301117,19.724106176953498,20.018497467041016,194014000
2005-10-14,20.12554414583254,20.12554414583254,19.978350560699862,20.072019577026367,101950000
2005-10-17,20.17907055040415,20.192450671553345,19.911443625443432,20.08540153503418,72958000
2005-10-18,20.125545573284654,20.192452309953595,19.95158969141066,20.112165451049805,94423000
2005-10-19,19.724105732617375,19.817776800170495,19.49662322962756,19.56352996826172,215692000
2005-10-20,20.339644023335882,20.446695189719673,20.045254847153835,20.28611946105957,324737000
2005-10-21,20.179075404021308,20.56713372182038,20.179075404021308,20.500226974487305,239480000
2005-10-24,20.513603689873573,20.56712825678489,20.393170351576092,20.473459243774414,126664000
2005-10-25,20.39317394513155,20.52698742782095,20.312887080616935,20.486845016479492,143215000
2005-10-26,20.526981353759766,20.567125795053936,20.299498908867598,20.526981353759766,102817000
2005-10-27,20.419935155973516,20.620655349347444,20.353028424848873,20.43331527709961,158622000
2005-10-28,20.339643061555773,20.460074341898345,20.165685179636778,20.205829620361328,129686000
2005-10-31,20.339646723284453,20.593891490592934,20.339646723284453,20.553749084472656,150282000
2005-11-01,20.526984208054063,20.68756199555922,20.486841803009156,20.60727310180664,111327000
2005-11-02,20.526984963070067,20.634036144733898,20.4199358232377,20.540367126464844,80117000
2005-11-03,20.593889839225227,20.874898910522464,20.460076384670597,20.87489891052246,154207000
2005-11-04,20.87489822967565,20.95518711652227,20.71432249781362,20.767847061157227,104036000
2005-11-07,20.767847738512504,20.874898910522464,20.55374743632386,20.87489891052246,93570000
2005-11-08,20.87489953971463,21.048857444245186,20.620654785130128,20.647417068481445,129845000
2005-11-09,20.700936266773027,20.861511967069873,20.647411713951016,20.794605255126953,77322000
2005-11-10,20.8748987799179,20.8748987799179,20.674178599341765,20.714323043823242,57538000
2005-11-11,20.848139196197618,20.981952667236328,20.754470174836825,20.981952667236328,66996000
2005-11-14,21.048856258902305,21.102380822590757,20.888280526005715,20.928422927856445,71077000
2005-11-15,20.848138717191354,21.12914577481732,20.821376431964804,21.022096633911133,70512000
2005-11-16,21.06223809222405,21.102382539171565,20.741086600306694,20.94180679321289,88711000
2005-11-17,20.995335716039516,21.249582571554587,20.995335716039516,21.222820281982422,107000000
2005-11-18,21.410154547968613,21.63763703167449,21.24957879722514,21.396772384643555,154429000
2005-11-21,21.49044620238588,21.530588613850124,21.2629616476527,21.31648826599121,71319000
2005-11-22,21.27633980995959,21.423535430408823,21.06223746054822,21.169288635253906,137066000
2005-11-23,21.16929196456887,21.370012183022745,21.14252967714135,21.209436416625977,61672000
2005-11-24,21.089004167481658,21.20943547648301,20.995333102889987,21.129146575927734,64705000
2005-11-25,21.115763319470197,21.383390225821326,21.115763319470197,21.236194610595703,71805000
2005-11-28,21.222815672478532,21.34324697031201,20.955188751220703,20.955188751220703,88281000
2005-11-29,20.981954781762266,21.155912720010082,20.848141297238055,20.96857261657715,101790000
2005-11-30,21.022094527265068,21.07561909235441,20.874898910522464,20.87489891052246,86172000
2005-12-01,20.968567846048682,21.115763462269744,20.861516674418027,21.048856735229492,86570000
2005-12-02,21.129147029880404,21.289724834440907,21.102384743064185,21.24958038330078,93325000
2005-12-05,21.27633577297236,21.27633577297236,21.04885334603004,21.182666778564453,60690000
2005-12-06,21.129147718481324,21.356632268411914,21.115767595552956,21.196054458618164,75069000
2005-12-07,21.15591010187535,21.262959242781537,21.022096633911133,21.022096633911133,66609000
2005-12-08,20.968573266637904,21.11576892091054,20.90166652230158,21.075624465942383,78426000
2005-12-09,21.048856665623628,21.102381230346325,21.008712221165975,21.062236785888672,53880000
2005-12-12,21.14252690183445,21.262958200365514,21.008713440430434,21.115764617919922,64936000
2005-12-13,21.196050918472494,21.249577526741,21.04885733985459,21.169288635253906,72669000
2005-12-14,21.19605155416151,21.209433717087812,20.87490006224416,20.94180679321289,98409000
2005-12-15,20.98195447862855,21.048861219924028,20.794614377902185,20.821378707885742,122739000
2005-12-16,20.98195211429797,21.04885884805413,20.915045380541812,21.035476684570312,236171000
2005-12-19,21.089004827098076,21.102384949721415,20.834757995275154,20.90166473388672,88533000
2005-12-20,20.794613441079857,20.87490234375,20.7410888671875,20.7410888671875,91139000
2005-12-21,20.7544721730418,20.874903491838953,20.727707842792015,20.80799674987793,56267000
2005-12-22,20.821373666332043,20.95518711652227,20.71432249781362,20.767847061157227,60557000
2005-12-23,20.92842748068066,20.968571933095742,20.63403823268952,20.687564849853516,38266000
2005-12-26,20.687564849853516,20.687564849853516,20.687564849853516,20.687564849853516,0
2005-12-27,20.660791831241117,20.848131849779776,20.593885119298196,20.794605255126953,37728000
2005-12-28,20.794616001586498,21.03548069742375,20.754473587140176,20.848142623901367,48741000
2005-12-29,20.92842340145828,21.0890011798199,20.874898836558582,21.048856735229492,40207000
2005-12-30,21.04885884805413,21.06223896970648,20.90166321705799,21.035476684570312,38698000
2006-01-02,21.03547668457031,21.03547668457031,21.03547668457031,21.035476684570312,0
2006-01-03,21.062233464184914,21.370004767380262,21.022091067889342,21.182666778564453,129714000
2006-01-04,21.289723245368872,21.410154547968613,21.129145452793946,21.396772384643555,124505000
2006-01-05,21.383389471743985,21.503820758622524,21.276338304612402,21.3031005859375,113598000
2006-01-06,21.343242489239568,21.410149205506777,21.102377902311428,21.182666778564453,73272000
2006-01-09,21.209432401622976,21.236194683984323,21.062236785888672,21.062236785888672,77704000
2006-01-10,21.00871485773617,21.20943506338333,20.94180812252045,21.15591049194336,116083000
2006-01-11,21.222813741962202,21.370007310165843,21.155907017733863,21.3031005859375,103528000
2006-01-12,21.27634486112675,21.356633771675046,21.0890067922898,21.222820281982422,91754000
2006-01-13,21.15591260639743,21.222819348300227,20.91504792718101,21.14253044128418,151223000
2006-01-16,21.03547517732963,21.196050918472494,21.008712894111042,21.169288635253906,55167000
2006-01-17,21.03547608514258,21.075620532618615,20.888282500172348,20.9150447845459,93362000
2006-01-18,20.767851154133677,20.888284508138895,20.660799964517356,20.7410888671875,133029000
2006-01-19,20.767847738512504,20.874898910522464,20.660796566502544,20.87489891052246,77498000
2006-01-20,20.78123020050943,20.821374645821237,20.259356495118578,20.339645385742188,160511000
2006-01-23,20.192450242988873,20.406552595145893,20.112163392303504,20.299501419067383,123905000
2006-01-24,20.326263301064923,20.486841082926002,20.112162994969005,20.165687561035156,86835000
2006-01-25,20.179069872647876,20.232594439109725,19.938205239906896,19.978349685668945,166378000
2006-01-26,20.05863631039086,20.339645385742188,20.005111744529323,20.339645385742188,141454000
2006-01-27,20.500223634088833,20.59389265672591,20.12554550170898,20.125545501708984,148889000
2006-01-30,20.125540738912232,20.3128807816831,20.098778459039558,20.205829620361328,119408000
2006-01-31,20.286121935913883,20.286121935913883,20.005112845102946,20.072019577026367,102142000
2006-02-01,20.045257292623283,20.15230847206704,19.96496839758261,20.072019577026367,107642000
2006-02-02,20.15231435499363,20.15231435499363,19.791016263670755,19.898067474365234,188501000
2006-02-03,19.85791385652334,20.43331206202567,19.844533737502537,20.205829620361328,194508000
2006-02-06,20.27274044582781,20.393171750555577,20.165689262830078,20.1790714263916,78237000
2006-02-07,20.192452971405483,20.299504161948818,20.165690684227556,20.21921730041504,95767000
2006-02-08,20.152308315611332,20.486841972631233,20.098781705389307,20.259357452392578,128089000
2006-02-09,20.37979010622114,20.553748010366863,20.232594485367528,20.312883377075195,149910000
2006-02-10,20.23259772935958,20.41993782610419,20.23259772935958,20.366411209106445,85639000
2006-02-13,20.366407668672956,20.446696559296566,20.28612081988065,20.339645385742188,73840000
2006-02-14,20.419933113535766,20.4734576763493,20.15230621580571,20.272737503051758,85580000
2006-02-15,20.339649368788475,20.75447198185829,20.299504915615312,20.486845016479492,171684000
2006-02-16,20.607276319007525,20.874903284189443,20.580514030855674,20.821378707885742,127688000
2006-02-17,20.901661193067135,20.981950082532425,20.71432317342316,20.87489891052246,116737000
2006-02-20,20.928423475611805,20.981950082532425,20.781229900700477,20.87489891052246,54280000
2006-02-21,20.95518684504884,21.303100585937504,20.9150424021456,21.3031005859375,159380000
2006-02-22,21.276341152523624,21.42353678226109,21.196052255970198,21.383392333984375,144790000
2006-02-23,21.303105633501964,21.370012373583208,20.687564849853516,20.687564849853516,265513000
2006-02-24,20.727700890701065,20.76784533077954,20.37978717429338,20.40654945373535,215454000
2006-02-27,20.47346018856922,20.553749084472656,20.3262645600234,20.553749084472656,138393000
2006-02-28,20.500221447302202,20.87489953971463,20.500221447302202,20.647417068481445,142142000
2006-03-01,20.64741754868293,20.741086563506684,20.46007747720404,20.60727310180664,124979000
2006-03-02,20.727700890701065,20.888278651014964,20.40654945373535,20.40654945373535,111583000
2006-03-03,20.446696559296566,20.486841004608372,20.20583192925704,20.339645385742188,168371000
2006-03-06,20.339645865325743,20.393170432449324,20.245976851943805,20.299501419067383,119176000
2006-03-07,20.232595443725586,20.28612205467654,20.112164142290943,20.232595443725586,129513000
2006-03-08,20.232595238673426,20.353028580718938,20.01849492253376,20.2459774017334,134357000
2006-03-09,20.393167910666595,20.63403251660052,20.272736628615185,20.526981353759766,163103000
2006-03-10,20.48684210907485,20.9150447845459,20.48684210907485,20.9150447845459,149001000
2006-03-13,20.995332512243394,21.048859125051603,20.88828337028998,21.00871467590332,112271000
2006-03-14,20.955191349874948,20.955191349874948,20.821377872651816,20.90166473388672,103765000
2006-03-15,20.94180550677661,20.96856778915384,20.714323043823246,20.714323043823242,105094000
2006-03-16,20.6741797492194,20.821375373227948,20.607273018639404,20.781230926513672,114708000
2006-03-17,20.714326580241323,20.794613441079857,20.593893226236105,20.7410888671875,237332000
2006-03-20,20.72770460683022,20.794611338345916,20.593891143798828,20.593891143798828,87039000
2006-03-21,20.620654785130128,20.647417068481445,20.51360360989353,20.647417068481445,86916000
2006-03-22,20.647418699032304,20.674180984497067,20.500223066228852,20.67418098449707,74039000
2006-03-23,20.714327905732944,20.754472359636825,20.513607678045283,20.62065887451172,121057000
2006-03-24,20.607271872483054,20.807992053059188,20.607271872483054,20.714323043823242,94341000
2006-03-27,20.660800910510346,20.71432752868513,20.473462851477873,20.486845016479492,138887000
2006-03-28,20.44669723510742,20.54036624937674,20.406552788468748,20.446697235107422,95426000
2006-03-29,20.419935155973516,20.48684188709816,20.379790708932454,20.43331527709961,80939000
2006-03-30,20.50022192408033,20.6206552647092,20.339646178406557,20.60727310180664,107286000
2006-03-31,20.593889710378807,20.8748987799179,20.526982983520096,20.714323043823242,144486000
2006-04-03,20.821376338892406,20.86151874563705,20.634036259481032,20.700942993164062,34183000
2006-04-04,20.727706040054738,20.781232654067257,20.553750159550813,20.634037017822266,91083000
2006-04-05,20.647418308128675,20.741087326397725,20.446698108195793,20.540367126464844,127800000
2006-04-06,20.553749566691412,20.580511852009955,20.446698383585744,20.51360511779785,87871000
2006-04-07,20.500222078968225,20.54036652614782,20.40655306343676,20.41993522644043,89212000
2006-04-10,20.44670093548273,20.634038997925185,20.433318770237523,20.62065887451172,104735000
2006-04-11,20.68756028517965,20.767847130462993,20.620653559861257,20.754467010498047,174194000
2006-04-12,20.80926579548785,20.90516270570186,20.699672910129493,20.836666107177734,172331000
2006-04-13,20.864061982795523,20.973656946182544,20.822963610231632,20.946256637573242,79625000
2006-04-14,20.946256637573242,20.946256637573242,20.946256637573242,20.946256637573242,0
2006-04-17,20.946256637573242,20.946256637573242,20.946256637573242,20.946256637573242,0
2006-04-18,20.98735640720714,21.04215493772347,20.836665151575193,20.932559967041016,127396000
2006-04-19,21.06955505636107,21.138051657915984,20.959960075803135,21.124351501464844,106531000
2006-04-20,21.192844160289543,21.34353749181542,20.98735439385425,21.055850982666016,123248000
2006-04-21,21.192848330575302,21.206548487173546,21.05585512599453,21.069555282592773,279568000
2006-04-24,21.069548711738054,21.20654187359545,21.042150497436523,21.042150497436523,103602000
2006-04-25,21.480535446246325,21.507933669793804,20.850365852901987,20.891464233398438,241764000
2006-04-26,20.946258874383705,20.98735725133641,20.740769079970455,20.959959030151367,115299000
2006-04-27,20.918858968244702,20.946257187222898,20.699671126069028,20.905160903930664,116020000
2006-04-28,20.87775918678147,20.891459340521806,20.727067947387695,20.727067947387695,112633000
2006-05-01,20.727067947387695,20.727067947387695,20.727067947387695,20.727067947387695,0
2006-05-02,20.658577254988327,20.89146530258639,20.644877097338206,20.86406707763672,109742000
2006-05-03,20.809264699984983,20.864063230129588,20.5352783203125,20.5352783203125,120449000
2006-05-04,20.57637702587934,20.590077181223123,20.41198561350505,20.548978805541992,121338000
2006-05-05,20.50787875323829,20.685970306396484,20.43938216281976,20.685970306396484,96243000
2006-05-08,20.685971991957388,20.822965183957105,20.617475395957527,20.740768432617188,75456000
2006-05-09,20.781867362154916,20.781867362154916,20.617475945444024,20.69967269897461,60252000
2006-05-10,20.631173983209372,20.82296360129177,20.631173983209372,20.754467010498047,58318000
2006-05-11,20.72707004029335,20.78186648008777,20.521580255538986,20.5352783203125,78069000
2006-05-12,20.39829302576726,20.507888038125746,20.192803161476718,20.288700103759766,318222000
2006-05-15,20.192797673158278,20.261294275971366,20.055804467532102,20.09690284729004,113199000
2006-05-16,20.110600252544657,20.384586626311343,20.06950187840963,20.26129150390625,145117000
2006-05-17,20.384588685445127,20.384588685445127,19.94621086120606,19.946210861206055,182178000
2006-05-18,19.91880690480682,20.0421020171107,19.45303094370321,19.75441551208496,215693000
2006-05-19,19.6996235185157,19.79551834502358,19.535232088737843,19.644824981689453,123152000
2006-05-22,19.617424960722246,19.987306166414342,19.52153014300211,19.713319778442383,200719000
2006-05-23,19.89140863861103,20.151696925931848,19.850310267944586,20.01470375061035,135933000
2006-05-24,19.932510496220864,19.987306939795427,19.768119075146842,19.80921745300293,95862000
2006-05-25,19.80921745300293,19.80921745300293,19.80921745300293,19.80921745300293,0
2006-05-26,20.069502316099445,20.15169906616211,19.9051109063243,20.15169906616211,134576000
2006-05-29,20.1106014251709,20.179098022606528,20.01470660683107,20.1106014251709,33763000
2006-05-30,20.124299577574224,20.151699888947316,19.82291496562269,19.850313186645508,81040000
2006-05-31,19.795514954768286,19.987304574937426,19.727018363229295,19.918807983398438,117285000
2006-06-01,19.918808313952745,19.959906687628184,19.65852209792514,19.93250846862793,99475000
2006-06-02,20.00101172975077,20.08320850450651,19.850318339482182,20.028409957885742,99809000
2006-06-05,20.028409957885742,20.028409957885742,20.028409957885742,20.028409957885742,0
2006-06-06,19.781818618688703,20.110603575749337,19.727022171020508,19.727022171020508,139850000
2006-06-07,19.836616592740477,20.179099606805917,19.795518212982536,20.09690284729004,170650000
2006-06-08,19.905111719041415,20.096901356551406,19.850313186645508,19.850313186645508,197247000
2006-06-09,20.083202031658367,20.24759343783542,20.014705438222084,20.069501876831055,148409000
2006-06-12,20.042110117128637,20.192801417046407,19.836620270590103,20.028409957885742,107873000
2006-06-13,19.91880819736022,20.02840316306986,19.672222137451172,19.672222137451172,170992000
2006-06-14,19.740720748901367,19.8914120131092,19.631125771981832,19.740720748901367,89430000
2006-06-15,19.891413138763046,20.179099708163204,19.891413138763046,20.1653995513916,141517000
2006-06-16,20.302388182424906,20.453081511551023,20.15169694364876,20.206493377685547,238712000
2006-06-19,20.288694155647068,20.37088882305537,20.19279724147848,20.343490600585938,85125000
2006-06-20,20.24759461046362,20.39828587054056,20.151699792169154,20.302391052246094,76895000
2006-06-21,20.27499115102714,20.480480926206468,20.12429781308893,20.439382553100586,99479000
2006-06-22,20.53527865019821,20.658573777241596,20.384587393167703,20.548978805541992,84925000
2006-06-23,20.494182364867303,20.644873621897812,20.42568576884883,20.548978805541992,55124000
2006-06-26,20.617475070354317,20.68597166527244,20.384587065702746,20.5352783203125,73758000
2006-06-27,20.644869881204915,20.672268096577913,20.42568206787109,20.425682067871094,54490000
2006-06-28,20.41198539376707,20.64487339965276,20.41198539376707,20.603775024414062,74494000
2006-06-29,20.658573771627488,20.768168743297306,20.52158057962777,20.740768432617188,87611000
2006-06-30,20.87775703092784,21.042150497436523,20.53527412628434,21.042150497436523,115367000
2006-07-03,21.04215313557378,21.06955135331033,20.83666336702462,21.001054763793945,107673000
2006-07-04,20.946258031907448,20.95995818712408,20.74076824575917,20.932559967041016,69540000
2006-07-05,20.809268307569898,20.91886329650879,20.768172015774542,20.91886329650879,73668000
2006-07-06,20.946258437529497,21.014755034238686,20.809265244111124,20.877761840820312,80601000
2006-07-07,20.850362486449825,20.987355672419074,20.7407675196044,20.973657608032227,112093000
2006-07-10,20.877764914362885,20.932563454007607,20.822968465068712,20.91886329650879,53334000
2006-07-11,20.850362486449825,21.069552420140678,20.7818658934652,20.973657608032227,90223000
2006-07-12,21.0010595167473,21.30244416075867,21.0010595167473,21.096954345703125,93055000
2006-07-13,21.069549956516457,21.233941342387546,20.95995500248577,21.014751434326172,123233000
2006-07-14,20.850364043655386,21.26134363225707,20.8366659782455,21.151748657226562,139414000
2006-07-17,21.110649356368953,21.453132297969034,20.973656179728923,21.43943214416504,174325000
2006-07-18,21.425734638956783,21.466833015099265,21.19284662794969,21.206546783447266,120243000
2006-07-19,21.247642533008985,21.43943214416504,21.124347419822968,21.43943214416504,107892000
2006-07-20,21.466832601626656,21.521631132211244,21.288741035339605,21.453134536743164,80591000
2006-07-21,21.412037001697318,21.644925017358332,21.32984024776977,21.480533599853516,107772000
2006-07-24,21.49423269111574,21.836715698242188,21.49423269111574,21.836715698242188,115741000
2006-07-25,21.795616883072174,21.960008289366183,21.65862369610214,21.754518508911133,146487000
2006-07-26,21.727119228700484,21.85041225481333,21.64492248439189,21.78191566467285,91132000
2006-07-27,21.754522193566395,21.90521347054656,21.754522193566395,21.87781524658203,82255000
2006-07-28,21.823015322461693,22.083301544189453,21.768216792911,22.083301544189453,85678000
2006-07-31,22.001111012352272,22.151802293595445,21.960012630067567,22.09700584411621,77420000
2006-08-01,22.09700584411621,22.09700584411621,22.09700584411621,22.09700584411621,0
2006-08-02,22.069604639887533,22.384687317381484,22.028506263151282,22.316190719604492,130221000
2006-08-03,22.35729319758078,22.384691423647478,21.87781692518631,22.069608688354492,130614000
2006-08-04,22.110699982557005,22.247693172263926,21.98740694796085,22.220294952392578,77647000
2006-08-07,22.069603034613387,22.11069931801015,21.809314727783203,21.809314727783203,65229000
2006-08-08,21.891511807327255,22.055903214458155,21.836713278050187,22.01480484008789,97754000
2006-08-09,21.932610833862082,22.247693502586035,21.86411423799162,22.23399543762207,79091000
2006-08-10,22.192893043014312,22.357284425262968,21.93260686198309,22.288787841796875,105100000
2006-08-11,22.247691491690215,22.35728645324707,22.1928950560868,22.35728645324707,72533000
2006-08-14,22.398384825124644,22.42578304292635,22.220293273888508,22.35728645324707,77872000
2006-08-15,22.32989308266347,22.521682739257812,22.192899873567377,22.521682739257812,88914000
2006-08-16,22.480584439458134,22.57647925918407,22.357289308081683,22.453184127807617,68062000
2006-08-17,22.466884070853986,22.480584226549496,22.15179930300976,22.316190719604492,116619000
2006-08-18,22.316192424771558,22.316192424771558,22.151800995615776,22.17919921875,94111000
2006-08-21,22.20660190903863,22.247698202963342,22.001112078012422,22.069608688354492,91854000
2006-08-22,22.110699147293804,22.41208582554387,22.110699147293804,22.384685516357422,107655000
2006-08-23,22.713473738840865,22.987460148017835,22.686075515993252,22.891565322875977,302005000
2006-08-24,22.80936075466782,23.206640075816452,22.80936075466782,22.946353912353516,174794000
2006-08-25,22.864159200900758,23.083349108695984,22.864159200900758,23.01485252380371,70805000
2006-08-28,23.02855817625223,23.124452999931577,22.82306837250346,23.06965446472168,67475000
2006-08-29,23.151849524734644,23.206645965576172,22.823066698985013,23.206645965576172,88610000
2006-08-30,23.23404469791179,23.28884113503065,23.22034454345703,23.22034454345703,69420000
2006-08-31,23.23404958404979,23.288846032692383,23.124454596414072,23.192951202392578,100264000
2006-09-01,23.1929505628716,23.34364183765885,23.13815202538949,23.30254554748535,82361000
2006-09-04,23.261446939638947,23.37104192318168,23.206648402692355,23.357341766357422,68971000
2006-09-05,23.329941092994954,23.329941092994954,23.097053083893112,23.206645965576172,72620000
2006-09-06,23.15185282073537,23.220349426713877,23.11075443907816,23.192951202392578,84591000
2006-09-07,23.138150966363636,23.357340925558884,23.110752744051823,23.32994270324707,86833000
2006-09-08,23.37103949514302,23.590227349106417,23.357339339742083,23.535430908203125,94015000
2006-09-11,23.50803607271339,23.61762897030044,23.39844108477581,23.453237533569336,54949000
2006-09-12,23.535423075015014,23.590219497680664,23.343631414986184,23.590219497680664,96173000
2006-09-13,23.672425688438135,23.699823910727282,23.439537663454818,23.521732330322266,85036000
2006-09-14,23.50803607271339,23.549132364133268,23.39844108477581,23.453237533569336,62014000
2006-09-15,23.56283144913099,23.617627895430655,23.48063468933106,23.480634689331055,162078000
2006-09-18,23.453235729424208,23.535432486642023,23.30254446165871,23.521732330322266,54819000
2006-09-19,23.521728001192425,23.645023114326914,23.45323141290104,23.50802993774414,86639000
2006-09-20,23.53542756363084,23.80941390991211,23.466930977060525,23.80941390991211,101010000
2006-09-21,23.80941306238462,23.86420949355035,23.645021678537574,23.782014846801758,85038000
2006-09-22,23.645033631023544,23.6998300898887,23.562836852374893,23.60393524169922,70483000
2006-09-25,23.603924527284953,23.699819331945378,23.535427939620373,23.56282615661621,70631000
2006-09-26,23.645026193505405,23.960108868397505,23.508032999082662,23.932710647583008,95922000
2006-09-27,23.932712782576857,23.9601110058355,23.672426526094085,23.87791633605957,84557000
2006-09-28,23.960108868397505,24.00120724479438,23.83681582955714,23.932710647583008,90778000
2006-09-29,24.01491005676926,24.0560084377122,23.891614913940433,23.89161491394043,74969000
2006-10-02,23.960108024170918,24.056004929168147,23.905311584472656,23.905311584472656,64226000
2006-10-03,23.823113149990174,23.905309894075433,23.754616560035803,23.850513458251953,68203000
2006-10-04,23.891609864293883,24.11079978942871,23.864211646239543,24.11079978942871,77935000
2006-10-05,24.165596225537392,24.19299653394178,23.98750676300915,24.11079978942871,73914000
2006-10-06,24.124505571059835,24.124505571059835,23.946413976638816,24.042308807373047,57291000
2006-10-09,23.97380398964964,24.151895523071286,23.91900755952751,24.15189552307129,52327000
2006-10-10,24.16560015179944,24.247796909667276,24.06970532785388,24.17930030822754,82968000
2006-10-11,24.08339848618738,24.138194915276404,23.960103385212406,24.069698333740234,68099000
2006-10-12,24.083406220549477,24.138202667236328,23.932712856634968,24.138202667236328,70900000
2006-10-13,24.1519005947995,24.1519005947995,23.809417608742642,23.932710647583008,100343000
2006-10-16,23.987512260613563,24.02860855193875,23.768322285243443,23.973812103271484,27184000
2006-10-17,23.946405683273692,23.960103745577083,23.78201430318436,23.823110580444336,72879000
2006-10-18,23.91901027584881,24.028603148538792,23.82311337671999,23.987506866455078,86265000
2006-10-19,23.795718858497168,23.836817237321245,23.042256244673794,23.398439407348633,258081000
2006-10-20,23.425837196069256,23.57653055218411,23.234047552241577,23.316242218017578,99233000
2006-10-23,23.439537048339847,23.562830090580665,23.37104044923932,23.439537048339844,73543000
2006-10-24,23.384736278083775,23.466933025282355,23.13814812683814,23.234045028686523,111373000
2006-10-25,23.27514109303764,23.302541402079548,23.17924628244124,23.288841247558594,80228000
2006-10-26,23.34364160953316,23.5217331964963,23.32994354305935,23.357341766357422,109158000
2006-10-27,23.316243159443765,23.521732967706225,23.302545093103188,23.412137985229492,83254000
2006-10-30,23.34364054387299,23.453235522412605,23.26144587773104,23.38473892211914,63250000
2006-10-31,23.439534585888715,23.590225833868743,23.288841247558594,23.288841247558594,107269000
2006-11-01,23.302543522602516,23.453234784295393,23.234046924464767,23.42583656311035,110299000
2006-11-02,23.398434781779347,23.823112371407184,23.37103656476303,23.754615783691406,151361000
2006-11-03,23.78201569335397,23.9190088664946,23.699818953329615,23.80941390991211,71042000
2006-11-06,23.836816771167047,24.028606414794922,23.7683201712499,24.028606414794922,76544000
2006-11-07,23.987508113291508,24.08340292705475,23.891611209178105,23.960107803344727,70381000
2006-11-08,23.877909646516713,23.93270607768244,23.754614540869035,23.782014846801758,90289000
2006-11-09,23.82311873391071,24.02860855193875,23.713525836576174,23.973812103271484,80309000
2006-11-10,24.00120537947696,24.275191747028867,23.919010723421444,24.261493682861328,135442000
2006-11-13,24.275191747028867,24.43958314948999,24.20669515514089,24.261493682861328,101291000
2006-11-14,24.329997038986825,24.535486871781135,24.22040204342639,24.425891876220703,123909000
2006-11-15,24.54917940713896,24.617676002633406,24.384787996022332,24.56287956237793,64451000
2006-11-16,24.60397427555347,24.61767233840334,24.28888956510793,24.371084213256836,68760000
2006-11-17,24.206696729105367,24.32999185673066,24.069703536421862,24.24779510498047,86970000
2006-11-20,24.192999410970984,24.192999410970984,23.864214484169676,24.014907836914062,87924000
2006-11-21,24.001202204710705,24.275188536020988,23.97380398964964,24.15189552307129,67763000
2006-11-22,24.179298815613997,24.22039719201087,23.919012582350888,23.932710647583008,74839000
2006-11-23,23.987509509775137,24.19299930423803,23.905312755849867,23.9464111328125,62288000
2006-11-24,23.905311476209107,23.91901163124672,23.480631754245266,23.6450252532959,90536000
2006-11-27,23.535433353320556,23.72722300675751,23.357341766357422,23.357341766357422,68955000
2006-11-28,23.371040120740265,23.549129603618187,23.234046924464767,23.42583656311035,83435000
2006-11-29,23.425839309172574,23.494335915339743,23.26144787244147,23.453237533569336,99268000
2006-11-30,23.49433358500115,23.59022840605354,23.179248809814453,23.179248809814453,87397000
2006-12-01,23.138149591187258,23.480632575605956,23.11075137050381,23.1518497467041,106594000
2006-12-04,23.220347396103737,23.316242218017578,22.90526261808654,23.316242218017578,93329000
2006-12-05,23.30254683867256,23.49433650461078,23.083356857299805,23.083356857299805,133386000
2006-12-06,23.042256143097106,23.371041081889974,23.014857920785293,23.32994270324707,103554000
2006-12-07,23.26144577416691,23.39843897414392,23.15185079611523,23.316242218017578,76400000
2006-12-08,23.288843786881607,23.316242008560817,23.028557545403647,23.179248809814453,73189000
2006-12-11,23.302541402079548,23.384736058154992,23.234044810174964,23.288841247558594,86333000
2006-12-12,23.247746657031826,23.48063468933106,23.20664827713186,23.480634689331055,80609000
2006-12-13,23.53542760825664,23.713519151747132,23.45323086807643,23.54912567138672,99550000
2006-12-14,23.508027619353506,24.097096548284746,23.480627314459216,24.069698333740234,137951000
2006-12-15,24.06970365046366,24.37108825772528,24.056005585340547,24.124502182006836,308178000
2006-12-18,24.056006107929434,24.151900927275396,23.877914534658203,23.9464111328125,69326000
2006-12-19,23.946408781988815,23.946408781988815,23.727218853272866,23.864212036132812,76634000
2006-12-20,23.932710324135265,24.069703516706557,23.686122159436884,23.72722053527832,65303000
2006-12-21,23.823115575437825,23.87791410719042,23.67242431640625,23.67242431640625,49828000
2006-12-22,23.67242347302094,23.809416661996355,23.617624943220676,23.6450252532959,50848000
2006-12-27,23.754621704364283,23.891614913940433,23.672427032828885,23.89161491394043,43326000
2006-12-28,23.973811675826315,24.001209899671448,23.809420242405032,23.89161491394043,30843000
2006-12-29,23.864213727849616,23.946410479532485,23.617625563151236,23.72722053527832,42098000
2007-01-03,23.946408266118063,24.056003228115063,23.71352027834321,23.850513458251953,122749000
2007-01-04,23.78201569335397,23.82311197301621,23.699818953329615,23.80941390991211,58803000
2007-01-05,23.809417184049483,23.809417184049483,23.466934204101562,23.466934204101562,88810000
2007-01-08,23.53542984250602,23.631324654919723,23.37103843688965,23.37103843688965,87073000
2007-01-09,23.43953946654622,23.61762897030044,23.39844108477581,23.453237533569336,91692000
2007-01-10,23.384734610618306,23.61762259060789,23.384734610618306,23.56282615661621,98586000
2007-01-11,23.60392415020116,23.80941390991211,23.60392415020116,23.80941390991211,108472000
2007-01-12,23.740921117262268,24.042305728264477,23.740921117262268,24.00120735168457,100319000
2007-01-15,24.056002509225387,24.110798943411332,23.877910962596104,24.08340072631836,52623000
2007-01-16,24.02860439751135,24.24779433498461,23.946409738721503,23.960107803344727,79291000
2007-01-17,23.91901301714504,24.028605902395185,23.823116107025726,24.014907836914062,94494000
2007-01-18,24.083401571374367,24.288891342307,23.919010172698272,24.11079978942871,111563000
2007-01-19,24.00120538529625,24.453283309936523,24.00120538529625,24.453283309936523,133582000
2007-01-22,24.412190552875778,24.508085385533285,24.31629572021827,24.38479232788086,79365000
2007-01-23,24.412180154677024,24.425880306514287,24.165592054054088,24.357383728027344,76953000
2007-01-24,24.357388274566905,24.425884865839393,24.165596564793894,24.3162899017334,103850000
2007-01-25,24.31629556390695,24.31629556390695,23.94641430297679,24.05600929260254,107789000
2007-01-26,24.02860897743318,24.4532887783515,23.960112370210908,24.05600929260254,140705000
2007-01-29,24.083401805832978,24.590276160998023,23.93270846954199,24.43958282470703,124188000
2007-01-30,24.494388532574057,24.76837497680788,24.45329014786885,24.68617820739746,139332000
2007-01-31,24.57657909650381,25.15195220533427,24.57657909650381,25.001258850097656,182301000
2007-02-01,25.097156111669157,25.220451257128197,24.98756112360019,25.151954650878906,161047000
2007-02-02,25.165647837210344,25.193046056326253,25.05605287039658,25.17934799194336,74048000
2007-02-05,25.12454851682116,25.27524185180664,25.11085045295433,25.27524185180664,57291000
2007-02-06,25.206746099498126,25.275242692159807,25.04235469518012,25.110851287841797,65241000
2007-02-07,25.13824950683645,25.234144318492774,24.891661355184375,25.110851287841797,64386000
2007-02-08,25.206750703156235,25.343743913499477,24.78207091495199,24.877967834472656,88119000
2007-02-09,25.12455550763212,25.672528383177866,25.09715728192496,25.645130157470703,177680000
2007-02-12,25.494430444857297,25.75471663857526,25.425933858052574,25.61772346496582,107450000
2007-02-13,25.631429773090634,25.850617649287216,25.590331393069263,25.699926376342773,103207000
2007-02-14,25.809514268322854,25.85061264038086,25.535527908402866,25.85061264038086,67429000
2007-02-15,25.754715208023313,25.973905109763443,25.59032382689313,25.891708374023438,81265000
2007-02-16,25.72732404384108,25.91911369266407,25.6725255082128,25.74102210998535,61325000
2007-02-19,25.85061264038086,26.015004038262845,25.75471783247887,25.85061264038086,52118000
2007-02-20,25.878012658199705,25.878012658199705,25.617726434312008,25.78211784362793,68925000
2007-02-21,25.87801934447082,25.919117730006203,25.398543057376386,25.42594337463379,101563000
2007-02-22,25.919110847741585,26.261593819012884,25.864314408478247,26.165699005126953,251122000
2007-02-23,26.12460296691219,26.31639470218677,26.056106366532056,26.24789810180664,103578000
2007-02-26,26.302687024215324,26.56297319508589,26.28898687191698,26.316387176513672,86752000
2007-02-27,26.193099151932667,26.28899397287412,25.453336715698242,25.453336715698242,162014000
2007-02-28,25.42594067584562,25.63143049136048,24.87796783447266,24.877967834472656,240976000
2007-03-01,24.932762131278505,25.412238326110785,24.672475890223968,25.12455177307129,223878000
2007-03-02,25.42593268680714,26.001303571392356,25.247841151248664,25.576623916625977,177148000
2007-03-05,25.0697530251296,25.42593614468679,25.04235480601369,25.17934799194336,160762000
2007-03-06,25.17935041147369,25.261545076719653,24.946462391084637,25.19304847717285,135919000
2007-03-07,25.19305211707534,25.8095216020643,25.12455550763212,25.645130157470703,126765000
2007-03-08,25.562932943943842,25.809519041192157,25.549232787274303,25.754722595214844,103596000
2007-03-09,25.850614877637284,26.069804820683206,25.631427024941573,25.864315032958984,112214000
2007-03-12,25.973910004481947,26.056104665361506,25.672523310206245,25.864315032958984,85425000
2007-03-13,25.864314593460982,25.91911103311623,25.686223029056155,25.78211784362793,76426000
2007-03-14,25.42593388369565,25.63142364431706,25.165645599365234,25.165645599365234,156576000
2007-03-15,25.398533080848928,25.467029666385578,25.1793452613416,25.34373664855957,99407000
2007-03-16,25.330041582758955,25.56293169263861,25.22044869616891,25.453336715698242,190958000
2007-03-19,25.686221242498874,25.864312794516874,25.52182984461689,25.85061264038086,90746000
2007-03-20,25.93280491323928,25.93280491323928,25.64511844878533,25.768413543701172,71016000
2007-03-21,25.727316992893254,25.891708374023438,25.61772204202319,25.891708374023438,73868000
2007-03-22,26.028703804716976,26.20679535408241,25.987605433271106,26.097200393676758,100046000
2007-03-23,26.15200002139904,26.22049661872104,25.987608605896295,26.206798553466797,64391000
2007-03-26,26.152004282478927,26.19310266563855,25.823221397903158,25.960214614868164,86921000
2007-03-27,26.097203040976396,26.110903196298096,25.864315032958984,25.864315032958984,79893000
2007-03-28,25.75471663857526,25.836913378880904,25.521828661509197,25.61772346496582,104999000
2007-03-29,25.727324372226192,25.823219197861693,25.645127612909803,25.754722595214844,66252000
2007-03-30,25.75472395738663,26.193101819442255,25.658829126679233,25.932815551757812,108000000
2007-04-02,25.864314190171182,26.12460041000036,25.864314190171182,26.028705596923828,69985000
2007-04-03,26.234199623266854,26.38489298988012,26.124604637579978,26.302696228027344,80981000
2007-04-04,26.26159784710095,26.425989280456026,26.206801399432756,26.302696228027344,69739000
2007-04-05,26.3437902755381,26.480783462524418,26.302691901372178,26.480783462524414,53819000
2007-04-10,26.549283446621303,26.795871632758423,26.412290242139616,26.727375030517578,95185000
2007-04-11,26.658874188342647,26.90546024491132,26.658874188342647,26.836963653564453,99896000
2007-04-12,26.850664649317434,27.069854584635593,26.371188494865336,26.480783462524414,139072000
2007-04-13,26.467086054552112,26.549282811414685,26.34379300960861,26.5081844329834,83224000
2007-04-16,26.64517740802035,26.65887756416461,26.22049765175238,26.56298065185547,103012000
2007-04-17,26.412289524648884,26.453387902947036,26.179401501426508,26.24789810180664,118588000
2007-04-18,26.30269346853526,26.549281637872834,26.16570027338664,26.467084884643555,121994000
2007-04-19,26.398590727116773,26.49448555451441,26.206801072321507,26.28899574279785,96115000
2007-04-20,26.41229215281867,26.617781974406444,26.316397320814488,26.398591995239258,157389000
2007-04-23,26.85066369487294,26.89176206757796,26.45338430287454,26.76846694946289,162788000
2007-04-24,26.836967163822642,26.960262298583984,26.76847056351646,26.960262298583984,131758000
2007-04-25,27.080619229826038,27.206574744140564,26.96865758627383,27.038633346557617,122801000
2007-04-26,27.136602180339647,27.248563837080077,26.772729465296983,26.870695114135742,110854000
2007-04-27,26.84269939845372,26.968654900223207,26.68875188696611,26.856693267822266,77146000
2007-04-30,26.814709524226114,26.98265090508227,26.74473377091184,26.856693267822266,83307000
2007-05-02,26.870688277153285,27.13659527569977,26.814708530772055,27.05262565612793,109837000
2007-05-03,27.15059587294463,27.304543404771053,26.98265446990087,27.234567642211914,86529000
2007-05-04,27.178582211329147,27.276547839055446,26.96865495099114,27.122602462768555,76163000
2007-05-07,27.12260378587697,27.178583537168393,26.940666390943896,27.080617904663086,54608000
2007-05-08,27.122604528192486,27.19258028696724,26.870691369505238,26.996646881103516,78080000
2007-05-09,27.10860501966825,27.26255252327816,26.954659651548745,27.150590896606445,87252000
2007-05-10,27.262559844981748,27.262559844981748,26.870695114135742,26.870695114135742,75590000
2007-05-11,26.828702662033844,26.940664291381836,26.702747163698895,26.940664291381836,83139000
2007-05-14,27.136594596913525,27.164586604894396,26.786715852056517,26.88468360900879,95107000
2007-05-15,26.7727220365499,26.814707913113924,26.39485341845446,26.632770538330078,146821000
2007-05-16,26.506820576658264,26.548806465368166,26.212923626670953,26.25490951538086,130068000
2007-05-18,26.310887130065954,26.310887130065954,26.058973953850135,26.22691535949707,180061000
2007-05-21,26.310883739519696,26.422845374020017,26.17093223026693,26.394855499267578,137122000
2007-05-22,26.366867291965363,26.450839063824645,26.086964233088914,26.128950119018555,144457000
2007-05-23,26.22691101354095,26.464830278897864,26.19892113981969,26.450834274291992,105215000
2007-05-24,26.28290073018029,26.436846149276413,26.170939066434222,26.21292495727539,101626000
2007-05-25,26.156942530497062,26.352875971976676,26.08696675900243,26.296894073486328,105858000
2007-05-29,26.352867335274908,26.548798577050334,26.324877462948475,26.49281883239746,91562000
2007-05-30,26.46483427640541,26.688755435489217,26.352872629118103,26.590789794921875,115896000
2007-05-31,26.814708975078748,26.84269884873314,26.702747344970707,26.702747344970703,107671000
2007-06-01,26.758730816515296,26.95466423034668,26.716744932444946,26.95466423034668,98049000
2007-06-04,26.96865646734057,27.02463835453934,26.702749443490983,26.842700958251953,68880000
2007-06-05,26.842699786731732,27.01064117001715,26.75872802734375,26.75872802734375,94542000
2007-06-06,26.800714571033765,26.996645833805918,26.53480755220147,26.54880142211914,100219000
2007-06-07,26.604781250701002,26.67475700134936,26.156934738159176,26.15693473815918,112011000
2007-06-08,26.07296523816817,26.310882364364872,25.961003609519594,26.170930862426758,125786000
2007-06-11,26.226909669199927,26.226909669199927,25.905022934669006,26.11495018005371,88476000
2007-06-12,26.016983236862465,26.32487824810758,25.974999494865802,26.15693473815918,98855000
2007-06-13,26.03097900708759,26.072964884197106,25.625120511173254,25.639114379882812,207654000
2007-06-14,25.793060142246,26.030977249145508,25.7510742679719,26.030977249145508,150176000
2007-06-15,26.170930394028815,26.310881893462124,26.07296477152358,26.142940521240234,225972000
2007-06-18,26.198919796913373,26.268895545374942,26.00298855541713,26.11495018005371,78976000
2007-06-19,26.10095470016067,26.25490220406288,25.77906582367723,25.891027450561523,89370000
2007-06-20,26.03098126099856,26.08696101166468,25.723088361353685,25.79306411743164,89095000
2007-06-21,25.5971309165987,25.72308855980513,25.34521990116708,25.555147171020508,128416000
2007-06-22,25.667104100901213,25.69509610913552,25.247249603271484,25.247249603271484,126502000
2007-06-25,25.191268800160408,25.26124454682752,24.981341560159073,25.17727279663086,138290000
2007-06-26,25.07931535253067,25.49916996937714,24.925369940981575,25.219266891479492,142691000
2007-06-27,25.135291934086656,25.443184827566267,25.079310049050914,25.121295928955078,97423000
2007-06-28,25.625115742500185,25.877026687297395,25.52714800231236,25.83504295349121,207137000
2007-06-29,25.96100623592512,26.170933510070064,25.709093079853048,26.08696174621582,127662000
2007-07-02,26.030984475509968,26.31088753438642,26.030984475509968,26.128950119018555,106605000
2007-07-03,26.226918301991695,26.40885573497595,26.11495877599314,26.296894073486328,108378000
2007-07-04,26.338871211643475,26.47882270812988,26.240905591201063,26.478822708129883,88895000
2007-07-05,26.604788362145044,26.632778242787975,26.254909515380856,26.25490951538086,135767000
2007-07-06,26.268897859645755,26.506814998277342,26.18492823538843,26.394855499267578,128175000
2007-07-09,26.464830278897864,26.660761530437167,26.39485452684947,26.450834274291992,83884000
2007-07-10,26.408851828486874,26.95466404670121,26.408851828486874,26.814712524414062,221804000
2007-07-11,26.646768989276875,26.98265392406049,26.56279935719904,26.814712524414062,143603000
2007-07-12,26.814712472590788,26.926671981811523,26.59078918316781,26.926671981811523,98908000
2007-07-13,27.150589027374444,27.29054051720627,26.884682050890078,26.8986759185791,95068000
2007-07-16,27.0246362307224,27.066619973458753,26.618775588517053,26.702747344970703,115976000
2007-07-17,26.576787385132814,26.59078338848076,26.366860147855334,26.422842025756836,103844000
2007-07-18,26.310875769872474,26.53479897104608,25.988986968994137,25.98898696899414,121370000
2007-07-19,26.226912517144374,26.8287044463597,26.226912517144374,26.54880142211914,162014000
2007-07-20,26.75873159028806,26.8007174755725,26.22691535949707,26.22691535949707,115438000
2007-07-23,26.142939762870487,26.338871002197266,25.84904076838997,26.338871002197266,110806000
2007-07-24,26.254905273924308,26.45083654226333,26.016985988167505,26.08696174621582,105786000
2007-07-25,25.97500205169026,26.520812106277553,25.89103028845038,25.947010040283203,148143000
2007-07-26,25.947012686210773,26.212921873259194,25.33122681129282,25.359216690063477,186078000
2007-07-27,25.17727717609171,25.84904488804467,25.079311540815187,25.597131729125977,185227000
2007-07-30,25.807059405208157,25.807059405208157,25.289239208880073,25.49916648864746,125268000
2007-07-31,25.58313290636579,26.058967120164816,25.373205670485586,26.030977249145508,158607000
2007-08-02,26.128946419976998,26.352869689573975,25.765073776245117,25.765073776245117,173329000
2007-08-03,25.919017646369305,25.961003523910374,25.429187391201182,25.52715301513672,129240000
2007-08-06,25.31723298833238,25.62512808784497,25.2752492342998,25.513166427612305,115264000
2007-08-07,25.709092509413498,25.76507439590441,25.485171369921705,25.66710662841797,98863000
2007-08-08,25.807055984917397,26.156934738159176,25.639114610459433,26.15693473815918,153761000
2007-08-09,26.058975338650598,26.156940985859734,25.597134846960724,25.80706214904785,150058000
2007-08-10,25.443182347909598,25.597127711900825,24.827394485473636,24.827394485473633,188508000
2007-08-13,25.20527466705173,25.6531191938743,25.149292766516936,25.457185745239258,147877000
2007-08-14,25.30323779838118,25.653116633714184,25.26125191104303,25.289241790771484,104736000
2007-08-15,26.030988204832806,28.1022715643586,25.919026538143893,27.682416915893555,637710000
2007-08-16,26.870692227201154,27.30454279964914,26.618779060472995,26.926671981811523,329436000
2007-08-17,26.758724603263023,27.850346658168696,26.436835747452466,27.29054069519043,357841000
2007-08-20,27.290545167688418,27.90633097368616,27.038632015965476,27.458486557006836,134932000
2007-08-21,27.514471011320513,27.962315469791,27.220571950969752,27.8923397064209,187511000
2007-08-22,27.962317265133883,28.326189976726656,27.73839395377605,27.878345489501953,145466000
2007-08-23,28.102261319316533,28.186230937102632,27.906327940168183,28.01828956604004,113445000
2007-08-24,27.850359710992553,28.55011749267578,27.850359710992553,28.55011749267578,122048000
2007-08-27,28.578096269932193,29.081922531127926,28.522116523350643,29.08192253112793,126599000
2007-08-28,29.025944831949882,29.193888366877566,28.718051910400387,28.71805191040039,157785000
2007-08-29,28.63408768344676,28.858008879800163,28.52212601752448,28.830018997192383,150305000
2007-08-30,29.025943992632975,29.137905634183685,28.802022845022247,29.053936004638672,151010000
2007-08-31,28.997948340101384,29.417802810668945,28.969958469161604,29.417802810668945,134456000
2007-09-03,29.529772374056325,29.529772374056325,29.165897547478252,29.305849075317383,80190000
2007-09-04,29.13789986901325,29.193881746457482,28.80201714630894,29.165889739990234,122399000
2007-09-05,29.193887141488084,29.193887141488084,28.69006082883424,28.774032592773438,113851000
2007-09-06,28.913981991469665,28.969961739668957,28.438145589813647,28.634078979492188,107380000
2007-09-07,28.49413090516789,28.88599346073756,28.35417938232422,28.35417938232422,111365000
2007-09-10,28.43814468383789,28.830009315220533,28.38216493742199,28.43814468383789,97722000
2007-09-11,28.634075850179368,28.830007082954797,28.634075850179368,28.802017211914062,77598000
2007-09-12,28.997956141169464,29.389820846217198,28.774034977921364,29.305849075317383,122600000
2007-09-13,29.305843960825474,29.83766010089913,29.221874340070983,29.725698471069336,113879000
2007-09-14,29.61373907709131,29.781680454659917,29.333836069313474,29.361825942993164,114526000
2007-09-17,29.165895789644917,29.333839321322564,28.94197463989258,28.941974639892578,97038000
2007-09-18,28.94197215588757,29.361826678065366,28.94197215588757,29.277854919433594,107964000
2007-09-19,29.58574891010739,29.92163382164929,29.417807522081745,29.613740921020508,175197000
2007-09-20,29.445806599033805,29.781691615536523,28.494137724337634,28.55011749267578,339872000
2007-09-21,28.63408768344676,29.137911976860284,28.550115900132262,28.830018997192383,306999000
2007-09-24,28.662072155751662,28.941975199976795,28.6340822784273,28.71805191040039,97455000
2007-09-25,28.690065383911136,28.885996683556076,28.35418254580809,28.690065383911133,124073000
2007-09-26,28.746047213877883,28.913990780506882,28.662077566054542,28.830018997192383,105502000
2007-09-27,28.94197436308796,29.137905634183685,28.802022845022247,29.053936004638672,98369000
2007-09-28,29.221875170672767,29.44579630120661,28.94197215588757,29.277854919433594,134523000
2007-10-01,29.2218766098368,29.333838248363044,29.025943208543215,29.249866485595703,88729000
2007-10-02,29.277851167962353,29.33383304504056,28.718045210121808,28.913978576660156,141354000
2007-10-03,28.830006866454976,28.969958356097962,28.46613213918711,28.662065505981445,101188000
2007-10-04,28.606088960027982,28.63408097156554,28.326185928577647,28.38216781616211,129495000
2007-10-05,28.494125366210938,28.63407686184952,28.41015361463165,28.494125366210938,104621000
2007-10-08,28.550112694073665,28.885995518631105,28.466140920188845,28.60609245300293,80527000
2007-10-09,28.6340822784273,28.858003432512955,28.578100388287822,28.71805191040039,101520000
2007-10-10,28.74603847589077,28.774030485480928,28.35417596751471,28.634078979492188,126079000
2007-10-11,28.606086969902034,28.913981991469665,28.410155715714,28.634078979492188,86495000
2007-10-12,28.550107221702742,28.634078979492188,28.410155715714,28.634078979492188,76627000
2007-10-15,28.662065468533857,29.05393006612029,28.634075597739884,28.913978576660156,133331000
2007-10-16,28.913990780506882,29.081932211644723,28.746047213877883,28.830018997192383,99107000
2007-10-17,28.690061477866827,29.053936282514105,28.690061477866827,28.941974639892578,106044000
2007-10-18,28.941979210129105,29.305851936744922,28.466142687720815,28.858007431030273,183799000
2007-10-19,28.885993775957818,28.997955422552696,28.71805237381089,28.746042251586914,120083000
2007-10-22,28.522121093887947,28.969965544776674,28.522121093887947,28.746042251586914,128966000
2007-10-23,28.802023488185114,29.333839695808678,28.74604159841431,29.221878051757812,114386000
2007-10-24,29.193885296292354,29.55775793421879,29.193885296292354,29.277854919433594,103351000
2007-10-25,29.389819213406547,29.92163541674729,29.361829336491926,29.837663650512695,130178000
2007-10-26,29.725706139327897,30.229532535787428,29.697716258522593,30.117570877075195,104187000
2007-10-29,30.117565347141102,30.257516860961914,30.03359572014299,30.257516860961914,92386000
2007-10-30,30.11755948876761,30.173541364700895,29.697705028973946,29.753686904907227,108713000
2007-10-31,29.78168125905466,30.061584274392597,29.66971962582138,29.921632766723633,89678000
2007-11-01,29.83765916040215,30.20153391200685,29.417804663392296,29.66971778869629,122388000
2007-11-02,29.529766289693004,30.08957228570614,29.417804663392296,29.66971778869629,137837000
2007-11-05,29.75369165260197,30.145554169212048,29.697709767735848,29.80967140197754,92440000
2007-11-06,29.921639575947058,30.173552774176823,29.809677917234826,30.117570877075195,101177000
2007-11-07,30.17354696231904,30.649381250829745,29.92163381261136,30.369478225708008,153655000
2007-11-08,30.17354696231904,30.53741961368293,29.92163381261136,30.369478225708008,160394000
2007-11-09,30.481434431765692,30.509424302192592,29.697705246871074,29.893638610839844,142604000
2007-11-12,29.697707400581724,30.145551766361006,29.55775590280755,29.781679153442383,86826000
2007-11-13,29.977613563439462,30.53741961368293,29.86565192629265,30.369478225708008,168159000
2007-11-14,30.56541066257079,30.56541066257079,30.201537997237025,30.45345115661621,120732000
2007-11-15,30.453445366495895,30.985259325138315,30.369473617504838,30.817317962646484,165205000
2007-11-16,30.59339617444394,30.873299150841447,30.50942442732859,30.649375915527344,134489000
2007-11-19,30.481433868408203,30.957268063341854,30.25751063815108,30.481433868408203,161225000
2007-11-20,30.50942849120854,30.817321379159328,30.313497235828176,30.537418365478516,139566000
2007-11-21,30.285510012376175,30.42546154133446,29.05393826593597,29.33384132385254,244074000
2007-11-22,29.333841323852536,29.52977261019779,28.74604319383506,29.33384132385254,142791000
2007-11-23,29.38981764665924,29.64173079644301,28.997952984272327,29.613740921020508,113667000
2007-11-26,29.52977091656242,30.257518398308466,29.501781039474253,29.977615356445312,136513000
2007-11-27,29.949629165508128,30.453455557068217,29.78168774681843,30.22953224182129,147322000
2007-11-28,30.173549955709337,30.64938429142555,30.061588307455278,30.565412521362305,163164000
2007-11-29,30.341486382073366,30.733351018922065,30.285504499386143,30.621389389038086,121358000
2007-11-30,30.565411875329215,30.789335167104465,30.313500841445524,30.397470474243164,188775000
2007-12-03,30.201542654982127,30.397473956110264,30.005609218362967,30.117570877075195,118078000
2007-12-04,30.089576721191406,30.31350000680121,29.92163532472941,30.089576721191406,114870000
2007-12-05,30.17354769776335,30.425458718120453,30.061586057887602,30.285507202148438,92003000
2007-12-06,30.39746837478273,30.593401775426248,30.089575471475065,30.257516860961914,113890000
2007-12-07,30.229532535787428,30.397473956110264,30.089580996269895,30.117570877075195,107484000
2007-12-10,30.117565810080144,30.34148908983164,29.83766277813611,30.285507202148438,89826000
2007-12-11,30.36947920331371,30.565410473009784,30.173547933617634,30.313499450683594,109557000
2007-12-12,30.089578185646086,30.845315574252034,30.089578185646086,30.565412521362305,130013000
2007-12-13,30.31350000680121,30.425459514115396,29.977615078386503,30.089576721191406,147913000
2007-12-14,29.977612982782052,30.1175644926321,29.865651347803897,29.949623107910156,95035000
2007-12-17,29.697705927597887,30.173542277723186,29.641726185460925,30.061580657958984,124534000
2007-12-18,29.669722492470537,29.753694259381373,29.05393665342688,29.221878051757812,196587000
2007-12-19,29.2778584712945,29.305848349070523,28.662072618258847,28.746042251586914,164791000
2007-12-20,28.69006600832366,29.305851936744922,28.43815280651822,28.858007431030273,135274000
2007-12-21,29.02594064905593,29.30584365294457,28.997950775765155,29.08192253112793,239041000
2007-12-24,29.081922531127926,29.081922531127926,29.081922531127926,29.08192253112793,0
2007-12-27,29.05393803359962,29.44580060315651,28.83001473486068,29.305849075317383,70063000
2007-12-28,29.081924904088453,29.641730957543516,28.969963266299317,29.109914779663086,72589000
2007-12-31,29.109914779663082,29.109914779663082,29.109914779663082,29.109914779663086,0
2008-01-03,28.997953737460183,29.277856769936612,28.69006082883424,28.774032592773438,89951000
2008-01-04,28.662072404963187,28.858003683428063,27.99030466588382,28.102266311645508,130551000
2008-01-07,27.948318538781276,29.137906476738085,27.822363023076267,28.71805191040039,195482000
2008-01-08,28.74604017997292,29.47378976264819,28.718050304214017,29.249866485595703,165624000
2008-01-09,29.053935219792752,29.277856361354605,28.606088665687775,29.249866485595703,158681000
2008-01-10,29.38981841002532,29.44579816232434,28.550109312596025,28.774032592773438,138788000
2008-01-11,28.634079661227304,28.634079661227304,27.220568562891227,27.528461456298828,358852000
2008-01-14,27.57044745545352,27.71039896537968,27.24855855552524,27.542457580566406,118371000
2008-01-15,27.458480055419315,27.57044166695166,26.758722652704805,26.912670135498047,190573000
2008-01-16,26.87069227913262,27.164591330131934,26.59078923455832,26.814712524414062,177803000
2008-01-17,26.99665225947892,27.29055135908085,26.842706840799284,26.98265838623047,175862000
2008-01-18,26.954665155697995,27.738392431456493,26.814713627652814,27.010644912719727,234946000
2008-01-21,26.870689443766782,26.870689443766782,25.807057132421466,25.863039016723633,319073000
2008-01-22,25.191274911765277,26.310887130065954,24.785416336827613,26.22691535949707,355419000
2008-01-23,26.3108820071638,26.380857757182856,24.91136700678275,25.639114379882812,362582000
2008-01-24,26.212914788479353,26.576787385132814,25.863036059683555,26.422842025756836,302040000
2008-01-25,26.674763816458228,27.234569964669387,26.366868726549303,26.870695114135742,257840000
2008-01-28,26.87069044733093,26.926670198233293,26.18492888906925,26.56279754638672,153591000
2008-01-29,26.60478226428329,26.98265090508227,26.450834752795682,26.856693267822266,144375000
2008-01-30,26.95466864359576,26.95466864359576,26.478832105375034,26.730745315551758,107708000
2008-01-31,26.562799030824152,27.03863334655762,26.422847510256574,27.038633346557617,178219000
2008-02-01,27.248556377129958,27.86434425287003,27.178580627761114,27.766376495361328,168230000
2008-02-04,27.822359997228578,27.87833974578917,27.08061658360285,27.122602462768555,127725000
2008-02-05,27.09461684106844,27.12260671974183,26.22691565375733,26.380863189697266,190099000
2008-02-06,26.25490602210148,26.64676856994629,26.17093425585432,26.64676856994629,136656000
2008-02-07,26.646770060517202,26.67476207449256,25.807060893036734,26.24091148376465,168002000
2008-02-08,26.492818711974667,26.63277020846107,26.38085708768747,26.478822708129883,108358000
2008-02-11,26.226914127997958,26.520813175698027,26.00299297614666,26.016986846923828,123570000
2008-02-12,26.044977376322734,26.56279754638672,26.044977376322734,26.56279754638672,147732000
2008-02-13,26.212920861074004,26.646769303993764,26.07296933713393,26.32488250732422,116414000
2008-02-14,26.380863189697266,26.646770240330763,26.28289754659497,26.380863189697266,120889000
2008-02-15,26.38086504601956,26.75873377342668,26.212923626670953,26.25490951538086,304290000
2008-02-18,26.42284741910507,26.68875445306987,26.366865529776724,26.64676856994629,77350000
2008-02-19,26.856693267822266,27.06662052776509,26.422844878568075,26.856693267822266,105141000
2008-02-20,26.60478224074805,26.632772114950896,26.05897008408524,26.100955963134766,166832000
2008-02-21,27.234568211788353,27.69640654594477,27.010644912719727,27.010644912719727,299287000
2008-02-22,26.926672184492652,27.59843992232733,26.730740906390807,27.33253288269043,184854000
2008-02-25,27.59844539408681,27.79437884652584,27.262562526321602,27.444499969482422,127415000
2008-02-26,27.38851381007863,27.920330047607422,27.262558288120356,27.920330047607422,169721000
2008-02-27,27.990303417243577,28.270206451416016,27.76638013570936,28.270206451416016,124410000
2008-02-28,28.38216405278677,28.52211554995486,28.130250930786133,28.130250930786133,125581000
2008-02-29,28.214227773158925,28.4661388051142,27.794373205912457,27.96231460571289,134403000
2008-03-03,27.780378101100418,27.82236398628589,27.430499283706208,27.51447105407715,12020560
2008-03-04,27.444492694529227,27.570448202680247,26.898680509730013,27.080617904663086,129967000
2008-03-05,27.31852950115349,27.44448711920696,27.164584148630613,27.220563888549805,119080000
2008-03-06,27.318537635041892,27.51447105407715,27.20657598637758,27.51447105407715,105988000
2008-03-07,27.178582211329147,27.36051959738686,26.940665076710847,27.122602462768555,132064000
2008-03-10,26.9406635613333,27.206570555274975,26.870687811823345,27.024635314941406,79566000
2008-03-11,27.024639991967007,27.4304985551686,26.870692462205977,26.95466423034668,119181000
2008-03-12,27.19258584496056,27.19258584496056,26.590793769397038,26.730745315551758,166113000
2008-03-13,27.31853544245457,28.38216781616211,27.150594050682503,28.38216781616211,394095000
2008-03-14,28.298196327735123,28.46613772114045,27.794372147519145,28.270206451416016,160347000
2008-03-17,27.89233951154748,28.158246556299744,27.48647880554199,27.486478805541992,221316000
2008-03-18,27.752388748891455,27.822364513696783,27.598441212123383,27.66841697692871,137691000
2008-03-19,27.71039623260498,28.130250720977784,27.598434608607494,27.990299224853516,187355000
2008-03-20,27.71040679869299,27.90633811378021,27.584451258349944,27.682416915893555,339034000
2008-03-25,28.102268160585396,28.102268160585396,27.43050037730824,27.710403442382812,154152000
2008-03-26,27.696400745992484,27.87833812144956,27.58444125539465,27.766376495361328,122722000
2008-03-27,27.640423288834114,28.270205085288563,27.61243341386759,28.046281814575195,172031000
2008-03-28,28.0462797354108,28.102261616684302,27.738386862622978,27.794368743896484,95070000
2008-03-31,27.654419023116937,27.78037452697754,27.23456449626085,27.78037452697754,113492000
2008-04-01,27.850350215517246,28.43814612462603,27.7803744612069,28.41015625,134946000
2008-04-02,28.43815582050821,28.858010489518147,28.27021438000249,28.55011749267578,116138000
2008-04-03,28.606092453002933,28.690064226887753,28.326189387374757,28.60609245300293,93376000
2008-04-04,28.662068853591833,28.662068853591833,28.382165841614356,28.634078979492188,94364000
2008-04-07,29.389812786628514,29.5857440176766,28.857996699581946,28.913978576660156,162557000
2008-04-08,28.941975103847703,29.109916502726826,28.774033704968584,28.9699649810791,93225000
2008-04-09,28.857998448258805,28.857998448258805,28.466133826926978,28.52211570739746,96030000
2008-04-10,28.66207013714946,28.96996303701478,28.13025396347812,28.32618522644043,153565000
2008-04-11,28.52211554995486,28.66206704712295,28.130250930786133,28.130250930786133,83915000
2008-04-14,27.9902998996727,28.214223153066246,27.920324149923516,28.158241271972656,96764000
2008-04-15,28.29819629519028,29.02594375610352,28.07427514940426,29.025943756103516,153265000
2008-04-16,29.209400824613443,29.238065156985517,28.693434094122583,29.037412643432617,134208000
2008-04-17,29.037407293233183,29.209395442724855,28.72209313439248,28.808088302612305,88234000
2008-04-18,28.894089899044427,29.43871879577637,28.83675904516054,29.438718795776367,131856000
2008-04-21,29.066075526343862,29.180735037062725,28.63610400135933,28.951416015625,168090000
2008-04-22,28.89408377153734,28.951412426315198,28.378117130744602,28.43544578552246,134534000
2008-04-23,28.464116062871334,28.492780394049745,28.06280886552872,28.292125701904297,108770000
2008-04-24,28.148799973920575,28.392452239990234,28.048473728040904,28.392452239990234,133351000
2008-04-25,28.406787082412166,28.722099120015237,28.062810711744895,28.1488037109375,125243000
2008-04-28,28.36378588674828,28.43544780378094,28.163133393836084,28.206130981445312,89810000
2008-04-29,28.0771474543014,28.292133276116722,28.0628163783497,28.10581398010254,104851000
2008-04-30,28.120141580256593,28.521448835431276,28.062812909638183,28.49278450012207,117548000
2008-05-02,28.66476561867036,28.894084618398946,28.578770447035122,28.693429946899414,128757000
2008-05-05,28.779423975521688,28.922747797922742,28.65043122319195,28.808088302612305,63039000
2008-05-06,28.779431088325367,29.066078803972136,28.593109635765263,28.75076675415039,113029000
2008-05-07,28.636105346622557,29.410053253173828,28.636105346622557,29.410053253173828,175104000
2008-05-08,29.29539489746094,29.496049605330292,28.980082855893055,29.295394897460938,93573000
2008-05-09,29.18072996587178,29.381382434548076,28.836751493493704,28.922746658325195,103440000
2008-05-13,29.123408137900874,29.467386716707303,29.008748611632065,29.381391525268555,130726000
2008-05-14,29.324057536126116,29.438714854647138,29.066074195557476,29.152067184448242,101562000
2008-05-15,29.008739957065053,29.553370904143414,28.980075630786807,29.496042251586914,88575000
2008-05-16,29.58203523042166,29.668030396204315,29.295387593743357,29.496042251586914,84215000
2008-05-19,29.610707358205147,29.72536468505859,29.295393148513202,29.725364685058594,101142000
2008-05-20,29.553383539415677,29.582047877949094,29.209407103116973,29.23807144165039,92146000
2008-05-21,29.295400118717225,29.467390523815425,29.066083223501042,29.23807144165039,81802000
2008-05-22,29.123399979154353,29.324054640649706,28.808088010459315,29.18073081970215,78142000
2008-05-23,29.0947405033227,29.123404834901827,28.722097631949094,28.779428482055664,79977000
2008-05-26,28.66476584437134,28.865418330502706,28.650432586669922,28.650432586669922,69257000
2008-05-27,28.535777240013232,29.123403668163025,28.535777240013232,28.894086837768555,97369000
2008-05-28,29.008742448382066,29.438713940326156,28.98007811964208,29.32405662536621,99317000
2008-05-29,29.381382759526012,29.639366069926066,29.324054106969516,29.496042251586914,80300000
2008-05-30,29.410055860098616,29.610710577806174,29.238067664169684,29.381391525268555,84311000
2008-06-02,29.524712357442297,29.725364867616452,29.43871717482575,29.639371871948242,95533000
2008-06-03,29.524706572159797,29.926013700821454,29.524706572159797,29.868682861328125,85356000
2008-06-04,29.86869374544555,29.86869374544555,29.26673392657356,29.524717330932617,97795000
2008-06-05,29.553374159352853,29.86868615704001,29.553374159352853,29.811357498168945,91543000
2008-06-06,29.92602116754517,29.954685500969802,29.238066230611672,29.295394897460938,92977000
2008-06-09,29.238067664169684,29.696703582296358,29.209403329339622,29.381391525268555,83142000
2008-06-10,29.23805886152299,29.524706497420272,29.15206369597464,29.352718353271484,73090000
2008-06-11,29.410049158984314,29.438713487283177,28.750760860318263,28.836753845214844,136787000
2008-06-12,28.779427329097206,29.037410676870685,28.693432150856637,28.894086837768555,112195000
2008-06-13,28.894085840044195,28.951414498926177,28.578771655348856,28.722095489501953,118892000
2008-06-16,28.75076089268103,28.80808954934328,28.22046097728889,28.464113235473633,153094000
2008-06-17,28.55011505652174,28.650441330204973,28.277800572674572,28.349462509155273,93329000
2008-06-18,28.23480154559465,28.363792149957504,28.09147767988097,28.263465881347656,113423000
2008-06-19,28.191802234419523,28.263464162919295,27.80482825791047,28.177471160888672,127641000
2008-06-20,28.09147151188025,28.20613101666531,27.489511845443875,27.73316192626953,358243000
2008-06-23,27.733162320323576,27.819157496871295,27.41785031789558,27.503843307495117,114429000
2008-06-24,27.503847185324513,27.561178040088926,26.83022549721922,26.987882614135742,169630000
2008-06-25,27.016546948043704,27.13120647062404,26.844558757647448,26.987882614135742,125510000
2008-06-26,27.030875559703663,27.088204217660202,26.68689705112006,26.729894638061523,139767000
2008-06-27,26.486249770556164,26.701235560598096,25.912954330444336,25.912954330444336,206762000
2008-06-30,26.08493544145493,26.600902072218936,25.924413461638554,26.46331024169922,11962600
2008-07-01,26.42891278475246,26.555038452148434,26.07347030666603,26.555038452148438,15348100
2008-07-02,26.658226452679035,26.704091117816343,25.87854464092562,25.99320411682129,13442800
2008-07-03,25.821212744021388,26.165188941433673,25.69508711772813,26.05052947998047,14519300
2008-07-04,26.245459574348885,26.245459574348885,25.821222253760517,25.924415588378906,7482600
2008-07-07,26.084938456880224,26.34865379333496,25.958812779902654,26.34865379333496,9176700
2008-07-08,26.084941498664232,26.37158920744076,25.981748148548803,26.233997344970703,12701900
2008-07-09,26.486244772725346,26.62383442769847,26.245459596100172,26.440380096435547,9755800
2008-07-10,26.16519805887878,26.33718621751539,24.926880254967845,25.29378890991211,25398400
2008-07-11,25.328189274942236,25.523109785552702,24.881019592285156,24.881019592285156,13252800
2008-07-14,24.938347381218986,25.236461221543202,24.823687875409952,24.995676040649414,8269100
2008-07-15,24.69756565296408,24.78929282492247,24.238927606223857,24.651700973510742,15178100
2008-07-16,24.731956481933597,25.007137936683115,24.204525907067296,24.731956481933594,14321100
2008-07-17,24.91541216639802,25.580434598981494,24.720491685109007,25.39698028564453,16778000
2008-07-18,25.213529757891067,25.213529757891067,24.307724223159788,24.903949737548828,16603700
2008-07-21,25.041535454535772,25.454308713912557,24.720489343137416,25.2364559173584,9678500
2008-07-22,25.018613728567086,25.69510255184115,24.972751228606263,25.511648178100586,10637500
2008-07-23,25.683633291258367,25.775360467097034,25.374053252697234,25.626304626464844,10312200
2008-07-24,25.855620128930696,25.855620128930696,24.869553586645733,25.087404251098633,12579200
2008-07-25,25.224996214175697,25.546042407839312,24.915416190315955,25.374052047729492,10626200
2008-07-28,25.259393318635507,26.084937816062297,25.259393318635507,26.004676818847656,14547300
2008-07-29,26.19960110635535,26.749964184161833,26.016146747086523,26.520645141601562,14399500
2008-07-30,26.78435548602964,26.899012789494478,26.58943500841238,26.65822982788086,7444900
2008-07-31,26.520643013749897,26.64676869573335,26.21106517416515,26.417451858520508,13307100
2008-08-04,26.371589294801318,26.772896525807553,26.256929773521183,26.520645141601562,11110900
2008-08-05,26.81875200578454,26.87608284489985,26.532104371051663,26.841684341430664,11155100
2008-08-06,27.116872564818323,27.208599743309797,26.853157200023883,27.036611557006836,10247600
2008-08-07,26.555040372575288,27.09393721296563,26.360119866570578,27.04807472229004,17570500
2008-08-08,26.944881847803998,27.839223394309073,26.86462084753077,27.701631546020508,17884400
2008-08-11,27.87362479165056,28.412523926381116,27.713102761874804,28.263465881347656,14231600
2008-08-12,28.37811869880078,28.641834024467542,27.90801670541286,28.561573028564453,14292800
2008-08-13,28.41251748982115,28.618901972657735,28.21759698912981,28.53864097595215,12090500
2008-08-14,28.573044181366235,28.630372849311332,28.33225896471014,28.446918487548828,8857900
2008-08-15,28.584512193129868,28.722101879837997,28.034149072400083,28.550113677978516,13056400
2008-08-18,28.389591647836156,28.722101879837997,28.148806415673974,28.550113677978516,8023600
2008-08-19,28.27492943605929,28.561577140956036,28.240530924170244,28.515714645385742,8781500
2008-08-20,28.43544780378094,28.49277864957596,28.068539138485416,28.206130981445312,9757400
2008-08-21,27.953883525128873,28.068543045731797,27.529646141931046,27.609907150268555,11963100
2008-08-22,27.518178296425674,27.827758327128063,27.25446294595253,27.690166473388672,11496900
2008-08-25,27.52963713006295,27.97680670838942,27.52963713006295,27.74748992919922,4022400
2008-08-26,27.736031319325388,27.94241800769336,27.495246120579978,27.873620986938477,7177800
2008-08-27,27.94241284353679,27.94241284353679,27.724560025305315,27.804821014404297,9870900
2008-08-28,27.804821014404297,27.976809160608965,27.632832868199632,27.804821014404297,10346500
2008-08-29,27.885086346543076,28.01121202731266,27.678699664174037,27.862154006958008,10019300
2008-09-01,27.678698865659456,28.011211219205286,27.621370205298966,27.827756881713867,5458400
2008-09-02,27.804823340400187,28.206130506414144,27.758958664536596,28.068538665771484,10483500
2008-09-03,27.930951837567545,28.09147384543226,27.82775849338356,27.873620986938477,7872800
2008-09-04,27.747503531358262,27.965354250339825,27.437923431396488,27.437923431396484,13533500
2008-09-05,27.380587592413338,27.793360984015784,27.35765743828419,27.57550811767578,13484600
2008-09-08,28.068539769177715,28.229063954062553,27.781892094606174,28.034143447875977,10556000
2008-09-09,28.125873802046407,28.722099370608365,28.080009119184783,28.618906021118164,12250800
2008-09-10,28.4927850173455,28.808097085367756,28.080011583164428,28.1602725982666,15124000
2008-09-11,28.03413573913101,28.458372956150384,27.690157312062425,28.36664581298828,9919400
2008-09-12,28.538644074975327,29.094741308176765,28.102940536854003,29.037412643432617,13936100
2008-09-15,28.504250516653233,29.094744131216945,28.206136619771467,28.332260131835938,19189100
2008-09-16,28.30933042657266,28.80809686441695,27.988284181677653,28.08001136779785,17603000
2008-09-17,28.080006859119578,28.3781207128806,27.816291514736154,27.862154006958008,16090900
2008-09-18,27.77042864293822,28.057076345562496,27.529645622469072,27.57550811767578,17318600
2008-09-19,28.458380376821367,28.607438390169687,27.988278372165595,28.286392211914062,27701000
2008-09-22,27.95387921370376,28.527174541348572,27.81628955975995,27.96534538269043,10965100
2008-09-23,27.95388065400857,27.965346823586028,27.242995635792084,27.311790466308594,17472500
2008-09-24,27.69016388207906,27.69016388207906,26.85315322875977,26.853153228759766,11705300
2008-09-25,26.864619428404012,27.48377724562487,26.830220921411918,27.346187591552734,10947800
2008-09-26,27.00221027516492,27.323256460427398,26.93341544509018,27.12833595275879,9462700
2008-09-29,26.853153860101976,27.552574875950185,26.68116569519043,26.68116569519043,12573600
2008-09-30,26.314263829772162,27.89655841774957,26.268399140899525,27.632843017578125,22923500
2008-10-01,27.5755044859657,27.839221999729077,27.19712965581178,27.75895881652832,11506200
2008-10-02,27.49524307250977,27.77042456417819,27.254460087405434,27.495243072509766,11602000
2008-10-03,27.5411111799997,27.59843984446917,27.002212111413858,27.231531143188477,11706100
2008-10-06,26.658236529423736,26.876089397278566,25.786827244952846,25.97028160095215,18781700
2008-10-07,26.176665625514403,26.933415313483422,26.02760979658944,26.34865379333496,19772000
2008-10-08,25.4543195064124,26.314262703427026,25.144739430619463,25.511648178100586,27694800
2008-10-09,26.027604847838763,26.14226214662,23.860547347098287,24.238922119140625,20420700
2008-10-10,22.587836118135836,23.73442673962602,21.796687976962154,22.62223243713379,32631000
2008-10-13,23.906419125795246,24.65170272425513,22.98914515411901,24.46824836730957,23195700
2008-10-14,24.961275928308744,25.832684978368363,24.49117399415061,25.695093154907227,21512400
2008-10-15,25.511644413203847,25.729497269976733,23.894951616356682,24.009611129760742,20526800
2008-10-16,23.22992695535958,24.31918676650164,22.74835879231261,23.459243774414062,26030100
2008-10-17,23.90641637281911,25.328188568895282,23.7917568661948,25.17913055419922,27370100
2008-10-20,25.683633896334687,25.97028160095215,25.01861130910012,25.97028160095215,15245500
2008-10-21,26.428913660359047,26.600904007760086,25.500175844354754,25.867084503173828,16318500
2008-10-22,25.351120358780936,25.72949519158596,24.193063522147835,24.628767013549805,14763300
2008-10-23,25.68363394485362,26.371588874624823,25.05300986828327,25.454317092895508,20957800
2008-10-24,24.651700565574554,25.156201096471356,23.88348469302988,24.903949737548828,20812200
2008-10-27,23.66563363645135,24.99567880210007,23.642703482314825,24.491180419921875,16299800
2008-10-28,24.766358701128848,25.224994527882544,23.505108537345095,24.93834686279297,16529500
2008-10-29,25.305256425514457,25.97027894473101,25.13326825772449,25.83268928527832,16459200
2008-10-30,26.25692841494373,26.25692841494373,24.44531507068862,25.15620231628418,15054700
2008-10-31,24.881022264210817,25.798294067382812,24.38798784990019,25.798294067382812,18932400
2008-11-03,26.06200451315815,26.451845502585122,25.68362969247292,26.325719833374023,12138600
2008-11-04,26.623832204000216,27.288854646020784,26.440377888059917,27.162731170654297,13652300
2008-11-05,26.772896324110786,27.380588064504984,26.658236803694454,26.830224990844727,12585000
2008-11-06,26.532114492382973,26.899023254895813,26.03908002265057,26.279865264892578,15231300
2008-11-07,26.417451158650497,27.174200856606276,26.37158648025403,26.71556282043457,12626000
2008-11-10,27.197133872803207,27.4264529150371,26.956350846711235,26.99074935913086,8468800
2008-11-11,26.612370765656006,26.772894960844418,25.935884222237846,26.3715877532959,11361700
2008-11-12,26.48624901323605,26.74996438327944,25.56897502311557,25.798294067382812,11236000
2008-11-13,25.500177215041322,26.23399457212365,25.500177215041322,25.809757232666016,10442800
2008-11-14,26.107869005898834,26.2798571619284,25.740960356516275,26.119335174560547,10456400
2008-11-17,26.18813053638175,26.30279003840108,25.282322876071948,25.58043670654297,9681200
2008-11-18,25.695101153785433,26.16520323428622,25.282327741853614,25.958816528320312,10740900
2008-11-19,26.07347257199895,26.256926911269527,25.477244875895444,25.809757232666016,10298500
2008-11-20,25.55750810873884,25.78682493976419,24.21599688357431,24.720495223999023,18229400
2008-11-21,24.86954970089547,24.9383445217134,23.470707826927406,23.975208282470703,18498200
2008-11-24,24.238924182149972,24.731958481884188,23.63123257387587,24.502641677856445,14539100
2008-11-25,23.90641778639192,24.72049617635896,23.803224443023094,24.009611129760742,17370400
2008-11-26,24.009614064355127,24.009614064355127,23.05794370459487,23.71150016784668,15804000
2008-11-27,23.585371909183,24.37652015686035,23.585371909183,24.37652015686035,8013700
2008-11-28,24.376519166151922,25.190597534179688,24.17013248497636,25.190597534179688,12082200
2008-12-01,25.167671355965314,25.39698822585707,24.376523015509534,24.571443557739258,10177600
2008-12-02,24.46824726977807,24.789293473506383,23.849087202648118,24.479713439941406,13257600
2008-12-03,24.193063393192503,24.365051555014745,23.5051085589554,24.342119216918945,13817200
2008-12-04,24.26185736931095,24.995674667045737,24.089869213522864,24.41091537475586,14726800
2008-12-05,24.410916155725463,24.45677864482712,23.50510848627536,23.92934799194336,11932600
2008-12-08,24.76635867182174,24.881018175111517,24.13573249720205,24.4453125,15883400
2008-12-09,24.307721991526517,24.903947451177537,24.009608168226983,24.537038803100586,11862700
2008-12-10,24.47971014768545,24.571437309707466,23.814687676288823,23.940811157226562,12348500
2008-12-11,23.87202124109141,24.193067467657084,23.55097720147424,23.90641975402832,11714800
2008-12-12,23.48217870734743,23.757360232791143,22.97768033750813,23.677099227905273,14900100
2008-12-15,23.849085360287432,23.849085360287432,23.161132699219046,23.39044952392578,11644400
2008-12-16,23.25286438935823,23.91788702817185,23.229932046342583,23.50511360168457,12880700
2008-12-17,23.55097096881627,23.803220102751528,23.310185815877592,23.37898063659668,13672800
2008-12-18,23.505106629354433,23.894947597187365,23.22992515563965,23.22992515563965,12226800
2008-12-19,23.00060851628134,23.73442804140815,22.897415179731446,23.39044952392578,26977600
2008-12-22,23.21846485803563,23.50511257233237,22.954749485750273,23.41338539123535,7466400
2008-12-23,23.55097976202045,23.79176281791212,23.33312686363127,23.367523193359375,6122400
2008-12-24,23.367523193359375,23.367523193359375,23.367523193359375,23.367523193359375,0
2008-12-29,23.275791510511016,23.83762290639461,23.275791510511016,23.619770050048828,5022300
2008-12-30,24.06693769187972,24.17013102623949,23.734427537680126,23.849084854125977,7402900
2008-12-31,23.849084854125977,23.849084854125977,23.849084854125977,23.849084854125977,0
2009-01-05,24.582905507807506,24.777826016564752,24.22746081204838,24.307723999023438,11614100
2009-01-06,24.422381320805627,24.881019355727307,24.215996829428747,24.307723999023438,9947600
2009-01-07,24.147196019215677,24.4338436525438,24.078401199562336,24.330650329589844,8782400
2009-01-08,24.032541222795807,24.215997755952614,23.95228021969813,24.112804412841797,7449300
2009-01-09,23.917883626030605,24.021076967973936,23.023542058171138,23.149667739868164,14765700
2009-01-12,23.046474397924833,23.321655914124293,22.89741637647411,23.149667739868164,8362700
2009-01-13,23.05793947544539,23.264326149554613,22.74835946428156,23.1611328125,12844800
2009-01-14,23.29871999482049,23.33311849916614,22.278255088993657,22.53050422668457,14620800
2009-01-15,22.840083263589904,23.161129396740098,22.794218593019362,22.828617095947266,16128800
2009-01-16,23.482173961149265,23.528038632927267,23.10379916677242,23.37898063659668,14048500
2009-01-19,23.619763295047743,23.711490441968508,23.241388540631124,23.424842834472656,8376700
2009-01-20,23.516573520883238,23.76882266614455,23.42484636015658,23.4707088470459,10516400
2009-01-21,23.33311981976909,23.757357129303248,23.161131662202592,23.298721313476562,12648800
2009-01-22,23.48217486763645,23.74589017969646,23.0579375720526,23.18406105041504,11281000
2009-01-23,23.057939760508116,23.298722758646857,22.82862074489656,23.138200759887695,11654700
2009-01-26,22.93181102150075,23.44777764426368,22.81715152900366,23.37898063659668,9673700
2009-01-27,23.31019239790633,23.36752106686864,23.00061233683338,23.287260055541992,8525500
2009-01-28,23.436311318666352,23.539504642524772,22.95474320297636,23.06940269470215,12441300
2009-01-29,22.989145509860325,23.40191891284944,22.759828653604075,23.046476364135742,13045900
2009-01-30,23.04647364630954,23.356053662043198,22.736893630575878,23.03500747680664,12953300
2009-02-02,22.977676573296417,22.977676573296417,22.461709930772574,22.564903259277344,10702800
2009-02-03,22.736895291117424,23.103803994213777,22.58783945059017,22.954748153686523,10530000
2009-02-04,23.17259399843665,23.31018582688773,22.48464141702502,22.65662956237793,14749200
2009-02-05,22.404382091227024,22.4158460730799,21.498574438483825,21.98014259338379,17296100
2009-02-06,22.106272984832852,22.289727350935323,21.659101053878107,21.88842010498047,14132400
2009-02-09,21.89988378533936,22.071871960629935,21.7393595930463,21.957212448120117,8520700
2009-02-10,21.762288911770064,22.50757235919682,21.762288911770064,22.071868896484375,11049700
2009-02-11,22.003082219910677,22.175070435003185,21.704968293174222,21.739364624023438,10953200
2009-02-12,21.670562508002373,21.73935733357879,21.45270967557096,21.590301513671875,13111100
2009-02-13,21.727899187244088,21.85402270351589,21.24633090497801,21.48711395263672,11038000
2009-02-16,21.452713244592022,21.87695281128018,21.338055911872168,21.51004409790039,7401600
2009-02-17,21.269258274043594,21.429782471725645,21.051407598604573,21.188997268676758,12286900
2009-02-18,21.143133393794578,21.54444058137442,21.039940054504097,21.2233943939209,11414200
2009-02-19,22.04893618554082,22.748357134628293,21.88841420520519,22.32411766052246,22488200
2009-02-20,22.41584830109118,22.59930264624474,22.071871950665326,22.450246810913086,23960400
2009-02-23,22.427312430732094,22.85155193214768,22.060403773804076,22.163597106933594,10601000
2009-02-24,21.89988510286197,22.18653280790742,21.84255424968382,22.02600860595703,10671300
2009-02-25,22.209466779652995,22.438783648355244,21.92281905356374,22.04894256591797,10469800
2009-02-26,21.980142165813152,22.358516981092176,21.5788350133783,21.716426849365234,11147700
2009-02-27,21.55590309554055,21.98014259338379,21.40684727502422,21.98014259338379,13089700
2009-03-02,21.865483209984323,21.865483209984323,21.154598236083984,21.154598236083984,13041600
2009-03-03,21.360981426807577,21.441244604006748,20.306118011474613,20.30611801147461,14800100
2009-03-04,20.466644862112275,21.028474054474792,20.27172435154175,20.913814544677734,13860200
2009-03-05,20.93674658880863,21.01700758845038,20.44371223449707,20.44371223449707,11165900
2009-03-06,20.54690800317782,20.741828534052466,20.455180823174956,20.50104331970215,10462400
2009-03-09,20.650099208685372,20.661565378363058,20.088270016168398,20.397850036621094,10017500
2009-03-10,20.23732445206873,21.188994600185733,20.122664950149602,21.0743350982666,11246500
2009-03-11,21.16606226800425,21.257791619122266,20.78768744243483,21.05140495300293,10049800
2009-03-12,20.948212711421853,21.292189048244445,20.546905527163354,21.039939880371094,13061800
2009-03-13,21.03993971671305,21.452710880299797,21.03993971671305,21.349519729614258,9204400
2009-03-16,21.636167054176134,21.716428051717227,21.326587046276348,21.49857521057129,8358400
2009-03-17,21.338055170470852,21.418316175365415,21.14313464989189,21.395383834838867,8981800
2009-03-18,21.45271133946719,21.578837018596467,20.787688808787056,21.01700782775879,10355000
2009-03-19,21.16606213015938,21.22339297423477,20.592766811093984,20.76475715637207,11465900
2009-03-20,20.5239747610098,21.0628738334639,20.17999839782715,20.17999839782715,27507400
2009-03-23,20.523972070326096,21.315120226265073,20.50103973260077,21.154598236083984,13284100
2009-03-24,21.704961882504477,21.80815521847107,21.223393710309754,21.49857521057129,10564100
2009-03-25,21.682029847269337,22.22092668611531,21.601768848605914,21.968677520751953,8116400
2009-03-26,21.911350414710984,22.14066725759051,21.68203138488311,22.094804763793945,7329900
2009-03-27,21.99161166917366,22.07187267444171,21.659099290836465,21.682031631469727,6836400
2009-03-30,21.33805459741373,21.81962280079644,21.20046274489797,21.441247940063477,7655900
2009-03-31,21.727899308661833,22.07187571779607,21.624705948531826,22.060409545898438,9074600
2009-04-01,22.07186955783657,22.41584587097168,21.578835238580997,22.41584587097168,9361600
2009-04-02,22.84008526756238,22.851551436211047,22.427311944002536,22.62223243713379,11128400
2009-04-03,22.622238847190314,22.73689837921795,21.808160324996575,22.060409545898438,10563600
2009-04-06,22.220925377008967,22.63369870232955,22.175062889166718,22.41584587097168,10338400
2009-04-07,22.70249661858431,23.080871489329102,22.541974608858748,22.77129364013672,11064800
2009-04-08,22.473174646817032,22.82861709594727,22.42730997624649,22.828617095947266,7107200
2009-04-09,22.931817642424527,22.931817642424527,22.335589858853837,22.668102264404297,7145400
2009-04-14,22.656629889004005,22.656629889004005,22.071868436815656,22.53050422668457,9672100
2009-04-15,22.530512911887,22.771298161230053,22.106275462826044,22.232398986816406,9752000
2009-04-16,22.358518368071355,22.427313196858396,22.00307586789879,22.278257369995117,9496100
2009-04-17,22.27825864575794,22.35851964843032,21.785224272829545,21.957212448120117,18288600
2009-04-20,22.083337959869237,22.2094636413499,21.659098422946826,21.773757934570312,9808200
2009-04-21,21.991609155641754,21.991609155641754,21.303654323912298,21.727893829345703,9058800
2009-04-22,21.49857844673818,21.87695333992283,21.22339690505375,21.544443130493164,13259700
2009-04-23,21.555905971467084,21.613236823120808,21.097270092979176,21.188997268676758,9414400
2009-04-24,21.188995658415617,21.693496179886903,21.108734659148226,21.65909767150879,8282100
2009-04-27,21.383911256766904,21.899877829260216,21.2119231282517,21.87694549560547,8131800
2009-04-28,21.670564651489258,21.911349845245468,21.429781644681338,21.670564651489258,8943500
2009-04-29,22.015865696415936,22.277816772460934,21.837262586791535,22.277816772460938,11795600
2009-04-30,22.444513396205643,22.611209317310976,21.92060900993826,22.242095947265625,15355200
2009-05-04,22.706466188600903,23.23037061489501,22.515955901050642,23.1589298248291,9500200
2009-05-05,23.147019365113593,23.230367320213162,22.80171809848801,23.016042709350586,9754000
2009-05-06,23.13511879605066,23.289907575283,22.789817430826215,23.08749008178711,12848200
2009-05-07,23.218462212487584,23.6113899437026,23.01604475876702,23.37325096130371,13462400
2009-05-08,23.51613456379099,23.551856092102987,23.19464762216792,23.468505859375,9700500
2009-05-11,23.468505859375,23.670923311019717,23.123206836605558,23.468505859375,12699400
2009-05-12,23.25418103532502,23.89715257928765,23.25418103532502,23.813804626464844,11963000
2009-05-13,23.93287571304658,24.40915138338819,23.70664391798624,24.111478805541992,14507600
2009-05-14,24.040043919049104,24.397250191651782,23.956695940179287,24.266273498535156,12504800
2009-05-15,24.516314343927892,24.516314343927892,23.742366075194223,24.02813148498535,18940700
2009-05-18,23.909061361764117,24.206733939610313,23.74236544490994,24.111478805541992,7028200
2009-05-19,24.230542755885537,24.242449928806803,23.849522306649135,24.016218185424805,9726400
2009-05-20,23.9328830228003,24.290089316891645,23.87334712641026,24.206741333007812,9435800
2009-05-22,24.111483695702525,24.111483695702525,23.635207928765244,23.77808952331543,10259100
2009-05-25,23.88525039295425,24.194830190282342,23.6590208369183,24.09957504272461,4514500
2009-05-26,23.861436661367158,24.159109260808997,23.635204849894087,24.004318237304688,7847500
2009-05-27,24.099572833069477,24.135294361776566,23.408972508830608,23.635204315185547,10041900
2009-05-28,23.611386903990425,23.611386903990425,23.158925620956037,23.397062301635742,9520900
2009-05-29,23.432785574330975,23.432785574330975,22.956509906369273,23.039857864379883,18641800
2009-06-02,23.516135768633006,23.528042945347064,23.182741633824588,23.504228591918945,10427500
2009-06-03,23.575669381141555,23.825715550013303,23.385159095840102,23.504228591918945,9780000
2009-06-04,23.528040667397292,23.944782727794035,23.51613349183607,23.7542724609375,8435800
2009-06-05,23.789997719739787,23.84953361256922,23.07558290322122,23.08749008178711,12810800
2009-06-08,23.099391169705267,23.456599619309962,22.861254474363633,23.3375301361084,9827900
2009-06-09,23.516134034885035,23.63520352218538,23.170832748820207,23.361345291137695,6891300
2009-06-10,23.49231904267896,23.611388526732796,23.385156734136665,23.444692611694336,7656000
2009-06-11,23.516135208491473,23.575668819581963,23.337532104158303,23.38515853881836,5712400
2009-06-12,23.48041250737646,23.492319683212653,23.135113492373208,23.361345291137695,8263300
2009-06-15,23.242276117237196,23.337531254149578,23.016044315422185,23.06367301940918,7124600
2009-06-16,23.09939089963677,23.337529863255675,22.76599907584406,23.17083168029785,8616600
2009-06-17,23.182741907476558,23.301811404960915,23.027953150490134,23.1589298248291,7702100
2009-06-18,23.218461452164973,23.504226859048845,23.03985835674525,23.361345291137695,8105500
2009-06-19,23.75427418672652,23.944784467423954,23.599483164246298,23.89715576171875,16197700
2009-06-22,23.813806697575398,24.06385057779038,23.813806697575398,23.920969009399414,8894900
2009-06-23,23.87334078970015,24.33771157403546,23.82571435629185,24.242456436157227,10090200
2009-06-24,24.254362041217945,24.56393951597335,24.051944602455425,24.45677947998047,8771600
2009-06-25,24.4925004839779,24.623477151077772,24.135294282329422,24.349618911743164,8458200
2009-06-26,24.421062320110078,24.635386972537265,24.016227370205815,24.313899993896484,7297300
2009-06-29,24.40915044261245,24.659194308256545,24.266266611486216,24.49249839782715,6963400
2009-06-30,24.67110242796839,24.67110242796839,24.19482675774922,24.361522674560547,8682000
2009-07-01,24.516311192941846,24.75445013935818,24.456777591868416,24.70682144165039,6354700
2009-07-02,24.766363063564516,24.956873373971778,24.325808822395985,24.409156799316406,7390400
2009-07-03,24.480591222644843,24.587753528224155,24.325802487397752,24.49249839782715,3925900
2009-07-06,24.34961700604095,24.599660873413082,24.242454699721048,24.599660873413086,5117500
2009-07-07,24.706822880663925,24.87351879022754,24.46868392037753,24.647289276123047,7444700
2009-07-08,24.432964792977064,24.754451709715,24.432964792977064,24.49249839782715,6253400
2009-07-09,24.623475053771074,24.659194308256545,24.397243267430145,24.49249839782715,6068100
2009-07-10,24.492499335518893,24.58775446956273,24.290081891793054,24.361522674560547,6497900
2009-07-13,24.24245713082349,24.77826644509402,24.24245713082349,24.718732833862305,5585900
2009-07-14,24.778267649419284,24.861615617619417,24.587757358944177,24.75445556640625,5540200
2009-07-15,24.849707219853087,25.218820571899414,24.790171343031755,25.218820571899414,7577100
2009-07-16,25.1235660689744,25.57602738883574,25.111658893312057,25.385517120361328,6897900
2009-07-17,25.623656115950965,25.921328694609144,25.55221306190869,25.89751434326172,9297500
2009-07-20,25.98086009152571,26.016581615507743,25.397422159520588,25.480770111083984,7096400
2009-07-21,25.480767581004525,25.79034727825879,25.206909404185367,25.564115524291992,7050000
2009-07-22,25.492681963006923,25.671285073563546,25.37361246561525,25.552215576171875,5500500
2009-07-23,25.492676363114512,25.611745834350586,25.1116558720081,25.611745834350586,6783300
2009-07-24,25.576032494254875,25.576032494254875,25.218826237326184,25.468870162963867,6403100
2009-07-27,25.695095866894228,25.778443822201023,25.397423300191996,25.718910217285156,6422700
2009-07-28,25.8379807359547,26.00467665326359,25.671282547584273,25.89751434326172,5530800
2009-07-29,25.84988984741611,26.111843212745377,25.802263408032008,25.909425735473633,4780300
2009-07-30,26.040396323493916,26.695275041421663,25.897512496659132,26.409509658813477,8067400
2009-07-31,26.361887886700963,26.57621254774113,26.02849598824913,26.183284759521484,7106600
2009-08-03,26.13565203491917,26.26662641879395,25.814165120654696,26.064208984375,6186900
2009-08-04,25.88560883179024,25.992771148681644,25.552214704676803,25.99277114868164,6219200
2009-08-05,25.94514200387606,26.183278694600975,25.65937434130784,25.718910217285156,5786000
2009-08-06,25.79035226026625,26.278535111877723,25.79035226026625,26.052303314208984,5728000
2009-08-07,25.921327365446565,26.33806940841113,25.76653636068703,26.266626358032227,7309000
2009-08-10,26.064209490183643,26.25471975320899,26.028490235279815,26.135652542114258,4520900
2009-08-11,26.076117593804433,26.31425656659451,26.016583986137693,26.25472068786621,5675500
2009-08-12,25.504585967457356,25.587933923945737,24.48059159674528,25.218820571899414,26287900
2009-08-13,25.230727230657134,25.230727230657134,24.59966057564119,24.647289276123047,20873600
2009-08-14,24.766357222760664,25.349797465731367,24.70682361644684,25.123565673828125,11832900
2009-08-17,25.004498819016575,25.1116611384973,24.742547744209105,24.83780288696289,7882700
2009-08-18,24.802079442428322,25.183099984034307,24.71873148283471,25.087844848632812,7303500
2009-08-19,24.92114980667868,25.56412142550621,24.92114980667868,25.421239852905273,8857900
2009-08-20,25.599837044727106,25.76653293130205,25.480767581004525,25.564115524291992,7565100
2009-08-21,25.48077737402667,25.93324105585554,25.48077737402667,25.77845001220703,7872100
2009-08-24,26.004680885303753,26.040402418138264,25.7308226134249,25.909425735473633,5920700
2009-08-25,25.885606532638157,25.992768840011433,25.63556266280817,25.730817794799805,7232400
2009-08-26,25.695098816779876,25.873701923093176,25.564122145654657,25.647472381591797,8419100
2009-08-27,25.623658637243935,25.683192250408887,25.159287824522597,25.552215576171875,7509100
2009-08-28,25.766533673381065,26.016579781505957,25.540304183959957,25.54030418395996,10510700
2009-08-31,25.504591513602275,26.183284759521484,25.480777157695147,26.183284759521484,10146600
2009-09-01,26.195185572797737,26.326162227401383,25.89751300947049,26.016582489013672,6935700
2009-09-02,25.957046679620174,26.171371289129823,25.861791549956045,26.064208984375,7997200
2009-09-03,26.04039912833786,26.135654266133972,25.67128348219901,25.766538619995117,8898000
2009-09-04,25.885608915785674,25.945144798175022,25.623657846457633,25.790353775024414,5189100
2009-09-07,25.957052174857736,26.147562474517976,25.826077763255018,25.909425735473633,5633400
2009-09-08,25.909417883188937,26.06420660310334,25.71890764126603,26.00467300415039,6730000
2009-09-09,25.95704899578142,26.004677700394137,25.611749971585777,25.826074600219727,7166000
2009-09-10,26.052304844352456,26.111840726741804,25.599843493501893,25.790353775024414,6600300
2009-09-11,25.742728842605423,26.09993507354246,25.742728842605423,26.040401458740234,6057800
2009-09-14,25.754629578026123,26.064209321200572,25.71891032335387,26.02849006652832,6124900
2009-09-15,25.873701095581055,26.00467776251728,25.74272669970647,25.873701095581055,7820000
2009-09-16,25.837980101366114,26.07611679580702,25.707003443233646,25.98086166381836,8141700
2009-09-17,26.19518962846618,26.21900398227416,25.95705063250996,26.171375274658203,8305700
2009-09-18,26.230906578566035,26.409509658813477,26.123744276205294,26.409509658813477,19336700
2009-09-21,26.373789637640687,26.457137595102886,26.135652940757478,26.39760398864746,5929000
2009-09-22,26.326164485125492,26.611929897899437,26.219002171452562,26.23090934753418,7489400
2009-09-23,26.1832784036516,26.397603012665456,25.96895379463774,26.266626358032227,6944500
2009-09-24,26.111844217589635,26.30235452458115,26.052308327241033,26.088029861450195,9448200
2009-09-25,26.195191937475045,26.338075801855815,26.04040316620269,26.183284759521484,7182000
2009-09-28,26.016586458463987,26.147560861989472,25.82607617055258,26.123748779296875,8937000
2009-09-29,26.207097301009913,26.266630915594003,26.016587009066633,26.24281883239746,6736000
2009-09-30,26.123745599196738,26.29044151306152,26.016583291408946,26.290441513061523,8309000
2009-10-01,26.421421447518416,26.445233530264616,26.064212953584082,26.171375274658203,7665600
2009-10-02,26.07611527191188,26.159463223648398,25.68318759153877,25.74272346496582,10925000
2009-10-05,25.635568417675174,25.88561234363692,25.576032527401903,25.77845001220703,6050400
2009-10-06,25.778443928515262,26.183278802584816,25.778443928515262,26.02849006652832,7682200
2009-10-07,25.9451441526708,26.088025724727007,25.80226030955295,25.873701095581055,7613500
2009-10-08,25.957046674292595,26.016582549733855,25.683188460447113,25.814165115356445,7191500
2009-10-09,25.718906289247712,25.885602174401907,25.516488883962857,25.65937042236328,7257200
2009-10-12,25.599842089278177,26.266628038031904,25.58793491345345,26.111839294433594,7581900
2009-10-13,26.147558449375573,26.361883071265794,26.02849123371351,26.052303314208984,6816200
2009-10-14,26.19518739176015,26.230908919421992,25.84988610421375,25.957048416137695,7919100
2009-10-15,25.897510236133076,26.004672529139903,25.7427215190461,25.945138931274414,6006100
2009-10-16,26.07611889131221,26.111840420326637,25.718912685414622,25.837982177734375,6888300
2009-10-19,26.254723664816616,26.909604778713696,26.230911581686872,26.74290657043457,15505100
2009-10-20,26.885777212933828,27.481122148801326,26.82624362777136,27.052473068237305,11371500
2009-10-21,27.112018518198397,27.57638700575498,26.933415428450594,27.314435958862305,12295300
2009-10-22,27.08820138419717,28.124102832002656,27.02866778408498,27.695453643798828,15045800
2009-10-23,27.76689894783341,28.159826677432502,27.635922280946502,27.65973663330078,11304600
2009-10-26,27.74308796447538,27.9097861801368,27.57639201987588,27.60020637512207,7591600
2009-10-27,27.86214944932521,28.243169939337115,27.766894326822232,28.10028839111328,11870400
2009-10-28,28.04075902947098,28.266990849580605,27.89787744807885,28.124109268188477,10947300
2009-10-29,27.981223817151914,28.671824143924262,27.814527891363934,28.588476181030273,14696800
2009-10-30,28.69563408564294,28.993306633686828,28.46940231323242,28.469402313232422,10176600
2009-11-02,28.374144237299912,28.862326983627547,28.290796295887056,28.743257522583008,8521600
2009-11-03,28.493219342124988,28.600381651185085,28.005036499100772,28.231266021728516,11253400
2009-11-04,28.112195743592146,28.302705989806288,27.826430374270934,28.20745086669922,9970800
2009-11-05,28.20745282308907,28.7313549009837,28.005035388564778,28.719449996948242,8789600
2009-11-06,28.517033559608787,28.528938464060538,28.27889459146657,28.386056900024414,8798700
2009-11-09,28.546797605009484,28.618238380125785,28.266984685133796,28.57061195373535,6581700
2009-11-10,28.695639117867792,28.85638259452771,28.499174111596215,28.755172729492188,5685700
2009-11-11,28.81470845344734,28.850427711800528,28.44559279601197,28.64801025390625,6514400
2009-11-12,28.469410121606334,28.606339258735048,28.18959712296047,28.320573806762695,4552593
2009-11-13,28.100296696691448,28.32057380676269,27.993134368319073,28.320573806762695,9232800
2009-11-16,28.409868016229147,28.57656391231136,28.33247251973615,28.505123138427734,6247800
2009-11-17,28.457505741703834,28.874247918450607,28.427738930020958,28.707551956176758,7714100
2009-11-18,28.814709969147888,29.154056567723526,28.636104583740234,28.636104583740234,8366800
2009-11-19,28.57656463195949,28.665867304858885,28.31461360708193,28.475357055664062,8634400
2009-11-20,28.475354339929606,28.62419059985967,28.290796560034327,28.451539993286133,9410100
2009-11-23,28.457497926098902,28.83851846154494,28.421778670314293,28.796844482421875,7096700
2009-11-24,28.606342071180386,28.933781541816362,28.58252771340922,28.707551956176758,6262400
2009-11-25,28.86828928603571,29.07665919428188,28.826613033324808,28.945682525634766,7226300
2009-11-26,28.874243583575897,28.898057937771824,28.522989807902295,28.636104583740234,8014300
2009-11-27,28.165776272292526,28.909957614892146,28.130054750265703,28.74921417236328,8770600
2009-11-30,28.85042480895968,28.86828670740076,28.266986846923825,28.266986846923828,19453200
2009-12-01,28.517030912552258,28.933770661525543,28.487261841001622,28.874237060546875,8752000
2009-12-02,28.761131047438468,29.308847610225992,28.677780801262024,29.160011291503906,9971400
2009-12-03,29.118332087644433,29.826792020264662,28.999262599784654,29.737491607666016,10830846
2009-12-04,29.421952171670736,29.82678699961242,29.30288497491476,29.707719802856445,12820500
2009-12-07,29.677951429214165,29.797020899826173,29.529115158714472,29.671998977661133,7175300
2009-12-08,29.63627759301204,29.797021038426756,28.87423661124859,29.064746856689453,11141600
2009-12-09,28.88614458644243,29.29097943699507,28.88614458644243,29.08856201171875,9001400
2009-12-10,29.118332087644433,29.826792020264662,28.999262599784654,29.737491607666016,10830846
2009-12-11,29.826791763305664,29.945861250139654,29.76725815541945,29.826791763305664,9423600
2009-12-14,29.975630560471558,30.00539963796535,29.576750357946434,29.695819854736328,9224800
2009-12-15,29.73749200912778,29.797025618330593,29.66605122387208,29.749399185180664,6907000
2009-12-16,29.707720276405457,29.916090145111088,29.689858379758373,29.767253875732422,7517600
2009-12-17,29.660092323957542,29.755347447906395,29.35646732607723,29.529115676879883,9843400
2009-12-18,29.76130485534668,29.797024110636368,29.66604972280501,29.76130485534668,17727000
2009-12-21,29.767256107493402,30.12446227235876,29.767256107493402,29.97562599182129,5967000
2009-12-22,29.916102774002976,30.422145395088595,29.916102774002976,30.362611770629883,6936860
2009-12-23,30.481672337424506,30.511439140910646,30.064930275433905,30.273300170898438,5690365
2009-12-24,30.27330017089844,30.27330017089844,30.27330017089844,30.273300170898438,0
2009-12-28,30.27330032428052,30.27330032428052,30.035163624123303,30.12446403503418,3456522
2009-12-29,30.154232491968195,30.24353290104959,29.975627131682412,30.21376609802246,2639036
2009-12-30,30.12446636949021,30.184002252439328,29.76726015604239,29.886329650878906,3141788
2009-12-31,29.886329650878903,29.886329650878903,29.886329650878903,29.886329650878906,0
2010-01-04,29.85655860315549,30.451903721694492,29.826789530379422,30.332834243774414,9387712
2010-01-05,30.303067441958927,30.3328342436735,29.535071693991434,29.618419647216797,11359540
2010-01-06,29.695816710763776,29.737490689568844,29.052842858808702,29.14809799194336,12466963
2010-01-07,29.05879245787813,29.094511707091453,28.77897956004783,28.814701080322266,13079939
2010-01-08,29.00521203036089,29.350510983976,28.93376898804507,29.237396240234375,10171279
2010-01-11,29.463633130750786,29.50530711049653,29.07070541381836,29.07070541381836,10773593
2010-01-12,29.040935918251208,29.160005403398287,28.784937320056525,29.05284309387207,8826420
2010-01-13,28.9099615285448,29.31479641540795,28.9099615285448,29.05284309387207,8125404
2010-01-14,29.201680258167535,29.523167196386133,29.171913453753575,29.38028335571289,10090188
2010-01-15,29.469590447351703,29.499357256217447,29.13024382994594,29.243358612060547,11836068
2010-01-18,29.421955912868047,29.529118220423786,29.362422306919967,29.445770263671875,8961120
2010-01-19,29.523171400396667,29.677960168027663,29.23740594941964,29.648193359375,7306770
2010-01-20,29.677955472528566,29.97562805408276,29.648188668585462,29.826791763305664,13541544
2010-01-21,30.00539488279024,30.749576280963993,29.975625810014172,30.332834243774414,16339256
2010-01-22,30.213767440732017,30.630509514816502,29.916094855109044,30.094697952270508,11117009
2010-01-25,29.91609191894531,30.3030671506995,29.886325117516844,29.916091918945312,9872620
2010-01-26,29.648188905104146,29.75535121700347,29.386237848828898,29.731536865234375,8582507
2010-01-27,29.368374203790793,30.09469366491594,29.368374203790793,30.035160064697266,8798133
2010-01-28,30.2137667170066,30.45190568822536,30.094697231397223,30.12446403503418,9327002
2010-01-29,30.094698674571248,30.303070852145414,29.886328768058732,30.064931869506836,10694163
2010-02-01,29.916096129918202,30.184001922607422,29.826793442001232,30.184001922607422,6031424
2010-02-02,30.303069245446114,30.481672337424506,30.154232956953866,30.273300170898438,10409496
2010-02-03,30.303078146171178,30.422145395088595,30.18400862619156,30.362611770629883,6613503
2010-02-04,30.33283971243093,30.45190921181785,29.541029471910452,29.612472534179688,17127805
2010-02-05,29.326700897004415,29.564839863864027,28.683729320181868,28.784936904907227,15779956
2010-02-08,28.814710681120655,29.523170702991028,28.761129518386802,29.421960830688477,8011133
2010-02-09,29.41005748790925,29.505312641048903,29.05284896033904,29.160011291503906,6127623
2010-02-10,29.410052931124284,29.481493717144513,29.094518440000126,29.195728302001953,5878090
2010-02-11,29.33861686654611,29.648196707833893,29.279083242517075,29.58270835876465,8564165
2010-02-12,29.797022909388613,30.332834427748057,29.731534582582302,29.97562599182129,9959678
2010-02-15,30.09470221505634,30.184004911817215,29.767262778702992,29.856565475463867,2659918
2010-02-16,29.886327334876967,30.18399991336964,29.886327334876967,30.12446403503418,8856717
2010-02-17,30.303072893182655,30.451909199591093,30.21377020091287,30.42214012145996,11772970
2010-02-18,30.451901539603035,30.6305046081543,30.362598869796788,30.630504608154297,8496057
2010-02-19,30.570971806428823,31.850964756468496,30.511438201289916,31.37468910217285,52423799
2010-02-22,31.493763310740444,31.583063731852842,31.16632162014292,31.196090698242188,6119947
2010-02-23,31.37468956902407,31.64259533825848,31.285386888925434,31.434223175048828,7892420
2010-02-24,31.463990244258547,31.85096549987793,31.434223440994327,31.85096549987793,6508209
2010-02-25,31.731902256760975,31.821204955179116,31.225859688556728,31.404462814331055,7606609
2010-02-26,31.55329174825682,31.82119750976563,31.493758143948835,31.821197509765625,8937101
2010-03-01,32.029578517055285,32.17841485056489,31.910508996035155,32.11888122558594,7749772
2010-03-02,32.38677658706803,32.44631019275859,31.999801336894937,32.2974739074707,8920142
2010-03-03,32.297474516389514,32.41654400107699,31.493759469106738,31.702129364013672,11387049
2010-03-04,31.880734512940183,32.14864030301094,31.70213140991357,32.0593376159668,8599808
2010-03-05,32.08910624512107,32.1188730500337,31.40445837682256,31.49376106262207,12148851
2010-03-08,31.731897772984688,31.731897772984688,31.225855276285188,31.49376106262207,8781378
2010-03-09,31.642598677051158,31.999804893013593,31.642598677051158,31.880735397338867,11952212
2010-03-10,31.910498341304457,32.17840410638201,31.880731538753945,32.08910369873047,8751269
2010-03-11,32.148632892791454,32.148632892791454,31.791426769073784,31.970029830932617,7957424
2010-03-12,32.11887303374255,32.11887303374255,31.910500857336608,31.99980354309082,5090528
2010-03-15,31.99980400531182,32.208173913665924,31.791434096957712,32.0593376159668,9063928
2010-03-16,32.1486406997012,32.4463132987725,32.05933801155513,32.32724380493164,7390382
2010-03-17,32.535614325817036,32.535614325817036,32.178405862531676,32.23794174194336,6318656
2010-03-18,32.20817184448242,32.32724132920455,32.11887143423697,32.20817184448242,5194745
2010-03-19,32.47607321437233,32.47607321437233,31.64259147644043,31.64259147644043,35264106
2010-03-22,31.612825773676388,32.1486373038315,31.55329216857536,32.08910369873047,8702250
2010-03-23,32.1486373038315,32.327240390196046,31.999801020017465,32.08910369873047,6655996
2010-03-24,32.14864030301094,32.23794299005509,31.910501318267674,32.0593376159668,5495540
2010-03-25,32.14863823765212,32.38677720709638,32.08910463082182,32.20817184448242,6305635
2010-03-26,32.14863983864008,32.208173448435126,31.850967247541558,31.99980354309082,6705485
2010-03-29,31.97003719998433,32.11887349768345,31.910501318267674,32.0593376159668,5142686
2010-03-30,31.97004037289999,32.208177110215836,31.94027356461825,32.148643493652344,6433896
2010-03-31,31.999807181181733,32.148643493652344,31.97004037289999,32.148643493652344,7005799
2010-04-01,32.357014795010706,32.357014795010706,31.97004172881197,32.02957534790039,6124411
2010-04-06,32.23794388436304,32.29747749666953,31.761665901664145,31.880735397338867,6392025
2010-04-07,31.88072801007212,31.94026387964495,31.731891742731854,31.791427612304688,5039334
2010-04-08,31.702130968072066,31.79143365387157,31.463991986647805,31.49376106262207,5933462
2010-04-09,31.553289993497085,31.880729341104136,31.5235231929985,31.672359466552734,4518164
2010-04-12,31.8807336477861,31.910500452305804,31.702130549606274,31.731897354125977,3224215
2010-04-13,31.583055606620228,31.70212507519942,31.523522007861242,31.64259147644043,4374234
2010-04-14,31.791430707611635,31.940266989443035,31.731894832242215,31.821197509765625,3698595
2010-04-15,31.76166163439621,31.91049791622761,31.55329174825682,31.821197509765625,7304532
2010-04-16,31.850974696512246,31.91050832023039,31.434232517298717,31.58306884765625,13761955
2010-04-19,31.705837501646243,31.859302344651912,31.460292816162106,31.46029281616211,7558280
2010-04-20,31.521673434090747,32.19692005444575,31.490980938094463,31.920682907104492,11107291
2010-04-21,32.13553272076584,32.19692005444575,31.76721808543572,31.920682907104492,6425130
2010-04-22,32.74939200626507,32.74939200626507,32.41176986694336,32.41176986694336,12620938
2010-04-23,32.534542531474656,32.68800735473633,32.16622789232159,32.68800735473633,7087178
2010-04-26,32.7187008519752,32.96424551338048,32.7187008519752,32.87216567993164,5113638
2010-04-27,32.84147172603967,32.933551555404435,32.534542083740234,32.534542083740234,6541936
2010-04-28,32.10484282153991,32.38107999122436,31.82860565185547,31.82860565185547,8024533
2010-04-29,32.012762735631284,32.50384969661626,32.012762735631284,32.41176986694336,6499624
2010-04-30,32.41177804679597,32.473165395966184,32.16623567517893,32.44247055053711,6953547
2010-05-03,32.473163183678814,32.50385568532898,32.258310988752136,32.319698333740234,3676436
2010-05-04,32.35038330174907,32.626620435646956,32.07414616785118,32.19691848754883,7049290
2010-05-05,32.258302324841104,32.35038214674863,31.736522911864167,31.982065200805664,8272872
2010-05-06,31.76721954345703,32.01276420607178,31.61375471474468,31.76721954345703,7974501
2010-05-07,31.306821795660046,31.64444391531502,30.44741790773175,30.81573486328125,14648525
2010-05-10,31.368211505815637,31.76722101563389,31.061281834167,31.61375617980957,11518256
2010-05-11,31.368214390770813,32.38108333704056,31.33752188912065,32.319698333740234,8088461
2010-05-12,32.47315698410653,32.81077912117714,32.288997325988625,32.65731430053711,8528837
2010-05-14,32.657305843464684,32.81077062436284,32.10483169555664,32.10483169555664,7211982
2010-05-17,32.04346209532934,32.74939902117948,31.982074748502473,32.50385665893555,8439395
2010-05-18,32.7800898969917,32.84147489469929,32.534545222786214,32.626625061035156,6953923
2010-05-19,32.56523728536689,32.68800962082487,32.25830761756572,32.47315979003906,7606089
2010-05-20,32.65731246460283,32.71869745273297,31.767216086592747,32.043453216552734,9039850
2010-05-21,32.04345258880901,32.0741450822728,31.184048721700048,31.368206024169922,19526841
2010-05-25,30.815736875756155,31.33751633641798,30.723657045433548,31.184051513671875,10767385
2010-05-26,31.30682116326859,31.736523098552844,31.061276531195542,31.398900985717773,9642171
2010-05-27,31.49097257196402,32.16621901292793,31.39889510843716,32.10483169555664,6790280
2010-05-28,32.196922857776684,32.41177269014464,32.10484302008325,32.22761535644531,5632543
2010-05-31,32.16623306274414,32.381082913170644,32.16623306274414,32.16623306274414,3017423
2010-06-01,32.07414772762166,32.65731451827951,31.920682905958394,32.41176986694336,6087585
2010-06-02,32.411771196062325,32.90285817718544,32.38107869880852,32.87216567993164,5521689
2010-06-03,33.08701390451643,33.2097838789138,32.7800842851487,32.99493408203125,5958928
2010-06-04,32.93355313067297,33.08701795916318,32.62662347369256,32.749393463134766,6319318
2010-06-07,32.565236575249266,32.964246071365,32.35038674914847,32.90285873413086,6604276
2010-06-08,32.96424976320351,33.17909961336646,32.78009241425131,33.025634765625,7212945
2010-06-09,33.148403053024644,33.301867881973834,32.84147339512627,33.271175384521484,5541361
2010-06-10,33.17909341785724,33.363250732421875,33.02562859877216,33.363250732421875,6544315
2010-06-11,33.36326067116601,33.393955517476705,32.81078856289349,33.14841079711914,6285629
2010-06-14,33.363252318075375,33.39394715670107,33.08701750394347,33.240482330322266,5290969
2010-06-15,33.14840001603802,33.27117233628672,32.994935201148955,33.05632019042969,5370422
2010-06-16,33.1484022764402,33.1790947731735,32.59592796849124,32.84147262573242,7009119
2010-06-17,32.78008818817024,32.99493801063428,32.50385102951116,32.87216567993164,6294551
2010-06-18,33.08702081962533,33.08702081962533,32.503853952608715,32.56523895263672,20892464
2010-06-21,32.93355301612668,32.99493801063428,32.749393349229,32.87216567993164,4286162
2010-06-22,32.78009156615381,32.96424891034143,32.56523937986184,32.71870422363281,4951283
2010-06-23,32.53454061045192,32.56523310495452,32.07414616785118,32.19691848754883,6486612
2010-06-24,32.35039083539039,32.44246834034088,32.13553864046372,32.319698333740234,5466502
2010-06-25,32.35038284057778,32.411767828707916,31.982065886735406,32.043453216552734,4955543
2010-06-28,32.16623567517893,32.534550403448456,31.982075969356238,32.44247055053711,5219328
2010-06-29,32.289001032102306,32.41177337104354,31.982071355593014,32.135536193847656,7591856
2010-06-30,32.28899551076046,32.28899551076046,31.951373392670337,32.043453216552734,8187265
2010-07-01,31.82859921548093,31.82859921548093,31.245434837248165,31.42959213256836,8329117
2010-07-02,31.091975603220437,31.2454404337562,30.72365860492212,30.90781593322754,9951593
2010-07-05,30.90781605519713,31.0612808863385,30.78504606363402,30.93851089477539,5148331
2010-07-06,30.969199050433517,31.490978466479795,30.969199050433517,31.398900985717773,5368046
2010-07-07,31.153361672336615,31.644448678636923,31.03058933533965,31.61375617980957,6751547
2010-07-08,31.859304428100586,31.920689432642078,31.521679878058922,31.859304428100586,6107834
2010-07-09,31.828608231331007,32.13553792436868,31.76722322939856,31.889995574951172,4586795
2010-07-12,31.92068568638393,32.25830785511394,31.828605848690497,32.22761535644531,3892133
2010-07-13,32.227619452434254,32.59593416664408,32.16623444729523,32.50385665893555,4856050
2010-07-14,32.47315864520235,32.749393463134766,32.258306480303595,32.749393463134766,4938252
2010-07-15,32.626621697199816,32.84147150871273,32.47315687706564,32.780086517333984,5054823
2010-07-16,32.84147613613803,33.02563347790968,32.442466610893064,32.56523895263672,8883682
2010-07-19,32.503850701307016,32.68800802465774,32.381078371844055,32.59592819213867,3417701
2010-07-20,32.62662530347144,32.68801030163516,32.04345845416579,32.381080627441406,4788483
2010-07-21,32.5959318802785,32.841476566987126,32.56523937986184,32.71870422363281,5374514
2010-07-22,32.688008354721404,33.11771034133692,32.565236024018766,32.87216567993164,6240052
2010-07-23,32.74939268275025,33.025629835787655,32.657315192862704,32.9642448425293,3792805
2010-07-26,32.994937451086315,32.994937451086315,32.50385047829135,32.84147262573242,4050374
2010-07-27,32.87216433193314,32.90285682792833,32.258305045280096,32.41176986694336,6910078
2010-07-28,32.47315290819096,32.503845400129094,32.012758504057935,32.25830078125,5153293
2010-07-29,32.35038522467471,32.41177021732867,31.64444610071726,31.705833435058594,5714456
2010-07-30,31.490983842812604,31.675141177464273,31.21474666999132,31.61375617980957,7326744
2010-08-02,31.61375972655898,32.10484678795437,31.55237472201749,31.859304428100586,5433760
2010-08-03,31.95138193491282,31.95138193491282,31.61375972655898,31.859304428100586,4346960
2010-08-04,31.889995446689227,32.0741527934336,31.675143257414366,32.01276779174805,3073361
2010-08-05,31.85929665537396,32.01276147097463,31.306822382536648,31.337514877319336,7354189
2010-08-06,31.398909006921983,31.398909006921983,30.754354768493396,31.03059196472168,9568935
2010-08-09,31.306831359863285,31.429603715886607,31.09198149308841,31.30683135986328,4856876
2010-08-10,31.24544151050623,31.61375617980957,31.122669173509262,31.61375617980957,6325257
2010-08-11,31.85929973225487,32.0741495581705,31.4909827342299,31.552370071411133,8796964
2010-08-12,31.521678828089126,32.28900306773772,31.521678828089126,32.16623306274414,8589718
2010-08-13,32.28900035378257,32.47316002916944,31.951378185052558,32.22761535644531,4969428
2010-08-16,32.28900445757328,32.50385665893555,32.01276959275983,32.50385665893555,4888696
2010-08-17,32.534545222786214,32.626625061035156,32.22761555087313,32.626625061035156,8497482
2010-08-18,32.50384947989707,32.71869929211819,32.288997325988625,32.65731430053711,6827772
2010-08-19,32.78008673425472,32.964244051296916,32.35038476669804,32.534542083740234,6129160
2010-08-20,32.44246748692235,32.53454733113839,31.982072949217557,32.01276779174805,7381963
2010-08-23,31.92068135365094,32.22761098205143,31.92068135365094,32.19691848754883,4191836
2010-08-24,32.104837516119986,32.13553000952678,31.705830418457374,31.982065200805664,8436784
2010-08-25,31.79790923876635,31.98206654865537,31.70583175466546,31.951374053955078,7516979
2010-08-26,32.166226096242404,32.196918590843474,32.07414627075195,32.07414627075195,5787866
2010-08-27,32.04346071606282,32.19692556399254,31.92068836938149,32.16623306274414,5677606
2010-08-30,32.28900146484375,32.4117738054304,32.13553662453235,32.28900146484375,4222025
2010-08-31,31.920686784771437,32.28900146484375,31.920686784771437,32.28900146484375,6733796
2010-09-01,32.381074843295785,32.99493408203125,32.3196898560971,32.99493408203125,8972368
2010-09-02,32.933549094832564,32.99493408203125,32.81077677874804,32.99493408203125,4016565
2010-09-03,32.99493722806128,33.11770955585201,32.78008741069305,33.08701705932617,5915771
2010-09-06,33.08701750394347,33.240482330322266,33.02563016837951,33.240482330322266,3775058
2010-09-07,33.14840711215572,33.17909961336646,32.78009241425131,33.025634765625,4244613
2010-09-08,32.90286662176252,33.17910385131836,32.718709249287976,33.17910385131836,4941311
2010-09-09,32.96424270650859,33.08701502675729,32.84147038625989,33.05632019042969,5700002
2010-09-10,32.99493408203125,33.05631906922993,32.933549094832564,32.99493408203125,4785981
2010-09-13,33.02562994781961,33.11770977970691,32.74939279384513,32.84147262573242,5982794
2010-09-14,32.841468154282424,32.96424046618725,32.68800334982316,32.93354797363281,5948131
2010-09-15,32.933552683583656,32.96424518052754,32.56523569519479,32.59592819213867,7073988
2010-09-16,32.53454546453828,32.68801030163516,32.381080627441406,32.381080627441406,6240846
2010-09-17,32.534539448876544,32.56523194228333,31.982065200805668,31.982065200805664,14913732
2010-09-20,32.07414772762166,32.53454219261144,32.04345523162647,32.41176986694336,6309510
2010-09-21,32.319695873103306,32.534545709984776,32.135536193847656,32.135536193847656,8154530
2010-09-22,32.13553551875188,32.319695194138745,31.982070683721187,32.22761535644531,7887664
2010-09-23,32.319695873103306,32.38108087173013,31.951378856279604,32.135536193847656,6984970
2010-09-24,31.982066794251264,32.44246124335289,31.982066794251264,32.35038375854492,7415818
2010-09-27,32.350384874952994,32.595927184601805,32.288997541275286,32.41176986694336,5174414
2010-09-28,32.28900569014348,32.595935410930736,32.16623567517893,32.44247055053711,6059742
2010-09-29,32.473155621446715,32.595925599457125,32.19691848754883,32.19691848754883,6319357
2010-09-30,32.074151195220836,32.35038837241672,32.012766196594015,32.135536193847656,8926557
2010-10-01,32.13552418339893,32.258296476454795,31.951366914658486,32.10483169555664,7427282
2010-10-04,32.01276779174805,32.0741527934336,31.85930294584645,32.01276779174805,5490936
2010-10-05,31.92068135365094,32.35038330174907,31.92068135365094,32.19691848754883,6925198
2010-10-06,32.2276114371137,32.44246124335289,32.19691894217771,32.35038375854492,5893516
2010-10-07,32.411772451466305,32.62662462393965,32.31969495613848,32.47315979003906,6513171
2010-10-08,32.41177269014464,32.47316002916944,32.10484302008325,32.22761535644531,5274113
2010-10-11,32.16623306274414,32.25831056648932,32.01276821481442,32.16623306274414,3735876
2010-10-12,32.10484302008325,32.319695194138745,31.92068568638393,32.22761535644531,6373479
2010-10-13,32.25830078125,32.503845400129094,32.25830078125,32.25830078125,6326478
2010-10-14,32.35038837241672,32.35038837241672,32.074151195220836,32.135536193847656,7348885
2010-10-15,32.227616033475485,32.227616033475485,31.920686356966193,32.135536193847656,5562389
2010-10-18,32.01276779174805,32.135537795119156,31.95138044837478,32.01276779174805,3552784
2010-10-19,31.951377987458283,31.9820704859371,31.705835657940188,31.82860565185547,6277046
2010-10-20,31.82860039208455,31.982065200805668,31.797907898677757,31.982065200805664,4367135
2010-10-21,32.01276692732175,32.59593145265072,31.951379585606098,32.56523895263672,8175299
2010-10-22,32.71870553856788,32.841477886856296,32.2890034904023,32.319698333740234,5797858
2010-10-25,32.41177086878794,32.68800802465774,32.381078371844055,32.59592819213867,5825650
2010-10-26,32.62662180474656,32.71869929211819,32.50384947989707,32.65731430053711,5474425
2010-10-27,32.56523569519479,32.74939301854551,32.47315820436313,32.59592819213867,6307101
2010-10-28,32.7186958423776,32.994932958741686,32.68800334982316,32.93354797363281,5600947
2010-10-29,32.933552235009614,33.11770955585201,32.90285739679639,33.08701705932617,5255393
2010-11-01,33.11771884105619,33.209796356449445,32.994946478843815,33.17910385131836,5877847
2010-11-02,33.17910045597835,33.36325780960739,33.17910045597835,33.33256530761719,4634420
2010-11-03,33.33256037942618,33.455332710923024,33.271175384521484,33.271175384521484,4714096
2010-11-04,33.54741581484614,34.13058034834435,33.54741581484614,34.09988784790039,10479398
2010-11-05,34.03849189911208,34.314728997636095,33.977104576280674,34.25334167480469,6352379
2010-11-08,34.191963753090846,34.34542857932403,34.191963753090846,34.22265625,4013594
2010-11-09,34.22266235840003,34.28404736317494,33.977117655924715,34.0078125,5665746
2010-11-10,33.94641775287614,34.00780508595582,33.67018060823585,33.76226043701172,5597249
2010-11-11,33.79295619482778,33.854343533833344,33.70087869885076,33.731571197509766,4297378
2010-11-12,33.51671847101718,33.731570641463605,33.301868642258256,33.70087814331055,6831471
2010-11-15,33.5167162335916,34.038498034111825,33.36325141138342,33.91572570800781,5881113
2010-11-16,33.8236533449873,33.85434818955507,33.5167236328125,33.5167236328125,6470823
2010-11-17,33.33256407262186,33.48602891857471,33.30187157176883,33.393951416015625,6206769
2010-11-18,33.51671656636808,34.25334818861859,33.48602406995918,34.19196319580078,5834549
2010-11-19,34.37612503527136,34.37612503527136,33.88503800310502,34.09988784790039,5495045
2010-11-22,34.1305792378379,34.284044076752075,33.977114398923725,34.03850173950195,5016638
2010-11-23,33.91572490962384,34.06918972821943,33.48602294921875,33.48602294921875,9065941
2010-11-24,33.67018472109537,34.03850173950195,33.54741472331411,34.03850173950195,6204668
2010-11-25,34.0691959381888,34.71374782543861,33.94642359259652,34.65236282348633,7409857
2010-11-26,34.529588336192106,34.92859784919647,34.406815998214796,34.74443817138672,6572717
2010-11-29,34.805823058023584,34.92859538734761,34.22265625,34.22265625,6552509
2010-11-30,33.88503241424218,33.977109900387156,33.48602294921875,33.48602294921875,12164026
2010-12-01,33.608802529555774,33.91573223302204,33.33256532809858,33.854347229003906,8329960
2010-12-02,33.9157234724504,34.13057327270508,33.7315661662768,34.13057327270508,6592388
2010-12-03,34.007804977890515,34.130574960285124,33.79295282532532,33.885032653808594,5819830
2010-12-06,33.854342975763345,34.03850030636921,33.60879830716386,33.70087814331055,5865794
2010-12-07,33.82365036010742,34.22265988739789,33.76226535976473,33.82365036010742,5917602
2010-12-08,33.70088279274977,34.130582509549825,33.608802943899576,34.0078125,4469726
2010-12-09,34.09988347551238,34.22265580323366,33.946418651282634,34.069190979003906,4666892
2010-12-10,33.97711550443689,34.13058034834435,33.97711550443689,34.09988784790039,3778302
2010-12-13,34.099880778624005,34.498890226739476,34.03849579046187,34.13057327270508,4902069
2010-12-14,34.130571957138045,34.34542409079841,34.130571957138045,34.31473159790039,5344709
2010-12-15,34.161270810216706,34.34542813095493,34.069190979003906,34.069190979003906,5582391
2010-12-16,34.03849881533611,34.345428466796875,34.03849881533611,34.345428466796875,4634088
2010-12-17,34.37612096360547,34.43750595722266,34.222656137875084,34.345428466796875,15743560
2010-12-20,34.31473496282765,34.3454274587354,34.16127014160156,34.16127014160156,5187237
2010-12-21,34.25334270931775,34.4375,34.13057040163392,34.4375,4084125
2010-12-22,34.376120851780094,34.683050502242416,34.34542835507134,34.46820068359375,5162451
2010-12-23,34.56028083526454,34.74443817138672,34.498895837119676,34.74443817138672,3097966
2010-12-27,34.713740743005154,34.74443323771929,34.49889093831896,34.683048248291016,2843919
2010-12-28,34.71374344590163,34.744435943005556,34.56027861869456,34.621665954589844,1833707
2010-12-29,34.68305162217882,34.713744119878655,34.52958679199219,34.52958679199219,2437932
2010-12-30,34.56027264726485,34.59096513906564,33.578098859517574,33.60879135131836,5953795
2011-01-03,33.7929533819038,34.038498034111825,33.762260885799634,33.91572570800781,4435779
2011-01-04,33.85434707376568,33.885039575634,33.45533752441406,33.45533752441406,7794575
2011-01-05,33.363252876878526,33.424640213470674,32.96424572662311,33.271175384521484,8716741
2011-01-06,33.30186823024659,33.36325322579325,32.8414737385842,32.90285873413086,7176796
2011-01-07,32.84147251432518,33.14840216399177,32.74939268275025,32.9642448425293,6786267
2011-01-10,32.90285650009147,32.9949363288469,32.780086517333984,32.780086517333984,4202153
2011-01-11,32.81077789161952,33.14840001603802,32.71869806601119,33.05632019042969,5189218
2011-01-12,33.05631794385056,33.17909025575539,32.87216064683686,32.93354797363281,7450704
2011-01-13,32.381076004820954,32.47315583060909,31.951374053955075,31.951374053955078,14176813
2011-01-14,31.828604538266994,31.982069366979346,31.61375471474468,31.76721954345703,9808447
2011-01-17,31.79791315337665,32.043457824582276,31.64444831929502,31.82860565185547,5715636
2011-01-18,31.920688787224815,32.35039083539039,31.920688787224815,32.319698333740234,8415509
2011-01-19,32.411775838690716,32.65732053526756,32.319698333740234,32.319698333740234,7931134
2011-01-20,32.196918590843474,32.473155725627585,31.982066445261502,32.07414627075195,9374769
2011-01-21,32.07415162508284,32.44246630515515,32.04345912535808,32.28900146484375,10773509
2011-01-24,32.35038911085106,32.65731879436637,32.1662317690794,32.56523895263672,5351467
2011-01-25,32.59593319027946,32.62662803361739,32.166233483801655,32.319698333740234,5069670
2011-01-26,32.319690346512715,32.44246032277298,31.920680898605273,32.043453216552734,7301413
2011-01-27,31.951377225495506,32.13553455366425,31.306825406061154,31.552370071411133,11063178
2011-01-28,31.490982612235307,31.951377101717362,31.398905119351372,31.52167510986328,9479058
2011-01-31,31.46028719813732,31.583059518955306,31.337514877319332,31.337514877319336,7048274
2011-02-01,31.460288781067995,31.982068243688808,31.42959628474101,31.705833435058594,8307831
2011-02-02,31.73652815641901,32.16623016018509,31.705835657940188,31.82860565185547,6757426
2011-02-03,32.01276284639195,32.074147838594705,31.613753372012006,31.797910690307617,5211155
2011-02-04,31.889996930371332,31.982074437183567,31.644452228829724,31.859304428100586,4486330
2011-02-07,31.889993231849527,32.10484306451482,31.736528396606445,31.736528396606445,5217685
2011-02-08,31.6751425333826,31.76722237549388,31.521677690988913,31.583065032958984,5565632
2011-02-09,31.398903670528842,31.42959616674059,31.091974025036624,31.184051513671875,8615639
2011-02-10,31.184053073386163,31.61375506690489,31.030588242964296,31.552370071411133,8501529
2011-02-11,31.306830020475882,31.859304428100586,31.214750171975826,31.859304428100586,7339759
2011-02-14,31.982070727982844,31.982070727982844,31.613756060074472,31.736528396606445,5002169
2011-02-15,31.98207178422095,32.28900146484375,31.889994285046683,32.28900146484375,8960699
2011-02-16,32.442460785256884,32.442460785256884,32.166225993046226,32.19691848754883,4945714
2011-02-17,32.99493928862604,33.056324285511266,32.35038745458108,32.47315979003906,10333074
2011-02-18,32.22761108544454,32.350383405536064,31.982066445261502,32.07414627075195,29033054
2011-02-21,32.01276821481442,32.31969791067386,31.951380870629887,32.16623306274414,4595021
2011-02-22,32.04345099599607,32.38107309068955,31.951371178494647,32.25830078125,7947358
2011-02-23,32.104842783665134,32.62662462393965,32.104842783665134,32.47315979003906,10881648
2011-02-24,32.473163183678814,32.50385568532898,32.166233483801655,32.319698333740234,5868838
2011-02-25,32.41176839473821,32.41176839473821,32.07414627075195,32.07414627075195,5044134
2011-02-28,31.951379284496195,32.473161146567534,31.767221944460037,32.28900146484375,7264154
2011-03-01,32.16622644724172,32.53454106984812,32.16622644724172,32.35038375854492,5062098
2011-03-02,32.196923965669484,32.4117738054304,32.04345912535808,32.28900146484375,5468996
2011-03-03,32.53454219261144,32.53454219261144,32.10484022361684,32.41176986694336,6154160
2011-03-04,32.44246761740634,32.53454746199273,31.828608231331007,31.889995574951172,7147368
2011-03-07,31.736528396606445,32.13553556322592,31.613756060074472,31.736528396606445,6383010
2011-03-08,31.951375403100776,32.166227558449464,31.85929791511192,31.920682907104492,6657098
2011-03-09,32.04345806709261,32.07415056580371,31.675141057496685,31.736528396606445,5788120
2011-03-10,31.583060984888895,31.88999063033643,31.521673650786973,31.675138473510742,7737441
2011-03-11,31.583060984888895,31.82860329623451,31.521673650786973,31.675138473510742,6404128
2011-03-14,31.521670833176014,31.613750655254528,31.368206024169925,31.368206024169922,7922097
2011-03-15,30.969203663766685,31.061281158245052,30.10366210222001,30.201879501342773,24189766
2011-03-16,30.318509605258228,30.668409209147356,30.0299949929791,30.1650447845459,15027297
2011-03-17,30.201880636997135,30.57019531213502,30.07910829805531,30.53336524963379,13641031
2011-03-18,30.63158265244973,30.815739990018674,30.447422973193195,30.53336524963379,24138486
2011-03-21,30.96920913706509,31.337523863447135,30.815744277457913,31.30683135986328,7016828
2011-03-22,31.245439193967016,31.245439193967016,30.815737217179553,30.969202041625977,9281102
2011-03-23,30.938510629869317,31.52167510986328,30.846430795297916,31.52167510986328,6074826
2011-03-24,31.55237106265226,31.797913394028658,31.39890622740918,31.736528396606445,6447780
2011-03-25,31.85930294584645,32.01276779174805,31.73653060078763,32.01276779174805,6319667
2011-03-28,32.07413920771435,32.16621901292793,31.9206744268162,32.10483169555664,4669120
2011-03-29,32.166230359108056,32.319695194138745,32.07415052141462,32.22761535644531,6673492
2011-03-30,32.442465384537265,32.626625061035156,32.25830804972693,32.626625061035156,6176408
2011-03-31,32.62662803361739,32.68801303691772,32.319698333740234,32.319698333740234,6153988
2011-04-01,32.44247055053711,32.595935410930736,32.28900569014348,32.44247055053711,6125001
2011-04-04,32.56523569519479,32.74939301854551,32.442463365731825,32.59592819213867,5524158
2011-04-05,32.62662672238284,32.71870422363281,32.44246703650754,32.71870422363281,4978585
2011-04-06,32.718700521601626,32.8107803541207,32.503850701307016,32.59592819213867,5327837
2011-04-07,32.59592707552519,32.78008673425472,32.50384958784776,32.534542083740234,5900632
2011-04-08,32.62662629435237,32.71870379439437,32.503853952608715,32.56523895263672,3861659
2011-04-11,32.56523728536689,32.71870211926748,32.44246494990892,32.47315979003906,4714264
2011-04-12,32.350380598751414,32.503845400129094,32.10483597987232,32.25830078125,5851242
2011-04-13,32.41176558262767,32.503845400129094,32.22760828931187,32.25830078125,6069433
2011-04-14,32.41177020452785,32.902857170627726,32.41177020452785,32.68800735473633,10524013
2011-04-15,33.14840782235522,33.48603002628239,32.933557967589145,33.45533752441406,27058710
2011-04-18,33.6141923813011,33.67773430663165,33.01053439478465,33.16939163208008,13074976
2011-04-19,33.23292860547671,33.900128417906366,33.105842349783266,33.77304458618164,9840617
2011-04-20,33.93191129536219,34.21785242072972,33.900137904570784,34.12253952026367,6919728
2011-04-21,34.344928354984305,34.344928354984305,33.995442977393616,34.21784210205078,4774253
2011-04-26,34.18607912359871,34.37670733550594,34.090766229629715,34.34493637084961,4975780
2011-04-27,34.31316173464753,34.31316173464753,34.15430450439453,34.15430450439453,5087339
2011-04-28,34.21784388225775,34.21784388225775,33.83658752759072,34.05898666381836,6519555
2011-04-29,34.12253952026367,34.24962581152113,34.05899516265025,34.12253952026367,3607179
2011-05-02,34.24961751846395,34.44024569720754,34.154302217107755,34.37670135498047,3908697
2011-05-03,34.408479433264105,34.440250396728516,34.24962219197289,34.440250396728516,3932803
2011-05-04,34.344936888766966,34.53556510354884,34.154308673985085,34.281394958496094,5700756
2011-05-05,34.34493435585075,34.40847870540453,34.0272198799891,34.18607711791992,5224263
2011-05-06,34.249616752444375,34.5037868437615,34.15430145321998,34.40847396850586,6334078
2011-05-09,34.31316592363153,34.44025220814254,34.21785060425596,34.281394958496094,4496009
2011-05-10,34.3767078539024,34.503794138413404,34.18607963912052,34.281394958496094,5059196
2011-05-11,34.34492962770002,34.40847396850586,34.217843370057075,34.40847396850586,4836317
2011-05-12,34.24962204065945,34.63087844848633,34.217848653366275,34.63087844848633,8277316
2011-05-13,34.75796292504066,34.853275810074926,34.56733473100312,34.78973388671875,6447685
2011-05-16,34.69441527704366,34.980358752881074,34.59910240107703,34.72618865966797,7061165
2011-05-17,34.757959235761696,34.821501152373415,34.50378672137736,34.59910202026367,6764933
2011-05-18,34.69441857771548,34.82150484839684,34.630876654359305,34.78973388671875,5652669
2011-05-19,34.94859443180761,35.01213636118684,34.66265090166261,34.85327911376953,5870322
2011-05-20,35.07567405281647,35.07567405281647,34.59910240107703,34.72618865966797,11118621
2011-05-23,34.56733652183822,34.78973568907571,34.53556313454504,34.63087844848633,6226300
2011-05-24,34.66264889798675,34.789735173368214,34.630877935133654,34.694419860839844,4716226
2011-05-25,34.59910748516228,34.78973568907571,34.53556313454504,34.63087844848633,5817912
2011-05-26,34.630876285974324,34.694418208654575,34.47201905530472,34.66264724731445,6809213
2011-05-27,34.72618827745584,34.78973019406755,34.50378672137736,34.59910202026367,7591038
2011-05-30,34.59910418172619,34.694417062598106,34.56733322143555,34.56733322143555,3700723
2011-05-31,34.69441857771548,35.01213304243438,34.69441857771548,34.78973388671875,10884733
2011-06-01,34.91681683556999,34.94858779422553,34.69441527704366,34.72618865966797,8294966
2011-06-03,34.472015885342955,34.662644059822995,34.34492962770002,34.40847396850586,7644403
2011-06-06,34.24962399336066,34.3767078539024,34.18607963912052,34.281394958496094,4689247
2011-06-07,34.249621617552826,34.249621617552826,33.99544906616211,33.99544906616211,6086950
2011-06-08,33.90013720762392,34.027223496268626,33.836595275286236,33.86836624145508,7272047
2011-06-09,33.741271204281745,33.96367275773744,33.550643032725944,33.77304458618164,8851409
2011-06-10,33.7412742717761,33.80481861738413,33.51887512207031,33.51887512207031,7358795
2011-06-14,33.64596377507342,33.90013390362136,33.5824194249596,33.8048210144043,5927898
2011-06-15,33.80481824062368,33.8683601615546,33.391788482666016,33.391788482666016,8044133
2011-06-16,33.201159154698054,33.39178733490734,33.13761723595123,33.29647445678711,7556871
2011-06-17,33.13761837497345,33.4871037880313,33.10584499053909,33.391788482666016,12599781
2011-06-20,33.137616608921746,33.64595922118394,33.07407226740849,33.55064392089844,6010856
2011-06-21,33.51887945426573,33.61419477301248,33.32825124074148,33.45533752441406,6167277
2011-06-22,33.36001510356574,33.39178606172777,32.883443459229085,33.10584259033203,8307531
2011-06-23,33.010532140886184,33.10584502237421,32.50218950104332,32.69281768798828,9568237
2011-06-24,32.85167096836908,33.2011563397836,32.724584717681445,32.88344192504883,6988880
2011-06-27,32.756355674361195,33.10584104577572,32.756355674361195,32.88344192504883,4072332
2011-06-28,32.851676573886174,33.07407573256127,32.72459030151367,32.72459030151367,6794118
2011-06-29,32.88344192504883,32.946983838408336,32.533956553634304,32.88344192504883,7788290
2011-06-30,32.915213155775206,33.455329119702405,32.788126904029475,33.20115661621094,9691528
2011-07-01,33.26470386203846,33.455334482197216,33.23293290000168,33.423561096191406,5911032
2011-07-04,33.42355816607302,33.582415386299544,33.3282452883184,33.48710250854492,3507409
2011-07-05,33.48710781455677,33.77305134106585,33.423563462016304,33.70950698852539,4749049
2011-07-06,33.677733640423725,33.741275564497286,33.39179013415462,33.423561096191406,6158700
2011-07-07,33.36001574429621,33.70950113872842,33.36001574429621,33.55064392089844,4965653
2011-07-08,33.614191716350156,33.804819912539884,33.423561096191406,33.423561096191406,4981782
2011-07-11,33.360019832040784,33.51887706933621,32.97876343211938,33.16939163208008,6410786
2011-07-12,32.78813080613525,33.20116056747127,32.53396069636372,33.01053237915039,7867949
2011-07-13,32.7881322257154,32.9152184980879,32.6928193394128,32.72459030151367,6557969
2011-07-14,32.597502753452034,32.978761555649136,32.56573179259451,32.81990432739258,5134345
2011-07-15,32.62927550259232,32.81990612612306,32.502191652197254,32.661048889160156,7798448
2011-07-18,32.56573429074815,32.629276217337576,32.02562064283072,32.120933532714844,8125651
2011-07-19,32.12093159955834,32.5657323308219,32.05738967679311,32.47041702270508,6388196
2011-07-20,32.59750634399882,32.69282166103911,32.34333620517338,32.502193450927734,5831974
2011-07-21,32.629275355789076,33.01053417716615,32.43864715708507,32.85167694091797,6363982
2011-07-22,33.01052817573646,33.01052817573646,32.66104280432194,32.88344192504883,4392514
2011-07-25,32.75636148390689,33.29647753913014,32.75636148390689,33.04230499267578,6361139
2011-07-26,33.1693870527437,33.26469992758071,32.81990166373721,32.91521453857422,4433973
2011-07-27,32.81990794243643,32.94699179986455,32.43864909824447,32.502193450927734,5799727
2011-07-28,32.216247415084474,32.66104815335369,32.152703067349435,32.40687561035156,6472092
2011-07-29,32.152700807780505,32.27978707035044,31.77144444403957,31.930301666259766,7826831
2011-08-02,31.612584429020554,31.77144163720659,31.383829661397687,31.517269134521484,12069697
2011-08-03,31.294874487419523,31.618942171910412,30.761114094634724,31.110599517822266,13956815
2011-08-04,31.542692240274473,31.752384954288804,30.51329803466797,30.51329803466797,15357000
2011-08-05,29.96683043503404,30.437048944194448,29.356819199341498,29.865161895751953,17702490
2011-08-08,29.642766180610206,30.316319422917847,29.204318584347874,29.229736328125,13478985
2011-08-09,29.29326935317102,29.91599176644361,27.64115529370922,29.674528121948242,21744807
2011-08-10,30.182873102219588,30.405272250227323,28.765866929560076,28.816699981689453,17415984
2011-08-11,29.636407076374955,29.9223506005962,28.27658945448855,29.865161895751953,18651226
2011-08-12,29.738077123499586,31.57446657087749,29.236087624854818,31.237689971923828,13264205
2011-08-15,31.739674281551988,31.834987162896645,30.983512333452282,31.19955825805664,8586822
2011-08-16,31.00893239434941,31.89853389735509,30.824657416388806,31.834989547729492,8490991
2011-08-17,31.580815256140507,32.50218760046047,31.40289352462289,32.34333038330078,7735067
2011-08-18,32.089161768368484,32.279789967347156,30.761115174461402,31.358417510986328,12057429
2011-08-19,31.136023253874086,31.231338580361477,29.97954258407632,30.570491790771484,15228331
2011-08-22,30.443405435537198,31.739681268516993,30.40527882022505,31.097896575927734,7271443
2011-08-23,31.35841874804603,31.64436226977877,31.14237280095564,31.415607452392578,8228065
2011-08-24,31.41561055780477,32.15270814003902,31.072480721776483,31.80322265625,7543377
2011-08-25,32.05738493750621,32.248013101588874,31.212263430649287,31.510915756225586,6729013
2011-08-26,31.371123693935225,31.930301797153877,30.939031853807478,31.739673614501953,7958179
2011-08-29,32.120933532714844,32.27979077315752,31.962076292272172,32.120933532714844,4523899
2011-08-30,32.057385448242705,32.057385448242705,31.358412270178775,31.44737434387207,10160282
2011-08-31,31.479146379237854,31.714254379272457,31.244035955234505,31.71425437927246,8935312
2011-09-01,31.73968072245905,32.057395239352594,31.485508139356455,31.80322265625,7676003
2011-09-02,31.48550312245758,31.695195833700204,31.18685317246371,31.549047470092773,8345189
2011-09-05,31.136016578270585,31.186852054556518,30.398919139907015,30.487878799438477,8267863
2011-09-06,30.494231562784417,31.930299696519466,30.462458181125363,31.599876403808594,13225342
2011-09-07,32.05739217491051,32.089163138768924,31.42196320186558,31.574464797973633,8400997
2011-09-08,31.771447409142084,31.930304646187793,31.27581360522957,31.65071678161621,7563234
2011-09-09,31.714258349401792,31.9938462108222,31.51727450505641,31.720611572265625,7901966
2011-09-12,31.078827412376935,31.29487333540754,30.691215395413007,31.01528549194336,6947330
2011-09-13,31.212263608680075,31.371120816983165,30.95173788402175,31.14872169494629,6978740
2011-09-14,31.03434939730227,31.301228387485594,30.869138940136743,31.186853408813477,7521624
2011-09-15,31.358423835534538,31.593534338196775,31.10425366029015,31.142377853393555,7383047
2011-09-16,31.104249176281545,31.4346725380378,30.945391930666183,31.333003997802734,36197670
2011-09-19,30.805596016578413,31.00257986889606,30.564132330506638,30.900911331176758,6660315
2011-09-20,30.786530687288046,31.364770889282227,30.69757102913031,31.364770889282227,6398872
2011-09-21,31.523627323241413,31.568107151204142,31.142368538458104,31.26310157775879,5846337
2011-09-22,30.977156621047243,31.155075924431475,30.50058498072344,30.735692977905273,9481263
2011-09-23,30.98350685197886,30.989862497325433,30.189220861450636,30.818296432495117,7187660
2011-09-26,30.72298311623032,31.396538552064133,30.640379113170127,31.14872169494629,8699840
2011-09-27,31.485501047567723,31.568107482065216,31.186851117254836,31.409250259399414,6653419
2011-09-28,31.23133427833737,31.77144792344835,31.07883026175841,31.453733444213867,6727953
2011-09-29,31.301229991715168,32.089162980962456,31.28852354540962,31.898534774780273,7485651
2011-09-30,31.89853389735509,31.9620758230116,31.45373314585225,31.834989547729492,6690026
2011-10-03,31.7333259403486,32.025625146081005,31.54905335774033,31.86676788330078,5626192
2011-10-04,31.707905696416468,31.83498954772949,31.364773480345498,31.834989547729492,6349351
2011-10-05,32.15269988428777,32.18447326699429,31.587168577262123,31.669775009155273,6256973
2011-10-06,31.834990882098708,32.216249723925564,31.746031212863198,32.184478759765625,5629179
2011-10-07,32.15270284251114,32.21624718980182,31.612589222369806,32.08916091918945,7573038
2011-10-10,32.279789482642826,32.279789482642826,31.993845976483932,32.21624755859375,3488032
2011-10-11,32.21624690767517,32.50219040805667,32.12093159955834,32.47041702270508,5835875
2011-10-12,32.50219674282878,32.75636690739719,32.406881416134716,32.565738677978516,5947849
2011-10-13,32.59750352026881,32.85167606104598,32.50219063545411,32.78813171386719,5838809
2011-10-14,32.81990154290503,33.264699805110915,32.788128160774264,33.10584259033203,5663592
2011-10-17,33.20116352316474,33.26470545027213,32.946990966796875,32.946990966796875,4571051
2011-10-18,32.88344753598704,32.946989460188775,32.533962104939434,32.72459030151367,5157409
2011-10-19,32.819914910608304,32.819914910608304,32.56574229384891,32.756370544433594,4763928
2011-10-20,32.692822797159266,32.851680048434126,32.34333732914844,32.59750747680664,6460559
2011-10-21,32.81990166373721,32.91521453857422,32.47041385076198,32.91521453857422,8181212
2011-10-24,32.85167491443723,32.97876118039018,32.62927334302736,32.69281768798828,4621534
2011-10-25,32.66104815335369,32.88344731050379,32.40687561035156,32.40687561035156,5403966
2011-10-26,32.40687524099989,32.5021905495316,32.12093173937374,32.279788970947266,5423253
2011-10-27,32.66104815335369,32.724590077119714,32.216247415084474,32.40687561035156,6477099
2011-10-28,32.43864048673505,32.692812982054335,32.37509857488951,32.629268646240234,5703014
2011-10-31,32.53395855909866,32.85167299341804,32.34333038330078,32.34333038330078,5060105
2011-11-01,32.089160777852825,32.375104279478975,31.866761623237483,32.279788970947266,7730216
2011-11-02,32.40686717902224,32.4704090862565,32.025610887679925,32.15269470214844,5580310
2011-11-03,31.86676198643331,32.40687561035156,31.83498860058128,32.40687561035156,6127795
2011-11-04,32.43864491735055,32.66104648712367,32.279787692070705,32.37510299682617,5545747
2011-11-07,32.311560444667364,32.37510479268546,32.089161286526576,32.21624755859375,4640898
2011-11-08,32.34333166107076,32.53395984439968,32.248016357421875,32.248016357421875,6182617
2011-11-09,32.37509622540511,32.43863813263937,32.08915279491418,32.15269470214844,5749179
2011-11-10,31.962074024920994,32.21624656118623,31.866761141798246,31.993844985961914,5032788
2011-11-11,32.089159506528674,32.43864491735055,31.99384420177321,32.37510299682617,5026757
2011-11-14,32.406875099939846,32.47041702270508,32.18447594629255,32.47041702270508,4129933
2011-11-15,32.502191505965776,33.10584706453363,32.43864715708507,32.85167694091797,9914589
2011-11-16,32.883443580295214,33.201158011022706,32.72458636493147,32.91521453857422,6670910
2011-11-17,32.88344826792904,33.04230550593836,32.81990634231295,32.978763580322266,7520941
2011-11-18,32.97876141842506,33.07407430060104,32.94698803373081,33.01053237915039,8608130
2011-11-21,32.946989460188775,33.042304770460404,32.59750402914117,32.72459030151367,6594617
2011-11-22,32.883445874933244,33.010532140886184,32.53396046153933,32.69281768798828,8099058
2011-11-23,32.62926627831053,32.62926627831053,32.15269470214844,32.15269470214844,6654615
2011-11-24,32.216249259740295,32.24802022344247,31.8032194597046,31.898534774780273,5244890
2011-11-25,31.83498775678838,32.18447560014531,31.72061035786592,31.993844985961914,5333481
2011-11-28,31.89853436568275,32.27979077315752,31.771448088534786,32.120933532714844,6212088
2011-11-29,32.089161286526576,32.311560444667364,31.86676212838578,32.21624755859375,5230584
2011-11-30,32.05739267802171,32.502193450927734,31.993848325338448,32.502193450927734,18849631
2011-12-01,32.533962104939434,33.042304770460404,32.47041775676867,32.72459030151367,6905615
2011-12-02,32.94698755345228,33.16938912322539,32.18447481128414,32.37510299682617,10157881
2011-12-05,32.533967710403644,32.59750964555339,32.37511044855985,32.565738677978516,5427205
2011-12-06,32.40687583256693,32.946989460188775,32.40687583256693,32.72459030151367,6050133
2011-12-07,32.85167528825011,32.88344624910763,32.56573179259451,32.81990432739258,6425734
2011-12-08,32.91521798425577,33.01053329303946,32.53396159705901,32.78813171386719,8257240
2011-12-09,32.69281882905249,32.91521798425577,32.66104786744759,32.78813171386719,4069320
2011-12-12,32.69281882905249,32.91521798425577,32.66104786744759,32.78813171386719,6407085
2011-12-13,32.85168588171079,32.88345685281329,32.69282860222861,32.756370544433594,6902726
2011-12-14,32.72458864848429,32.81990395394123,32.597502382531346,32.69281768798828,5581001
2011-12-15,32.7563599817086,32.81990432739258,32.56573179259451,32.81990432739258,7614274
2011-12-16,32.97875912620362,33.01053008472068,32.47041409405573,32.533958435058594,16114490
2011-12-19,32.47041833359873,33.16939163208008,32.43864737093346,33.16939163208008,7101807
2011-12-20,33.232930114071465,33.42355829428075,33.105843852609,33.29647445678711,6153112
2011-12-21,33.3282452883184,33.48710250854492,33.201159027343415,33.48710250854492,5312265
2011-12-22,33.55064861224789,33.677734889075964,33.45533572260368,33.614192962646484,5098555
2011-12-23,33.67773473814577,33.8048210144043,33.614192812001065,33.8048210144043,3087231
2011-12-27,33.8048210144043,33.868362940549005,33.70950570121813,33.8048210144043,1872669
2011-12-28,33.83658752759072,34.05898666381836,33.8048165686966,34.05898666381836,4003279
2011-12-29,34.05898666381836,34.12253100557539,33.900129445378965,34.05898666381836,2843598
2011-12-30,34.12253555457735,34.31316375732422,34.12253555457735,34.31316375732422,3610829
2012-01-03,34.37670933379731,34.5037956237793,34.217852077312166,34.5037956237793,6513536
2012-01-04,34.40847599601345,34.56733322143555,34.34493165146328,34.56733322143555,6972868
2012-01-05,34.50378672137736,34.59910202026367,34.21784324868717,34.59910202026367,6121256
2012-01-06,34.567336310299446,34.59910727342908,34.28139279419459,34.31316375732422,5017048
2012-01-09,34.37670933379731,34.56733998075497,34.313167400790995,34.5037956237793,4762686
2012-01-10,34.599107333978445,34.82150650024414,34.56733637079322,34.82150650024414,5700016
2012-01-11,34.72618711378487,34.72618711378487,34.18607114480957,34.21784210205078,7495251
2012-01-12,34.281387064068035,34.313158021887155,33.96367263793945,33.96367263793945,6211841
2012-01-13,33.99544921680752,34.05899114295223,33.70950570121813,33.8048210144043,4180946
2012-01-16,33.83659326963711,33.90013519820838,33.614194095668495,33.70950698852539,4431214
2012-01-17,33.80481504107674,33.86835695599357,33.70949974473284,33.836585998535156,4827426
2012-01-18,33.90013069762195,34.376702370544294,33.868359737554236,34.24961853027344,6462346
2012-01-19,34.281396778343144,34.40848306960059,33.86836693774877,34.12253952026367,6453653
2012-01-20,34.18607892602028,34.24962327893492,33.99545071521479,34.0272216796875,6271811
2012-01-23,33.99544320979589,34.09075850613979,33.64595782981602,33.836585998535156,5820731
2012-01-24,33.8365867639892,34.15430119369802,33.773044847634935,34.09075927734375,5792720
2012-01-25,34.18607292336363,34.28138822401478,33.99544474603012,34.05898666381836,3924585
2012-01-26,34.058985511396806,34.09075889318463,33.74127108526822,33.96367263793945,4505032
2012-01-27,33.93190640877136,34.12253460622016,33.70950482510689,33.741275787353516,4573359
2012-01-30,33.67773473814577,33.931907290662814,33.64596377507342,33.8048210144043,3575978
2012-01-31,33.86836053902323,33.86836053902323,33.48710416125076,33.51887512207031,5250296
2012-02-01,33.61418939276747,33.93190383911133,33.61418939276747,33.93190383911133,4523624
2012-02-02,33.8683583565584,33.93190269807166,33.36001574429621,33.55064392089844,8260028
2012-02-03,33.518872074794764,33.77304458618164,33.487101116863585,33.77304458618164,4755757
2012-02-06,33.70950482510689,33.836591098062435,33.64596290061364,33.741275787353516,4829401
2012-02-07,33.67773622254923,34.05899264416021,33.645965258076515,34.0272216796875,4063718
2012-02-08,34.02722002909368,34.217848230652166,33.931907140298975,33.99544906616211,4185877
2012-02-09,33.99544397884361,34.122530235520884,33.93190206248934,34.09075927734375,3657489
2012-02-10,34.058985895197885,34.15430119369802,33.90012868034347,34.09075927734375,3924202
2012-02-13,34.15430651770698,34.31316375732422,34.02722024121936,34.31316375732422,3368477
2012-02-14,34.249616251215514,34.53555729676656,34.21784286929321,34.472015380859375,4485454
2012-02-15,34.50378672137736,34.662643936875384,34.50378672137736,34.59910202026367,4035690
2012-02-16,34.82149903980991,35.67932940583732,34.63087087757113,35.32984161376953,15472333
2012-02-17,35.456929908488235,35.552245207089925,35.361617033855275,35.48870086669922,27723656
2012-02-20,35.45693639826707,35.55225171431458,35.170992874093706,35.393394470214844,4265297
2012-02-21,35.45693386237689,35.488704824130735,35.10744843514661,35.29807662963867,4596747
2012-02-22,35.23453470613099,35.329847591392515,34.98036216416223,35.29807662963867,4810752
2012-02-23,35.202763744377144,35.29807662963867,35.10744843514661,35.29807662963867,4086695
2012-02-24,35.170987061069034,35.23453140258789,34.98035888445001,35.23453140258789,4814745
2012-02-27,35.29807750763218,35.36162185668945,35.01213399679711,35.36162185668945,4675638
2012-02-28,35.48870149675699,35.711103056119825,35.23453140258789,35.23453140258789,6408442
2012-02-29,35.26630364038704,35.42516086399238,35.139217376708984,35.139217376708984,6323067
2012-03-01,35.13921610229399,35.425159579206905,35.10744514351895,35.23453140258789,4232260
2012-03-02,35.26630566788483,35.39339193886921,35.10744843514661,35.29807662963867,3952815
2012-03-05,35.29807915416733,35.52048075028847,35.266308190141224,35.393394470214844,4288125
2012-03-06,35.39338990406509,35.45693182391968,35.10744641678169,35.139217376708984,5628778
2012-03-07,35.20275778825607,35.39338595049485,35.04390058239565,35.32984161376953,5117858
2012-03-08,35.45693807186634,35.99705418168091,35.39339614081488,35.933509826660156,8014735
2012-03-09,35.869965734653135,36.06059394029257,35.742879456237134,35.96527862548828,5495245
2012-03-12,35.933503081224195,36.06058934343978,35.80641681900861,35.997047424316406,4772888
2012-03-13,36.06058667828448,36.09235763549805,35.93350042546155,36.09235763549805,5382489
2012-03-14,36.155906445450086,36.155906445450086,35.838191986083984,35.838191986083984,6005798
2012-03-15,35.83819564226547,36.02882385253906,35.806422253912196,36.02882385253906,4860215
2012-03-16,36.02881610561765,36.37830148663437,35.86995889388562,36.219444274902344,25559099
2012-03-19,36.21944656521705,36.282988484340414,35.933503081224195,35.997047424316406,6705282
2012-03-20,35.93350766187657,36.02882297668086,35.83819477104142,35.96527862548828,4657446
2012-03-21,35.96527149837178,36.1241287089193,35.86995862642446,35.901729583740234,4577224
2012-03-22,35.838193637003,35.96527748742851,35.71110736260842,35.869964599609375,5643519
2012-03-23,35.997049215767035,35.997049215767035,35.838191986083984,35.838191986083984,3672722
2012-03-26,35.965273912001116,36.251217394970055,35.90173199310528,36.18767547607422,4553355
2012-03-27,36.21944605621472,36.25121701532992,35.93350257624032,36.06058883666992,5680092
2012-03-28,35.77465257506222,35.933509826660156,35.71111064401076,35.933509826660156,5200455
2012-03-29,35.90173264778484,35.90173264778484,35.61578915960163,35.647560119628906,5322015
2012-03-30,35.77464321542505,36.09235763549805,35.58401504817499,36.09235763549805,5559920
2012-04-02,36.21944377303098,36.28298568725586,36.02881560638771,36.28298568725586,6349054
2012-04-03,36.28299399158078,36.28299399158078,36.02882385253906,36.02882385253906,4370230
2012-04-04,36.02881544805575,36.09235736200139,35.64755669247603,35.77464294433594,6072169
2012-04-05,35.80642003171483,35.86996438050851,35.552249908447266,35.552249908447266,5431003
2012-04-10,35.48870570686587,35.64756294355546,35.29807750763218,35.36162185668945,11524493
2012-04-11,35.48870149675699,35.48870149675699,35.20276044381285,35.23453140258789,7561751
2012-04-12,35.234532922881,35.456932067871094,35.139217618474454,35.456932067871094,5858447
2012-04-13,35.52047219997691,35.584014112733634,35.107442495152384,35.32984161376953,5776664
2012-04-16,35.298082783099225,35.64756827125478,35.266311815806795,35.58402633666992,5133633
2012-04-17,35.71110343846512,36.12413075490032,35.679332479349924,36.06058883666992,6351953
2012-04-18,36.06058934343978,36.155904646093674,35.83819020253914,35.997047424316406,5587279
2012-04-19,36.18768129694021,36.53716675502048,36.092365979295955,36.34653854370117,8776717
2012-04-20,36.41007193967426,36.50538723498022,36.09235752061259,36.28298568725586,15027730
2012-04-23,36.34877814902916,36.809306156924855,36.21719835967671,36.51325225830078,13294434
2012-04-24,36.61193772773405,36.64483204765323,36.44746361846243,36.51325225830078,4492489
2012-04-25,36.513253005110805,36.6119384765625,36.44746436392686,36.6119384765625,5537063
2012-04-26,36.67771834579902,36.8092981063737,36.414558824649674,36.57903289794922,7414476
2012-04-27,36.480362127651716,36.54615077504499,36.25009684242318,36.44746780395508,10661354
2012-04-30,36.48034995977461,36.61192972034928,36.414558824649674,36.57903289794922,7182001
2012-05-02,36.710620687491584,36.809306156924855,36.48035793838161,36.51325225830078,5630950
2012-05-03,36.513256451348354,36.67773057950758,36.41457097058241,36.44746780395508,4631206
2012-05-04,36.41456258854864,36.710616453023725,36.34877395629883,36.34877395629883,5615359
2012-05-07,36.28298876306811,36.41456604003906,36.25009193414968,36.41456604003906,2121917
2012-05-08,36.414573320903855,36.48036448221955,36.151416204669644,36.250099182128906,4748587
2012-05-09,36.25009229292163,36.282989122165645,35.88824975831892,36.11851501464844,6382674
2012-05-10,36.08561761902124,36.11851444774892,35.78956623787753,35.986934661865234,4741822
2012-05-11,35.92114445388714,36.282989501953125,35.85535581406191,36.282989501953125,4959982
2012-05-14,36.217193383763636,36.25008769916343,35.92113952581467,36.01982498168945,4166500
2012-05-15,36.08562469482422,36.18431018100652,36.05273036932218,36.08562469482422,3684611
2012-05-16,36.019832243613145,36.05272656564474,35.72377832597704,35.8553581237793,6022714
2012-05-18,35.59219852817478,35.98693792158156,35.55930420614319,35.8553581237793,10860686
2012-05-21,35.690883262820506,36.01983149565756,35.690883262820506,35.75667190551758,3994421
2012-05-22,35.8882533615478,36.15141296386719,35.85535903867686,36.15141296386719,4748044
2012-05-23,36.0527273101737,36.184307110693226,35.954044342041016,35.954044342041016,4766349
2012-05-24,36.019832987462806,36.11851846527144,35.85535886423238,35.954044342041016,4573504
2012-05-25,35.9869381012139,36.184306544064526,35.954043779018114,36.05272674560547,4365065
2012-05-29,36.11851446102062,36.31588288508084,36.08561763228085,36.21719741821289,4327650
2012-05-30,36.21720251872654,36.44746780395508,36.085622714263955,36.44746780395508,4786521
2012-05-31,36.38167152320902,36.48035699007697,36.08561763228085,36.21719741821289,6270504
2012-06-01,36.184302328224106,36.184302328224106,35.657985705385066,35.888248443603516,6618560
2012-06-04,35.82245978866417,35.855354107010704,35.625091368909324,35.65798568725586,3543313
2012-06-05,35.65798931998912,35.723777963384556,35.394829727055644,35.46062088012695,3089503
2012-06-06,35.46062068915571,35.723777770996094,35.42772385795928,35.723777770996094,4884351
2012-06-07,35.72377832597704,35.92114676784248,35.65798968191386,35.8553581237793,3622247
2012-06-08,35.85535089501507,36.08561361248905,35.789562264215476,36.01982498168945,4103389
2012-06-11,36.217200866260306,36.28299202032779,35.954043779018114,36.05272674560547,4114347
2012-06-12,36.085618570324264,36.579040898139134,36.052724250405085,36.51325225830078,6698363
2012-06-13,36.51324958969827,36.77640914916992,36.4803552721832,36.77640914916992,9955634
2012-06-14,36.809303283691406,36.84219760104294,36.743512139312784,36.809303283691406,5320012
2012-06-15,36.74351939732889,36.80931055470336,36.64483642578125,36.64483642578125,21152310
2012-06-18,36.71061800446423,36.80930346668499,36.611935051919026,36.77640914916992,3695256
2012-06-19,36.48035509082495,36.809303283691406,36.250089850013104,36.809303283691406,6538369
2012-06-20,36.74351922690086,36.80931038397017,36.28299367579585,36.44746780395508,6337216
2012-06-21,36.348784669264354,36.54615313385906,36.250099182128906,36.250099182128906,5316587
2012-06-22,36.282989509190806,36.579040898139134,36.25009267959589,36.51325225830078,3692422
2012-06-25,36.48035812980869,36.71062088012695,36.34877833976579,36.71062088012695,4893955
2012-06-26,36.61193791985159,36.71062088012695,36.48035812980869,36.71062088012695,3137991
2012-06-27,36.710621065863684,36.7435153861219,36.64483242534725,36.67772674560547,3368047
2012-06-28,36.677723504609716,36.84219760104294,36.57903804287956,36.809303283691406,3428727
2012-06-29,36.84220179067491,37.204044342041016,36.84220179067491,37.204044342041016,5947066
2012-07-02,37.20404148101679,37.50009536743164,37.17114716245417,37.50009536743164,3665277
2012-07-03,37.53299495226107,38.157997131347656,37.500100629083036,38.157997131347656,7959442
2012-07-04,38.092201050673474,38.256675144139805,38.092201050673474,38.12509536743164,4236145
2012-07-05,38.12509862698184,38.42115252246782,38.05930747816512,38.22378158569336,4681957
2012-07-06,38.25668370663563,38.45405216103454,38.223786872839085,38.42115783691406,4165549
2012-07-09,38.486946485155016,38.55273513339597,38.35536667899705,38.42115783691406,2874146
2012-07-10,38.519837355973955,38.914576739059484,38.42115439245945,38.81589126586914,4994694
2012-07-11,38.78300039934421,38.84878904754742,38.552735111280846,38.65142059326172,4192652
2012-07-12,38.552735111280846,38.68431491736333,38.42115781487441,38.65142059326172,3139199
2012-07-13,38.6843114715073,38.848785587040645,38.6185228291643,38.81589126586914,2727207
2012-07-16,38.848785587040645,38.88167990821214,38.6185228291643,38.81589126586914,2810782
2012-07-17,38.815886694478195,39.01325510793874,38.717201232910156,38.717201232910156,4377876
2012-07-18,38.782989903585,38.94746398925781,38.618515817912176,38.94746398925781,5149718
2012-07-19,39.04614715525311,39.144832611083984,38.84877875326676,39.144832611083984,3460512
2012-07-20,39.14483930886341,39.17773362987687,38.65141696463404,38.848785400390625,5564859
2012-07-23,38.71720871094427,38.84878851522379,38.28957748413086,38.28957748413086,5379823
2012-07-24,38.552737689231954,38.585634525209365,38.190895080566406,38.190895080566406,4575713
2012-07-25,38.28957291140038,38.35536155084532,37.927730375101746,37.96062469482422,4591071
2012-07-26,38.059316857380644,38.91458443503746,38.026422529703765,38.585636138916016,6031569
2012-07-27,38.58562622090512,39.24352264404297,38.519835072785924,39.24352264404297,4160683
2012-07-30,39.243529511610554,39.440897971156005,39.14484402699977,39.37510681152344,3136784
2012-07-31,39.44089089675599,39.50667953491211,39.34220542984613,39.50667953491211,5241836
2012-08-02,39.506680661001646,40.065894139971064,39.4408920209703,39.769840240478516,8047915
2012-08-03,39.96721267700195,40.131686803244754,39.83563287407251,39.96721267700195,3637469
2012-08-06,39.86852244826251,39.93431359672822,39.53957423496108,39.6711540222168,3971786
2012-08-07,39.572470669519404,39.60536498858647,39.17773131168757,39.27641677856445,4412724
2012-08-08,39.34220560170824,39.539574026714455,39.01325739013931,39.24352264404297,5741016
2012-08-09,39.73694630048598,40.65799981811201,39.73694630048598,40.16457748413086,8994320
2012-08-10,40.0001070169466,40.03300134027364,39.63826444099718,39.7369499206543,5575860
2012-08-13,39.769840240478516,39.901420030216954,39.671154770755756,39.769840240478516,2665616
2012-08-14,39.83563287407251,40.00010700031531,39.73694990413242,39.96721267700195,3735571
2012-08-15,39.90141947327521,40.131682219846674,39.802734004929896,39.86852264404297,3245046
2012-08-16,39.86852282046633,39.934313969546245,39.44089164498762,39.60536575317383,5989286
2012-08-17,39.86852282046633,39.86852282046633,39.57247143347173,39.60536575317383,5199966
2012-08-20,39.671149627415524,39.73694076859284,39.506675538985384,39.53956985473633,2344426
2012-08-21,39.572474691995986,39.73694881372552,39.47378921508789,39.47378921508789,3329129
2012-08-22,39.47378520264253,39.47378520264253,39.27641677856445,39.27641677856445,3590936
2012-08-23,39.40800364617778,39.50668662111244,39.309318161567,39.37510681152344,3981407
2012-08-24,39.407997141180644,39.70404852679216,39.407997141180644,39.63825988769531,2776501
2012-08-27,39.63825988769531,39.70404852679216,39.47378578027749,39.63825988769531,2180826
2012-08-28,39.572470669519404,39.63825930765354,39.27641677856445,39.27641677856445,3642967
2012-08-29,39.34221340834066,39.50668754676155,39.276424756842786,39.44089889526367,3874981
2012-08-30,39.37509992092999,39.47378538827094,39.21062581514553,39.24352264404297,3132874
2012-08-31,39.27642312695349,39.37510610010517,39.04615783691406,39.04615783691406,5081973
2012-09-03,39.07905629267296,39.47379322101261,39.07905629267296,39.44089889526367,2434999
2012-09-04,39.47378848378074,39.47378848378074,38.91457748413086,38.91457748413086,3919415
2012-09-05,38.881677238194655,39.30931091308594,38.881677238194655,39.30931091308594,3190741
2012-09-06,39.408005107381136,39.572479248046875,39.2435309667154,39.572479248046875,3607643
2012-09-07,39.53957674745028,39.53957674745028,38.815891636071825,38.98036575317383,5611251
2012-09-10,38.815886694478195,38.91457215604624,38.58562396372015,38.717201232910156,4352807
2012-09-11,38.684315462672934,38.84878959517552,38.58563248897704,38.78300094604492,3886141
2012-09-12,38.815894745711894,38.88168339395285,38.42115783691406,38.42115783691406,4199859
2012-09-13,38.421161990855296,38.618530466592894,38.38826515350208,38.585636138916016,4052862
2012-09-14,38.684309971412894,38.750101120880494,38.289573113310254,38.38825607299805,5880740
2012-09-17,38.32246799384254,38.6843105373428,38.32246799384254,38.51983642578125,3592616
2012-09-18,38.48694303480245,38.980365381402486,38.48694303480245,38.81589126586914,4701509
2012-09-19,38.88168101941419,39.07905197143555,38.81589237519101,39.07905197143555,4125966
2012-09-20,39.01326351253017,39.14484331974183,38.81589505655072,39.04615783691406,4241758
2012-09-21,39.24352609166941,39.24352609166941,38.8487866973026,39.07905197143555,15598095
2012-09-24,39.14484331974183,39.21063196850962,38.84878938093462,39.04615783691406,2655250
2012-09-25,39.14484801206108,39.37511082002618,39.11195368373412,39.34221649169922,3700768
2012-09-26,39.24353350671834,39.44090198635648,39.14484801206108,39.34221649169922,5703344
2012-09-27,39.44089106904919,39.47378538827094,39.24352264404297,39.24352264404297,4130241
2012-09-28,39.30930995535003,39.44088973747042,39.01325607299805,39.01325607299805,6817614
2012-10-01,39.111946649218105,39.47378921508789,39.111946649218105,39.47378921508789,4220783
2012-10-02,39.408007658029526,39.53958497133736,39.309322163372265,39.34221649169922,7335084
2012-10-03,39.34220541669858,39.44089088357546,39.144836992620505,39.27641677856445,3914709
2012-10-04,39.44089889526367,39.53958187251049,39.3751077340896,39.44089889526367,3837470
2012-10-05,39.63826444099718,39.76984424398133,39.50668463801303,39.7369499206543,3994267
2012-10-08,39.736942682213694,40.03299404790463,39.63825722053302,39.90141677856445,3756648
2012-10-09,40.09879284069733,40.32905561563852,40.03300168380269,40.13168716430664,5966766
2012-10-10,40.131683723294,40.42773762974527,40.098789402505155,40.29615783691406,3516836
2012-10-11,40.1645746075495,40.29615438912257,40.09878597160076,40.23036575317383,3777477
2012-10-12,40.230369009524786,40.39484312238519,40.06589489666438,40.32905197143555,2703208
2012-10-15,40.36194722101975,40.62510681152344,40.32905289962575,40.62510681152344,2928532
2012-10-16,40.72380027253155,40.85537758391377,40.59222045147298,40.789588928222656,3798934
2012-10-17,40.658005655997286,40.98695392588347,40.5922170058905,40.95405960083008,4568500
2012-10-18,40.00010411551273,40.26326370239258,39.73694703830869,40.26326370239258,11395379
2012-10-19,40.296158023333604,40.394843495832504,40.19747255083471,40.26326370239258,4408519
2012-10-22,40.2632629547974,40.296157275127655,40.098788843470345,40.16457748413086,2109622
2012-10-23,40.23037526161916,40.2632695873681,39.40800456951473,39.44089889526367,5801332
2012-10-24,39.506688085974844,39.67116222664058,39.34221394530911,39.572479248046875,3608331
2012-10-25,39.6382673594335,39.67116168518243,39.44089889526367,39.44089889526367,3394433
2012-10-26,39.37509973576565,39.44089088357546,39.17773131168757,39.27641677856445,4090670
2012-10-29,39.27641696326472,39.37509992092999,39.21062581514553,39.24352264404297,2190870
2012-10-30,39.21062581514553,39.309311282486476,39.17773149592377,39.24352264404297,2490671
2012-10-31,39.2106316097911,39.27642276763308,38.881683349609375,38.881683349609375,4664989
2012-11-01,38.81589107937716,38.914576552093365,38.71720560666096,38.848785400390625,4224414
2012-11-02,38.91458018336839,38.94747450745135,38.750106053277534,38.881683349609375,4639684
2012-11-05,38.88168405804351,39.21063232421875,38.8158954086789,39.21063232421875,3579356
2012-11-06,39.07905502548954,39.30931780794177,39.046158191131134,39.21063232421875,2993622
2012-11-07,39.30930669768517,39.53956941505669,39.144832611083984,39.144832611083984,4074540
2012-11-08,39.17774234038804,39.44090198635648,39.11195368373412,39.34221649169922,3686215
2012-11-09,39.3751077340896,39.572478707935616,39.30931908259172,39.44089889526367,4046767
2012-11-12,39.40800364617778,39.47379229613422,39.342212486545215,39.37510681152344,2542132
2012-11-13,39.30931111076807,39.53957385399017,39.30931111076807,39.50667953491211,3585406
2012-11-14,39.440897971156005,39.50668662111244,39.37510681152344,39.37510681152344,2171441
2012-11-15,39.30930898296732,39.30930898296732,38.717201232910156,38.717201232910156,4862999
2012-11-16,38.65142061543346,38.815894745711894,38.35536667899705,38.42115783691406,6079661
2012-11-19,38.585624918201276,39.01325607299805,38.38825399018289,39.01325607299805,7564663
2012-11-20,38.94747180593217,38.980366127733475,38.750103365448446,38.91457748413086,5002672
2012-11-21,38.7829973145866,38.98036575317383,38.68431184045506,38.98036575317383,3600698
2012-11-22,39.07904797251422,39.21062524749641,38.94746818785638,39.111942291259766,2851023
2012-11-23,39.07905935540716,39.408007658029526,39.04616251740382,39.34221649169922,2692151
2012-11-26,39.34220560170824,39.37509992092999,39.21062581514553,39.24352264404297,2348012
2012-11-27,39.27642114547142,39.572475069342815,39.27642114547142,39.40800094604492,5150308
2012-11-28,39.40799715090005,39.967208112388285,39.3751003216678,39.86852264404297,4789747
2012-11-29,39.96721303658407,40.13168716430664,39.90142438936545,40.13168716430664,5098641
2012-11-30,40.131679509585304,40.131679509585304,39.90141677856445,39.90141677856445,7665517
2012-12-03,40.00010700031531,40.0987924799314,39.90142403037523,39.96721267700195,2600480
2012-12-04,39.96721267700195,40.19747544987148,39.93431835368859,39.96721267700195,4778433
2012-12-05,39.96720829803452,40.03299693745318,39.70404872100845,39.835628509521484,2871769
2012-12-06,39.802739096553275,40.098793029785156,39.802739096553275,40.098793029785156,3178989
2012-12-07,40.00010754881585,40.19747600107843,39.901424577522576,40.098793029785156,3613602
2012-12-10,40.06589851708802,40.19747581152526,40.00010736019338,40.13168716430664,1785539
2012-12-11,40.13168390895265,40.394843495832504,40.13168390895265,40.26326370239258,2810559
2012-12-12,40.230372644810586,40.36194993924783,39.96721303658407,40.13168716430664,3320413
2012-12-13,40.263262576346214,40.36194553640942,40.00010299682617,40.00010299682617,3971902
2012-12-14,40.13168202277393,40.164576342168935,39.63825970282179,39.6711540222168,5242892
2012-12-17,39.70405655283849,39.76984771491051,39.53958241217275,39.572479248046875,4479590
2012-12-18,39.6382673594335,39.704056010931374,39.44089889526367,39.44089889526367,4924961
2012-12-19,39.53958241217275,39.70405655283849,39.473793759776946,39.572479248046875,5257163
2012-12-20,39.605369014406705,39.638263336817424,39.44089489267717,39.47378921508789,4210542
2012-12-21,39.50667953491211,39.638259320900026,39.44089089675599,39.50667953491211,10626736
2012-12-27,39.50668662111244,39.53958094609066,39.37510681152344,39.37510681152344,2320871
2012-12-28,39.37510645730637,39.50668626571169,39.21063232421875,39.21063232421875,3304568
2013-01-03,39.539571758852354,39.90141677856445,39.50667744151731,39.90141677856445,5169566
2013-01-04,39.90142438936545,40.16458148791595,39.83563323247081,40.13168716430664,2720621
2013-01-07,40.06589815661803,40.16458112655812,39.868527197385866,39.96721267700195,3913304
2013-01-08,39.86852721396245,40.03300134027364,39.70405308765126,39.7369499206543,3701310
2013-01-09,39.70404585520311,39.967205413234545,39.63825722053302,39.90141677856445,3520874
2013-01-10,40.000106623041816,40.09879210172711,39.90142365403249,40.03300094604492,2660586
2013-01-11,40.29615783691406,40.42773762974527,40.19747236487171,40.29615783691406,4798103
2013-01-14,40.39483985272127,40.39483985272127,40.03299482597643,40.23036575317383,3330340
2013-01-15,40.19747420059801,40.888267517089844,40.16457987830695,40.888267517089844,5181049
2013-01-16,40.88826788179628,41.15142497214792,40.75668808178249,41.05274200439453,4137525
2013-01-17,41.18432450171225,41.80932674854053,41.15143017496892,41.71064376831055,6639784
2013-01-18,42.072486381839674,42.072486381839674,41.6119582784043,41.71064376831055,11130069
2013-01-21,41.84221267128564,41.90800382123442,41.57905560051778,41.6119499206543,3144297
2013-01-22,41.710642881974096,41.74353720801843,41.414588928222656,41.414588928222656,3751621
2013-01-23,41.579059396903745,41.908007647655076,41.54616507376381,41.84221649169922,4501047
2013-01-24,41.67774635704028,42.03959147525483,41.67774635704028,41.809326171875,3829493
2013-01-25,41.875114043291525,42.171165466308594,41.80932288620638,42.171165466308594,3102501
2013-01-28,42.33563995361328,42.36853678727291,42.07248285206858,42.33563995361328,3282755
2013-01-29,42.33563195772,42.40142059326172,41.94089512511852,42.40142059326172,3921338
2013-01-30,42.43432198861895,42.43432198861895,41.9737939612259,42.03958511352539,3902635
2013-01-31,41.9737939612259,42.236951041396324,41.94089963991408,42.03958511352539,5292609
2013-02-01,41.94089889526367,42.138269838982026,41.71063614049333,41.94089889526367,3360813
2013-02-04,41.87511737175241,42.072485839343706,41.579063415527344,41.579063415527344,3509131
2013-02-05,41.6119582784043,41.87511791170345,41.480378461754725,41.71064376831055,3500667
2013-02-06,41.809320212590016,42.20405960083008,41.74353156938794,42.20405960083008,4655999
2013-02-07,42.105376476377955,42.20406195636487,41.77642822265625,41.77642822265625,3159378
2013-02-08,41.9737937748737,42.13827040005427,41.87511081137635,42.072479248046875,2891184
2013-02-11,42.20405810989109,42.50010950351773,42.20405810989109,42.2369499206543,3118977
2013-02-12,42.40142898168415,42.5001144641956,42.204063036013395,42.26985168457031,3304624
2013-02-13,42.335640688535086,42.565903470093424,42.30274887365657,42.434326171875,3701770
2013-02-14,41.7764236510746,41.7764236510746,41.250107004649756,41.44747543334961,11782391
2013-02-15,41.579063415527344,41.80932620943782,41.48037792689358,41.579063415527344,12848887
2013-02-18,41.54617198477253,41.64485497060779,41.348800993749215,41.513275146484375,2731416
2013-02-19,41.54616578689387,42.171165466308594,41.48037462980873,42.171165466308594,3999190
2013-02-20,42.20405996901883,42.46721956347468,42.105374493678916,42.368534088134766,4835164
2013-02-21,42.30274357725946,42.434320859004124,42.00668716430664,42.00668716430664,4854660
2013-02-22,42.105374493678916,42.43432273191078,42.006689018339,42.368534088134766,3370529
2013-02-25,42.36853103353087,42.73037105788762,42.36853103353087,42.697479248046875,5935780
2013-02-26,42.50011482098421,42.69748578766404,42.26985203942587,42.434326171875,6455832
2013-02-27,42.565900019462816,42.59879685102671,42.17116313745493,42.368534088134766,3305643
2013-02-28,42.43432381316906,43.092220306396484,42.302746522264336,43.092220306396484,8118160
2013-03-01,42.96064153240599,43.223796105130816,42.89484786987305,42.89484786987305,4875718
2013-03-04,42.79616399080969,43.09221537111498,42.79616399080969,43.05931854248047,3165060
2013-03-05,43.25669172949557,43.9145881816552,43.22379489914695,43.81590270996094,7542672
2013-03-06,43.75012211067685,43.815910764115635,43.35538517069162,43.519859313964844,4349826
2013-03-07,44.04617150971589,44.11196517944336,43.75012007335142,44.11196517944336,6358660
2013-03-08,44.111969330354285,44.34223213801117,44.01328383582912,44.27644348144531,4668919
2013-03-11,44.21064975455878,44.57249489428299,44.21064975455878,44.50670623779297,3463411
2013-03-12,44.40801652766642,44.83565028328477,44.30933104262337,44.80275344848633,4284755
2013-03-13,44.60537953413859,44.934327745985186,44.440905428215295,44.868534088134766,7549635
2013-03-14,45.03302146305076,45.32907795255665,44.96723280516707,45.23039245605469,7376385
2013-03-15,45.36196977182207,45.39486661044034,45.00012964378534,45.23039245605469,15215250
2013-03-18,45.00013201323121,45.197497997274425,44.80276100983487,45.033023834228516,6544690
2013-03-19,45.065914188960676,45.19749149272033,44.83565139770508,44.83565139770508,5482928
2013-03-20,45.0001220703125,45.29617349064039,44.86853975733742,45.0001220703125,6912316
2013-03-21,45.263281694268564,45.361962154847696,44.73696248087046,44.769859313964844,5763152
2013-03-22,44.70407143122687,44.802756923925145,44.44091680983502,44.638282775878906,5482826
2013-03-25,44.73696517944336,44.90143931613249,44.63827969355942,44.73696517944336,4384385
2013-03-26,44.63827822555843,44.736963708196946,44.4738040942783,44.53959274291992,4102615
2013-03-27,44.67117961322922,44.73696826857718,44.37512313513439,44.638282775878906,5832766
2013-03-28,44.73696282089994,45.26328203829841,44.73696282089994,45.16459655761719,6732702
2013-04-02,45.19749660469699,45.82250141662633,45.19749660469699,45.72381591796875,6813421
2013-04-03,45.85538213501385,46.05275308454546,45.5922275614407,45.658016204833984,8660068
2013-04-04,45.88828407302186,45.88828407302186,45.131702041424155,45.19749069213867,7437786
2013-04-05,45.09881423690044,45.131706055506996,43.98038699786981,44.27644348144531,9358085
2013-04-08,44.37512007098635,44.8356506653273,44.34222825525991,44.73696517944336,7725058
2013-04-09,44.7040680521723,44.73696488703604,43.9803828593407,44.11196517944336,14879336
2013-04-10,44.013278534434775,44.605386410913695,44.013278534434775,44.53959274291992,8679569
2013-04-11,44.506704783643706,44.671178929171326,44.17775649258847,44.30933380126953,6820963
2013-04-12,44.17775760083466,44.50670590014191,44.144860763162846,44.34223175048828,14527392
2013-04-15,44.64756174701735,44.681485358012885,44.3761469750221,44.477928161621094,14369060
2013-04-16,44.57970597469954,44.88504954684792,44.34221998089952,44.715415954589844,7103267
2013-04-17,44.81719585377481,44.885048253361404,43.6297607421875,43.6297607421875,10950501
2013-04-18,43.12085719352449,44.172584912702526,42.578030234116774,44.104732513427734,15079416
2013-04-19,44.2743636027892,44.308292388916016,43.90116766261803,44.308292388916016,9987887
2013-04-22,44.342221072293135,44.4440022655144,44.20651626586914,44.20651626586914,11188783
2013-04-23,44.20652406147264,45.0207633972168,44.172595265480204,45.0207633972168,14219892
2013-04-24,44.95290845047287,45.393956889499314,44.91897965639116,45.22432327270508,7077118
2013-04-25,45.15647340437911,45.36003064991143,44.7493485596996,45.0207633972168,8172987
2013-04-26,44.88504954684792,45.02075434993182,44.57970597469954,44.715415954589844,5161975
2013-04-29,44.681490240647086,45.258243458658654,44.6475666259445,45.15646743774414,3162136
2013-04-30,45.19038849003178,45.2921696819818,44.78326889903818,45.054683685302734,6212640
2013-05-02,44.78326710410837,45.19038667878447,44.7154147044634,44.817195892333984,4547054
2013-05-03,44.88505376514238,44.918977380698294,44.4440053484604,44.64756774902344,4647965
2013-05-06,44.68149185180664,44.8172018459308,44.54578703448943,44.68149185180664,2072542
2013-05-07,44.71541899749578,44.8850526012975,44.61363779985339,44.85112380981445,3144387
2013-05-08,44.78326436139045,45.292165092769885,44.5797019981163,45.19038391113281,5069146
2013-05-10,45.360026437871014,45.42787884674781,45.25824523615233,45.39395523071289,4331726
2013-05-13,45.42787884674781,45.59751245734329,45.29217402899421,45.39395523071289,4785913
2013-05-14,45.56358337402344,45.83499815376989,45.46180218451773,45.56358337402344,5152088
2013-05-15,45.59751017392276,46.14033977136741,45.56358655958666,46.10641098022461,5653219
2013-05-16,45.970706769641,46.20819278032207,45.258243560791016,45.258243560791016,5143171
2013-05-17,45.326099501343,45.52965671306124,44.9529035146497,45.42787551879883,9433316
2013-05-21,45.46180430915516,45.4957330995115,44.91897472429336,45.42787551879883,7371949
2013-05-22,45.665367615016834,45.69929122924805,45.190390424519656,45.69929122924805,5828246
2013-05-23,45.05468055205561,45.15646173692744,44.477927406856736,44.61363220214844,7797067
2013-05-24,44.783266658383106,44.85111905735275,44.47792827461661,44.57970428466797,6948841
2013-05-27,44.64757156271732,44.68149518117091,44.308304317337424,44.342227935791016,3826127
2013-05-28,44.47793666782562,44.647570285663534,44.410079079244696,44.444007873535156,8139837
2013-05-29,44.51186186448104,44.54579065997521,43.86725616455078,43.86725616455078,6955088
2013-05-30,43.73154284165001,44.070810063623426,43.663690432616725,43.90117645263672,4977194
2013-05-31,43.901174461260005,43.93510325264111,42.95122783586655,43.053009033203125,11936769
2013-06-03,42.74766429778069,43.15478387477924,42.069129943847656,42.069129943847656,11054770
2013-06-04,42.37447140664944,43.52798033924196,42.306616417436246,43.39227294921875,9975755
2013-06-05,43.154781141791894,43.561900693007615,42.64588040857075,42.74766159057617,9976583
2013-06-06,42.71374455855904,43.019085581694796,42.17091751098633,42.17091751098633,8942677
2013-06-07,42.23876301761672,42.91729736328125,41.6280810711574,42.91729736328125,11463729
2013-06-10,42.849446979404235,43.12085917739345,42.61195839421004,42.679813385009766,4821873
2013-06-11,42.645883109329475,42.645883109329475,41.6620103668491,42.069129943847656,10425525
2013-06-12,41.967345426295566,42.645879726403194,41.967345426295566,42.204833984375,5743604
2013-06-13,41.6620116084565,41.967350006103516,41.526304215944926,41.967350006103516,7260093
2013-06-14,42.306617193180834,42.34054598261115,41.69593780948359,41.967350006103516,5457078
2013-06-17,42.27269066436563,42.476250457352954,42.00127846985028,42.340545654296875,5698197
2013-06-18,42.374470538889355,42.40839673859961,42.06912956469082,42.13698196411133,5917854
2013-06-19,42.30662029032223,42.40840148925781,42.0012818703223,42.40840148925781,6438927
2013-06-20,42.035199233798096,42.23875900045707,41.52629852294922,41.52629852294922,12103379
2013-06-21,41.3905982230801,42.13698502452842,41.18703842163086,41.18703842163086,18031209
2013-06-24,40.983476602868265,41.187036394297756,40.16923484874709,40.23708724975586,9434993
2013-06-25,40.81384364539119,40.847769846422125,40.23708787425241,40.77991485595703,10548701
2013-06-26,40.91561992969707,41.458446880638384,40.74598634575272,41.390594482421875,8661780
2013-06-27,41.628085284992224,42.069133689680875,41.22096567174376,41.86557388305664,6700251
2013-06-28,42.069128224997066,42.23876180654947,41.76378726052212,42.03520202636719,7092661
2013-07-01,42.34054698654648,42.54410678593883,42.10305839691934,42.442325592041016,5685917
2013-07-02,42.54410889170412,42.54410889170412,42.06913427734375,42.40840148925781,5968293
2013-07-03,42.34054810122641,42.40840050667575,41.8316472951463,41.93342590332031,6020701
2013-07-04,42.06913140982839,42.74766578740626,42.03520520863014,42.679813385009766,6123881
2013-07-05,42.7815949046826,43.053009709575214,42.272694086811505,42.40840148925781,4609796
2013-07-08,42.74766321676186,42.81551561507803,42.47624844669103,42.57802963256836,3438284
2013-07-09,42.88337326049805,42.951225663020956,42.645884674861385,42.88337326049805,4983970
2013-07-10,42.9512308076144,43.08693821731816,42.849452191639244,42.98515701293945,3312232
2013-07-11,43.35834674881374,43.595832740051975,43.154784369577335,43.39227294921875,5495477
2013-07-12,43.5958361158184,43.7654697193819,43.256568908691406,43.256568908691406,5317945
2013-07-15,43.39227294921875,43.56190395124379,43.29049175960055,43.39227294921875,3019068
2013-07-16,43.46012536556617,43.527977762359285,43.25656299838079,43.290489196777344,2734424
2013-07-17,43.39227630922288,43.52798370975435,43.08693530512791,43.256568908691406,5011000
2013-07-18,43.25656453611351,43.25656453611351,42.91729736328125,42.91729736328125,6399392
2013-07-19,42.815513610839844,42.91729479195269,42.51017524430721,42.815513610839844,7115447
2013-07-22,42.849451688594186,42.88337789352095,42.54411066744627,42.64588928222656,5624179
2013-07-23,42.679815905539165,42.747668311942796,42.30661990510902,42.476253509521484,3307309
2013-07-24,42.54410343341028,42.74766321676186,42.44232224753294,42.57802963256836,4403451
2013-07-25,42.679814181668156,42.71374038349967,42.238765792648664,42.442325592041016,4394545
2013-07-26,42.544105777176895,42.544105777176895,41.967350006103516,41.967350006103516,4098967
2013-07-29,41.831645661725375,42.306617658130996,41.79771687192219,42.103057861328125,3331489
2013-07-30,42.069129943847656,42.238763532330914,41.96734875539644,42.069129943847656,3229462
2013-07-31,42.17091214385085,42.71373912233741,42.06913095295821,42.544105529785156,5690476
2013-08-02,43.12085664420354,43.765464782714844,42.883370661364,43.765464782714844,7701947
2013-08-05,43.76547495487564,43.96903737422592,43.629770126513705,43.86725616455078,4127698
2013-08-06,43.867249453596145,44.57970745871322,43.83332066329251,44.13866424560547,8582580
2013-08-07,44.03688644751027,44.27437246753026,43.697619225536855,43.90117645263672,4306108
2013-08-08,43.222636226441416,43.358343606629894,42.64588050774112,42.95122146606445,10387701
2013-08-09,43.01907789329439,43.08693029146302,42.10305498759939,42.37446975708008,7238060
2013-08-12,42.306616865129655,42.476250457352954,42.2048382628376,42.340545654296875,4071058
2013-08-13,42.44232643359021,42.578033832010355,42.340547826077604,42.51018142700195,4149102
2013-08-14,42.510179328955346,42.78159152399702,42.442324338892526,42.544105529785156,4617108
2013-08-15,42.611955739073366,42.611955739073366,42.238762372339735,42.37446975708008,3671977
2013-08-16,42.54410412584376,42.54410412584376,42.10305576440107,42.13698196411133,6636592
2013-08-19,42.13698359964217,42.170912389072484,41.93342380507642,41.967350006103516,3908749
2013-08-20,41.96735210604498,42.136985708071684,41.8316472951463,41.93342590332031,4075321
2013-08-21,42.00128678386995,42.10306540630876,41.695945739746094,41.695945739746094,3734906
2013-08-22,41.69593656686512,42.204837332314895,41.628081578429935,42.069129943847656,4775295
2013-08-23,42.03520545852825,42.20483905393119,41.899498064525254,42.103057861328125,4776103
2013-08-26,42.10305839691934,42.51018058410732,42.10305839691934,42.442325592041016,2520261
2013-08-27,42.374474303951075,42.51018170325311,41.93342590332031,41.93342590332031,5825617
2013-08-28,41.69593718083337,42.069130563311134,41.424522399902344,41.424522399902344,5598365
2013-08-29,41.424523576791394,41.594157172591856,41.05133018371104,41.11918258666992,5980511
2013-08-30,41.28881500943683,41.458448600417924,41.18703640789009,41.424522399902344,5528994
2013-09-02,41.72987023443986,41.76379644052697,41.526310409513556,41.662017822265625,3034511
2013-09-03,41.763789966380344,41.763789966380344,41.35667037963867,41.35667037963867,3339702
2013-09-04,41.5602284464912,41.62808084532831,41.119180088840665,41.3227424621582,3746026
2013-09-05,41.49238292552585,41.56023533561034,41.22096810838086,41.45845413208008,3932610
2013-09-06,41.52630576801722,41.695939367896045,41.32274596584329,41.59415817260742,4622162
2013-09-09,41.69593583256852,41.72986203198708,41.15310887666232,41.3227424621582,3810466
2013-09-10,41.59415824556473,41.831646838853636,41.4923796385009,41.7977180480957,5676761
2013-09-11,41.831646838853636,41.96735164827207,41.72986564338649,41.7977180480957,3629995
2013-09-12,42.03520537958799,42.03520537958799,41.763790592091695,41.899497985839844,3596767
2013-09-13,41.83164611850149,42.238765716552734,41.76379112655743,42.238765716552734,5779878
2013-09-16,42.61196084231341,42.64588704546075,42.2726936340332,42.2726936340332,5134846
2013-09-17,42.17091751098633,42.40840353542329,42.10306251228753,42.17091751098633,4709668
2013-09-18,42.30661486249753,42.57802963256836,42.272688663339444,42.57802963256836,4782714
2013-09-19,42.91730334064153,43.39227796644,42.81552213925491,43.086936950683594,8790606
2013-09-20,43.35834418197348,43.35834418197348,43.019077021201866,43.290489196777344,10523489
2013-09-23,43.39227623978722,43.42620244276496,43.019082830225386,43.053009033203125,5351585
2013-09-24,43.05301201199311,43.15479062796827,42.849452191639244,42.98515701293945,3908630
2013-09-25,42.98515779618504,43.01908659053187,42.78159797212205,42.84945297241211,3336136
2013-09-26,42.81551872916237,43.12085972059953,42.781592527536745,43.019081115722656,3158512
2013-09-27,43.086930949697376,43.222638336510904,42.78158997646772,42.91729736328125,4105427
2013-09-30,42.78158997646772,43.01907855049217,42.74766377686512,42.91729736328125,4378756
2013-10-01,42.408394063194365,42.815513610839844,42.27268668451155,42.815513610839844,5035562
2013-10-02,42.74766650831843,42.74766650831843,41.933424723812664,42.238765716552734,6037297
2013-10-03,42.340546910267186,42.37447311203758,42.0691321192975,42.238765716552734,3556774
2013-10-04,42.272696126429224,42.34055112512802,42.03521010199227,42.17091751098633,3708326
2013-10-07,42.136985708071684,42.204840701924375,41.62808490199158,41.93342590332031,4440213
2013-10-08,41.899499170069966,41.93342537236507,41.560231970312316,41.59415817260742,4067372
2013-10-09,41.42452278129455,41.52630397218157,41.119181797036696,41.35667037963867,5367302
2013-10-10,41.45845711058144,41.7977243621849,41.322752280663025,41.695945739746094,4365536
2013-10-11,41.89950053966564,42.00128173828125,41.52630712541408,42.00128173828125,4831171
2013-10-14,41.83164596557617,42.17091315884637,41.83164596557617,41.83164596557617,3905228
2013-10-15,42.0691363071399,42.51018473926972,42.00128389684464,42.17091751098633,5389911
2013-10-16,42.069129943847656,42.238763532330914,41.83164395533235,42.069129943847656,5335369
2013-10-17,42.713736895958164,43.527978615448674,42.6119557103707,43.35834503173828,8765966
2013-10-18,43.697617485465464,44.00295590235994,43.59583628756505,43.969032287597656,7526684
2013-10-21,44.03688049316406,44.07080410469031,43.66368452873136,44.03688049316406,3964658
2013-10-22,44.104737235609115,44.51185685165338,43.79939881777761,44.37615203857422,5636013
2013-10-23,44.34222920994695,44.44401042184703,44.07081437048257,44.240447998046875,3448771
2013-10-24,44.444007873535156,44.545789079599345,44.17259304963304,44.444007873535156,4514038
2013-10-25,44.41007058601763,44.64756174701735,44.274365788423104,44.477928161621094,5349867
2013-10-28,44.51185520616311,44.6475651910322,44.274369203650444,44.54578399658203,3499513
2013-10-29,44.647563553047895,44.81719714530597,44.61363476387372,44.715415954589844,4077521
2013-10-30,44.783275109211,44.851127520984726,44.27437425569723,44.444007873535156,3595677
2013-10-31,44.410079079244696,44.57971269708262,44.24044546140678,44.444007873535156,4380844
2013-11-01,44.47792608439724,44.51184969380846,44.00294896138655,44.41006851196289,3652693
2013-11-04,44.54578056041836,44.74933775681015,44.477928161621094,44.477928161621094,3064662
2013-11-05,44.47793450305092,44.57971052735441,44.03688608277705,44.27437210083008,4129366
2013-11-06,44.30830101578083,44.85112546185663,44.27437222304805,44.68149185180664,3655765
2013-11-07,44.749346028025016,45.25824687827613,44.71542241075923,44.91897964477539,4215176
2013-11-08,44.64756999942052,44.952908438848326,44.613641205347584,44.91897964477539,3478735
2013-11-11,45.08860636759589,45.08860636759589,44.68148678500394,44.783267974853516,3155201
2013-11-12,44.681493616686296,45.15647084967163,44.57971241127465,44.91897964477539,4134363
2013-11-13,45.0207633972168,45.19039702356411,44.783277355692036,45.0207633972168,4472486
2013-11-14,45.292171094055206,45.4957334843017,45.22431868957525,45.360023498535156,4859002
2013-11-15,45.49573643243158,45.69929365906198,45.190392827275524,45.39395523071289,4116295
2013-11-18,45.461804736028625,46.004634325987446,45.29217113626733,45.665367126464844,4725280
2013-11-19,45.66536723086756,45.97070564041333,45.42787604921347,45.76714324951172,4114029
2013-11-20,45.76714912125345,46.00464033337672,45.461810672533986,45.5296630859375,4413110
2013-11-21,45.66536198911751,45.73321438602731,45.32609482776241,45.46179962158203,3330574
2013-11-22,45.59750901074399,45.86892380254261,45.15646579797863,45.32609939575195,3702486
2013-11-25,45.36002354081052,45.767143144876314,45.258242345592414,45.665367126464844,3622442
2013-11-26,45.46180454470077,45.56358573949052,44.952903747558594,44.952903747558594,4331106
2013-11-27,45.02075653697115,45.08860894180926,44.749341740812035,44.88505172729492,3497963
2013-11-28,44.885056027509606,44.98683723292126,44.749346028025016,44.91897964477539,7028459
2013-11-29,44.78327482209795,44.98683723292126,44.71542241075923,44.91897964477539,3726501
2013-12-02,44.85111943894519,44.9868294148453,44.477928653033956,44.5118522644043,4705624
2013-12-03,44.51185296515511,44.57970536577024,43.969028583427736,44.070804595947266,5214416
2013-12-04,44.070803163964804,44.206513137591806,43.73153599510655,43.765464782714844,4868854
2013-12-05,43.69761238430442,43.96902715475226,43.595831198285715,43.765464782714844,4339575
2013-12-06,44.0368907510542,44.51186283751125,43.96903833538998,44.240447998046875,5545040
2013-12-09,44.308292506923266,44.51184969380846,44.24043493448892,44.41006851196289,4834505
2013-12-10,44.37614854750213,44.37614854750213,43.96902896348597,44.002952575683594,8019541
2013-12-11,43.93510055541992,44.342220142966006,43.90117176612174,43.93510055541992,4026252
2013-12-12,43.901168533124434,44.036878503516704,43.290489196777344,43.290489196777344,6811370
2013-12-13,43.358343125571096,43.358343125571096,42.815513610839844,42.815513610839844,6123197
2013-12-16,42.781592068310445,43.086933056470016,42.713739665787536,42.88337326049805,6614869
2013-12-17,42.88337713631382,43.256570560725656,42.8494509319861,43.086936950683594,5949560
2013-12-18,43.290488622334166,43.426196002522644,42.95122146606445,42.95122146606445,9613032
2013-12-19,43.39227294921875,43.39227294921875,43.05300576836231,43.39227294921875,9329784
2013-12-20,43.663690432616725,43.969034038476984,43.527985614550154,43.90117645263672,15820239
2013-12-23,44.03688174650805,44.03688174650805,43.69761456075191,43.93510055541992,3075105
2013-12-27,43.90117948143568,44.376156731051935,43.90117948143568,44.342227935791016,4403432
2013-12-30,44.2743636027892,44.41006839368457,44.07080123964021,44.308292388916016,3726079
2014-01-03,44.10473612963996,44.91897534131065,44.07080733881757,44.88505172729492,5841795
2014-01-06,44.71541557388925,44.81719676373883,44.5118531941901,44.783267974853516,5687495
2014-01-07,44.8850505787802,45.46180377035625,44.851121788825985,45.08860778808594,6253074
2014-01-08,45.088607788085945,45.12253657804016,44.64756457952024,45.08860778808594,6999434
2014-01-09,45.08860542576257,45.08860542576257,44.41007107668078,44.5118522644043,5019013
2014-01-10,44.783266658383106,44.88504784524067,44.443999486728686,44.57970428466797,4905410
2014-01-13,44.783277355692036,45.08861581239423,44.51186251817484,45.0207633972168,5845631
2014-01-14,44.885050472224556,45.08860768104706,44.647564473528384,44.98683166503906,5303314
2014-01-15,45.0886132731854,45.29217568406135,44.851127245034895,45.22432327270508,6195881
2014-01-16,45.46180483996595,45.97070564041333,45.32610003056931,45.76714324951172,6739682
2014-01-17,45.97070350628469,46.14033709855881,45.73321751246222,45.90285110473633,8915373
2014-01-20,45.83500225936467,46.41175548248363,45.80107346755487,46.37782669067383,4094516
2014-01-21,46.47960917941168,46.988510009843196,46.30997556926785,46.581390380859375,8798373
2014-01-22,46.54745272086237,46.7849386944615,46.34389553355138,46.683162689208984,5044052
2014-01-23,46.61531604932291,47.05636449047808,46.30997760834242,46.34390640258789,6175496
2014-01-24,46.377825096154375,46.513535081920914,45.292171094055206,45.360023498535156,7672992
2014-01-27,45.2921696819818,45.46180327629634,44.885050090988194,45.054683685302734,8382144
2014-01-28,44.95290298188211,45.42787498040203,44.851121788825985,45.08860778808594,8029791
2014-01-29,45.224315467010086,45.46180145417062,44.545781116947836,44.817195892333984,12219893
2014-01-30,44.715412632828084,44.88504621248463,44.41006908336268,44.74933624267578,5209404
2014-01-31,44.47793414082321,44.81720135722367,44.00295693177843,44.64756774902344,7043801
2014-02-03,44.74934120867578,45.02075600160737,44.47793159255078,44.54578399658203,7895180
2014-02-04,44.274367741176064,44.477930123352316,43.8333193643318,43.93510055541992,9859759
2014-02-05,44.03688098404287,44.308295763309715,43.79939499348674,44.070804595947266,6325495
2014-02-06,44.27437148416849,45.19039192778992,44.172590284475696,45.12253952026367,6429281
2014-02-07,45.19039256353131,45.868927001953125,45.020758953925856,45.868927001953125,7150574
2014-02-10,46.54745319787395,46.75101556407698,45.63143290357236,45.83499526977539,6959489
2014-02-11,45.83499556979505,45.902847966704854,45.054680063317136,45.46179962158203,9051587
2014-02-12,45.5296630859375,45.83500671146428,45.39395825913047,45.5296630859375,5919784
2014-02-13,44.579709008370344,45.12253861125856,44.51185660221101,44.85112380981445,9767435
2014-02-14,44.74933624267578,44.851117425830914,44.443997870016396,44.74933624267578,6136845
2014-02-17,44.71541557388925,45.02075396663162,44.64756317292499,44.783267974853516,4106075
2014-02-18,44.74933699744013,44.88504696953794,44.41006983240478,44.61363220214844,7730021
2014-02-19,44.41006983240478,44.61363220214844,44.30829382433906,44.61363220214844,4911045
2014-02-20,44.41007107668078,44.74933825122167,44.37614746531044,44.5118522644043,4989427
2014-02-21,44.5118531941901,44.88504916470309,44.44400079322584,44.783267974853516,12403605
2014-02-24,44.74934010945269,45.054683685302734,44.64756409430914,45.054683685302734,4487484
2014-02-25,44.95289793851693,45.19038391113281,44.81719314753812,45.19038391113281,3879930
2014-02-26,45.32609939575195,45.36002300922267,44.98683220020532,45.32609939575195,5176025
2014-02-27,45.461806734701746,45.461806734701746,44.98683470521119,45.12253952026367,4330948
2014-02-28,45.19038391113281,45.22431269728048,44.88504554302752,45.19038391113281,5739729
2014-03-03,44.81720135722367,44.88505376514238,44.47793414082321,44.64756774902344,6190766
2014-03-04,45.02075668124261,45.3261002692026,44.8850518711315,45.292171478271484,4626116
2014-03-05,45.190389898931954,45.427875903015114,45.15646628509529,45.360023498535156,4045981
2014-03-06,45.59751245734329,45.66537004302706,45.360026437871014,45.39395523071289,3801282
2014-03-07,45.42787448671084,45.563584468246354,45.054683685302734,45.054683685302734,5101372
2014-03-10,44.9868397780318,45.15647340437911,44.85112977086948,45.0207633972168,3837364
2014-03-11,45.054681879494524,45.054681879494524,44.74933831588275,44.817195892333984,4982117
2014-03-12,44.5118522644043,44.64756224030441,44.20651387803999,44.5118522644043,5651380
2014-03-13,44.51185671505526,44.579709121386614,43.969032287597656,43.969032287597656,4699578
2014-03-14,43.73153675316427,44.0708039279035,43.324417178838445,43.6297607421875,8451575
2014-03-17,43.52798042376526,43.86724760528049,43.46012802282348,43.59583282470703,4550463
2014-03-18,43.62976507913411,44.17258950659172,43.527983881233695,43.969032287597656,5982065
2014-03-19,44.104737100260365,44.24044191292307,43.969032287597656,43.969032287597656,5294446
2014-03-20,43.86724509725776,43.93509749432021,43.4940491482052,43.79939270019531,5147965
2014-03-21,43.83331898427633,44.2404385682925,43.83331898427633,44.002952575683594,17505247
2014-03-24,44.138665891829426,44.138665891829426,43.76546989179682,43.969032287597656,5023517
2014-03-25,44.07080982026528,44.74934426046525,44.07080982026528,44.68149185180664,4988637
2014-03-26,44.681493616686296,45.25824687827613,44.64756999942052,44.91897964477539,5727068
2014-03-27,44.8511213014027,45.2921696819818,44.74934010945269,45.054683685302734,5190119
2014-03-28,44.85112977086948,45.15647340437911,44.7493485596996,45.0207633972168,4734378
2014-03-31,45.19039105244673,45.49573464561057,45.122538646234794,45.15646743774414,5124985
2014-04-01,45.0207633972168,45.224325819556555,44.7493485596996,45.0207633972168,4222732
2014-04-02,45.63143882397893,45.97070602713119,45.52965762767192,45.69929122924805,9080139
2014-04-03,45.76714237688661,46.07248595741716,45.73321876358759,45.80107116699219,5181512
2014-04-04,46.03855804511165,46.10641044980997,45.66536723086756,45.76714324951172,4858857
2014-04-07,45.25824407898734,45.699292490620245,45.25824407898734,45.597511291503906,5077937
2014-04-08,45.767147575274365,46.58139203903391,45.767147575274365,46.41175842285156,9039880
2014-04-09,46.649244450145424,46.649244450145424,46.14034360159838,46.41175842285156,87281982
2014-04-10,46.27604293823242,46.4456765343063,46.004633325959425,46.27604293823242,7008824
2014-04-11,46.17426588773619,46.208189500107174,45.597507532559085,45.90285110473633,10517325
2014-04-14,46.21821467970688,47.09422333812992,46.07805543305221,46.91902160644531,13074740
2014-04-15,46.98910256971654,47.26942103912297,46.6737362715362,46.84893798828125,7758001
2014-04-16,46.95405291299905,46.989095389686334,46.533569926408,46.74380874633789,5511405
2014-04-17,46.74381889125374,47.12926483154297,46.428457919549764,47.12926483154297,6274665
2014-04-22,47.05917826067997,47.23437996280705,46.98909864917547,47.094215393066406,5569494
2014-04-23,46.98910226921118,47.12926150301805,46.91901730557571,47.024139404296875,2820878
2014-04-24,47.16430035130254,47.23437996280705,46.70877485642581,47.094215393066406,4331146
2014-04-25,46.883980470323095,47.09421932237792,46.81390085297149,46.84893798828125,3731591
2014-04-28,46.9540589287352,47.16430312233277,46.88397931311333,46.98910140991211,5086114
2014-04-29,47.164303872041565,47.409585203983,47.02413929183786,47.2694206237793,4853404
2014-04-30,47.30446251109602,47.61982345581055,47.269420029802426,47.61982345581055,5533843
2014-05-02,47.549744137601785,47.65486623540864,47.30446280720711,47.44462203979492,4093997
2014-05-05,47.47966384887695,47.47966384887695,46.9891011950352,47.47966384887695,2238696
2014-05-06,47.654865560496425,47.689908041513085,47.30446213725748,47.47966384887695,2906599
2014-05-07,47.549742484369176,48.25054931640625,47.47966287051183,48.25054931640625,6144982
2014-05-08,48.35567467773461,48.53087639758147,47.86511200085626,48.040313720703125,8045790
2014-05-09,47.865108478211816,48.425750732421875,47.865108478211816,48.425750732421875,4364755
2014-05-12,48.60095829691537,48.916324615478516,48.250554840777944,48.916324615478516,6145425
2014-05-13,48.986400904380616,48.986400904380616,48.42575327401358,48.81119918823242,5417923
2014-05-14,48.88127820850292,49.16160202026367,48.741118975988535,49.16160202026367,4807055
2014-05-15,49.05648316666879,49.86241217375339,49.021440682856806,49.827369689941406,10367304
2014-05-16,49.79232796548436,50.49313480329986,49.61712625603048,50.107688903808594,10841939
2014-05-19,50.00257086355626,50.142735450524576,49.617130279541016,49.617130279541016,5963218
2014-05-20,49.72225501839224,49.89745677017901,49.33681437250123,49.44193649291992,5720286
2014-05-21,49.37184838231336,49.58209260981133,49.266731615297175,49.406890869140625,4062302
2014-05-22,49.51201262804155,49.652171880880495,49.056487036215856,49.26673126220703,6752709
2014-05-23,49.26672077425173,49.30175790663634,48.881274890899654,49.05647659301758,3993784
2014-05-26,49.091523377190995,49.12656051264817,48.88127917751958,48.951358795166016,2544685
2014-05-27,48.91632110024396,48.986400717088884,48.600954804343736,48.741119384765625,5095711
2014-05-28,48.9513665992085,49.196647973440925,48.671042737200175,49.021446228027344,6358731
2014-05-30,49.05648010905527,49.23168182373047,48.9864004925316,49.23168182373047,4994283
2014-06-02,49.40688421382564,49.476963831307344,49.09152326179193,49.19664001464844,3624247
2014-06-03,49.23168581968275,49.40688754857842,49.05648409078708,49.30176544189453,3412516
2014-06-04,49.26672497886223,49.371841731718746,48.95135868009643,49.19664001464844,4122803
2014-06-05,49.021434689810825,49.3017584858391,48.70607376098633,48.70607376098633,5751570
2014-06-06,48.67102869490652,48.70607117257215,48.04030687077632,48.32062530517578,6087055
2014-06-10,48.07534965790873,48.951358235300404,48.07534965790873,48.741119384765625,5538100
2014-06-11,48.706077089197095,49.05648052149348,48.635997472084235,48.81119918823242,7091655
2014-06-12,48.88127508039488,49.021434303939905,48.565914154052734,48.565914154052734,3490067
2014-06-13,48.53087272532531,48.77615404520443,48.25054892543556,48.6710319519043,3912763
2014-06-16,48.49583319039405,48.671034907623415,48.32063147316469,48.6359977722168,5643204
2014-06-17,48.63599376582525,48.776152989370274,48.495829195548566,48.565914154052734,7252973
2014-06-18,48.70608553559341,48.77616516485918,48.42576167179735,48.5308837890625,5576114
2014-06-19,48.6359977722168,48.77615700730745,48.60095529007808,48.6359977722168,3368667
2014-06-20,48.81119623484948,49.05647755326948,48.63599452930209,48.84623336791992,10944121
2014-06-23,48.916318327524266,49.09152003307165,48.67103166237253,48.84623336791992,3448359
2014-06-24,48.95135383427936,49.196635144550356,48.77615213455271,49.09151840209961,5594627
2014-06-25,48.951355660907446,49.0564777540124,48.2855913157957,48.35567092895508,4876176
2014-06-26,48.32062558504026,48.46079014978321,48.040307149017245,48.145423889160156,5083610
2014-06-27,48.25055676701267,48.35567887739701,48.04031789297661,48.180477142333984,3525702
2014-06-30,48.25054597603451,48.35566806290886,48.040307149017245,48.145423889160156,4237840
2014-07-01,48.25055185561936,48.81119948944615,48.18047223807404,48.6359977722168,4331328
2014-07-02,48.63600276148457,48.846241635687655,48.46080102628234,48.4958381652832,3387734
2014-07-03,48.63599784239099,48.951358795166016,48.495833260366005,48.951358795166016,3836897
2014-07-04,48.986401580121246,48.986401580121246,48.74112024347667,48.77615737915039,2259616
2014-07-07,48.67103186153817,48.74111682142931,48.2855913157957,48.35567092895508,4116197
2014-07-08,48.25055608989735,48.39072068402039,48.07535435729298,48.215518951416016,3123058
2014-07-09,48.35567819880649,48.42575782250172,48.005274733597744,48.215518951416016,3436341
2014-07-10,48.145427998676475,48.42575180535834,47.86510953872651,47.9702262878418,4340972
2014-07-11,48.00526876870149,48.21551296039586,47.75998744287932,47.9702262878418,4210647
2014-07-14,48.21551170263631,48.53087263521941,48.07534712958579,48.35567092895508,3024185
2014-07-15,48.32062558504026,48.67102897680047,48.040307149017245,48.145423889160156,4652708
2014-07-16,48.110388942554096,48.49582948295302,48.110388942554096,48.39071273803711,3502514
2014-07-17,48.35567425586374,48.81119979283787,48.285594637882824,48.46079635620117,4422000
2014-07-18,48.390713408900645,48.495830155273836,48.250548835850125,48.35567092895508,4192975
2014-07-21,48.250552457609636,48.35567455860521,48.145430356614064,48.28559494018555,2612077
2014-07-22,48.25054892543556,48.77615404520443,48.25054892543556,48.6710319519043,3298917
2014-07-23,48.70607746003743,49.02143841281246,48.600955360201716,48.951358795166016,3395343
2014-07-24,48.88127917751958,48.986401277355284,48.56591822474455,48.951358795166016,4175360
2014-07-25,48.881287282124326,48.9163297701237,48.39072453053097,48.5308837890625,3958123
2014-07-28,48.56591511516498,48.67103186153817,48.180469222690746,48.35567092895508,3767996
2014-07-29,48.35567141055817,48.35567141055817,48.040310474834214,48.25054931640625,4188531
2014-07-30,48.18047326372079,48.215515746605476,47.68991058372852,47.8651123046875,4686578
2014-07-31,47.79502826255109,47.86511322967483,47.269423089516884,47.339508056640625,6054663
2014-08-04,47.339508056640625,47.339508056640625,47.339508056640625,47.339508056640625,0
2014-08-05,46.743815404223106,47.23438341406204,46.673735787598126,46.95405960083008,5684107
2014-08-06,46.88398017049001,47.16430398483578,46.49853425742307,47.024139404296875,5564883
2014-08-07,48.00527052084468,48.88127910699148,47.97022803870597,48.6359977722168,14339419
2014-08-08,48.42575102441552,48.60095273242479,47.90014590038771,48.25054931640625,8116761
2014-08-11,48.495838126754386,48.495838126754386,48.075355031949634,48.180477142333984,4125333
2014-08-12,48.25055608989735,48.32063571359259,48.040317218811644,48.215518951416016,3840686
2014-08-13,48.285594637882824,48.46079635620117,48.145430055188875,48.46079635620117,3516823
2014-08-14,48.32062853872505,48.81119652521506,48.28559140544619,48.6710319519043,4073190
2014-08-15,48.881275947230336,49.021435173260876,48.56591501529574,48.6009521484375,5837794
2014-08-18,48.77615375504731,49.02143507346731,48.74111662197687,48.84623336791992,3573541
2014-08-19,48.9513665992085,49.05648871580324,48.811207341570814,49.021446228027344,3255056
2014-08-20,49.02144622802734,49.05648871580324,48.9513665992085,49.021446228027344,2881128
2014-08-21,49.056487036215856,49.406890515045966,49.02144454963973,49.26673126220703,4957206
2014-08-22,49.30177009003566,49.4068922066304,48.916329458165556,49.021446228027344,4488168
2014-08-25,49.30176544189453,49.40688754857842,49.161606197470974,49.30176544189453,3002678
2014-08-26,49.371843589029524,49.65216741623388,49.266726832218644,49.617130279541016,4073172
2014-08-27,49.54704169158604,49.68720626831055,49.406882461593426,49.68720626831055,3707085
2014-08-28,49.687217876074776,49.687217876074776,49.44193649291992,49.44193649291992,3760221
2014-08-29,49.65215988839168,49.9324836730957,49.58208027889854,49.9324836730957,5567610
2014-09-01,49.96753396909431,50.107693210009806,49.86241186504154,50.00257110595703,3704833
2014-09-02,50.03761242597962,50.282893765244125,49.9675328071515,50.14273452758789,4359161
2014-09-03,50.24784851074219,50.63329441313354,50.21281137662691,50.24784851074219,6804424
2014-09-04,50.17776889577973,50.388013087398996,50.107689280817276,50.24784851074219,4473056
2014-09-05,50.17776450330013,50.247844112127936,49.897440721257496,50.03760528564453,3851303
2014-09-08,50.107688422348794,50.21281051635742,49.967529194825154,50.21281051635742,3156753
2014-09-09,50.10769339314693,50.24785263457469,50.00257128870995,50.07265090942383,3436984
2014-09-10,50.00256280786491,50.10768489447233,49.86240359020931,50.03760528564453,3652022
2014-09-11,50.107693210009806,50.142735693604834,49.79233224458379,50.00257110595703,3811471
2014-09-12,50.00257191046611,50.03761439462495,49.58208883422202,49.72224807739258,3096683
2014-09-15,49.58208064761194,49.687202735999115,49.47695855922476,49.512001037597656,3427077
2014-09-16,49.441929591051455,49.82737018313671,49.37184462273377,49.72224807739258,5063933
2014-09-17,49.7923336736406,49.89745043397795,49.26672848502398,49.37184524536133,6248706
2014-09-18,49.3718450641063,49.3718450641063,48.951361984103194,49.30176544189453,5401680
2014-09-19,49.47696649348142,49.47696649348142,49.12656304048689,49.33680725097656,10154318
2014-09-22,49.161606377954165,49.37184524536133,49.02144178628359,49.37184524536133,3993514
2014-09-23,49.266728752165015,49.371845513072344,48.70608107590761,48.881282806396484,4630713
2014-09-24,48.9513545024005,49.126556204518415,48.881274890899654,49.05647659301758,4981729
2014-09-25,49.1615999383943,49.196637071673166,48.425750632025185,48.6710319519043,5382607
2014-09-26,48.49583356009996,48.986401580121246,48.39071680634667,48.77615737915039,4297552
2014-09-29,48.846236997229965,48.91632196204167,48.49583356009996,48.77615737915039,3384690
2014-09-30,48.8111987778564,49.23168182373047,48.8111987778564,49.23168182373047,5457607
2014-10-01,49.266728752165015,49.336808375014066,48.741123560698384,48.881282806396484,4648395
2014-10-02,48.88127604774807,48.88127604774807,48.35567092895508,48.35567092895508,4947827
2014-10-03,48.53087597418209,48.53087597418209,48.18047253754539,48.46079635620117,3670858
2014-10-06,48.63600590632765,48.74112802359279,48.39072453053097,48.5308837890625,3035558
2014-10-07,48.42575429632692,48.49583391491923,48.00527123804088,48.040313720703125,5533518
2014-10-08,47.86511548620727,48.32063571359259,47.86511548620727,48.215518951416016,5946556
2014-10-09,48.4607935047101,48.495830638272864,48.21551218284348,48.25054931640625,6229375
2014-10-10,48.285588258591645,48.39071034504078,47.75998317307736,48.07534408569336,8146240
2014-10-13,47.68990431575497,47.83006353540789,47.40958052971764,47.795021057128906,6795678
2014-10-14,47.61982345581055,47.65486593710414,46.9891015663815,47.61982345581055,6883209
2014-10-15,47.75999312657096,47.90015237322564,46.778862359790644,46.91902160644531,8972934
2014-10-16,46.358374074750046,46.49853330568812,44.956760378441544,45.51740264892578,20104319
2014-10-17,45.62252637919979,46.6036570710956,45.23708580695181,46.4284553527832,12780377
2014-10-20,46.393415384472185,46.91902056789173,46.21821365666567,46.81390380859375,8763814
2014-10-21,46.74381889125374,47.12926483154297,46.603659647548064,47.12926483154297,9909106
2014-10-22,47.059181182236735,47.65486593710414,46.84893698793908,47.61982345581055,8351448
2014-10-23,47.44462487142814,47.79502832054277,47.199343526394365,47.654869079589844,9610508
2014-10-24,47.54974383995531,47.61982345581055,47.374542126951255,47.61982345581055,6136426
2014-10-27,48.00527240287758,48.00527240287758,47.72494857497417,47.900150299072266,6400033
2014-10-28,48.00527111977474,48.42575417702487,48.00527111977474,48.28559494018555,7001767
2014-10-29,48.495833491825564,48.565918456538604,48.32063177350722,48.46079635620117,4788922
2014-10-30,48.53087272532531,48.6710319519043,48.145426832135435,48.6710319519043,6851824
2014-10-31,49.05648341923446,49.33680725097656,48.811202071484765,49.33680725097656,13650866
2014-11-03,49.26672825424087,49.37184501408581,48.98640441894531,48.98640441894531,6230648
2014-11-04,49.02144155664948,49.30176539194503,48.951361934508704,48.98640441894531,5887017
2014-11-05,49.09152987462647,49.51201298288961,49.09152987462647,49.406890869140625,6446196
2014-11-06,49.336799339196205,49.61712312598483,49.3017568608233,49.512001037597656,6093770
2014-11-07,49.476970141465436,49.51201262804155,49.056487036215856,49.26673126220703,5625368
2014-11-10,49.301768755391635,49.47697049606234,49.23168912846991,49.406890869140625,4098996
2014-11-11,49.44192561139511,49.72224407517298,49.44192561139511,49.652164459228516,4427555
2014-11-12,49.61712665331424,49.72224340244275,49.51200455745383,49.68720626831055,5719682
2014-11-13,49.75728548490084,50.107688903808594,49.72224300431732,50.107688903808594,5550629
2014-11-14,50.21281549758392,50.21281549758392,49.96753415171918,50.07265090942383,4386100
2014-11-17,49.79232398138151,50.072642416692716,49.757281503601895,50.03760528564453,4292099
2014-11-18,50.037613281918865,50.282894625379136,49.96753366189197,50.177772521972656,4953185
2014-11-19,50.107689280817276,50.35297060655182,50.0726467999701,50.24784851074219,4102029
2014-11-20,50.24785546352276,50.317940434914746,50.14273869990005,50.28289794921875,3894955
2014-11-21,50.38800470330837,50.56320638492854,50.282882624990066,50.52816390991211,6699171
2014-11-24,50.49314216992945,50.5632217945888,50.28289794921875,50.28289794921875,5285954
2014-11-25,50.24785214199955,50.38801672878562,50.07265041856617,50.177772521972656,5042502
2014-11-26,50.28289812777733,50.42305737759376,50.177776017048686,50.35297775268555,5950069
2014-11-27,50.38801164264009,50.59825048149934,50.28288954984458,50.56321334838867,3463884
2014-11-28,50.563216376319374,50.94865694400897,50.42305179528783,50.84354019165039,4984821
2014-12-01,50.77345511456404,51.193943509989076,50.73841797943332,51.08882141113281,7821999
2014-12-02,51.1589010281263,51.36914522583882,50.983699312276556,51.08882141113281,6892662
2014-12-03,50.598257620758424,50.87858145885535,50.563220482704125,50.66834259033203,6583540
2014-12-04,50.59824351321397,50.878567273152456,50.45808430661024,50.52816390991211,6541790
2014-12-05,50.4580949454472,50.80849838256836,50.4580949454472,50.80849838256836,4456718
2014-12-08,50.77346784868097,50.87858997390213,50.4931493104024,50.70338821411133,2631972
2014-12-09,50.66833602590695,50.703373159421965,50.07264594210198,50.21281051635742,5503936
2014-12-10,50.31793309384599,50.45809232271635,50.002566808789894,50.107688903808594,4967155
2014-12-11,49.967530050892364,50.28289099158936,49.967530050892364,50.24784851074219,5647253
2014-12-12,50.107701011016395,50.21282313143509,49.40689400386931,49.44193649291992,6889438
2014-12-15,49.33680174726942,49.47696097413899,48.35567111898709,48.425750732421875,7800253
2014-12-16,48.495836728491,49.126564025878906,47.79502980844499,49.126564025878906,10816590
2014-12-17,48.91631737001589,49.26672077425173,48.81119527939882,49.05647659301758,10096666
2014-12-18,49.47695772155926,50.03760528564453,49.23167641729624,50.03760528564453,9225532
2014-12-19,50.77345620354583,50.77345620354583,50.10769180773038,50.633296966552734,19561401
2014-12-22,50.73841827823566,51.053779229929575,50.63329617876033,50.91361999511719,5229692
2014-12-23,51.088825406822416,51.33410675884926,51.01874578434795,51.158905029296875,4232764
2014-12-29,51.053778816528265,51.334102630615234,50.94865671790415,51.334102630615234,3488340
2014-12-30,51.22897386105838,51.29905346877149,51.12385177612305,51.12385177612305,3143924
2015-01-05,50.91362457999419,51.018746688935984,50.24785478785121,50.31793975830078,7893813
2015-01-06,50.282886394040126,50.35296600259495,49.93248300453462,49.967525482177734,6594173
2015-01-07,50.00256994319946,50.3880158668524,49.7222461211548,50.14273452758789,6512266
2015-01-08,50.5281706721507,51.08881826705972,50.45809105947001,51.053775787353516,6502851
2015-01-09,51.08882171199871,51.36914552835557,50.87857751304805,50.91361999511719,6677871
2015-01-12,51.088821298313654,51.4742618642927,51.01874168147492,51.334102630615234,6415360
2015-01-13,51.369147211729484,52.14003372192383,51.264025108809285,52.14003372192383,9112253
2015-01-14,51.85970639538743,52.280189431949594,51.75458429956391,51.96482849121094,7988302
2015-01-15,52.21011121254384,52.28019082938877,46.25325288628045,48.741119384765625,63739224
2015-01-16,47.479666855086016,47.58478895805996,45.23708694305899,45.412288665771484,35037206
2015-01-19,46.043008727452694,47.65486664989186,45.72764777802123,47.024139404296875,16369725
2015-01-20,47.26941651457216,47.54974030387853,46.883975982666016,46.883975982666016,16201238
2015-01-21,46.98909554641013,47.094212283360044,45.832763319379545,46.25324630737305,12841330
2015-01-22,46.07804746541859,46.60365256958687,45.447320271070346,46.46349334716797,12051227
2015-01-23,46.53358203824615,47.970233061927104,46.358380302670476,47.93519592285156,10517501
2015-01-26,47.90015333494216,48.67103990048543,47.75999408547344,48.4958381652832,7378814
2015-01-27,48.7060808118066,49.406887729962094,48.42575697519791,49.37184524536133,9705359
2015-01-28,49.68720437371944,49.68720437371944,48.635994148662185,48.70607376098633,7717597
2015-01-29,48.95136052158914,49.68720989965904,48.881280901471115,49.617130279541016,7530072
2015-01-30,49.86241329610966,49.967535403179475,49.37184524536133,49.37184524536133,9376840
2015-02-02,49.68721044815815,49.96753427845701,49.406886617859286,49.827369689941406,7384044
2015-02-03,49.89744980472199,50.10769401621024,49.441929591051455,49.72224807739258,9393932
2015-02-04,49.86240795508273,50.35297060655182,49.617126629348185,50.24784851074219,7278018
2015-02-05,49.96752615120801,50.14272784830659,49.68720236650398,49.9324836730957,5640146
2015-02-06,49.932487109491525,49.932487109491525,49.37183950149923,49.792327880859375,4501188
2015-02-09,49.65217488968648,49.96754124778371,49.441935997688084,49.86241912841797,5340291
2015-02-10,49.792332426568315,50.177773013860815,49.652167838408225,50.07265090942383,5468221
2015-02-11,50.10768930502028,50.24784853501289,49.51200455745383,49.68720626831055,5640755
2015-02-12,49.58208131832482,49.652160929287085,48.98639660504816,49.476959228515625,6595940
2015-02-13,49.54704976788491,49.582092254461024,49.056487036215856,49.26673126220703,5954267
2015-02-16,49.12657013166385,49.44193649291992,48.91633123755961,49.44193649291992,3838688
2015-02-17,49.266731322821485,49.96753828134394,49.266731322821485,49.89745330810547,4839276
2015-02-18,50.072651036428276,50.072651036428276,49.58208834345453,49.827369689941406,5240626
2015-02-19,50.10768832100762,50.52817134945993,49.86240699997143,50.458091735839844,6883795
2015-02-20,50.70336902726902,50.73841150465999,50.212806424183675,50.38800811767578,13231375
2015-02-23,50.528174149565544,51.40418273519162,50.423052049944,51.228981018066406,5698630
2015-02-24,51.334109759336265,51.50931149912922,51.1238655328916,51.439231872558594,4616039
2015-02-25,51.36913720513361,51.649455629339045,51.15889304024832,51.50929641723633,5663924
2015-02-26,51.68450853709834,52.35027294905279,51.3341050893892,52.28019332885742,7590360
2015-02-27,52.28019296132925,52.38531506424945,51.99986913578614,52.14003372192383,6339513
2015-03-02,52.069945732173956,52.42034912109375,51.999860777004876,52.42034912109375,5813118
2015-03-03,52.56051715637119,52.8758781206165,52.21011370866205,52.28019332885742,7208464
2015-03-04,52.17506588079848,52.910915184306035,52.14002874765587,52.84083557128906,5471133
2015-03-05,53.12117089758427,53.296372641512015,52.8408470379533,53.15620803833008,5589506
2015-03-06,53.22628285821069,53.4715695549372,53.05108113011028,53.36644744873047,5481736
2015-03-09,53.1211626007386,53.33140145257553,52.9109184021696,53.19124221801758,4706440
2015-03-10,53.051074218878476,53.29636088365025,52.700670808326485,52.770755767822266,5294836
2015-03-11,52.59555406254627,53.08611669862636,52.59555406254627,52.770755767822266,5163815
2015-03-12,52.595559024567,52.87587750206929,52.5605165415131,52.63059616088867,6319562
2015-03-13,52.560511772489434,52.94595766418039,52.455389679598106,52.84083557128906,4187996
2015-03-16,52.94596088417512,53.43652355186003,52.87587592016408,53.19124221801758,5274280
2015-03-17,53.40148223717324,53.541646821527166,52.91091955876499,53.05107879638672,7807650
2015-03-18,53.121163156370024,53.68180544719805,52.805796855217885,53.40148162841797,7260013
2015-03-19,53.61173561791914,53.82197985707481,53.12117285553338,53.64677810668945,6701034
2015-03-20,53.75188408698887,53.821969050457525,53.19124180636388,53.611724853515625,14685265
2015-03-23,53.57668365118506,53.57668365118506,53.08612097558211,53.226280212402344,6264799
2015-03-24,53.01604524917443,53.29636909012611,52.56051967596952,52.66564178466797,6655346
2015-03-25,52.49043411274898,52.700672959623304,51.719547647412554,51.85970687866211,9730430
2015-03-26,51.78962883930141,51.82466597481421,51.05377948601515,51.2990608215332,9080101
2015-03-27,51.68450655193838,51.78962865155992,51.228981018066406,51.228981018066406,5837131
2015-03-30,51.75458448704352,52.31523210231194,51.50930316038806,52.034908294677734,8248966
2015-03-31,51.89475746536684,52.14003883173042,51.334109759336265,51.439231872558594,6545601
2015-04-01,51.15890140056273,51.474262352695284,50.98369968343752,51.228981018066406,7854358
2015-04-02,51.43922836970797,51.43922836970797,50.98370280791959,51.2640266418457,5458710
2015-04-07,51.719536436733954,52.104976912488475,51.5092922887,51.92977523803711,6038943
2015-04-08,51.894752196452444,52.245155640461626,51.824667230264815,52.06995391845703,5724808
2015-04-09,52.24515869660672,52.77076389336642,52.14003658790828,52.66564178466797,7223371
2015-04-10,52.94596088417512,53.22627935329103,52.84083878489062,53.19124221801758,8491509
2015-04-13,53.01603297647266,53.19123466816838,52.84083128477693,52.945953369140625,6869058
2015-04-14,53.05107010677301,53.15619219113671,52.70066672338156,52.945953369140625,7470670
2015-04-15,53.12115517711898,53.5416381687629,53.12115517711898,53.261314392089844,8994533
2015-04-16,53.261321608368036,53.716847138838645,53.22627912651181,53.68180465698242,7634053
2015-04-17,53.96212957253891,53.96212957253891,53.12116345815325,53.226280212402344,18567723
2015-04-20,53.803655556104985,54.09233607857321,53.19019568028995,53.40671157836914,9639270
2015-04-21,53.4788804018375,53.83973655233064,53.44279809052492,53.623226165771484,8151535
2015-04-22,53.65930543970928,53.695393255207,53.298449309642336,53.587135314941406,7332840
2015-04-23,53.875821320240476,53.91190362951063,53.40670724990793,53.587135314941406,5485311
2015-04-24,53.73147886319495,53.947994757018634,53.55105078708453,53.7675666809082,5766735
2015-04-27,54.09233396643385,54.128421783447266,53.62322538262621,54.128421783447266,7665308
2015-04-28,54.236677200649474,54.45318757395648,53.731475317144714,53.911903381347656,7691733
2015-04-29,54.092334596727575,54.164510231595415,52.757167945090494,52.82933807373047,9527004
2015-04-30,53.04584972981583,53.04584972981583,52.43239542602263,52.612823486328125,8450219
2015-05-04,52.612831239778735,52.9736874135684,52.50457328639619,52.685001373291016,4483611
2015-05-05,52.648911324208825,52.82933940346414,52.03545695598637,52.143714904785156,8321792
2015-05-06,51.96329269434287,52.179808616394084,51.34983825683594,51.34983825683594,9230011
2015-05-07,51.494171142578125,51.674599216312615,50.88071679312642,51.494171142578125,10581699
2015-05-08,51.855027579177346,52.39631180339888,51.6024293757862,52.3602294921875,7086424
2015-05-11,52.54065769611192,52.57674000741202,52.17980154574364,52.43239974975586,5256890
2015-05-12,52.07154504942523,52.215885311100834,51.67460107047527,51.818946838378906,6855297
2015-05-13,52.071538946768214,52.071538946768214,51.67459501433911,51.74676513671875,5048962
2015-05-15,51.99937200493277,52.17980007503146,51.74676830181243,51.85502624511719,8699743
2015-05-18,51.81894957613305,52.215888069826455,51.71069162104273,52.179805755615234,4851867
2015-05-19,52.28806373044357,53.08195181418761,52.21589358816563,52.97369384765625,5879116
2015-05-20,52.86541670543814,53.009756937637995,52.72107647323829,52.90150451660156,3881585
2015-05-21,52.79326573884695,53.08195181418761,52.721095596569015,52.97369384765625,3542806
2015-05-22,53.04585344207757,53.298451642937145,52.757167424140434,53.009765625,3476269
2015-05-26,53.118020773939485,53.226278713245826,52.46847864432895,52.64890670776367,4420646
2015-05-27,52.57674170777827,53.22628390069336,52.57674170777827,53.15411376953125,5456865
2015-05-28,53.00976812687103,53.37062428976662,53.00976812687103,53.22628402709961,2872248
2015-05-29,53.0819375443679,53.2623656046734,52.612823486328125,52.612823486328125,8519957
2015-06-01,52.684990566675,52.75716068538392,52.4323923980802,52.57673263549805,4780259
2015-06-02,52.61282502931032,52.64890733869316,51.96328289191586,52.07154083251953,6028549
2015-06-03,52.0715426545413,52.25197072645154,51.566340749455954,51.674598693847656,8973660
2015-06-04,51.45809330432381,51.67460370788766,50.62812299175827,51.38591766357422,7307633
2015-06-05,51.24157558645938,51.31374571843412,50.59203338623047,50.59203338623047,6535167
2015-06-08,50.62812466048707,50.700294797387116,50.159010511294014,50.375526428222656,5473074
2015-06-09,50.15900012550519,50.3394281835106,49.689886073445635,50.0146598815918,5941597
2015-06-10,50.01466722777163,50.48377584250674,49.87032145642931,50.33943557739258,6547034
2015-06-11,50.33943529599335,50.844631727297006,50.231177344648806,50.66420364379883,6025646
2015-06-12,50.664200612502974,50.88071650223766,50.15900421142578,50.15900421142578,7292326
2015-06-15,49.94249725341797,50.15901318187441,49.72598683119031,49.94249725341797,6111448
2015-06-16,49.83423575397309,50.23117420915481,49.762060120096606,50.08683395385742,7019816
2015-06-17,50.30334552054368,50.30334552054368,49.58163321461779,49.79814910888672,6547367
2015-06-18,49.6177164560232,49.870314638553836,49.22077252188405,49.834232330322266,7749538
2015-06-19,49.68988813310847,50.3033424545093,49.65380582374818,49.76205825805664,15994511
2015-06-22,50.05074510318534,50.70028725106373,49.97857497702723,50.447689056396484,6218845
2015-06-23,50.66420993103781,51.097241790153596,50.51986964881843,50.8807258605957,4815443
2015-06-24,50.88071082755347,51.20547911970655,50.51985472239352,50.55594253540039,6719119
2015-06-25,50.050749540936096,50.700291746406144,50.01466722777163,50.33943557739258,6144597
2015-06-26,50.0507525528297,50.48377888045848,49.72598418366523,50.375526428222656,5457489
2015-06-29,49.076433811707645,50.26726014514901,48.75166549632708,49.76205825805664,7582438
2015-06-30,49.47337235189129,49.653800397658614,48.715572357177734,48.715572357177734,8859175
2015-07-01,48.787754806220406,49.79815321915916,48.60732671484664,49.473384857177734,8531421
2015-07-02,49.58163321461779,50.19509307963713,49.54555090305824,49.79814910888672,4892518
2015-07-03,49.72597633195964,49.87031658296849,49.220774440973436,49.50946044921875,4979620
2015-07-06,49.076440319840174,49.72598254296607,48.9681823649478,49.653812408447266,5148427
2015-07-07,49.689888516093625,50.014662340204964,49.4012025078483,49.50946044921875,6904946
2015-07-08,49.545554041464186,50.014668171277094,49.545554041464186,49.906410217285156,5855154
2015-07-09,50.05074068444014,50.700282774973495,49.83423032508048,50.55594253540039,5109093
2015-07-10,51.20548143536798,51.31373937305714,50.664197253149595,51.09722900390625,5765194
2015-07-13,51.45809330432381,51.5302634388451,51.16940726001037,51.38591766357422,4893411
2015-07-14,51.53026080879966,51.89111696921671,51.313744910058226,51.818946838378906,4494645
2015-07-15,51.566340749455954,51.818944455112515,51.31374255002717,51.674598693847656,7280846
2015-07-16,51.5302526390256,52.396305084228516,51.5302526390256,52.396305084228516,5673028
2015-07-17,52.39631533301364,52.793259326673564,52.32414519950135,52.685001373291016,7141455
2015-07-20,52.54065755917057,52.97368383723829,52.54065755917057,52.82933807373047,3718424
2015-07-21,53.04584666644674,53.04584666644674,52.4684747043211,52.57673263549805,4263492
2015-07-22,52.324150756628214,52.57674900386272,52.17981047427387,52.21589279174805,4330702
2015-07-23,52.396305084228516,52.504563016435675,52.14370691322993,52.396305084228516,3849572
2015-07-24,52.32413505118418,52.46847529021382,51.96327894738291,51.999366760253906,4087580
2015-07-27,52.07153453939283,52.17979246691294,51.313734552978914,51.45808029174805,5197641
2015-07-28,51.49416554499482,51.891109466552734,51.31373749087344,51.891109466552734,4523667
2015-07-29,52.07153930541163,52.612823486328125,51.96328136798285,52.612823486328125,5551622
2015-07-30,52.68499360920484,52.9015094840624,52.468477734347275,52.612823486328125,4208940
2015-07-31,52.612827687810544,52.829338073730476,52.50456974173665,52.82933807373047,5300886
2015-08-03,52.82933599761088,53.37062020048078,52.79325368782281,53.081939697265625,3940427
2015-08-04,53.045855945651816,53.3345419772139,52.97368581431831,53.22628402709961,3489535
2015-08-05,53.33453828625407,53.37062059630975,52.97368214833114,53.2984504699707,4049293
2015-08-06,53.19018526470802,53.37061330903366,52.97367491525341,53.04584503173828,3022252
2015-08-07,52.97367463270149,53.045844748801414,52.79324658933822,52.90150451660156,2815896
2015-08-10,52.97368581431831,53.37062428976662,52.75716991408973,53.22628402709961,3547336
2015-08-11,53.19018973477306,53.19018973477306,52.79325130763439,52.937591552734375,4211267
2015-08-12,52.86542414521718,52.86542414521718,51.927195985200065,52.10762405395508,7363738
2015-08-13,53.334540794623166,54.12842323414503,53.15411271717601,53.51496887207031,10892219
2015-08-14,53.73147859688213,54.16451038238323,53.695396285575626,54.09233474731445,5195436
2015-08-17,54.2005919112463,54.41710780087121,53.91190589382236,54.128421783447266,4650579
2015-08-18,53.984082307167064,54.38102076890589,53.94799448963268,54.09233474731445,4664625
2015-08-19,53.80365819238114,53.94799846068765,53.623230103883856,53.69540023803711,4963324
2015-08-20,53.478879715869375,53.55104984379671,52.90151318622291,53.009765625,6658596
2015-08-21,52.17980553686945,52.685001983535315,51.31374740600586,51.31374740600586,10984386
2015-08-24,49.83423785764035,50.231176329578155,47.41649718263984,49.3651237487793,21664517
2015-08-25,49.94249750748327,51.60243828415025,49.834245048933134,50.8807258605957,13010452
2015-08-26,50.37551997067999,50.95288649809734,49.83423575397309,50.08683395385742,11771710
2015-08-27,51.16940701426282,51.42200523698834,50.91680879153731,51.2415771484375,8899189
2015-08-28,51.49416756916844,51.49416756916844,50.70028520107328,51.16939926147461,6733771
2015-08-31,50.88070834912536,51.67459064056136,50.88070834912536,51.45808029174805,4796761
2015-09-01,51.0972353225099,51.34983353753555,50.122919269052474,50.59203338623047,8358321
2015-09-02,50.844630157839354,51.16940400184794,50.59203194998465,50.73637771606445,6649102
2015-09-03,51.349835226294125,51.60243344962706,51.06114918267293,51.31374740600586,6817738
2015-09-04,50.916812896728516,51.16941113981988,50.62812683052607,50.916812896728516,6736210
2015-09-07,51.13332233478472,51.458096217861545,51.0611521961772,51.34983825683594,4742393
2015-09-08,51.45808488478263,51.89111112728715,51.4219970703125,51.4219970703125,5061935
2015-09-09,52.360231056957325,52.64891158018698,52.07154502749964,52.288055419921875,6851519
2015-09-10,52.143706999283545,52.61282103547063,51.74676308261128,51.999366760253906,6652869
2015-09-11,52.14371518026304,52.17980299879595,51.602430939637465,51.818946838378906,6054023
2015-09-14,51.85502968184053,52.39631392801053,51.60243146820681,51.638519287109375,5701577
2015-09-15,51.92719355343078,52.79325154663362,51.85502343055407,52.612823486328125,9305823
2015-09-16,52.97369384765625,53.298462241021426,52.75717791459353,52.97369384765625,7193350
2015-09-17,53.11802554967289,53.551051839603254,53.009767600633296,53.40671157836914,7433202
2015-09-18,53.11802357000491,53.44279740501962,52.90151318622291,53.009765625,18326896
2015-09-21,52.93759747001624,53.73147991925991,52.90151515782172,53.40671157836914,6530151
2015-09-22,53.298454855567435,53.298454855567435,51.78286005282786,51.92720031738281,8622302
2015-09-23,52.10762125484434,52.32413712821065,51.74676513671875,51.74676513671875,5854963
2015-09-24,51.602430417268266,51.7106883655431,50.66420220719038,50.80854797363281,9476127
2015-09-25,51.241585088875595,52.43241175908825,51.241585088875595,52.251983642578125,6573908
2015-09-28,51.96327958695584,52.540651562635134,51.855021653237564,51.891109466552734,6144838
2015-09-29,51.494175618470294,51.782861662783745,51.09723712548908,51.38591766357422,7705127
2015-09-30,51.99936881432319,53.009761539897355,51.89111087766099,52.865421295166016,7994823
2015-10-01,53.29844753558742,53.514963408911825,52.82933348086948,52.865421295166016,7598780
2015-10-02,53.08193730406176,53.55104585375042,52.468477496818316,52.937591552734375,6244817
2015-10-05,53.442794819402046,53.94799119667926,53.2623667551991,53.911903381347656,6544011
2015-10-06,53.947989639323445,54.05624757596556,53.695391457976775,53.98407745361328,4595371
2015-10-07,54.05624977139253,54.05624977139253,53.19019174930915,53.334537506103516,7262178
2015-10-08,53.40671027298445,53.76756642347759,53.26237001527835,53.623226165771484,4749213
2015-10-09,53.73147860593712,53.83973655233064,53.40671027298445,53.623226165771484,4511826
2015-10-12,53.55105417562659,54.12842625820542,53.44280172809279,54.02016830444336,3502398
2015-10-13,53.947993710835775,54.30884985605876,53.8036534552377,54.128421783447266,5921376
2015-10-14,54.02016938417161,54.164515160815554,53.551055245978425,53.6593132019043,5542424
2015-10-15,54.05625480870997,54.30885302385437,53.83973890645585,54.2366828918457,8891342
2015-10-16,52.793257732870515,53.29845415843312,52.50457170130843,53.22628402709961,13319758
2015-10-19,53.04584503173828,53.839727325525715,52.937587103897506,53.04584503173828,5847381
2015-10-20,53.15411138708248,53.22628151500981,52.82933755206776,53.009765625,4961955
2015-10-21,53.15410729085608,53.26236522751828,52.82933348086948,52.865421295166016,4295575
2015-10-22,52.90150909964692,54.05624757596556,52.86542128535709,53.98407745361328,7252688
2015-10-23,54.16450856399139,54.705792771468076,54.09233293134568,54.48927688598633,6609271
2015-10-26,54.3088493347168,54.52536522226325,54.12842126383734,54.3088493347168,4338568
2015-10-27,54.23667998762581,54.52536600643029,54.09233422510966,54.272762298583984,4704391
2015-10-28,54.20059792456876,54.74188220245639,54.20059792456876,54.66971206665039,4171317
2015-10-29,54.741866433492476,55.0305523997859,54.56143839283744,54.85012435913086,6293659
2015-10-30,54.814041507380956,54.85012932126745,54.3449329642204,54.56144332885742,4894440
2015-11-02,54.200602581560915,54.52537647993557,53.948004331422105,54.164520263671875,4568658
2015-11-03,54.34494109392553,54.4892813586094,54.02016723904461,54.38102340698242,3553327
2015-11-04,54.63361965211995,55.03056362502112,54.525367210626854,54.70579528808594,5221476
2015-11-05,54.7418743116379,55.0305603194774,54.59753406083196,54.99447250366211,5081183
2015-11-06,55.030561881925486,55.066649698765396,54.2727617781095,54.453189849853516,5741205
2015-11-09,54.308845757312234,54.38101587966451,53.87581951697116,53.98407745361328,4761377
2015-11-10,54.20059230517938,54.236680122455084,53.62322577236295,53.875823974609375,4263697
2015-11-11,54.12841783371445,54.344933707540264,53.947989774268734,54.05624771118164,4030709
2015-11-12,54.05625666285451,54.272767066306876,53.442802260397,53.83974075317383,5403914
2015-11-13,53.5510413533593,53.73146939768494,52.865416987412644,53.04584503173828,6449666
2015-11-16,52.68499665021889,53.370621116463525,52.64890883358381,53.11802291870117,4973222
2015-11-17,53.55105287219306,54.38102315586304,53.406712608175724,54.2366828918457,6250100
2015-11-18,53.80365490079051,54.74187759984099,53.76756708280752,54.70579528808594,7209032
2015-11-19,54.81405191949215,55.17490810199369,54.74188178423751,54.92230987548828,4607131
2015-11-20,55.21098733590784,55.21098733590784,54.66970314634011,54.8862190246582,6031390
2015-11-23,54.63362424563318,54.8501401592796,54.38102601719797,54.66971206665039,4044917
2015-11-24,54.59753175294874,54.63361406101118,53.80364939461889,53.98407745361328,6023949
2015-11-25,53.98408452335919,54.99447738106675,53.98408452335919,54.63362121582031,6084188
2015-11-26,54.85012435913086,55.102722514802544,54.66969631847583,54.85012435913086,3633555
2015-11-27,54.633626295533446,55.427514337872054,54.597543979390814,55.13882827758789,4509283
2015-11-30,54.958393352958254,55.427507454382614,54.88622322340711,55.10273361206055,7982314
2015-12-01,55.17490283004928,55.319248592994725,54.705794242603154,55.066650390625,5759324
2015-12-02,55.174902566760196,55.53575871306007,55.03056231073137,55.39141845703125,4832360
2015-12-03,55.10273533188631,55.53576162893642,54.34494068860564,54.63362121582031,8563580
2015-12-04,54.489278189244295,54.52536600643029,53.76756589534702,54.272762298583984,6907805
2015-12-07,54.38102340698242,54.958395478174175,54.27276545535545,54.38102340698242,4074476
2015-12-08,54.308850909239496,54.48927898534993,53.55105078708453,53.7675666809082,6119026
2015-12-09,53.91190932737735,53.91190932737735,53.00976890686416,53.1901969909668,6047911
2015-12-10,53.045855945651816,53.29845415843312,52.61282965142272,53.22628402709961,5054901
2015-12-11,52.9736884981173,53.19019890308685,52.2519761357621,52.32414627075195,5638161
2015-12-14,52.54065969739271,52.82934022370091,51.638519287109375,51.638519287109375,6624420
2015-12-15,51.89111151006729,52.90150975418274,51.81894138682207,52.757164001464844,7650523
2015-12-16,52.68499781645052,53.11802409451824,52.57673987037663,52.82933807373047,5301193
2015-12-17,53.62322390013552,53.9479922193664,52.93759393943039,53.081939697265625,7573559
2015-12-18,52.75717072252946,53.154114710288525,52.61283045765062,52.72108840942383,12701130
2015-12-21,52.612832069748194,53.11802851853192,52.179805755615234,52.179805755615234,4842862
2015-12-22,52.25197525121147,52.54066129251218,51.49417508107564,51.56634521484375,5873281
2015-12-23,52.10762137784095,53.26236536355045,52.10762137784095,52.937591552734375,7000511
2015-12-28,52.7932545938964,53.33453880605619,52.61282652317647,53.11802291870117,2831982
2015-12-29,53.33454247616706,54.30885302385437,53.33454247616706,54.2366828918457,3928060
2015-12-30,54.41710420746814,54.489274330501466,53.80364990234374,53.80364990234375,3527607
2016-01-04,53.334537890692715,53.37062020048078,52.612825620199516,53.081939697265625,6546498
2016-01-05,53.19020304578738,53.58714707848993,52.64891873186324,53.26237869262695,4939220
2016-01-06,53.154114710288525,53.44280074627438,52.32414442166476,52.72108840942383,5384043
2016-01-07,51.45808883156793,51.927197418295336,50.98897473861268,51.494171142578125,6777081
2016-01-08,51.60243028763142,51.7828583655602,50.73637771606445,50.73637771606445,8585157
2016-01-11,50.48377098218004,51.0611429995065,50.30334291504397,50.700286865234375,7807065
2016-01-12,50.62812040775705,52.03545723089231,50.55595027691925,51.818946838378906,6229906
2016-01-13,52.3241349648328,52.68499106803854,52.14370691322993,52.396305084228516,5950213
2016-01-14,51.927188800623696,52.03544672814381,51.0972242041656,51.45808029174805,10507334
2016-01-15,51.0972353225099,51.45809148861173,50.267265039230075,50.59203338623047,12344299
2016-01-18,50.51985472239352,51.09722669314032,50.33942666981354,50.55594253540039,6069966
2016-01-19,51.06114095052083,51.5663373157382,51.06114095052083,51.4219970703125,6341249
2016-01-20,50.628122277299305,50.808550364170486,49.79815197644622,50.231178283691406,8815270
2016-01-21,50.375528587434715,51.494179522904666,50.159012661225695,50.916812896728516,10136942
2016-01-22,51.53024985231558,52.17979190420469,51.3498218104701,52.03544616699219,7242680
2016-01-25,52.251983642578125,52.28806596214267,51.78286943840597,52.251983642578125,4901090
2016-01-26,51.92719318573013,52.86542129516601,51.63851269626745,52.865421295166016,5738901
2016-01-27,52.86542343242014,53.334537506103516,52.54065511553112,53.334537506103516,7159436
2016-01-28,53.33453998666603,53.5149680613799,52.757167945090494,52.82933807373047,7548520
2016-01-29,53.190193857738066,54.27276229858398,53.081941418635736,54.272762298583984,10466028
2016-02-01,54.597531142743925,54.7057890781761,54.12841709335604,54.56144332885742,5693305
2016-02-02,54.48927688598633,54.63361713882236,54.09233293134568,54.48927688598633,5774558
2016-02-03,54.489278189244295,54.886222153378924,53.91190615163534,54.272762298583984,7470977
2016-02-04,54.63362299448601,54.8140510829833,53.26237392688929,53.69540023803711,8535866
2016-02-05,53.58713366813912,53.8397318501778,52.937591552734375,52.937591552734375,7188395
2016-02-08,53.11801678515567,53.154104597623686,51.9632783671315,52.57673263549805,7395666
2016-02-09,52.68499324633624,53.009761550158316,51.421996832896674,51.74676513671875,9914980
2016-02-10,51.92719055466348,52.82933080409285,51.53025214865083,52.57673263549805,8058546
2016-02-11,52.0354525451475,52.215880609108645,50.628115848741615,51.1333122253418,10124395
2016-02-12,51.67459359911619,51.891109466552734,51.34982530418861,51.891109466552734,7482903
2016-02-15,52.57673870654139,53.370621116463525,52.468480762863884,53.11802291870117,5417944
2016-02-16,53.11802689095474,53.298454975167374,52.39631455410419,52.72108840942383,6291021
2016-02-17,53.118010519939304,53.514954385359935,52.93758249133474,53.47886657714844,6657948
2016-02-18,51.74676934456084,51.927197418295336,50.98897473861268,51.494171142578125,15457145
2016-02-19,51.24157016496399,51.45808604420837,50.91680185232495,51.1333122253418,14022660
2016-02-22,51.27766811822841,51.74677677229166,51.09724001859527,51.34983825683594,6262394
2016-02-23,51.277663532675156,51.31374584563791,50.628121330836066,50.66420364379883,6888657
2016-02-24,50.844631727297006,50.844631727297006,49.83423886468969,50.66420364379883,6964922
2016-02-25,50.88071493237044,51.16940094103367,50.37551854688051,50.700286865234375,7097162
2016-02-26,50.88071901388149,51.20548735828737,50.700290932271976,50.84463119506836,6059577
2016-02-29,50.44769312228099,50.700291337306645,50.122919269052474,50.59203338623047,6984023
2016-03-01,50.483775156964235,51.638519287109375,50.339434893810136,51.638519287109375,9628861
2016-03-02,51.56633285443744,51.710678593602374,50.95287860511055,51.530250549316406,8286726
2016-03-03,51.458085125385175,51.4941674337966,50.98897106621708,51.09722900390625,5648968
2016-03-04,51.38591254804156,51.81894432451703,51.06114422191273,51.6024284362793,5987410
2016-03-07,51.38591556724757,51.74677173136091,51.24157530409347,51.638519287109375,5855879
2016-03-08,51.385909255842364,51.530255007495484,51.133311073233685,51.4219970703125,6605856
2016-03-09,51.49417049216043,51.78285650773481,51.313742420704905,51.6024284362793,5869484
2016-03-10,51.313747282612184,52.215887725366365,51.2415771484375,51.2415771484375,9252447
2016-03-11,51.56634364930424,51.85502968184053,51.38591556724757,51.638519287109375,6085458
2016-03-14,51.53025843881057,51.78285663823935,51.422000494418874,51.674598693847656,5623537
2016-03-15,51.42199262149944,51.7467608987234,51.38590481015147,51.530250549316406,6861777
2016-03-16,51.746771201313074,51.927199281521595,51.638518758170385,51.818946838378906,5475700
2016-03-17,51.89111445185368,51.963284579190336,51.13331434924938,51.6024284362793,7958527
2016-03-18,51.96328920991076,51.99937702990895,51.42200494730752,51.56634521484375,23448332
2016-03-21,51.38591712730934,51.746773302378166,51.205489039774925,51.56634521484375,6023448
2016-03-22,51.09722582646504,51.24156606358995,50.7002819150309,50.98896789550781,6649518
2016-03-23,51.20548460563547,51.78285663823935,51.16940229499009,51.674598693847656,5837669
2016-03-24,51.34982399454718,51.34982399454718,50.98896789550781,50.98896789550781,5013297
2016-03-29,51.349829851331954,51.891114061628016,51.13331396472244,51.85502624511719,7593908
2016-03-30,52.143714904785156,52.50457106329578,51.99937464387211,52.143714904785156,5401073
2016-03-31,52.03545431521587,52.03545431521587,51.6745981750185,51.85502624511719,6515242
2016-04-01,51.63852126991532,51.71069140426354,51.02506136238467,51.31374740600586,8538007
2016-04-04,51.31375043441786,51.42200839544346,51.13332233478472,51.34983825683594,7801955
2016-04-05,51.06114448053865,51.27766036987305,50.70028833579987,51.27766036987305,10181305
2016-04-06,51.27765518378551,51.891109466552734,50.84462344891242,51.891109466552734,7154625
2016-04-07,51.89111800435814,52.0715460881659,51.67460210129757,51.92720031738281,5352319
2016-04-08,52.03545565391786,52.3602294921875,51.8911153966166,52.3602294921875,8902475
2016-04-11,52.69538434720594,52.69538434720594,52.099533205279215,52.17401885986328,12207091
2016-04-12,52.09953899540595,52.28574178764465,51.83885622276342,52.248504638671875,6918445
2016-04-13,52.65815390908721,53.03055953979492,52.54643676584207,53.03055953979492,10865304
2016-04-14,53.70087860312542,54.296729749779686,53.36571588466844,54.07328414916992,11797910
2016-04-15,53.99880616236822,54.22225177119565,53.62640060262775,54.14776611328125,9821413
2016-04-18,53.88708137614767,54.147764121887285,53.73812143071294,54.07328414916992,4956864
2016-04-19,54.18501379223326,55.07878494262695,54.11053381011019,55.07878494262695,8706830
2016-04-20,54.74362020924893,55.041545809464374,54.40845746054293,55.004302978515625,5176570
2016-04-21,55.11602151042044,55.11602151042044,53.70087928109377,54.631893157958984,7126241
2016-04-22,54.48294771786396,54.594670549327866,53.70089358007587,53.8870964050293,5396043
2016-04-25,53.887100268486336,54.110545947434176,53.62641743135363,53.92434310913086,5681592
2016-04-26,54.296748785737485,54.371228784566874,53.84986311030147,53.92434310913086,4732748
2016-04-27,53.84984991119418,54.18501266500471,53.70088426758862,54.03605270385742,3630085
2016-04-28,53.73813083777726,53.9988136291504,53.254002406679355,53.99881362915039,3635215
2016-04-29,53.47744342314171,53.775363340407246,53.17951782341799,53.253997802734375,5509956
2016-05-02,53.5519274947736,53.70088746478955,53.32848185729107,53.477447509765625,3198412
2016-05-03,53.291249931488764,53.32848708641473,52.65815579069642,52.993324279785156,4790937
2016-05-04,52.918845727655814,53.25400854340681,52.50919723510742,52.50919723510742,4423255
2016-05-06,52.43471380704637,52.88159942626953,52.32299098162584,52.88159942626953,5019233
2016-05-09,53.142278743453964,53.47744719772204,53.0305559253646,53.216758728027344,4901997
2016-05-10,53.6264078764895,53.961570652734096,53.4774479053716,53.849853515625,5354971
2016-05-11,53.738131033461876,54.22225946632271,53.66365104743529,54.18501663208008,4626565
2016-05-12,54.147764121887285,54.55741249551931,53.77535857584279,54.07328414916992,6695465
2016-05-13,53.961571186694016,54.48294245568303,53.58916557275559,54.371219635009766,4678462
2016-05-17,54.52017941042905,54.66914506494091,53.92433383975768,54.18501663208008,7142889
2016-05-18,53.998808260342145,54.29673385620117,53.849848303641686,54.29673385620117,4551605
2016-05-19,53.96157059718526,54.073293416638,53.70088780676796,53.8126106262207,6642615
2016-05-20,54.110536701101495,54.37121949368909,53.96157104643809,54.222259521484375,7764266
2016-05-23,54.07329400736728,54.48294245568303,53.84985404847945,54.371219635009766,4099740
2016-05-24,54.07328881917184,54.81809997558594,53.924328860872286,54.81809997558594,5807386
2016-05-25,54.92983412823515,54.92983412823515,54.557428473128475,54.669151306152344,5999877
2016-05-26,54.59465871184283,55.41394982750328,54.59465871184283,55.30222702026367,6217140
2016-05-27,55.15326706558287,55.48842980484368,55.004301428444045,55.30222702026367,4759061
2016-05-30,55.227752685546875,55.33947550420122,55.04154988194251,55.227752685546875,2284456
2016-05-31,55.153279794282895,55.26499694484743,54.445705640104606,54.669151306152344,7317895
2016-06-01,54.557428473128475,54.92983412823515,54.40846848406954,54.669151306152344,3911532
2016-06-02,54.5574189736454,54.81810175033838,54.44569616007459,54.70637893676758,4260958
2016-06-03,54.9298187350474,55.04154153676277,54.33396758087056,54.631893157958984,4491128
2016-06-06,54.743614196777344,54.967059793012524,54.63189139865976,54.743614196777344,4230705
2016-06-07,54.9298249783808,55.07878494262695,54.70637934955318,55.07878494262695,4586850
2016-06-08,54.85535413370568,54.92983412823515,54.52018563463407,54.669151306152344,4329532
2016-06-09,54.52017960760165,54.55742244197897,54.14777399366322,54.371219635009766,5445141
2016-06-10,54.33396257000449,54.33396257000449,53.70087432861328,53.70087432861328,5838490
2016-06-13,53.29124399113819,53.51468394316476,52.84435272216797,52.84435272216797,6773399
2016-06-14,52.50918535505022,52.732630969969826,52.13677978515625,52.13677978515625,9928700
2016-06-15,52.3602312179492,52.80711681498491,52.211265563964844,52.211265563964844,6251077
2016-06-16,51.98782730102539,52.28574725378634,51.80162448932037,51.98782730102539,8171589
2016-06-17,52.509192846154654,52.62091566955314,51.950584411621094,51.950584411621094,19937805
2016-06-20,52.7326414654667,53.179527101792516,52.583675798385315,52.993324279785156,7555310
2016-06-21,52.918837228310785,53.663648416985346,52.80711441351792,53.51468276977539,5546000
2016-06-22,53.66364253499164,53.77535965508095,53.25399415313823,53.4029541015625,5371230
2016-06-23,53.40296792365854,54.22226489942101,53.36573076814341,53.8870964050293,5185269
2016-06-24,51.838855465890354,54.222254581221904,51.54092986616664,53.253997802734375,13842075
2016-06-27,52.88159758881082,53.88709161774012,52.84435475414506,52.956077575683594,9240880
2016-06-28,53.99881058824971,55.190507340602174,53.961567756239994,54.70637893676758,12977333
2016-06-29,55.15327127716725,55.67463684082031,54.85534566259759,55.67463684082031,12669445
2016-06-30,55.30223345824965,56.196004655298495,55.30223345824965,55.972564697265625,10645242
2016-07-01,56.15875875811093,56.642887115478516,55.97255598085091,56.642887115478516,8091878
2016-07-04,56.56841099789239,56.86633662823998,56.53117384563567,56.68013381958008,5077645
2016-07-05,56.382200160692804,56.56840294283837,56.00979459640168,56.30772018432617,6345292
2016-07-06,56.009804203269525,56.56841264551939,55.82360138918623,56.41945266723633,8746239
2016-07-07,56.56840760080792,57.08977884322114,56.49392761830844,57.05253601074219,7595505
2016-07-08,57.23874509248517,57.57391357421875,56.90358229321062,57.57391357421875,6640748
2016-07-11,57.61114366051558,58.095272064208984,57.46218369743684,58.095272064208984,6275296
2016-07-12,57.98354925067076,58.095272064208984,57.834589287592024,58.095272064208984,8649433
2016-07-13,57.871828208432866,58.02079385852938,57.685625407656104,57.983551025390625,6989148
2016-07-14,58.02079213996473,58.281474916839116,57.946312158351816,58.13251495361328,5529903
2016-07-15,57.90907104157162,58.05803100920962,57.79734822461386,57.983551025390625,6346691
2016-07-18,58.02079025523598,58.31871585446828,57.98354742441013,58.16975021362305,3600287
2016-07-19,58.02079951853029,58.13252234638675,57.79735386281737,57.90907669067383,4513727
2016-07-20,57.98354742441013,58.20699304444889,57.871824614390746,58.16975021362305,3675747
2016-07-21,58.095273898686145,58.20699671575225,57.79734828066272,58.02079391479492,4167969
2016-07-22,57.98354748276371,58.20699310302735,57.79734469336341,58.206993103027344,3884523
2016-07-25,58.169750272164016,58.467675871696144,58.169750272164016,58.206993103027344,3863644
2016-07-26,58.24422864128456,58.69111986945762,58.20699149390881,58.467674255371094,4854249
2016-07-27,58.54215763590354,58.653880449441765,58.095272064208984,58.095272064208984,4784727
2016-07-28,57.94631141487602,58.09527137619063,57.499420166015625,57.499420166015625,6161825
2016-07-29,57.499413003127415,58.02078416769623,57.462175858666654,57.87181854248047,5763880
2016-08-02,57.499416249344286,57.87182180972205,57.387699127197266,57.387699127197266,5061727
2016-08-03,57.57390540573019,57.61114255455586,57.015297031221,57.12701416015625,3551168
2016-08-04,57.201504343790944,57.76011276245117,57.01530153757087,57.76011276245117,5813076
2016-08-05,57.79734463519722,58.20699304444889,57.76010748682953,58.16975021362305,3782049
2016-08-08,58.05802497724522,58.16974778259548,57.611139438302075,57.722862243652344,3656031
2016-08-09,57.64838643551403,58.16975198823244,57.64838643551403,58.05802917480469,3200311
2016-08-10,57.90906707588648,58.206992673218686,57.83458709716797,57.83458709716797,4554253
2016-08-11,58.169757018419304,59.324216719573286,58.169757018419304,59.212493896484375,8514036
2016-08-12,59.13801794907625,59.51042359651066,59.10077511134912,59.435943603515625,3647747
2016-08-15,59.43593027251767,59.62213305447111,59.32420746685403,59.473167419433594,4177765
2016-08-16,59.28696959658927,59.39869241159807,58.80284118652344,58.80284118652344,8329100
2016-08-17,58.91456928866366,59.06353494953005,58.2442380209122,58.355960845947266,5265247
2016-08-18,57.83459423161141,59.47317669538594,57.83459423161141,59.212493896484375,11207590
2016-08-19,59.28696765483726,59.36144763491764,58.46767650903668,58.765602111816406,7023485
2016-08-22,58.65387860206826,58.728358581261794,57.98354742441013,58.16975021362305,5031280
2016-08-23,58.355954783125924,58.393197615087956,58.05802917480469,58.05802917480469,3546354
2016-08-24,57.94630813598633,58.169748065314906,57.79734250064265,57.94630813598633,3925382
2016-08-25,57.72286803890245,57.98355082258643,57.64838805534395,57.79734802246094,3813974
2016-08-26,57.72286824079487,58.05803100920962,57.64838825697586,57.983551025390625,3878211
2016-08-29,57.760109306052655,58.095272064208984,57.7228664740538,58.095272064208984,2536364
2016-08-30,58.13252087833607,58.46768367098233,58.13252087833607,58.355960845947266,3419514
2016-08-31,58.20699133510724,58.393194118852016,58.09526852836878,58.3187141418457,4238339
2016-09-01,58.393205156412435,58.430442310725205,57.7601167085046,57.90907669067383,4260783
2016-09-02,58.020789199351256,58.877323150634766,57.94630922151314,58.877323150634766,6078936
2016-09-05,58.80284322116454,59.100768844010396,58.72836323606772,58.91456604003906,3133038
2016-09-06,59.17523933415279,59.17523933415279,58.76559664062018,58.989036560058594,3634337
2016-09-07,58.87731944156825,59.06352221566244,58.65387383967212,58.989036560058594,5090403
2016-09-08,59.06353320034293,59.06353320034293,58.43043910471318,58.50492477416992,5473836
2016-09-09,58.95180247008633,58.95180247008633,58.09526852836878,58.3187141418457,5747666
2016-09-12,57.6111510438763,58.02079951853029,57.57391388956353,57.90907669067383,4995389
2016-09-13,57.94631141487602,58.09527137619063,57.499420166015625,57.499420166015625,4958013
2016-09-14,58.09526780651461,58.09526780651461,57.68561941438294,57.722862243652344,6452102
2016-09-15,57.685619354248054,57.871822135485075,57.4249365970078,57.68561935424805,4619249
2016-09-16,57.72286542463769,57.72286542463769,57.16425704956055,57.16425704956055,13771921
2016-09-19,57.350477272567595,57.53668012085515,57.31323442992609,57.424957275390625,4394113
2016-09-20,57.49941866924745,58.095269863911845,57.35045871181041,57.83458709716797,5104368
2016-09-21,58.095269647341595,58.095269647341595,57.49941845489844,57.64838409423828,4136759
2016-09-22,57.6111418459843,58.31871585446828,57.536661866790766,58.16975021362305,4327280
2016-09-23,57.797341609077066,57.87182158437102,57.01529334480376,57.20149612426758,8881188
2016-09-26,57.089782271615356,57.16426225858756,56.64289666732336,56.68013381958008,4943789
2016-09-27,56.94080778879561,57.46217898170062,56.90357064231103,57.31321334838867,6351952
2016-09-28,57.46217910278124,57.83458466315901,57.35045629817633,57.387699127197266,4694255
2016-09-29,57.72288296914271,57.79736297196574,57.31323442992609,57.424957275390625,3983787
2016-09-30,57.01530456542969,57.164264545332955,56.71737892316417,57.01530456542969,6278640
2016-10-03,56.97805051592785,57.35045607485548,56.90357054063389,57.20149612426758,3427320
2016-10-04,57.350465897398244,57.61114869680374,57.05254026273817,57.462188720703125,5425215
2016-10-05,57.08977848691873,57.3877040975157,56.71737289428712,56.71737289428711,6014067
2016-10-06,56.75461004407524,56.86633285835641,56.531170097971305,56.71737289428711,4218469
2016-10-07,56.82909301238868,56.82909301238868,55.89807907498034,56.04703903198242,6126618
2016-10-10,55.97256320973188,56.605651597687995,55.7863604084237,56.382205963134766,5313331
2016-10-11,56.121524810791016,56.49393042424346,56.08428765892099,56.121524810791016,4172901
2016-10-12,55.93531201954202,56.15875762071165,55.71187210083008,55.71187210083008,4776657
2016-10-13,55.674638477968635,55.74911846318657,55.22775288420242,55.41395568847656,6112058
2016-10-14,55.33947077067751,56.34496468764332,55.33947077067751,56.08428192138672,4926240
2016-10-17,55.78635945136427,55.898082266724195,55.264988207170774,55.488433837890625,4518005
2016-10-18,55.600151284806394,55.89807686951399,55.52567130924397,55.786354064941406,4783055
2016-10-19,55.637392025666855,55.823594817831015,55.37670925312869,55.600154876708984,5325474
2016-10-20,54.594662330667965,55.451190650544866,54.482939516022775,55.15327072143555,8763809
2016-10-21,55.15327575511738,55.33947856903411,54.29674167460866,54.48294448852539,7728744
2016-10-24,54.52018878222566,54.66915446234411,53.92434310913086,53.92434310913086,7483460
2016-10-25,53.998799878225974,54.03604270284902,53.70087432861328,53.70087432861328,6689332
2016-10-26,53.738130640738426,53.88709061170298,53.62640782128568,53.8126106262207,5751055
2016-10-27,53.88708756929406,54.52017593383788,53.70088477487186,54.52017593383789,6136123
2016-10-28,54.14777385292332,54.48294231407197,53.70088825385049,54.222259521484375,4757458
2016-10-31,54.07329687584623,54.07329687584623,53.440208435058594,53.440208435058594,6212494
2016-11-01,53.70088726407803,53.99881288545501,53.29124450683594,53.29124450683594,6296159
2016-11-02,53.402961530690085,53.81260996953154,53.142278743453964,53.216758728027344,8406485
2016-11-03,53.14227819392028,53.36572382778839,52.65814977551172,52.69539260864258,7932204
2016-11-04,52.620912624839384,52.80711542557663,52.50918980790532,52.69539260864258,7602014
2016-11-07,52.99332427978516,53.179527101792516,52.695398628081556,52.993324279785156,6889961
2016-11-08,52.84435672444107,53.291248027257495,52.732639581195926,53.03055953979492,4594106
2016-11-09,52.174026782563296,53.067797948716176,52.13678394961589,52.471946716308594,12271598
2016-11-10,52.39746352385471,52.4719435027296,51.01956402606573,51.31748962402344,18800591
2016-11-11,51.61541494594167,51.68989492441825,51.05680658368022,51.09404373168945,9404724
2016-11-14,51.466448708555276,51.466448708555276,50.38647482704764,50.57267761230469,9381560
2016-11-15,50.72163064704312,51.168516134195144,50.684393504547195,51.13127899169922,7966335
2016-11-16,51.35472500407332,51.466447809768084,50.83335948744172,51.4292106628418,7106874
2016-11-17,51.652650591773366,51.76437339746812,51.243007880836515,51.4292106628418,6654699
2016-11-18,51.54093107452764,51.54093107452764,50.982322692871094,50.982322692871094,6750078
2016-11-21,50.98232054902619,50.98232054902619,50.72163778504004,50.758880615234375,6072873
2016-11-22,51.01956659493451,51.09404657755952,50.20027542114258,50.20027542114258,7768925
2016-11-23,50.20027353247002,50.684401925005965,50.20027353247002,50.237510681152344,6417729
2016-11-24,50.46095657348633,50.609916533930296,50.01407100969618,50.46095657348633,4798839
2016-11-25,50.498200442194026,51.61541721584913,50.498200442194026,51.391971588134766,8842162
2016-11-28,51.540935041776926,51.540935041776926,50.945089464954364,51.05681228637695,5343959
2016-11-29,50.94508926995766,50.9823264219835,50.721643627967744,50.870609283447266,5887571
2016-11-30,50.83336461589513,51.391973018267606,50.647161815104305,50.94508743286133,18924129
2016-12-01,50.833357919141115,50.833357919141115,49.97682401185085,50.125789642333984,9092829
2016-12-02,49.97683215091563,50.68440622541375,49.902352164773376,50.64716339111328,6004920
2016-12-05,50.57268340497103,51.35473178315271,50.57268340497103,50.64716339111328,7247847
2016-12-06,50.647161815104305,51.280250201301406,50.46095901431348,50.94508743286133,5047026
2016-12-07,51.094043357151136,51.131286187345474,50.535434998984485,50.758880615234375,7256579
2016-12-08,50.68439919708212,51.20576471023958,50.64715636794605,51.168521881103516,6287043
2016-12-09,51.31749691775899,52.99332225169006,51.20577409233846,52.88159942626953,9238346
2016-12-12,52.76986883136794,52.84434880986271,52.47194323493074,52.73263168334961,7376461
2016-12-13,52.732630945653646,53.77536199490952,52.65814528574277,53.73812484741211,7754069
2016-12-14,53.8870964050293,53.92433924300368,53.40296792365854,53.8870964050293,8650503
2016-12-15,53.51468514321315,53.961570739746094,53.2167595180383,53.961570739746094,9506135
2016-12-16,54.036052376233734,54.14776950518772,53.477444001630865,53.77536392211914,12603592
2016-12-19,53.70088079854467,54.33396911621094,53.66364365189248,54.33396911621094,5789439
2016-12-20,54.371209952877884,54.520169898943784,53.88708160447716,54.25948715209961,5604995
2016-12-21,54.29673196955874,54.44569192108331,54.11052918892408,54.33396911621094,4964032
2016-12-22,54.14777601399993,54.52018164183338,53.99881603585012,54.48294448852539,3873122
2016-12-23,54.2594911820856,54.52017394829132,54.14776837300939,54.44569396972656,2971293
2016-12-27,54.296732250797724,54.59465783784792,54.296732250797724,54.55741500854492,2208489
2016-12-28,54.52017966274161,54.5574224971566,54.25949686921281,54.40846252441406,2788419
2016-12-29,54.14777404842655,54.66914531794286,54.14777404842655,54.40846252441406,3089099
2016-12-30,54.8181052906854,54.8181052906854,54.33397685558408,54.40846252441406,3711054
2017-01-03,54.81809725730567,54.81809725730567,53.77536055354078,54.14776611328125,6683521
2017-01-04,54.333965660974954,54.59465408325196,54.036045776871305,54.59465408325195,5933945
2017-01-05,54.408446388696326,55.190494537353516,54.371203565326304,55.190494537353516,6407925
2017-01-06,55.11603020708489,55.56291580200195,54.892584568397034,55.56291580200195,5677602
2017-01-09,55.63739013671875,55.78635577486749,55.451187350876374,55.63739013671875,5217664
2017-01-10,55.562913672029005,55.711879319596605,54.92982529662736,55.339473724365234,5659853
2017-01-11,55.711879319596605,55.74911646964469,55.339473724365234,55.339473724365234,6365571
2017-01-12,55.19051196464972,55.56291758611492,55.0787891417184,55.451194763183594,5949230
2017-01-13,55.600156653250544,55.600156653250544,55.15327107426929,55.488433837890625,4174692
2017-01-16,55.4139535006354,55.48843348291273,55.15327072143555,55.15327072143555,3772859
2017-01-17,55.07877868236273,55.153264338478145,54.40845323698598,54.631893157958984,4978232
2017-01-18,54.818102014991375,55.07878479294289,54.74362203307071,54.92982482910156,3523308
2017-01-19,54.967067186417836,55.04154716769505,54.44569595256067,54.52017593383789,7760548
2017-01-20,54.631893157958984,54.631893157958984,54.37121040892827,54.631893157958984,11247573
2017-01-23,54.44569396972656,54.594659609314206,54.2594911820856,54.44569396972656,5838234
2017-01-24,54.52017035624361,54.66913598601669,54.2594876072129,54.631893157958984,4568628
2017-01-25,54.70638685103575,54.96707534790039,54.52018402896625,54.96707534790039,6735227
2017-01-26,54.55742230017432,54.967070747425325,54.222259521484375,54.222259521484375,7887172
2017-01-27,54.22226168553376,54.594667313367204,54.22226168553376,54.48294448852539,4572818
2017-01-30,54.296748785737485,54.408471625211405,53.62641743135363,53.92434310913086,5586276
2017-01-31,53.961570652734096,54.147773457860794,53.5891650424807,53.849853515625,7167423
2017-02-01,54.110530417134356,54.55741596430945,53.73812484741211,53.73812484741211,5893675
2017-02-02,53.70088378850293,54.18501218159994,53.36572103768251,53.62640380859375,6175087
2017-02-03,53.924324432222484,54.445689925910834,53.84984445918953,54.25948715209961,4155229
2017-02-06,54.29673746745766,54.482940266946564,54.03605468466488,54.11053466796875,3958699
2017-02-07,54.11052720603371,54.520169898943784,54.11052720603371,54.25948715209961,7728402
2017-02-08,54.408446388696326,55.451177253572574,54.18500081339025,55.190494537353516,7258542
2017-02-09,55.15327060720842,55.413953385868375,54.85534499625773,55.07878494262695,5978374
2017-02-10,55.11602777491768,55.15327060720842,54.594662217597765,55.07878494262695,4639743
2017-02-13,54.74362386184508,55.041549481938674,54.63190104400267,54.8553466796875,3301179
2017-02-14,54.743625248948184,54.9298280559174,54.29673964871382,54.371219635009766,3976463
2017-02-15,54.40846449945048,54.6319044666752,54.07329602492503,54.48294448852539,5556414
2017-02-16,53.402962323465246,54.14777354517304,53.2167595180383,53.961570739746094,15576252
2017-02-17,53.70088344972398,55.041545809464374,53.626403470284664,55.004302978515625,15428333
2017-02-20,54.89257774244018,54.96706340104618,54.33396939764279,54.55741500854492,4523861
2017-02-21,54.40846848406954,54.92983412823515,54.37122564557514,54.669151306152344,4044788
2017-02-22,54.557419701395986,55.52567652198092,54.52017686888948,55.339473724365234,9295832
2017-02-23,55.1532637803637,55.78635207373406,55.04154097977889,55.71187210083008,4937020
2017-02-24,55.488433837890625,55.67463663600435,55.15327107426929,55.488433837890625,4265415
2017-02-27,55.60015650453551,55.823596452199276,55.26498805935222,55.339473724365234,4368094
2017-02-28,55.37670699760407,55.48842980484368,54.967064281002855,55.30222702026367,5750834
2017-03-01,55.264984565034,55.63739013671875,55.153267439495025,55.63739013671875,5705208
2017-03-02,55.56291580200195,55.63739578741169,55.26499017790436,55.56291580200195,5173058
2017-03-03,55.56291204529285,55.67463485708299,55.33947210417081,55.600154876708984,4602077
2017-03-06,55.33947442335877,56.00979995727539,55.30223159038185,56.00979995727539,4767368
2017-03-07,56.00979635750751,56.531167573383236,55.972559209382325,56.19599914550781,8446136
2017-03-08,56.047038815816244,56.270484432915694,55.74911322050301,55.860836029052734,5419563
2017-03-09,55.674633457019084,56.04703903198242,55.45118783905784,56.04703903198242,5360006
2017-03-10,56.15876199738263,56.23324197609112,55.786356421382024,56.19599914550781,4931056
2017-03-13,56.23324048725595,56.68012603013327,56.08428053378283,56.531166076660156,5483425
2017-03-14,56.45668433821851,56.82908989273853,56.45668433821851,56.642887115478516,3995848
2017-03-15,56.71737324826531,57.052536010742195,56.56840760080792,57.05253601074219,6847668
2017-03-16,57.20149430076201,57.42493421952091,57.01529152723408,57.27597427368164,8119015
2017-03-17,57.42494018535832,57.499420166015625,56.90357463829889,57.499420166015625,20433014
2017-03-20,57.38769945023515,57.685619354248054,57.27597664500134,57.68561935424805,5749045
2017-03-21,57.64840296631968,57.685640126501205,57.38772011520909,57.424957275390625,5721657
2017-03-22,57.31321334838867,57.57390178607012,57.12701056859214,57.31321334838867,6093637
2017-03-23,57.27597851957584,57.64838409423828,56.8663301144639,57.64838409423828,6039881
2017-03-24,57.42494018535832,57.648385809788515,57.31321737314322,57.499420166015625,4403667
2017-03-27,57.27597851957584,57.76010690312864,57.052532901795125,57.64838409423828,4303417
2017-03-28,57.53665907836522,57.76010468757504,57.20149634700838,57.387699127197266,5453506
2017-03-29,57.536665238776955,57.797348022460945,57.08977965496747,57.79734802246094,4555903
2017-03-30,57.72287355557209,57.83459638281662,57.536670737650894,57.57391357421875,4595289
2017-03-31,57.35045800690825,57.462180814841886,57.08977524336846,57.23873519897461,6109963
2017-04-03,57.23873702974585,57.61114261313061,57.16425704956055,57.16425704956055,4559875
2017-04-04,56.978054257868166,57.31321700993115,56.903574277682864,57.16425704956055,4798763
2017-04-05,56.97805404663086,57.2759796487258,56.97805404663086,56.97805404663086,5627085
2017-04-06,56.68013041578636,57.27598164069906,56.53117045078739,57.05253601074219,5631493
2017-04-07,56.94080768705194,57.31321324597957,56.71736776117008,57.20149612426758,5916655
2017-04-10,57.738958240626005,58.04608154296875,57.355055577170006,58.04608154296875,9240401
2017-04-11,57.81574333347543,58.23803274762174,57.7773507240577,58.19964599609375,5625382
2017-04-12,58.31481241783601,58.85227966308594,58.238033056483104,58.85227966308594,6545877
2017-04-13,58.660335540771484,58.85228689669162,58.50677094130108,58.660335540771484,5910961
2017-04-18,58.698713815227954,58.81388578371573,58.27642440795899,58.276424407958984,6645288
2017-04-19,58.353203037067296,58.42998239580131,57.662177092682,57.738956451416016,4698530
2017-04-20,58.19964612308501,58.391597454813,57.777350850127505,58.04608154296875,6533846
2017-04-21,57.96930503973434,58.12286376953126,57.662181722250445,58.12286376953125,5675028
2017-04-24,58.69872103859801,59.35136032104492,58.391603562023434,59.35136032104492,5917957
2017-04-25,59.351351866486645,59.351351866486645,58.89066400146869,59.274566650390625,8584273
2017-04-26,59.08262413901723,59.543312072753906,58.96745801347347,59.543312072753906,5439821
2017-04-27,59.35135229290724,59.54330361874731,59.15940096706716,59.46651840209961,4900934
2017-04-28,59.50491302142033,59.50491302142033,58.85227966308594,58.85227966308594,4653022
2017-05-02,59.08261532592966,59.274566650390625,58.92905660951671,59.274566650390625,10748316
2017-05-03,59.197801410208925,59.50492477416992,59.04424265717389,59.50492477416992,3559177
2017-05-04,59.58169182428168,60.84857177734375,59.58169182428168,60.84857177734375,7023025
2017-05-05,60.42628900816199,61.4244384765625,60.42628900816199,61.4244384765625,9477815
2017-05-08,61.42443314402571,61.92350783489901,61.194089176579446,61.76994323730469,6699156
2017-05-09,61.57799645197419,62.15385055541992,61.53960969314566,62.15385055541992,6135219
2017-05-10,61.92350442045228,62.115455763443215,61.76993983132547,61.961891174316406,5479187
2017-05-11,62.00028610229492,62.537747539592125,61.69316277045781,62.00028610229492,5986145
2017-05-12,61.923497536508876,62.49935150146484,61.923497536508876,62.499351501464844,8752508
2017-05-15,62.57613945425338,62.76809080227256,62.3841881062342,62.42258071899414,4595561
2017-05-16,62.30740280801348,63.2671594567571,62.30740280801348,63.19038009643555,7625599
2017-05-17,62.84487398322762,63.15199733027211,62.4993638789842,62.72970199584961,6522164
2017-05-18,62.42258796698667,62.844877466927464,62.19224397946192,62.23063659667969,7374980
2017-05-19,62.614530426879085,63.2287712097168,62.46096583775208,63.2287712097168,8068199
2017-05-22,63.34393954848439,64.07335226679588,63.2671601872763,64.03496551513672,6247710
2017-05-23,63.72783711699909,63.91978843361656,63.42071383883329,63.4591064453125,5145721
2017-05-24,63.420724470663245,63.45911708357858,62.84487042427486,63.07521438598633,4751763
2017-05-26,62.72969359070362,63.76623548032895,62.61452747664732,63.6126708984375,4989080
2017-05-29,63.38233047600138,63.45910983517191,63.19037914913025,63.26715850830078,2065817
2017-05-30,63.19038445585262,63.382335798843805,62.84486852373443,63.2287712097168,4137088
2017-05-31,63.305541877284945,63.91978843361656,63.22876252221582,63.4591064453125,8733887
2017-06-01,63.38232846437726,63.88139721209108,63.228763893020414,63.57427978515625,4531096
2017-06-02,63.804628923721744,63.88140829377458,63.343946845514274,63.689456939697266,3387974
2017-06-06,63.34393954848439,64.22691684710183,63.34393954848439,64.03496551513672,5784076
2017-06-07,63.72783849862366,64.11174114018164,63.49749457053311,63.57427978515625,4942264
2017-06-08,63.459123371298105,63.612682122393956,62.15385055541992,62.15385055541992,5801951
2017-06-09,62.345801923235165,62.9216560266809,62.07707117987199,62.15385055541992,5305187
2017-06-12,61.84672927856445,62.15384676201199,61.693164678950176,61.84672927856445,10154064
2017-06-13,62.00028610229492,62.19223745245683,61.76994213894451,62.00028610229492,7063962
2017-06-14,61.88511507664807,62.49936174981144,61.84672832075687,61.92350769042969,7197157
2017-06-15,62.03867150548225,62.26900958417294,61.46281752192105,62.192230224609375,8262419
2017-06-16,62.38418713529527,64.07335662841797,62.38418713529527,64.07335662841797,20173343
2017-06-19,64.15014185274278,64.45725931848132,63.76623916267942,64.07335662841797,6017195
2017-06-20,64.34208490265051,64.7259875432203,64.11174097515288,64.49564361572266,7774081
2017-06-21,64.57242313847333,64.57242313847333,63.49749457053311,63.57427978515625,7299298
2017-06-22,63.4207311723796,63.57429578237796,62.768097689086545,63.152000427246094,7952447
2017-06-23,63.07520825249255,63.19038022214885,62.49935426210075,63.03681564331055,5672935
2017-06-26,65.64736311116103,66.03126581941343,65.18668103283623,65.76253509521484,12527771
2017-06-27,65.53218236015283,65.60896171995361,64.57242571791893,64.72599029541016,6612166
2017-06-28,65.76253087060377,65.95448221239893,65.37862818701342,65.5705795288086,12057658
2017-06-29,65.91609840109365,65.91609840109365,64.2269287109375,64.2269287109375,6400098
2017-06-30,64.22692121917741,64.9179472328695,64.03496987414573,64.07335662841797,5092931
2017-07-03,64.1885328233462,64.57243553862685,63.76624335127182,64.26531219482422,4172503
2017-07-04,64.15014569400822,64.15014569400822,63.65107099546358,63.76624298095703,3602033
2017-07-05,63.61266855351296,63.68944791268349,63.151986540600184,63.26715850830078,5583664
2017-07-06,63.11360781027378,63.4207311723796,62.30741557487326,63.152000427246094,7574857
2017-07-07,63.036826699490774,63.22877806328818,62.61453721387092,62.84487533569336,4236666
2017-07-10,63.151994953187824,64.03497234599588,62.84487161770367,63.65106964111328,4125220
2017-07-11,63.343938817078644,63.53589014682737,63.036815517902745,63.19038009643555,3777621
2017-07-12,63.19038927835085,64.38048418098653,62.99843792071052,64.26531219482422,4130566
2017-07-13,64.4188661507828,64.68759683549479,64.15013546607084,64.34208679199219,3621878
2017-07-14,64.49564361572266,64.6492023287948,63.99656901140407,64.49564361572266,3408006
2017-07-17,64.34208691463071,64.76437631772883,63.99657101257997,64.18852233886719,4045229
2017-07-18,64.3804814698948,64.61082543251953,63.65106868473371,63.727848052978516,4475256
2017-07-19,63.76624011381311,64.26530893202742,63.68945488834298,63.996578216552734,3927559
2017-07-20,64.41886817906693,64.57242690148311,63.68944960286567,64.03496551513672,5462531
2017-07-21,64.15013386708488,64.18852061657857,63.42071533203125,63.42071533203125,6133324
2017-07-24,63.42072942708559,63.612680790883,62.806488577668325,62.84487533569336,5197627
2017-07-25,62.8064836692498,63.53589645151898,62.8064836692498,63.07521438598633,4997251
2017-07-26,63.2287712097168,63.88140460430879,63.15199184409835,63.2287712097168,5356570
2017-07-27,62.11545779105756,63.2287732735905,61.65477572441945,62.614532470703125,8933802
2017-07-28,62.460971263894656,62.921653355516085,62.0770685445617,62.72970199584961,5631932
2017-07-31,62.4993638789842,63.26716931765012,62.4993638789842,62.72970199584961,5943191
2017-08-02,62.88326968211259,63.30555917935355,62.72970507211423,63.152000427246094,5003100
2017-08-03,63.228764010894416,63.61266665316808,62.80647461912705,63.42071533203125,4509525
2017-08-04,63.45911773442999,63.9197998046875,63.34394575239302,63.9197998046875,5223031
2017-08-07,64.03498039879719,64.15015239632365,63.574298266582474,63.8430290222168,3327770
2017-08-08,63.727848453922675,64.1885305241802,63.65106908519481,63.9197998046875,3454880
2017-08-09,63.34393799102627,63.535889318271806,62.9600353365352,63.11359405517578,5079308
2017-08-10,63.113600329757624,63.15199294217947,62.576138903193026,62.69131088256836,4590655
2017-08-11,62.30741996051731,62.61454334424068,62.07707595825195,62.07707595825195,5130038
2017-08-14,62.30740187394515,63.26715850830078,62.269009265415086,63.26715850830078,3980708
2017-08-15,63.420717226641834,63.53588919434243,62.537739951456736,63.26715850830078,4945854
2017-08-16,62.921654709634176,63.11360607343158,62.76809596175255,62.84487533569336,3417467
2017-08-17,62.460972608098544,62.806488577668325,62.2306344862761,62.84487533569336,4312201
2017-08-18,62.0386891964686,62.34580672230066,61.80834519420324,62.07707595825195,5480875
2017-08-21,61.885113429806275,62.729698189512625,61.885113429806275,62.42258071899414,3788531
2017-08-22,62.69131562925803,62.921653747558594,62.38419228029996,62.921653747558594,3864402
2017-08-23,62.9600471729956,63.03682654675038,62.691316435908526,62.99843978881836,3898109
2017-08-24,62.80648683230151,63.075217562571815,62.422584115375194,62.537750244140625,4648021
2017-08-25,62.345794821151266,62.53774616710049,61.84672600799544,61.88511276245117,4726337
2017-08-28,61.808336810951005,62.153846909595146,61.69316482543945,61.69316482543945,3161386
2017-08-29,61.42443070375108,62.038677353944664,61.04052801185263,61.88511276245117,5192352
2017-08-30,62.192243172139314,62.345801923235165,61.88511981205675,62.15385055541992,4109137
2017-08-31,62.26901286491387,62.768087515206034,62.19223350130506,62.46096420288086,5783704
2017-09-01,62.422571713530004,62.652909783188875,62.2306203932029,62.30739974975586,4068697
2017-09-04,61.73155075722342,62.07706081846473,61.61637878417968,61.61637878417969,2703783
2017-09-05,61.57799645197419,62.345801923235165,61.50121707642626,62.15385055541992,4176799
2017-09-06,61.76994404981206,62.0770673911501,61.539605937226405,61.84672927856445,4289060
2017-09-07,61.88512457566126,62.2306405790593,61.57800119193789,62.07707595825195,4528855
2017-09-08,61.84672832075687,62.26901778290257,61.84672832075687,61.92350769042969,3188808
2017-09-11,62.03866950107796,62.72968957271355,61.9618842861056,62.499351501464844,5203155
2017-09-12,62.49935150146484,62.88325414476881,62.19222821524377,62.499351501464844,5680911
2017-09-13,62.38418728999198,62.614531247757256,62.19223594448431,62.345794677734375,5147753
2017-09-14,62.192227785981714,62.49935107008296,62.00027646565461,62.30739974975586,5279565
2017-09-15,62.192243172139314,62.26902254768724,61.65478168541298,62.15385055541992,21451223
2017-09-18,62.384193420410156,62.6913167749811,62.15384944000926,62.384193420410156,4755661
2017-09-19,62.15383560775759,62.69130282311683,62.00027689359178,62.499351501464844,5323736
2017-09-20,62.307403143526486,62.883257135873514,62.00027984269679,62.11545181274414,5805087
2017-09-21,61.92350442045228,62.07706315168898,61.73155307746135,61.961891174316406,5596024
2017-09-22,62.38419073248814,62.72970083031188,61.73155729332637,61.84672927856445,5906092
2017-09-25,61.69316222051667,62.537746982122236,61.65477546556067,62.26901626586914,4434672
2017-09-26,62.88325343123717,63.53588674587065,61.88510422681698,63.382328033447266,8637143
2017-09-27,63.5742892169868,63.72784795323607,62.614532470703125,62.614532470703125,7004649
2017-09-28,62.499367343531276,62.61453933729365,62.115464602917314,62.23063659667969,5148110
2017-09-29,62.03867816246231,62.38418824651769,61.961892936769765,62.26901626586914,5332391
2017-10-02,62.691309792497535,63.2287712097168,62.30740710651517,63.2287712097168,5915806
2017-10-03,63.22877228743545,63.99657767248722,63.151992920508306,63.95819091796875,5205039
2017-10-04,63.7278422124146,64.4572549307261,63.7278422124146,64.03496551513672,4874462
2017-10-05,64.03496276707804,64.34208605661998,63.80461883544922,63.80461883544922,5235924
2017-10-06,64.07335910174992,64.41887505087848,63.61267702746887,63.65106964111328,4683293
2017-10-09,63.61267024165758,64.11174487634482,63.61267024165758,64.03496551513672,3624039
2017-10-10,63.958194708912146,64.41887679567081,63.843022722749836,64.26531219482422,4576240
2017-10-11,64.22691494728046,64.41886627356769,64.07335037151694,64.18852233886719,3610643
2017-10-12,64.1117437012246,64.84115640616649,64.07335109237937,64.72599029541016,5262230
2017-10-13,64.87956180029975,65.18668515791485,64.72600305043763,65.1482925415039,5444699
2017-10-16,65.18667862607843,65.18667862607843,64.57243197239701,64.61082458496094,4864167
2017-10-17,64.76438674775328,64.95633810495343,64.34209727664727,64.41887664794922,4554082
2017-10-18,64.30370488349666,65.22506905807413,64.11175352563548,65.0715103149414,5060041
2017-10-19,64.41887664794922,64.91795134824773,64.38048403335297,64.41887664794922,5773412
2017-10-20,64.80277525427245,64.84116200854469,63.9197978955487,64.07335662841797,6210158
2017-10-23,64.07335388650513,64.15013910754404,63.535892486572266,63.535892486572266,5065639
2017-10-24,63.727849010511726,64.03497234599588,63.535897658070425,63.65106964111328,5544277
2017-10-25,63.72784795323607,63.804627321360705,62.57613985769566,62.614532470703125,5684972
2017-10-26,62.806474502040295,63.72783849862366,62.69130253799502,63.57427978515625,5998401
2017-10-27,63.766229723478304,64.57242173853808,63.07520381207756,63.4591064453125,6081309
2017-10-30,63.19037714359827,63.6894458913121,62.998425822819286,63.57427978515625,4480005
2017-10-31,63.727850590450565,64.49565601925117,63.57429184784666,64.41887664794922,5526786
2017-11-01,64.45724963077387,64.61081419845307,64.18851895969686,64.3804702758789,4852028
2017-11-02,64.07335024939063,64.45725290123333,63.91979153180939,64.34208679199219,4353846
2017-11-03,64.38048425506302,65.18668230123623,64.18853289720185,65.0715103149414,4783021
2017-11-06,64.84115640616649,65.18667231210449,64.68759768656494,64.72599029541016,4284108
2017-11-07,64.76438112797085,64.84116049261044,64.11174774169922,64.11174774169922,4861089
2017-11-08,64.26530390662676,64.6875991821289,63.84301448901439,64.6875991821289,4904787
2017-11-09,64.57242499144162,64.91794089349237,64.1501355883435,64.18852233886719,5349161
2017-11-10,64.30370058561205,64.34209319777446,63.84301852911406,64.07335662841797,4295631
2017-11-13,64.38046965787564,64.99471620691759,64.15013159540182,64.80276489257812,4853568
2017-11-14,64.7643834593401,64.87955543939043,64.26530878438211,64.45726013183594,4285379
2017-11-15,64.18853609429678,64.61083144578124,64.07336410226549,64.2269287109375,5262394
2017-11-16,64.2269220296255,64.53404535712966,64.18852941697864,64.45726013183594,4383184
2017-11-17,64.45724901203357,64.80276489257812,64.18851834353617,64.80276489257812,6467077
2017-11-20,64.53404885608632,65.22506905807413,64.41887686979149,65.0715103149414,4994897
2017-11-21,64.917957254915,65.6473701354862,64.80278525853768,65.2250747680664,6665494
2017-11-22,65.14828120947412,65.45540451366753,64.6875991821289,64.6875991821289,4765754
2017-11-23,64.4956590677536,65.18668515791485,64.4956590677536,65.1482925415039,3945326
2017-11-24,65.4170150756836,65.68575164106366,65.18667697978793,65.4170150756836,5176969
2017-11-27,65.49379933997834,65.76253004353384,65.18667602539062,65.18667602539062,4589440
2017-11-28,65.26344476744185,66.33837326460106,65.26344476744185,66.03125,5385308
2017-11-29,66.18483164139222,66.18483164139222,65.2250747680664,65.2250747680664,6179499
2017-11-30,65.07150184789822,65.60896323681933,64.6875991821289,64.6875991821289,8225363
2017-12-01,64.53403961832788,65.14828036082352,64.18852370890247,64.30369567871094,6454623
2017-12-04,64.72598553842019,65.18666752125704,64.53403422408074,64.80276489257812,5312926
2017-12-05,64.7643869707854,65.45541303066378,64.68760759921904,65.0715103149414,6030678
2017-12-06,64.72598529457173,66.3383751573708,64.72598529457173,65.87769317626953,5813313
2017-12-07,65.99286417295743,66.22320810953777,65.64735412597656,65.64735412597656,4602147
2017-12-08,66.03126308718292,66.06965569957575,65.37862968173648,65.53218841552734,5539717
2017-12-11,65.64736094755285,65.80091968263665,65.14828627169516,65.26345825195312,4721372
2017-12-12,65.2634514702691,65.64735412597656,65.14827950197893,65.64735412597656,4113495
2017-12-13,65.34023503625613,65.87770230358103,65.14828369604511,65.83930969238281,4983027
2017-12-14,65.60896833483677,65.76253292781082,65.22506563923706,65.26345825195312,5262461
2017-12-15,65.34023103170605,65.60896171995361,64.49564635811815,64.72599029541016,27454800
2017-12-18,64.76438004282232,65.18667532809947,64.49564934214139,64.64920806884766,4984163
2017-12-19,64.64920435037858,65.03310700295302,64.1501355883435,64.18852233886719,5429056
2017-12-20,64.11173975023402,64.45724977698974,63.4591064453125,63.4591064453125,5290593
2017-12-21,63.53589372006719,64.22691971760364,63.382334990787996,64.11174774169922,4838099
2017-12-22,64.1501355883435,64.68759695879187,64.11174297993023,64.18852233886719,3456578
2017-12-27,64.15013209732129,64.84115214803859,64.15013209732129,64.5340347290039,3225437
2017-12-28,64.53404863384742,64.72599999104757,64.38048403335297,64.41887664794922,2573526
2017-12-29,64.18852221652136,64.3804735424427,64.03496349894012,64.34208679199219,2998281
2018-01-03,64.26529736130364,64.46492836738071,63.5435644065298,64.01959991455078,7087388
2018-01-04,64.05032381512524,64.2653083856773,63.62035467402111,63.95819091796875,5688714
2018-01-05,64.03496949191494,64.43422570972595,64.00425657394638,64.2960205078125,5515013
2018-01-08,64.46493575616398,64.51100220211977,64.03496663953699,64.21923828125,4543432
2018-01-09,64.35743643741718,65.04846234061706,64.26529769769411,64.80276489257812,5185441
2018-01-10,64.63384900265432,64.80276710229528,63.651059176986315,63.88139724731445,5607707
2018-01-11,63.72784052121356,63.912112154800745,63.19037914913025,63.26715850830078,7031857
2018-01-12,63.34394773883459,63.482152950034944,63.05218378536297,63.32859420776367,4680203
2018-01-15,63.39001275569011,63.75856192984918,63.20574109755577,63.65106964111328,3488414
2018-01-16,63.89676681929828,64.05032555732943,63.436084747314446,63.43608474731445,5543519
2018-01-17,63.40536137034114,63.91210980857548,63.3285820139892,63.666412353515625,5244804
2018-01-18,63.74319230493716,63.896756876964034,63.37464904785156,63.37464904785156,6016751
2018-01-19,63.34394406136749,63.52821571297312,63.098246573263246,63.175025939941406,8031839
2018-01-22,63.267172632614674,63.45144430734027,63.144320944203656,63.390018463134766,4995163
2018-01-23,63.60498703434596,64.08102842016108,63.45142832041305,63.835330963134766,6110014
2018-01-24,63.866052448042225,64.09639640774218,63.34394454956054,63.34394454956055,5411934
2018-01-25,63.0214631284308,63.23644768437397,62.084739685058594,62.084739685058594,11698322
2018-01-26,62.26900958417294,62.591486409073696,62.13080439380267,62.192230224609375,5008266
2018-01-29,62.13080287135383,62.28436744460767,61.68547439575195,61.68547439575195,5549669
2018-01-30,61.56263764662523,62.10009908731314,61.50121180829222,61.77762222290039,5312552
2018-01-31,62.08473868134917,62.42257489687803,61.5933437448834,61.74690246582031,7414820
2018-02-01,62.03867223664604,62.49935425734649,61.60869727382121,61.74690246582031,5480031
2018-02-02,61.4397774669447,61.53191621169258,60.73339799754623,60.979095458984375,6726922
2018-02-05,60.67198469853576,60.77948285188841,60.2727284379474,60.441646575927734,8222140
2018-02-06,59.27457715964734,60.13452135453899,58.368566513242236,59.04423904418945,12491204
2018-02-07,59.41278360011564,60.303440733722624,59.19779901142173,59.904178619384766,8787390
2018-02-08,59.64311888624066,59.87346283078147,58.42998504638672,58.42998504638672,7990746
2018-02-09,58.66033103960057,59.15172600441877,58.04608440463279,58.12286376953125,8126439
2018-02-12,59.121021440442334,59.351365425574436,58.706405781939075,59.074954986572266,6455197
2018-02-13,59.02887453042031,59.24386495389648,58.49141311645508,58.49141311645508,5287605
2018-02-14,58.9520950622687,59.443490027861245,58.47605948441407,59.3667106628418,8401236
2018-02-15,57.96930503973434,58.215002522143436,57.692894639787845,58.12286376953125,11404881
2018-02-16,57.95395072277016,58.42998629340904,57.907878418144804,58.1535758972168,8781092
2018-02-19,57.785031444821946,57.9078772529411,57.38576938818255,57.5546875,5532425
2018-02-20,57.585397733947985,57.738956451416016,57.155428638725844,57.738956451416016,5783409
2018-02-21,57.585402652373624,57.72360785305492,57.324351638803435,57.61611557006836,11312105
2018-02-22,57.37041496412651,58.04608154296875,57.12471749383026,58.04608154296875,6967374
2018-02-23,57.92323639531852,58.30713906313926,57.69289245147014,58.1689338684082,5855971
2018-02-26,58.35320807978042,58.967454718513096,58.199649349042296,58.752464294433594,5175841
2018-02-27,58.61426306498096,58.890673485349645,58.291786193847656,58.291786193847656,4516126
2018-02-28,57.923236186531305,58.42998466012538,57.72360515977495,57.800384521484375,8228492
2018-03-01,57.570048462418335,58.09215634146271,57.1861457824707,57.1861457824707,5932594
2018-03-02,56.817591764489,57.2475608546686,56.31083745858632,56.43368911743164,7014106
2018-03-05,56.556552201908254,57.677547454833984,56.40298759732828,57.677547454833984,6233903
2018-03-06,58.18429343714097,58.35321156577806,57.33970865184595,57.4011344909668,5829978
2018-03-07,57.170778723795706,57.554681352232066,57.017220015576854,57.07863998413086,6643868
2018-03-08,57.12471671841611,58.21499886193804,57.12471671841611,58.0767936706543,6407063
2018-03-09,58.00001658501272,58.7524625442611,57.938590751391246,58.55283737182617,6187244
2018-03-12,58.76783068872131,58.92138943776718,58.56819962864906,58.737117767333984,3815631
2018-03-13,58.721756440553634,58.890668698925474,58.29178145609891,58.47605895996094,6147880
2018-03-14,58.429985704583224,58.9213806577752,58.307139895230186,58.55283737182617,6612340
2018-03-15,58.66033093627647,58.82924905348958,58.276428254570334,58.691043853759766,5066477
2018-03-16,58.737117767333984,59.19779987236237,58.5067737858744,58.737117767333984,15737118
2018-03-19,58.72175289523724,58.78317286825968,58.03072694220024,58.276424407958984,6320813
2018-03-20,58.276425357039464,58.476056381810125,57.80038394655244,58.19964599609375,4658739
2018-03-21,58.06143440669329,58.36855181664148,57.339695605959015,57.35504913330078,6457304
2018-03-22,56.97115039042749,57.27827367916757,56.64867357330069,56.894371032714844,7428083
2018-03-23,56.525829782239256,57.17078343942333,56.4029781192196,56.587249755859375,6513296
2018-03-26,56.7254598750362,57.00187028294998,56.0497932434082,56.0497932434082,7551495
2018-03-27,56.60261567304622,56.9250925388431,56.31084586865728,56.81760025024414,7239255
2018-03-28,56.60261274604665,58.030731201171875,56.51047399291629,58.030731201171875,9463873
2018-03-29,57.93859546631432,58.42999045949501,57.554692761773765,58.06144714355469,6042958
2018-04-03,57.64682314956613,57.754315422598715,57.10935592651367,57.10935592651367,6584349
2018-04-04,57.00186999224064,57.55469080524882,56.60261377056263,56.97115707397461,8993185
2018-04-05,57.67754443901413,58.06144714355469,57.201502976543296,58.06144714355469,10892970
2018-04-06,57.96930333629854,58.5989034825891,57.831098140386466,58.337852478027344,10538614
2018-04-09,58.33785310498397,58.78317575625107,58.199647907586616,58.353206634521484,4582947
2018-04-10,58.598910634259646,58.89067459106445,58.33785959783807,58.89067459106445,6801958
2018-04-11,58.798543610108645,59.01352820192917,58.56819962864906,58.737117767333984,6383908
2018-04-12,58.56819709472646,58.72176169501922,58.322499592148574,58.4607048034668,6585174
2018-04-13,58.62962547142372,58.93674882740624,58.35321503682853,58.737117767333984,7604440
2018-04-16,59.33121733577194,59.394589911591254,58.91930163648788,59.14110565185547,8118350
2018-04-17,58.93513822794179,59.743117285983146,58.85592554280683,59.679744720458984,7367597
2018-04-18,59.69559902237917,60.551110642972496,59.36290207332887,59.60054016113281,8969082
2018-04-19,59.93323748787865,59.99660401251116,59.394582745487455,59.72727966308594,8947691
2018-04-20,59.56884765625,59.6480663874571,59.204464458151925,59.56884765625,15851883
2018-04-23,59.42625867091019,59.47379111535902,59.061875495684056,59.362892150878906,8792249
2018-04-24,59.41042657304649,60.18672547275906,59.41042657304649,59.7114372253418,7072594
2018-04-25,59.489641178116045,59.7431254312317,59.26784321208251,59.60054016113281,5737132
2018-04-26,59.584698731566036,60.551109313964844,59.53717232375664,60.551109313964844,4878148
2018-04-27,60.64615971152472,60.80459113714107,60.31346278304178,60.74121856689453,3703329
2018-04-30,60.630315876291924,61.200656886487685,60.47188446038167,60.978858947753906,5025786
2018-05-02,60.78875255888853,60.97887029335374,60.17088503073086,60.50358200073242,11476793
2018-05-03,60.28177411106715,60.3926730828371,60.04413604736329,60.04413604736328,4744799
2018-05-04,60.05997616668395,60.48773193359374,60.05997616668395,60.48773193359375,3883462
2018-05-07,60.63031817237983,61.580882529677204,60.503573034851755,61.438297271728516,5112706
2018-05-08,61.48584230609009,61.61258142602059,60.66201687414472,60.83628845214844,5044966
2018-05-09,60.994704766587354,61.311561584472656,60.74122052098733,61.311561584472656,5469845
2018-05-11,61.42247099049498,61.707641570644554,61.3115719919415,61.46999740600586,4777035
2018-05-14,61.43830501959333,61.48583747393098,61.08976793451938,61.23235321044922,4010784
2018-05-15,61.08975791712079,61.21649700630842,60.64615599611267,60.978858947753906,5881969
2018-05-16,60.82044035690278,61.04223834240657,60.63032866126266,60.94718551635742,4903904
2018-05-17,60.8362802970063,61.16897724121041,60.69369502898436,61.137290954589844,3046837
2018-05-18,61.105615125050896,61.43831212618987,60.89965724854199,61.07392883300781,6238294
2018-05-22,61.311566383392254,61.37493896063778,60.234256744384766,60.234256744384766,6176435
2018-05-23,60.01245158520442,60.20256325064659,59.60053592594868,59.91739273071289,10207757
2018-05-24,59.82233954698267,60.25009536743164,59.743126849168,60.25009536743164,5247455
2018-05-25,60.440218809882495,60.80460208912054,60.29763352291612,60.361000061035156,4874529
2018-05-28,60.36100013266847,61.07392656834639,60.28178742726916,60.83628845214844,3812691
2018-05-29,60.66200580572136,60.85211747270025,60.23425002236317,60.281776428222656,6147772
2018-05-30,60.345149025575026,60.471888122437726,59.61638259887695,59.61638259887695,5405401
2018-05-31,59.600536283741796,60.059978351230974,58.91929626464844,58.91929626464844,9631834
2018-06-01,59.07772635889705,59.69559379403014,59.061880194973206,59.410423278808594,5978484
2018-06-04,59.568852463956986,59.901555448672966,59.50548593483405,59.632225036621094,4161769
2018-06-05,59.457946263090754,59.83817560935981,59.093563079833984,59.093563079833984,4729739
2018-06-06,58.95098023055875,59.17277817343747,58.03210217526964,58.68165588378906,6531742
2018-06-07,58.90345657864513,58.95098298475653,58.03210488653731,58.38064193725586,4731764
2018-06-08,58.06378596881109,58.39648286886052,57.95288700212795,58.19052505493164,5632525
2018-06-11,58.42817725711123,59.01435845426404,58.39649097030009,58.77671432495117,5416673
2018-06-12,58.903459472195706,59.25200258357691,58.84008689857344,58.77671432495117,5912687
2018-06-13,59.22030117855337,59.33120013231057,59.03018350622127,59.25198745727539,6101545
2018-06-14,58.871769034415756,59.109413146972656,58.09547017113192,59.109413146972656,7231728
2018-06-15,59.014360500216846,59.283684882136725,58.87177522639413,59.14110565185547,13510787
2018-06-18,58.855929674788996,58.91929620122132,57.9845719465093,58.23805618286133,4928063
2018-06-19,57.82614893479843,58.697500655244696,57.76277636222822,58.49154281616211,7047962
2018-06-20,58.80839357582689,59.236149331287876,58.71334077030703,59.15693664550781,7317449
2018-06-21,59.204467312514076,59.41042514520894,58.33311561909254,58.396488189697266,4695773
2018-06-22,58.206373715181805,59.56884765625,58.19052755152411,59.56884765625,5318822
2018-06-25,59.12526368455829,59.50549312293243,58.91930582029139,59.26784896850586,5161899
2018-06-26,59.37873409952995,59.679744720458984,59.14109604412507,59.679744720458984,4840115
2018-06-27,59.60053222019345,60.34514475856078,59.10940994470904,59.93323516845703,6940320
2018-06-28,59.806502363712326,60.56695517847624,59.71144349553868,60.440216064453125,6323748
2018-06-29,60.59864377841739,60.91550064086914,60.23426050183756,60.91550064086914,8350345
2018-07-02,60.59863762997753,61.61257465211381,60.408525949212326,61.3432502746582,6821192
2018-07-03,61.469992677536794,62.59482874407736,61.37493985382681,62.563148498535156,6921793
2018-07-04,62.53145589140236,62.84830666314395,62.3413381761081,62.73740768432617,4608238
2018-07-05,62.753253849037904,62.9116792349087,62.246285362002055,62.73740768432617,4282952
2018-07-06,62.975053271335014,63.165164947509766,62.753255308540936,63.165164947509766,4151244
2018-07-09,63.21268925895414,63.32358822607009,62.94335887914365,63.0225715637207,3995298
2018-07-10,62.97504947440615,63.260219993245215,62.72156524027596,62.943363189697266,3973061
2018-07-11,62.65819317049694,63.08594895216649,62.54729419490198,62.86415100097656,3856025
2018-07-12,63.03843016207286,63.260228140057876,62.86415859550131,63.08595657348633,3935750
2018-07-13,62.99089148432633,63.371120868696565,62.99089148432633,63.27606201171875,3429138
2018-07-16,63.2126949926272,63.355280255215185,62.83246561121226,63.13347625732422,3264697
2018-07-17,63.101809506758435,63.18102221545628,62.3255104570181,62.57899475097656,4892547
2018-07-18,62.5314569499388,63.085951853414194,62.49977066352003,63.03842544555664,3513617
2018-07-19,62.97504157334555,63.83055302252742,62.61065841022145,63.49785614013672,5782888
2018-07-20,63.75135317980122,64.13157653808594,63.33943749086124,64.13157653808594,5801082
2018-07-23,64.14742414422973,64.24247696416523,63.86225359734032,63.87809371948242,3892408
2018-07-24,63.84639980933202,63.95729878171136,63.24437249960078,63.43449020385742,4527482
2018-07-25,63.22853950363137,63.497869926571404,62.975055246268546,63.29191207885742,4527683
2018-07-26,63.909784210243835,65.1772055889128,63.703826347603304,64.46427917480469,7292697
2018-07-27,64.5276456178326,64.71775729566724,64.36922022689396,64.44843292236328,3877541
2018-07-30,64.25832358278744,64.4642753897937,64.14742459638668,64.24247741699219,2853044
2018-07-31,64.44843187801754,64.44843187801754,63.909777096596905,63.92561721801758,4539378
2018-08-02,63.81471682970049,64.54348931333963,63.76719042294571,63.95730209350586,5428055
2018-08-03,64.1949396699184,64.51179645091027,64.00482801873945,64.48011016845703,4327273
2018-08-06,64.55931713832025,64.87617389126538,64.35335934237493,64.59100341796875,3172140
2018-08-07,64.59101823540183,64.9554014696407,64.51180553987881,64.90787506103516,3230684
2018-08-08,64.8445053100586,65.00293070800132,64.7177601568712,64.8445053100586,2758215
2018-08-09,64.8444942735162,64.90786683932389,64.44842480252896,64.74943542480469,3394192
2018-08-10,64.5593227335209,64.59100901591557,63.78302392370237,63.79887008666992,3944703
2018-08-13,63.76719473386336,63.988992705101474,63.4503378991483,63.87809371948242,3784448
2018-08-14,64.14742270341357,64.4642734874704,63.86225216292937,64.13157653808594,3923908
2018-08-15,64.02067002757938,64.32168065445788,63.87808477410208,64.14741516113281,4303115
2018-08-16,64.38506467108064,64.46427737186792,63.95730883457924,64.36922454833984,7230719
2018-08-17,64.16325817456162,64.54348754882812,64.0048327940161,64.54348754882812,4511652
2018-08-20,64.70190621220442,64.95539042088578,64.5593209670999,64.81280517578125,3239836
2018-08-21,64.65438592864339,65.00292297134274,64.59101335959231,64.82865142822266,3590501
2018-08-22,64.59101336966995,64.76528491281722,64.38505554199219,64.38505554199219,2984254
2018-08-23,64.48012401347754,64.76529457324733,64.44843772422071,64.51181030273438,2318918
2018-08-24,64.41675143496387,64.67023570547683,64.32169256719337,64.51181030273438,2464111
2018-08-27,64.73360536254633,64.73360536254633,64.30584954219638,64.55933380126953,2313012
2018-08-28,64.71776164051228,64.71776164051228,64.35337838205739,64.36922454833984,2742103
2018-08-29,64.35337595216589,64.63854649906587,64.29000942005369,64.55933380126953,2898675
2018-08-30,64.36921832941897,64.4801173085152,64.06820163455112,64.33753204345703,3198236
2018-08-31,64.16326848597762,64.48012534153034,63.92562433342764,64.46427917480469,5305819
2018-09-03,64.25832313222688,64.63854649906587,64.22663684440005,64.55933380126953,2952805
2018-09-04,64.62270058996785,64.68607315994649,63.38695964954796,63.767189025878906,5614555
2018-09-05,63.561236458256055,63.62460903348211,62.83246997378062,63.29191207885742,4751588
2018-09-06,63.133473936851324,63.49786318393713,63.00673484339864,63.33943176269531,3462529
2018-09-07,63.24436911120229,63.909768953369415,63.24436911120229,63.56122589111328,4870652
2018-09-10,63.62460563142662,64.52764362771688,63.49786653129275,64.32168579101562,4269428
2018-09-11,64.36921593650335,64.4959550320985,63.798874897473006,63.862247467041016,4978937
2018-09-12,63.909774760446005,64.49595592824265,63.86224835438008,64.3533706665039,4134502
2018-09-13,64.3375272302688,64.55932517186824,64.21078209590306,64.27415466308594,3528397
2018-09-14,64.3533692574617,64.44842811105316,64.0998850247586,64.38505554199219,3725053
2018-09-17,64.2424751227013,64.46427308758173,63.79887919294043,64.00483703613281,3659833
2018-09-18,64.03652250461255,64.24248036461019,63.51371383666992,63.51371383666992,4514388
2018-09-19,63.656298642128974,63.71967122066126,63.11764381168796,63.37112808227539,4562024
2018-09-20,63.6246090404047,64.03651869233607,63.371124783014295,63.97315216064453,5847868
2018-09-21,64.32168481906832,64.32168481906832,63.78303005367139,63.81471633911133,18666907
2018-09-24,63.60875932354375,63.90976994518335,63.11763100488288,63.18100357055664,4223029
2018-09-25,63.149332921433974,63.40281720334294,62.84831618173195,63.30775833129883,4543677
2018-09-26,63.24437823719808,64.16326242717847,63.13347925475786,64.00483703613281,11259073
2018-09-27,63.70381692825872,64.46426964301838,63.43449256916383,64.3533706665039,3698935
2018-09-28,64.30583675841854,64.90786402036436,64.0681926687309,64.81280517578125,5557275
2018-10-01,64.82865051743376,65.19303976258774,64.65438502030278,65.00292205810547,4406737
2018-10-02,65.11381821137448,65.47820744075145,64.79696747137089,65.06629180908203,4606246
2018-10-03,65.16135554478677,65.62079156966922,65.12966925970161,65.589111328125,4372995
2018-10-04,65.1296629414279,65.1296629414279,64.3216778589919,64.65438079833984,5042689
2018-10-05,64.4959563557122,64.5751690475274,63.95730159041135,64.03651428222656,4048382
2018-10-08,63.97314775489899,64.22663199483226,63.798876206780925,64.03651428222656,3285715
2018-10-09,64.05235771747624,64.13157040591624,63.608761827379645,64.11573028564453,3507511
2018-10-10,64.00483454380168,64.67022841253271,63.95730209350586,63.95730209350586,5965492
2018-10-11,63.57708010511453,63.878090760201125,62.293812703562125,62.341339111328125,8772810
2018-10-12,62.6581892679712,63.02257245702286,62.18290711023168,62.40470504760742,6303218
2018-10-15,62.21460058186196,62.70572895961364,61.97695645376312,62.49977111816406,4218053
2018-10-16,62.45223867409547,63.48202183792868,62.214600589508656,63.402809143066406,5163060
2018-10-17,63.65628603553644,63.65628603553644,62.45223145604273,62.626502990722656,6078440
2018-10-18,63.054265566995426,63.45033508191819,62.5314569499388,63.03842544555664,5987177
2018-10-19,63.19684762628714,65.1138225307593,63.18100750565238,64.9870834350586,9478662
2018-10-22,65.35145714365272,66.04853717751062,65.2563983030421,65.76336669921875,6282610
2018-10-23,65.12968432773447,66.3178930973909,64.97125286565488,65.57328033447266,8135601
2018-10-24,65.74754851617713,66.53968765492625,65.60496322946061,65.93766021728516,5563532
2018-10-25,65.36731812791835,66.79317097452487,65.35147800453025,66.57137298583984,8835084
2018-10-26,66.19113076891007,67.01495602753559,65.93764653883612,66.3812484741211,7997536
2018-10-29,66.34956593041427,66.4921511955905,65.90596397012098,66.14360809326172,6202377
2018-10-30,66.28619101406493,66.79315948486328,66.04854689932905,66.79315948486328,5251434
2018-10-31,67.14170173671117,67.42687225341797,66.82484493553241,67.42687225341797,7242936
2018-11-01,67.42687366306409,67.68035790059835,66.95158542958902,67.39518737792969,5796251
2018-11-02,67.33180693922176,67.37933333959893,66.23865742576535,66.4762954711914,6386811
2018-11-05,66.31787301834822,67.15753836074666,66.31787301834822,66.87236785888672,3490419
2018-11-06,66.85652914691346,66.99911440084557,66.65057132600249,66.84068298339844,3767548
2018-11-07,66.90405132837343,67.34764718215088,66.63472700102004,66.93573760986328,3947082
2018-11-08,66.93575100581538,67.47440581186419,66.69810686885153,67.28429412841797,4386388
2018-11-09,67.33181719220597,67.91799837909954,67.15754563956544,67.64867401123047,4774186
2018-11-12,67.72788612752157,67.72788612752157,67.14170494562693,67.49024200439453,3168643
2018-11-13,67.44271178789319,67.74372242245018,66.87237075943511,67.26844024658203,4931728
2018-11-14,67.0941711360665,67.4585603957592,66.44461739535411,66.63473510742188,5910720
2018-11-15,66.63473320228063,67.268440760432,66.1594449792411,66.52383422851562,5200215
2018-11-16,66.95159109747203,67.15754894651083,66.31788347175942,66.8248519897461,6255065
2018-11-19,66.87236783091629,67.09416576703892,65.98517608642578,65.98517608642578,5288398
2018-11-20,65.8267512769211,66.60305017477855,65.71585229773305,66.14360809326172,5683706
2018-11-21,65.98518276348679,66.6030502319336,65.71585235412675,66.6030502319336,5298713
2018-11-22,66.42877537519955,66.82484486537196,65.98517948013951,66.52383422851562,3165532
2018-11-23,66.34956595677069,67.04664611816406,66.12776799830648,67.04664611816406,3403777
2018-11-26,66.95158875657415,67.50608970866922,66.80900348815442,67.03080749511719,4628605
2018-11-27,66.96743342493272,67.52192832109323,66.79316187369909,67.04664611816406,4247756
2018-11-28,67.12585298759062,67.26843824045285,66.58719825939335,66.6980972290039,4495975
2018-11-29,67.23675776004487,67.63282726956254,67.09417249487686,67.49024200439453,4934614
2018-11-30,67.18923425057743,67.72788904849423,67.06249514470713,67.44271850585938,10198182
2018-12-03,67.79125869949426,67.87047139268958,67.09417249487686,67.49024200439453,4432602
2018-12-04,67.31596810403308,68.52001660369164,67.31596810403308,68.12394714355469,5364007
2018-12-05,68.02889445124332,68.0922670210475,67.20506917441158,67.25260162353516,3727151
2018-12-06,66.96743240341827,67.33181562155707,65.84259646348445,65.85843658447266,7582088
2018-12-07,66.25450153389774,67.63282161968633,66.19112896721903,67.17338562011719,6652339
2018-12-10,66.85653638005097,67.34765871841954,65.8109130859375,65.8109130859375,6179545
2018-12-11,66.38125224277145,67.18923138339692,66.23866697753859,67.04664611816406,6922445
2018-12-12,67.07832677660758,67.87046572954648,67.07832677660758,67.61698150634766,5445004
2018-12-13,67.56946410392695,67.9655336331562,67.12586212158203,67.12586212158203,4877510
2018-12-14,66.69809622163226,66.88821391827085,66.08022881640802,66.41292572021484,4913997
2018-12-17,66.2386683166546,66.44462011451151,65.65248107910156,65.65248107910156,5828371
2018-12-18,65.20888381291765,65.54158075050177,64.7969741821289,64.7969741821289,7138875
2018-12-19,64.60685207655413,65.00292155920793,64.36921401308628,64.86033630371094,7859436
2018-12-20,64.21078450573789,64.4325824556614,63.86224746023274,64.08404541015625,7711955
2018-12-21,63.87809792033438,64.65439691426141,63.561241064781676,64.46427917480469,16750774
2018-12-27,63.814724192250004,64.25832619945847,61.58089216393411,62.02449417114258,8756832
2018-12-28,62.49976597861308,63.41864404171448,62.42055329027445,63.21269226074219,5496723
2019-01-03,64.03651385780213,64.57516861953286,63.26022102220081,64.3533706665039,8887247
2019-01-04,64.27415484430908,65.25640546425059,64.05235690208428,65.19303894042969,5292723
2019-01-07,65.17719411143462,65.20888039576424,64.05235821366699,64.25831604003906,4599858
2019-01-08,64.25832313222688,65.05046219727312,64.1791043908891,64.55933380126953,4738141
2019-01-09,64.57517590005777,64.97124544470458,64.24247893300445,64.68608093261719,5530420
2019-01-10,64.52763207782702,65.92179819100241,64.40089300037836,65.77921295166016,5344392
2019-01-11,65.74753669220719,66.31787773650373,65.66832400128622,66.03270721435547,4209207
2019-01-14,65.60496276313393,65.96934603914342,65.38316477282746,65.79507446289062,4798484
2019-01-15,65.96933992617615,66.44462215329742,65.6841693811951,66.2386703491211,4036819
2019-01-16,66.27034608137103,66.5396704178773,65.65247263663105,65.84259033203125,4128550
2019-01-17,65.63664531690912,66.57136968251565,65.63664531690912,66.49215698242188,4552733
2019-01-18,66.84068307230373,66.9991144899616,66.42877347347455,66.85652923583984,5810033
2019-01-21,66.4921454531789,66.88821492851395,66.42877288667556,66.6980972290039,3414500
2019-01-22,66.61888943392572,67.18923048725014,66.61888943392572,66.7773208618164,5812726
2019-01-23,66.77731936419997,67.22091526526332,66.55551537012741,66.79315948486328,5285276
2019-01-24,67.25260727183527,67.44271895367372,66.74563875790514,67.12586212158203,7510111
2019-01-25,67.31597554095094,67.45856080409436,66.42877767655403,66.761474609375,4355554
2019-01-28,66.53967714273661,66.9991192210768,66.11192135016552,66.90406036376953,4452555
2019-01-29,67.01496451056481,68.2982319872471,66.9040655235907,67.9972152709961,6271853
2019-01-30,68.52002044052288,68.80519095127305,68.10811083807302,68.78934478759766,4301950
2019-01-31,68.52002243804515,68.83687924184255,68.15563922891745,68.47249603271484,6621182
2019-02-01,68.82104207984914,68.82104207984914,68.01306286584179,68.42497253417969,4646296
2019-02-04,68.29823680796629,68.44082209321736,67.87048095221307,68.06059265136719,3745004
2019-02-05,68.31405665416982,69.23294067382812,67.99719988726902,69.23294067382812,4787387
2019-02-06,68.96361982319058,69.48643446725247,68.90025329589844,68.90025329589844,5524710
2019-02-07,68.64676566492918,69.23294680732562,68.3615951538086,68.3615951538086,3839477
2019-02-08,68.28237774141557,68.61508070651017,68.20316505202764,68.3140640258789,3306549
2019-02-11,68.67844681479221,68.9319310454186,68.47249503234255,68.63092041015625,3741689
2019-02-12,68.75766796754827,68.86856694462972,68.09226806151858,68.44081115722656,5044353
2019-02-13,68.44080734383978,68.66260528564453,68.21900940203503,68.66260528564453,4556668
2019-02-14,68.91610230285387,71.21330692165735,68.91610230285387,69.75576782226562,7963304
2019-02-15,69.93003604886971,70.64296241972406,69.66071166629223,70.57958984375,8400416
2019-02-18,70.8013962868009,71.56184915884565,70.5479119961193,71.30836486816406,4743313
2019-02-19,70.81724115120579,71.10241172841734,70.73802844498972,70.89645385742188,4453498
2019-02-20,71.16576721747808,71.95790624372894,71.05486823728624,71.70442199707031,5083354
2019-02-21,71.92622322660291,72.73420234305472,71.84700449220058,72.67082977294922,8234743
2019-02-22,72.62331350967284,72.63915363264098,71.68858912246696,72.0371322631836,6525462
2019-02-25,72.00544785747931,72.41735754438643,71.79948999225478,72.14803314208984,3828782
2019-02-26,72.08464581460504,72.62330055254372,71.9420605591642,72.29060363769531,4679033
2019-02-27,71.92622035006545,72.06880560532994,71.13408138604949,71.38756561279297,4897878
2019-02-28,71.21330686086031,71.83117439677103,71.16577440487673,71.57769012451172,6217881
2019-03-01,71.95791162938225,72.3223009270464,71.59352837525971,71.92623138427734,5616179
2019-03-04,72.30644466961736,72.57577506375328,72.00543403479793,72.1163330078125,3843498
2019-03-05,71.89454690356678,72.73421242141897,71.49847735083775,72.48072814941406,8233166
2019-03-06,72.62330146248642,72.73420043549208,72.11633300202034,72.55992889404297,8350257
2019-03-07,72.51241631477414,73.8432102881134,72.51241631477414,73.51051330566406,6743240
2019-03-08,73.41544955054482,73.70062010039813,73.16196528884652,73.43128967285156,5841062
2019-03-11,73.58972592390123,73.70062491792193,73.17781019450268,73.49466705322266,3650762
2019-03-12,73.57387984264828,73.65309859007691,73.17781027967281,73.51051330566406,3513697
2019-03-13,73.35206902235711,74.03330903498419,73.33622890176757,73.76398468017578,3545291
2019-03-14,74.06499587185462,74.9046612708003,74.03330958689843,74.80960845947266,4321029
2019-03-15,75.09478082733372,75.1739935199018,74.31848193566807,74.46106719970703,11131589
2019-03-18,74.22342167331338,74.57196476626378,74.06499629117644,74.49275207519531,3959293
2019-03-19,74.73039443958206,75.30073551769077,74.68286803092009,74.85713958740234,4601531
2019-03-20,74.77792349607157,75.04724785764755,74.4610666844508,74.76207733154297,3847665
2019-03-21,74.7462397300802,75.71265031850555,74.69871332197444,75.49085235595703,4736923
2019-03-22,75.61758362399685,75.6809561905993,74.54027416591752,74.57196044921875,4235078
2019-03-25,74.35016250965076,74.90465735857074,74.22341737644585,74.57196044921875,3270007
2019-03-26,74.61949541335058,75.33242176056935,74.61949541335058,75.30073547363281,3304131
2019-03-27,75.39578578101062,75.45915834769424,74.60364682808701,75.03140258789062,4037064
2019-03-28,75.44331981696806,75.9502883146467,75.39579340891731,75.47500610351562,2787881
2019-03-29,75.42747739259615,75.61758906253606,74.98388148155603,75.23736572265625,5066406
2019-04-01,75.43539409596644,75.43539409596644,74.73038487762123,74.9601058959961,4346411
2019-04-02,74.84921503267131,75.18191801738544,74.76207925614393,75.10269927978516,4224302
2019-04-03,75.03140214419192,75.5621337890625,74.68285907303364,75.5621337890625,5224399
2019-04-04,75.49085226856002,75.64135457523444,75.25320814122388,75.47500610351562,4390548
2019-04-05,75.84730811637765,75.95028400916382,75.49084798912173,75.783935546875,5408369
2019-04-08,75.64927581328931,75.97405570982721,75.40371465295941,75.82354736328125,3798002
2019-04-09,75.5779886231461,76.5364761352539,75.52253308860824,76.5364761352539,5756201
2019-04-10,76.46517574675828,77.01175358385586,76.37803997436471,76.93254089355469,5908729
2019-04-11,76.83748535100082,76.95630741334462,76.29883057277793,76.33843994140625,5343659
2019-04-12,76.21960480547912,76.52061540738352,75.3403301559104,75.67302703857422,6991647
2019-04-15,76.0957952347871,76.91691614288777,75.87629085872089,76.71366882324219,6931681
2019-04-16,76.64049225695423,77.23397712612692,76.5835832587554,77.15267944335938,5941435
2019-04-17,76.64050836087077,77.30715942382812,76.05516120038035,77.30715942382812,5498666
2019-04-18,78.16892521967483,78.35590929186965,77.5998289678356,77.9250259399414,6296942
2019-04-23,77.92501836479876,79.14450223968643,77.88437262387195,79.0144271850586,5762786
2019-04-24,78.66484667848184,79.23393670941579,78.34778134658775,78.99004364013672,4235539
2019-04-25,79.1445008928598,79.35587983097564,78.5185019102212,79.07133483886719,4646075
2019-04-26,79.18515247614164,79.28270721435547,78.79491491543946,79.28270721435547,3548217
2019-04-29,79.10385743894336,79.32336180988112,78.83556949465158,79.23393249511719,6001358
2019-04-30,78.87621600297675,79.75424590049651,78.87621600297675,79.7136001586914,5560882
2019-05-02,79.56725729519475,79.80302491360744,79.13636779785156,79.13636779785156,5346364
2019-05-03,79.0144271850586,79.51035112372217,78.91686624212592,79.0144271850586,3823604
2019-05-06,78.78679313427605,79.5103530883789,78.55915092847489,79.5103530883789,3204171
2019-05-07,79.35587947063145,79.78676277138419,79.19328410519799,79.28270721435547,3581795
2019-05-08,79.28271152405416,80.03066637250649,79.1607680946582,79.9981460571289,4484734
2019-05-09,79.75424310112734,80.09569709286139,78.80304718017578,78.80304718017578,5135141
2019-05-10,79.21767160623119,79.49408496386157,79.00629267223323,79.26644897460938,3589126
2019-05-13,79.38027346798097,79.59165241928423,78.54289549498459,79.1851577758789,4604287
2019-05-14,79.26645546403677,79.51035473112637,79.09572845812046,79.1851577758789,3796215
2019-05-15,79.19328437829338,80.2339096069336,79.03881443876799,80.2339096069336,5690663
2019-05-16,80.3233347076791,81.64037322998047,80.03065810214207,81.64037322998047,6114341
2019-05-17,81.54282272438306,81.54282272438306,80.85177691277075,81.3314437866211,4487295
2019-05-20,81.1851072640453,81.55908157594214,80.33959769699408,80.9330825805664,3584279
2019-05-21,81.25828270105505,81.33145496760011,80.53472267888448,80.54285430908203,3632099
2019-05-22,80.53471699084012,81.03877258300781,80.12822234630309,81.03877258300781,3619600
2019-05-23,80.81114201552751,80.99812609113927,80.40464734362105,80.74610137939453,4352741
2019-05-24,80.89243366742375,81.06316067255867,80.4208983946039,80.4859390258789,4357448
2019-05-27,80.88429904809735,81.0550260469216,80.64853142040221,80.8680419921875,1609579
2019-05-28,80.8924314119604,80.8924314119604,80.14448278100022,80.25830078125,6584377
2019-05-29,79.83554700719453,80.17700722815898,79.54287036214852,79.9574966430664,4099537
2019-05-31,79.78676475709966,81.17697563478657,79.77050770119796,80.9330825805664,6279373
2019-06-03,80.9574669547879,82.4696273803711,80.69731065590345,82.4696273803711,6257575
2019-06-04,82.11192252284785,82.22574053310585,80.72984313964844,80.72984313964844,6151461
2019-06-05,80.89242728622986,81.59159851074219,80.41276662430062,81.59159851074219,3930158
2019-06-06,81.59160352984036,82.48589048518201,81.44526521332148,81.5753402709961,4087007
2019-06-07,81.78671702211778,82.74604458185179,81.64037870952731,82.4371109008789,3008175
2019-06-11,82.16069141138831,82.46963129527737,81.80298036007598,82.3070297241211,4920020
2019-06-12,81.81924073234984,83.02246759721497,81.81924073234984,82.6810073852539,3418460
2019-06-13,82.33955914539918,82.82735150758809,81.93306447647235,82.24200439453125,3381189
2019-06-14,81.8192373363174,82.71352426765216,81.7379396521262,82.4371109008789,2995210
2019-06-17,82.82734341425947,82.8436066728926,82.20947604374834,82.5184097290039,2374135
2019-06-18,82.30702876689199,83.34765399972675,82.30702876689199,83.1200180053711,4813111
2019-06-19,82.7785664945289,82.84360712418412,81.7867186014424,82.17695617675781,4483950
2019-06-20,82.48588892835815,83.33139849644081,82.33955061460124,82.9249038696289,3685033
2019-06-21,82.66474158779837,82.89237756995816,82.22572667822654,82.53466033935547,12199757
2019-06-24,82.5184114092607,83.33140068422877,82.128173828125,82.128173828125,3943040
2019-06-25,81.80298190128512,82.43711253420258,81.5590826412634,82.1119155883789,3852134
2019-06-26,81.90054645928137,82.77857645745566,81.38023376464844,81.38023376464844,4052571
2019-06-27,81.65664142765449,82.20947436015892,81.03876786718115,81.75419616699219,3151105
2019-06-28,81.54282295337117,82.37206924597274,81.44526201198808,82.16069030761719,4314553
2019-07-01,82.72978426034217,82.82733899647441,81.6078551738976,81.86801147460938,4259106
2019-07-02,81.77045680104924,83.51025322638088,81.77045680104924,83.0224609375,4808068
2019-07-03,83.25010685678512,83.62408119629423,82.87613251727602,83.18506622314453,5329791
2019-07-04,83.13628729122942,83.65659994537098,82.87613096415863,83.38018035888672,2763495
2019-07-05,83.23383640439312,83.77041228163536,82.71352378546372,82.8436050415039,3908742
2019-07-08,82.9249013791365,84.14438522294734,82.85986075217218,83.9330062866211,4161450
2019-07-09,83.65658684499624,84.19315647190997,83.28261257105878,83.73788452148438,4695031
2019-07-10,83.36391031506466,83.94926351043743,82.97367278394442,83.60780334472656,9236408
2019-07-11,83.65659157112546,83.81918693328744,82.89237972321011,82.9574203491211,4689829
2019-07-12,82.79482309960903,83.07124267282995,82.45336909970301,82.5184097290039,9105930
2019-07-15,82.33955017391345,83.36391836472937,82.22573217522455,83.266357421875,3874999
2019-07-16,82.85986209720109,83.21757934869593,82.50215104832193,82.8436050415039,5400901
2019-07-17,82.9736813287997,84.64844341083565,82.92490395836712,83.94927215576172,6396866
2019-07-18,83.7053660559445,84.6809568031577,83.57529101121857,84.30697631835938,4737187
2019-07-19,84.63218072842133,84.77851904333106,83.26635852346918,83.4126968383789,4826298
2019-07-22,83.25009645926002,83.67284811989187,83.10375815315372,83.428955078125,2998994
2019-07-23,83.8191909790039,84.20942855068999,83.72163623804421,83.8191909790039,4662647
2019-07-24,84.01431092984095,84.11187187837062,83.12002394414192,83.51026153564453,4069149
2019-07-25,83.47773525513891,84.40454249079583,82.95742263872154,83.1200180053711,5931195
2019-07-26,83.41269800535913,85.5589891856521,83.28262294729502,84.58340454101562,6886393
2019-07-29,84.56713384788611,86.111814568282,84.56713384788611,85.542724609375,5341582
2019-07-30,85.49396254015849,86.25816830706101,85.28258357362031,85.47769927978516,4870325
2019-07-31,85.47768093000401,86.20937242431809,85.03866603341555,85.93295288085938,5222915
2019-08-02,85.46143573414739,86.17686407085043,84.876082457474,85.55899047851562,7822564
2019-08-05,85.03868149541384,85.62403479729588,83.44522317507734,83.67285919189453,6064646
2019-08-06,83.42896540734161,84.35577272655637,83.31514739990234,83.31514739990234,6219285
2019-08-07,83.57529469823415,84.90859652922518,83.54277438496418,84.4695816040039,5901514
2019-08-08,85.34761614086945,86.06304446424619,85.05493950798444,85.81914520263672,5423336
2019-08-09,86.1768603857341,86.71343626727818,85.99800175855275,86.48579406738281,5531431
2019-08-12,86.58334998678122,87.34756182126671,86.4207546274766,86.5020523071289,5362951
2019-08-13,86.56709680845927,86.9735914275394,85.64028337055012,86.40449523925781,6077338
2019-08-14,86.97358648445304,87.42885844711071,85.90044099917759,86.22563171386719,5201409
2019-08-15,86.30694420562682,87.07114990452725,85.81914567969626,86.56710052490234,5734916
2019-08-16,86.63213618762983,87.80284274236514,86.63213618762983,87.60772705078125,5639809
2019-08-19,87.96544310482282,88.68087768554688,87.80284771972173,88.68087768554688,4712251
2019-08-20,88.85972587803772,89.15240249888483,87.77031707763672,87.77031707763672,5506354
2019-08-21,87.64024491691217,88.9572835515618,87.64024491691217,88.48574829101562,4199383
2019-08-22,88.04674530029297,88.43697669804891,87.64025064277105,88.04674530029297,3744773
2019-08-23,88.20935001731286,88.92477845732226,87.67277403534314,87.7215576171875,3381249
2019-08-26,87.23374356249727,88.24184843285722,87.11992557080899,87.86787414550781,3182688
2019-08-27,87.81909463636443,88.66460418701172,87.47764064551137,88.66460418701172,4796754
2019-08-28,88.30689042851992,89.08735932762123,88.20932949015146,88.84346008300781,4589533
2019-08-29,88.64835361272411,89.8027969248404,88.56705592361745,89.67272186279297,4836252
2019-08-30,89.83531140851545,90.76211864991441,89.7702707804064,90.24180603027344,5193120
2019-09-02,89.99789983168927,90.95722731311844,89.80278416503349,90.79463195800781,3746084
2019-09-03,90.48571559766309,90.9572446986579,89.99791703386315,90.19303894042969,4312204
2019-09-04,90.79465321964484,91.24992528265908,90.5182336080886,91.0548095703125,4545367
2019-09-05,91.13609084729033,91.46128777768968,90.8921978014525,90.97349548339844,5734579
2019-09-06,90.82715963732478,92.03038024902344,90.64830101062522,92.03038024902344,5379275
2019-09-09,91.64015395488897,91.85153290746818,90.07921600341797,90.07921600341797,6565673
2019-09-10,89.94913910407202,90.06295711422604,87.68902975584726,88.61583709716797,9625333
2019-09-11,88.06299486617007,89.00606536865234,87.34756656273284,89.00606536865234,7189545
2019-09-12,88.69712500708366,89.81905413002714,88.24185301668089,89.41255950927734,5777705
2019-09-13,89.1198812984966,89.36377434503223,86.38823699951172,86.38823699951172,8120271
2019-09-16,86.01426365001646,86.46953563734036,84.87607747909108,85.57524871826172,6830294
2019-09-17,85.36388071966387,87.25001574079369,85.26631976589947,86.90856170654297,7508069
2019-09-18,86.79473224660478,87.34756517311624,86.50205562653309,86.94107055664062,4602763
2019-09-19,86.64839617494881,87.33130417101384,85.86792723546773,87.16870880126953,5679795
2019-09-20,87.83535683118271,87.96543188214527,86.38823699951172,86.38823699951172,17004770
2019-09-23,86.3882462958569,87.94918429107541,86.25816502828057,87.08741760253906,4787836
2019-09-24,87.26626755600515,88.12804042261261,87.21749018336142,87.96543884277344,5588432
2019-09-25,86.59961687307563,87.46138974254777,86.20938548539654,86.79473876953125,10638844
2019-09-26,86.68092084623257,88.11177753922529,86.46954189284789,87.75406646728516,10517647
2019-09-27,88.20933862002454,88.68087390035392,87.55894470214844,87.55894470214844,4710716
2019-09-30,87.42887666983961,88.1930886543979,86.5345896128171,88.03048706054688,5735615
2019-10-01,87.96543425231626,88.46948981958957,86.14434007146333,86.48579406738281,6959507
2019-10-02,87.07114593524918,87.07114593524918,85.49395103518468,85.57524871826172,7784262
2019-10-03,85.7703737073184,86.48580207970771,85.57525800623337,86.27442932128906,5445481
2019-10-04,86.89229204404099,87.07115067812249,86.25816139783635,86.85977172851562,4351928
2019-10-07,86.87603165131513,87.90039984186967,86.87603165131513,87.64024353027344,3933858
2019-10-08,87.77032301912755,88.25811535268792,87.02237436082721,87.07115173339844,5552705
2019-10-09,86.72969985187133,87.6565071692006,86.48580057778838,87.42887115478516,3685728
2019-10-10,87.31505314757743,87.51016884527407,86.45328026106958,87.42887115478516,4866263
2019-10-11,87.36382998486984,87.46139093442716,86.40450235671274,86.81099700927734,4301248
2019-10-14,86.53457157648373,86.908545860469,86.04677309921873,86.22563171386719,4646185
2019-10-15,86.40450329427264,86.56710487863253,86.04678601129709,86.12808990478516,4514068
2019-10-16,85.98173867784999,87.03862090582179,85.96547542054633,86.22563171386719,4788873
2019-10-17,85.93297130593582,86.20939090866226,84.16065428530872,84.51837158203125,9809467
2019-10-18,83.81919358906764,84.46958749459193,83.5427802109202,83.83545684814453,7062359
2019-10-21,83.73789431844908,83.91675294921771,82.7460464224528,82.941162109375,7023648
2019-10-22,82.94116803530672,83.39644627414144,82.20948260641747,83.33140563964844,6582526
2019-10-23,83.08750636160782,83.78667767586685,82.87613360343,83.33140563964844,5527876
2019-10-24,83.57529700157563,84.72974024270616,83.08749849169789,84.567138671875,5962990
2019-10-25,84.35576537622468,85.10371398925781,84.16064349251683,85.10371398925781,5642591
2019-10-28,85.31508034169913,85.49393894073565,84.61590920143715,84.92484283447266,4397635
2019-10-29,84.69722432118309,85.23379402621468,84.27447262032837,85.15249633789062,4150662
2019-10-30,85.33135012841073,86.42075893846459,85.20127507500148,86.06304168701172,5266042
2019-10-31,86.06304602417939,87.20123226129391,85.62403106689453,85.62403106689453,5978818
2019-11-01,85.62402882320035,86.30694302862037,85.15249356262652,85.39639282226562,4455116
2019-11-04,85.36387029825262,85.5264656653935,84.69721936878993,85.10371398925781,3907867
2019-11-05,85.10372380730473,85.10372380730473,84.07935550881639,84.37203216552734,6069654
2019-11-06,84.35577143671186,85.65655307513975,83.94927678703965,85.23379516601562,4516688
2019-11-07,85.31508453259744,85.36386189741629,84.33949381791507,84.68095397949219,4905538
2019-11-08,84.38828881077937,84.95737881943256,84.38828881077937,84.64844512939453,4449038
2019-11-11,84.6647132603631,85.18502596565372,84.38829984932227,84.82730865478516,3049558
2019-11-12,84.94112842140594,84.95738547894926,84.24195709733158,84.37203216552734,5071831
2019-11-13,84.2582082321856,85.31509677408602,84.17691054495077,85.07119750976562,5173456
2019-11-14,84.87607904177756,85.49395260924707,84.07934684667616,84.16064453125,5406944
2019-11-15,84.58340572425725,84.85981910314517,84.06309307949033,84.59966278076172,5255125
2019-11-18,84.87607578245775,85.13623208467324,84.33949992016709,84.81103515625,4053224
2019-11-19,84.56713744865624,85.0874562651741,84.33950145540096,84.61592102050781,4464861
2019-11-20,84.37202664603154,84.92485960558489,84.30698601488034,84.79478454589844,4651406
2019-11-21,84.35575529945686,84.71346630495934,83.91674041748047,83.91674041748047,4368778
2019-11-22,83.80293392304921,84.56713960523514,83.49399403636814,83.8191909790039,6260462
2019-11-25,84.38828234907858,84.76225664078876,84.06308542505634,84.729736328125,3940598
2019-11-26,85.00615241884952,85.21753135666222,84.5508804321289,84.5508804321289,13262006
2019-11-27,84.72975006514895,85.05494704189458,84.38829603074343,84.85982513427734,4081462
2019-11-28,84.6484462271162,84.98990023673609,84.5671423368692,84.79478454589844,1969625
2019-11-29,84.72973909538626,84.87607740584488,84.37202184701725,84.48583984375,4437790
2019-12-02,84.22568106908078,85.0874538510309,83.25009649634775,83.3639144897461,5495999
2019-12-03,83.3801801461183,83.85171542604837,82.61597442626953,82.61597442626953,6603916
2019-12-04,82.51841029713081,83.34765661727121,82.51841029713081,83.13628387451172,4915048
2019-12-05,83.25009649634775,83.57529342146391,83.13627850294942,83.3639144897461,3795186
2019-12-06,83.6565923801013,84.51835897260109,83.4126931318843,84.4695816040039,3478951
2019-12-09,84.1281250174492,84.71347203036377,84.11186176000928,84.45331573486328,3526329
2019-12-10,84.0956132556226,84.17691094324208,82.85986607438896,83.70537567138672,5703274
2019-12-11,83.54277642934728,84.03056873510255,83.23383654703025,83.80293273925781,4289291
2019-12-12,83.57529674341306,84.32324535907885,83.44521548714995,83.80293273925781,5494339
2019-12-13,83.59155648630706,83.99805112127308,83.03872353464864,83.68911743164062,5108849
2019-12-16,83.57530561769427,85.05494595041354,83.57530561769427,84.71348571777344,5238992
2019-12-17,84.06309357947931,84.38829053504683,83.38017935252591,84.19316864013672,9059537
2019-12-18,84.12812993717016,85.49395211907331,84.12812993717016,84.567138671875,7402523
2019-12-19,84.56714124020188,84.94112176316358,84.11186923327934,84.64844512939453,6501636
2019-12-20,84.98989461231557,86.2581558227539,84.77851567637066,86.2581558227539,13347067
2019-12-23,86.17687284282624,86.8272668170263,86.01427745058454,86.66466522216797,3438626
2019-12-27,86.72968829120151,86.89228365050613,86.3557140027086,86.5020523071289,2878314
2019-12-30,86.4370170095598,86.79473426521486,85.18501281738281,85.18501281738281,3514643
2020-01-03,84.95737911783333,86.71343892661547,84.68096574197831,86.43701934814453,6795058
2020-01-06,86.04677681017694,86.53457530847933,85.54272745910063,86.38823699951172,4768211
2020-01-07,86.58336259626853,86.92481662210479,85.42891925027952,85.52647399902344,5589217
2020-01-08,84.94111847539561,85.16875447004591,84.1443862915039,84.1443862915039,7253575
2020-01-09,84.38828598721041,84.50210398513278,83.68911474133543,83.80293273925781,7964898
2020-01-10,83.88423311969186,84.27447069841023,83.68911743164062,83.68911743164062,5028786
2020-01-13,83.6728548162149,84.53462766674862,83.59155712911969,84.17691040039062,4350059
2020-01-14,84.17690664485613,84.2419472726769,83.46147834667475,84.079345703125,7576903
2020-01-15,83.7378976689635,84.68096823161727,83.5915593472626,84.40454864501953,6997259
2020-01-16,84.30698664790295,85.31509783046823,84.2256889596615,85.28257751464844,5080243
2020-01-17,85.28256959905222,86.81098708502424,85.1850086606481,86.64839172363281,7555659
2020-01-20,86.58336472994478,87.41261112778457,86.33946544684203,86.90856170654297,4034669
2020-01-21,86.95733377224677,88.09552001953125,86.81099545184426,88.09552001953125,5395664
2020-01-22,88.56705483484174,88.9247659030368,88.25811493637181,88.43697357177734,5652168
2020-01-23,88.615830043506,88.68087067345014,87.7052798321356,88.07925415039062,5136914
2020-01-24,87.70528568842367,88.84347197798208,87.70528568842367,88.53453826904297,4546665
2020-01-27,87.72154354188285,88.25811323514073,87.25000827628757,87.73780059814453,4501648
2020-01-28,87.88412692908751,88.37191918441803,87.46137529516508,88.306884765625,4952578
2020-01-29,88.12803223579675,88.71338546360818,88.03047129695635,88.50200653076172,4887243
2020-01-30,88.1605561939085,88.306894506912,87.26626305743396,87.57520294189453,3955233
2020-01-31,88.04673813930104,88.06299519512856,86.37197606874298,86.48579406738281,6093587
2020-02-03,86.64839771763316,87.3800892997411,86.55083677248014,86.97359466552734,3359326
2020-02-04,87.21749281566524,88.11177982261488,87.1199380674335,87.91666412353516,4769225
2020-02-05,87.47765079301135,88.6483574147286,87.39635310041795,88.61583709716797,5532430
2020-02-06,88.85972987179689,89.11988619061852,88.40445166189713,88.69712829589844,5208653
2020-02-07,88.69713478976136,89.0223317627513,88.20934243158463,88.61583709716797,3915441
2020-02-10,88.61581530301775,88.87597157690367,88.17680042784498,88.82719421386719,3001721
2020-02-11,88.98980695470463,88.98980695470463,88.16056060791016,88.16056060791016,4120339
2020-02-12,87.88413982917376,88.33941804324337,86.90855517531139,87.05489349365234,6107328
2020-02-13,85.77035842415616,86.014257659015,84.29071836579665,85.11996459960938,11770544
2020-02-14,85.60776305651069,87.64023600464614,85.16874815539961,87.44511413574219,7454582
2020-02-17,87.8028438840281,88.43697454188307,87.47764692541591,87.68902587890625,5057392
2020-02-18,87.36382778433939,87.96543811824904,87.25000978069747,87.60772705078125,4310063
2020-02-19,87.6402481299879,88.98980712890625,87.39634886142123,88.98980712890625,5430350
2020-02-20,88.87598798521473,89.5914163198299,88.55079103216568,88.90850830078125,5704182
2020-02-21,89.07109499154478,89.31499423320534,88.11176748502349,88.632080078125,7025792
2020-02-24,87.00611105724607,87.26626738185351,85.47769342550437,86.04678344726562,8576459
2020-02-25,85.88418407019094,86.63213269327358,85.07119481833179,85.18501281738281,7319359
2020-02-26,84.61591527807005,85.55897950078618,83.26635026305078,85.11996459960938,11269889
2020-02-27,83.6565892892897,84.7622550891561,82.30702425021751,82.72978210449219,12352155
2020-02-28,81.15258369009396,81.78671428925828,79.39653020030167,80.36398315429688,19429306
2020-03-02,82.1119198930276,83.36392416838375,80.68918860775237,81.73794555664062,15203835
2020-03-03,83.31514003538588,85.39639050472492,83.12001815192359,84.079345703125,11645779
2020-03-04,83.99804679954195,86.6483934198915,83.96552648610395,86.193115234375,8586340
2020-03-05,86.98985322384945,86.98985322384945,84.8435620143488,85.75411224365234,8509367
2020-03-06,83.8191890554663,84.98989554104263,81.80297922210221,82.2257308959961,10439022
2020-03-09,78.45345555266265,81.42899891668213,78.4371984982791,79.64041900634766,16034319
2020-03-10,79.91684992885162,81.86801926863804,78.03071501847296,78.713623046875,15653133
2020-03-11,79.27458572122572,80.2989477389897,78.07135886842535,78.15265655517578,13567867
2020-03-12,75.60800063046413,76.42098988455514,71.84386261696443,73.27471923828125,27964530
2020-03-13,73.25033455456142,77.9738065966405,71.8113462253629,73.16903686523438,24879033
2020-03-16,70.65690291011705,73.16903686523438,67.7789200491039,73.16903686523438,19916782
2020-03-17,76.12018954838793,77.80307723136681,71.63249112798302,76.28279113769531,16305059
2020-03-18,74.66492883063079,79.33149153450695,73.07147066441051,76.60797882080078,20888456
2020-03-19,78.69736190028274,81.1363296508789,78.19330633221786,81.1363296508789,21469597
2020-03-20,82.29077603936254,82.81108868314578,78.06322805535362,79.65669250488281,26474603
2020-03-23,76.13643800152916,79.27457673476435,74.77874755859375,74.77874755859375,12228783
2020-03-24,75.76246668420876,77.84371708300087,75.42913812988775,76.59171295166016,11599328
2020-03-25,77.14455743798979,78.65671809604555,76.38847710896191,78.54290008544922,12290974
2020-03-26,77.5022725321915,80.2420425415039,76.7218035376843,80.2420425415039,11052293
2020-03-27,78.90060894507883,79.94935961597434,77.87624075657229,79.2176742553711,9678836
2020-03-30,79.85993677617154,81.1363296508789,77.6486050232125,81.1363296508789,8301545
2020-03-31,81.49403835652348,82.04687127884412,80.18512520518512,80.85177612304688,10513315
2020-04-01,79.15263620452797,81.70542202841033,78.85995956970946,81.1688461303711,7222402
2020-04-02,81.67290060085371,82.4208492340411,80.62414370747285,82.17695617675781,6693526
2020-04-03,82.81108806505159,83.81919302953025,81.86801752859846,83.21758270263672,6081202
2020-04-06,84.33951293366998,85.3151038694724,83.70538223683747,84.51837158203125,5984025
2020-04-07,85.36386850977367,85.47768650491078,83.64032912215855,84.4695816040039,8441911
2020-04-08,83.44522434761873,84.71348571777344,83.0712500000761,84.71348571777344,6535774
2020-04-09,84.9573742105271,84.9573742105271,82.4208455896731,83.103759765625,7279770
2020-04-14,83.91674651066533,84.84355370570587,83.57529253409574,84.11186218261719,7254666
2020-04-15,84.20942200478487,85.10370887555524,83.94926571142231,83.96552276611328,7442053
2020-04-16,84.2419538040149,85.54273544820231,83.916756842314,85.02242279052734,8150900
2020-04-17,86.17686841560918,86.40450443409972,85.3963994082346,86.20938873291016,13825569
2020-04-20,86.25816248616985,88.09552001953125,86.01426942057635,88.09552001953125,6415760
2020-04-21,87.60771570627792,88.35566426267609,85.11996459960938,85.11996459960938,7919586
2020-04-22,85.7703646649539,86.87603052556446,85.4289106733989,86.3394546508789,5826903
2020-04-23,86.17685301384411,86.3394483686732,84.84355125587686,85.11996459960938,7647446
2020-04-24,86.8272477254187,88.03046824972262,85.93295465687696,86.63212585449219,10743918
2020-04-27,87.38284718588862,87.9000000827618,86.23175179326185,86.91573333740234,10786057
2020-04-28,86.99914981228306,87.56635447854782,86.26511650072743,86.83232116699219,8456485
2020-04-29,86.83232442931443,87.14929568534477,85.54777244969307,85.89810943603516,5748969
2020-04-30,86.1149767408866,86.8323240296312,84.99725341796875,84.99725341796875,15248300
2020-05-04,84.24653891029526,84.73033244324567,83.2539291381836,83.2539291381836,11319374
2020-05-05,83.91287910391087,84.93051147460938,83.27894303687776,84.93051147460938,6229239
2020-05-06,84.93051906092299,86.09829412117988,84.76369677968434,85.73127746582031,7496002
2020-05-07,86.08159807174684,87.04918500930783,85.7813129093218,86.56539154052734,6637723
2020-05-08,86.74891415550594,87.83327812799475,86.73223447211397,87.58303833007812,3547742
2020-05-11,87.6998092185062,88.33374532978634,87.39952402705045,88.06682586669922,4311792
2020-05-12,88.0668256923454,88.56729888916016,87.96672850743767,88.56729888916016,5224057
2020-05-13,87.74986074665462,88.11687742043439,87.59971814045947,87.8833236694336,6418190
2020-05-14,87.1659721382854,87.93336481542953,85.81468874811779,86.03156280517578,6577649
2020-05-15,86.58209387075135,87.33280055415732,86.18171145758728,86.64881896972656,7141161
2020-05-18,87.29943440774737,87.8332733412715,86.79895483918918,87.64976501464844,4830424
2020-05-19,87.8332811041105,87.96673766735559,86.98247085345534,87.95005798339844,4822871
2020-05-20,87.41621319129912,88.31706243393765,86.69886591544063,87.51630401611328,5065641
2020-05-22,86.33184409714497,86.64880896322634,84.81373849414578,85.88141632080078,7810474
2020-05-25,86.13166264787138,86.81564420534586,85.66454879027887,86.59877014160156,3475686
2020-05-26,87.24938881448878,87.24938881448878,85.34758668357719,85.56446075439453,5934193
2020-05-27,85.61449414176833,85.76463672910883,84.27989690088708,84.5134506225586,8267912
2020-05-28,84.69696869498172,86.26511983821304,84.4634149464007,85.78132629394531,7869016
2020-05-29,85.84804719736844,86.71553698817605,85.2975286239657,86.63212585449219,9846413
2020-06-02,87.09923915961517,87.4162103983654,85.84805297851562,85.84805297851562,6564417
2020-06-03,86.24842954845718,86.83231384810577,85.59781379631687,86.63212585449219,6209773
2020-06-04,85.93145965813538,87.2660632731344,85.54776334617475,85.71459197998047,7061646
2020-06-05,85.71460153275868,85.93146923508321,85.08066538136897,85.58113861083984,5601365
2020-06-08,85.21413002873403,86.74891547870324,84.96389022700046,86.36521911621094,5910387
2020-06-09,86.33185219337126,88.26702002662954,86.21507531787087,87.8833236694336,7387840
2020-06-10,87.91668837315974,88.50057274384129,87.44957451275216,87.79991149902344,6383355
2020-06-11,87.21601769295724,87.74985663131203,86.24843700363746,86.33184814453125,5315823
2020-06-12,86.69885623499972,86.71553591598563,85.6645378257516,85.74795532226562,5523946
2020-06-15,85.41431272693917,86.49867028450488,84.83042201391568,86.03156280517578,4591003
2020-06-16,87.0658807465002,87.61640576709353,86.38189916458467,87.26607513427734,5509764
2020-06-17,87.3828403465201,90.01866912841797,87.23269775766212,90.01866912841797,7864037
2020-06-18,89.83516801470292,89.98531061559765,88.98436418554088,89.1178207397461,6623393
2020-06-19,90.00200116773526,90.4357429454428,89.25128812568131,89.66835021972656,16120970
2020-06-22,88.8509034227748,89.88522197130061,88.8509034227748,88.90095520019531,3910449
2020-06-23,89.00104316864096,89.00104316864096,88.26701621662775,88.83422088623047,5039732
2020-06-24,88.26701839384705,88.36711558407967,87.39952850341797,87.39952850341797,6958043
2020-06-25,87.16596833250242,87.8999952485227,86.76558596494291,87.78321838378906,4944689
2020-06-26,88.00009801854371,88.60066842608254,87.49962480021543,87.61640167236328,3813706
2020-06-29,87.34948173218153,87.88332067739778,87.24938454350516,87.51630401611328,4660379
2020-06-30,87.41620930578284,87.8999964532262,87.1826492092527,87.36615753173828,4909084
2020-07-01,87.16597535095323,88.18360785173735,86.9657873329856,87.79991149902344,4169695
2020-07-02,88.11687516155598,88.41716036624844,87.51630475217105,88.21697235107422,3588530
2020-07-03,88.20028123003691,88.70075442111124,87.54966544525409,87.6831283569336,2460181
2020-07-06,88.25033957284987,88.40048217773438,87.76654602779288,88.40048217773438,2773016
2020-07-07,88.41716160000998,88.6173496179776,87.51630597336215,87.79991149902344,3251269
2020-07-08,87.58303769250489,88.65071560996697,87.49962654842736,88.40048217773438,3719370
2020-07-09,88.40047678652361,88.66739624961072,87.73317494687484,88.06682586669922,3289438
2020-07-10,87.83327887912978,89.58493838793875,87.83327887912978,89.38475036621094,4489320
2020-07-13,89.66835021972656,89.93526970536101,89.16787697964477,89.66835021972656,3321464
2020-07-14,89.01772991505774,89.45147167105242,88.3504280524451,89.1178207397461,4057194
2020-07-15,89.66834788777348,91.28655080702134,89.25128580457452,90.8027572631836,5072968
2020-07-16,90.08540462205129,90.46910095214844,89.16786936626575,90.46910095214844,4411944
2020-07-17,90.35232898617059,90.95289940111421,90.21887242943997,90.7026596069336,3620287
2020-07-20,90.58587121907122,90.6359229898627,89.78511288888404,90.55250549316406,3098788
2020-07-21,90.90286336538179,91.16978287024084,90.15215026925854,90.38570404052734,3334599
2020-07-22,90.31896532432954,91.38664325807369,89.81849208836978,91.28655242919922,4028467
2020-07-23,92.10399512775108,93.52201012442079,91.80370989852044,92.82134246826172,5715005
2020-07-24,91.87041905670553,92.07060703963096,91.08634044144421,91.31990051269531,3835181
2020-07-27,90.96957636425718,92.58777922681945,90.93621063510658,92.15403747558594,4277899
2020-07-28,92.10399013688367,92.60446337052782,91.60351690323951,92.2874984741211,3364271
2020-07-29,92.32085418701172,92.88805882062357,92.1540319151866,92.32085418701172,3377748
2020-07-30,92.98817357360454,93.9390747031912,90.08541840274958,91.68693542480469,6215941
2020-07-31,91.35327805909031,91.60351786045852,89.75176114914883,90.1688232421875,6284815
2020-08-03,90.16882225881507,91.77033915129057,89.61830361121643,91.18645477294922,4860178
2020-08-04,91.1697706443887,91.2364957387584,89.93526412254839,91.05299377441406,3612832
2020-08-05,91.18645079833664,91.62019255136117,89.93526458740234,89.93526458740234,3548770
2020-08-06,89.5849380493164,89.8685372153703,89.20124169084572,89.5849380493164,3926563
2020-08-07,89.53488355339937,90.53583635559657,89.4181066810557,89.81848907470703,3221737
2020-08-10,89.81849818022894,90.46911406749031,89.40143606133186,90.00200653076172,3006258
2020-08-11,90.1688250697023,91.15309188377688,89.95195099504515,90.15214538574219,3087564
2020-08-12,90.00199567158458,91.0529938662788,89.80180766054924,90.93621063232422,3239031
2020-08-13,90.6692958285435,91.30323198728153,90.6692958285435,90.98626708984375,2513634
2020-08-14,90.71934040951396,91.0029395535858,89.81848483917639,90.6692886352539,2924170
2020-08-17,90.83612550542193,91.0696792602539,90.31896621696363,91.0696792602539,2471120
2020-08-18,91.0029381092467,91.58682879802589,90.73601865158993,90.90284729003906,2780859
2020-08-19,91.06967189191228,92.60445722169466,90.81943210977462,92.47100067138672,3406542
2020-08-20,92.13735265092751,92.35422671135133,91.52010256311134,91.73697662353516,2899259
2020-08-21,91.73698242545467,91.92048440402881,91.25318886155092,91.753662109375,3349149
2020-08-24,91.98720668464603,92.52104561088194,91.98720668464603,92.37090301513672,3108566
2020-08-25,92.03726403117028,92.73793169013508,91.52011108398438,91.52011108398438,4022022
2020-08-26,91.67025311318461,92.23745783772529,91.30323641969865,92.22077178955078,3317220
2020-08-27,92.33754273104762,92.63782794024308,91.90380096435547,91.90380096435547,2681279
2020-08-28,91.77033798699672,92.03725746568956,90.46910632385197,90.8027572631836,3737494
2020-08-31,91.06966469893268,91.70360076344559,90.55250549316406,90.55250549316406,4810488
2020-09-01,90.95289071287709,91.47004993497985,90.43573149077432,90.6192398071289,4390364
2020-09-02,90.91953554154523,92.2874986864558,90.76939293472029,91.78702545166016,4768398
2020-09-03,92.05394283663401,92.88806699690517,91.08635575606556,91.20313262939453,4857371
2020-09-04,90.56919949497227,91.6869227736823,89.85185223459995,90.35232543945312,5979299
2020-09-07,90.45242038886275,91.1030361754668,90.23554633870742,90.68597412109375,3275324
2020-09-08,91.00294548743051,91.1530880922768,89.76844528212743,90.30228424072266,5119977
2020-09-09,90.48579432206806,92.30418529857951,90.48579432206806,91.77033996582031,4140858
2020-09-10,91.55346393892292,92.47099918558152,91.25317875072746,91.48673248291016,4152467
2020-09-11,91.33659423228058,92.1206729680621,91.33659423228058,91.73697662353516,3282838
2020-09-14,91.9705241582632,92.28748902220697,91.08634829338965,91.50341033935547,2944238
2020-09-15,91.28654686010319,91.9872080749293,90.98626166407426,91.453369140625,4211580
2020-09-16,91.11971747910114,91.97052764892578,91.05299238574908,91.97052764892578,6376333
2020-09-17,91.20313730730422,91.62019940883137,91.0363150122384,91.25318908691406,5001303
2020-09-18,91.25318976441967,91.50342320887624,90.43574523925781,90.43574523925781,15174187
2020-09-21,90.08541459870102,91.03631568813384,89.71839791019617,90.43574523925781,6251837
2020-09-22,90.48579305797719,91.08635711669922,90.23555326061287,91.08635711669922,4901091
2020-09-23,91.18645567404343,91.8871232988394,90.9695816040039,90.9695816040039,3873973
2020-09-24,90.4190635072559,91.00294789495939,90.25223485086738,90.2689208984375,4625681
2020-09-25,90.91952309612168,92.28748605378009,90.68596937611096,91.55345916748047,5477924
2020-09-28,91.75365401000445,92.15403639123832,91.1364039376367,91.65355682373047,4975807
2020-09-29,91.58682783963806,91.93715843092252,91.18644547541169,91.50341033935547,3459263
2020-09-30,91.33659554969182,92.2040854400373,91.20313262939453,91.20313262939453,5205122
2020-10-01,91.6702419859206,92.43763464836712,91.25317992626115,91.87042999267578,3913432
2020-10-02,91.33659311222056,92.32085984962819,91.11971905445625,92.0372543334961,3369669
2020-10-05,92.25412561114256,92.45431361635107,91.38663577008968,91.58683013916016,3236248
2020-10-06,91.4533626779271,91.57013953881257,90.05203398343996,90.23554229736328,5849638
2020-10-07,90.0854143682259,90.81944137949496,89.83517456054688,89.83517456054688,4030450
2020-10-08,90.01867871429636,90.56920372002027,89.80181101252244,90.30228424072266,3774997
2020-10-09,90.36899947892879,90.6859707011704,90.1020800287505,90.63592529296875,3585770
2020-10-12,90.63593240269803,91.50341591092898,90.26891574346499,91.33659362792969,3599275
2020-10-13,91.47004994132112,91.95383707263473,91.1030333085865,91.41999816894531,4886841
2020-10-14,91.75365333319093,91.98720706891203,90.15213654779302,90.56919860839844,5891294
2020-10-15,90.0687261842078,90.0687261842078,88.95099654295002,89.25128173828125,5775774
2020-10-16,89.76843231071224,90.3189508730246,89.68501481484728,89.96862030029297,4932251
2020-10-19,90.1688142736695,90.81943005587921,89.43478735392094,89.48483276367188,3010140
2020-10-20,89.21792715183838,89.86854303502358,89.06778453542158,89.60162353515625,3470339
2020-10-21,90.91953659914479,91.33659869363628,88.86759185791016,88.86759185791016,5860092
2020-10-22,88.71744776191342,89.10114411874908,87.93336900097917,88.68408203125,4650910
2020-10-23,88.7674928394075,89.06777805037727,88.28369929241593,88.88426971435547,4728782
2020-10-26,88.4171636943132,89.21792214901329,88.4171636943132,89.06777954101562,4754442
2020-10-27,88.88425113410376,89.03439370820303,88.0668131803441,88.33373260498047,4650429
2020-10-28,87.7498668160052,88.21698071417784,85.91479604790575,86.29849243164062,6315656
2020-10-29,86.58209787331423,87.1493026059312,85.6145107090241,85.99820709228516,5750990
2020-10-30,85.49773382559086,85.99820709228516,85.04730597640713,85.99820709228516,7026933
2020-11-02,85.91479119843844,87.41621727949013,85.49772910524214,87.16597747802734,4933096
2020-11-03,87.41621474390489,88.83422327409671,86.76559255174604,88.80085754394531,4512516
2020-11-04,88.33374524939491,90.6859750044162,88.26701379271836,90.46910095214844,5086795
2020-11-05,90.46910798411055,90.75271351509889,89.06777910429088,89.38475036621094,5152130
2020-11-06,89.16787181491362,89.23460327342268,88.23365048737321,88.83422088623047,4007513
2020-11-09,89.50152765038406,90.86949080550559,87.49962833239616,87.96673583984375,9209793
2020-11-10,87.21602528389576,88.38380044963371,86.23175846241325,87.13261413574219,10349808
2020-11-11,86.71554279443629,89.21791515567426,86.71554279443629,88.66739654541016,6384693
2020-11-12,88.00009376688668,89.21791420606357,87.89999658251224,88.46720123291016,5444221
2020-11-13,88.43383550478535,88.73412069404671,88.08350490526773,88.46720123291016,4185186
2020-11-16,88.68407715286868,88.70075683535165,87.51630209933637,87.64976501464844,5061165
2020-11-17,87.73317788374031,88.48389088750977,87.48293809452976,88.01677703857422,5014654
2020-11-18,87.73317568403685,88.4004775292925,87.38284507901554,87.54966735839844,5534708
2020-11-19,86.88238001400043,87.71650421675913,86.84901428222656,86.84901428222656,5385546
2020-11-20,86.91572873169817,87.08255737012516,86.44862127182633,86.48198699951172,5653876
2020-11-23,86.38189317105456,86.74890982598498,84.63023376464844,84.63023376464844,7656334
2020-11-24,85.08065644876491,85.29753049218226,84.4800860909087,84.89714813232422,7094781
2020-11-25,84.9138322709942,85.26416285058971,84.49677023894385,85.03060913085938,6498582
2020-11-26,85.21412681553862,85.88142232189537,84.9972527531381,85.39762878417969,4489815
2020-11-27,85.39761955893883,85.68122505049668,84.8304149396847,85.33089447021484,5008749
2020-11-30,85.28084460284666,85.58112978232435,84.39667510986328,84.39667510986328,15475281
2020-12-01,84.41336399535265,84.64692411008258,83.77943420410156,83.77943420410156,9192384
2020-12-02,83.7126979196991,84.07971457212399,83.41241272478092,83.42909240722656,6531962
2020-12-03,83.52920055935962,83.84616547833521,82.67839663797099,82.83687591552734,7942812
2020-12-04,83.32899817385102,84.48008713134413,82.57828521728516,82.57828521728516,8436745
2020-12-07,82.97033085832389,83.6126036586757,82.66170262945433,82.695068359375,6186505
2020-12-08,82.67004884549569,82.99535676995737,81.63573663346013,82.90360260009766,6543454
2020-12-09,83.16217294106175,83.7627433308981,82.69506546623883,83.42909240722656,6364005
2020-12-10,84.09639505743849,84.17980619818718,83.3290023803711,83.3290023803711,8104260
2020-12-11,83.37070505006994,84.51345741015479,83.24559152045589,83.92957305908203,5515208
2020-12-14,84.22985460618435,84.46340833648797,82.99534813532848,83.16217041015625,6211377
2020-12-15,83.41240858722718,83.67932804015183,83.09544372558594,83.09544372558594,7340260
2020-12-16,83.3790504455174,84.0129865903338,82.43649243372298,83.89620971679688,9506370
2020-12-17,84.14644070628759,85.13070744316552,83.86284155417026,84.73033142089844,8130860
2020-12-18,84.99724357114862,85.73127045800507,84.86378066597749,85.33089447021484,15554754
2020-12-21,85.0806629819134,85.23080558290657,83.64596843105927,83.71269989013672,5129034
2020-12-22,83.97961055599048,85.2141169640169,83.86283369678195,84.93051147460938,4084239
2020-12-23,85.03061463899915,85.06398036738796,84.16312479247652,84.44672393798828,3728560
2020-12-28,84.86378319323515,86.68217396524346,84.59686373880558,86.39857482910156,4563191
2020-12-29,86.41525789579426,87.29943379386407,86.13165874854347,87.24938201904297,3283019
2020-12-30,87.46625536263973,87.566352547607,86.91573039111272,86.96578216552734,4627332
2021-01-04,87.64977343647459,87.76655031666212,86.9324261074011,87.13261413574219,4991415
2021-01-05,87.11593262381547,87.28275491662238,86.26512238445758,86.46531677246094,5413155
2021-01-06,86.13165337425258,86.23174418992544,84.93051267528524,85.314208984375,7212007
2021-01-07,85.14739751388603,85.5644596023782,84.43005021257053,85.1807632446289,5379644
2021-01-08,85.48104290274385,85.89810496413459,84.26321608328433,84.54682159423828,7549520
2021-01-11,84.5134579748511,84.5468237042585,83.91288757324219,83.91288757324219,6318571
2021-01-12,83.97961936258432,84.34663602364809,83.35402625242318,83.71269989013672,5884000
2021-01-13,83.67932709347276,84.73032521166299,83.67932709347276,83.69600677490234,5335715
2021-01-14,83.44578326120696,83.9963019077,83.33734940940774,83.77943420410156,5564460
2021-01-15,83.41241922979566,84.19649800699176,83.26227662062753,84.14644622802734,7762674
2021-01-18,84.17981152011275,84.83042736849208,84.09640037409072,84.46341705322266,3107391
2021-01-19,84.99725150546519,85.1473941058674,83.89620789046958,83.91288757324219,6040045
2021-01-20,83.81279063701899,84.49677213033748,83.27060871044492,84.09638977050781,5104536
2021-01-21,84.24653883503191,84.31327029410936,83.69601384343626,83.71269989013672,4879522
2021-01-22,83.74606882274816,84.58019300153278,83.61260589948864,84.26322174072266,4259632
2021-01-25,84.66360145632997,85.56445706811834,84.43004771190978,84.9138412475586,4818809
2021-01-26,85.41432177023033,86.66550810564232,85.11403654062244,86.21508026123047,6859441
2021-01-27,86.04825150454275,87.28275169907604,86.04825150454275,86.59877014160156,6771577
2021-01-28,86.61544942362583,86.68218088352464,85.56445756759982,85.69791412353516,5020918
2021-01-29,84.64692640388566,84.79706901406375,83.44578552246094,83.44578552246094,7193495
2021-02-01,83.96294293019211,85.46436263438576,83.87952542118487,85.36426544189453,4523788
2021-02-02,85.83138320159993,85.93147403476723,85.33090994417523,85.51441192626953,4701367
2021-02-03,85.83137300062427,86.24843505955455,85.24748229980469,85.24748229980469,4237255
2021-02-04,85.39763814073133,85.39763814073133,84.54683420865331,85.08067321777344,5035819
2021-02-05,84.83043045837607,84.83043045837607,83.41242183276418,83.61260986328125,5808623
2021-02-08,83.57924368873802,83.79611776623747,82.82853698730469,82.82853698730469,6127860
2021-02-09,82.87857715896551,83.35402767625501,82.67004611868308,82.795166015625,5238923
2021-02-10,82.81183862682795,84.44672107936407,82.66169603609188,83.57923126220703,4717365
2021-02-11,83.74608152915671,84.2131891037122,83.22057914391837,83.9963150024414,3562217
2021-02-12,84.07971668867874,84.24653897278294,83.61260283823503,84.01298522949219,3351324
2021-02-15,83.82947554456071,84.21317188289225,83.62928753409687,84.1297607421875,2705663
2021-02-16,83.91289212975632,84.1964976631881,83.52919576652953,83.66265869140625,4639609
2021-02-17,83.4124146881504,84.0296647749613,82.92028449614418,83.71269989013672,4900248
2021-02-18,83.24559439061073,83.92957595281929,82.77848052978516,82.77848052978516,5670901
2021-02-19,83.00369838398481,83.49582859227168,81.9193344116211,81.9193344116211,7260618
2021-02-22,81.61070209651571,82.48653498147928,80.49297881324468,81.92767333984375,6601715
2021-02-23,81.95270031658438,82.15288833700296,80.4262515467195,80.65980529785156,6055066
2021-02-24,80.9100385956678,81.31042096819921,80.57638767920194,80.70150756835938,5755160
2021-02-25,80.4929765948885,80.57638773309527,79.95079465075159,80.24273681640625,5758823
2021-02-26,79.86738385652241,80.56804505711126,79.24179077148438,79.24179077148438,7555199
2021-03-01,80.16767250480761,80.99345363079989,79.95079844409068,80.85165405273438,5185501
2021-03-02,80.9517542281784,81.96104372248489,80.83497735206772,81.56066131591797,4663083
2021-03-03,81.95269167496608,82.1779023787065,80.55970597484054,80.87667083740234,5229394
2021-03-04,81.01847205007789,82.8118401490965,81.01847205007789,82.16122436523438,5851845
2021-03-05,82.16122368925073,82.81183946775991,81.69411623060043,82.21961212158203,5416438
2021-03-08,82.66169651014219,82.90359326126318,82.09449187120445,82.87857055664062,4721505
2021-03-09,83.12047069640349,83.92957211944753,82.78681977215639,83.72937774658203,4417080
2021-03-10,83.57924662368839,84.27991429719009,83.16218450208542,83.87953186035156,5437859
2021-03-11,83.81279047653838,83.99629242875301,83.41240811747535,83.79610443115234,3028704
2021-03-12,83.41240692138672,83.56254950839968,83.14548747379274,83.41240692138672,3414543
2021-03-15,83.57923697198183,83.92957395020733,83.24559240431898,83.71269989013672,3769495
2021-03-16,83.87951770088858,84.41335661731551,83.8294722911804,84.37999725341797,3955496
2021-03-17,84.41335685727036,84.61355122439592,83.97961512288872,84.5634994506836,4288128
2021-03-18,84.56350800520072,84.96389041609301,83.91289215588046,84.76370239257812,5840427
2021-03-19,84.59686005453166,85.89809790658477,84.58018037354576,85.74795532226562,16309871
2021-03-22,85.43099226850106,85.84805433545979,84.78037646226336,85.73127746582031,3733406
2021-03-23,85.84806153610114,87.28275618499441,85.61450777723249,87.14929962158203,4740961
2021-03-24,87.14928714733207,87.53298346253283,86.56539646987393,86.7989501953125,4602492
2021-03-25,86.91573767656456,87.79991364156723,86.7322357012027,87.16597747802734,4793705
2021-03-26,86.98246137584127,87.08255856026547,86.3151659045991,86.86568450927734,5462736
2021-03-29,87.34948606237161,88.1502445198921,87.28275459994595,87.76654815673828,3852204
2021-03-30,87.9166910086229,88.41716425047574,87.81659381470733,88.36711883544922,3668561
2021-03-31,88.41715552058488,88.7341203908948,87.7498536880923,87.86663055419922,4250004
2021-04-01,88.1001945442192,88.25033714497309,87.41621299942084,88.01677703857422,3785508
2021-04-06,88.41716493189107,89.0511011038503,88.38379920032872,88.65071868896484,6066711
2021-04-07,88.83421967408367,89.56824661608105,88.76748821648516,89.25128173828125,4862177
2021-04-08,89.35138319798351,90.51915194249659,89.21792027640352,90.30228424072266,3909265
2021-04-09,90.51915594137013,90.81944116432848,90.25223645028079,90.75271606445312,3888132
2021-04-12,90.5191419046433,90.66928449283999,90.00198905052491,90.33563995361328,3064665
2021-04-13,90.33564170731648,90.68597229862256,89.70170561552801,89.90189361572266,5614549
2021-04-14,89.9019077436923,89.9519531606401,89.4681659477983,89.5182113647461,3925238
2021-04-15,89.36807088697614,90.11878397845767,89.16788285053538,89.98532104492188,4042250
2021-04-16,90.08540430106953,90.6692886352539,89.7684394287783,90.6692886352539,7559758
2021-04-19,90.79766530900712,91.65343973515994,90.5409368985857,91.12286376953125,10697290
2021-04-20,91.03728013349652,91.25978331005645,90.60939292498011,90.6778564453125,4887165
2021-04-21,90.62650391267233,91.70478140921384,90.5751530125246,91.51651000976562,4991698
2021-04-22,93.2794109458168,94.9224962505532,92.8686363551124,94.15229797363281,10963380
2021-04-23,93.89556617861943,94.30633422545841,93.12536792949587,93.82710266113281,5327566
2021-04-26,93.77575593476988,94.06671608322746,92.88574981689453,92.88574981689453,2932936
2021-04-27,92.95420856920106,93.1253608208124,92.0813151104795,92.52632141113281,3402028
2021-04-28,92.4407457737227,92.91998386688655,92.0470903419012,92.74882507324219,4270140
2021-04-29,92.6632428457576,93.50190455684877,92.6632428457576,93.41632843017578,3838495
2021-04-30,93.70729450157341,94.06671817378785,93.17671203613281,93.17671203613281,3937844
2021-05-03,93.36498538956148,93.91268048121658,93.02267432501692,93.4505615234375,2835058
2021-05-04,93.6217138024327,93.70728993035102,92.26958878258678,92.38939666748047,3872290
2021-05-05,92.23536488699155,93.34787423187119,92.18402051167237,93.039794921875,3213976
2021-05-06,93.27940853067182,93.67306396667419,92.95421661285431,93.19383239746094,3060328
2021-05-07,93.6217187487556,93.67306312241128,92.85152049871851,93.3821029663086,5217892
2021-05-10,93.17670841457925,93.38209895846762,92.64613249880121,93.27940368652344,2451191
2021-05-11,93.21094755327096,93.2451793132965,92.37229228428733,92.62902069091797,3905188
2021-05-12,92.62901851452854,93.29652149674159,92.54344238099567,92.7830581665039,2845623
2021-05-14,93.7073008345229,93.77576435644028,92.98845344151272,93.14248657226562,2690079
2021-05-17,93.05690429586701,94.11806922846414,92.97132816363573,93.80998992919922,4533945
2021-05-18,93.89555937032965,94.4261352697784,93.41632784075273,93.63882446289062,4642989
2021-05-19,93.10826108607787,94.03249251327541,93.02267841939444,93.57037353515625,3225893
2021-05-20,93.8784486254731,94.56307075385932,93.63883283925007,94.51172637939453,2980237
2021-05-21,94.56306591088682,95.11076097392984,94.20364224995988,94.59729766845703,3152100
2021-05-25,94.56307568623025,96.06924052981658,94.52884392512138,95.52154541015625,3673315
2021-05-26,95.7098068997314,96.46289255926902,95.47019110952965,95.65846252441406,2602442
2021-05-27,95.43595434273607,95.50441785892777,94.6144117355565,94.64864349365234,4861551
2021-05-28,94.28922081677678,95.38461097117904,94.18652554141144,95.0936508178711,2474499
2021-05-31,94.95672558175984,95.47018891022668,94.58018276066528,94.73422241210938,1574474
2021-06-01,94.99096001447919,95.3161519415516,94.30633787122704,94.80268859863281,2997198
2021-06-02,94.73423168400441,95.77827758719351,94.73423168400441,95.43596649169922,3293372
2021-06-03,95.36751129120134,95.81251115339263,95.2648160019074,95.69270324707031,2033516
2021-06-04,95.72691440930097,96.6169204711914,95.58998738637638,96.6169204711914,2374083
2021-06-07,96.47999839908704,96.87365381663575,96.37730965566398,96.5484619140625,2175572
2021-06-08,96.7025040089642,97.33577521593587,96.54846436088565,97.04481506347656,3685162
2021-06-09,96.94211968329103,97.48981475830078,96.61692777282909,97.48981475830078,2530270
2021-06-10,97.40424843563996,97.64386423895601,96.94212944537,97.33578491210938,2932131
2021-06-11,97.38713085374866,97.8150180604364,97.31866733370886,97.40424346923828,2183478
2021-06-14,97.40424346923828,97.69521016488709,96.85654836700121,97.40424346923828,3108150
2021-06-15,97.55827589262418,98.67078515915614,97.55827589262418,98.07173919677734,5336318
2021-06-16,97.98616839860433,98.55098263423005,97.86636050541837,98.20867156982422,3407363
2021-06-17,97.86635823176832,98.80770874023438,97.31866315305932,98.80770874023438,4884666
2021-06-18,99.09867676156291,99.5436765706329,98.6365578084669,98.8419418334961,14598036
2021-06-21,98.49962850440386,99.44097900390625,98.26001272588036,99.44097900390625,3458791
2021-06-22,99.355411826504,99.66349114923754,98.79060408751977,99.4752197265625,3935990
2021-06-23,99.697713912622,99.83464094549713,98.97886657714844,98.97886657714844,3519952
2021-06-24,99.15002090464534,99.5265637238556,99.11578914571346,99.26982879638672,2943768
2021-06-25,99.11578636198875,99.30405776630617,98.91040234320623,99.18424987792969,2128532
2021-06-28,99.59502472463122,99.61214386930698,98.99598524179346,99.37252807617188,2753406
2021-06-29,99.52656555175781,99.92022099314367,99.47521464789668,99.52656555175781,2876317
2021-06-30,99.61213947240672,99.66348384608627,98.55098106577358,98.60232543945312,4167269
2021-07-01,98.77348738506453,99.35541428361469,98.07175258349294,98.89329528808594,3332789
2021-07-02,98.99597785600197,99.40675242004455,98.48251454772888,98.94463348388672,2351021
2021-07-05,99.0130984715669,99.2698334109702,98.1059796693459,98.53386688232422,1874538
2021-07-06,98.41405753708987,98.9104082638119,98.20867350601341,98.4825210571289,2423757
2021-07-07,98.4482784080489,99.69770812988281,98.29423876951925,99.69770812988281,2933659
2021-07-08,99.40675472128758,99.54367522644465,98.37982155192795,98.80770874023438,3868503
2021-07-09,98.72214739161575,99.06445849932862,98.14022046721624,98.58522033691406,3470802
2021-07-12,98.53385676241093,99.44097547146637,98.53385676241093,99.09867095947266,2351625
2021-07-13,98.96175311393462,99.1671371459961,98.46540238483212,99.1671371459961,2800939
2021-07-14,98.70501346458632,99.18425155523694,98.26001366152538,98.80770874023438,2480783
2021-07-15,98.79059220854249,99.33828726553598,98.260009765625,98.260009765625,2721261
2021-07-16,98.58520618456042,99.09867603693948,98.36270954617257,99.04732513427734,3003800
2021-07-19,99.06444633934197,99.92022073905872,98.73924788886367,98.87617492675781,3804564
2021-07-20,99.09867858307544,100.50214808314593,99.09867858307544,99.560791015625,3090596
2021-07-21,99.6977173290939,99.81752522244511,98.92751906537865,99.30406188964844,3004763
2021-07-22,99.15001975080303,99.35540377296375,97.31866310802228,97.72943115234375,4578319
2021-07-23,97.88346858054345,99.06444137151576,97.55827667541321,98.94463348388672,2296614
2021-07-26,98.99598415374253,99.06444767361171,97.8321304321289,97.8321304321289,2569002
2021-07-27,97.76366485419118,98.22578381001895,96.82231432744891,98.00328063964844,3077062
2021-07-28,98.0717482944208,98.32848323483351,97.0790533515092,97.66098022460938,2167190
2021-07-29,95.79538598473438,97.6609743903668,94.37479738298696,97.30154418945312,3964363
2021-07-30,96.70250811686478,98.55098397233016,96.18904477780458,98.24290466308594,4261891
2021-08-02,98.32847461654413,98.41405074616753,97.76366040875726,98.29424285888672,2167221
2021-08-03,98.20868178706252,98.4825293612691,97.64386749267578,97.64386749267578,2769511
2021-08-04,97.6438511058493,97.76365899139314,97.14750042057325,97.18173217773438,2807950
2021-08-05,97.23308316864895,97.43846718276703,96.39442144001995,96.73673248291016,3497659
2021-08-06,96.6682712552634,97.18173456722491,96.42865547828406,96.59980773925781,2113459
2021-08-09,96.6511615720828,97.71231998619213,96.6511615720828,97.31866455078125,2228741
2021-08-10,97.38713097015169,97.72943551267853,97.0105881385234,97.42135620117188,2207071
2021-08-11,97.55828579363218,97.69521283745758,97.26732561906445,97.47270965576172,2216942
2021-08-12,97.40424431761957,97.48982045389435,96.97635710720496,97.21597290039062,2197213
2021-08-13,97.31865867620235,98.1402012564732,97.31865867620235,98.02039337158203,2683916
2021-08-16,98.07174815882317,98.27713219344493,97.74655622658535,98.1059799194336,2565115
2021-08-17,98.19154695206392,99.5779037475586,98.19154695206392,99.5779037475586,3466834
2021-08-18,99.57790458166826,99.95444738758292,99.15001740368895,99.38963317871094,3947371
2021-08-19,99.0302184456156,99.50945003887132,98.60233122905422,99.42387390136719,3298638
2021-08-20,99.44097816862681,99.90309710720054,99.01309098798893,99.6292495727539,3521106
2021-08-23,99.61213901460548,99.78329127877764,98.910404285035,99.45809936523438,2051649
2021-08-24,99.5779144145126,99.95445725760906,99.0473319109713,99.23560333251953,2607079
2021-08-25,99.1500227121624,99.49233377868116,98.10597689734844,98.44828796386719,2304660
2021-08-26,98.39695105944338,98.92752705024077,97.98617644262637,98.89329528808594,2307281
2021-08-27,98.94463255758504,99.59501636175673,98.91040080014861,99.5779037475586,2371222
2021-08-30,99.40674768286473,100.21117110017676,99.38962854028199,100.10848236083984,2310537
2021-08-31,100.15983444237813,100.36521846590553,98.8932854843717,99.04732513427734,5343702
2021-09-01,99.35540856248605,99.57791173915969,99.04732924987351,99.1671371459961,2713074
2021-09-02,99.16712621468776,99.50943724975063,98.84193432234999,98.85904693603516,4969446
2021-09-03,98.63655719825296,99.33829193104847,98.15731910409573,98.60232543945312,2500603
2021-09-06,98.75636619200813,99.35540565509159,98.67079005857342,99.06444549560547,2036628
2021-09-07,99.0815541035917,99.3040572647558,98.61943516688484,98.96174621582031,3398825
2021-09-08,98.49962553692964,98.55097643723785,97.31865929448244,98.260009765625,3854427
2021-09-09,98.17443363716478,99.16712847957545,98.02039399432036,98.260009765625,3737866
2021-09-10,98.58519815474799,98.67078080920068,97.9005826224055,98.37981414794922,3132737
2021-09-13,98.41406394634254,99.064454370989,98.29425604299202,98.46540832519531,3214724
2021-09-14,98.41405656034708,98.60232797406553,98.00328197323039,98.03751373291016,3192161
2021-09-15,97.98617875890079,98.14021842771835,97.19886779785156,97.19886779785156,3765025
2021-09-16,97.55828783400725,98.19155910234214,97.37001640933015,97.763671875,4536051
2021-09-17,98.55097811095206,98.82482564409962,97.71231636810253,97.88346862792969,7688933
2021-09-20,97.23308224814623,97.67808202936263,96.73673156710637,97.37000274658203,3705644
2021-09-21,97.37001338891153,98.37982747527617,97.37001338891153,98.1059799194336,2943767
2021-09-22,98.32848721728489,98.75637444927565,98.15732840706397,98.22579193115234,4119100
2021-09-23,98.55097438534233,98.99597416149432,98.37981560294544,98.43115997314453,3068721
2021-09-24,98.15732689321013,98.3798300785452,96.97636050158411,97.07905578613281,3706501
2021-09-27,97.23308244445403,97.23308244445403,95.40172588702755,95.41883850097656,3906958
2021-09-28,95.3503742570359,95.3503742570359,93.57036208412542,94.10094451904297,5261768
2021-09-29,94.6315334627033,96.42865837303773,94.54595732964746,96.24038696289062,4658852
2021-09-30,96.27462561470108,97.37001586593736,96.01789066811219,96.4457778930664,5167917
2021-10-01,95.67557258310615,96.41153902828697,95.50441379990131,95.60710906982422,3737163
2021-10-04,95.67557320858343,96.24038087425183,95.38460653975302,95.84672546386719,2456115
2021-10-05,96.01788306664488,96.51423377526692,95.812499043058,95.98365783691406,2406280
2021-10-06,95.4188436107496,96.20615447536638,94.7513406373119,95.98365783691406,3297853
2021-10-07,96.56557452828629,97.01058084658668,96.37730965566398,96.5484619140625,3144890
2021-10-08,96.3601948549769,96.46289013206817,95.6413475024593,96.24038696289062,2399445
2021-10-11,96.01788173120227,96.1034643914602,95.4530740419337,95.94942474365234,1774693
2021-10-12,95.41884841266922,96.68539743478122,95.29904051546087,96.36019897460938,2399504
2021-10-13,96.17192646645935,97.31866757836654,95.70980749858995,96.97635650634766,2636989
2021-10-14,97.2844305163456,98.32847629103536,97.07904649594377,97.9177017211914,3115531
2021-10-15,97.90058610866804,98.39693679439343,97.5753876798631,98.260009765625,2449371
2021-10-18,97.95193591642386,98.61943889611715,97.95193591642386,98.41405487060547,2355070
2021-10-19,98.55098149370467,98.56809410865868,95.7953869242367,96.66827392578125,4490425
2021-10-20,98.67079559691567,100.46792061607826,98.58521292963678,99.23560333251953,6708750
2021-10-21,99.18424823761704,100.41655885897248,98.99597683641326,100.02290344238281,3927420
2021-10-22,100.29676407880876,100.43369112631898,99.45810876445212,100.17695617675781,2323921
2021-10-25,100.43368408927411,100.58772374240958,99.52656531472107,99.95445251464844,2426907
2021-10-26,100.10848855096992,100.53637573543817,99.85175362867285,100.51925659179688,2585092
2021-10-27,100.45080177221146,101.51196678247602,100.22830511793352,100.98138427734375,3293918
2021-10-28,100.98138063795533,102.62446594238281,100.9129171180107,102.62446594238281,3815159
2021-10-29,102.19657550472319,103.39466094970703,101.68311217945593,103.39466094970703,3798012
2021-11-01,103.54869584563632,103.65139111759056,102.17945819811361,103.03523254394531,3029216
2021-11-02,103.12082187052638,103.83966927908666,102.76139816624624,103.2063980102539,2792909
2021-11-03,103.06947109663781,104.76390075683594,102.94966320264565,104.76390075683594,2850981
2021-11-04,104.74677745043368,105.85928014238895,104.25042678081802,105.55120086669922,3089003
2021-11-05,105.29447586683492,106.16736282325931,105.27735672372538,105.4142837524414,2521300
2021-11-08,105.27736494233956,105.48275550144768,104.57563018798828,104.57563018798828,2289491
2021-11-09,104.57563043237383,105.60256364319252,104.3189020264496,105.22602081298828,2935763
2021-11-10,105.20890035861417,106.15025083494584,105.08909247230143,105.65390014648438,2341214
2021-11-11,105.84216752886836,106.21871031672023,105.43139298493541,105.55120086669922,2051553
2021-11-12,105.34582750825356,105.82506561279297,105.0377482014213,105.82506561279297,2724105
2021-11-15,105.31159343652266,105.80794414541477,105.15755378648856,105.3458251953125,2041566
2021-11-16,105.499872111578,106.25295779874199,104.91794523015166,105.75660705566406,2113977
2021-11-17,105.31158910171646,105.79082717600758,105.1575494580229,105.65390014648438,2120449
2021-11-18,105.65390583332041,105.99621689651326,105.10621074382804,105.38005828857422,2891380
2021-11-19,105.20890262308326,105.73947855130528,105.05486297607422,105.05486297607422,3542850
2021-11-22,104.57563598928634,105.12333111921002,104.4558280876806,104.93506622314453,2906895
2021-11-23,104.91793700474868,105.19178454341886,104.07928177402638,104.43870544433594,4296840
2021-11-24,104.38736773244624,104.38736773244624,103.49736154271396,103.99370574951172,2987052
2021-11-25,104.0279308718105,104.55851333443913,103.9594738839232,104.43870544433594,1998886
2021-11-26,102.55599724493449,104.01081758962907,102.09388483123935,103.12081146240234,3877393
2021-11-29,102.82984668815207,103.66850187579055,102.7613831747416,102.77849578857422,3224086
2021-11-30,102.60735702490575,103.03524424641992,100.98138427734375,100.98138427734375,13929336
2021-12-01,101.20388515754328,101.70022936113325,100.51926300708436,101.1183090209961,4164028
2021-12-02,100.67329178412561,100.99848367947578,100.02290146438524,100.81021881103516,3721222
2021-12-03,100.91292241037057,101.83716039097276,100.19407500037396,101.68312072753906,3814734
2021-12-06,102.45331605473434,104.35313633862573,102.38485253319718,104.1990966796875,4673882
2021-12-07,104.57562059594103,104.72966023662276,103.78830977869661,104.30177307128906,3950766
2021-12-08,105.44852688542981,106.57814887804058,105.20891108836705,105.94487762451172,4276640
2021-12-09,106.20160094675221,106.54391201002223,105.75660113482952,106.45833587646484,2465717
2021-12-10,106.492561132525,107.14294493107658,106.08178657587762,106.92044830322266,2616323
2021-12-13,106.98890963782459,107.53661124529987,106.32140666904702,106.61237335205078,2531101
2021-12-14,107.09161026363051,107.41680219237247,106.13314056396484,106.13314056396484,3801637
2021-12-15,106.30430463737119,107.3825822868425,106.30430463737119,107.34835052490234,4337703
2021-12-16,107.81046655234148,108.94008854913368,107.34834757242092,108.78604888916016,4525432
2021-12-17,108.54642461735777,109.2823911430405,107.93027251754403,108.97431182861328,11790118
2021-12-20,107.93027096616797,109.02566116659055,107.38257586595667,108.90585327148438,3191225
2021-12-21,109.33373998634987,109.53912401574803,107.6221911736038,108.683349609375,3207635
2021-12-22,108.99142746308875,109.11123535605843,107.38257395103831,108.63200378417969,2377276
2021-12-23,108.68335094247705,108.7689270783559,107.84468914116665,108.71758270263672,2063525
2021-12-27,108.4437357495291,109.38508630747863,108.35815961317745,108.95719909667969,1402361
2021-12-28,109.26527612059445,110.17240142822266,109.02566033221586,110.17240142822266,1413907
2021-12-29,110.27508444804332,110.30930967685568,109.47065446110823,109.830078125,1917634
2021-12-30,109.8300824776358,110.13816178147817,109.05989074707031,109.05989074707031,2341009
2022-01-03,109.77873801164195,111.07951874434332,109.67604926314058,110.58316802978516,3412729
2022-01-04,111.07951935457288,111.07951935457288,109.64181157725083,110.82278442382812,2920374
2022-01-05,109.71026901178347,109.72738815503868,107.53660790926209,107.82756805419922,5579892
2022-01-06,106.5610336422369,107.70777482187181,106.30430521984057,107.58796691894531,3806803
2022-01-07,107.24564821255181,107.46815138606432,106.1502580183988,106.50968170166016,3579390
2022-01-10,106.62948933917113,106.64660848349884,104.04505351413327,104.31890106201172,4560274
2022-01-11,104.6269809756811,105.53409975908893,104.16486201176373,104.55851745605469,3707378
2022-01-12,104.83236159821404,104.96928863301639,103.71985229208623,104.23332214355469,5324981
2022-01-13,104.23333282154857,104.50718039016672,103.58294239769008,103.89102172851562,4004810
2022-01-14,103.17215789818083,103.75408474188626,102.6929263312612,103.41177368164062,5059252
2022-01-17,103.48024059653979,104.66121346670406,103.22351218970803,104.35313415527344,3021837
2022-01-18,104.14774081629118,105.05486611087503,103.65139663137602,104.72966766357422,4164905
2022-01-19,103.90812793488719,104.14774372651576,102.71004244770367,102.8298568725586,3854008
2022-01-20,102.89830604010383,103.8910074202769,102.71003463841306,103.7198486328125,3333929
2022-01-21,102.98388553640353,104.37024237951184,102.96677292161766,103.58293151855469,4307748
2022-01-24,103.20639652340925,103.36043618431599,100.98138427734375,100.98138427734375,6007234
2022-01-25,100.98138368128781,101.88850249625038,100.34811242531624,100.74176788330078,5295402
2022-01-26,101.83714967991274,101.95695756897766,100.65618340382709,100.9471435546875,3817307
2022-01-27,100.12560407970737,101.63176884100353,99.95445181255484,101.23811340332031,3613879
2022-01-28,101.34080177610878,101.37503353522041,99.83464354943963,101.03272247314453,3689914
2022-01-31,101.92272937541583,102.59023236041969,101.39215342786945,101.9056167602539,3821371
2022-02-01,102.45330916806672,103.052348618649,101.52907127656235,101.83715057373047,3700682
2022-02-02,102.81273216724539,103.51446688864951,101.83714990892845,103.12081146240234,3668181
2022-02-03,103.08657733918191,103.53158365710624,101.97407460245137,102.17945861816406,3446058
2022-02-04,102.86408002414426,103.12081495515088,101.46061053379988,101.9227294921875,3547443
2022-02-07,102.02542331759459,102.41907875156953,101.56330436578737,101.87138366699219,2784198
2022-02-08,102.16235298951298,102.52178322585779,100.57061196683505,100.8444595336914,3185525
2022-02-09,101.20387659287286,102.74426650748441,101.16964483534281,101.75157165527344,3062124
2022-02-10,101.23811169049893,101.35791958128681,100.45079429941242,100.99848937988281,4455469
2022-02-11,100.65619241576509,102.64158886393453,100.29676218734963,102.07677459716797,4333065
2022-02-14,101.20387442414028,101.52906632014691,100.31386833455156,100.38233184814453,3910564
2022-02-15,100.50213952952866,102.07676116474848,100.50213952952866,100.81021881103516,3360711
2022-02-16,101.03271564015782,101.56329807694341,100.05713342309788,100.38233184814453,3253060
2022-02-17,99.2698241579863,101.03271722184392,98.79059261341301,100.45079040527344,4226310
2022-02-18,101.1011824831032,101.92272508615308,100.75887143290569,101.15252685546875,4082897
2022-02-21,101.54618858954915,102.47041993535031,101.22099015449002,101.58041381835938,3599316
2022-02-22,100.74177001605392,101.66600799560547,100.04003522321833,101.66600799560547,4584096
2022-02-23,101.58041286762315,103.1379219255198,101.58041286762315,101.75157165527344,3298777
2022-02-24,99.86886639891848,100.3481044860172,98.55097961425781,98.55097961425781,7162376
2022-02-25,98.63656388002524,101.56331090074826,98.5852129738267,101.40927124023438,4636140
2022-02-28,100.96427148275552,102.6929329818385,100.62196040034122,102.5046615600586,7151864
2022-03-01,102.28215583788231,103.66851274917423,101.99119566893008,103.06947326660156,4970884
2022-03-02,102.93254161631015,103.37754795118681,100.98137707011041,102.72715759277344,5254090
2022-03-03,102.14522531098032,102.72715212087087,100.77598767860258,101.04983520507812,4435964
2022-03-04,100.57060016601207,101.3579175412522,98.97886585914715,99.18424987792969,5539390
2022-03-07,97.81501818891361,97.90059432455543,94.3748013863627,96.95924377441406,7899154
2022-03-08,96.87365627481029,98.32847662427444,93.7586380838244,94.4432601928711,8574947
2022-03-09,95.45307544931313,98.65366981313267,94.52883754883891,98.60232543945312,5345393
2022-03-10,98.55098261375859,98.63655874758214,96.4115466229671,97.1303939819336,5376061
2022-03-11,97.42135426212626,98.58520796486631,95.72692461160565,96.68539428710938,5322608
2022-03-14,97.13039279812803,98.22578296741641,96.12057876162024,98.1915512084961,4838028
2022-03-15,98.15731899360479,99.8688677574273,97.45558426159918,99.04732513427734,4775763
2022-03-16,100.09136985238648,100.9984885981998,99.4409795009715,99.66348266601562,4779949
2022-03-17,100.15983083984672,101.75157165527344,99.71482452099616,101.75157165527344,3827578
2022-03-18,101.56330346372349,103.58293151855469,100.84444959095018,103.58293151855469,11424465
2022-03-21,102.67580888566563,104.01081477587024,102.67580888566563,103.03523254394531,4105483
2022-03-22,102.60734959121933,103.6171636219955,102.23080677427352,103.17215728759766,3548407
2022-03-23,102.86409057578321,103.41178572434124,101.28946865593916,101.54620361328125,3371963
2022-03-24,101.66600277932042,102.96677701306537,101.49484397945884,102.62446594238281,4023298
2022-03-25,102.55599584761332,103.0181147840524,101.47772485829566,102.00830078125,3278538
2022-03-28,102.53888667679524,103.53158809856664,102.43619140001324,102.94966125488281,3218981
2022-03-29,103.37754978520255,104.59274786216075,102.93254344243104,103.44600677490234,4016593
2022-03-30,103.46312519292444,104.3531313431802,102.86407920171206,103.18927764892578,5880753
2022-03-31,103.60004885754535,103.78832027397695,102.86408233642578,102.86408233642578,5059437
2022-04-01,103.12081473802569,103.87389385619734,102.65869578061108,103.42889404296875,3953874
2022-04-04,103.58294224302468,104.50718023412128,103.30909467481543,104.33602142333984,6395761
2022-04-05,104.78102471460238,105.75660705566406,104.50717715446298,105.75660705566406,4955687
2022-04-06,105.53410659386796,106.27007315491429,104.02794170974514,104.74679565429688,4639501
2022-04-07,104.83236319908185,105.91064076297516,104.83236319908185,105.38005828857422,3718430
2022-04-08,105.9448753153217,106.54391479492188,105.51698810730997,106.54391479492188,6515460
2022-04-11,107.06919366690211,108.62751770019531,106.94662930558175,108.62751770019531,13905085
2022-04-12,108.34737032027203,108.64502471986087,107.33182940089577,107.54193878173828,6169484
2022-04-13,107.24428353216932,108.82012057414063,106.9641354668474,108.36487579345703,3334587
2022-04-14,107.96215864868135,108.89014782214318,107.96215864868135,108.68003845214844,3916123
2022-04-19,108.68004530349354,108.69755831499674,106.28127703033388,106.49138641357422,5644715
2022-04-20,106.84157147707552,107.57695764638031,106.54391039955446,106.63146209716797,3715480
2022-04-21,107.68201115267227,108.69755202487067,106.806547647366,107.40186309814453,5319000
2022-04-22,107.01665690067829,109.39791870117188,106.94662489656578,109.39791870117188,4409697
2022-04-25,108.87264907869985,111.02628863919549,108.312352933494,110.18584442138672,4099362
2022-04-26,110.48349319429038,111.14884733752622,108.31234741210938,108.31234741210938,4147462
2022-04-27,107.73454079059722,109.6080322265625,106.57892918823306,109.6080322265625,3833769
2022-04-28,109.97573503674874,110.991269295213,109.5905289321984,110.18584442138672,2527326
2022-04-29,110.3609286887342,111.28892455758141,109.60802953063957,110.30840301513672,3356420
2022-05-02,110.2383673901494,110.78115718966092,109.43294253610529,110.13331604003906,2662816
2022-05-03,110.15082527226687,111.18387254417833,109.24034236488245,109.69558715820312,3488640
2022-05-04,109.34538754917014,109.52047756956267,108.13724369899082,108.53996276855469,2619590
2022-05-05,109.08274631716245,109.94070345105885,108.69754693476028,109.25784301757812,2179604
2022-05-06,109.01271900470286,109.27536074308624,107.20926621752469,107.99718475341797,3374562
2022-05-09,107.33182038272473,108.29482886653444,105.38829040527344,105.38829040527344,4125190
2022-05-10,105.9310821955332,106.28126892707218,105.02059936523438,105.02059936523438,4378749
2022-05-11,105.87856644292192,106.68399132543948,105.14317356986813,106.61395263671875,3446286
2022-05-12,105.49335010396084,106.84156467443509,104.81048965329671,106.56141662597656,3924492
2022-05-13,106.50889898287397,107.50692689819302,106.12369288248527,107.27930450439453,2860445
2022-05-16,107.29680407508837,108.2948319275151,106.36881490545632,107.962158203125,2737460
2022-05-17,108.55748322575535,108.64502824734407,106.71901105536412,107.33183288574219,2325177
2022-05-18,107.26178756081156,107.71703233171954,104.42528762542898,104.51283264160156,3986307
2022-05-19,102.60431817119417,102.7794148764321,98.20949439819545,99.26004791259766,7678747
2022-05-20,100.1355099369573,100.18804228738878,98.9098664144934,99.10246276855469,4237841
2022-05-23,100.24057600795703,100.38065338134766,98.97990636446859,100.38065338134766,4034969
2022-05-24,99.80284245153716,101.32614712402665,99.4001300291207,100.45068359375,3393617
2022-05-25,100.69582289802106,101.20359340197656,100.0129623413086,100.0129623413086,3283553
2022-05-27,100.01295058764721,102.06153869628906,98.96239703605322,102.06153869628906,3755150
2022-05-30,102.28916041179,102.60432783163569,101.48373552963189,102.39421844482422,2426229
2022-05-31,101.81641554036555,102.83194980513689,101.72886384023715,102.42923736572266,8822457
2022-06-01,102.95450957342689,102.98952891606329,100.74834442138672,100.74834442138672,3738061
2022-06-02,100.85339601616646,101.32614712402665,100.3106129021192,100.45068359375,2548667
2022-06-03,100.88842131857218,101.18608240966316,100.45068952757616,100.59076690673828,1815609
2022-06-07,100.60826772265624,101.11603817538975,99.6452591711229,99.66276550292969,3283456
2022-06-08,99.89038850530883,99.89038850530883,98.06942274041506,98.38459014892578,3972825
2022-06-09,98.13945595427533,98.6997520538838,96.77373504638672,96.77373504638672,4434261
2022-06-10,96.4060399263247,96.70369430071587,95.00529302793544,96.3885269165039,5569990
2022-06-13,95.95080175886925,97.77176750821401,95.7056730386222,96.9488296508789,4596618
2022-06-14,97.07139247309705,97.63168859028686,95.09284973144531,95.09284973144531,3994641
2022-06-15,94.98779169459428,95.42552345355554,93.93723814478987,94.33995056152344,5531731
2022-06-16,93.86719696746239,94.90024415834614,92.92169479019459,93.23686218261719,4452988
2022-06-17,92.79913271102953,94.62009842762602,92.71158769526666,93.32440948486328,11463538
2022-06-20,93.02676349054244,94.00727844238281,92.48397365701854,94.00727844238281,3380344
2022-06-21,94.35745441739796,94.44499943104202,93.79715831496829,93.98976135253906,3175814
2022-06-22,94.14734919678017,96.00333429238539,93.58705306966475,95.70567321777344,4486804
2022-06-23,95.42552158985661,95.7231759740938,94.49753241634484,94.97028350830078,3021585
2022-06-24,95.25043452796498,97.73674774169922,95.21541518533056,97.73674774169922,3583198
2022-06-27,97.8943306075617,98.55968475341797,97.33403448871113,98.55968475341797,2969516
2022-06-28,98.26203037048205,98.43712709407455,96.61616124425491,96.86128997802734,3492158
2022-06-29,96.31849218615451,98.402099609375,96.17842149812445,98.402099609375,3870567
2022-06-30,97.8768205268952,97.99938488074545,96.31848990932308,97.56165313720703,4403788
2022-07-01,97.4741066037842,98.82232124674582,96.87879781315208,98.71726989746094,2749338
2022-07-04,98.92737605207452,99.71529454232287,98.85733736866212,99.38261413574219,1591410
2022-07-05,99.69779066929678,99.9254130716208,98.64723703885178,98.78730773925781,3134992
2022-07-06,99.03243044542437,101.0635054351041,99.03243044542437,100.64328002929688,3076562
2022-07-07,100.64328374162768,101.0109768107366,99.73280089484147,100.13551330566406,3451112
2022-07-08,100.34563758823363,100.67831134292119,99.06746156747782,100.36314392089844,2599837
2022-07-11,99.89038193093518,101.02848712890258,99.69777889627089,100.83588409423828,1948867
2022-07-12,100.69581189353045,101.23860168457031,100.08299009659562,101.23860168457031,2424679
2022-07-13,101.06351706552412,101.09853640997612,98.55969071089127,99.645263671875,3740535
2022-07-14,99.50518763414226,99.89038704393138,98.52466607986966,98.97990417480469,2831201
2022-07-15,99.73280536522043,100.87091064453125,98.89236116418988,100.87091064453125,3521463
2022-07-18,100.7833618975593,101.64131239886402,100.60826518761999,100.62577819824219,2121052
2022-07-19,100.06548846983091,101.34366447729005,100.06548846983091,100.9234390258789,2419169
2022-07-20,100.67831115952178,101.37868469146474,99.1550064086914,99.1550064086914,3190518
2022-07-21,98.8923557455374,100.83588577610269,98.2094952870699,100.69580841064453,3236257
2022-07-22,100.53823514021046,101.93898222302755,99.87288762305516,101.76388549804688,2591351
2022-07-25,100.85339400492835,102.49926968375033,100.80086833152136,102.32417297363281,2198382
2022-07-26,102.48175913648655,102.97202325734364,102.07904671242098,102.67436218261719,2425781
2022-07-27,103.3046907786107,103.74242251919804,102.46424663819379,102.83193969726562,2556878
2022-07-28,101.08102267068008,102.81444347266537,100.55574586619444,102.42923736572266,3217785
2022-07-29,103.79495082562633,103.91751518176167,101.6588244192271,101.93897247314453,3979417
2022-08-02,102.32417933312274,103.07707853527972,101.64131881936571,102.42923736572266,3689471
2022-08-03,101.90395278701185,102.25413952303894,101.29112432915032,102.16658782958984,2498922
2022-08-04,101.85142187520032,102.4467373310868,101.29112576133733,102.32417297363281,2265564
2022-08-05,102.07904398711186,102.51677574235613,100.97595809370448,101.11603546142578,1773010
2022-08-08,100.80086806330938,102.09655699770528,100.69581003751841,101.11603546142578,2044842
2022-08-09,100.57325595703576,101.44871955697977,100.43318525425845,101.16857147216797,2445878
2022-08-10,100.81838087402926,101.18607394468393,99.85536567099585,100.10049438476562,2481126
2022-08-11,100.01294628403859,100.94094211657962,99.61023388394793,100.83588409423828,2760607
2022-08-12,100.80087299203373,101.15105974920306,100.31061553955078,100.31061553955078,2407780
2022-08-15,100.50321552824853,101.23860168457031,100.08299009659562,101.23860168457031,1928275
2022-08-16,101.2035843868381,101.23860373012147,100.31061451051087,100.87091064453125,1955828
2022-08-17,100.9234371284576,102.70938357467837,100.90593079630405,102.30667114257812,2537842
2022-08-18,101.90395668089042,102.55179782577869,101.64131494902011,101.92146301269531,1749333
2022-08-19,101.64131966003126,102.84946366752334,101.57128097105203,102.35919952392578,2302065
2022-08-22,102.07903954433777,102.91948367631744,101.7288528195322,102.63933563232422,1764544
2022-08-23,102.1140681302106,102.1140681302106,100.69581477200381,100.80087280273438,2777546
2022-08-24,100.67830455535484,101.83391613177648,100.59075953941888,101.79889678955078,2366687
2022-08-25,102.04402533681719,102.76190515311319,101.44870987847979,102.28915405273438,2092756
2022-08-26,102.09655699770528,102.32417270136762,100.80086806330938,101.11603546142578,2366193
2022-08-29,100.99347152496514,101.5712739710809,100.24057236846843,101.08101654052734,2065722
2022-08-30,101.37867838216513,102.04402584892034,100.48570185054939,100.8183822631836,2605153
2022-08-31,100.85339866786923,101.13354673775332,99.62775503666185,100.31061553955078,3874416
2022-09-01,100.38064884085892,100.38064884085892,98.8923568725586,98.8923568725586,3130449
2022-09-02,99.24254878713384,99.73280623888213,98.85734268689913,99.29507446289062,3071938
2022-09-05,98.15697788568399,99.19002516558848,97.64920741199636,98.92738342285156,1900352
2022-09-06,99.01492454120668,99.97793309452213,98.0869353308263,98.41960906982422,2894029
2022-09-07,98.19199045891625,98.24451613213881,96.98384654074555,97.3515396118164,2892701
2022-09-08,97.00135535436326,97.31652273857522,95.21540907024756,96.3885269165039,4079495
2022-09-09,96.49359557901678,98.19199703909767,96.3360118695324,97.71924591064453,3451179
2022-09-12,98.05190852856632,98.13945353961557,97.31652242064504,97.9293441772461,3635396
2022-09-13,97.98187849813183,99.38261883634985,97.9293528227164,98.12195587158203,3283517
2022-09-14,97.35154899401915,97.63169707696606,95.51307678222656,95.51307678222656,3769320
2022-09-15,95.42552889196477,96.19593442711052,94.74266837774925,95.19790649414062,2810012
2022-09-16,94.46252346713088,95.1278776711484,93.39445680994035,93.51702117919922,14188988
2022-09-19,93.67459463887862,95.04031556354131,93.44697225834935,94.40998077392578,2882520
2022-09-20,94.16484988489039,94.81269766993546,93.07927703857422,93.07927703857422,2966209
2022-09-21,93.02675449441952,93.69210195332408,92.72909342764095,93.09678649902344,3514827
2022-09-22,92.5890316929688,95.1804031330939,92.18631924071191,94.00727844238281,4893465
2022-09-23,93.79716221016096,95.0052994788357,93.37694345551614,93.74463653564453,3737610
2022-09-26,93.6570907418758,94.72515063064277,92.64154984793318,93.2543716430664,4759218
2022-09-27,93.25436706308265,94.30492724790217,93.06177070782589,93.07927703857422,4338797
2022-09-28,92.51898871739543,93.3419265960825,91.57348647540479,92.58902740478516,4536418
2022-09-29,92.64155700569914,93.55203994256989,91.71356773586768,93.28939819335938,4761988
2022-09-30,93.21935975271016,93.93723958121369,92.39642189591707,93.74463653564453,3659654
2022-10-03,93.14931758916353,93.55202999701858,91.99370603815359,93.20184326171875,3024995
2022-10-04,93.14932350306785,94.3924801470147,92.90419477657206,94.0948257446289,3270925
2022-10-05,93.86720445155444,94.4450069308935,93.35943398113801,93.72712707519531,2667452
2022-10-06,93.7271212952543,95.09284891350669,92.99173515248931,93.09678649902344,2706735
2022-10-07,92.81664276123047,94.2173897865843,92.6765720662492,92.81664276123047,3041722
2022-10-10,92.60652713434179,93.09678455260172,91.71355731118885,92.78162384033203,3094442
2022-10-11,92.4839652991896,92.71158768354954,90.99567999363929,92.5715103149414,4656456
2022-10-12,92.5364934292842,93.39445063664314,92.43144207929596,92.92169952392578,3841711
2022-10-13,92.8866809742955,93.09679035532353,90.54043840183594,91.90616607666016,4643613
2022-10-14,92.29136404555489,93.62207235609455,92.29136404555489,92.50148010253906,3695205
2022-10-17,92.22132583508173,94.44500402186364,92.09876147417111,94.16485595703125,2676409
2022-10-18,94.21739694574256,95.04032820452343,93.67460709821094,94.35746765136719,2998525
2022-10-19,94.46252556401883,94.60259626945661,93.14933013916016,93.14933013916016,3129771
2022-10-20,93.4119609049654,93.7446413386321,92.30888160806417,92.67657470703125,3603140
2022-10-21,91.8711486527408,93.02676029142434,91.66103258806602,92.22132873535156,4000838
2022-10-24,93.06177563126879,94.2348935519031,92.81664023302925,93.77965545654297,2764472
2022-10-25,93.97225325502949,94.86522980694946,93.72712453230848,94.69013977050781,2573700
2022-10-26,94.65512498530127,94.865234375,93.69210970072982,94.865234375,2449053
2022-10-27,95.00530050979813,95.04031985294134,93.60456018035393,93.93724060058594,2530212
2022-10-28,92.2913624563713,94.48002125117763,92.27385612488575,94.33995056152344,2481121
2022-10-31,94.40998811013284,95.4605484008789,93.98976933724,95.4605484008789,3453862
2022-11-01,95.46054902598107,95.86326146899752,94.79519483874401,94.93527221679688,2490335
2022-11-02,95.14537828447565,95.96831615367687,94.76017218752925,95.40802001953125,3094454
2022-11-03,95.2154165590895,95.33798092045001,94.18236931386757,94.69013977050781,2515764
2022-11-04,94.46251451140658,95.96831282440601,94.09482143848993,95.12786865234375,3190808
2022-11-07,94.91775924418576,95.16288797662268,93.86720562538267,94.182373046875,2423078
2022-11-08,93.90223134869694,94.84772699814452,93.6921152672575,94.48003387451172,2806029
2022-11-09,94.18237155635245,95.53058624267578,93.93724282779492,95.53058624267578,2359551
2022-11-10,95.26794673127154,96.93132887301377,95.00530498495436,96.37103271484375,4008750
2022-11-11,96.3185080540635,96.51111112618452,94.00728454712659,94.60260009765625,4842216
2022-11-14,94.63760826080865,95.63563617179828,94.11233146753887,94.62010192871094,2956768
2022-11-15,94.55005993563302,96.12589693959619,94.33995056152344,94.33995056152344,3071616
2022-11-16,94.69013899533911,95.23292211141886,94.32243923501098,94.95277404785156,3321008
2022-11-17,95.35548629184106,96.38853352665673,95.19790258892827,96.19593048095703,2934221
2022-11-18,96.47608039374514,97.61418567874261,96.38853537472767,97.07139587402344,4142701
2022-11-21,96.73871701395811,98.52466336034195,96.73871701395811,98.17447662353516,3635758
2022-11-22,98.2445171729007,98.7172682746813,97.78927240262756,98.29704284667969,2140244
2022-11-23,98.1394657145822,98.85734558105469,98.08694003728766,98.85734558105469,2489139
2022-11-24,98.9098758216436,99.50519130885533,98.17448295896703,99.03244018554688,2853871
2022-11-25,99.33009586359304,99.33009586359304,98.66474168011466,98.92738342285156,2121739
2022-11-28,98.69975814064924,99.68027971506054,98.52466810344501,99.3651123046875,2437774
2022-11-29,99.04994467815963,99.34760575586537,97.4040756225586,97.4040756225586,3912589
2022-11-30,97.61418505785001,99.6277538787281,97.28151131599695,98.34957122802734,11288265
2022-12-01,98.48964976571078,100.27559621630648,98.48964976571078,99.5577163696289,3508618
2022-12-02,98.89236407853618,99.62775695064533,98.5071579703239,98.92738342285156,3166399
2022-12-05,98.64723182250971,98.73477684054134,97.42158153229667,97.43909454345703,3278835
2022-12-06,97.56164738433397,98.36707214193004,97.5266280454051,97.68421173095703,3905035
2022-12-07,96.82627045507385,97.36906027832586,95.65315246582031,95.65315246582031,4291083
2022-12-08,95.25042980484767,96.09087394862937,94.90024307512455,95.793212890625,4247475
2022-12-09,95.89828476040127,96.24847154068905,95.42553360890133,95.6356430053711,4714660
2022-12-12,95.42552658847478,96.00333573532899,95.2154172074627,95.8632583618164,3191367
2022-12-13,95.91577911376953,96.80875562593258,95.16287996792872,95.91577911376953,3334086
2022-12-14,95.68816687957757,97.56165830685508,95.26794144464077,97.21147155761719,3409066
2022-12-15,96.98384509421412,97.17644813216612,94.25240325927734,94.25240325927734,4386356
2022-12-16,94.77768291736965,95.26794035313166,93.8146743774414,93.8146743774414,7600237
2022-12-19,93.98977637633465,94.95278503886423,93.81468632105926,94.48003387451172,2853007
2022-12-20,93.84968601704605,94.79518821506622,93.6220703125,93.6220703125,3503865
2022-12-21,93.63957874751924,95.07533840820871,93.62207241572109,94.95277404785156,2335738
2022-12-22,95.09284307503994,95.68815849278968,94.39246963794986,94.53254699707031,2674824
2022-12-23,94.53254867508348,94.90024173041732,93.95473957733925,94.39247131347656,1825258
2022-12-27,94.55005874492718,94.81270046869902,94.25240435862516,94.63760375976562,1450444
2022-12-28,94.53255241366209,95.00529682964101,94.1823656750518,94.63760375976562,2130233
2022-12-29,93.8671966108483,94.77767944335938,93.3244068416812,94.77767944335938,2170445
2022-12-30,94.55005641935152,94.65511444212753,93.74463161583782,93.79715728759766,2426573
2023-01-03,94.7601685541782,95.75819642231163,94.18236611016981,95.35548400878906,3673803
2023-01-04,95.70567664670942,97.14143635879005,95.70567664670942,97.0013656616211,2776310
2023-01-05,96.87879799791814,97.10641370797393,96.30098885872258,96.7212142944336,2533482
2023-01-06,97.00135727037681,97.26399230957031,96.45856750256674,97.26399230957031,2176895
2023-01-09,97.43909783592306,97.80679093163431,96.58114060000656,97.71924591064453,2947895
2023-01-10,97.22898430323464,97.59668408778134,96.77374617467477,97.5091323852539,2198990
2023-01-11,97.31653058235344,99.80284383680606,97.29901757112108,98.90987396240234,3999395
2023-01-12,99.80285088665009,100.25808902199672,99.19002903536479,99.4351577758789,3336729
2023-01-13,99.45266246834173,100.1355229997246,99.19002739894832,99.76782989501953,2022738
2023-01-16,99.96042061249607,100.83588409423828,99.62774689396629,100.83588409423828,2646083
2023-01-17,100.59075909651347,100.78336213827846,99.90789862426051,100.32811737060547,2701054
2023-01-18,100.13552094722246,100.153033959044,98.31456179394517,98.43712615966797,4151210
2023-01-19,98.33206176757812,99.62775070904563,98.12195239410596,98.33206176757812,3587442
2023-01-20,98.64723308838403,98.83983613807919,97.94685957663008,98.0869369506836,2518344
2023-01-23,98.40210046418726,99.1374866110605,98.10443939574579,99.0849609375,1990121
2023-01-24,98.97990706904521,99.27756814999076,98.19199521551306,98.54217529296875,2484363
2023-01-25,98.55969016259871,98.68225452787036,98.0519196897551,98.66474151611328,2456467
2023-01-26,98.64723288295606,98.99741963810379,96.05586158167378,96.12590026855469,4279745
2023-01-27,96.35352305172357,96.98385792138731,95.67066250267362,95.89828491210938,2739852
2023-01-30,96.02084245542993,97.52664083049146,95.86325874921985,97.33403778076172,3158154
2023-01-31,97.10641555662768,98.22700783418128,96.84378049865803,97.5966796875,4436404
2023-02-01,97.73675191227825,97.78927758884291,96.89630769095896,97.19396209716797,2101163
2023-02-02,97.52663604409435,97.61418105896858,95.84574771318569,96.14340209960938,4047363
2023-02-03,95.91578382679046,97.96437199474767,95.8632581514669,97.85931396484375,2731846
2023-02-06,97.73675038256579,97.85931474546966,97.12392856804642,97.5966796875,2384681
2023-02-07,97.28150836546479,97.63168842868636,96.02083876424611,96.33600616455078,3232274
2023-02-08,96.54611434806687,97.26399415563122,96.37102431861467,96.63365936279297,3560157
2023-02-09,97.10641017373985,97.1239231841878,95.42552185058594,95.42552185058594,4057979
2023-02-10,95.44302980529159,96.0733646070106,95.21541409964817,95.84574890136719,3287162
2023-02-13,96.0383477838779,97.26399807722983,95.9332964336736,97.14143371582031,2388281
2023-02-14,97.22897848507304,97.96437133090356,97.12392713513778,97.43909454345703,2406160
2023-02-15,96.96634308401687,97.228978137172,96.49359197322956,96.91381072998047,2683604
2023-02-16,96.31849520458215,97.24649109379595,93.97225266305759,94.46251678466797,4330748
2023-02-17,94.11233026900877,95.8107316689,93.51701479641592,95.670654296875,3773025
2023-02-20,96.19593933430764,96.19593933430764,95.28545637582194,95.89828491210938,1981580
2023-02-21,95.5656026998668,96.16091149166273,95.11035792122004,95.96831512451172,2922432
2023-02-22,96.12590008303175,96.72121556185688,95.35548788734229,96.61615753173828,2256549
2023-02-23,96.5461152705241,96.58113461260042,95.12786865234375,95.12786865234375,3876740
2023-02-24,95.4255232830006,95.77571002539503,94.16485368208326,94.83020782470703,3413004
2023-02-27,95.00529354077683,95.72317332441115,94.88272918839459,95.1103515625,4944147
2023-02-28,94.56757358629733,94.90025402358033,92.86917877197266,92.86917877197266,9127287
2023-03-01,92.86917717396013,93.27188961493262,92.37891303252046,92.4489517211914,5450678
2023-03-02,92.221327243123,94.63760851372975,92.01121786110492,94.32244110107422,3997088
2023-03-03,94.55006205089705,94.62010073691934,93.7271241882771,94.16485595703125,2318354
2023-03-06,93.13180513854105,93.44697253427945,91.92366790771484,91.92366790771484,3598786
2023-03-07,91.94117568289346,92.69407484239794,91.62601496146179,92.08125305175781,2936247
2023-03-08,92.08125491429519,92.64155104257264,91.64352314662489,92.20381927490234,3205451
2023-03-09,92.55400577715676,92.88667951516332,92.04623532499672,92.50148010253906,3523789
2023-03-10,92.27385982222897,93.06177835578185,91.97619874099483,92.32638549804688,3863365
2023-03-13,92.48397119287901,93.79716655061121,91.731071986772,93.46449279785156,5107523
2023-03-14,93.53451963785554,93.8146743774414,92.64154978282376,93.8146743774414,3874849
2023-03-15,93.84969287461314,94.12984095235723,92.51899117514294,93.88471221923828,4622148
2023-03-16,94.39247591217571,96.21344162624384,94.26991155442656,96.0733642578125,5109647
2023-03-17,96.63366558435793,96.66868492835431,95.14538020042458,95.72318267822266,13466684
2023-03-20,95.12787195245845,95.96831615367687,94.72515284423805,95.40802001953125,2826727
2023-03-21,95.72317930597694,95.86325667702768,94.30493265999999,94.4975357055664,4036339
2023-03-22,94.53256255821329,96.40605412968293,94.37497884289074,96.00334167480469,3660890
2023-03-23,95.65314323235187,95.9858169555664,95.16287913377795,95.9858169555664,3172118
2023-03-24,95.91577827301923,96.59863872971331,95.30295649887232,95.9858169555664,3609569
2023-03-27,96.54612611514942,97.03638360077352,95.67066250267362,95.89828491210938,3381225
2023-03-28,96.19592221184786,97.42157238700497,95.79320982330094,96.52860260009766,4600031
2023-03-29,96.58113147721451,98.15696842320904,96.58113147721451,98.05191040039062,3304393
2023-03-30,98.0519155712473,98.24451861694332,96.68619459886708,96.9488296508789,3276897
2023-03-31,97.00136773508547,97.92935699634401,96.86129035566535,97.57917022705078,3901691
2023-04-03,97.43909090527723,98.13945770263672,97.35153921125786,98.13945770263672,2847212
2023-04-04,98.40210310031844,98.40210310031844,97.35154284616867,97.43909454345703,2705929
2023-04-05,97.12393227092942,98.80482075134424,97.0713999139272,98.78730773925781,2709138
2023-04-06,98.92738154244726,99.64526138912484,98.36708540256511,99.5577163696289,2320649
2023-04-11,99.62775488736855,99.66276755170185,98.34957222372735,99.29507446289062,2898477
2023-04-12,98.96240006026929,99.62775422554839,98.26202655163269,98.8748550415039,2723616
2023-04-13,98.61221581155138,98.71727384429329,97.52664285691284,97.71924591064453,4125219
2023-04-14,98.34957115033212,99.1199833423932,98.19199412478156,98.90987396240234,2698951
2023-04-17,99.014927824615,99.64526265983488,98.48965102168407,99.4526596069336,2700250
2023-04-18,99.68026920815362,99.8028335571289,99.01491511424773,99.8028335571289,2228921
2023-04-19,99.97793139778159,100.15302810948525,99.54019963740731,100.06548309326172,3458389
2023-04-20,99.99544549687909,100.64328663909193,99.64525874891709,100.45068359375,2533161
2023-04-21,100.46819920634591,102.0265232619098,100.2580831445738,101.81641387939453,4619865
2023-04-24,102.45416400723802,102.99311828613281,101.86132389477741,102.99311828613281,7037055
2023-04-25,104.46623360162168,104.95128143732425,103.0470002736527,103.76559448242188,6149465
2023-04-26,103.29851902603457,103.96322062090259,102.7595716017338,103.3344497680664,6367888
2023-04-27,103.01107673005293,103.51409339663329,101.96910580289295,102.13079071044922,4047816
2023-04-28,102.13079227940545,103.44224035700202,102.13079227940545,102.86735534667969,3855580
2023-05-02,102.75956605824129,103.55002178103443,102.54398847076824,102.90328216552734,2653496
2023-05-03,103.53206399001925,104.4123431718086,103.4242717654154,104.30455780029297,4074404
2023-05-04,103.89136291690383,104.10694050962988,103.49613161933267,103.83746337890625,3390719
2023-05-05,104.14286891802499,104.62792363061048,103.69374494560375,104.60995483398438,2524401
2023-05-08,104.39438507793817,104.66385536975427,104.12490793303358,104.53810119628906,1716713
2023-05-09,104.64588949815989,104.75368172269465,103.99914985712779,104.57402801513672,2636733
2023-05-10,104.17880558397049,104.21472947309016,102.38230959209928,102.92125701904297,3060064
2023-05-11,102.957180798015,103.63984429453232,102.70566561956939,103.46019744873047,5372894
2023-05-12,103.74763399530174,103.96321157564819,102.93920950264288,103.28054809570312,1816330
2023-05-15,103.4601990794318,104.07100795910846,102.90328288372757,103.17276000976562,2058386
2023-05-16,103.11886917557176,103.37037750940532,102.34637537703264,102.81346130371094,1935324
2023-05-17,102.63381846559923,102.83143412222186,101.59184749543931,101.75353240966797,3783482
2023-05-19,101.95114734176062,102.61584893860427,101.77150048415584,102.23858642578125,2991419
2023-05-22,102.22061918091903,102.36433528893323,101.19661706887399,101.4660873413086,2455417
2023-05-23,101.16068702781479,101.75352711373897,100.81934841938181,100.98103332519531,3333986
2023-05-24,101.08883068728233,101.4301624599845,100.62173788980738,100.8013916015625,2608579
2023-05-25,100.83731567424444,100.83731567424444,99.3282588607566,99.9749984741211,2269153
2023-05-26,99.97499794137502,100.94510050316435,99.61569739663295,100.65766143798828,2077326
2023-05-30,100.33429095877486,100.44208317739947,97.20839200262728,97.31617736816406,5794559
2023-05-31,97.06467558742222,98.43001636968455,96.68741307643721,96.92095947265625,10561949
2023-06-01,97.3161792330181,98.34018819685527,97.11857044138466,97.71141052246094,2757102
2023-06-02,97.76530478944102,98.46594395564141,97.54972719765756,98.4479751586914,2449293
2023-06-05,98.681519949409,98.681519949409,97.5497256179696,97.71141052246094,1921363
2023-06-06,97.49582585092132,98.3940737321499,97.28024827829095,98.05274200439453,2639282
2023-06-07,97.63954627960618,98.05274635401788,96.84909057617188,96.84909057617188,3617118
2023-06-08,96.68740405152208,96.90298163009291,96.1125259399414,96.1125259399414,3006770
2023-06-09,96.59758786624087,96.59758786624087,95.64544720757853,96.25625610351562,2423038
2023-06-12,96.5796190690464,96.9928191674614,96.20235656502035,96.25625610351562,2787394
2023-06-13,96.202354920392,96.39997056762392,95.32207575938004,95.7891616821289,2684618
2023-06-14,95.93288114241996,96.74129879254397,95.68136596679688,95.68136596679688,3881265
2023-06-15,95.96881717018988,97.513804893328,95.82510104759656,96.93892669677734,3101240
2023-06-16,96.16643395760565,98.05276034346025,96.16643395760565,97.06468200683594,9952340
2023-06-19,97.29821940948831,97.7114126515053,96.70537931549457,97.01078033447266,2212422
2023-06-20,96.86705299364685,97.53176139272092,96.43589782714844,96.43589782714844,2831516
2023-06-21,96.4538615813105,97.2443241565456,96.4538615813105,97.10060119628906,2913229
2023-06-22,96.90298534003266,97.37007810675443,96.39996868641344,97.1724624633789,2258377
2023-06-23,97.53176367439855,98.21442717950602,97.280255345876,97.71141052246094,2579099
2023-06-26,97.54972774349099,97.90902830053258,97.01078033447266,97.01078033447266,2159665
2023-06-27,97.45990689593314,97.45990689593314,96.72334381840078,96.92095947265625,2059461
2023-06-28,96.79520631752648,97.13653809012784,95.35801088935186,96.09457397460938,3179063
2023-06-29,96.11253378533144,96.43590360612727,95.75323322299292,96.0406723022461,2066930
2023-06-30,96.05864152307068,96.99282024803416,96.00474198397491,96.65148162841797,3898509
2023-07-03,96.63351065130382,97.45989707391767,96.57961111724633,96.86705017089844,1996854
2023-07-04,96.92096207659633,97.01078550737435,95.98678331971026,96.07660675048828,1735699
2023-07-05,95.8969585355873,96.29218299605068,95.6813740810563,96.02271270751953,2603607
2023-07-06,95.82509549267677,95.896956976352,94.89091676416355,95.28614807128906,2585130
2023-07-07,95.01666871154491,95.12446093453643,94.01063537597656,94.01063537597656,2510595
2023-07-10,94.35196615523488,95.34003753657986,94.31603541461112,94.83702087402344,2206067
2023-07-11,94.58551696227258,94.78312576530445,94.3160398215471,94.38790130615234,2461390
2023-07-12,94.58550880037363,94.63940148263292,93.45371450131424,94.04655456542969,3107077
2023-07-13,94.15435256410927,94.83702294468983,94.02859839572446,94.4058609008789,1903526
2023-07-14,94.56754324356109,95.12445944063892,94.29807296994642,94.49568176269531,3088207
2023-07-17,94.67533595424707,94.74719743548432,94.04655827305325,94.08248901367188,1893731
2023-07-18,93.70522444327348,94.08248693178878,93.5255775972437,93.75911712646484,2379527
2023-07-19,93.8130171707361,94.7112651119248,93.79504837418308,94.10045623779297,2910928
2023-07-20,94.22621153074837,94.22621153074837,93.1303479328686,93.4716796875,3089793
2023-07-21,93.8848743559424,94.33399833877488,93.74115824504183,94.01063537597656,2254626
2023-07-24,94.20824717953542,94.35197014811263,93.56151438020298,93.77709197998047,1800316
2023-07-25,94.08248786770268,94.63940406087576,93.95673370361328,93.95673370361328,2319325
2023-07-26,94.47771589967334,94.53160858154297,93.2740601309124,94.53160858154297,2727668
2023-07-27,95.48376153340601,97.44194237354019,95.39393125432953,97.01078033447266,3999682
2023-07-28,96.14845876512024,97.22635353445406,95.66340406299368,96.43589782714844,2626250
2023-07-31,96.11253007447011,96.72333895093607,95.84305294984857,96.0047378540039,2335285
2023-08-02,95.80713325212606,96.77723586638967,95.57358685744767,96.38201141357422,3180047
2023-08-03,96.1125381306796,96.18439961701387,94.42383432035523,94.63941192626953,2861077
2023-08-04,94.58551027614095,94.6394029592411,93.16627689440887,93.56150817871094,2801728
2023-08-07,93.56151068120752,93.84894975390957,93.09441790488664,93.74115753173828,1965257
2023-08-08,93.81301299447705,94.35196036458045,93.4537124633789,93.4537124633789,2189333
2023-08-09,93.38185562358986,93.99266450086125,93.2022087756639,93.68726348876953,1480568
2023-08-10,93.81301945071624,94.58551324715982,93.81301945071624,94.35196685791016,2016437
2023-08-11,94.20824114924476,94.33399531215609,93.47167811515496,93.4896469116211,1648160
2023-08-14,93.7770894154367,94.01063580644366,93.45371959806958,93.86691284179688,1597995
2023-08-15,93.68726395600073,93.70522589964773,92.33989203057266,92.51953887939453,2266059
2023-08-16,92.51953862880559,93.741156386132,92.51953862880559,93.61540222167969,2411485
2023-08-17,93.20221762495898,93.34593374632759,92.73512481106157,92.78902435302734,2062494
2023-08-18,92.64529830643288,93.30999990853441,92.32192847771572,93.29203796386719,2660675
2023-08-21,93.05848467512071,94.0645248292133,93.04052273178328,93.56150817871094,2317502
2023-08-22,93.75911696777409,94.47771805685278,93.56150817871094,93.56150817871094,1973664
2023-08-23,93.61539783666186,94.54957648104134,93.5255744167016,94.06452178955078,1659755
2023-08-24,94.63940033069738,95.05259354686072,94.49567737563831,94.9448013305664,2490785
2023-08-25,94.76516139322341,95.66340936851462,94.76516139322341,95.42986297607422,2185900
2023-08-28,95.66341535553151,95.98678519512124,95.53766117936757,95.7173080444336,1491938
2023-08-29,95.93289063186114,96.48980001453795,95.75323691721661,96.07660675048828,2387756
2023-08-30,96.13048740358721,96.34607183417123,95.35800051313448,95.50171661376953,2239872
2023-08-31,95.78917075108969,95.9688176184426,95.21429255185389,95.57359313964844,7885215
2023-09-01,95.30411095698938,95.80713449459614,94.54958593021175,94.72923278808594,2023877
2023-09-04,94.63940593195278,95.1783533391467,94.20824389434479,94.35196685791016,1401253
2023-09-05,94.22621318052936,94.26214392160723,93.18424224853516,93.18424224853516,2330313
2023-09-06,93.11238712828622,93.81301944288866,92.80697925727935,93.5974349975586,1954756
2023-09-07,93.5435411270317,94.58551204032155,92.98662492995389,94.49568176269531,2199011
2023-09-08,94.31604095771016,94.72923421953521,93.9926711261795,94.51365661621094,1531719
2023-09-11,94.76516025791524,95.3400384069674,94.56754460922454,95.30410766601562,1872659
2023-09-12,95.32207371494651,95.75322888776158,94.44178771972656,94.44178771972656,2211199
2023-09-13,94.24417282919276,94.24417282919276,93.29203219962687,93.68726348876953,2602036
2023-09-14,94.13639709778042,94.28011322021484,93.45372667022309,94.28011322021484,2767352
2023-09-15,94.22621241579836,95.12446037619094,94.19028167501209,94.69329833984375,7127726
2023-09-18,94.72922979375714,95.2681772034323,94.2082443280663,94.96277618408203,2327364
2023-09-19,94.72923392550499,95.14242718604754,94.20824843709065,94.85498809814453,2455846
2023-09-20,95.08852159099192,95.91490799990031,94.7292210666138,95.86101531982422,3046364
2023-09-21,95.93289327935805,97.08264967245935,95.77120835826015,96.93892669677734,3979792
2023-09-22,96.22032836429541,96.36404448089435,95.51968916670225,96.02271270751953,2424264
2023-09-25,95.95084219077052,96.63351252634843,95.73526460962034,96.23828125,2508886
2023-09-26,95.68137461922964,96.04067519238052,94.80109541075285,94.85498809814453,3123287
2023-09-27,94.80109532342365,94.96278023853817,93.1483154296875,93.1483154296875,2952570
2023-09-28,93.13035034173153,93.27406645415593,92.01652477136172,92.42971801757812,3130294
2023-09-29,92.78901780285472,93.88487456683353,92.68122557962106,93.18424224853516,3819645
2023-10-02,93.2920340973877,93.47168094896806,92.19617048471845,92.30396270751953,2150299
2023-10-03,92.53749873849526,92.95069881703601,91.90872792869469,92.1961669921875,2198523
2023-10-04,92.01652264590892,93.45371800239668,91.85483773998605,92.37581634521484,2907607
2023-10-05,92.77104978103824,93.23814256586597,92.2321023665424,92.42971801757812,2885014
2023-10-06,91.80093435832629,91.89076463247903,88.35166564719867,90.09426879882812,6650703
2023-10-09,90.56135859626262,91.67518414217955,90.3457810058147,91.08234405517578,4434667
2023-10-10,91.7111226038639,92.86087898716734,91.1721751558265,92.78902435302734,3964645
2023-10-11,92.60936704090415,94.47772451780796,92.33989675388754,94.45976257324219,3623365
2023-10-12,94.53161586542983,94.56754660714071,92.78901943752594,92.89680480957031,2153439
2023-10-13,92.69918551429356,93.54354077860145,92.21413765297625,92.59140014648438,3105997
2023-10-16,92.57343434617238,92.7351192562075,91.89077081765804,92.35785675048828,3353397
2023-10-17,92.33989109879977,93.09441607994357,92.16023739870272,92.3219223022461,3167156
2023-10-18,92.16024417262899,92.37582177550281,91.3518195954916,91.85484313964844,4378226
2023-10-19,90.72304617966277,90.97455451812218,88.52234136505477,88.70198822021484,4740344
2023-10-20,88.02830297650964,89.13315101902263,87.8576336655057,88.45946502685547,4248326
2023-10-23,88.23489673718669,88.26184307845763,87.21088779727633,87.75881958007812,4325661
2023-10-24,87.41749223714021,88.29777826381259,87.21987658708592,88.0642318725586,2477356
2023-10-25,88.08219243421507,88.5223388671875,87.42647526360399,88.5223388671875,3164556
2023-10-26,88.41454726145007,89.42956499240479,87.90254619672592,88.81875610351562,2877870
2023-10-27,88.02829811816355,88.96247679811461,87.51629706649776,87.54324340820312,2850429
2023-10-30,87.66001176002614,88.0462586421145,87.48934931428093,87.75881958007812,2378876
2023-10-31,87.75882165820089,88.42353007303409,87.71391337271517,88.08219146728516,3739124
2023-11-01,88.52233510739538,89.50142204905598,88.36065020794555,89.26787567138672,2605196
2023-11-02,89.2499137247932,90.36373922479858,89.09721322339887,90.29187774658203,3027311
2023-11-03,90.29188290672181,90.3637443890452,89.5912505867891,89.60023498535156,1946070
2023-11-06,89.82479283486276,90.00443967929736,89.25889910711474,89.70802307128906,1863622
2023-11-07,89.57329053030378,89.9505530408193,89.33974413437537,89.48346710205078,2430320
2023-11-08,89.12416422460902,89.45651158583482,88.62114755696685,88.98942565917969,3371061
2023-11-09,88.99841006345049,89.9685195108986,88.7109709886238,89.74395751953125,2179432
2023-11-10,89.77987671079656,90.16612358986627,89.03433614680522,89.26787567138672,1825458
2023-11-13,89.34872438329582,89.46549414929247,88.55826180397091,88.83672332763672,3274245
2023-11-14,89.08823487293597,89.37567395222663,88.6301264845674,89.28585052490234,3207148
2023-11-15,89.44753030533573,90.27391675426554,89.22296832335995,89.46549224853516,2624371
2023-11-16,89.38465508385673,89.63616341240736,88.42353005513087,88.59419250488281,2977837
2023-11-17,88.33370942184119,89.01637985464346,88.09118546514352,88.91757202148438,2434711
2023-11-20,88.56724250073701,88.77384253526812,88.09117220522477,88.28878784179688,2377648
2023-11-21,88.02830103824013,89.60023498535156,87.80373904579564,89.60023498535156,2298893
2023-11-22,89.73496826148039,90.23798490191457,89.52836822525194,90.09426879882812,2259866
2023-11-23,89.8427565490617,90.1840951545389,89.7349711815114,90.13019561767578,1896065
2023-11-24,89.91461994438228,90.2559585571289,89.69005795308608,90.2559585571289,1539684
2023-11-27,90.27392350325471,90.5613625875495,90.0044463635022,90.02241516113281,2002608
2023-11-28,89.73497451461202,89.73497451461202,88.77384945075684,89.28585052490234,2695394
2023-11-29,89.42058906172205,89.60922031496474,88.70198793719807,89.04331970214844,2125543
2023-11-30,88.65707371620367,89.27686702120442,87.91153309415894,89.24093627929688,7391291
2023-12-01,89.35770710340348,89.53735394819176,88.35166695456076,88.88162994384766,2464580
2023-12-04,89.10620435152943,89.9864904611517,88.90859553594248,89.79785919189453,2093471
2023-12-05,89.93259109640402,90.04037646907229,89.1600972778694,89.48346710205078,2407221
2023-12-06,89.31279686779081,89.44753543532136,88.34268740527672,89.28585052490234,3233146
2023-12-07,89.32178173866386,89.48346664993764,88.630126953125,88.630126953125,2327426
2023-12-08,88.6840200068452,89.4565069118969,88.2528579906164,89.26787567138672,2388466
2023-12-11,88.65707233587732,89.19602660301116,87.90254732683103,88.94451141357422,3182081
2023-12-12,88.54030355451538,89.25890468332206,88.52234161018492,88.8726577758789,3371981
2023-12-13,88.53131291449196,89.36668375527493,88.2169275127108,88.41454315185547,3786661
2023-12-14,89.25889722534596,89.42058212316356,87.6869633838756,87.77678680419922,4339832
2023-12-15,87.85762859035495,88.6121604216021,87.03124213244115,88.12710571289062,8920094
2023-12-18,87.848650367294,88.3516670155185,87.46240348295366,88.10015869140625,2391289
2023-12-19,88.12711535882408,88.45048520002611,86.74381256103516,86.74381256103516,4147692
2023-12-20,86.69889281899813,87.44444029405963,86.33959910613368,86.75279235839844,3729894
2023-12-21,86.3665458377018,87.43545628853082,86.3665458377018,87.1210708618164,2593626
2023-12-22,86.81566774016699,87.44443857843183,86.81566774016699,87.30970001220703,1806316
2023-12-27,86.86058157870376,87.18395141707678,86.7797425456548,86.98633575439453,1841955
2023-12-28,86.92345271172788,87.3007220660434,86.80668294318268,86.94142150878906,1716171
2023-12-29,87.2198803100023,87.70493505727029,87.07616419215722,87.58816528320312,1977126
2024-01-03,88.34268238983636,90.45356365101408,87.98338184784937,89.1960220336914,5298912
2024-01-04,88.71994018554688,89.12415584382447,88.01033039031756,88.71994018554688,2750890
2024-01-05,88.3965837132273,89.03433893293438,88.20794561372637,88.59419250488281,1744618
2024-01-08,88.51335305349541,88.98043896811626,88.02829834229993,88.7379150390625,1937806
2024-01-09,88.34268442795387,88.76486206054688,87.5432443014604,88.76486206054688,3224696
2024-01-10,88.53131333842406,88.93552901672494,88.27082061767578,88.27082061767578,3815655
2024-01-11,88.08219294037667,88.25286224610542,86.84261322021484,86.84261322021484,2994593
2024-01-12,87.40850712991512,87.88457745404726,86.74380555582995,87.79475402832031,3551418
2024-01-15,88.11812296920671,88.11812296920671,87.32766723632812,87.32766723632812,2014285
2024-01-16,87.29173712258726,88.48640855543765,87.13005221548654,88.37861633300781,2929534
2024-01-17,88.46844186416178,88.46844186416178,87.53426314013267,88.18998718261719,2995449
2024-01-18,87.72290128539261,88.11812573770506,87.31868558129965,87.67798614501953,2554766
2024-01-19,88.2079442797733,88.71994532746216,87.41748856584127,87.51629638671875,3719991
2024-01-22,87.6151055682704,87.85762949858928,86.77075030514541,87.5701904296875,2648964
2024-01-23,87.74984774588266,87.77679408890728,86.10605229049763,86.14198303222656,3133997
2024-01-24,85.67489488623575,86.33960336461428,85.34254750013511,85.62100219726562,3626784
2024-01-25,85.39643549311363,86.41145324707031,84.81257293338581,86.41145324707031,3687873
2024-01-26,86.50128633712272,88.46844482421875,86.50128633712272,88.46844482421875,4084208
2024-01-29,88.52233811050665,89.33075578209353,88.12710681997937,89.27686309814453,4079043
2024-01-30,89.16907644267133,89.4475379843267,88.69300609650651,88.95349884033203,1984810
2024-01-31,89.10618914423485,89.68106725331344,88.41454127499853,88.53131103515625,3391047
2024-02-01,88.38760465543862,88.4594661402488,87.84865722553909,88.34268951416016,2533124
2024-02-02,89.01637644022054,89.33076187317292,88.52234414646351,88.5403060913086,2564854
2024-02-05,88.7558826277034,90.00444679862203,88.74690508193304,89.87869262695312,2315057
2024-02-06,89.96851785656725,90.32781155367788,88.70198495906196,89.27686309814453,3236332
2024-02-07,89.22297017934733,90.07630298737094,88.59419250488281,88.59419250488281,3286693
2024-02-08,88.5492865344431,89.6361657558597,88.31574014335969,88.33370208740234,3986623
2024-02-09,87.94746321697072,87.97440955993963,85.70184326171875,85.70184326171875,3909383
2024-02-12,85.89945356968583,87.20191727845777,85.75573745363175,86.95040893554688,3011513
2024-02-13,87.13004999231916,87.588158359597,86.0880790946814,86.59110260009766,3318656
2024-02-14,86.77074828927833,87.01327906705069,86.33959312248628,86.97734832763672,2671287
2024-02-15,87.20191143358628,88.29777501403575,86.96836505092789,88.12710571289062,3038078
2024-02-16,88.2798034370861,88.31573417583171,87.18393989115202,87.26478576660156,3797278
2024-02-19,87.21987655597584,88.57623291015625,87.08513798979705,88.57623291015625,2068632
2024-02-20,88.64809019774897,89.59124641019457,88.43250576082897,89.46549224853516,3268269
2024-02-21,89.46549508612449,89.98648054557356,88.88163254385144,89.03433990478516,3388972
2024-02-22,86.05215802499991,86.43840492513617,84.29158597803833,84.65088653564453,9998399
2024-02-23,84.8844321942051,86.13299630997864,84.67783214810913,85.64794158935547,3870326
2024-02-26,85.06408654298913,85.6299871934755,84.3095614797922,84.69580841064453,4647532
2024-02-27,84.44429640958352,85.07306726842798,84.03110315190168,84.14787292480469,4100971
2024-02-28,84.07600360833925,84.43530414553354,82.68372344970703,82.68372344970703,5487846
2024-02-29,83.0070955648285,83.40231999899505,81.74954707609075,82.42323303222656,8633546
2024-03-01,82.96218593527725,83.55502605243612,82.66576245015362,83.12387084960938,4443994
2024-03-04,82.99811504793703,83.06099213265995,82.1986748908506,82.65677642822266,3319854
2024-03-05,82.6388124469426,82.87235883576601,81.92919573508198,82.57593536376953,3629259
2024-03-06,82.86337579620452,83.63586960390671,82.72863722917029,83.38436126708984,3178615
2024-03-07,83.77061295071938,83.85145198369952,82.72864194949602,83.81552124023438,5278648
2024-03-08,84.01313247020767,84.46225646019323,83.8245012167843,84.26464080810547,3561849
2024-03-11,84.65986932297422,84.81256982979708,84.1388838670148,84.42632293701172,2484390
2024-03-12,84.84850286530512,84.93832629215485,84.37243253522219,84.6778335571289,3228641
2024-03-13,84.86647670341759,85.76472473144531,84.73173812859572,85.76472473144531,4078089
2024-03-14,86.06113557455214,86.4473824747068,85.21678714518868,85.4054183959961,3287019
2024-03-15,86.49230183181727,86.49230183181727,85.35152301971867,85.5401611328125,18496460
2024-03-18,85.3335541552442,85.57607808327411,84.96526921098673,85.05509948730469,2696338
2024-03-19,85.03713461912771,85.46829666487268,84.20176372363102,84.26464080810547,3349027
2024-03-20,84.16582795738177,84.99222125796679,84.05804259219646,84.9293441772461,2804183
2024-03-21,84.57902844792507,86.20485500957568,84.57902844792507,85.29762268066406,3910255
2024-03-22,85.5311760830764,85.82759956929601,84.57005099240638,84.75868225097656,3610360
2024-03-25,84.43530756565386,85.25271649220787,84.41734562195607,85.10899353027344,2261589
2024-03-26,85.11798505477118,85.91742525146876,84.88443864861917,85.76472473144531,3439063
2024-03-27,85.92640287806717,86.49229662401012,85.80064185921401,86.23180389404297,3524053
2024-03-28,86.41145679261535,86.43840998981278,85.59405465792821,86.00724792480469,3694998
2024-04-02,86.14198448376308,86.19587717072045,85.171875,85.171875,3101543
2024-04-03,85.02815589032951,85.26169542764863,84.50717042445493,84.65088653564453,4299151
2024-04-04,84.56106240560855,85.22576397713962,84.23769259176359,85.13594055175781,3428855
2024-04-05,84.99222804003485,85.02815878232637,83.32148621546526,83.46520233154297,3790361
2024-04-08,83.55502254916611,83.95025384609315,83.12386736441671,83.7706069946289,2982631
2024-04-09,83.53705919235148,84.59699204547474,83.48316650844134,83.9861831665039,2971044
2024-04-10,84.23769543041703,84.48920377119669,83.23166206729843,83.95025634765625,2563616
2024-04-11,84.18379718299359,84.9203602122304,84.02211228130318,84.27362060546875,2735703
2024-04-12,84.36345385101806,84.93833204550188,83.48317461394103,83.572998046875,2633314
2024-04-15,83.98618436246305,84.14786926958382,82.99811297587522,83.08793640136719,2516637
2024-04-16,83.21368754197904,83.33944170371292,82.56694793701172,82.56694793701172,3557759
2024-04-17,83.03404895424663,83.89636622892066,82.4950946611229,83.86043548583984,4037991
2024-04-18,83.8963627368488,84.41734821020255,83.3394465219098,83.75263977050781,4186373
2024-04-19,83.87839155651844,85.54913330078125,83.71670665052243,85.54913330078125,6086370
2024-04-22,86.40241332261762,87.40406748459384,86.27256205756943,87.0330810546875,5696378
2024-04-23,86.99598316102546,87.75650210902178,86.99598316102546,87.42261505126953,3836468
2024-04-24,87.12582637243541,87.94199079565156,86.9403296335383,87.16292572021484,5022838
2024-04-25,84.39908800234649,85.40074920654297,83.02644038074642,85.40074920654297,8328020
2024-04-26,85.79027937740847,86.90323152272452,85.47494553076055,85.97576904296875,4967641
2024-04-29,85.88302659598348,86.29111236272517,85.34509664454714,85.40074920654297,3164567
2024-04-30,86.12416014355861,86.1427062783687,85.51203155517578,85.51203155517578,4832782
2024-05-02,85.32654282319672,85.62333051519485,84.65876874720672,85.15959930419922,5099644
2024-05-03,85.25234604244332,85.77172982206649,84.97411155519436,85.06685638427734,2703596
2024-05-06,85.0483050323783,86.04996619071954,84.65877249612682,84.73297119140625,2437415
2024-05-07,84.84427030249819,85.47494506835938,84.51038324551419,85.47494506835938,3211485
2024-05-08,85.82738214926012,87.3669662475586,85.82738214926012,87.3669662475586,4433991
2024-05-10,87.55245930583537,88.35007760269691,86.90323132589053,88.27587890625,4126023
2024-05-13,88.49847268788021,88.6097707385473,87.84925174893272,88.10894012451172,3779981
2024-05-14,88.12748049231999,88.42426819869198,87.75650116633781,87.7750473022461,3429608
2024-05-15,87.71940098843089,88.6097640991211,87.23711654765472,88.6097640991211,4084384
2024-05-16,88.31297682955193,88.83235354434599,88.12748009142759,88.49846649169922,3968367
2024-05-17,88.79525579663016,89.6114273071289,88.7767096604721,89.6114273071289,5106866
2024-05-21,89.68561057371063,89.77836247379288,88.27587084976456,88.38716888427734,3664103
2024-05-22,87.90489293595313,88.31297869245795,87.53390652785578,88.16458129882812,3010029
2024-05-23,87.58955607803667,87.7008470434568,86.34675271502176,86.5322494506836,4218348
2024-05-24,86.25400964232651,86.49515186561091,85.69753357595853,85.71607971191406,3011360
2024-05-27,85.66043090820312,85.86447377569145,85.4934873871651,85.66043090820312,2474193
2024-05-28,85.6789807717146,85.8088249519524,84.86281634222313,84.99266052246094,3239804
2024-05-29,84.86281247529003,85.25234499825365,84.26923708525685,84.56602478027344,4103351
2024-05-30,84.2877804076376,87.84923970496186,84.15793623764951,87.31130981445312,5822143
2024-05-31,87.6266570697613,89.1662410867764,87.4597135425209,88.62831115722656,12294437
2024-06-03,89.03639607204028,89.53722664906275,88.77670771565315,89.46302795410156,3138339
2024-06-04,89.55577810198727,91.07681605911468,89.518678752304,90.52033996582031,5024478
2024-06-05,91.05826181324639,91.26230468034508,90.33484224878869,90.63162994384766,2813850
2024-06-06,90.50179101553016,91.26230997045154,90.33484748513389,91.20665740966797,2785176
2024-06-07,91.2623065930108,91.46634946438581,90.70583053760976,90.90986633300781,2605695
2024-06-10,89.96385406691824,89.96385406691824,88.16457472126734,88.6654052734375,4587858
2024-06-11,88.46136512890327,88.94364956106294,87.47825720515935,87.73794555664062,3718703
2024-06-12,87.71939665688748,88.64685906922257,87.60809862005567,88.05328369140625,3144090
2024-06-13,88.10893058751071,88.20167541503906,87.42261037262887,88.20167541503906,2840945
2024-06-14,88.23877764818867,88.9992965803661,87.86779124996083,88.36862182617188,3677533
2024-06-17,88.2944202425674,88.42426441630244,87.75649741251232,88.20167541503906,2648063
2024-06-18,88.35007662955167,88.35007662955167,87.51535899366078,88.01618957519531,1987336
2024-06-19,87.79360335089928,88.05329171786863,87.38551758796042,87.70085144042969,4970385
2024-06-20,87.81214670020232,88.01618957519531,87.03307454804514,88.01618957519531,3751740
2024-06-21,87.45971956895748,88.12748664795465,86.69920057600905,86.90323638916016,12198703
2024-06-24,87.01453073845126,88.14603611113435,86.9217859044232,87.81214904785156,3439516
2024-06-25,87.64520594124261,87.96053979366263,86.99598502392062,87.08872985839844,3299266
2024-06-26,86.9588807805826,87.70084649062196,86.08706381841003,86.16126251220703,3486437
2024-06-27,86.29110800890744,86.55079636519416,85.38219168592688,85.45639038085938,3246418
2024-06-28,85.32654473610047,85.7346304752379,84.8999128615372,85.06685638427734,3391416
2024-07-01,85.79027737931784,86.25400860839524,85.12250327729008,85.21524810791016,2700695
2024-07-02,84.95555887735051,85.93867388453991,84.45472830598464,85.80882263183594,3285907
2024-07-03,86.08706660209072,86.17981143434749,85.45639183637668,85.8459243774414,2330199
2024-07-04,85.827378772443,86.62499707154538,85.69753459128466,86.21691131591797,1839238
2024-07-05,86.27255626660425,86.58789718744984,85.73463340912413,85.8459243774414,2024938
2024-07-08,86.06851380984912,86.66208918156036,85.51203070739032,86.10560607910156,2640674
2024-07-09,85.80882502934327,86.94033038041641,85.64188150089022,85.8459243774414,2508997
2024-07-10,85.73463117728012,86.5322494506836,85.34509157037877,86.5322494506836,2403842
2024-07-11,86.62499243033326,86.9774256065978,86.3096515244319,86.86613464355469,2682620
2024-07-12,87.08872852177387,87.84924747438329,86.81048694663355,87.7936019897461,2978996
2024-07-15,87.73794439529716,87.99763274334107,86.38385009765625,86.38385009765625,2488931
2024-07-16,85.90157318115234,86.23546022345775,85.73462965999964,85.90157318115234,2233703
2024-07-17,85.79027999518537,86.8846860122171,85.38219423684151,86.82904052734375,2961836
2024-07-18,87.3855142279751,87.81214611101744,86.92178299736683,87.40406036376953,3513257
2024-07-19,87.18146748615271,87.5153545234544,86.82903431387945,86.97742462158203,2950722
2024-07-22,87.4226136271689,88.18313256277648,87.18147140583663,87.64520263671875,2401628
2024-07-23,87.6266579283378,87.92344563789791,87.07017478143263,87.42261505126953,2289235
2024-07-24,86.7548379587672,87.38551270443789,86.55079508870065,86.77338409423828,2738100
2024-07-25,83.93535745929651,84.26924453018516,81.85784341063844,82.3772201538086,10235648
2024-07-26,80.5037423271735,81.74653859574711,79.48352798613325,81.54249572753906,6761257
2024-07-29,81.91348785772455,82.84095035931833,81.63524627685547,81.63524627685547,3608530
2024-07-30,81.87638906990472,82.28447483771664,81.3013668435996,82.24737548828125,3429469
2024-07-31,83.28613222471755,84.34343886921323,82.45141459064803,82.67400360107422,4524597
2024-08-02,82.5070601246785,84.17649539383768,82.00622954393076,82.91514587402344,6111491
2024-08-05,82.02478103809197,82.91514413767248,80.7077789862341,80.94892120361328,5056459
2024-08-06,80.57794097333313,81.69090023992354,79.8916206916544,81.17151641845703,4854966
2024-08-07,80.26260307770717,82.85949375054074,80.18840438180354,82.80384826660156,3370346
2024-08-08,82.97079130696814,83.10063548604818,81.69089565204627,82.67400360107422,3061608
2024-08-09,82.82240050392268,83.37887656469725,82.08042770557189,82.54415893554688,2306907
2024-08-12,82.84094851274051,82.84094851274051,82.09897569761358,82.21027374267578,2018146
2024-08-13,82.32157418715204,82.5812625572224,81.87638906990472,82.24737548828125,2275863
2024-08-14,82.78530360548879,82.97079327257542,81.85784111810122,82.82240295410156,2438682
2024-08-15,83.19338080613002,83.62001976958742,82.7853021306142,82.80384826660156,3093549
2024-08-16,82.89659411411282,83.34177921901183,82.72965058427283,83.30467987060547,2469282
2024-08-19,83.37887670640553,83.80550858959037,83.15628769691281,83.63856506347656,1890894
2024-08-20,83.47162237778014,83.7684100854176,82.80384826660156,82.80384826660156,2755513
2024-08-21,82.91514827079996,83.28613468311221,82.69255925380351,82.9522476196289,2753642
2024-08-22,82.9336944072258,83.37887951719595,82.82240343671621,82.9522476196289,2295855
2024-08-23,79.65047449770555,83.26757955141662,79.57628287773501,83.04499053955078,7064411
2024-08-26,83.00788645705957,83.49016380125742,82.85948907362841,83.21192932128906,2445751
2024-08-27,83.47162291462438,83.99099963733602,83.1377358568877,83.17483520507812,2720027
2024-08-28,83.47162202262919,84.17649547876053,83.36032397924728,83.7684097290039,3003824
2024-08-29,83.54582032013802,84.73297113998032,83.4901677607237,84.49182891845703,4339122
2024-08-30,84.62166828956,84.95555532316882,84.28778125595117,84.4176254272461,6957960
2024-09-02,84.43618722250005,84.49183270843338,83.69421438882807,84.06520080566406,2984709
2024-09-03,84.39908370541364,85.06685780754687,84.13939534924562,84.84426879882812,4414223
2024-09-04,84.99265835964113,85.0112115711899,82.97078993541842,83.13773345947266,3714087
2024-09-05,82.82240095732625,82.98934448407023,82.06188201904297,82.06188201904297,5182973
2024-09-06,81.95058240022328,82.48851231783081,81.1900634765625,81.1900634765625,5420943
2024-09-09,81.46829991535509,82.04332919373293,81.0787673764429,81.70944213867188,3187902
2024-09-10,81.70944648796528,82.35867449668697,81.44975811486759,81.89494323730469,3127541
2024-09-11,81.95058004100785,82.3401125593813,81.39410400390625,81.39410400390625,3722641
2024-09-12,81.80218932704618,82.00623220834808,81.0602235757397,81.50540161132812,4195311
2024-09-13,81.52395385619675,81.76509608359848,81.15296744695807,81.24571228027344,2764659
2024-09-16,80.50374363429293,81.0231203429087,80.28114755119164,80.46664428710938,3583082
2024-09-17,80.6892308262486,81.04166399974726,79.96581126823853,80.18840026855469,3327862
2024-09-18,80.13276378135839,80.52229634462596,79.3351454417281,79.48353576660156,3882482
2024-09-19,80.09566253352033,80.15130801953234,78.83431296008084,79.2052993774414,5185045
2024-09-20,78.96415193737037,79.16819480726168,76.08901977539062,76.08901977539062,17740549
2024-09-23,77.31327287223121,77.68425927929877,76.66405196684583,76.86808776855469,5098588
2024-09-24,77.07212748015549,77.92539122817523,76.88663782223011,77.90684509277344,4537426
2024-09-25,77.90684324850139,78.38912059327664,77.53585686545604,78.24073028564453,3419137
2024-09-26,78.44477701742194,78.85285569051094,77.59151324753569,78.66736602783203,4338827
2024-09-27,78.96416041988317,79.44644490524837,78.72301817720057,79.01980590820312,3149559
2024-09-30,78.92705487323161,79.31658741284834,78.72301199743892,78.79721069335938,4025213
2024-10-01,79.3907836919243,79.52062786784379,78.53751994274579,78.7601089477539,4338246
2024-10-02,78.76010943655594,78.92705296034232,78.24073272965467,78.88995361328125,4683688
2024-10-03,78.79720725410255,78.87140594678445,77.44311295455331,77.88829803466797,3781596
2024-10-04,77.72135445434358,77.96248959140912,77.29471550973916,77.64715576171875,2831837
2024-10-07,77.98104472091983,78.1479882454442,77.33181675844641,77.55441284179688,2427486
2024-10-08,77.2576236108337,77.70280161676942,76.79389239366418,77.29471588134766,3353326
2024-10-09,76.5527559192889,77.8697509765625,76.5527559192889,77.8697509765625,3476158
2024-10-10,77.90684891996729,78.11089179929499,77.53586250991485,77.72135925292969,3100653
2024-10-11,77.38746838980089,78.16653344425971,77.18342552049684,77.90684509277344,2235024
2024-10-14,77.68425944402398,78.53752322890467,77.66570623184383,78.2036361694336,2669378
2024-10-15,78.44477544365698,78.50042092614888,77.66570330888587,77.79554748535156,3554006
2024-10-16,77.61005782639397,78.37057674968318,77.40601495595446,77.79554748535156,3359252
2024-10-17,76.79389509198467,80.5593904433975,75.68093588608546,79.76177215576172,8048915
2024-10-18,79.74322509765625,80.52229016439676,79.24239452219007,79.74322509765625,4325087
2024-10-21,79.48353630930374,80.33680721806793,79.33514598341709,80.09566497802734,4349872
2024-10-22,79.70612131373916,80.0585544801272,79.31658172607422,79.31658172607422,3875464
2024-10-23,79.46498626677395,79.92871751084337,79.00125502270454,79.1867446899414,3385740
2024-10-24,79.24239530369992,79.70612653637424,78.44477701742194,78.66736602783203,3894852
2024-10-25,78.46332217969513,78.59316635715462,78.09233578296362,78.40767669677734,2390051
2024-10-28,78.81576963118201,78.85286190585983,78.01815128203405,78.27783966064453,2624990
2024-10-29,78.76010722226042,78.79720656827848,77.03502655029297,77.03502655029297,4088300
2024-10-30,76.25596237016582,76.886637107618,76.1446643308589,76.44145202636719,3684454
2024-10-31,76.05191654164548,76.3301580910909,75.21719896928576,75.66238403320312,4622935
2024-11-01,75.81077971806704,76.79389474017064,75.77368037044266,76.71969604492188,3874056
2024-11-04,76.51565929052786,76.60840412901783,75.84788513183594,75.84788513183594,3465830
2024-11-05,75.99628008642175,76.03337943581832,74.95751953125,74.95751953125,4717569
2024-11-06,75.2914055279017,75.77368291123602,73.34373570616427,73.60342407226562,6260722
2024-11-07,74.01150791138906,74.38248723848207,73.6961669921875,73.6961669921875,4899966
2024-11-08,73.3066296721339,73.93730439342765,73.02838811898381,73.25098419189453,3905669
2024-11-11,73.43648333862816,73.91876074033956,73.19534109978368,73.2880859375,4079173
2024-11-12,72.75015727795947,72.88000145565886,72.17512800816434,72.34207153320312,5120013
2024-11-13,72.26787950938503,72.41627691244078,71.58155921019626,72.08238983154297,4050273
2024-11-14,71.98964311604313,73.77036945042754,71.71140153055542,73.02839660644531,5027775
2024-11-15,72.80579735591077,72.9541947342514,71.89688110351562,71.89688110351562,5593655
2024-11-18,72.06382525196821,72.8057979982647,71.89688173785032,72.5090103149414,3475379
2024-11-19,73.02839016918857,73.51067459805817,70.52424442444281,71.09927368164062,6982638
2024-11-20,71.17346425162506,71.48880515447392,70.57988886788492,70.96942138671875,5608645
2024-11-21,70.48714970296486,70.93233481451885,70.0790639403718,70.4500503540039,5388140
2024-11-22,70.45004512400804,70.87667699142108,70.37584643159444,70.48714447021484,6977049
2024-11-25,70.4500503540039,71.11782448334625,70.22746133621555,70.4500503540039,8319066
2024-11-26,70.07906437821026,70.83958334671787,69.70808503823764,70.33875274658203,4669259
2024-11-27,70.4871426319093,70.82102966308594,70.13470946610131,70.82102966308594,4106565
2024-11-28,70.50568974888536,71.2105631662988,70.43149813334976,71.08071899414062,4095385
2024-11-29,70.8395829893997,70.93233489990234,70.26456076975617,70.93233489990234,4561408
2024-12-02,70.74683716601055,71.54445546853896,70.6169929842945,71.04362487792969,3788734
2024-12-03,71.28476710510687,71.37751193833586,70.67263846903646,71.04362487792969,4439740
2024-12-04,70.80247645247802,71.11781734902333,70.54278811177987,70.82102966308594,3908643
2024-12-05,70.6169938863395,70.8952354655579,70.3573055195902,70.4500503540039,4009512
2024-12-06,70.15326646121228,70.59845159702611,70.06052162174456,70.26456451416016,4741729
2024-12-09,70.26456256093815,70.4315060977304,69.7080864636231,70.11616516113281,4334021
2024-12-10,70.02341494613367,70.13471298743949,69.05885314941406,69.05885314941406,6182770
2024-12-11,69.1330575963338,69.65243434702558,68.92901470828274,69.39274597167969,5478430
2024-12-12,69.00320301058416,70.19035373383247,68.94755045569808,69.46693420410156,5622102
2024-12-13,69.4854889328223,69.87502148532245,69.28144605028109,69.72663116455078,5494900
2024-12-16,69.48548502712096,69.48548502712096,68.66932061880911,69.05885314941406,5051697
2024-12-17,68.68786546296366,69.76372528076172,68.6136738461316,69.76372528076172,5809341
2024-12-18,69.09594669102033,69.31853567895293,68.22412979731784,68.72496032714844,6495726
2024-12-19,68.27978803385723,68.81771087646484,68.22413547526014,68.81771087646484,5030449
2024-12-20,68.09429417354956,68.61367797851562,67.53781809592193,68.61367797851562,13549480
2024-12-23,68.27978901494009,68.79916572946267,68.09429227691273,68.7064208984375,2865480
2024-12-27,68.3725305420274,69.35563844014655,68.3725305420274,69.0217514038086,4006160
2024-12-30,69.05885460716854,69.65243002137541,68.92901042755936,69.4483871459961,3192755
2025-01-03,69.46693746656784,69.55968229443172,68.72496469170319,69.28144073486328,4429843
2025-01-06,69.28144688656796,69.35564558583812,67.74186279458824,68.65077209472656,5267017
2025-01-07,68.8919149188512,69.83793065269677,68.558027845256,69.50404357910156,4315876
2025-01-08,69.74517255962864,70.00486798628438,69.02175298960123,69.89356994628906,4897124
2025-01-09,69.74517397970381,70.09761424220989,69.52258497115791,69.67098236083984,2595698
2025-01-10,69.39273871593367,69.55968223633997,68.53947497873567,68.66931915283203,3516866
2025-01-13,68.40963459364764,68.9475574549936,68.27979041235959,68.85481262207031,3127251
2025-01-14,69.28144792730166,69.4112921149862,68.5580282884942,68.78062438964844,4819860
2025-01-15,68.8362636052732,68.89190908750312,68.11284403237653,68.31688690185547,3706760
2025-01-16,68.09428941075433,68.66931866047005,67.83460106442358,68.53947448730469,4538901
2025-01-17,68.65076735262745,68.96610826475448,68.00154646880262,68.81771087646484,5082754
2025-01-20,68.76206544857548,69.26289602048625,68.68786675437161,69.05885314941406,2882074
2025-01-21,68.9290099443718,69.31854248046875,68.68786772279782,69.31854248046875,3108596
2025-01-22,69.2257956900058,69.35563986502963,68.65076643205965,68.79916381835938,4006799
2025-01-23,68.78061724920296,69.28144073486328,68.4652763432936,69.28144073486328,4199023
2025-01-24,69.46693654092557,69.91211453913097,68.85480794842229,69.26289367675781,4988509
2025-01-27,69.46694386539981,72.15658657706517,69.26290097971813,71.93399047851562,8679472
2025-01-28,72.17512328670564,72.99128764685055,71.9525342932073,72.5090103149414,7404177
2025-01-29,72.34207250536923,72.69450569586415,71.71139774407821,72.60176086425781,4113007
2025-01-30,72.69450622989424,72.99129393880105,72.11948402412446,72.97274780273438,3934522
2025-01-31,73.17678961354272,73.21388896111287,71.85979461669922,71.85979461669922,6270336
2025-02-03,71.58155211912057,72.41626973867555,71.15492024156512,72.21222686767578,4415952
2025-02-04,71.76704123558308,72.08238214546323,71.48880674848789,71.84123992919922,3450015
2025-02-05,71.56300925538179,71.84124375730286,71.11782414593989,71.65575408935547,3559172
2025-02-06,71.78559684267779,72.37917225946252,71.2662130460083,71.87834167480469,3141862
2025-02-07,71.87834167480469,72.58321513572798,71.74849749463161,71.87834167480469,3993095
2025-02-10,72.08238406345727,72.28642693834244,71.74849700927734,71.74849700927734,3070301
2025-02-11,72.06383375031332,72.69450853624662,71.91544342914057,72.5275650024414,3895054
2025-02-12,72.84290171579632,73.47357646521357,72.3235250077975,73.06549072265625,4448953
2025-02-13,76.05192437526811,77.92539549644837,75.97772567764306,77.61006164550781,9473094
2025-02-14,77.59151446884941,77.86974896724726,76.34871106621206,76.49710845947266,6034211
2025-02-17,76.64549489377478,76.7753390683111,75.82933050012122,76.44145202636719,4069308
2025-02-18,76.60839314176218,76.77533665749195,75.810774908384,76.40435028076172,3645635
2025-02-19,76.40435747129165,76.86808871685272,76.01482492325489,76.51565551757812,3976884
2025-02-20,76.73824256668338,76.73824256668338,75.69948913188459,76.36725616455078,3792178
2025-02-21,76.90518687646457,78.92705535888672,76.53420047055664,78.92705535888672,9195580
2025-02-24,79.72466972061031,81.41265106201172,79.37223654417768,81.41265106201172,7684548
2025-02-25,81.06022132037393,82.89659304904247,80.67068878107781,82.56270599365234,6739141
2025-02-26,82.52561503834802,82.71110470497875,81.17151358323026,81.24571228027344,5364169
2025-02-27,80.89327714452149,81.24571033306403,80.39244656544922,80.72633361816406,4052166
2025-02-28,80.00291122379602,81.22716134882708,79.96581187746456,80.80052947998047,6745454
2025-03-03,80.8005315279001,82.3586687334291,80.5408360969978,82.17317199707031,4285414
2025-03-04,82.19172444538792,83.56436490181054,82.1546250984607,83.24903106689453,5301975
2025-03-05,82.30301135588094,83.0078847608217,81.67233664113955,81.72798919677734,6756899
2025-03-06,81.35701037131312,81.74654291704172,80.15130630960778,81.48685455322266,4442557
2025-03-07,81.98767921188882,83.37887283966076,81.46829544585647,83.21192932128906,5027667
2025-03-10,83.2675820088544,84.41763352607545,82.98934750480498,83.93535614013672,4520329
2025-03-11,84.13939494661167,84.399083301537,81.76509332903491,82.17317199707031,4457170
2025-03-12,82.76675034813799,83.26758094017191,82.41431715047437,82.58126068115234,4407581
2025-03-13,82.45141268650612,82.7667465209961,81.98768146450774,82.7667465209961,3130351
2025-03-14,82.93369436355893,83.10063789521267,81.30136547180811,82.71110534667969,4072754
2025-03-17,82.87804186102247,83.7127594486154,82.6183535173217,83.69420623779297,3629213
2025-03-18,83.84261130545359,84.26924320577788,83.453078754198,83.93535614013672,3718004
2025-03-19,83.80550711884902,84.23213899454669,82.4328595864495,83.24903106689453,5369014
2025-03-20,83.36032315301865,84.71441749218069,83.36032315301865,84.6031265258789,4531016
2025-03-21,84.60312277614432,85.02975463867188,83.82405066667646,85.02975463867188,11586849
2025-03-24,85.04830919584258,85.06686240855922,83.10063934326172,83.10063934326172,3525558
2025-03-25,83.3788745783095,83.84260579723671,82.39575958251953,82.39575958251953,4520935
2025-03-26,82.35866595874775,82.74819847801231,82.02477892052762,82.48851013183594,3536928
2025-03-27,82.87804701165713,83.17483471947061,82.3586702919778,83.04499053955078,3259119
2025-03-28,82.91514120669068,84.30633482735334,82.91514120669068,83.69420623779297,3394505
2025-03-31,83.23048348871721,84.04665502440304,82.8594970703125,82.8594970703125,5172767
2025-04-01,83.02643552664247,83.91680570674693,82.87804521394303,83.6200180053711,3396373
2025-04-02,83.2490334645043,84.15794272447901,83.1748347685129,83.2861328125,3777132
2025-04-03,83.50871860596423,84.30633686718774,83.02643417658513,84.08374786376953,5541185
2025-04-04,83.4716251326367,84.75152083731864,80.96747920904855,81.02312469482422,7995150
2025-04-07,77.55441284179688,79.56700466591288,75.96845289680384,77.55441284179688,14270493
2025-04-08,77.9717647323159,79.40933430201667,77.06284845467721,79.084716796875,7939922
2025-04-09,78.25928034454894,78.43550047742598,75.68093582086877,77.21125030517578,10203829
2025-04-10,79.77104908712668,80.1605816265908,77.57296048418986,78.18508911132812,5935785
2025-04-11,78.64882184990151,79.05690053314954,77.95322498357329,78.81576538085938,5001517
2025-04-14,79.7432215297324,79.8174131451665,79.00124876757803,79.80814361572266,4029347
2025-04-15,79.38150821733704,80.11420440673828,79.09399712027242,80.11420440673828,3961824
2025-04-16,80.13275962580363,80.50374603271484,79.50208485684772,80.50374603271484,5210047
2025-04-17,80.33680262088811,81.59815216064453,79.83597203222213,81.59815216064453,5976633
2025-04-22,83.48125729345588,83.48125729345588,82.22265165401572,83.26028442382812,4937221
2025-04-23,83.62536725072411,84.21143715567875,83.15459230956154,83.97124481201172,5290909
2025-04-24,83.97125004466793,84.34594953773076,82.97204895313737,84.00968170166016,4411735
2025-04-25,83.7406637698567,83.93281471632375,82.3763656616211,82.3763656616211,3569259
2025-04-28,82.33793751488946,83.34674835205078,82.28029369451079,83.34674835205078,3975932
2025-04-29,83.16420070525022,83.7790925628422,83.06812522689319,83.39479064941406,2963798
2025-04-30,83.51007435472988,84.29790496826172,83.23145034956647,84.29790496826172,5159434
2025-05-02,84.47084466028024,84.826331980359,83.10655385904101,84.16339874267578,3759356
2025-05-05,84.34594774132104,84.55731818523192,83.9135971069336,83.9135971069336,1696224
2025-05-06,84.23065659190172,84.90319961030187,84.08653970723817,84.7014389038086,2459416
2025-05-07,84.91279872852162,85.57573197416677,84.47084567478784,84.69182586669922,3044715
2025-05-08,85.1722118688807,85.21064352588692,83.63498223907696,83.64458465576172,2687081
2025-05-09,84.16339963705424,84.40359199180044,83.80791964328677,84.21144104003906,1980334
2025-05-12,84.4228073108427,84.7878970331735,82.16499342379214,82.82792663574219,3855364
2025-05-13,82.67420797324738,83.16419507874471,81.62696553876664,81.73265075683594,2990883
2025-05-14,81.65578789214273,82.45322824006846,81.55010267349769,81.84794616699219,2801891
2025-05-15,81.99206186156782,83.19302368164062,81.90559612896541,83.19302368164062,2782756
2025-05-16,82.81831971811677,83.89438408975816,82.75106615301974,83.08734130859375,5204853
2025-05-19,83.54850916303347,83.82713317871094,83.02009037199475,83.82713317871094,2422240
2025-05-20,84.01927961511888,84.8743637796205,83.82712867054565,84.49966430664062,3796634
2025-05-21,83.82713204967577,85.0569157367307,83.75987848335522,84.98966217041016,3379793
2025-05-22,84.73025752312245,84.81672325250801,84.1153656805286,84.69182586669922,2405291
2025-05-23,84.91279511937402,85.42200904777147,84.37476661249508,85.04730224609375,3509922
2025-05-26,85.29710478367382,85.53729712980044,84.99926862010517,85.16259765625,1430896
2025-05-27,85.31632382483717,85.92160589504203,84.95122676939954,85.22985076904297,2642271
2025-05-28,85.07613590058317,85.1818211242183,83.97124959081799,84.07693481445312,3228727
2025-05-30,83.59654978868691,84.84554564413473,83.59654978868691,84.25947570800781,5843913
2025-06-02,84.00968113506167,84.11536635855524,83.2602821539903,83.59654998779297,2131074
2025-06-03,83.83674476863014,83.97125190603997,83.31792838286827,83.37557220458984,1865494
2025-06-04,83.57733063480762,83.94242770934025,83.03930209981938,83.71183776855469,2612803
2025-06-05,83.27949445723756,84.2594760502646,83.2218506370857,83.71183776855469,2502184
2025-06-06,83.67340554330717,84.00968070547931,83.10655510209398,83.2987060546875,2211002
2025-06-10,83.48125101014145,83.81751882780183,82.45322806467188,82.69342041015625,3316792
2025-06-11,82.50127537426557,82.80872130530027,81.81912994384766,81.81912994384766,3008767
2025-06-12,81.56932602352366,82.2226495287308,81.37716773958684,82.08814239501953,2726361
2025-06-13,81.15619466548858,81.74226460232225,80.94482421875,80.94482421875,2572949
2025-06-16,80.70462862166563,80.80070409448321,79.79190063476562,79.79190063476562,3285938
2025-06-17,79.09054052562458,79.72465187862066,78.89838956840167,79.5324935913086,3997027
2025-06-18,79.74386086593219,80.14738225808064,79.10974953819417,80.00326538085938,3993328
2025-06-19,79.74385819868608,79.98405054265803,79.26347351074219,79.26347351074219,2402154
2025-06-20,78.78309380833565,79.59013661670998,78.34114074707031,78.34114074707031,13701991
2025-06-23,77.82232289200509,78.50446829947249,77.7166376695718,78.24506378173828,2695720
2025-06-24,79.09053594302215,79.10014568935324,78.46603437309834,78.76387786865234,2834097
2025-06-25,78.4083938549332,78.68701786955027,76.51567690293751,76.6021499633789,4897031
2025-06-26,76.8423413184043,76.94801921075957,75.89117431640625,75.89117431640625,4448172
2025-06-27,76.40998781176046,76.77508486834022,75.9392128667951,76.17940521240234,3042046
2025-06-30,76.6694048119076,76.76548029060139,75.57412822860228,75.73745727539062,3697172
2025-07-01,76.09293305845412,76.09293305845412,74.94001271790644,76.0448989868164,2963422
2025-07-02,76.25626987949768,76.53489388497192,75.11295194842901,75.97764587402344,2299095
2025-07-03,76.28509489950434,77.00567197853601,76.0449025398271,76.46763610839844,4159168
2025-07-04,76.26587198750623,76.39077670019695,75.78548728968349,76.16018676757812,2277122
2025-07-07,76.35234720293137,76.35234720293137,75.13216593112233,75.34353637695312,2484000
2025-07-08,75.17059370825679,75.35314223479682,74.39237286157747,75.285888671875,3631882
2025-07-09,75.4300084082991,75.57412528577251,74.8247189889286,74.9976577758789,2563954
2025-07-10,74.69021515315342,75.2282510307852,74.0945427841139,74.82472229003906,3416220
2025-07-11,74.60374634040528,74.6709999060711,73.7390524032098,73.96963500976562,3852860
2025-07-14,73.89277945626107,74.34433492544292,73.71984066781881,74.2674789428711,1823174
2025-07-15,74.19061658078516,74.3251237146204,73.48925167142504,73.5853271484375,2762603
2025-07-16,73.6429797681897,74.21943997185619,73.46043122716112,73.86395263671875,2896429
2025-07-17,74.15218054840227,74.15218054840227,73.58532280632646,73.77748107910156,2073563
2025-07-18,74.03688630840587,74.7574633456564,73.90237918119287,74.6709976196289,3256914
2025-07-21,74.12336058401578,74.38276509645473,73.69100995649913,73.98885345458984,2527209
2025-07-22,73.89277810699818,74.75746470333151,73.62375651759778,74.46923828125,2968468
2025-07-23,74.55570459494987,75.19941833908999,74.43080721074158,74.69982147216797,3462944
2025-07-24,72.21143424088488,72.58613373406467,70.21303205719997,71.2314453125,10653660
2025-07-25,71.18340034759599,71.21222958647371,69.48284175824617,70.44361114501953,5384053
2025-07-28,70.4436152739271,70.74145145565551,69.47323608398438,69.47323608398438,4278249
2025-07-29,69.27147254104949,70.01126908675141,69.02167044366153,69.57891845703125,4332510
2025-07-30,69.57891714151371,69.95361661546683,68.63736724853516,68.63736724853516,3672164
2025-07-31,68.32031683930344,68.67580417808736,67.84954185665715,68.31070709228516,4259861
2025-08-04,67.6573792612856,68.62775840588189,67.15778239946611,68.50286102294922,4702137
2025-08-05,68.6085506657776,69.47323731581628,68.33952905966837,69.15618896484375,5218949
2025-08-06,69.0697153651214,69.20422250208628,68.39717968029701,68.56050872802734,2869559
2025-08-07,68.85834365301629,69.59814022287836,68.49325390651767,69.2426528930664,3220870
2025-08-08,69.63657383243012,69.94401976707286,68.95442106391754,69.27147674560547,2444437
2025-08-11,69.57892162661744,69.76147016726543,69.06971499227215,69.29069519042969,2125782
2025-08-12,69.46363342117677,69.51166749510749,68.57971996579992,68.8775634765625,2068158
2025-08-13,68.88716599938836,69.61735282709759,68.80070026812642,69.35794830322266,2357974
2025-08-14,69.3099064603185,69.59814022287836,68.98324837083379,69.2426528930664,2212272
2025-08-15,69.5020523071289,69.78067630243508,69.40597683669988,69.5020523071289,2242945
2025-08-18,69.5597076545546,69.75185860701774,69.11775459981823,69.37715911865234,1768840
2025-08-19,69.65578348499592,70.66459431577974,69.39637896484268,70.6357650756836,1858403
2025-08-20,70.99125337784193,73.17220411280208,70.7318488541253,73.15298461914062,6162570
2025-08-21,73.15298209043328,73.15298209043328,72.59573407493973,72.8935775756836,2592506
2025-08-22,72.84554041481962,73.07612303358857,72.3363337720806,72.4035873413086,2564291
2025-08-25,72.37476397794477,72.60534659208683,71.84633785169302,71.94241333007812,2139339
2025-08-26,71.42359534486255,72.50926948346326,71.29869795877893,71.54850006103516,6517488
2025-08-27,71.48124306429509,71.96162775245554,71.24105072021484,71.24105072021484,3413711
2025-08-28,71.34673992609336,72.13457056551043,71.34673992609336,71.96163177490234,3526847
2025-08-29,71.74064843237882,72.71102756654354,71.68300461473554,72.43240356445312,3510309
2025-09-01,72.42279530853843,72.98004332418685,72.3171100872917,72.52848052978516,2441960
2025-09-02,70.79910355448997,72.49966226627996,69.92479983113381,71.9904556274414,5784324
2025-09-03,72.13457057996573,72.24985822033487,71.65418586485688,71.77908325195312,3495518
2025-09-04,72.1633894400315,73.4219949947925,71.97123849414494,72.91278839111328,4965105
2025-09-05,73.07611623828487,73.143369801259,72.15377851888739,72.45162200927734,3134538
2025-09-08,72.2018197828949,72.3075050002382,71.56770847883509,71.78868865966797,3481318
2025-09-09,71.58693102404912,71.8079038842171,70.58772995479292,70.65498352050781,4094790
2025-09-10,70.94320859366759,71.11614737793533,70.30910460474506,70.6741943359375,2928966
2025-09-11,70.92399492798829,71.20261892618664,70.48204189535633,70.76066589355469,2214656
2025-09-12,70.67419933570257,70.82792596818857,70.11695861816406,70.11695861816406,2481864
2025-09-15,70.13616391366315,70.28989053109453,69.136962890625,69.136962890625,3022829
2025-09-16,69.00245621478997,69.29068995930659,68.86794908870584,69.06970977783203,3658741
2025-09-17,69.27147515154186,69.31951655557305,68.5412883247848,68.69501495361328,4002249
2025-09-18,68.56050748900337,69.16578959440668,68.25306156291279,69.06010437011719,2906799
2025-09-19,68.67580020200978,69.94401552169568,68.406778611698,69.57891845703125,10945191
2025-09-22,69.36754534052169,69.66538882864523,68.83912658691406,68.83912658691406,2845746
2025-09-23,69.17540011443026,69.37716081848664,68.79109086999892,68.81031036376953,3098754
2025-09-24,68.5797180533964,68.88716397231829,68.28188188102835,68.483642578125,4073370
2025-09-25,68.22423987376214,69.08893383434699,68.09933515551211,68.21463012695312,3795409
2025-09-26,68.24345112931321,68.85834297530594,68.11855374281404,68.34913635253906,3072312
2025-09-29,68.33952594838058,69.6846045973324,68.17619690681707,69.2618637084961,3108275
2025-09-30,69.39637973685281,70.42440274238143,69.19461170438024,70.20342254638672,4058963
2025-10-01,70.20342277501724,71.30830909841093,70.1649911177587,70.98164367675781,4015511
2025-10-02,71.00085955058474,71.80790232160135,70.89517433103417,71.70221710205078,3970617
2025-10-03,71.54849722681303,71.6926141004862,71.08732469707664,71.2890853881836,3069645
2025-10-06,71.17379908939498,71.45242309570312,70.77988011596622,71.45242309570312,3026319
2025-10-07,71.82712272048497,72.07691748794801,71.23144305096548,71.56771087646484,3230499
2025-10-08,71.66378454112738,72.55730035779789,71.51967499818751,72.01927185058594,2844185
2025-10-09,71.78868820779938,72.53808714054315,71.78868820779938,72.03849029541016,3700522
2025-10-10,71.77908200178791,73.0184754247931,71.69261627301702,72.6437759399414,4057799
2025-10-13,72.9416119802538,73.0088655458722,72.15378135582867,72.34593963623047,2295124
2025-10-14,72.53809015260723,73.17220147900643,71.82712284459595,72.048095703125,3800051
2025-10-15,72.15378027556673,73.21062514664276,71.98084149083874,73.14337158203125,4608602
2025-10-16,78.97524610521283,80.01287887368277,77.80311352981815,79.94562530517578,12710813
2025-10-17,79.12896604484797,81.69421850823522,79.06171248202807,81.50206756591797,9432445
2025-10-20,80.84874396544562,81.72304028065018,80.33953737207207,80.65658569335938,5162843
2025-10-21,80.27228383179948,80.54129808270685,79.33072662353516,79.33072662353516,4037392
2025-10-22,78.84073445404553,78.97524158335807,77.72624576401462,78.62936401367188,4742573
2025-10-23,78.63897821693465,78.71584153235197,77.47644805908203,77.47644805908203,2812257
2025-10-24,77.6301726301112,77.79350167347242,76.78469084313262,76.96723937988281,3119640
2025-10-27,76.78469220514465,76.89037743039164,76.38117079788665,76.7654800415039,2803823
2025-10-28,77.23624961043244,77.32272266598592,75.88156860086266,76.24665832519531,3948100
2025-10-29,75.99686077902896,76.19862148059981,75.237852046402,75.3915786743164,2987538
2025-10-30,75.66059378658933,75.70863519087044,74.3347345914469,74.41159057617188,3538466
2025-10-31,74.39237876596505,74.59413947074385,73.31631434372221,73.86395263671875,3657282
2025-11-03,74.36355275391263,75.04569814580591,74.02728493116084,74.65177917480469,2472827
2025-11-04,74.65178266051544,75.92960777672643,74.30590507522389,75.8047103881836,3367018
2025-11-05,76.20823088130909,76.32352585172134,75.58372928589853,75.93921661376953,2473588
2025-11-06,75.98724829896639,76.07372135658004,75.4972611828147,75.79509735107422,1951655
2025-11-07,75.83352660849057,76.14097251344859,74.93040105576264,76.01607513427734,2327125
2025-11-10,76.19862080703876,76.32352552363737,75.68941418422932,76.30430603027344,2697288
2025-11-11,76.69822767623454,78.34114257162184,76.4676377283951,78.07212829589844,2986052
2025-11-12,78.09133580263222,78.59093999639968,77.90878727066848,78.44682312011719,2532047
2025-11-13,78.52368977537532,78.80230646327374,77.7358591255823,77.9087905883789,2411528
2025-11-14,77.69742151226924,77.92800410841159,76.76547405149618,77.15938568115234,3220509
2025-11-17,77.35154803115526,77.38997968755328,76.39077861147162,76.73665618896484,2092383
2025-11-18,76.23705472168952,76.37156185886496,75.89117713178427,76.15058898925781,2956249
2025-11-19,76.33312794023034,77.00567093627728,76.17940864376382,76.30430603027344,2346288
2025-11-20,76.43881347763688,76.46763538771225,75.75666806219328,76.12176513671875,3348517
2025-11-21,76.51567446390374,78.10094544063236,76.29470160665437,77.6013412475586,3844180
2025-11-24,77.66859752589573,78.1778114831891,77.28429561636808,77.38037109375,10184818
2025-11-25,77.43800998523285,77.72624372912159,76.3139115782263,76.79429626464844,3247922
2025-11-26,76.46763311703089,76.65979139530901,75.71823415696824,76.4580307006836,3642647
2025-11-27,76.76547869363017,76.82312251362943,76.26587448667321,76.7846908569336,1340255
2025-11-28,76.57332220899296,76.9864533655672,76.34273959349012,76.69822692871094,2898166
2025-12-01,76.69822422173762,77.05370421432302,76.37155880872278,76.91919708251953,2535275
2025-12-02,77.32272937980811,77.41880485980737,75.22825166343158,75.90078735351562,3580640
2025-12-03,75.70863494325471,76.18901966413807,75.4107914318464,75.43961334228516,2993372
2025-12-04,74.94001286034742,76.40037911648949,74.94001286034742,76.16018676757812,2721372
2025-12-05,75.95842684314584,76.15058512227371,75.58372736145756,75.72784423828125,2675842
2025-12-08,75.40118933161828,76.11215666908528,74.79589988950727,75.25707244873047,3416760
2025-12-09,74.94001680717999,75.33393579858361,74.2770835436418,74.89197540283203,3421619
2025-12-10,74.64218153354955,74.89197631495156,74.22905037342866,74.7574691772461,3079221
2025-12-11,74.75746632754029,75.15138530872555,74.36355467644398,74.86315155029297,3656434
2025-12-12,74.59413922012433,75.22825057308943,74.3731663523377,74.89197540283203,2977016
2025-12-15,75.19942153771802,75.85274505615234,74.92080484802456,75.85274505615234,2677282
2025-12-16,75.70863239558136,75.81431761702642,74.99765775493483,75.36275482177734,2993013
2025-12-17,75.06490876655523,76.24665832519531,74.9304016402175,76.24665832519531,4859260
2025-12-18,76.47724732149769,77.14979033954194,76.1601916414235,76.74626159667969,3126119
2025-12-19,75.7278422943493,76.68861167505918,75.55490351261797,75.69902038574219,10366663
2025-12-22,75.48765027074394,75.60294523575219,74.69020992213642,74.96883392333984,2196389
2025-12-23,74.94001666840828,75.42040139064166,74.74786571155057,74.77668762207031,2074393
2025-12-29,74.94001080750176,75.74705355929389,74.79589393608501,75.6509780883789,2840270
2025-12-30,75.25706645860092,75.70862923499875,75.0456960245348,75.6509780883789,2321271
2026-01-05,75.15138387976003,75.22824719122573,72.66298731420193,73.44121551513672,5802487
2026-01-06,73.40278567397328,73.58532688060585,72.7302426771559,73.17220306396484,4395991
2026-01-07,72.64377281790829,73.33552793870132,71.1161457044756,71.60614013671875,5332634
2026-01-08,71.57732482608654,72.0096681513896,70.77988441444026,71.44281768798828,4933839
2026-01-09,71.33712601703334,72.45162200927734,71.317913854793,72.45162200927734,4154745
2026-01-12,72.5284804061224,72.96083103687337,71.99045188439374,72.048095703125,3092423
2026-01-13,71.96162862317333,72.40358166201784,71.54849749315301,72.2498550415039,2644539
2026-01-14,72.12495600148024,73.5468978881836,72.06731218515732,73.5468978881836,5393941
2026-01-15,73.40278639455306,73.91199302294461,73.16259403549373,73.51807403564453,3675044
2026-01-16,73.16259565593563,73.22984922475824,72.28829193115234,72.28829193115234,4940026
2026-01-19,72.24985957747427,72.34594238637207,71.33713153365841,71.75987243652344,2709560
2026-01-20,71.82712199219866,71.9231974656402,69.72303467241154,71.03929138183594,4419228
2026-01-21,70.90478928443156,71.21223521931425,70.04009530192107,70.11695861816406,4606054
2026-01-22,70.99125363535087,71.47163835738198,70.01127202764663,70.31871795654297,4161182
2026-01-23,70.0785235527551,70.20342093801037,69.13696629978107,69.62696075439453,4421247
2026-01-26,69.55970662415756,69.65578209896594,67.53248258631847,69.03128051757812,5804640
2026-01-27,68.69501293122183,69.99205017089844,68.59893745607705,69.99205017089844,4402757
2026-01-28,70.07852309712905,70.32831786601551,69.37715820272905,69.6942138671875,3176226
2026-01-29,68.69501668073384,70.77988465853608,68.69501668073384,70.59734344482422,3452121
2026-01-30,70.57812305820417,71.15458326333646,70.28028687373848,70.54930114746094,3542959
2026-02-02,71.00085966426217,73.00886417876045,70.96242800890145,72.54769897460938,3894580
2026-02-03,73.01847360367944,73.39317307918596,72.23064299747487,73.0953369140625,3426183
2026-02-04,73.48925199909736,75.10334494240627,73.06651843233986,75.02648162841797,4504328
2026-02-05,75.66058768905806,75.7086290894675,74.4211943253981,75.35314178466797,3729746
2026-02-06,75.42039787162231,76.21783823254357,74.67099891271849,75.79509735107422,2559931
2026-02-09,75.76627531429787,75.89117269720856,75.01687635665614,75.31471252441406,2770663
2026-02-10,75.43961196789029,75.94882592002442,75.21863910515964,75.82392120361328,2644418
2026-02-11,75.68941291308583,76.26587309280987,73.51807199503345,75.18020629882812,5083051
2026-02-12,75.38196545604504,76.55410528460101,74.52688128539461,76.2274398803711,3657344
2026-02-13,75.90078268881025,76.93841540124568,75.63176842930969,76.4580307006836,4239957
2026-02-16,76.42920713106702,77.0825306028418,76.24665860319081,77.0248794555664,2665975
2026-02-17,76.89998710576269,77.54370087342187,75.91999816894531,75.91999816894531,2985991
2026-02-18,76.19862194027135,76.65018474988265,74.85355058835147,75.32432556152344,5540934
2026-02-19,77.24585945809189,79.01367159518935,76.4003777141856,78.2354507446289,8710135
2026-02-20,77.76467701151356,77.92800604909483,76.33312533834473,77.73585510253906,5670392
2026-02-23,78.0144762338597,78.20663452148438,76.89037773908974,78.20663452148438,3571750
2026-02-24,78.29309820079665,80.58933653456623,78.15859106803023,79.68621826171875,5831382
2026-02-25,79.74386448060436,80.33954417941207,79.00407522813198,79.64778900146484,4580753
2026-02-26,79.64778467131524,79.83993561914775,79.23465353639543,79.47484588623047,2860883
2026-02-27,79.89758656305423,80.79109506526818,78.9656390752656,80.68541717529297,5518175
2026-03-02,80.37797595708285,81.32913566313569,79.3691650993889,79.94562530517578,5676807
2026-03-03,79.34994276122978,79.8975883666999,77.92800812659642,78.06251525878906,5047266
2026-03-04,78.50446714197888,79.1481808836077,77.4188003540039,77.4188003540039,2722934
2026-03-05,77.10174845846055,77.90879127902218,76.83273418494001,76.99606323242188,2569189
2026-03-06,76.86154997087156,77.77427794474022,76.03528772227762,77.09213256835938,3148812
2026-03-09,76.66939933019891,76.90959167480469,75.6317666422807,76.90959167480469,4117787
2026-03-10,77.82232453542075,78.01447549112689,75.51647641650158,76.46763610839844,3899081
2026-03-11,75.90078179950493,76.40998840332031,75.39157519568953,76.40998840332031,3316235
2026-03-12,76.57332189283483,77.37076229201409,75.78549124053785,76.88076782226562,3088239
2026-03-13,76.86155380581488,77.93761819792833,75.99685985948167,77.69742584228516,3042375
2026-03-16,77.39958280308933,77.851145607233,77.21704159616138,77.44762420654297,2465656
2026-03-17,77.58212863325865,78.01447192890075,77.29389488277141,77.66859436035156,2376307
2026-03-18,77.51487813091362,77.52448787766647,74.43080913125992,74.91119384765625,4918304
2026-03-19,73.79669519372001,74.57492339139316,73.57572233679328,73.6237564086914,3498238
2026-03-20,73.77748806321361,73.91199520184495,72.88397216796875,72.88397216796875,8991828
2026-03-23,72.00966495332963,73.17220239968904,71.45242426170874,71.91358947753906,4037142
2026-03-24,72.32671713125768,73.52767884592413,72.20181975176426,73.47964477539062,2834677
2026-03-25,73.6045466274886,74.17139707281349,73.3163128664186,73.76787567138672,3237125
2026-03-26,73.70061913687765,74.13296976107377,73.09533705910958,73.21062469482422,3224145
2026-03-27,73.2202357784649,73.60454500807316,72.63416585258231,73.37396240234375,3613676
2026-03-30,73.85434613081591,75.06491029246382,73.52768072443482,75.01687622070312,3672285
2026-03-31,75.63177013582947,75.97764771444551,74.88237115885774,75.34353637695312,4256573
2026-04-01,75.9968579173979,76.01607741020804,74.29629930814082,75.31471252441406,3564269
2026-04-02,75.5164745696333,75.84313998245158,75.2282481431231,75.29550170898438,2692637
2026-04-07,75.80470456271922,76.57331565867572,75.01687397456287,75.17059326171875,3399849
2026-04-08,76.3715584372902,76.78468957727421,75.00726763272496,75.66059112548828,4750594
2026-04-09,76.17940747626294,76.17940747626294,75.13216500664785,75.8431396484375,2968752
2026-04-10,75.85273981606092,76.44841947204065,75.6605888715971,75.99685668945312,2891531
2026-04-13,75.84314151188777,75.95842915278114,75.00726946496543,75.02648162841797,2736854
2026-04-14,74.9976547607785,76.31391143798828,74.69981860137244,76.31391143798828,3174074
2026-04-15,76.40038218217066,76.42921142247141,75.3915786743164,75.3915786743164,3708448
2026-04-16,75.25706645860092,75.89117043071064,74.77668177393744,75.6509780883789,2981397
2026-04-17,75.43961344739265,76.07372479828496,74.99766038317487,75.91999816894531,5141929
2026-04-20,76.05999755859375,76.80000305175781,75.80000305175781,76.80000305175781,4757410
2026-04-21,76.69000244140625,77.0,75.36000061035156,75.36000061035156,3395261
2026-04-22,75.26000213623047,76.12000274658203,75.13999938964844,75.54000091552734,3721000
2026-04-23,79.55000305175781,81.02999877929688,79.02999877929688,79.98999786376953,8188029
2026-04-24,80.0,81.4000015258789,79.47000122070312,81.16999816894531,5711915
2026-04-27,80.8499984741211,81.25,80.16000366210938,80.4800033569336,4088902
2026-04-28,80.45999908447266,80.94000244140625,79.87000274658203,80.44000244140625,2676286
2026-04-29,80.0,80.33999633789062,78.87999725341797,79.30000305175781,2676923
2026-04-30,78.8499984741211,79.5199966430664,78.66000366210938,79.05000305175781,3375302
2026-05-04,79.80000305175781,79.8499984741211,77.91999816894531,78.16999816894531,2697081
2026-05-05,78.0,78.44000244140625,76.75,77.56999969482422,3551267
2026-05-06,78.2300033569336,78.86000061035156,78.0199966430664,78.61000061035156,2976109
2026-05-07,78.58000183105469,78.7699966430664,77.27999877929688,77.4800033569336,2587595
2026-05-08,77.0999984741211,77.4800033569336,76.77999877929688,77.47000122070312,2288288
2026-05-11,77.18000030517578,77.55999755859375,76.0999984741211,76.0999984741211,2809328
2026-05-12,75.7300033569336,77.31999969482422,75.37000274658203,77.31999969482422,2810844
2026-05-13,76.58000183105469,77.30000305175781,76.26000213623047,76.87999725341797,2880635
2026-05-15,77.31999969482422,78.06999969482422,77.16000366210938,78.06999969482422,3973225
2026-05-18,77.79000091552734,78.56999969482422,77.06999969482422,78.23999786376953,2801019
2026-05-19,79.48999786376953,80.30000305175781,78.98999786376953,79.9000015258789,3941692
2026-05-20,79.08999633789062,79.43000030517578,78.63999938964844,78.63999938964844,3323604
2026-05-21,78.36000061035156,79.0999984741211,78.20999908447266,78.80000305175781,2483395
2026-05-22,78.97000122070312,79.51000213623047,78.5,78.77999877929688,1914690
2026-05-26,79.5,80.18000030517578,79.18000030517578,79.37999725341797,2333115
2026-05-27,79.94000244140625,81.06999969482422,79.43000030517578,81.06999969482422,3346407
2026-05-28,80.63999938964844,80.80999755859375,79.0199966430664,79.83000183105469,2470129
2026-05-29,80.19999694824219,80.4800033569336,79.2699966430664,79.44000244140625,8419418
2026-06-01,79.33999633789062,79.33999633789062,77.87000274658203,77.87000274658203,2998825
2026-06-02,77.87000274658203,79.01000213623047,77.38999938964844,77.76000213623047,3253246
2026-06-03,77.97000122070312,78.66999816894531,77.0999984741211,77.27999877929688,2788350
2026-06-04,77.13999938964844,77.91999816894531,76.68000030517578,76.68000030517578,2999568
2026-06-05,76.69000244140625,77.2300033569336,76.47000122070312,76.95999908447266,3643795
2026-06-08,77.37999725341797,77.41999816894531,76.18000030517578,76.61000061035156,2917766
2026-06-09,76.31999969482422,78.16999816894531,76.2699966430664,77.7300033569336,4569485
2026-06-10,77.5,79.7300033569336,77.5,79.7300033569336,4090733
2026-06-11,79.63999938964844,80.26000213623047,79.43000030517578,79.43000030517578,2600251
2026-06-12,79.27999877929688,80.5999984741211,79.20999908447266,79.80999755859375,3441447
2026-06-15,80.0,80.41000366210938,79.04000091552734,79.11000061035156,3555063
2026-06-16,79.30999755859375,79.86000061035156,78.69000244140625,79.58000183105469,2987161
2026-06-17,79.29000091552734,79.7699966430664,78.66000366210938,79.08999633789062,3362470
2026-06-18,78.91000366210938,79.05999755859375,78.12000274658203,78.95999908447266,3023447
2026-06-19,78.81999969482422,79.37000274658203,78.27999877929688,78.77999877929688,10893613
2026-06-22,78.6500015258789,79.2699966430664,78.05000305175781,79.0,2025032
2026-06-23,79.0,80.56999969482422,78.86000061035156,80.22000122070312,3409207
2026-06-24,80.5,82.88999938964844,80.5,82.88999938964844,4932387
2026-06-25,82.48999786376953,83.58000183105469,82.33999633789062,83.51000213623047,3190019
2026-06-26,83.0199966430664,83.94999694824219,82.4000015258789,83.29000091552734,4057733
2026-06-29,83.29000091552734,84.30000305175781,82.5,84.30000305175781,3209676
2026-06-30,84.11000061035156,84.23999786376953,82.80000305175781,83.08000183105469,3660802
2026-07-01,82.68000030517578,83.22000122070312,82.0999984741211,82.87999725341797,3193172
2026-07-02,83.63999938964844,84.87000274658203,83.4800033569336,84.44999694824219,3790121
2026-07-03,84.6500015258789,84.80000305175781,83.69000244140625,84.55000305175781,3066175
2026-07-06,84.62999725341797,85.08000183105469,83.01000213623047,83.68000030517578,4267154
2026-07-07,84.30000305175781,85.58000183105469,82.66999816894531,85.12000274658203,3253031
2026-07-08,84.41000366210938,84.68000030517578,83.56999969482422,84.11000061035156,4571096
2026-07-09,83.5999984741211,83.72000122070312,82.70999908447266,83.30999755859375,4725061
2026-07-10,83.05999755859375,83.48999786376953,82.58000183105469,83.16000366210938,3657011
2026-07-13,83.5999984741211,84.23999786376953,83.13999938964844,84.16000366210938,2902366
2026-07-14,83.5999984741211,84.5,82.81999969482422,83.87999725341797,2943562
2026-07-15,83.33999633789062,84.05000305175781,82.62000274658203,83.86000061035156,3057254
2026-07-16,83.5,84.5,83.0,84.5,2377129
2026-07-17,85.23999786376953,85.87000274658203,84.91999816894531,85.55000305175781,4323622
2026-07-20,84.73999786376953,85.7300033569336,84.4800033569336,85.7300033569336,2740902
2026-07-21,84.80000305175781,85.44000244140625,84.27999877929688,84.27999877929688,3341369
2026-07-22,85.9800033569336,87.08999633789062,85.19999694824219,86.16999816894531,5152900
2026-07-23,82.0,82.04000091552734,79.29000091552734,79.29000091552734,11688885
