Date,Open,High,Low,Close,Volume
1995-04-03,5.434799454433743,5.502079699858447,5.412392178982148,5.457237720489502,0
1995-04-04,5.479671938356545,5.5020788541501995,5.457236881673781,5.464713096618652,0
1995-04-05,5.46471393658352,5.46471393658352,5.427348173308593,5.457237720489502,0
1995-04-06,5.427347339087104,5.4871545651495675,5.4198707679284475,5.464713096618652,0
1995-04-07,5.4497564692818905,5.479671299560046,5.38247303611817,5.427346706390381,0
1995-04-10,5.419872292672187,5.434800148010254,5.412392869699094,5.434800148010254,0
1995-04-11,5.41987051673288,5.442277431488037,5.412391096210583,5.442277431488037,0
1995-04-12,5.434797662585762,5.4572359212436465,5.419869814074451,5.449756145477295,0
1995-04-13,5.457236881673781,5.4871545651495675,5.457236881673781,5.464713096618652,0
1995-04-14,5.464713096618652,5.464713096618652,5.464713096618652,5.464713096618652,0
1995-04-17,5.464713096618652,5.464713096618652,5.464713096618652,5.464713096618652,0
1995-04-18,5.442278727188196,5.449758149491197,5.412392384795388,5.419871807098389,0
1995-04-19,5.404912070312846,5.404912070312846,5.008689409717344,5.360066890716553,0
1995-04-20,5.38247303611817,5.464712459565989,5.38247303611817,5.427346706390381,0
1995-04-21,5.442277431488037,5.46471284334477,5.43479836717951,5.442277431488037,0
1995-04-24,5.442277431488037,5.46471284334477,5.43479836717951,5.442277431488037,0
1995-04-25,5.524520495526887,5.546955909125375,5.487154736826277,5.517037868499756,0
1995-04-26,5.509562619345698,5.569363802130097,5.509562619345698,5.5319976806640625,0
1995-04-27,5.554402709627487,5.554402709627487,5.5245195828906235,5.539478778839111,0
1995-04-28,5.5693640966328255,5.5992817878723145,5.554404894799202,5.5992817878723145,0
1995-05-01,5.5992817878723145,5.5992817878723145,5.5992817878723145,5.5992817878723145,0
1995-05-02,5.6142398291908515,5.681495493340739,5.606763613376936,5.636646747589111,0
1995-05-03,5.6291705317751966,5.644129375251923,5.606763613376936,5.636646747589111,0
1995-05-04,5.659088506174488,5.681495424300464,5.659088506174488,5.674046993255615,0
1995-05-05,5.68149568102302,5.711413012750934,5.674047249641608,5.6964545249938965,0
1995-05-08,5.68149568102302,5.703933946979335,5.65908876188457,5.6964545249938965,0
1995-05-09,5.718891897379507,5.778696273314618,5.703933055745933,5.756258010864258,0
1995-05-10,5.793655176940325,5.860938978548999,5.793655176940325,5.8160624504089355,0
1995-05-11,5.8160622201747545,5.87586659805934,5.808582442900361,5.823541641235352,0
1995-05-12,5.890824794769287,5.905783992369888,5.860938458808093,5.890824794769287,0
1995-05-15,5.853459187427187,5.853459187427187,5.771216548300456,5.808582305908203,0
1995-05-16,5.808582305908203,5.808582305908203,5.808582305908203,5.808582305908203,0
1995-05-17,5.823541451402372,5.823541451402372,5.748778233833687,5.756258010864258,0
1995-05-18,5.756258910273377,5.756258910273377,5.40491273300961,5.6964545249938965,0
1995-05-19,5.606763301825102,5.666567325592041,5.584321831932572,5.666567325592041,0
1995-05-22,5.674048112214915,5.763738852253141,5.674048112214915,5.741300582885742,0
1995-05-23,5.748776912689209,5.7861740081788,5.748776912689209,5.748776912689209,0
1995-05-24,5.816062941758982,5.831021785736084,5.808583163556593,5.831021785736084,0
1995-05-25,5.831021785736084,5.831021785736084,5.831021785736084,5.831021785736084,0
1995-05-26,5.78617624440882,5.831021785736084,5.733851637306845,5.831021785736084,0
1995-05-29,5.786175337917621,5.831020872219159,5.73385073901308,5.756258010864258,0
1995-05-30,5.771216684411364,5.823541641235352,5.756258198503964,5.823541641235352,0
1995-05-31,5.853458156444273,5.853458156444273,5.823540478176945,5.845978736877441,0
1995-06-01,5.890825376604103,5.905784575682218,5.86838711230765,5.875866889953613,0
1995-06-02,5.845979354356235,5.883345109329408,5.845979354356235,5.868386268615723,0
1995-06-05,5.868386268615723,5.868386268615723,5.868386268615723,5.868386268615723,0
1995-06-06,5.898304894229538,5.898304894229538,5.875866630922252,5.853459358215332,0
1995-06-07,5.816062252703188,5.875866630922252,5.816062252703188,5.853459358215332,0
1995-06-08,5.8758664594803225,5.8758664594803225,5.793654810953054,5.808582305908203,0
1995-06-09,5.778697384049979,5.793655872344971,5.726372418874164,5.793655872344971,0
1995-06-12,5.77121771208583,5.808583477228509,5.74877944490848,5.778697490692139,0
1995-06-13,5.7861740081788,5.7861740081788,5.726370002201219,5.748776912689209,0
1995-06-14,5.771217179408374,5.771217179408374,5.688971681577441,5.718892574310303,0
1995-06-15,5.718892574310303,5.718892574310303,5.718892574310303,5.718892574310303,0
1995-06-16,5.688972704718792,5.703934756738311,5.636647733996437,5.6590895652771,0
1995-06-19,5.666567384533906,5.726371765136719,5.659088319347165,5.726371765136719,0
1995-06-20,5.786175727844238,5.786175727844238,5.786175727844238,5.786175727844238,0
1995-06-21,5.816062083006189,5.831020924774588,5.80113458805104,5.808582305908203,0
1995-06-22,5.816062252703188,5.853459358215332,5.793654979996269,5.853459358215332,0
1995-06-23,5.875866134644003,5.890824619371663,5.8160617614760435,5.838500022888184,0
1995-06-26,5.838501207724634,5.838501207724634,5.808583163556593,5.831021785736084,0
1995-06-27,5.816062252703188,5.8609387793177605,5.808582475386962,5.853459358215332,0
1995-06-28,5.853459311978119,5.913260483800629,5.84597989093477,5.928191184997559,0
1995-06-29,5.98054501659253,6.002955142918033,5.950627326965332,5.950627326965332,0
1995-06-30,5.950626489445067,5.950626489445067,5.905784514059915,5.935670852661133,0
1995-07-03,5.913261531757341,5.920744160050921,5.831022082230193,5.898305892944336,0
1995-07-04,5.9057842686814315,5.928191184997559,5.87586658450804,5.928191184997559,0
1995-07-05,5.943149904440159,5.943149904440159,5.905784146808424,5.920742988586426,0
1995-07-06,5.943150027084254,5.943150027084254,5.9057842686814315,5.928191184997559,0
1995-07-07,5.950626291228448,5.973067760467529,5.9356706549426885,5.973067760467529,0
1995-07-10,6.017910366219034,6.017910366219034,5.928191505374461,6.010434150695801,0
1995-07-11,5.913260516360273,5.973067744146601,5.8833456817325205,5.958108901977539,0
1995-07-12,5.965585762901741,6.017910366219034,5.965585762901741,6.010434150695801,0
1995-07-13,6.040352443950809,6.055276379393043,6.025393599551316,6.032869815826416,0
1995-07-14,6.040353865653781,6.085196212877132,6.010436169813142,6.0179123878479,0
1995-07-17,6.040352906784657,6.047829123632612,6.002955436706543,6.002955436706543,0
1995-07-18,5.98054397564832,6.010433875391992,5.943150076047657,5.973067760467529,0
1995-07-19,5.928191062662157,5.943149904440159,5.823541507628896,5.920742988586426,0
1995-07-20,5.890826114361616,5.920744160050921,5.86838784725503,5.898305892944336,0
1995-07-21,5.920742971832107,6.137521502174198,5.890824932146977,5.9057841300964355,0
1995-07-24,5.8983057582271,5.920744024821197,5.89082597981522,5.8833465576171875,0
1995-07-25,5.8983057582271,5.9057851804251325,5.868387713221123,5.8833465576171875,0
1995-07-26,5.898305892944336,5.913261531757341,5.890826114361616,5.898305892944336,0
1995-07-27,5.875867543603232,5.9506272135013765,5.8683877651251946,5.943150997161865,0
1995-07-28,5.9655860796326605,6.002954691749361,5.950626879729502,5.980544567108154,0
1995-07-31,5.973067760467529,5.98054397564832,5.943150076047657,5.973067760467529,0
1995-08-01,5.973067760467529,5.973067760467529,5.973067760467529,5.973067760467529,0
1995-08-02,6.010434150695801,6.010434150695801,6.010434150695801,6.010434150695801,0
1995-08-03,5.972910735778384,5.995443394653261,5.957889556884766,5.957889556884766,2673545
1995-08-04,5.9729123247043665,6.002642647129142,5.9729123247043665,5.980423450469971,0
1995-08-07,5.987934576235574,5.995444989573428,5.980423450469971,5.980423450469971,0
1995-08-08,5.987933128942787,6.010151607803968,5.950378934047175,5.9729108810424805,0
1995-08-09,5.987933128942787,5.987933128942787,5.950378934047175,5.9729108810424805,0
1995-08-10,5.9879338853192605,5.9879338853192605,5.950379685679924,5.995444297790527,0
1995-08-11,6.002641029985911,6.040194511413574,5.980421839312707,6.040194511413574,4693026
1995-08-14,6.025173957617433,6.092457044034865,6.025173957617433,6.084946632385254,0
1995-08-15,6.114989785265268,6.159741642543597,6.114989785265268,6.130012035369873,0
1995-08-16,6.182273412150236,6.197294235229492,6.159740752676194,6.197294235229492,0
1995-08-17,6.212002032410807,6.212002032410807,6.182272434234619,6.182272434234619,0
1995-08-18,6.189783823689864,6.212003015029071,6.182273412150236,6.197294235229492,0
1995-08-21,6.219516567329084,6.2645804790166535,6.219516567329084,6.257070064544678,0
1995-08-22,6.279286674971703,6.324351280502418,6.272088306869856,6.309329032897949,0
1995-08-23,6.331861399056543,6.331861399056543,6.2792863845825195,6.2792863845825195,0
1995-08-24,6.2645804790166535,6.286799679031071,6.242048523172869,6.257070064544678,0
1995-08-25,6.279286674971703,6.3168401567001835,6.24955636031828,6.309329032897949,0
1995-08-28,6.324350988029196,6.324350988029196,6.2792863845825195,6.2792863845825195,0
1995-08-29,6.286797101388273,6.481137367196731,6.272088321876563,6.316840171813965,0
1995-08-30,6.443897247314453,6.45891878394051,6.443897247314453,6.443897247314453,0
1995-08-31,6.466428286513637,6.5262016688799624,6.466428286513637,6.496158599853516,0
1995-09-01,6.526201975689036,6.54122351090845,6.511180440469622,6.533712387084961,0
1995-09-04,6.541224043443832,6.6081943773395055,6.541224043443832,6.593486309051514,0
1995-09-05,6.630727576526568,6.682989846377114,6.630727576526568,6.660769939422607,0
1995-09-06,6.72805447689869,6.742763260404263,6.690500984883493,6.69801139831543,0
1995-09-07,6.608195630779464,6.997189023720528,6.608195630779464,6.69801139831543,0
1995-09-08,6.720544063466754,6.720544063466754,6.675479445591863,6.69801139831543,0
1995-09-11,6.69801139831543,6.69801139831543,6.69801139831543,6.69801139831543,0
1995-09-12,6.720542204764605,6.728052616119385,6.713031080982264,6.728052616119385,7877409
1995-09-13,6.757782541344732,6.8100447994002264,6.750271417995145,6.802846431732178,0
1995-09-14,6.8028470812258,6.8325773969260375,6.765293598175049,6.765293598175049,0
1995-09-15,6.7953385526125105,6.7953385526125105,6.742763519287109,6.742763519287109,0
1995-09-18,6.742763044317574,6.742763044317574,6.668281574246219,6.7130327224731445,0
1995-09-19,6.713032968130341,6.892351748231553,6.713032968130341,6.750273704528809,0
1995-09-20,6.787826485351482,6.7953368972422075,6.728053096237096,6.75778341293335,0
1995-09-21,6.713030774350646,6.720541897789901,6.675477294436959,6.6904988288879395,0
1995-09-22,6.623215846347894,6.623215846347894,6.526202440555257,6.55593204498291,0
1995-09-25,6.570953581272319,6.570953581272319,6.541223976844666,6.55593204498291,0
1995-09-26,6.593484855638945,6.638235986947074,6.593484855638945,6.6081929206848145,0
1995-09-27,6.548421421647723,6.570953369140625,6.53371264155671,6.570953369140625,0
1995-09-28,6.570954086388292,6.570954086388292,6.518691817295262,6.541224479675293,0
1995-09-29,6.533713129849356,6.585975397143521,6.533713129849356,6.578464984893799,0
1995-10-02,6.593486521820889,6.608194590583506,6.578464984893799,6.578464984893799,0
1995-10-03,6.593486558838484,6.638237701706526,6.555932360096096,6.600996971130371,2562640
1995-10-04,6.593486558838484,6.638237701706526,6.578465021827059,6.600996971130371,0
1995-10-05,6.623215198516846,6.675477458480536,6.623215198516846,6.623215198516846,0
1995-10-06,6.623217622369651,6.690501441776853,6.623217622369651,6.682991027832031,0
1995-10-09,6.682989810177083,6.698010635329899,6.638237953186035,6.638237953186035,0
1995-10-10,6.660768679353374,6.682988582104369,6.59348559699711,6.623215198516846,0
1995-10-11,6.623215713821122,6.675477977850959,6.615705302040505,6.645747661590576,0
1995-10-12,6.668282043969177,6.742763519287109,6.668282043969177,6.742763519287109,0
1995-10-13,6.7878254086611145,6.862619609693037,6.7878254086611145,6.847598075866699,0
1995-10-16,6.787827578875181,6.862621803820421,6.787827578875181,6.907372951507568,3920324
1995-10-17,6.944611621822474,7.004384290371364,6.944611621822474,6.982165813446045,0
1995-10-18,6.959633908855627,7.056960779556576,6.952123497174972,7.034428119659424,0
1995-10-19,7.05696104504512,7.079180237637454,7.00438531159222,7.049449920654297,0
1995-10-20,7.071982383728028,7.1242446475676156,7.064471971974751,7.071982383728027,0
1995-10-23,7.026917063475737,7.041938597886878,6.862619876861572,6.862619876861572,0
1995-10-24,6.914884612358414,7.011898040771484,6.847600795304991,7.011898040771484,0
1995-10-25,7.101711987452584,7.109222399205861,7.071982383728028,7.071982383728027,0
1995-10-26,7.071982610480416,7.086690678742409,6.937102250892044,7.064472198486328,0
1995-10-27,6.99718583355246,6.99718583355246,6.899859696957646,6.914881229400635,0
1995-10-30,6.99718828277406,6.99718828277406,6.959634794735479,6.967145919799805,0
1995-10-31,6.997187338594363,7.026917654231641,6.974655391297144,7.004384994506836,0
1995-11-01,6.9896769269711525,7.011896118557633,6.937101908325919,7.004384994506836,0
1995-11-02,6.997187142775302,7.1392658600669785,6.997187142775302,7.026917457580566,0
1995-11-03,7.086689472198486,7.086689472198486,7.034427215581096,7.086689472198486,0
1995-11-06,7.109222627152294,7.124244875995713,7.064472198486328,7.064472198486328,0
1995-11-07,7.086690678742409,7.101712215158206,7.064472198486328,7.064472198486328,0
1995-11-08,7.071982063341438,7.079179719052482,7.0269174575805655,7.026917457580566,0
1995-11-09,7.094201575699306,7.109222399205861,6.869818228690649,7.071982383728027,0
1995-11-10,7.0644723968829055,7.071982809087913,7.041939735412598,7.041939735412598,0
1995-11-13,7.04194112035539,7.0569626601473425,6.997189256776006,7.011898040771484,0
1995-11-14,7.04194112035539,7.04194112035539,7.011898040771484,7.011898040771484,0
1995-11-15,6.989678597981,7.019408920725853,6.967146645297109,6.97465705871582,0
1995-11-16,7.011896450415478,7.056961059570312,6.862620778597893,7.0569610595703125,701041
1995-11-17,7.094200862195446,7.101711273193359,7.079179327772093,7.101711273193359,1364080
1995-11-20,7.176507758321304,7.221258903261187,7.168996633254024,7.206550121307373,2028361
1995-11-21,7.2065482792919475,7.273832069808047,7.2065482792919475,7.266321659088135,0
1995-11-22,7.355826150846329,7.3633365631103525,7.333606957364034,7.363336563110352,3382559
1995-11-23,7.385867385167076,7.400888919830321,7.355825028268123,7.400888919830322,0
1995-11-24,7.385867850626697,7.4231085777282715,7.378357439035535,7.4231085777282715,0
1995-11-27,7.445642045149657,7.497903601103516,7.445642045149657,7.475685119628906,0
1995-11-28,7.46817445755005,7.46817445755005,7.46817445755005,7.468174457550049,0
1995-11-29,7.497904803283002,7.520437468969053,7.482883976062668,7.512927055358887,2320589
1995-11-30,7.542656653491877,7.542656653491877,7.482883963223256,7.505415916442871,0
1995-12-01,7.520437468969053,7.849344712548947,7.4903943896728356,7.512927055358887,0
1995-12-04,7.512927055358886,7.527948595006995,7.482883976062668,7.512927055358887,0
1995-12-05,7.535459008617162,7.5651893321199,7.520437468969053,7.512927055358887,0
1995-12-06,7.497903227290959,7.5952301025390625,7.490392815259414,7.5952301025390625,0
1995-12-07,7.632472423005165,7.647493962627499,7.453153639771531,7.505415916442871,0
1995-12-08,7.632472423005165,7.520437456065205,7.460664765796585,7.505415916442871,0
1995-12-11,7.550164699554443,7.550164699554443,7.550164699554443,7.550164699554443,0
1995-12-12,7.602741718292236,7.6249609125225755,7.580209055886274,7.602741718292236,0
1995-12-13,7.624959930740115,7.624959930740115,7.572697668316178,7.617448806762695,0
1995-12-14,7.602740961707821,7.617449029529946,7.572697889774712,7.5802083015441895,0
1995-12-15,7.550165980963438,7.602741718292236,7.520436374216226,7.602741718292236,0
1995-12-18,7.595229319612373,7.624959633801423,7.557675838470459,7.557675838470459,0
1995-12-19,7.438129722181746,7.535456586604725,7.438129722181746,7.4979023933410645,0
1995-12-20,7.587718575924373,7.699753503050673,7.587718575924373,7.66251277923584,0
1995-12-21,7.655006151581645,7.722290695907794,7.655006151581645,7.6772260665893555,0
1995-12-22,7.729797363281249,7.729797363281249,7.729797363281249,7.72979736328125,0
1995-12-25,7.729797363281249,7.729797363281249,7.729797363281249,7.72979736328125,0
1995-12-26,7.729797363281249,7.729797363281249,7.729797363281249,7.72979736328125,0
1995-12-27,7.767038634298362,7.82681131362915,7.767038634298362,7.82681131362915,0
1995-12-28,7.841834099082655,7.894096374511719,7.841834099082655,7.894096374511719,0
1995-12-29,7.894096374511719,7.894096374511719,7.894096374511719,7.894096374511719,0
1996-01-01,7.894096374511719,7.894096374511719,7.894096374511719,7.894096374511719,0
1996-01-02,7.894096374511719,7.894096374511719,7.894096374511719,7.894096374511719,0
1996-01-03,8.073725501942597,8.170739610455472,8.073725501942597,8.148207664489746,0
1996-01-04,8.110967663173412,8.155718803405762,8.021151202133332,8.155718803405762,2751793
1996-01-05,8.118478952562349,8.148209272309199,8.043684019564273,8.05119514465332,0
1996-01-08,8.066216646045692,8.095946253230851,7.998932838439941,7.998932838439941,0
1996-01-09,7.983910168642116,7.983910168642116,7.819300213834519,7.841832160949707,0
1996-01-10,7.759526884505504,7.77454770636214,7.624959299739206,7.66251277923584,0
1996-01-11,7.527946764622467,7.6174490443065555,7.520435640410819,7.587719440460205,0
1996-01-12,7.609938336882695,7.624959872294815,7.527946472167969,7.527946472167969,0
1996-01-15,7.5354588675141265,7.5354588675141265,7.28854351639375,7.355827331542969,4371484
1996-01-16,7.385869109589346,7.46817445755005,7.266323740606882,7.468174457550049,0
1996-01-17,7.475686318245981,7.550167080044015,7.430621699301655,7.512927055358887,0
1996-01-18,7.774548715912521,7.774548715912521,7.774548715912521,7.714776039123535,0
1996-01-19,7.609938572220446,7.8865834695822645,7.5877193803342085,7.774548530578613,0
1996-01-22,7.804278082594132,7.931647300720215,7.804278082594132,7.931647300720215,0
1996-01-23,7.88658450937572,7.88658450937572,7.78206068074343,7.849343776702881,0
1996-01-24,7.9016077618392995,7.953870038997833,7.886585509649152,7.909118175506592,0
1996-01-25,7.879074573516847,7.938847260379118,7.871564160347573,7.879074573516846,0
1996-01-26,7.871563842172255,7.8940957931970495,7.684733951112522,7.7670392990112305,0
1996-01-29,7.752016544342041,7.752016544342041,7.677222333474055,7.752016544342041,0
1996-01-30,7.78957109345816,7.8790740966609905,7.572698842867276,7.849343776702881,0
1996-01-31,7.894094690162381,7.938845830196456,7.849342837700701,7.85685396194458,0
1996-02-01,7.92413854598999,7.92413854598999,7.92413854598999,7.92413854598999,0
1996-02-02,7.886584281921387,7.886584281921387,7.886584281921387,7.886584281921387,0
1996-02-05,7.841833064036583,7.841833064036583,7.7820603830781785,7.8117899894714355,0
1996-02-06,7.879074573516847,7.879074573516847,7.879074573516847,7.879074573516846,0
1996-02-07,7.879074573516847,7.909117651049409,7.849344251759403,7.879074573516846,0
1996-02-08,7.90911791377699,7.841834099082655,7.8643667641944415,7.894096374511719,0
1996-02-09,7.894096374511719,7.894096374511719,7.894096374511719,7.894096374511719,0
1996-02-12,7.879074159591622,7.916628360748291,7.879074159591622,7.916628360748291,0
1996-02-13,7.931648922279971,7.961379241485917,7.894095434801026,7.901606559753418,0
1996-02-14,7.901606094188805,7.938846111297607,7.886583845169135,7.938846111297607,0
1996-02-15,7.938844956025155,7.938844956025155,7.879072286512685,7.931647300720215,0
1996-02-16,7.938847588188573,8.01364252933328,7.938847588188573,7.96889066696167,0
1996-02-19,7.953868360317277,7.953868360317277,7.9166276307808445,7.938846111297607,1386710
1996-02-20,7.909118175506592,7.909118175506592,7.909118175506592,7.909118175506592,0
1996-02-21,7.909115355324853,7.938844956025155,7.8865826975019635,7.931647300720215,0
1996-02-22,7.9914207458496085,7.9914207458496085,7.9914207458496085,7.991420745849609,0
1996-02-23,7.976399590461586,8.141009541830668,7.976399590461586,8.125988006591797,0
1996-02-26,8.14821056224711,8.14821056224711,8.118480237793671,8.141012191772461,0
1996-02-27,8.148208522612565,8.268066632978648,8.133499741969443,8.2605562210083,0
1996-02-28,8.380101973967848,8.477115376633751,8.380101973967848,8.439874649047852,0
1996-02-29,8.43987604454241,8.447387169900772,8.402635310798928,8.417344093322754,0
1996-03-01,8.45489624217153,8.537200865303605,8.45489624217153,8.499648094177246,0
1996-03-04,8.529690515939702,8.566931244050402,8.522180104145027,8.537200927734375,0
1996-03-05,8.604486630883018,8.611684287955734,8.492138207142254,8.529691696166992,0
1996-03-06,8.581952836747607,8.61168315325999,8.551909764515282,8.59697437286377,0
1996-03-07,9.83029941952321,10.316306114196777,9.583696888063827,10.316306114196777,0
1996-03-08,10.48060626910944,10.585443578882908,9.97989065341112,10.091925621032715,0
1996-03-11,9.680711094171652,9.942647938610442,9.680711094171652,9.71826457977295,0
1996-03-12,9.680710423616489,10.757249064896778,9.680710423616489,9.987399101257324,0
1996-03-13,9.97237800435389,10.009932204116803,9.897583785430488,9.96486759185791,0
1996-03-14,10.00241869386078,10.009929816993212,9.942646026611328,9.942646026611328,0
1996-03-15,9.942648610797024,9.957357392784836,9.830300902130352,9.949846267700195,0
1996-03-18,9.830298731151904,9.897581811734609,9.75550381471583,9.867852210998535,0
1996-03-19,9.905093239077944,9.964865910496336,9.875362925002129,9.957355499267578,0
1996-03-20,9.942649381201687,10.017130851745605,9.935138967962788,10.017130851745605,0
1996-03-21,10.091923580744877,10.301285402170212,10.091923580744877,10.211469650268555,0
1996-03-22,10.398613259728652,10.540378535697613,10.398613259728652,10.488116264343262,0
1996-03-25,10.585438917340413,11.063935124760022,10.50313430959616,10.533177375793457,0
1996-03-26,10.495625708460578,10.547887974991275,10.443363441929883,10.48060417175293,0
1996-03-27,10.540377616882324,10.562909565845482,10.503136886868377,10.540377616882324,0
1996-03-28,10.54037805557589,10.570421130395594,10.286264367451261,10.458385467529297,0
1996-03-29,10.435849414054458,10.435849414054458,10.204268479320458,10.428339004516602,0
1996-04-01,10.443359823592314,10.473090130974619,10.391097575169052,10.428339004516602,0
1996-04-02,10.413321259716252,10.428343510137184,10.368570113923269,10.383591651916504,0
1996-04-03,10.323818342963568,10.323818342963568,10.166718071279824,10.204272270202637,0
1996-04-04,10.16671798333949,10.226491375416753,10.136988377597197,10.151697158813477,0
1996-04-05,10.151697158813477,10.151697158813477,10.151697158813477,10.151697158813477,0
1996-04-08,10.151697158813477,10.151697158813477,10.151697158813477,10.151697158813477,0
1996-04-09,10.039663516317786,10.047173929556685,9.994911655379186,10.017130851745605,0
1996-04-10,10.084413063382355,10.129477672942528,10.047172334024376,10.062193870544434,0
1996-04-11,9.9276256123529,9.964866339259848,9.87536334991455,9.87536334991455,0
1996-04-12,9.89007279675043,9.912604745353356,9.493881818618839,9.845321655273438,0
1996-04-15,9.845321655273438,9.845321655273438,9.845321655273438,9.845321655273438,0
1996-04-16,9.942646173304679,10.099432945251465,9.90509269437096,10.099432945251465,0
1996-04-17,10.159206225324516,10.278752281215576,10.099433553592762,10.226490020751953,0
1996-04-18,10.30128380399575,10.323816461729004,10.218978476987798,10.256532669067383,0
1996-04-19,10.234002876622988,10.368569777826682,10.211470214149681,10.29377555847168,0
1996-04-22,10.353545673468338,10.36856720725051,10.16671583684647,10.331326484680176,0
1996-04-23,10.331326872688408,10.331326872688408,10.241511134721053,10.256532669067383,0
1996-04-24,10.241510750085984,10.353545673468338,10.241510750085984,10.331326484680176,0
1996-04-25,10.35354781239441,10.391101298394219,10.32381820678711,10.32381820678711,0
1996-04-26,10.286261558532715,10.323815748016077,10.26404237044615,10.286261558532715,0
1996-04-29,10.196761057246812,10.256534449324075,10.091923766736214,10.151697158813477,0
1996-04-30,10.151698376486426,10.181741453997345,10.129479180341995,10.13698959350586,0
1996-05-01,10.13698959350586,10.13698959350586,10.13698959350586,10.13698959350586,0
1996-05-02,10.09943304291305,10.121964988005663,9.86785206653655,9.972375869750977,0
1996-05-03,9.86785642143428,9.86785642143428,9.778039932250977,9.778039932250977,0
1996-05-06,9.710754570270762,9.755505714144183,9.643470764160156,9.643470764160156,0
1996-05-07,9.695731295261673,9.86034124025177,9.576185241814299,9.583696365356445,0
1996-05-08,9.64346918627227,9.64346918627227,9.486369649946552,9.508901596069336,0
1996-05-09,9.501392339192684,9.523924288052948,9.434108535916689,9.45664119720459,0
1996-05-10,9.45663859862675,9.710751492759675,9.396865223920013,9.493879318237305,0
1996-05-13,9.635957717895508,9.643468128303299,9.598716996661738,9.635957717895508,0
1996-05-14,9.688222920962481,9.82278982492991,9.613427987643666,9.740485191345215,0
1996-05-15,9.79305903089677,9.815278222957643,9.733285642635288,9.747994422912598,0
1996-05-16,9.747994422912598,9.747994422912598,9.747994422912598,9.747994422912598,0
1996-05-17,9.710755737278417,9.905096054077148,9.710755737278417,9.905096054077148,0
1996-05-20,10.032150268554688,10.032150268554688,10.032150268554688,10.032150268554688,0
1996-05-21,10.032148586355229,10.106942784314423,10.017127053146012,10.024638175964355,0
1996-05-22,9.994906799850177,9.994906799850177,9.755501985854021,9.920112609863281,0
1996-05-23,9.882561718186274,9.9276256123529,9.852831402831237,9.87536334991455,0
1996-05-24,9.860343455940553,9.905095314277316,9.830301092303854,9.890073776245117,0
1996-05-27,9.890073776245117,9.890073776245117,9.890073776245117,9.890073776245117,0
1996-05-28,9.890071400736293,9.897581811734609,9.867852210998535,9.867852210998535,0
1996-05-29,9.867853013574566,9.867853013574566,9.747994196545143,9.755504608154297,0
1996-05-30,9.643468679962664,9.740482784058258,9.643468679962664,9.703241348266602,4148959
1996-05-31,9.695730937429175,9.763014728998051,9.695730937429175,9.703241348266602,2372532
1996-06-03,9.62844757904937,9.680709838867188,9.62844757904937,9.680709838867188,0
1996-06-04,9.718267237162662,9.785551058881682,9.703245696329084,9.778039932250977,944573
1996-06-05,9.79305800698999,9.882560989737978,9.79305800698999,9.867852210998535,0
1996-06-06,9.927628006594484,9.942649545748623,9.882564101559815,9.905096054077148,0
1996-06-07,9.91260659116201,9.942649669845265,9.733287811279297,9.733287811279297,0
1996-06-10,9.83029962372627,9.867853106982695,9.800569307863208,9.808079719543457,0
1996-06-11,9.778035744777428,9.867852195496562,9.755503799390352,9.86034107208252,0
1996-06-12,9.88256181959706,10.032150240175401,9.852831503936944,9.987399101257324,0
1996-06-13,9.964866259866998,10.054682004204476,9.964866259866998,10.047171592712402,0
1996-06-14,10.04717078509208,10.062192319296326,9.964865458862612,9.972375869750977,0
1996-06-17,9.979890116473646,10.017130851745605,9.927627842296147,10.017130851745605,0
1996-06-18,10.084413850060143,10.181740733090752,10.077215480753113,10.166718482971191,0
1996-06-19,10.196760054229204,10.338525305490446,10.166716983277109,10.316306114196777,0
1996-06-20,10.368568541302865,10.503136138886113,10.361057417231626,10.46589469909668,0
1996-06-21,10.488117355662643,10.652727355448173,10.473095816005515,10.645216941833496,0
1996-06-24,10.689968002861512,10.817025221079481,10.689968002861512,10.809826850891113,0
1996-06-25,10.742541453390634,10.742541453390634,10.660236110092526,10.682456016540527,0
1996-06-26,10.65272313709521,10.712495803833008,10.547885869231076,10.712495803833008,0
1996-06-27,10.742540971441096,10.742540971441096,10.63770368308104,10.652725219726562,0
1996-06-28,10.682458660683587,10.712501030330953,10.66023874873567,10.697480201721191,0
1996-07-01,10.727521440816508,10.749739924091623,10.68996723846036,10.742542266845703,0
1996-07-02,10.802314147123997,10.809824559083344,10.667746543884277,10.667746543884277,0
1996-07-03,10.62268498856169,10.645216941833496,10.585443538998648,10.645216941833496,0
1996-07-04,10.637702036210007,10.757248086977151,10.630191625263782,10.689964294433594,4798249
1996-07-05,10.68245491928531,10.68245491928531,10.428341971219137,10.518157005310059,0
1996-07-08,10.383590077017756,10.749737961838889,10.361057417231626,10.46589469909668,0
1996-07-09,10.495626407904027,10.67525863647461,10.495626407904027,10.67525863647461,0
1996-07-10,10.757252897621356,10.757252897621356,10.66023874873567,10.697480201721191,0
1996-07-11,10.727518388623054,10.839553314994806,10.704985731134812,10.817021369934082,0
1996-07-12,10.764760306439063,10.802313789848993,10.675257315198493,10.79480266571045,0
1996-07-15,10.749741770888633,10.779784852963841,10.697480201721191,10.697480201721191,0
1996-07-16,10.465894742018989,10.518157005310059,10.38359011960252,10.518157005310059,0
1996-07-17,10.450873875809378,10.555397689535257,10.428341928450838,10.46589469909668,0
1996-07-18,10.518158592969796,10.562910451341468,10.435853958129883,10.435853958129883,0
1996-07-19,10.55539838713128,10.577931048406573,10.465895390777538,10.48060417175293,3014565
1996-07-22,10.480605600521137,10.480605600521137,10.13698959350586,10.13698959350586,0
1996-07-23,10.136987939389806,10.24902288158292,10.136987939389806,10.17422866821289,0
1996-07-24,9.994907744404358,10.07721235175967,9.89758089159392,9.912602424621582,0
1996-07-25,9.97988754059997,10.077213693945836,9.949844470543201,10.009930610656738,0
1996-07-26,10.077214694636865,10.121966548468686,10.054682746070592,10.062193870544434,0
1996-07-29,10.062196009827884,10.15169902409278,10.062196009827884,10.091925621032715,0
1996-07-30,10.017128732826647,10.054682215932953,10.002419952810468,10.032150268554688,0
1996-07-31,10.009931048571852,10.024639828546421,9.920115302597134,9.987399101257324,0
1996-08-01,9.987399101257324,9.987399101257324,9.987399101257324,9.987399101257324,0
1996-08-02,10.308796882629395,10.308796882629395,10.308796882629395,10.308796882629395,0
1996-08-05,10.391102265409543,10.391102265409543,10.338527237631551,10.361059188842773,2567796
1996-08-06,10.353545980817193,10.525667044437714,10.353545980817193,10.420829772949219,3989884
1996-08-07,10.533179253514147,10.57041998102872,10.495625057859112,10.518157005310059,4467493
1996-08-08,10.510646077274854,10.525667612313383,10.45087340524581,10.495624542236328,2223482
1996-08-09,10.47309424919227,10.47309424919227,10.391101661145676,10.458385467529297,2004203
1996-08-12,10.428341821868763,10.443362645002544,10.376079559326172,10.376079559326172,1522154
1996-08-13,10.435851794139166,10.435851794139166,10.376079122545812,10.398611068725586,1685431
1996-08-14,10.368569798031675,10.57042121887207,10.368569798031675,10.57042121887207,2904615
1996-08-15,10.64521597460315,10.652726387535427,10.562910625974808,10.637704849243164,4750841
1996-08-16,10.675260773774083,10.779784622300228,10.63770656576973,10.70499038696289,4826560
1996-08-19,10.757248712394714,10.862085990619589,10.742539932902135,10.824532508850098,4023685
1996-08-20,10.817024348517785,11.018875067462021,10.779782902271418,10.92186164855957,9024026
1996-08-21,10.899329906980851,10.959102597121584,10.84706763042133,10.869600296020508,5856734
1996-08-22,10.929370653390468,10.996654455179092,10.914349117006477,10.936881065368652,3932880
1996-08-23,10.974123721468724,11.018875582753697,10.936882985908527,10.9443941116333,4188824
1996-08-26,10.914347905788407,10.966610165393247,10.914347905788407,10.95158863067627,1916597
1996-08-27,10.936883218421032,11.02638623046602,10.936883218421032,10.97412395477295,3751699
1996-08-28,10.862089127244866,10.914351403598618,10.809826850891113,10.809826850891113,4379219
1996-08-29,10.7497382422147,10.824533167028374,10.720008638148686,10.735030174255371,4685244
1996-08-30,10.689966706002531,10.720009781419943,10.615172485639787,10.67525863647461,3423760
1996-09-02,10.704989542392564,10.817025221079481,10.689968002861512,10.809826850891113,2308224
1996-09-03,10.764762422526747,10.779783248901367,10.660237162461994,10.779783248901367,2754467
1996-09-04,10.794802149118878,10.83204287503224,10.749737543726997,10.772270202636719,2531703
1996-09-05,10.794805311360061,10.809826850891113,10.764762944725728,10.809826850891113,1766879
1996-09-06,10.779782642834283,10.87710952758789,10.772272230069227,10.87710952758789,2672924
1996-09-09,10.936881543839503,10.966611862182617,10.899328057450434,10.966611862182617,1758094
1996-09-10,11.018872002451472,11.063935892446773,10.9368794322477,10.9816312789917,3822835
1996-09-11,11.011674788379334,11.03389469245334,10.944391702016928,10.959099769592285,2987734
1996-09-12,10.959099861752268,11.048915608655562,10.929370258212375,11.011674880981445,3239620
1996-09-13,11.01887429332218,11.131221998416693,11.011675924220198,11.123711585998535,2933547
1996-09-16,11.145931030452594,11.175974105655802,11.108690298413295,11.1609525680542,2435599
1996-09-17,11.160948698665662,11.175970231059452,11.048913073210835,11.108686447143555,2998762
1996-09-18,11.138420046969605,11.138420046969605,11.033896218787332,11.041406631469727,2879312
1996-09-19,11.033895039278027,11.108689252062472,11.018873503091333,11.04891586303711,2546074
1996-09-20,11.071450467155639,11.153442350492124,11.063939341529887,11.101180076599121,2938703
1996-09-23,11.093666353285048,11.108687887626706,10.877106909131793,10.90683650970459,3952502
1996-09-24,10.95159007322456,10.96661160992018,10.914349343431333,10.929370880126953,2352003
1996-09-25,10.96661172780868,11.08615779876709,10.951590190951581,11.08615779876709,3309466
1996-09-26,11.123712312006212,11.183484996791794,11.108690773761827,11.13122272491455,3446438
1996-09-27,11.160953045639069,11.198506535036179,11.13122272491455,11.13122272491455,3016140
1996-09-30,11.15343871631507,11.258275985717773,11.131219527309385,11.258275985717773,2882224
1996-10-01,11.250769205108993,11.34027221378685,11.220726127556915,11.325563430786133,4624182
1996-10-02,11.3402697873464,11.392844805599367,11.295517936369013,11.30302906036377,3876640
1996-10-03,11.325563430786133,11.325563430786133,11.235747666332955,11.325563430786133,2144660
1996-10-04,11.303030577525265,11.385335922241211,11.243257182962797,11.385335922241211,4470119
1996-10-07,11.415064253775423,11.415064253775423,11.318050850498963,11.340270042419434,2906382
1996-10-08,11.310541177771135,11.362802732478285,11.243256661327415,11.355292320251465,2795764
1996-10-09,11.325561036184142,11.407553614351876,11.318050624597943,11.347780227661133,3482865
1996-10-10,11.318053245544434,11.333074784622989,11.272988628308767,11.318053245544434,2349998
1996-10-11,11.310540951830001,11.400355990732374,11.310540951830001,11.362802505493164,1905426
1996-10-14,11.392843681967413,11.422573994450685,11.32555989049686,11.370311737060547,1856442
1996-10-15,11.407556026289837,11.407556026289837,11.272988401283863,11.325563430786133,4782494
1996-10-16,11.243257931663846,11.26579059574548,11.1534421683917,11.168463706970215,3293091
1996-10-17,11.138418531361795,11.243255813461362,11.108688928004689,11.190994262695312,2999240
1996-10-18,11.213213920593262,11.250767405312024,11.183483603572496,11.213213920593262,3187438
1996-10-21,11.235746573298215,11.258278523056456,11.145930817582482,11.175973892211914,2329278
1996-10-22,11.101180304709764,11.123712969622293,11.071450694655388,11.093669891357422,4256856
1996-10-23,11.063939722605026,11.101180458956943,10.951592001975097,10.97412395477295,3778721
1996-10-24,10.989146487295685,11.048919181847612,10.959103405898128,11.03389835357666,2104223
1996-10-25,10.97412136305419,11.048915573881231,10.944391759607864,11.01887321472168,2091858
1996-10-28,11.03389835357666,11.07145184910969,10.989146487295685,11.03389835357666,1659603
1996-10-29,10.929371131532749,10.989143811530528,10.906838469757187,10.966611862182617,3506640
1996-10-30,10.974121794389298,11.026384059793934,10.936881065368652,10.936881065368652,1850522
1996-10-31,10.951591257004704,10.974123208269845,10.91435052318605,10.92186164855957,1731168
1996-11-01,10.951589846027122,10.989143330773288,10.929370653390468,10.936881065368652,1770268
1996-11-04,10.94439434430549,10.99665661999856,10.929372804964336,10.97412395477295,1179272
1996-11-05,11.018875012487474,11.13122272491455,11.00416623000734,11.13122272491455,3825795
1996-11-06,11.175973741660517,11.288008689880371,11.175973741660517,11.288008689880371,4039583
1996-11-07,11.235745218646766,11.265788289654017,11.153439885297804,11.25076675415039,5842030
1996-11-08,11.272985945484852,11.280497069450453,11.22072368314314,11.25076675415039,3203050
1996-11-11,11.258277209386382,11.325561007492874,11.258277209386382,11.30302906036377,1954456
1996-11-12,11.325562176447447,11.355292494931483,11.288008689880371,11.288008689880371,2303927
1996-11-13,11.31054088573491,11.333072834261241,11.250767495488994,11.265789031982422,2254562
1996-11-14,11.288006038283452,11.310538694872811,11.213211838459438,11.272984504699707,2321162
1996-11-15,11.340271309506573,11.385335922241211,11.272987502368839,11.385335922241211,5783021
1996-11-18,11.36280309836288,11.385335760624184,11.213214661060313,11.228236198425293,3001722
1996-11-19,11.198506784127241,11.205704441431426,11.101179895351976,11.168463706970215,3953791
1996-11-20,11.190995391728773,11.198505804146933,11.086158099052417,11.123711585998535,4071188
1996-11-21,11.131223382974634,11.220726393776008,11.01887566390574,11.093669891357422,6999722
1996-11-22,11.101175895886383,11.235743470641655,11.093665485516796,11.183481216430664,4651109
1996-11-25,11.235745958995563,11.31054088573491,11.213214010469233,11.265789031982422,3595010
1996-11-26,11.310540140457706,11.310540140457706,11.213213271605117,11.25076675415039,3511128
1996-11-27,11.243256568908691,11.28800842344881,11.205703083227995,11.243256568908691,2231741
1996-11-28,11.213214075995577,11.377824042074375,11.205702951491158,11.362802505493164,2974700
1996-11-29,11.400359588528778,11.400359588528778,11.30303339440718,11.333076477050781,3499049
1996-12-02,11.333072160197927,11.385334422874886,11.318050624597943,11.347780227661133,2069228
1996-12-03,11.392842347729419,11.445104598999023,11.362799283086991,11.445104598999023,2925526
1996-12-04,11.377824096394898,11.43759677484785,11.377824096394898,11.422575950622559,3467349
1996-12-05,11.445109841564753,11.52741519517771,11.422577888975622,11.47484016418457,4515378
1996-12-06,11.318051954441556,11.340271148529245,11.116201248321339,11.228236198425293,8661904
1996-12-09,11.40755795957528,11.40755795957528,11.30303339440718,11.333076477050781,3625756
1996-12-10,11.40035797974293,11.504882530160826,11.392847566355805,11.47484016418457,6671640
1996-12-11,11.400355990732374,11.415064771583959,11.235746024653578,11.362802505493164,5435555
1996-12-12,11.400356747391745,11.445108604376001,11.34778172208184,11.385335922241211,2806649
1996-12-13,11.25076557496691,11.303027831831058,11.1909929073519,11.258275985717773,3116303
1996-12-16,11.34778195685112,11.474839161179952,11.340271544120473,11.41506576538086,2720904
1996-12-17,11.42257472540401,11.52741200257059,11.295517545158713,11.377822875976562,6361604
1996-12-18,11.48986025185741,11.504881790093133,11.38533642059091,11.400357246398926,3709448
1996-12-19,11.3105415419729,11.318051954441556,11.1834843420763,11.228236198425293,7020586
1996-12-20,11.250769057166966,11.272988253049665,11.168463706970215,11.168463706970215,7422906
1996-12-23,11.123711585998535,11.123711585998535,11.123711585998535,11.123711585998535,3569421
1996-12-24,11.108691202224874,11.12371274104864,11.063939341529887,11.101180076599121,2485823
1996-12-25,11.101180076599121,11.101180076599121,11.101180076599121,11.101180076599121,0
1996-12-26,11.101180076599121,11.101180076599121,11.101180076599121,11.101180076599121,0
1996-12-27,11.123711697665964,11.288008917132226,11.123711697665964,11.280498504638672,4011272
1996-12-30,11.333069670122395,11.452614992382497,11.333069670122395,11.437593460083008,4991222
1996-12-31,11.422580053643454,11.467644679789565,11.415068926405157,11.46013355255127,1859307
1997-01-01,11.46013355255127,11.46013355255127,11.46013355255127,11.46013355255127,0
1997-01-02,11.46013355255127,11.46013355255127,11.46013355255127,11.46013355255127,0
1997-01-03,11.407554413969633,11.482348629075512,11.392845633047825,11.422575950622559,5047605
1997-01-06,11.460130643577745,11.504881790093133,11.333074148743808,11.400357246398926,7620176
1997-01-07,11.250766408158823,11.42257472540401,11.228234461810091,11.377822875976562,9184534
1997-01-08,11.422580053643454,11.519906252474733,11.422580053643454,11.46013355255127,6739911
1997-01-09,11.437597152214872,11.564654350280762,11.430086739854431,11.564654350280762,8544077
1997-01-10,11.579677538030715,11.587187951461713,11.452620321853715,11.519904136657715,9654362
1997-01-13,11.624427155952135,11.684199837021216,11.587186424634803,11.6694917678833,10291143
1997-01-14,11.677001452914299,11.691710233563606,11.6319368437904,11.661980628967285,7993851
1997-01-15,11.69922251301524,11.729265590560104,11.549634061696876,11.602209091186523,11715999
1997-01-16,11.549633538273133,11.616917347710695,11.512392805018898,11.572165489196777,9279254
1997-01-17,11.572165489196777,11.57967661445646,11.48986014166755,11.572165489196777,11928021
1997-01-20,11.624425066275478,11.639446600885506,11.504879013199968,11.51239013671875,10634693
1997-01-21,11.497370531012749,11.557143211364746,11.47483858153131,11.557143211364746,5505020
1997-01-22,11.624426037520287,11.736774444580078,11.602206845651141,11.736774444580078,11405486
1997-01-23,11.72926231454074,11.960843296661833,11.699219245386997,11.945821762084961,12621710
1997-01-24,11.848810394783724,11.863831931930907,11.691710834862606,11.826277732849121,8461531
1997-01-27,11.871339294676764,11.960842270657075,11.833785817669702,11.856318473815918,8772378
1997-01-28,11.960844415040937,12.065682411193848,11.923603687018288,12.065682411193848,13469176
1997-01-29,12.058170502572587,12.06568233915986,11.863830940408382,11.998397827148438,8499438
1997-01-30,12.050659906986022,12.132965241205886,12.005596012425887,12.058170318603516,11137558
1997-01-31,12.095410926627137,12.185226666289095,12.013105598066284,12.177716255187988,10156749
1997-02-03,12.162696778918763,12.334817886352539,12.080391431607902,12.334817886352539,9515815
1997-02-04,12.379569053649902,12.402101715683566,12.319796372967456,12.379569053649902,7968405
1997-02-05,12.416810782713322,12.431833034423518,12.33481889687328,12.402103424072266,7720147
1997-02-06,12.327303895376875,12.566395986909805,12.297260827993654,12.536664962768555,10957858
1997-02-07,12.671235538866709,12.700966570039098,12.581419783573335,12.656214714050293,10064942
1997-02-10,12.671235124060917,12.78327006959557,12.633681638393908,12.72349739074707,8876981
1997-02-11,12.812998775943422,13.022359848022461,12.783267751136528,13.022359848022461,10304654
1997-02-12,13.11968599488625,13.156927430493354,12.955076769214523,13.022359848022461,14995866
1997-02-13,13.074624475895272,13.082134888057253,12.962589530366065,13.007341384887695,9550523
1997-02-14,13.037382881524042,13.074624323449468,12.992632452379462,13.059915542602539,7638413
1997-02-17,13.082134618733306,13.299007561325752,13.059915426010328,13.186972618103027,10984641
1997-02-18,13.239235804045423,13.261767041633787,13.089647365531887,13.134711265563965,8655936
1997-02-19,13.194482388763658,13.321539574680465,13.179460140623874,13.28398609161377,10539735
1997-02-20,13.291501132241757,13.485841472192776,13.269281932860585,13.388827323913574,11321269
1997-02-21,13.418552887132268,13.441085547960196,13.269277927499157,13.396333694458008,6499865
1997-02-24,13.269283425703321,13.299013042687113,13.097162265769217,13.14942455291748,9544412
1997-02-25,13.246746299389192,13.314029394109465,13.194484029821737,13.27647590637207,8251276
1997-02-26,13.300257089156638,13.487713874101162,13.12813744436765,13.401966094970703,12669977
1997-02-27,13.456733390613158,13.519321582442274,13.268964540560052,13.30025863647461,8497480
1997-02-28,13.261140257443214,13.284611897307414,13.12813857277838,13.190728187561035,7435128
1997-03-03,13.198238373727271,13.206374296833763,13.026429335516942,13.080883026123047,5939137
1997-03-04,13.19073054221106,13.331242663767092,13.182906660859702,13.308084487915039,7380989
1997-03-05,13.276474161501714,13.441084829324518,13.25300394717811,13.378495216369629,6090049
1997-03-06,13.550304399722641,13.699267325375299,13.503676008947451,13.667659759521484,8781019
1997-03-07,13.65232462971344,13.965272711615736,13.558440917570374,13.918017387390137,7248505
1997-03-10,13.988742632607652,14.129569622711546,13.980606709325718,14.082626342773438,8964396
1997-03-11,14.191849028054273,14.270086421059098,13.887038230895994,13.887038230895996,11317880
1997-03-12,13.910507825428502,14.113609554280567,13.87138842226569,13.988743782043457,9754667
1997-03-13,13.824130600426537,13.847915706205145,13.621028908226545,13.738384246826172,9567853
1997-03-14,13.581912115847116,13.777504859294341,13.409478971240086,13.74589729309082,8866907
1997-03-17,13.74589807912182,13.754034003628986,13.487717124857499,13.605071067810059,6548705
1997-03-18,13.675795393217832,13.738385005584739,13.472066753532786,13.59755802154541,10567186
1997-03-19,13.683305740356445,13.730561061329466,13.621029596416514,13.683305740356445,7869914
1997-03-20,13.58191219760684,13.597559959142098,13.29212369015809,13.362849235534668,9897177
1997-03-21,13.464556500775512,13.47206691238286,13.300257875840654,13.323729515075684,8640563
1997-03-24,13.362851225213838,13.456736383549178,13.354715299911524,13.409481048583984,5642373
1997-03-25,13.54279507338215,13.887037299752631,13.519323429597844,13.769681930541992,7626334
1997-03-26,13.887035207425482,13.996253210720646,13.808797831454417,13.926153182983398,8210695
1997-03-27,13.92615356574815,14.058843212938221,13.85574149277965,13.97309684753418,5502394
1997-03-28,13.97309684753418,13.97309684753418,13.97309684753418,13.97309684753418,0
1997-03-31,13.97309684753418,13.97309684753418,13.97309684753418,13.97309684753418,0
1997-04-01,13.542791532841452,13.644187069678049,13.432946605410985,13.621028900146484,7905147
1997-04-02,13.72242268439317,13.7305600315313,13.495849360076914,13.5819091796875,5852915
1997-04-03,13.534971639020613,13.55844328357991,13.339380300448447,13.464559555053711,7564747
1997-04-04,13.464557229162516,13.55844094147108,13.39383026434885,13.448596000671387,7139367
1997-04-07,13.60507204946557,13.839782802016787,13.60507204946557,13.754034996032715,8495475
1997-04-08,13.75403242603931,13.871387780386623,13.714914449541961,13.730562210083008,5486162
1997-04-09,13.80066194232952,13.949624857854706,13.777503770175338,13.871387481689453,5273376
1997-04-10,13.816620092817828,13.98060523747933,13.738384150867915,13.761542320251465,5672259
1997-04-11,13.8087959831528,13.847915378329834,13.667656966971371,13.699264526367188,4626521
1997-04-14,13.50367709193042,13.769681930541992,13.472069523541705,13.769681930541992,4847566
1997-04-15,13.878896281706279,14.027860604785577,13.8006603394828,13.96527099609375,9430548
1997-04-16,14.004390558954464,14.004390558954464,13.839779883633748,13.926153182983398,6506453
1997-04-17,14.278215585932582,14.35645294189453,14.184331898662137,14.356452941894531,18934618
1997-04-18,14.38743704977653,14.802092714661969,14.364278877987408,14.786758422851562,13946929
1997-04-21,14.614638443426612,14.856859573522017,14.614638443426612,14.747641563415527,9851154
1997-04-22,14.747644348538413,14.81774439388595,14.57552321804658,14.677230834960938,6541973
1997-04-23,14.833699123978738,14.951054464820162,14.708519903767206,14.739501953125,9083655
1997-04-24,14.79458107322813,15.060585846120299,14.77110943524275,15.044938087463379,5988931
1997-04-25,14.996384517563946,15.06736565372595,14.837942987196064,14.933008193969727,6089428
1997-04-28,14.972617005955613,15.027753697400628,14.924767718437979,14.996383666992188,4799299
1997-04-29,15.051839956059192,15.225807092462846,15.012228848569809,15.162430763244629,6235375
1997-04-30,15.281264623852978,15.487554066211656,15.218205688762051,15.38425064086914,8205396
1997-05-01,15.384250640869139,15.384250640869139,15.384250640869139,15.38425064086914,0
1997-05-02,15.408334047684253,15.701131701285146,15.36872437210227,15.669761657714844,6935510
1997-05-05,15.80442741625929,16.033850054033586,15.788584419419983,15.923257827758789,10612875
1997-05-06,16.0576205163678,16.073464961147646,15.7252132408717,15.772745132446289,9264263
1997-05-07,15.76481819152832,15.891570826299185,15.76481819152832,15.76481819152832,3931400
1997-05-08,15.76481819152832,15.76481819152832,15.76481819152832,15.76481819152832,0
1997-05-09,15.725212344126797,15.819958713581993,15.669758233324607,15.685601234436035,5357068
1997-05-12,15.677361947385073,15.748976462548557,15.368719935542435,15.709366798400879,6192694
1997-05-13,15.756583694540339,15.923261991089612,15.653913661223111,15.915023803710938,7488122
1997-05-14,16.11307405487032,16.22429968711802,16.010405461288904,16.152685165405273,9017199
1997-05-15,16.065855026245117,16.129231342399095,15.867803857918373,16.065855026245117,7392972
1997-05-16,16.08962392021521,16.192293950967745,15.875413740542207,15.931183815002441,6639223
1997-05-19,15.931183815002441,15.931183815002441,15.931183815002441,15.931183815002441,0
1997-05-20,15.733133929459095,15.804431038487836,15.566771603783998,15.630147933959961,6566799
1997-05-21,15.788585470950137,16.065855968660532,15.756580624188198,15.986635208129883,5864468
1997-05-22,16.065859343424993,16.073464157143537,15.891574787859343,15.954633712768555,4955558
1997-05-23,15.915026798217802,15.95463647227203,15.844045639038086,15.844045639038086,4581358
1997-05-26,15.867810866364568,16.09723360729147,15.80443452221872,15.844045639038086,6444102
1997-05-27,15.938786992084124,15.978396650044212,15.772740662770776,15.804428100585938,7772281
1997-05-28,15.891573885865949,15.907418328953932,15.471706243388045,15.49547290802002,8563603
1997-05-29,15.479310346913453,15.511316639878947,15.360481357496578,15.45586109161377,5487069
1997-05-30,15.289505027054108,15.392491049267575,15.17067311473024,15.210284233093262,7170543
1997-06-02,15.257809934839406,15.432094456549006,15.210278054875808,15.42385482788086,6343844
1997-06-03,15.495470956453534,15.756581055203606,15.495470956453534,15.748974800109863,8982729
1997-06-04,15.835800724487475,15.923259675113318,15.709365486704849,15.740736961364746,6104562
1997-06-05,15.756582620578142,15.756582620578142,15.614302930357207,15.725211143493652,3522347
1997-06-06,15.788584851584556,15.86780416624295,15.677359248655202,15.76481819152832,7352487
1997-06-09,15.954636270894467,16.20845760983902,15.947031455956584,16.1846923828125,10339267
1997-06-10,16.240143268984664,16.311124413133946,16.16884471657259,16.216060638427734,8012280
1997-06-11,16.121312806916663,16.17644950761702,15.899178962803466,15.931183815002441,7566514
1997-06-12,16.136840699963933,16.350734925511677,16.129235886146592,16.343130111694336,8459860
1997-06-13,16.50917280311363,16.612160233655302,16.36689456121977,16.557022094726562,10796347
1997-06-16,16.588397153910297,16.588397153910297,16.34313142849394,16.51741600036621,6833437
1997-06-17,16.620400902832444,16.84982216749077,16.596634236211578,16.778841018676758,13886965
1997-06-18,17.00065662726855,17.443973541259766,16.873905406530795,17.443973541259766,14904488
1997-06-19,17.78493575105281,18.15695406797145,17.705714984937163,18.062206268310547,16118994
1997-06-20,17.9192918171012,18.212406753311573,17.864153683409114,18.14142417907715,11784556
1997-06-23,18.030521392822266,18.085975508600892,17.919297195728657,18.030521392822266,8867480
1997-06-24,17.855918485467615,17.990909332577424,17.697476939061897,17.9512996673584,9293242
1997-06-25,18.10181689986394,18.592665670872915,18.085972457238945,18.513444900512695,10525173
1997-06-26,18.671889288343067,18.88578498462886,18.648124061710263,18.751110076904297,11861898
1997-06-27,18.664281987466268,18.78311243309746,18.466232206590877,18.719736099243164,6710359
1997-06-30,18.7751880501638,18.80655952658436,18.307788543509925,18.48967933654785,8275910
1997-07-01,18.537529895596432,18.648122157072038,18.37908977742145,18.545452117919922,7492944
1997-07-02,18.60850627254795,18.69596666119696,18.561291801770338,18.62466812133789,4736328
1997-07-03,18.75110481538847,19.400711059570312,18.711495153604776,19.400711059570312,10934465
1997-07-04,19.384869808671358,19.598764037382725,19.290121993155285,19.503700256347656,6185532
1997-07-07,19.47232467440804,19.92387970336299,19.393103911721443,19.71759033203125,9419137
1997-07-08,19.694142491770116,19.805050701830815,19.519541990090367,19.63837242126465,7149345
1997-07-09,19.765442939145565,20.00310382434126,19.3611023145955,19.43271827697754,10726167
1997-07-10,19.305646266360313,19.44032113919003,19.01284870846425,19.0366153717041,9255669
1997-07-11,19.210899494696296,19.266036190068906,18.537526587770266,18.783109664916992,10881519
1997-07-14,18.885780123482753,19.313885928651676,18.862330868441365,19.083829879760742,8242300
1997-07-15,19.11583578226943,19.171289890212748,18.75934591278511,19.147207260131836,9724017
1997-07-16,19.2742739806037,19.408947394930422,19.234662879833,19.337650299072266,7214227
1997-07-17,19.40895417525748,19.47233051586595,19.123443955589618,19.171293258666992,6717234
1997-07-18,19.076226116396665,19.155446888925074,18.577139144932648,18.616748809814453,8963059
1997-07-21,18.41870116135133,18.43422819793955,18.022598695910254,18.156957626342773,11774913
1997-07-22,18.36324575370946,18.62467186201277,18.220648645351385,18.291629791259766,11223924
1997-07-23,18.86993368837158,19.40894764639243,18.73557623774098,19.377260208129883,14064995
1997-07-24,19.17128991020471,19.591157552364724,18.909546405018105,19.012849807739258,12272717
1997-07-25,19.131680600516983,19.258433261948813,18.72734142843313,18.84617042541504,7233085
1997-07-28,18.83856561199269,18.86233227704797,18.58506173189386,18.84617042541504,5870245
1997-07-29,18.8623326051065,18.878175605987398,18.529290536866473,18.63227653503418,7477666
1997-07-30,18.846170648268412,19.250511267898364,18.79895616862712,19.23466682434082,10976621
1997-07-31,19.234671163595877,19.27428228142583,19.020776898374834,19.123445510864258,6235566
1997-08-01,19.123445510864258,19.123445510864258,19.123445510864258,19.123445510864258,0
1997-08-04,19.06798863593851,19.11583648961433,18.561295389661392,18.63227653503418,7710360
1997-08-05,18.894021533698925,18.909548570296018,18.394617096246375,18.418701171875,10623760
1997-08-06,18.355005985057712,18.74350216329303,18.260258174216286,18.63227653503418,11738724
1997-08-07,18.8544080085871,19.09206886228085,18.751104615162102,18.949155807495117,7077924
1997-08-08,18.830326788114064,19.02077173932035,18.379087674937715,18.553054809570312,8822268
1997-08-11,18.260260768648436,18.545453580968204,18.25202258015166,18.30779266357422,5824843
1997-08-12,18.458307971735884,18.553054332524848,18.260256769691996,18.3394775390625,6852152
1997-08-13,18.196565288245157,18.363245021107296,17.951299598997828,18.014358520507812,8375739
1997-08-14,18.08597472920444,18.125585840742893,17.452212815003612,17.578649520874023,11440672
1997-08-15,17.618257852230492,17.666107147967097,17.174940944294704,17.245922088623047,12578026
1997-08-18,16.620401971609525,17.08748416145257,16.429956989172076,16.913516998291016,16351974
1997-08-19,17.349225736890798,17.84007453918457,17.238317516976487,17.84007453918457,11662385
1997-08-20,18.204805962164123,18.52929246863896,18.0225991695365,18.236177444458008,12564515
1997-08-21,18.27578711558267,18.355007899308568,17.808704929707766,18.030521392822266,7979672
1997-08-22,17.769095125407173,17.800466607465907,17.214553971797205,17.270008087158203,9361513
1997-08-25,17.571038602926482,17.681630834844125,17.206309164593367,17.50766372680664,8341651
1997-08-26,17.626494410937664,17.666104069802728,16.961043773969973,17.13532829284668,10907729
1997-08-27,17.06371557635563,17.56280252433696,17.00826147102437,17.285531997680664,9861848
1997-08-28,17.364754410817827,17.388837044045776,16.446117085817896,16.469566345214844,14332827
1997-08-29,16.48572697820163,16.968652125731516,16.25567090361024,16.699621200561523,15509282
1997-09-01,16.858064066077368,17.071958323382926,16.723389155969734,16.770605087280273,8177514
1997-09-02,16.984497599177253,17.412603478120506,16.929043484731388,17.396759033203125,8948402
1997-09-03,17.634419955728013,17.713640737639004,17.4284479426304,17.62649917602539,11617269
1997-09-04,17.491825678683586,17.81631076092493,17.396760444233646,17.784940719604492,8094109
1997-09-05,17.784935342170396,18.00675175087694,17.674025695052467,17.808700561523438,7107237
1997-09-08,17.713641101608246,17.729485546869,17.483585008086692,17.697479248046875,5196559
1997-09-09,17.64202201056125,17.705714297895476,17.309613368216667,17.420204162597656,6759915
1997-09-10,17.468053246074003,17.555196228671257,16.944883713334185,16.992733001708984,8056823
1997-09-11,16.691382075696644,16.873906266708467,16.477805255144485,16.588396072387695,9947592
1997-09-12,16.636241294356527,17.03234220885242,16.493328249458678,16.548782348632812,10381900
1997-09-15,16.730992823061175,16.921437789386218,16.517414564387224,16.755075454711914,7260298
1997-09-16,16.588397188266182,17.198709878005427,16.51741603457509,17.056114196777344,8540305
1997-09-17,17.30961887565004,17.86416006508684,17.27000920290887,17.784940719604492,12330485
1997-09-18,17.83247184753418,18.062210536517004,17.681636535081527,17.83247184753418,10045940
1997-09-19,17.903771924280836,18.093583549980554,17.618261686282164,17.66611099243164,8114256
1997-09-22,17.78493751474731,18.117344760189905,17.78493751474731,18.05396842956543,6943435
1997-09-23,18.172800179650523,18.29987025832527,18.02259825081123,18.181039810180664,7897795
1997-09-24,18.14143074935566,18.28402788035192,17.88792682268966,17.97475242614746,6877933
1997-09-25,17.903771180593104,18.053971682902155,17.61826095445397,17.784940719604492,5744779
1997-09-26,17.70571779626103,18.053969505811178,17.547277681637212,17.982988357543945,5891347
1997-09-29,17.98299052607545,18.03052242191788,17.784940719604492,17.784940719604492,4877453
1997-09-30,17.951303822097646,18.181042530516514,17.66611099243164,17.66611099243164,9023739
1997-10-01,17.507666562379892,17.792859322167768,17.428445790252507,17.75324821472168,10289042
1997-10-02,17.824548242920123,18.00675502398173,17.792860797101326,17.982988357543945,7608718
1997-10-03,18.10973878542829,18.513444557279986,18.06220690119929,18.48967933654785,9259918
1997-10-06,18.38700930658767,18.561293843882062,18.18103732740554,18.33123779296875,5296483
1997-10-07,18.379087666271268,18.48207510188185,17.88792292351795,18.02259635925293,6857499
1997-10-08,18.268185932469137,18.46623720976875,17.990915298461914,17.990915298461914,6684530
1997-10-09,17.92753485584759,18.046365306553707,17.404365195766616,17.61825942993164,11516868
1997-10-10,17.61825918964753,17.967144280118976,17.30961714176002,17.578649520874023,10161237
1997-10-13,17.80870464693329,17.903769874447878,17.618259669137753,17.657869338989258,5766741
1997-10-14,17.705713606279463,18.212406753311573,17.705713606279463,18.14142417907715,11866816
1997-10-15,18.133187405307353,18.172797066982834,17.855916888049617,18.062206268310547,5777865
1997-10-16,18.09357633477319,18.212406753311573,17.982984101947498,18.14142417907715,6157031
1997-10-17,17.958906091219774,18.006755390585813,17.71364037904344,17.816308975219727,5335345
1997-10-20,17.64202596983685,17.919296538561433,17.507668483561083,17.824548721313477,5092434
1997-10-21,18.0225991695365,18.26026007794079,17.998516536053724,18.236177444458008,6296532
1997-10-22,18.40285553695079,18.513446350208238,18.220648760789913,18.299869537353516,8055152
1997-10-23,18.093580256629647,18.1569565897715,17.58688699976973,17.935138702392578,12178188
1997-10-24,18.165194044695635,18.347400814784727,18.070130270199076,18.244413375854492,9850247
1997-10-27,17.903769874447878,17.95890658104965,17.53143407244279,17.657869338989258,11366624
1997-10-28,15.87541287580524,16.557022555078596,15.566770869364383,16.398582458496094,31249922
1997-10-29,17.151175716996228,17.499427407120763,17.040267498669564,17.40436363220215,14793966
1997-10-30,17.032347528523484,17.230397326245548,16.71546583229715,17.056114196777344,10428448
1997-10-31,17.111564025620964,17.443972703779764,16.89766981795734,17.37299156188965,7897604
1997-11-03,17.547274541356803,17.657865337797304,17.499425251528105,17.55519676208496,4880986
1997-11-04,17.547275039045395,17.610651363903532,17.254160077613275,17.309614181518555,6875259
1997-11-05,17.483584295946685,17.657868858421036,17.44397462717318,17.578649520874023,5783737
1997-11-06,17.547275537663708,17.57104075843288,17.317536894561538,17.38883399963379,4179132
1997-11-07,17.11156182564434,17.151172927722556,16.71546090421439,16.937278747558594,6489171
1997-11-10,17.079878817219804,17.103328076337522,16.976892810631355,17.00065803527832,3595727
1997-11-11,16.929045830214793,17.103330420157832,16.81021536240067,16.9052791595459,5280967
1997-11-12,16.77883960575132,16.8260555267334,16.588394651597593,16.8260555267334,6226113
1997-11-13,16.762998601486984,16.818452716104208,16.517415475568587,16.604557037353516,7980006
1997-11-14,16.78644305258576,16.81020827046335,16.63624116225175,16.683773040771484,4465488
1997-11-17,17.071954947642375,17.3013776405672,17.032345281875674,17.245922088623047,7071049
1997-11-18,17.222156837382403,17.36475249956226,17.087481954130734,17.198707580566406,5102556
1997-11-19,17.16670360136395,17.45221234850719,17.135332121259435,17.340988159179688,5129769
1997-11-20,17.547275332427116,17.87968255318309,17.523192703697198,17.745325088500977,6807848
1997-11-21,17.958902874064677,18.149347812549543,17.919293212389196,18.062206268310547,8003639
1997-11-24,17.855922957728364,17.87968818570618,17.602417574197165,17.689876556396484,5654118
1997-11-25,17.745330678698288,17.808707024581086,17.63442243409468,17.689876556396484,5070234
1997-11-26,17.86415431431179,17.967140295944958,17.848311315974502,17.919292449951172,4062260
1997-11-27,18.06221028341863,18.133191436194068,17.974751311507283,18.030521392822266,3780344
1997-11-28,18.022595260426346,18.07773339870717,17.95129815758144,18.046361923217773,2667816
1997-12-01,18.220646356647855,18.426618328665214,18.220646356647855,18.387008666992188,6226113
1997-12-02,18.44246421543697,18.70389175415039,18.339478221359172,18.70389175415039,7987072
1997-12-03,18.608513122362513,18.6322797919856,18.299872482176788,18.363248825073242,6484731
1997-12-04,18.41869819706391,18.616747955145545,18.41869819706391,18.48967933654785,5266645
1997-12-05,18.521688245712447,18.81480183648788,18.379091119010567,18.529293060302734,7070142
1997-12-08,18.6718855094984,18.8623319061642,18.60090436675581,18.616748809814453,4341693
1997-12-09,18.640513258625244,18.711494392930383,18.434223886186988,18.50583839416504,3908579
1997-12-10,18.37908720236538,18.577138404409272,18.268178990905522,18.3394775390625,4297055
1997-12-11,17.990911896165578,18.062210457931254,17.689874646416637,17.895530700683594,6470647
1997-12-12,17.943374633880396,18.165191032770085,17.840071246581374,18.07773208618164,4118452
1997-12-15,18.06220682358792,18.196564289054795,17.86415562359256,17.887922286987305,2965916
1997-12-16,17.98298940032962,18.29163145981237,17.919297096717468,18.25202178955078,4040585
1997-12-17,18.3394814956193,18.466234176851813,18.109742801922266,18.13319206237793,6240197
1997-12-18,18.13318905725119,18.172798722535134,17.9747489533506,17.99851417541504,5905335
1997-12-19,17.753253650975118,17.81631259117856,17.507671923433342,17.571046829223633,5721195
1997-12-22,17.50766610929547,17.721242904663086,17.483582037196197,17.721242904663086,5090334
1997-12-23,17.76085761513451,17.77670206220516,17.59481265752501,17.705720901489258,3918748
1997-12-24,17.650264524762285,17.68163600655915,17.594810409864184,17.657869338989258,1202665
1997-12-25,17.657869338989258,17.657869338989258,17.657869338989258,17.657869338989258,0
1997-12-26,17.657869338989258,17.657869338989258,17.657869338989258,17.657869338989258,0
1997-12-29,17.832472446221338,18.21241308656591,17.76085647343529,18.172801971435547,2970069
1997-12-30,18.347402573054485,18.814800711424986,18.27578660567445,18.79071807861328,6096207
1997-12-31,18.77518653869629,18.814796198570953,18.711494251786295,18.77518653869629,2569945
1998-01-01,18.77518653869629,18.77518653869629,18.77518653869629,18.77518653869629,0
1998-01-02,18.77518653869629,18.77518653869629,18.77518653869629,18.77518653869629,0
1998-01-05,19.052460059979595,19.210900155331135,19.012848954068154,19.07622528076172,9310954
1998-01-06,19.012844951577485,19.044216421459872,18.711491858435753,18.830322265625,5477998
1998-01-07,18.727336587380456,19.17128531036334,18.66427623846368,19.06037712097168,10029470
1998-01-08,19.377264318762926,19.424478799349455,18.89402032270202,18.933629989624023,11006316
1998-01-09,19.13167772345817,19.31388446652022,18.98115986237106,19.115833282470703,12147108
1998-01-12,18.513446838065263,18.561296136431043,18.181039572988148,18.37908935546875,13244121
1998-01-13,18.69596872516912,18.775188051300674,18.632274990363086,18.680124282836914,6630678
1998-01-14,18.933629593447236,18.95739625876206,18.418699605941235,18.44246482849121,8110437
1998-01-15,18.45830984731768,18.49791951464537,18.220648957821762,18.26818084716797,7859410
1998-01-16,18.38701473878342,19.052465642671756,18.30779394651226,19.020776748657227,11754431
1998-01-19,19.377258692636754,19.448555783842497,19.036611904824586,19.06037712097168,5644521
1998-01-20,19.020771568869634,19.511936307453084,19.012849347523403,19.329730987548828,7997289
1998-01-21,19.337657497961175,19.535707304485072,19.195060367630692,19.408954620361328,8601128
1998-01-22,19.15544539066079,19.575311556756102,19.131678727931764,19.400711059570312,10122423
1998-01-23,19.4960923367783,19.812972518260896,19.48817011582653,19.5753116607666,11593302
1998-01-26,19.59876091538855,19.773362856266747,19.519541591400248,19.5753116607666,6356066
1998-01-27,19.591158773675563,19.677984364984532,19.384869363630045,19.527782440185547,5737523
1998-01-28,19.607003170298093,19.860191095368904,19.607003170298093,19.852584838867188,6628672
1998-01-29,19.860189584910167,19.931804100323898,19.78920700047033,19.9156436920166,6514951
1998-01-30,19.84466339268143,20.042713165283203,19.622529546575116,20.042713165283203,6323124
1998-02-02,20.438813648665413,20.684396745682992,20.383042132316803,20.525955200195312,11862901
1998-02-03,20.50187441741779,20.660315977182204,20.462264748859152,20.613100051879883,7782976
1998-02-04,20.55764867739857,20.581097939030567,20.375441869332096,20.47842788696289,6460764
1998-02-05,20.54940473312706,20.7715385767387,20.24076271057129,20.24076271057129,9502351
1998-02-06,20.240757439351952,20.557639009302637,20.161538128937618,20.4942626953125,5579163
1998-02-09,20.65270906344093,20.79530617413966,19.844664059619383,19.852584838867188,15636705
1998-02-10,19.915643085482753,20.224918462723544,19.89979864314495,20.209074020385742,10704062
1998-02-11,20.494272767905645,20.518039438369538,20.375442301116504,20.40713119506836,8455659
1998-02-12,20.43057427288602,20.478422122134972,20.082321166992188,20.082321166992188,7813578
1998-02-13,20.121934656382233,20.351355915872656,20.034474248557128,20.319984436035156,4084174
1998-02-16,20.288299796748497,20.33583169272871,20.18531378166385,20.327909469604492,3962384
1998-02-17,20.4942626953125,20.4942626953125,20.4942626953125,20.4942626953125,0
1998-02-18,20.35135841369629,20.35135841369629,20.35135841369629,20.35135841369629,0
1998-02-19,20.319980564000176,20.430572800284086,20.201150141745966,20.248682022094727,5710978
1998-02-20,20.240767850497942,20.589021069776273,20.21668521391318,20.486351013183594,8458093
1998-02-23,20.67648005294976,20.77915010954244,20.407131662021584,20.486351013183594,7841221
1998-02-24,20.383039784089267,20.676472142099726,20.327903090607407,20.359590530395508,11766176
1998-02-25,20.470184715183617,20.99335430763486,20.454657680651327,20.914134979248047,16047954
1998-02-26,21.135633684122016,21.151794092150816,20.834913897793435,20.937583923339844,10842179
1998-02-27,21.056419091721477,21.246864082300267,21.040892053928985,21.20725440979004,9251945
1998-03-02,21.33368308511101,21.65056325269407,21.318156052121903,21.595426559448242,8796440
1998-03-03,21.618882635374103,21.864781746101876,21.4766029133463,21.77732276916504,11187449
1998-03-04,21.84861749545266,21.97536871455568,21.278547925311152,21.38121795654297,10409208
1998-03-05,21.191405540601412,21.294074125040392,21.0091987766605,21.15179443359375,7874354
1998-03-06,21.1993257699328,21.41290254839417,21.1993257699328,21.326078414916992,9737146
1998-03-09,21.373296262151133,21.381218484058937,21.064338264336087,21.135635375976562,6188636
1998-03-10,21.112184072566627,21.43698648272104,21.103945885950385,21.429065704345703,7478430
1998-03-11,21.429065704345703,21.429065704345703,21.429065704345703,21.429065704345703,0
1998-03-12,21.112183777575318,21.500046543189935,21.103945591074183,21.318157196044922,6162855
1998-03-13,21.112187119972987,21.745949032245797,21.103948932167615,21.54789924621582,10134549
1998-03-16,21.706337128114892,21.833089786068523,21.3498458186571,21.412904739379883,8520635
1998-03-17,21.349846830912995,21.460437642920613,20.914136171649517,21.03296661376953,12902767
1998-03-18,20.993356865697404,21.024728346835616,20.56556840054076,20.6527099609375,12880376
1998-03-19,20.707851539284476,20.73193417586924,20.422658701017824,20.486351013183594,12414128
1998-03-20,20.636868364780597,21.096028342353623,20.59725725029743,21.016807556152344,11267512
1998-03-23,20.977194613731662,21.032966130858593,20.69992406940597,20.795305252075195,7407247
1998-03-24,20.850755443752888,21.103943310031468,20.692315368584698,20.94550323486328,8302932
1998-03-25,21.088417566262784,21.35776585478072,21.064334938834595,21.326078414916992,6930926
1998-03-26,21.231018731674506,21.333688775933492,20.92206070228028,21.199331283569336,8877410
1998-03-27,21.33368322735253,21.50828371897155,21.238935430453616,21.326078414916992,6885237
1998-03-30,21.389456916207983,21.389456916207983,21.080498914857895,21.17524528503418,5449257
1998-03-31,21.412903242833494,21.468674754698775,21.27854578105643,21.34160614013672,6737333
1998-04-01,21.318158198574785,21.61095576837102,21.096024362128375,21.31023597717285,9550332
1998-04-02,21.381216872688505,21.38945505948224,21.103946340635964,21.270626068115234,7407677
1998-04-03,21.31815957870295,21.61095716745477,21.231016580404866,21.55582046508789,8247027
1998-04-06,21.618880805952184,21.745949444892744,21.420829573399086,21.452518463134766,6419372
1998-04-07,21.207249983404477,21.500047553185897,21.10394658246273,21.15179443359375,7711840
1998-04-08,21.080499725148137,21.112187171595032,20.49426970237851,20.59725570678711,10062507
1998-04-09,20.430576591781378,20.87452544656185,20.31174614747467,20.731929779052734,6127001
1998-04-10,20.731929779052734,20.731929779052734,20.731929779052734,20.731929779052734,0
1998-04-13,20.731929779052734,20.731929779052734,20.731929779052734,20.731929779052734,0
1998-04-14,20.95374603484266,21.040889033172483,20.842837813524607,21.001277923583984,7247121
1998-04-15,21.151791855704797,21.19140295788483,20.63686195501041,20.69231605529785,6924672
1998-04-16,20.668233387942596,20.684395238123752,20.367513613008764,20.45465660095215,8000774
1998-04-17,20.375441630535093,20.438817973587852,19.923886448703666,20.129859924316406,12196903
1998-04-20,20.343434043183283,20.44673745407443,20.185311336469173,20.31174659729004,6171878
1998-04-21,19.884275958843777,19.90804118478452,19.503701950594955,19.567394256591797,17232334
1998-04-22,19.646612613635412,19.725833390094397,18.981163285333487,19.226428985595703,19492625
1998-04-23,19.290122738713844,19.472329528377415,18.901943934591884,18.98876953125,15267183
1998-04-24,19.067694950692772,19.12384809189461,18.77922710709341,19.043628692626953,13393219
1998-04-27,19.003517150878906,19.228129685279466,18.851421868338846,19.003517150878906,11367101
1998-04-28,19.24417174925733,19.589112598047166,19.236469613552668,19.533279418945312,12116315
1998-04-29,19.493174267416585,19.709443326120976,19.340757562442334,19.517240524291992,8101127
1998-04-30,19.49316838038007,19.909985070977086,19.46878218245348,19.894262313842773,7931882
1998-05-01,19.894262313842773,19.894262313842773,19.894262313842773,19.894262313842773,0
1998-05-04,20.230862670702912,20.391301436936256,20.13492198904286,20.36723518371582,9576065
1998-05-05,20.351191129581668,20.351191129581668,20.038658550030906,20.287015914916992,7626287
1998-05-06,20.166691661354154,20.351193784009517,19.990210163245486,20.078771591186523,7341745
1998-05-07,19.974489479189597,19.98251010457053,19.73383273301472,19.814050674438477,7610198
1998-05-08,19.926036262232156,20.190757796482668,19.829772690816903,20.142948150634766,5824317
1998-05-11,20.351193589005888,20.519974409361488,20.295361861366615,20.39130401611328,6221291
1998-05-12,20.26327053693263,20.359532618977006,20.150642878274795,20.134920120239258,5108858
1998-05-13,20.18305010466454,20.230859733894896,19.69371471449485,19.79800033569336,9187494
1998-05-14,19.693722037952764,20.006254686594467,19.62152618382734,19.974489212036133,8013044
1998-05-15,19.98250775783077,20.05470506539476,19.493173697567325,19.597457885742188,11334923
1998-05-18,19.461079714921425,19.461079714921425,18.96340376511955,19.132183074951172,9011995
1998-05-19,19.2926291970214,19.565051411467874,19.1722993659467,19.493175506591797,6773139
1998-05-20,19.70944270905824,19.78196142582999,19.621524101205242,19.62922477722168,4355634
1998-05-21,19.62922477722168,19.62922477722168,19.62922477722168,19.62922477722168,0
1998-05-22,19.741847416712833,19.87821845037866,19.621519088745117,19.621519088745117,4383086
1998-05-25,19.7418482474482,20.175029077599195,19.621519914417075,20.134920120239258,6128815
1998-05-26,20.45579719543457,20.552060750168792,20.375579270932793,20.45579719543457,7147579
1998-05-27,20.20679473876953,20.246903693620148,19.94239324755114,20.20679473876953,10110869
1998-05-28,20.503927075092957,20.567782339253505,19.998548920076196,20.04636001586914,10016341
1998-05-29,20.150648159271316,20.35953795471848,20.054706000420477,20.118881225585938,6706587
1998-06-01,20.118881225585938,20.118881225585938,20.118881225585938,20.118881225585938,0
1998-06-02,20.006249594950138,20.102833092562786,19.909987506647347,20.04636001586914,5168344
1998-06-03,20.118879279104835,20.246908307675877,20.086470990760226,20.150646209716797,4283783
1998-06-04,20.03865935129499,20.118878738071345,19.63756533931624,19.845813751220703,7707161
1998-06-05,20.038658699513135,20.215140175919633,19.63756470058046,20.158987045288086,6652639
1998-06-08,20.584147028212747,20.62425598929536,20.27931512551113,20.36723518371582,8202388
1998-06-09,20.34349445759236,20.52767664405668,20.06272875128068,20.142948150634766,6559017
1998-06-10,19.998548472455607,20.07876785154668,19.814044923212094,20.030315399169922,6981819
1998-06-11,19.862182747617172,19.894269631277723,18.811315758695553,18.819337844848633,21926984
1998-06-12,18.891534759768916,19.03592939673382,18.72275537548946,18.923301696777344,10290427
1998-06-15,18.843077419492598,18.843077419492598,18.354064821076108,18.634830474853516,11759253
1998-06-16,18.843078179157875,18.971750024239128,18.45032765735934,18.626487731933594,7409825
1998-06-17,18.931638388427935,19.083732186972828,18.77922171964042,19.019878387451172,9183579
1998-06-18,19.188019861647703,19.19636189459826,18.674939545692432,18.73911476135254,8670306
1998-06-19,18.907252745277926,18.94736316816017,18.69098371484533,18.73911476135254,5898270
1998-06-22,18.771205592090304,19.03592859506021,18.690987651334165,18.963411331176758,7605662
1998-06-23,19.27658432876623,19.733831534343697,19.228131865268754,19.65361213684082,12476384
1998-06-24,19.72548473276467,19.966141423983064,19.60515638715547,19.80570411682129,9240105
1998-06-25,20.046363872623953,20.13492530309129,19.934377542766768,20.014596939086914,7005069
1998-06-26,20.01459189386675,20.05470085144043,19.862176686325714,20.05470085144043,5838688
1998-06-29,20.166688249348844,20.327125549316406,20.102832985528288,20.327125549316406,4742009
1998-06-30,20.287015240492817,20.311081493048807,20.054702052233814,20.246906280517578,6698137
1998-07-01,20.42371043382196,20.42371043382196,20.2632731229557,20.359535217285156,6263972
1998-07-02,20.511628917638255,20.511628917638255,20.33546884773041,20.45579719543457,6244350
1998-07-03,20.53601400389943,20.656342336504036,20.49590358573036,20.61623191833496,5228928
1998-07-06,20.592167232302913,20.664364524420275,20.511626447221804,20.519969940185547,5320354
1998-07-07,20.576128005981445,20.624259058633818,20.367238214803987,20.576128005981445,8084227
1998-07-08,20.720197790608793,20.816781289315536,20.576124604881006,20.639978408813477,7659611
1998-07-09,20.639979349982887,20.736562853093776,20.32712681471327,20.45579719543457,6867573
1998-07-10,20.126578763247863,20.150645016788676,19.741850342578203,19.95844078063965,10888489
1998-07-13,19.942399461722328,19.95844363304252,19.468788146972656,19.468788146972656,6568565
1998-07-14,19.573393049912983,19.725486879806205,19.54130470841706,19.62922477722168,5452599
1998-07-15,19.709443357954683,19.72548752923087,19.25251757356488,19.33273696899414,9514908
1998-07-16,19.444721262690894,19.677677304880685,19.332736398334607,19.412954330444336,9846857
1998-07-17,19.573396046378182,19.93437971680847,19.51724290111553,19.838117599487305,13043796
1998-07-20,19.573391915732845,20.359535783507138,20.07877011644489,20.295360565185547,6505689
1998-07-21,20.487557912585107,20.728214535023334,20.359528928388613,20.471513748168945,10160187
1998-07-22,20.439756771058764,20.495908447913546,20.134924825415982,20.183055877685547,6785743
1998-07-23,20.062721678240035,20.11887479970579,19.8621754419843,19.894262313842773,5482056
1998-07-24,19.749549203294052,20.134920407204174,19.701738109928105,19.90998649597168,4312237
1998-07-27,19.805708151713755,20.134926326930227,19.45306653686807,19.493175506591797,6719143
1998-07-28,19.829771067764707,19.869881494634612,19.53328262304308,19.62922477722168,6074437
1998-07-29,19.501193656558513,19.885923538289777,19.42097427235097,19.773937225341797,4902326
1998-07-30,19.854159955992756,19.990211084468555,19.798006815868238,19.942399978637695,3852721
1998-07-31,19.854158219040713,20.18305494514608,19.798005083828784,20.166690826416016,5725683
1998-08-03,19.822062022949563,20.070419311523438,19.733822042993605,20.070419311523438,4836252
1998-08-04,20.05470411620039,20.134923505358206,19.894266798836327,19.934375762939453,4517479
1998-08-05,19.54130532021573,19.725487497371248,19.42867763399956,19.517240524291992,8307659
1998-08-06,19.549004878741325,19.653610473351446,19.28428337300587,19.477128982543945,7908919
1998-08-07,19.493165547318984,19.733822164610753,19.437012434014306,19.709434509277344,5279296
1998-08-10,19.645271896521336,19.70174499006952,19.252519829315542,19.260541915893555,5531707
1998-08-11,19.252515912143977,19.26823867269522,18.923297785734373,19.156253814697266,8288848
1998-08-12,19.364498846837655,19.57339006116733,19.252513999962165,19.35679817199707,5387002
1998-08-13,19.212410278816165,19.493175995832445,19.03592876226996,19.34075927734375,6202624
1998-08-14,19.45306653686807,19.573394906991012,19.348460929627286,19.493175506591797,4221336
1998-08-17,19.29262621732722,19.38856690483905,19.13218744130813,19.25251579284668,4527409
1998-08-18,19.45306180509184,20.04636001586914,19.388565183262983,20.04636001586914,7854397
1998-08-19,20.29535751878515,20.415685852457507,20.046358819396076,20.05470085144043,7367048
1998-08-20,20.183054498061406,20.375580154931118,19.974486132166216,20.150646209716797,7697231
1998-08-21,19.974485970058222,20.15898807949049,19.29262628298685,19.388566970825195,9406486
1998-08-24,19.493175685693796,19.76559936359504,19.011862200779753,19.21240997314453,8461149
1998-08-25,19.501196574362975,19.589116646918015,19.22043087905512,19.541305541992188,6320212
1998-08-26,19.412953742929894,19.477128963246454,19.116143896822646,19.308349609375,5685627
1998-08-27,19.324393571303133,19.412955001232923,18.73109524998132,18.779226303100586,11522979
1998-08-28,18.370115081252674,18.955712883139093,17.92891193835702,18.482101440429688,16966507
1998-08-31,18.305616561029677,18.490440113087594,17.7601278365608,18.0408935546875,9598551
1998-09-01,17.648142920639817,17.96901760896339,17.487705576478028,17.8887996673584,14870114
1998-09-02,18.45032723151035,18.514502447901425,18.185284332900476,18.225393295288086,9023787
1998-09-03,18.057259097871043,18.105068745627715,17.648142920639817,17.8887996673584,7123278
1998-09-04,17.86440765293258,18.169559478759766,17.74407931868671,18.169559478759766,5109860
1998-09-07,18.610761558755016,18.89954925574718,18.38582911954034,18.875484466552734,8011134
1998-09-08,18.971746260509843,19.565044403076172,18.87548418327422,19.565044403076172,10046227
1998-09-09,19.453067618763868,19.61350496753337,19.092082488318606,19.107805252075195,6242966
1998-09-10,18.85142329365696,18.97977374043347,18.36176781476576,18.650876998901367,6277292
1998-09-11,17.888794216262394,18.85141944885254,17.888794216262394,18.85141944885254,9224351
1998-09-14,19.172295174541066,19.388565660664796,18.93163994785847,19.276580810546875,5625568
1998-09-15,19.324395745961613,19.340759867578186,18.851425734688434,19.107805252075195,4985827
1998-09-16,19.30834717969708,19.48482718717067,19.10009878398434,19.35679817199707,5357402
1998-09-17,19.172293473623675,19.244170817361073,18.891527849943262,18.91559410095215,6326228
1998-09-18,19.027581308749276,19.172295859244823,18.049233224779755,18.225393295288086,13072919
1998-09-21,17.856710089848164,17.880454937865675,16.926171512584116,17.102333068847656,11489177
1998-09-22,17.623753870869287,17.73638008815879,17.423206127296563,17.567920684814453,7831625
1998-09-23,17.728356192578385,18.113405977603502,17.688245774694614,18.10506248474121,4964200
1998-09-24,18.370110347084427,18.450329743733935,17.969016285740285,18.145177841186523,6568661
1998-09-25,17.977037413814728,18.05725680619073,17.511768152127477,17.82430076599121,6899082
1998-09-28,17.848689347608865,18.35406760095193,17.72836098334361,18.34572410583496,4816439
1998-09-29,18.2898874334382,18.321654358459682,17.89681410388503,18.10506248474121,4988500
1998-09-30,17.79253361145887,17.936928223739198,17.567921068757567,17.800235748291016,6362607
1998-10-01,17.367376770103323,17.367376770103323,16.645406547948237,16.91012954711914,9801645
1998-10-02,17.006389451749275,17.166826771087607,15.762998400687746,16.075531005859375,13031861
1998-10-05,15.7546550463525,16.195858043694848,15.497955625318411,15.626626014709473,9301406
1998-10-06,15.746947312190938,16.765725376397654,15.690794202045302,16.757383346557617,9016005
1998-10-07,16.725624472824347,17.04649912483729,15.658393457616947,16.11564064025879,9757675
1998-10-08,15.722887381042641,16.17981457901966,15.482232141604209,15.650690078735352,9423100
1998-10-09,15.722889945522198,16.075533020435103,15.6182843385438,15.858941078186035,6751178
1998-10-12,16.34859442400507,16.605295301835703,16.25233232529437,16.509033203125,5788941
1998-10-13,16.36463975037331,16.998048495308485,16.14804928249495,16.70123863220215,6385332
1998-10-14,16.556844942261197,17.190895080566406,16.492991124052573,17.190895080566406,7978335
1998-10-15,17.110672325652146,17.559577421400117,16.845950842068248,17.407482147216797,9679713
1998-10-16,17.928904603424776,18.04923294970527,17.287153910245955,17.51176643371582,8010275
1998-10-19,17.551878922452243,17.792534182388973,17.14244137977014,17.231002807617188,4462146
1998-10-20,17.27881117643712,17.543532650945277,17.17484695183779,17.5034236907959,5906577
1998-10-21,17.44759327203607,17.63209685544727,17.094630276193335,17.231002807617188,5536625
1998-10-22,17.728360747512244,18.971751880444106,17.728360747512244,18.674942016601562,23272302
1998-10-23,18.867148490828036,19.404615142988316,18.642535910451045,19.260541915893555,16875989
1998-10-26,19.340754526213438,19.70173955696493,19.300645565335977,19.508893966674805,11245598
1998-10-27,19.605156652592832,19.637564939405944,19.33273448995686,19.58141326904297,8343513
1998-10-28,19.45306172083432,19.501192764777244,19.212405040168296,19.35679817199707,7723489
1998-10-29,19.40461455863914,19.549007729839595,19.31669447928624,19.34075927734375,6511848
1998-10-30,19.573392868041992,19.6853777309764,19.453064510453586,19.573392868041992,7543120
1998-11-02,19.637566023291875,20.078770474501695,19.597457058982464,20.02261734008789,9786750
1998-11-03,19.854156572197237,20.094813263415634,19.733828226588038,19.80570411682129,7619125
1998-11-04,19.950095275887396,20.15898501770279,19.862176686325714,20.05470085144043,7311954
1998-11-05,19.92602931244071,19.92602931244071,19.493168453808313,19.613496780395508,5830046
1998-11-06,19.84581579573264,20.13492498191283,19.798006152455553,19.918333053588867,7639845
1998-11-09,20.27931999412276,20.37558356916379,19.73383273301472,19.814050674438477,5073147
1998-11-10,19.902287649995888,20.110536055172123,19.709440595200714,19.95844078063965,6428061
1998-11-11,20.094807520277193,20.544032436321324,20.04635507874906,20.471513748168945,12941533
1998-11-12,20.359535522649573,20.856891632080078,20.18305403976426,20.856891632080078,10396414
1998-11-13,20.848546551573836,20.920743843326857,20.519969836631805,20.61623191833496,6920089
1998-11-16,20.83282290284067,20.92876357115385,20.736559364302167,20.75260353088379,5099739
1998-11-17,20.65634145329653,20.993260185803187,20.616231036842468,20.75260353088379,6538727
1998-11-18,20.808440568050695,21.04107666015625,20.65634673873609,21.04107666015625,8045317
1998-11-19,21.05743277110932,21.27402314920704,20.977213409133725,21.193803787231445,8495762
1998-11-20,21.61063090338911,21.61063090338911,21.185792000606693,21.338207244873047,8818927
1998-11-23,21.418425639826292,21.747323853295587,21.418425639826292,21.69084930419922,8693604
1998-11-24,21.81952155009807,21.81952155009807,21.097551345825195,21.097551345825195,7353012
1998-11-25,21.13765885041352,21.32986456866676,20.945134644705092,21.11359405517578,4524211
1998-11-26,21.306116444579125,21.45853166081275,21.266006023766536,21.434465408325195,4443479
1998-11-27,21.498639801281147,21.65907709556243,21.306115632524143,21.522384643554688,4236614
1998-11-30,21.418420774119433,21.538750572988455,21.0173282623291,21.0173282623291,5038343
1998-12-01,20.776671566916917,20.93710886367215,20.375577594553146,20.463817596435547,9026938
1998-12-02,20.656338665332356,20.69644761542171,20.215134370545258,20.471513748168945,7067229
1998-12-03,20.33546624481312,20.77667061690519,20.070423381031905,20.447452545166016,11370061
1998-12-04,20.25525334766452,20.624259058633818,20.190756714444177,20.576128005981445,6230028
1998-12-07,20.696456241586816,20.776675636151563,20.599872727505787,20.656347274780273,5464105
1998-12-08,20.712499718257646,20.832828075594662,20.552062395458833,20.816783905029297,4447633
1998-12-09,20.88063300330511,21.049092373357897,20.77667024935633,20.95315170288086,6019916
1998-12-10,20.85689356976465,21.16942619215567,20.656347274780273,20.656347274780273,5803979
1998-12-11,20.455799381417695,20.599872589111328,20.24690959292038,20.599872589111328,7795388
1998-12-14,20.319429885347226,20.56778730185328,20.26327674346339,20.487567901611328,6145907
1998-12-15,20.519974795623742,20.808441162109375,20.49590853890629,20.808441162109375,7785983
1998-12-16,20.848551434930062,21.209536517297405,20.776675535629373,21.08920669555664,7641325
1998-12-17,21.105570923208536,21.554795995521122,21.025351534173478,21.54677391052246,7908107
1998-12-18,21.482280381190215,21.64271771054266,21.42644719128462,21.570520401000977,9616168
1998-12-21,21.6427174704779,22.01172463875194,21.610630589343995,21.899738311767578,7157891
1998-12-22,21.867645693974612,21.99599464579142,21.667097991405587,21.699186325073242,5151300
1998-12-23,21.722938096593182,21.899739553646576,21.707213873070522,21.859630584716797,3530559
1998-12-24,21.859630584716797,21.859630584716797,21.859630584716797,21.859630584716797,0
1998-12-25,21.859630584716797,21.859630584716797,21.859630584716797,21.859630584716797,0
1998-12-28,21.979962712480386,22.0601806640625,21.939852275737344,22.0601806640625,3940614
1998-12-29,22.011721481489023,22.108304981352347,21.899735170567478,21.939844131469727,3088899
1998-12-30,21.963589091649556,22.043808474830577,21.65907859802246,21.65907859802246,3078491
1998-12-31,21.65907859802246,21.65907859802246,21.65907859802246,21.65907859802246,0
1999-01-01,21.65907859802246,21.65907859802246,21.65907859802246,21.65907859802246,0
1999-01-04,21.74732500251964,22.661819458007812,21.74732500251964,22.661819458007812,13546279
1999-01-05,22.581597343642017,22.90247344970703,22.348962714601736,22.90247344970703,10919187
1999-01-06,23.103012310618873,23.247085467916676,22.942575039638776,23.111034393310547,11284031
1999-01-07,23.09467442513363,23.16687172136702,22.733689404918074,23.022798538208008,10069334
1999-01-08,23.134785290058733,23.271477758007272,23.04654527924663,23.223346710205078,9050761
1999-01-11,23.343676536453785,23.407530348544466,22.854021072387695,22.854021072387695,8076063
1999-01-12,22.91851762024818,23.030823892133036,22.6855615818545,22.90247344970703,7766409
1999-01-13,22.790168874048444,22.846000604792913,21.819521320242707,22.22061538696289,13231517
1999-01-14,22.412824021338835,22.894136118586616,22.140400301957825,22.3409481048584,13449459
1999-01-15,22.06017914169147,22.59764580838983,21.338210322515536,22.260726928710938,19011769
1999-01-18,22.48501619861879,22.83829914743123,22.260723594226093,22.750059127807617,6269892
1999-01-19,22.74204005096247,22.93424433841016,22.565237118006408,22.82225799560547,8337784
1999-01-20,22.982686855304905,23.287198782469716,22.95862206518305,23.09467315673828,9004356
1999-01-21,22.252383243117002,22.3569888580725,21.73930425058482,21.7794132232666,30570794
1999-01-22,21.57886522674172,21.722938445343033,21.00096822730579,21.298099517822266,19010576
1999-01-25,21.153704318206508,21.522390093980547,20.953158014805503,21.37831687927246,11255815
1999-01-26,21.659080382009382,21.771066702748286,21.338205744758806,21.40205955505371,10416274
1999-01-27,21.498640153048324,21.69918786989486,20.993262010365026,21.0173282623291,10084229
1999-01-28,20.93711308506332,21.33820713829664,20.816784722998158,21.081186294555664,9178232
1999-01-29,21.1212930356895,21.41842281515477,21.033372973696395,21.30611801147461,7030755
1999-02-01,21.482278845480536,21.899736989130634,21.442168420296056,21.6350154876709,7272281
1999-02-02,21.602610163547897,21.66710534013432,21.281734022797682,21.418426513671875,6277961
1999-02-03,21.418422582073138,21.594905522804098,21.378313619698737,21.498641967773438,6365663
1999-02-04,21.699195267016453,21.859632618614963,21.32184600830078,21.32184600830078,6362321
1999-02-05,21.25798784944505,21.49030254072295,21.137659486778894,21.338207244873047,6047654
1999-02-08,21.44216768292695,21.474577431304038,20.824804636127567,20.937110900878906,6893688
1999-02-09,20.85689392294707,21.073484392702383,20.559764108850185,20.584150314331055,7910255
1999-02-10,20.479867224879367,20.59217350864704,20.17503525710207,20.487567901611328,9665485
1999-02-11,20.536017268653627,20.536017268653627,20.175032213451505,20.295360565185547,9140373
1999-02-12,20.576127545814998,20.68009178598039,20.190756262896212,20.407346725463867,8013378
1999-02-15,20.367237759848845,20.43141298226904,20.23086522958697,20.39130401611328,4097876
1999-02-16,20.495907069667133,20.5677844253015,20.27931661854288,20.303382873535156,6772232
1999-02-17,20.2067981374535,20.343490600585938,20.006250407566835,20.343490600585938,9215184
1999-02-18,20.295356247305474,20.319422496912754,19.894262313842773,19.894262313842773,10057112
1999-02-19,19.934379047525915,20.08647435654834,19.5733953892154,19.814050674438477,11122329
1999-02-22,19.934375509983425,20.33546952877971,19.878222376570974,20.295360565185547,7169445
1999-02-23,20.415692525213306,20.81678661489944,20.37558355453023,20.60789680480957,11658947
1999-02-24,20.656344317430662,20.960854810673556,20.607891862644706,20.920745849609375,6471936
1999-02-25,20.76833414849366,20.97722395858353,20.592174041551345,20.60789680480957,5443242
1999-02-26,20.720200752684114,20.720200752684114,20.351193589005888,20.39130401611328,5584080
1999-03-01,20.536016707322265,20.57612566982009,20.118878530109747,20.175031661987305,6068326
1999-03-02,20.255250713663713,20.367235566240623,20.062725067138672,20.062725067138672,8297299
1999-03-03,20.06272368353819,20.17502993769487,19.998548472455607,20.030315399169922,6158033
1999-03-04,20.134925268504688,20.25525363230237,19.982508561853393,20.21514320373535,10200576
1999-03-05,20.367234189844407,20.848547543154623,20.327125230719012,20.8004150390625,10141472
1999-03-08,20.800414049770946,20.920743843326857,20.599867802730817,20.61623191833496,4940854
1999-03-09,20.672390690030074,21.081185402190528,20.656346519513423,21.049097061157227,7161949
1999-03-10,21.05743698795076,21.161399747438182,20.82480239868164,20.82480239868164,5530562
1999-03-11,20.937114009637355,21.097551345825195,20.832829814162846,21.097551345825195,7601938
1999-03-12,21.257983930210912,21.257983930210912,20.81678098907862,20.864912033081055,5439231
1999-03-15,20.968880305445687,21.000967187325337,20.664369762677335,20.72020149230957,4525213
1999-03-16,20.91304303045859,20.94513136702294,20.134921322092637,20.327125549316406,14761883
1999-03-17,20.126575473637676,20.13491896611064,19.757889821303987,19.894262313842773,18448988
1999-03-18,19.78966446699611,19.918334874860445,19.661635416971894,19.814050674438477,11860323
1999-03-19,19.83810926710461,20.05469967058107,19.43701533213104,19.613496780395508,13734907
1999-03-22,19.629220301695664,19.838110039342677,19.372840881347656,19.372840881347656,7184483
1999-03-23,19.33273657951102,19.428677273963817,18.891532104966245,18.931642532348633,10063462
1999-03-24,18.85141944885254,19.043623670452366,18.76285803848655,18.85141944885254,9596069
1999-03-25,18.963408713253642,19.324392318725586,18.755160291335994,19.324392318725586,11143622
1999-03-26,19.292627613080274,19.340757204035857,18.746817539882922,18.931642532348633,8247122
1999-03-29,18.867144211632024,19.140209197998047,18.843077957356375,19.140209197998047,5203339
1999-03-30,19.212403202885046,19.212403202885046,18.802965767789146,18.875484466552734,6094250
1999-03-31,18.827039518889816,19.380870292660063,18.77922840882752,19.260541915893555,7256812
1999-04-01,19.140213539127046,19.284286766221808,19.051972047720746,19.260541915893555,3325746
1999-04-02,19.260541915893555,19.260541915893555,19.260541915893555,19.260541915893555,0
1999-04-05,19.260541915893555,19.260541915893555,19.260541915893555,19.260541915893555,0
1999-04-06,19.38856702539451,19.47712844723769,19.10010068143705,19.17229652404785,7101174
1999-04-07,19.19636328745624,19.46878692969061,19.172297031980687,19.308349609375,7508221
1999-04-08,19.428676246396392,20.02261734008789,19.380866606379435,20.02261734008789,11069765
1999-04-09,20.134920134032903,20.38359888392776,20.10283179936192,20.31942367553711,11337788
1999-04-12,20.1506460103367,20.295360565185547,19.998550728305016,20.295360565185547,4624469
1999-04-13,20.415681480484054,20.415681480484054,20.01458760778667,20.070419311523438,5506452
1999-04-14,20.1830563565027,20.287019139681014,19.934377542766768,20.014596939086914,5168821
1999-04-15,19.974485902077987,19.990208662531806,19.228129589771495,19.25251579284668,11547709
1999-04-16,19.188024710895718,19.24417785617055,18.79527264242688,18.923301696777344,13754720
1999-04-19,19.011857538827677,19.252514222272584,19.011857538827677,19.180316925048828,5921854
1999-04-20,19.027583480244964,19.076035942159216,18.626489427740086,18.771203994750977,7904765
1999-04-21,18.610762397027084,18.69098177350811,18.04088765147845,18.169559478759766,23372799
1999-04-22,18.249780697765082,18.441986411199895,17.808577699633606,17.84868812561035,15776589
1999-04-23,18.009126915951082,18.145178044118285,17.51176928087485,17.679908752441406,15874173
1999-04-26,17.9378747508305,18.483915355118967,17.897124344344974,18.247243881225586,11279638
1999-04-27,18.30461772720965,18.581713043110987,18.027195873753882,18.556936264038086,13328911
1999-04-28,18.58171156341978,18.712109872611272,18.25571579044105,18.37796401977539,8974422
1999-04-29,18.223116429821182,18.36948835697801,17.961994765700556,18.09271812438965,10577499
1999-04-30,18.23942175058498,18.271694056425773,18.09272324439537,18.198671340942383,6034334
1999-05-03,18.287992270862024,18.62246322631836,18.108694940332526,18.62246322631836,6998577
1999-05-04,18.809910657744958,18.9973580695319,18.622463245958016,18.630613327026367,11392118
1999-05-05,18.638437835710285,18.939983429546274,18.54096487968109,18.769161224365234,8517102
1999-05-06,18.964432361955083,19.04593020269708,18.606162760067164,18.671361923217773,8886577
1999-05-07,18.70395925346804,18.785457081166797,18.475436423574187,18.500211715698242,7130535
1999-05-10,18.695485344309834,18.728410720825195,18.337217232128225,18.728410720825195,7188255
1999-05-11,18.654736297724103,18.687661674015605,18.337217107453046,18.418716430664062,8604136
1999-05-12,18.475441689949214,18.475441689949214,18.067947982516085,18.2149715423584,6424290
1999-05-13,18.2149715423584,18.2149715423584,18.2149715423584,18.2149715423584,0
1999-05-14,18.393939519383295,18.52466437944596,18.07642033138178,18.1249942779541,11862185
1999-05-17,18.100873571740895,18.223121833802427,17.848226965578814,17.864200592041016,9216139
1999-05-18,17.92972297489331,18.16574283556863,17.864197277385315,18.13347053527832,7177800
1999-05-19,18.043499957214348,18.36167230854081,18.0112276473354,18.174224853515625,8927969
1999-05-20,18.320918252097204,18.606163677279056,18.271692710801773,18.52466583251953,7588953
1999-05-21,18.61398809194371,18.776985260353698,18.549113981042268,18.62246322631836,7361606
1999-05-24,18.62246322631836,18.62246322631836,18.62246322631836,18.62246322631836,0
1999-05-25,18.337216529622825,18.393939071240553,17.994922054593694,18.10087013244629,6730458
1999-05-26,18.011222295899636,18.271690913893725,18.011222295899636,18.13347053527832,5073624
1999-05-27,18.214969378289044,18.27169192329331,17.725976393760423,17.848224639892578,7368385
1999-05-28,17.929723214606035,18.100870455172036,17.709676974487124,18.060121536254883,8106618
1999-05-31,18.10087261097293,18.47544092169916,17.96199913885061,18.450990676879883,5534572
1999-06-01,18.450986716699866,18.49173711598564,18.190191582578375,18.37796401977539,8729888
1999-06-02,18.36167240474856,18.50836944580078,18.100875686084084,18.50836944580078,8576207
1999-06-03,18.56541655423297,18.8669621712968,18.467618537338396,18.679189682006836,8063984
1999-06-04,18.760688460674167,19.10298302096241,18.500218294701888,19.070709228515625,6782449
1999-06-07,19.070703273080493,19.559696197509766,18.96443014865224,19.559696197509766,11290142
1999-06-08,19.559693123752574,19.69791495555623,19.33117031986728,19.36409568786621,8048468
1999-06-09,19.249677658081055,19.388224580219465,19.111455789250286,19.249677658081055,8162380
1999-06-10,19.16035660387101,19.298905023385338,18.744712829589844,18.744712829589844,8604327
1999-06-11,18.79361512966048,18.94846373961766,18.712117267404984,18.891414642333984,7341268
1999-06-14,18.964434033847454,19.364102697960067,18.95660900554065,19.20892906188965,9934702
1999-06-15,19.192950672505457,19.437447124125402,19.086676068420857,19.31519889831543,8585564
1999-06-16,19.282604329680673,19.3641021754082,19.005182444944644,19.347476959228516,8122945
1999-06-17,19.42114696488102,19.47819603797491,19.241851150238606,19.31519889831543,5324937
1999-06-18,19.51894814188902,19.52709822222346,19.20892597294047,19.396699905395508,14455285
1999-06-21,19.51894649864115,19.7549663338763,19.486346180047903,19.747142791748047,8413932
1999-06-22,19.812349240402202,19.85309816938775,19.380405249812185,19.51047706604004,9910115
1999-06-23,19.46972436332933,19.46972436332933,18.948459070793408,19.086679458618164,7711410
1999-06-24,19.095157101741282,19.217405355823878,18.74471250250765,18.78546142578125,7191788
1999-06-25,18.663210879649352,18.744710200449326,18.52466396382949,18.556936264038086,7775719
1999-06-28,18.638438199072457,18.776986618586786,18.40241830589049,18.744712829589844,5521013
1999-06-29,18.83436346566926,18.939986520425837,18.597691947539424,18.73624038696289,6908822
1999-06-30,18.923681681795202,18.980730763188642,18.42686664843649,18.49173927307129,7355543
1999-07-01,18.82621042797537,19.09515567632375,18.728410941452765,19.078855514526367,10694991
1999-07-02,19.029958796185593,19.53492546081543,18.980733251579995,19.53492546081543,7839836
1999-07-05,19.575673139470414,19.72269668870695,19.47820018503184,19.706398010253906,5782448
1999-07-06,19.641200664628187,19.65717429123541,19.412677764892578,19.412677764892578,6455751
1999-07-07,19.41267301556957,19.437448309204225,19.013656017103738,19.111454010009766,5892827
1999-07-08,19.225231997831177,19.33118010597287,18.46762012858355,18.73624038696289,21683023
1999-07-09,18.736236568307618,18.736236568307618,18.459466283516726,18.540964126586914,10462870
1999-07-12,18.58171156341978,18.58171156341978,18.312439811912714,18.37796401977539,8706160
1999-07-13,18.410242884935407,18.500217357212435,18.174222978484757,18.20649528503418,6441954
1999-07-14,18.30461913811802,18.450989608171756,18.263868732446213,18.271692276000977,11269565
1999-07-15,18.17421764701045,18.377963702880113,18.067943041694516,18.1901912689209,10216952
1999-07-16,18.011226581084067,18.190197404913718,17.929727240687626,17.978626251220703,12596216
1999-07-19,18.035669645783287,18.1416177158406,17.97047049091844,17.99492073059082,6198089
1999-07-20,17.978621835223915,18.133470395516298,17.741948901262223,17.83974838256836,9239819
1999-07-21,17.78269880142074,17.945695953312658,17.611876622576943,17.791173934936523,7928350
1999-07-22,17.831926805084304,17.848225483547093,17.644479386537242,17.668928146362305,5906433
1999-07-23,17.64448055064665,17.701203102074412,17.440732955932617,17.440732955932617,7135357
1999-07-26,17.481484028160317,17.538206581738446,17.252961125734554,17.359235763549805,6277483
1999-07-27,17.39998536152324,17.58743280677412,17.302187339767116,17.5629825592041,6365472
1999-07-28,17.562981215908668,17.823451362050463,17.440732955932617,17.440732955932617,9673506
1999-07-29,17.47300764911585,17.530383278729946,17.17993864448701,17.27773666381836,6116450
1999-07-30,17.359231551951588,17.554502487182617,17.204382996073726,17.554502487182617,5799205
1999-08-02,17.44072988295578,17.84822351632347,17.3100065107642,17.83974838256836,6162712
1999-08-03,17.676753902986338,17.978624557851006,17.56298078107553,17.888975143432617,6383661
1999-08-04,17.84822325601597,18.002745276501987,17.709676342933786,17.90494728088379,5106518
1999-08-05,17.741950186986223,17.76672696772642,17.415955850372548,17.481481552124023,7223345
1999-08-06,17.59525383426743,17.59525383426743,17.29370824535659,17.415956497192383,4349666
1999-08-09,17.456704998675203,17.63600233142574,17.399982452392578,17.399982452392578,3784403
1999-08-10,17.465182970058827,17.53820568431834,17.15548728327502,17.26926040649414,4549896
1999-08-11,17.3592376992158,17.391510009765625,17.204389088502847,17.391510009765625,3534712
1999-08-12,17.481480925351875,17.71750079284985,17.383681440464855,17.571128845214844,6099597
1999-08-13,17.48962862640047,17.90494728088379,17.48962862640047,17.90494728088379,6045792
1999-08-16,17.929727763315363,18.377970437906544,17.82345311905266,18.328744888305664,11774435
1999-08-17,18.31244260598525,18.434690853971958,18.149445436756878,18.223119735717773,5462148
1999-08-18,18.26387124501027,18.312445200919175,18.03567487890203,18.165746688842773,4532231
1999-08-19,18.20649244149633,18.23094268400006,17.98644619600945,18.084245681762695,3732077
1999-08-20,18.1334734580666,18.320919403349308,18.1334734580666,18.296470642089844,7576969
1999-08-23,18.402414773749637,18.687660155416054,18.29646670116804,18.663209915161133,6285026
1999-08-24,18.64691123925272,18.760682854381738,18.55693530504199,18.663209915161133,5825988
1999-08-25,18.638442439467717,18.93998810778649,18.556943088694858,18.77699089050293,7518963
1999-08-26,18.875111853049102,18.875111853049102,18.2149715423584,18.2149715423584,15191608
1999-08-27,18.060121294798787,18.271690913893725,17.945696598391642,18.13347053527832,12268420
1999-08-30,18.09272013264435,18.198668210969444,17.994922134846046,18.13347053527832,4633396
1999-08-31,18.01122394870341,18.0519728708151,17.766727447509766,17.766727447509766,7355113
1999-09-01,17.848225949794315,17.954174041748047,17.80747702618022,17.954174041748047,5438515
1999-09-02,17.92972763868741,18.067949537518043,17.864201924135187,17.9864501953125,10927351
1999-09-03,18.05197006530936,18.402414600086907,18.027194772012223,18.345365524291992,7095827
1999-09-06,18.377961813428964,18.638431863013075,18.32091274553934,18.59768295288086,5891013
1999-09-07,18.573235465211937,18.88293108713328,18.54096168240959,18.663209915161133,10006601
1999-09-08,18.59768511626672,18.842181574023822,18.377963951255644,18.532485961914062,8470602
1999-09-09,18.61399250276803,18.671366652835047,18.41024488077865,18.50836944580078,5380557
1999-09-10,18.549113367810595,18.60616244908114,18.353190828323868,18.475439071655273,5561212
1999-09-13,18.45946470850581,18.47543833188103,17.741948901262223,17.83974838256836,11311578
1999-09-14,17.945698637917232,18.239420686510467,17.83192700369047,18.019372940063477,11873834
1999-09-15,18.035673411642534,18.100872580121003,17.74195135802237,17.970474243164062,7615784
1999-09-16,17.86420308257152,17.880503248922043,17.709682492689215,17.741954803466797,5805889
1999-09-17,17.709675629558674,17.970470768789134,17.70119901200704,17.9378719329834,11314538
1999-09-20,18.027196337861703,18.25571771416377,18.011222713992574,18.149444580078125,4803023
1999-09-21,18.345368115809073,18.728411540467118,18.182369461145235,18.540964126586914,19311254
1999-09-22,18.296472842140346,18.744715523168452,18.230947126191687,18.73624038696289,16183445
1999-09-23,18.744712829589844,18.826212161820948,18.565415486090874,18.744712829589844,9076446
1999-09-24,18.459466666154857,18.53248937626047,18.377967337133573,18.52466583251953,6066607
1999-09-27,18.573238725025625,18.793611526489258,18.40241800358235,18.793611526489258,6694509
1999-09-28,18.76068523276408,18.8099107727905,18.23941993713379,18.23941993713379,7421665
1999-09-29,18.337217303893794,18.410240009575723,17.92124703359451,18.084245681762695,8306943
1999-09-30,18.04349609249553,18.174220960796973,17.83192645585561,18.141620635986328,8017340
1999-10-01,18.287993563411977,18.287993563411977,17.83975094753841,18.0112247467041,5030036
1999-10-04,18.011225198983706,18.304620723930284,17.961999654595033,18.296470642089844,4046410
1999-10-05,18.255718804300116,18.34536821326766,18.0356725488752,18.141620635986328,6520107
1999-10-06,18.124993416817205,18.29646718791639,17.970471397152505,18.28799057006836,5475181
1999-10-07,18.369491765351594,18.459466226885716,18.165744189777726,18.271692276000977,5691356
1999-10-08,18.214969693779192,18.35319156668618,18.124995232423498,18.23941993713379,5158843
1999-10-11,18.304619235944436,18.402417241555995,18.206493208489807,18.312442779541016,4650297
1999-10-12,18.263872121632335,18.280172286925843,17.9864501953125,17.9864501953125,4047126
1999-10-13,17.929725448578083,18.04349708557129,17.8641997420298,18.04349708557129,5208829
1999-10-14,18.002749169394853,18.296471241573112,17.978625460691006,18.20649528503418,8669972
1999-10-15,18.01122244207461,18.206491901700723,17.750425800147084,17.782699584960938,8715231
1999-10-18,17.72598117477764,17.872679703408146,17.603732895672916,17.741954803466797,5460047
1999-10-19,17.791174534824876,18.16574279509799,17.660451161916992,18.117170333862305,9247410
1999-10-20,18.124993876816415,18.263867330232937,17.945696558411235,18.117170333862305,10087142
1999-10-21,18.3372176244212,18.41024033137954,17.750426636691532,17.848224639892578,10551766
1999-10-22,17.945701930358624,18.206497163394577,17.831930275258532,18.174224853515625,8582413
1999-10-25,18.28017038686417,18.29647055046342,17.897125447852847,18.002748489379883,6786173
1999-10-26,18.035669051296033,18.1008682040118,17.970469898580266,18.09271812438965,5182380
1999-10-27,17.937877721334164,18.092724838836496,17.880502089428695,17.9864501953125,5084127
1999-10-28,18.051969731058154,18.418714419061164,17.945695123909704,18.37796401977539,6354539
1999-10-29,18.459464485816618,18.663210557911732,18.34536632922057,18.58171272277832,8656509
1999-11-01,18.581713690971856,18.581713690971856,18.40241636636991,18.475439071655273,4240815
1999-11-02,18.500212180134195,18.565411334486853,18.40241419073595,18.532485961914062,4795384
1999-11-03,18.48391528567904,19.005182075055306,18.475440151089412,18.9077091217041,14064040
1999-11-04,18.95660482386967,19.24967522379497,18.891407153615035,19.192951202392578,12226073
1999-11-05,19.527097361869856,19.71421821098535,19.380398890836467,19.559696197509766,17554878
1999-11-08,19.5026527906801,19.600452294549743,19.404854771072397,19.54340171813965,6744447
1999-11-09,19.665647220193073,19.795719013264467,19.527100292602682,19.72269630432129,9218717
1999-11-10,19.78789019783405,19.80419035588855,19.584144159198118,19.75496482849121,9725211
1999-11-11,19.7794189453125,19.7794189453125,19.763445321619937,19.7794189453125,0
1999-11-12,19.7794189453125,19.7794189453125,19.7794189453125,19.7794189453125,0
1999-11-15,19.967189544734588,19.991639784340183,19.494171733184285,19.624895095825195,11499537
1999-11-16,19.64119551300182,19.64119551300182,19.428972833155445,19.559696197509766,5636501
1999-11-17,19.600448339194234,19.600448339194234,19.168177914383765,19.23370361328125,9522260
1999-11-18,19.249675544200496,19.29890107736959,18.97290529936284,19.152202606201172,8641709
1999-11-19,19.274451159606997,19.274451159606997,18.972905616508275,19.111454010009766,6953508
1999-11-22,19.0707046549816,19.102978439688492,18.760683961489267,18.850658416748047,8471509
1999-11-23,18.801434496178384,19.070706294248588,18.7606855741077,18.9077091217041,6942862
1999-11-24,18.882936391399166,18.882936391399166,18.622466230096943,18.826213836669922,6347521
1999-11-25,18.866956393186495,19.35594781216494,18.850656233942114,19.31519889831543,9208214
1999-11-26,19.388228068755726,19.600452294549743,19.355954277006603,19.54340171813965,7976139
1999-11-29,19.510469092348973,20.007937109942247,19.50264555053715,19.92643928527832,11665393
1999-11-30,19.885691675279464,20.203210830688477,19.706394371310516,20.203210830688477,11978245
1999-12-01,20.16246070064782,20.399133620010712,20.10541162518056,20.374683380126953,12788711
1999-12-02,20.578437714884945,20.7329582948056,20.382840184074777,20.537687301635742,31537805
1999-12-03,20.496939993000325,20.643638523770463,20.12172001363896,20.602888107299805,21716537
1999-12-06,20.537678907303363,20.537678907303363,19.893840452265028,19.92643928527832,9781641
1999-12-07,19.88569495976911,20.056842212153757,19.608598136064856,19.72269630432129,12228460
1999-12-08,19.600451738325017,19.673472971199537,19.27445587511394,19.412677764892578,9797205
1999-12-09,19.461900327661212,19.575671953661036,19.355950760694668,19.478199005126953,5816726
1999-12-10,19.469723478961445,19.51894901645969,19.054406290674567,19.23370361328125,10852110
1999-12-13,19.29043092436912,19.29043092436912,19.070709681518036,19.102983474731445,4901562
1999-12-14,19.05440355872558,19.192950457969832,18.939978876297808,18.98920440673828,8677897
1999-12-15,18.85848446655607,18.90771000979023,18.736237694602146,18.744712829589844,10277871
1999-12-16,18.76068608954276,18.907709641178517,18.687663377984777,18.769161224365234,8241918
1999-12-17,18.703963905605203,18.7606864552882,18.646914818321978,18.744712829589844,18966653
1999-12-20,18.744711949159615,18.972908287574246,18.6632126207565,18.9077091217041,6165767
1999-12-21,18.776989316803075,18.850663631310145,18.6469174978472,18.73624038696289,5797821
1999-12-22,18.752860280955485,18.78545911871851,18.450988185981245,18.556936264038086,9480104
1999-12-23,18.43469098671976,18.67918748445379,18.418717361981628,18.540964126586914,7017578
1999-12-24,18.540964126586914,18.540964126586914,18.540964126586914,18.540964126586914,0
1999-12-27,18.540964091783586,18.785460589058673,18.49174003586266,18.71993637084961,6415982
1999-12-28,18.760684967041016,18.801433887793127,18.687662259852175,18.760684967041016,2885041
1999-12-29,18.719940812825484,18.907713324227835,18.695490563591587,18.891414642333984,3883992
1999-12-30,18.89922971129775,19.15220128960195,18.866955931118405,19.05440330505371,3029222
1999-12-31,19.05440330505371,19.05440330505371,19.05440330505371,19.05440330505371,0
2000-01-03,19.05440330505371,19.05440330505371,19.05440330505371,19.05440330505371,0
2000-01-04,18.826208022088455,18.858480319727157,18.37796401977539,18.37796401977539,10985596
2000-01-05,18.19019307714901,18.459464850780403,18.11717037422473,18.13347053527832,9509704
2000-01-06,18.117172437911286,18.48391571356063,18.011224347517878,18.46761703491211,9128533
2000-01-07,18.64691212131992,18.932157516479492,18.581712961817505,18.932157516479492,8576827
2000-01-10,19.15220438370883,19.290426250189242,18.858482360839844,18.858482360839844,10437663
2000-01-11,18.769156728936004,18.834355880981498,18.516185147038186,18.589860916137695,8301834
2000-01-12,18.426867633417515,18.68766281190153,18.369492011390633,18.638437271118164,8588429
2000-01-13,18.71211431519056,18.785462082796,18.613989764602803,18.703964233398438,6063791
2000-01-14,18.86696310255157,19.16818219686426,18.842187801616976,19.070709228515625,12933226
2000-01-17,19.152210599325496,19.184484395192854,18.939987830713175,19.143733978271484,7470457
2000-01-18,19.111459561481436,19.13590832467902,18.744714755159965,18.752864837646484,9948929
2000-01-19,18.826205761928588,18.858478055692874,18.59768295288086,18.59768295288086,6946156
2000-01-20,18.654736297724103,18.719935459440585,18.337217107453046,18.418716430664062,8207831
2000-01-21,18.174224853515625,18.443170169499897,18.174224853515625,18.174224853515625,11048711
2000-01-24,18.1823690543809,18.2472431646239,17.848224639892578,17.848224639892578,9106953
2000-01-25,17.725975094799495,17.839748198305713,17.29370617121354,17.326631546020508,8756719
2000-01-26,17.43225589231984,17.489630028359525,17.122886773262557,17.187759399414062,9196994
2000-01-27,17.269257135394376,17.538202362275637,17.245133432194002,17.38368034362793,7042595
2000-01-28,17.326633149556944,17.513754025275738,17.000638809764595,17.13071060180664,7249269
2000-01-31,16.976187526663296,17.13918468657678,16.535768508911133,16.535768508911133,10823369
2000-02-01,16.788740963067212,17.03323745727539,16.723216745680073,17.03323745727539,9709742
2000-02-02,17.23698283982129,17.32663075136435,16.870238145120027,17.098434448242188,6573674
2000-02-03,17.114739817075503,17.440734210962173,17.041390558959314,17.24513816833496,6285170
2000-02-04,17.17145702924447,17.245132802068316,16.821012496948242,16.821012496948242,6337638
2000-02-07,16.78874092426231,17.10626012527549,16.682467786173344,17.016937255859375,7068566
2000-02-08,17.07398580063523,17.36738128690757,16.90251350402832,16.90251350402832,9135742
2000-02-09,17.01693647926401,17.098435801512913,16.723215943835665,16.788740158081055,8833297
2000-02-10,16.698766347159403,16.845464836023847,16.650193883198,16.707242965698242,7868290
2000-02-11,16.756141967232494,16.772442129164475,16.511645475299545,16.707242965698242,7264690
2000-02-14,16.576517206013264,16.870239221191476,16.560218529223153,16.617267608642578,7583796
2000-02-15,16.61727051899402,16.772444160932928,16.29975128173828,16.29975128173828,12683536
2000-02-16,16.503494756602354,16.870239480329957,16.42199691861509,16.788740158081055,11527562
2000-02-17,16.951743018184068,17.962001500140488,16.951743018184068,17.522233963012695,23921782
2000-02-18,17.74195377531733,17.80747949032146,17.318486402239806,17.54668426513672,9936994
2000-02-21,17.399984030694558,17.54668253637056,17.31848469595657,17.440732955932617,6803646
2000-02-22,17.448883549059673,17.57895535713635,17.318485203363156,17.49745750427246,9293147
2000-02-23,17.53037770527949,17.848221909184826,17.522227625549384,17.611875534057617,7954273
2000-02-24,17.6852292577765,17.725978182512012,17.505931910973654,17.53038215637207,6876357
2000-02-25,17.628178787845677,17.66892770938752,17.367382127749718,17.399982452392578,6349383
2000-02-28,17.359232190349687,17.505929187129247,17.06551017497352,17.2858829498291,6314913
2000-02-29,17.30218545864804,17.391506850534423,17.155486957701154,17.310009002685547,5478332
2000-03-01,17.36738343473453,17.408133843604784,17.204386252039047,17.252960205078125,4596874
2000-03-02,17.29370617121354,17.350755249610536,17.12288547357191,17.326631546020508,4150153
2000-03-03,17.293707543278845,17.375206869281314,17.08213642695239,17.212209701538086,7360078
2000-03-06,17.18775670905674,17.302181394174745,17.089958720907187,17.196231842041016,6154214
2000-03-07,17.04138946533203,17.252960605982842,16.99249045781331,17.04138946533203,5694269
2000-03-08,16.935437826188817,17.01693566025366,16.544244363597493,16.552392959594727,9149205
2000-03-09,16.69094388013663,16.763966591705113,16.389398286257283,16.446447372436523,8699190
2000-03-10,16.58499471973177,16.788740806834763,16.576518101192928,16.707242965698242,15164729
2000-03-13,16.576520109227673,16.61727051899402,16.209776811163657,16.29975128173828,7641087
2000-03-14,16.307900154713387,16.51946979515388,16.25899966661898,16.503496170043945,7269750
2000-03-15,16.381249933770842,16.625746467277025,16.324200841570196,16.576520919799805,6570236
2000-03-16,16.788740643736674,17.12288653878769,16.723216427595837,17.073986053466797,12154842
2000-03-17,17.76672948416421,17.76672948416421,17.114739234328777,17.359235763549805,25514356
2000-03-20,17.31848400751475,17.359234415394774,17.130711530716585,17.23698616027832,4269555
2000-03-21,17.318483329313324,17.8074763306299,17.245135566525235,17.75042724609375,12863714
2000-03-22,17.848225252652366,17.91342441844536,17.66892791778707,17.75042724609375,7729839
2000-03-23,17.741951127200135,17.799001697605654,17.424433392390977,17.603729248046875,6375832
2000-03-24,17.68522785360595,17.831926345825195,17.497455386567985,17.831926345825195,5649057
2000-03-27,17.725975926915275,17.83974903576238,17.546680087189333,17.571128845214844,5544836
2000-03-28,17.522228708527937,17.88049679570358,17.45670301337534,17.791173934936523,9263738
2000-03-29,17.81562580024613,18.00274667235959,17.750426636691532,17.848224639892578,5951502
2000-03-30,17.766724573455587,18.08424373291061,17.734124253630462,18.067943572998047,10032095
2000-03-31,18.133468977760028,18.58986157396716,18.067943285880165,18.532485961914062,12986888
2000-04-03,18.532491754873682,18.826213836669922,18.320920603555624,18.826213836669922,13212086
2000-04-04,18.94845654367578,19.152202606201172,18.907706143761487,19.152202606201172,11180096
2000-04-05,19.070704210319036,19.08667783352162,18.589862826495462,19.013656616210938,14261596
2000-04-06,19.111458722380718,19.184481439657528,18.74471393216141,18.948461532592773,8191312
2000-04-07,18.826209220350094,19.06222907665552,18.760683524055306,19.013656616210938,7246548
2000-04-10,19.04593099712599,19.06223115965896,18.79361095249679,18.9077091217041,7231700
2000-04-11,18.89140663205307,19.32334897793762,18.87510647280869,19.31519889831543,13953088
2000-04-12,19.61641877450157,19.804191200587137,19.559694756386563,19.591968536376953,19796884
2000-04-13,19.46971933257449,19.747141133534093,19.331170958710338,19.681941986083984,14528043
2000-04-14,19.559696197509766,19.624895353051105,19.3559486509104,19.559696197509766,9595591
2000-04-17,19.056117289124668,19.45330502916027,19.056117289124668,19.436742782592773,8840983
2000-04-18,19.470202003053522,19.486765759076835,19.18829387388202,19.445356369018555,6347664
2000-04-19,19.503335537919153,19.56097688816304,19.221759118114324,19.37911033630371,5879125
2000-04-20,19.296288752602702,19.54473908130818,19.296288752602702,19.45330810546875,5094965
2000-04-21,19.45330810546875,19.45330810546875,19.45330810546875,19.45330810546875,0
2000-04-24,19.45330810546875,19.45330810546875,19.45330810546875,19.45330810546875,0
2000-04-25,19.51956043864492,19.975053182962345,19.511610378527642,19.784574508666992,8162619
2000-04-26,19.908801071989505,20.00023054045783,19.58614715799193,19.793188095092773,7269989
2000-04-27,19.68519711501923,19.83459823246661,19.627555779342213,19.776626586914062,6540255
2000-04-28,19.834597197010584,20.00851212458908,19.751779918431406,19.95020866394043,5017862
2000-05-01,19.95020866394043,19.95020866394043,19.95020866394043,19.95020866394043,0
2000-05-02,19.89223553155131,20.37290421125129,19.83459571146466,20.22350311279297,11897036
2000-05-03,20.157247882527265,20.26490927167708,20.049916803182917,20.140684127807617,9205206
2000-05-04,19.876001358032227,20.165859516352775,19.776621848969157,19.876001358032227,7003494
2000-05-05,19.876001358032227,19.90084698942995,19.652396708508363,19.876001358032227,4949161
2000-05-08,19.908797048502212,19.917410743695097,19.685192398978348,19.876001358032227,4169107
2000-05-09,19.850830118712718,20.190709930129167,19.850830118712718,20.12445640563965,8799209
2000-05-10,20.165863037109375,20.34772802292576,20.115841455784263,20.165863037109375,11584136
2000-05-11,20.083048070643034,20.588229109748262,20.083048070643034,20.48851776123047,9961867
2000-05-12,20.64620089356679,20.662764651498005,20.3642927319236,20.554771423339844,9987600
2000-05-15,20.53853943769787,20.5547713774591,20.306321042102425,20.41431427001953,6542021
2000-05-16,20.43916246448403,20.48057035613691,20.165866458087514,20.455724716186523,10326854
2000-05-17,20.381184472484485,20.422592351255794,20.20726957172824,20.33977508544922,9088525
2000-05-18,20.215553707989095,20.455720638309717,19.900849872676353,20.264911651611328,14043941
2000-05-19,20.306319677991738,20.31493337449323,19.933645708255952,20.041637420654297,9510945
2000-05-22,20.041637136939112,20.356340970012727,20.041637136939112,20.198657989501953,10447259
2000-05-23,20.372906383548166,20.563383566274993,20.174145813609975,20.41431427001953,10085805
2000-05-24,20.40569899355578,20.704169359037266,20.32288172488014,20.596176147460938,12020974
2000-05-25,20.720405029806997,20.96090531129281,20.671047081096557,20.819786071777344,12325567
2000-05-26,20.72040216503643,20.968852473215513,20.604790707084778,20.70417022705078,9091962
2000-05-29,20.803224321375215,20.8698081629058,20.72040702978361,20.74558448791504,3922997
2000-05-30,20.75386529116212,20.81183694400229,20.538542440117038,20.5799503326416,6497573
2000-05-31,20.621355056762695,20.704170823030232,20.49712989909727,20.621355056762695,6249554
2000-06-01,20.621355056762695,20.704170823030232,20.49712989909727,20.621355056762695,6443004
2000-06-02,20.62964055658612,20.952626348483342,20.62964055658612,20.844633102416992,9707116
2000-06-05,20.902599550879653,20.911213247262218,20.471952438354492,20.471952438354492,6180997
2000-06-06,20.422596041774383,20.422596041774383,20.066484298502736,20.27352523803711,9977383
2000-06-07,20.430543118373667,20.61273990284887,20.38913523816785,20.596176147460938,9228218
2000-06-08,20.712454276863234,20.786989678785066,20.381188170066125,20.48851776123047,6469215
2000-06-09,20.455723856827213,20.55477308602866,20.364294379204477,20.497133255004883,3890724
2000-06-12,20.497133255004883,20.497133255004883,20.497133255004883,20.497133255004883,0
2000-06-13,20.538541692760038,20.65415317605199,20.50541568159867,20.61274528503418,6024976
2000-06-14,20.662761248591583,20.819782088416453,20.62963373818485,20.811830520629883,6998529
2000-06-15,20.786991535379926,20.819787235815827,20.604794707889294,20.637590408325195,6211409
2000-06-16,20.662764884535925,20.704172771566725,20.54682159423828,20.54682159423828,11445207
2000-06-19,20.480569301468357,20.49713306058231,20.331498485971466,20.4305477142334,5271657
2000-06-20,20.53854455955584,20.612748162187415,20.397755598873612,20.513368606567383,5218712
2000-06-21,20.563381908805653,20.678994878349354,20.422594502845193,20.621355056762695,8039684
2000-06-22,20.621355056762695,20.720402761483122,20.46400238597896,20.621355056762695,7896219
2000-06-23,20.629634050172076,20.654147865268744,20.298367990678923,20.52197265625,7479862
2000-06-26,20.53853609202252,20.563380216552602,20.331493676863893,20.464000701904297,5123658
2000-06-27,20.786986019309175,21.035436309800325,20.77042226440604,20.97746467590332,16917094
2000-06-28,21.060283116534773,21.151050453726832,20.98541740838917,21.01026153564453,10538255
2000-06-29,21.01026049108318,21.233866674849427,20.944006974589193,21.118253707885742,9247601
2000-06-30,21.184505515608805,21.507491193931525,21.151047696093745,21.399497985839844,10388297
2000-07-03,21.424684642362376,21.565141794259084,21.341868843207003,21.490938186645508,8471318
2000-07-04,21.424684642362376,21.515452013112913,21.408120879225415,21.490938186645508,4701285
2000-07-05,21.440909406214253,21.490930988845097,21.192459075430342,21.26699447631836,7573627
2000-07-06,21.225590864430426,21.65656840054593,21.20107704123734,21.590314865112305,10960627
2000-07-07,21.598262308978157,21.673128020499046,21.44090962678866,21.532339096069336,7370629
2000-07-10,21.615155972356927,21.722487069393672,21.482317111161144,21.697973251342773,7936513
2000-07-11,21.590312142126436,21.772177146372112,21.590312142126436,21.755945205688477,6897602
2000-07-12,21.772178194238588,21.838763542672805,21.664848591322713,21.79735565185547,6924720
2000-07-13,21.772172008312513,21.80529951816569,21.631716434301993,21.673124313354492,4871437
2000-07-14,21.54890984936016,21.631727156780254,21.20936175464074,21.490938186645508,10632020
2000-07-17,21.49920929976979,21.49920929976979,20.927443022337904,21.051668167114258,10767798
2000-07-18,21.085129206376568,21.30045201912868,21.00231192779119,21.13448715209961,6955704
2000-07-19,21.134481973820822,21.316678735456243,21.05166622379079,21.2590389251709,4869623
2000-07-20,21.2093519028868,21.325295174460397,21.151048449016095,21.29216766357422,3790418
2000-07-21,21.2093557331046,21.34981284512421,21.143102207631472,21.233869552612305,6787892
2000-07-24,21.209359749819324,21.45780863206546,21.13449251280652,21.4246826171875,5857450
2000-07-25,21.490938186645508,21.590317748937846,21.440916587261302,21.490938186645508,6905193
2000-07-26,21.432623325031102,21.432623325031102,21.25075837012648,21.358089447021484,5376928
2000-07-27,21.32529606137291,21.366703943438758,21.250760667043117,21.341859817504883,3050371
2000-07-28,21.36670708603153,21.399502785021323,21.225587844848633,21.225587844848633,2888049
2000-07-31,21.250757864990874,21.424672756652512,21.233863801252866,21.366701126098633,3295669
2000-08-01,21.366701126098633,21.366701126098633,21.366701126098633,21.366701126098633,0
2000-08-02,21.333579299011532,21.673127271771605,21.32529742041775,21.565134048461914,6654310
2000-08-03,21.639670023210336,21.706253855322398,21.507494796840817,21.540620803833008,4759530
2000-08-04,21.59826643564537,21.722491626050353,21.54890697106548,21.590314865112305,4189015
2000-08-07,21.647950956652966,21.946421349468746,21.647950956652966,21.929527282714844,10334970
2000-08-08,21.880170343720344,21.905015981931918,21.75594516919113,21.830480575561523,5289513
2000-08-09,21.830481876252172,21.987834577772112,21.71453857421875,21.71453857421875,6418370
2000-08-10,21.515444175174586,21.72248661416823,21.457802843431622,21.573747634887695,8434079
2000-08-11,21.548897621393678,21.739376264587094,21.532333867655854,21.58202362060547,4759912
2000-08-14,21.598264659766265,21.68108044105053,21.56513714064105,21.656566619873047,3164474
2000-08-15,21.730764959662253,21.83875817235746,21.689357079027424,21.70625114440918,5281779
2000-08-16,21.789071633736487,21.8053035736084,21.64795239733289,21.8053035736084,3997427
2000-08-17,21.830480000775605,21.905015405183516,21.714536708702976,21.85499382019043,5963055
2000-08-18,21.854990747089705,21.896400137195993,21.656562017467643,21.822195053100586,5839690
2000-08-21,21.929526914930495,22.020626068115234,21.73938005661923,22.020626068115234,9645768
2000-08-22,21.970936501901686,22.09516166970909,21.85499321305001,22.08721160888672,8791236
2000-08-23,22.112054625338196,22.21938571996669,22.06203455251479,22.19487190246582,10922195
2000-08-24,22.19487175998038,22.277689036576337,22.078928477704533,22.128618240356445,4802212
2000-08-25,22.203153235415765,22.203153235415765,21.979216735300632,22.14484977722168,5037579
2000-08-28,22.095161715171262,22.26079476983385,22.07892977535977,22.22766876220703,4059252
2000-08-29,22.194874666505523,22.211438425646648,21.863608533269115,21.9547061920166,6160134
2000-08-30,21.954706843572865,21.987834362838253,21.61515882068903,21.79735565185547,5655932
2000-08-31,21.722483830809814,21.813581466674805,21.656560628962318,21.813581466674805,4324602
2000-09-01,21.789066958743295,21.996109364617997,21.763891017263163,21.905010223388672,4918559
2000-09-04,21.913296065136088,21.946422071771906,21.58202845745691,21.697973251342773,3974988
2000-09-05,21.730762569668432,21.797347894405622,21.33357485585739,21.58202362060547,8138653
2000-09-06,21.56513635975372,21.822198900510237,21.424679243252797,21.548904418945312,4931735
2000-09-07,21.449520111083984,21.590307506162294,21.399498535430787,21.449520111083984,3002056
2000-09-08,21.44090345684482,21.48231133106431,21.22558070098691,21.34980583190918,3930302
2000-09-11,21.38327133089625,21.582030405177026,21.325299682853633,21.474037170410156,4235515
2000-09-12,21.474034640676226,21.615155376708152,21.283887778157716,21.50749397277832,5639652
2000-09-13,21.615157909351193,21.714537446428523,21.56513632265868,21.62343978881836,5710405
2000-09-14,21.39121969184414,21.639670023210336,21.38326963115772,21.540620803833008,5395691
2000-09-15,21.457803694414533,21.54890285382912,21.432627747908764,21.532339096069336,17688269
2000-09-18,21.408113929399406,21.532339096069336,21.201072990459014,21.532339096069336,5106614
2000-09-19,21.449522582796153,21.7393807922577,21.416395068421018,21.565134048461914,7331767
2000-09-20,21.68935371868936,21.68935371868936,21.31667832592255,21.34980583190918,4905000
2000-09-21,21.482309338012715,21.59030252395728,21.175887477384087,21.55684471130371,7846663
2000-09-22,21.4495247777871,22.277691606215665,21.4495247777871,22.186262130737305,12430456
2000-09-25,22.153468039739657,22.170031799824976,22.03752473567132,22.112058639526367,4823457
2000-09-26,22.10344713298427,22.14485502621341,21.730771569128585,22.095165252685547,7327184
2000-09-27,22.05375667757973,22.36050900774836,22.02063066567354,22.112058639526367,7833343
2000-09-28,22.170031655438027,22.42643208385591,22.170031655438027,22.26079750061035,9053435
2000-09-29,22.32737995743765,22.377069722667166,21.946422576904297,21.946422576904297,11246983
2000-10-02,22.04580647213607,22.27769307876254,22.03752459214735,22.26079750061035,5288128
2000-10-03,22.260796568482025,22.26907844812396,22.08721343895538,22.236284255981445,3189252
2000-10-04,22.19487350969215,22.410196334246592,22.144851924982298,22.35189437866211,5071905
2000-10-05,22.434710978112307,22.542704212499526,22.368789268983075,22.385021209716797,4915789
2000-10-06,22.385018424309052,22.484729766845703,22.285970717995607,22.484729766845703,3816055
2000-10-09,22.410195679947307,22.45988695332993,22.269076445358234,22.31048583984375,3287219
2000-10-10,22.294254551094742,22.47611954921714,22.260795216398424,22.35189437866211,4892062
2000-10-11,22.294251751946263,22.74974298128279,22.285969873847183,22.526138305664062,15243026
2000-10-12,22.48472891516868,22.584109944093516,22.3605037602107,22.526138305664062,7034192
2000-10-13,22.42642517660031,22.592058200567084,22.294249972193853,22.51752281188965,10079073
2000-10-16,22.53441764696118,22.575825524531005,22.302199301286223,22.335657119750977,6282926
2000-10-17,22.393295565514293,22.434703440554376,22.070641735104335,22.103437423706055,6366617
2000-10-18,22.11205383613933,22.401913541608582,22.02062588214734,22.360504150390625,8718525
2000-10-19,22.360501242987304,22.401910628821046,22.227663915049405,22.335657119750977,7018580
2000-10-20,22.37707114842638,22.45988843459512,22.351895200207903,22.385021209716797,5726160
2000-10-23,22.418476247807625,22.550652976036325,22.36050460718232,22.484729766845703,3706965
2000-10-24,22.567542269281102,22.77458315275122,22.517520699537407,22.73317527770996,7509415
2000-10-25,22.700052556393462,22.857403710877104,22.61723528609131,22.83255958557129,4733654
2000-10-26,22.87396812438965,23.03131928339832,22.658643818717472,22.87396812438965,7381323
2000-10-27,22.91537700459161,22.973016827402443,22.708334567997273,22.898813247680664,3359643
2000-10-30,22.82427661125562,22.98990963563901,22.70833183509688,22.94021987915039,5442955
2000-10-31,23.02303773928805,23.08100937852843,22.484729229694747,22.584110260009766,10317926
2000-11-01,22.617236264605367,22.65036226920097,22.34361000672963,22.584110260009766,6688302
2000-11-02,22.550649550132725,22.72456444558741,22.39329690072331,22.683155059814453,8936658
2000-11-03,22.584111908093174,22.700055195034942,22.50129462816439,22.65036392211914,8117789
2000-11-06,22.095162082329196,22.393302188981785,21.94642309301032,22.285972595214844,5210930
2000-11-07,22.31909860339212,22.41019625707784,22.153465545977188,22.285972595214844,4296864
2000-11-08,22.443317327812917,22.617232214389993,22.410189820885567,22.592056274414062,7465874
2000-11-09,22.56754886262429,22.691774032305563,22.50924539918562,22.558935165405273,4278101
2000-11-10,22.52614306199454,22.898817097293442,22.360508481567912,22.84051513671875,6994900
2000-11-13,22.79115674879075,23.088965077839998,22.79115674879075,23.006149291992188,4688204
2000-11-14,22.96473648526561,23.04755376709657,22.84879470392507,22.989913940429688,6035336
2000-11-15,23.02303937372448,23.1386523505732,22.948503972762875,23.014427185058594,5996952
2000-11-16,23.031316188939204,23.088956001495344,22.907091050736323,23.055830001831055,3324935
2000-11-17,23.105853375481097,23.13036719028472,22.89019877213087,23.06444549560547,4749266
2000-11-20,23.047556186149,23.205239197222937,23.039606124440557,23.180063247680664,5757622
2000-11-21,23.147263486423494,23.495093330738225,23.09724190601841,23.395713806152344,8232943
2000-11-22,23.345687940839895,23.461631200997715,23.26287068004265,23.271484375,6076920
2000-11-23,23.31289587636437,23.42022696651843,23.13865064924557,23.354305267333984,9834110
2000-11-24,23.296001810137792,23.370867515457725,22.99819355457992,23.354305267333984,8785030
2000-11-27,23.395713150039494,23.47853042371462,23.23008011095335,23.354305267333984,4402994
2000-11-28,23.337406727182138,23.403992054110752,23.254590972295144,23.31289291381836,9566851
2000-11-29,23.312892251266685,23.420223324731026,23.246638744281665,23.271484375,6071000
2000-11-30,23.23007889011329,23.354304039965363,23.08100810698519,23.321176528930664,8430451
2000-12-01,23.329456668101326,23.395710176969267,23.188669281487865,23.31289291381836,7777103
2000-12-04,23.38710354129955,23.7269833751722,23.31289995095201,23.685575485229492,8301739
2000-12-05,23.934024680984713,24.430925369262695,23.86777115533003,24.430925369262695,20223363
2000-12-06,24.447487748309538,24.4806152654436,23.039604468455156,23.37087059020996,22324578
2000-12-07,23.188671963739456,23.26287403200731,22.898812263314937,23.147262573242188,12261736
2000-12-08,23.196958322585555,23.25459966606457,22.86569216266536,23.006149291992188,7114685
2000-12-11,23.147263479106023,23.18005917468824,22.683158535387623,22.9730167388916,8688878
2000-12-12,22.915377887645448,22.97301771267746,22.7331810793965,22.799102783203125,7715516
2000-12-13,22.890195823864374,23.105850399438207,22.80737856651601,23.023033142089844,7803409
2000-12-14,23.00614267767885,23.14726189453857,22.700052556393462,22.83255958557129,11981730
2000-12-15,22.608952508755657,23.081007461690294,22.608952508755657,22.857402801513672,13900954
2000-12-18,22.940222365012563,23.486812762145274,22.898812973231507,23.478530883789062,7620987
2000-12-19,23.60275988209055,23.975435442973495,23.337415437783218,23.768394470214844,10547612
2000-12-20,23.702137413717324,23.80979882421103,23.238364255735664,23.751495361328125,7371202
2000-12-21,23.644162347213733,23.676958040339212,23.105853864384333,23.1141357421875,9399229
2000-12-22,23.188675168355225,23.221469358921976,22.79910407532866,23.031322479248047,5331335
2000-12-25,23.031322479248047,23.031322479248047,23.031322479248047,23.031322479248047,0
2000-12-26,23.031322479248047,23.031322479248047,23.031322479248047,23.031322479248047,0
2000-12-27,23.064444317430628,23.72697639465332,22.998190808055572,23.72697639465332,3969450
2000-12-28,23.851197956523528,24.01683245923409,23.43711471627451,24.00821876525879,6944390
2000-12-29,24.016836063768153,24.016836063768153,23.72697639465332,23.72697639465332,2373105
2001-01-01,23.72697639465332,23.72697639465332,23.72697639465332,23.72697639465332,0
2001-01-02,23.72697639465332,23.72697639465332,23.72697639465332,23.72697639465332,0
2001-01-03,23.685574215180047,24.637966190644505,23.676962026103965,24.563430786132812,16391600
2001-01-04,23.851208553264694,24.082764840270393,23.420231059865213,23.685575485229492,14277398
2001-01-05,23.5613479682789,23.693855012859267,22.600343847603884,22.65036392211914,17156663
2001-01-08,22.81599183788286,22.865681588064618,21.937803744603748,22.120330810546875,14021884
2001-01-09,22.219385577323877,22.37706856188016,22.004393079594585,22.128618240356445,7960241
2001-01-10,22.078930924619954,22.20315609914917,21.830480575561523,21.830480575561523,5286648
2001-01-11,21.921573349984314,22.319092887631076,21.905009596005396,22.2114315032959,5931546
2001-01-12,22.277693223850655,22.45989005999582,21.905017671517665,22.112058639526367,7977762
2001-01-15,22.17797783553496,22.19487190246582,21.83047829632694,22.19487190246582,5248598
2001-01-16,22.269073398643457,22.277687094493096,21.89639945711032,22.20315170288086,8811765
2001-01-17,22.36050329956667,22.666925241599543,22.285969414738606,22.401912689208984,6682239
2001-01-18,22.29425590521061,22.310487846333626,22.004396150800417,22.236284255981445,4968735
2001-01-19,22.236282305894242,22.310485889738885,21.673128114009835,21.946422576904297,7303647
2001-01-22,21.97921713428617,22.13656830072792,21.615155348601142,22.128618240356445,5412305
2001-01-23,22.05375267397561,22.550653320213023,21.929527512416257,22.19487190246582,7667106
2001-01-24,22.260796568482025,22.467839034737253,22.219388678536728,22.236284255981445,5036863
2001-01-25,22.351890333467335,22.73317796514318,22.33565839626784,22.56754493713379,5705392
2001-01-26,22.66692460682058,22.989910295665283,22.66692460682058,22.98162841796875,6613825
2001-01-29,22.981631126048843,23.023039011146864,22.71628673172965,22.815998077392578,3962432
2001-01-30,22.898812906543824,22.95678454660434,22.74974362135856,22.915376663208008,4189301
2001-01-31,23.02303610746584,23.097239679773015,22.940220347714583,23.06444549560547,4389149
2001-02-01,23.138652067531464,23.296003238068543,22.791152521510035,22.881919860839844,6558969
2001-02-02,22.964733524705007,23.105854251280917,22.80738236860221,22.948501586914062,3539725
2001-02-05,22.907091050736323,23.072724065585536,22.815993420461616,23.055830001831055,4093292
2001-02-06,23.171777385541308,23.262875032023192,22.70005419780595,22.898813247680664,9307565
2001-02-07,22.940223647737778,22.97301783662287,22.567548150454574,22.65036392211914,4693456
2001-02-08,22.68315763490297,23.17177637638265,22.61723593650763,22.87396812438965,6483442
2001-02-09,22.91537435580323,23.055831438669195,22.807381146780024,22.93160629272461,3234607
2001-02-12,23.072725864969396,23.171775070160347,22.92332477437857,23.06444549560547,4421566
2001-02-13,23.055832773494025,23.23836138230433,22.91537568249625,23.16382598876953,6133732
2001-02-14,23.06444475636346,23.23007777882125,22.62551581399957,22.658641815185547,8130489
2001-02-15,22.981627077468275,23.22146366553928,22.79114842635054,23.17177391052246,9157273
2001-02-16,23.188676335710902,23.453688943538204,23.122422806687986,23.26287841796875,11340748
2001-02-19,23.41227166821107,23.536496796797817,23.38709422115962,23.403989791870117,4368668
2001-02-20,23.403994761268894,23.42022669936875,23.055833112577325,23.147262573242188,5699043
2001-02-21,23.13865064924557,23.437121032745008,23.114136832766633,23.354305267333984,7625953
2001-02-22,23.337405325705284,23.428504460526913,23.238357640544084,23.304279327392578,5708257
2001-02-23,23.296001963911458,23.321177908498143,22.815996909711146,22.92332649230957,6381226
2001-02-26,22.93161279851543,23.06445167772007,22.61724072379122,22.84051513671875,5924719
2001-02-27,22.915374904660503,23.08895799341274,22.8073816930507,22.98162841796875,12692846
2001-02-28,22.981631084915183,23.50304555611024,22.964735509478533,23.437122344970703,7528607
2001-03-01,23.519939134870786,23.676959991455078,23.321178576007938,23.676959991455078,14021693
2001-03-02,23.776672162563152,23.826361926942585,23.56134783923333,23.710086822509766,11771618
2001-03-05,23.809797740598892,23.934022903442383,23.685572577755405,23.934022903442383,6496809
2001-03-06,23.983711505457148,23.991993383680867,23.345691655031878,23.42022705078125,9913505
2001-03-07,23.312895610438993,23.503043972099196,23.08100905671065,23.147262573242188,10834827
2001-03-08,22.98990982541981,23.055831519296763,22.641748200788065,22.857402801513672,12355597
2001-03-09,22.96473229445331,23.064445134242323,22.757691390054987,22.93160629272461,7167678
2001-03-12,22.881916806282018,22.98162813898485,22.741459721756968,22.774585723876953,6064841
2001-03-13,22.592063253176615,22.658647089115863,22.35189478681985,22.550655364990234,8332341
2001-03-14,22.484729445844426,22.484729445844426,20.761812190396405,22.15346336364746,15497203
2001-03-15,22.1534662971199,22.666929244995117,21.45780501916703,22.666929244995117,13241161
2001-03-16,22.691768459901912,22.691768459901912,22.211431657294142,22.277685165405273,13279259
2001-03-19,22.2776919539468,22.360507733123725,21.94642431244604,21.9547061920166,8088237
2001-03-20,21.99611270937273,22.16174575430049,21.74766238784901,22.128618240356445,4067464
2001-03-21,21.896402501807266,22.062035555327064,21.366706135452876,21.946422576904297,8661187
2001-03-22,21.656562550311076,21.8135834019543,20.646199047347583,20.82839584350586,13130639
2001-03-23,20.902600634809403,21.631719679880693,20.886036877397625,21.408113479614258,8538729
2001-03-26,21.606541019552438,22.43470772821401,21.53233744172905,22.360504150390625,8732180
2001-03-27,22.356639256262874,22.90316030175448,22.28971012426319,22.617624282836914,11066232
2001-03-28,22.718529692315585,22.81068208637402,22.348240302584294,22.575593948364258,6902424
2001-03-29,22.51639144407744,22.684551883557837,22.281301872597357,22.617624282836914,7245879
2001-03-30,22.608885715300296,22.953951827458607,22.499918355885633,22.77704620361328,9858649
2001-04-02,22.903161850851333,23.02087431957718,22.482759958076315,22.802602767944336,4026740
2001-04-03,22.592399024846095,22.65966350539644,22.373790611516515,22.390270233154297,6442479
2001-04-04,21.995434251600454,22.566844839188796,21.902946523635304,22.281307220458984,9887103
2001-04-05,22.57559051289298,22.91191148060006,22.533549243470222,22.852718353271484,7134689
2001-04-06,23.080073114123433,23.10496099560093,22.583998360457613,22.726598739624023,5895882
2001-04-09,22.819083022733125,23.281524658203125,22.819083022733125,23.281524658203125,4892205
2001-04-10,23.180966557085416,23.542512240861733,23.020875934605932,23.458431243896484,6136740
2001-04-11,23.391164047236625,23.55932449043928,23.20618710033007,23.332307815551758,5048798
2001-04-12,23.14699078972788,23.5425062657938,23.14699078972788,23.34912109375,3559920
2001-04-13,23.34912109375,23.34912109375,23.34912109375,23.34912109375,0
2001-04-16,23.34912109375,23.34912109375,23.34912109375,23.34912109375,0
2001-04-17,23.33230459236917,23.44968015818991,23.17255242308703,23.34912109375,9224160
2001-04-18,23.542512240861733,23.62659170654801,23.399238124031097,23.458431243896484,17539171
2001-04-19,23.088474417316426,23.43320355229423,22.76056025460377,23.13051414489746,18219493
2001-04-20,23.248233064826128,23.248233064826128,22.71852683756459,22.77704620361328,5982391
2001-04-23,22.72659909286184,22.810680105923318,22.3737984757442,22.50832748413086,4501772
2001-04-24,22.650925862935477,22.903165817260742,22.600476340791293,22.903165817260742,4053619
2001-04-25,22.726593357660317,22.978834801910747,22.718521986701003,22.911907196044922,4094581
2001-04-26,22.869873232136396,22.869873232136396,22.449469698199884,22.56684684753418,14688695
2001-04-27,22.58400067224895,22.634450203233484,22.163598633000273,22.575593948364258,10831199
2001-04-30,22.668073654174805,22.73500125900745,22.40742396163588,22.668073654174805,6582602
2001-05-01,22.668073654174805,22.668073654174805,22.668073654174805,22.668073654174805,0
2001-05-02,22.701707377936625,22.743748643008555,22.323346711242284,22.474353790283203,10124667
2001-05-03,22.415835886957893,22.449467369919606,22.138034294463775,22.1884822845459,6693076
2001-05-04,22.53354835510254,22.53354835510254,22.53354835510254,22.53354835510254,181944
2001-05-07,22.70170322712268,23.104953229027323,22.5503592943727,23.004392623901367,6806886
2001-05-08,23.004401267319373,23.038034285864303,22.78579277189452,22.836240768432617,6146577
2001-05-09,22.718529775835492,22.970771306567894,22.668081775944895,22.76864242553711,4181609
2001-05-10,22.836234527624576,23.038027989909065,22.735001680767837,22.886682510375977,3776364
2001-05-11,23.794755745645816,23.92928474849887,23.391170268365858,23.74397087097168,16440346
2001-05-14,23.878832838886794,23.878832838886794,23.55932689233269,23.71067237854004,6515010
2001-05-15,23.794755782399616,23.996212405566325,23.69352291431902,23.845205307006836,5997262
2001-05-16,23.743962244640525,24.16436560864092,23.6935142697185,24.029836654663086,24412072
2001-05-17,24.282082371973473,24.316050732161536,23.912128448486328,23.912128448486328,7322342
2001-05-18,23.99620582433474,24.080286811007408,23.895646746682733,23.962909698486328,15128249
2001-05-21,24.013369394842734,24.063817395733,23.8280554892504,24.047000885009766,4680026
2001-05-22,24.181526976434906,24.23197497120879,23.99621309331029,24.215158462524414,4565427
2001-05-23,24.215153196867327,24.383315184585275,24.131073734287266,24.248449325561523,3401822
2001-05-24,24.248449325561523,24.248449325561523,24.248449325561523,24.248449325561523,0
2001-05-25,24.26560939929407,24.400138422521074,24.029849024090904,24.047000885009766,5513104
2001-05-28,24.113922119140625,24.16437163792903,24.08029063789405,24.113922119140625,1835601
2001-05-29,24.080294105452925,24.215158462524414,24.046997969518387,24.215158462524414,5988021
2001-05-30,24.24845753837521,24.349690421630807,24.013369394842734,24.047000885009766,6697455
2001-05-31,23.99620944123363,24.046994309712584,22.953948974609375,22.953948974609375,21402289
2001-06-01,22.97076639948007,23.15540649902008,22.83623740765738,23.12211036682129,9010634
2001-06-04,23.12211036682129,23.12211036682129,23.12211036682129,23.12211036682129,0
2001-06-05,23.172560916035025,23.424800872802734,23.054846894504568,23.424800872802734,7430540
2001-06-06,23.441282305175925,23.55933168593477,23.172562701569486,23.542516708374023,5294231
2001-06-07,23.59296403761331,23.743971137635484,23.391170531067427,23.60944366455078,6340814
2001-06-08,23.6935148160867,23.6935148160867,23.407641930750604,23.525354385375977,3866872
2001-06-11,23.45843553624233,23.4752520449682,23.172562544298756,23.340723037719727,3907653
2001-06-12,23.29027237223919,23.374351843669068,23.02087750719739,23.12211036682129,4184168
2001-06-13,23.20619299581226,23.273120615017447,23.071328644420976,23.189041137695312,4651913
2001-06-14,23.088477023967368,23.104956648040574,22.7521545715125,22.78578758239746,6064809
2001-06-15,22.650928308186796,22.752159650974185,22.4323182824663,22.701711654663086,14199454
2001-06-18,22.701707235503093,23.020876310271216,22.600474381142604,22.869869232177734,7058267
2001-06-19,21.55788010306703,21.961802436246117,21.154630001414347,21.2215576171875,21462553
2001-06-20,21.322787477290248,21.69274139404297,21.171443528407163,21.69274139404297,9835182
2001-06-21,21.692743427137433,21.877720402850265,21.507766451424597,21.827272415161133,5688715
2001-06-22,21.524582368520484,21.608661835274383,20.767857980061457,20.969314575195312,13413243
2001-06-25,20.90238905697815,21.154630545050175,20.68378058399794,21.02010154724121,8469912
2001-06-26,20.95250205477517,20.95250205477517,20.616179554529204,20.767860412597656,8530206
2001-06-27,20.751048226924617,20.835127714834872,20.58288618854536,20.616182327270508,5293598
2001-06-28,20.666964076452036,21.087366046145693,20.313826605662857,21.02010154724121,8063367
2001-06-29,21.08736400752914,21.87771987915039,20.88523518022419,21.87771987915039,9066129
2001-07-02,21.743190958237104,21.944984436035156,21.37290166447934,21.944984436035156,8586507
2001-07-03,21.877721275720635,21.877721275720635,21.473798945426086,21.52458381652832,7588883
2001-07-04,21.524580838676766,21.659109813456244,21.25552288911781,21.372900009155273,4720548
2001-07-05,21.255523681640625,21.40686916673025,21.104179727829937,21.255523681640625,11292314
2001-07-06,21.204737987061616,21.23870787768882,20.767856466803995,20.78433609008789,6106533
2001-07-09,20.885240999879407,20.90239286067878,20.464838953683334,20.70026397705078,9459072
2001-07-10,20.76785637108243,20.885233490368655,19.708107265500416,19.826156616210938,17031207
2001-07-11,19.60721582694987,19.658000702424648,19.237598710340453,19.53995132446289,9638448
2001-07-12,19.775372101014277,20.11169454173835,19.725260999082913,19.977500915527344,6119443
2001-07-13,20.14566310740499,20.347455042622723,20.027613753407376,20.17929458618164,6114025
2001-07-16,20.212592154822207,20.212592154822207,19.725262605891416,20.044431686401367,5197745
2001-07-17,19.92705293223846,20.095213386961046,19.75889247751587,19.977500915527344,3402725
2001-07-18,20.0111336428684,20.044429770752902,19.64117972893167,19.893421173095703,4291586
2001-07-19,20.044435191808645,20.68378257751465,20.02761868264195,20.68378257751465,6371153
2001-07-20,20.599699371288587,20.717076510244116,20.296673013480696,20.347457885742188,4658987
2001-07-23,20.263381958007812,20.515623487702744,20.145669448320763,20.263381958007812,3226643
2001-07-24,20.11169271880536,20.246557032949454,19.842971671940624,19.859451293945312,3683596
2001-07-25,19.943533864025852,20.1456642230775,19.489837334742163,19.557100296020508,4600099
2001-07-26,19.6912911404661,19.742076005196203,19.455866197210703,19.64118003845215,2685013
2001-07-27,19.725258166319684,19.842970620848583,19.60720883048164,19.809337615966797,3016490
2001-07-30,19.64118166782212,20.1456646059505,19.624029811436436,20.111696243286133,2964130
2001-07-31,20.14566546331526,20.380753554719686,19.977503455929764,20.21259307861328,3757622
2001-08-01,20.279856200900348,20.431537041132994,20.19577520290596,20.41472053527832,2664706
2001-08-02,20.36393860221629,20.61618010127042,20.296674100383242,20.46483612060547,3887585
2001-08-03,20.498796731992705,20.6329888034638,20.24655532836914,20.24655532836914,5552821
2001-08-06,20.19577520290596,20.41472053527832,20.078399605858735,20.41472053527832,2898681
2001-08-07,20.4147221736585,20.548914287329964,20.145665714785547,20.330642700195312,4341693
2001-08-08,20.212586974517404,20.313819804754,20.07839490304631,20.24655532836914,3618922
2001-08-09,19.92705742804801,20.07840294333913,19.641184437394966,19.658000946044922,4266088
2001-08-10,19.674814388256124,19.725263910269586,18.71629797046631,19.002172470092773,9847867
2001-08-13,19.00217057970015,19.4057559967041,18.530983789941978,19.4057559967041,7402629
2001-08-14,19.439052126660105,19.53994809809135,19.05261856541577,19.4057559967041,8125685
2001-08-15,19.50665708597761,19.53995322466932,19.002175565184682,19.321680068969727,4301817
2001-08-16,19.96035190011187,20.061584762448344,19.50665380476945,19.74207878112793,12730235
2001-08-17,19.624032159711163,20.06158600646992,19.624032159711163,19.84297752380371,15147696
2001-08-20,19.674813820247703,19.809342812508195,19.371789003182702,19.607213973999023,5241586
2001-08-21,20.128509855879717,20.3979031630956,20.011134263817603,20.313823699951172,13107392
2001-08-22,20.179298903803616,20.532101047118093,20.179298903803616,20.27985954284668,9220997
2001-08-23,20.363936120497026,20.498801989153318,20.296671626861393,20.448017120361328,5701370
2001-08-24,20.49880159481534,20.632993698120117,20.36393572875348,20.632993698120117,3865418
2001-08-27,20.65014836789443,20.91920637392266,20.59970037458394,20.801156997680664,3073164
2001-08-28,20.767863838388976,20.95250551102431,20.63299946590588,20.70026397705078,6471338
2001-08-29,20.66696386951957,20.66696386951957,20.195777031773787,20.347457885742188,7133371
2001-08-30,20.33063926186561,20.448014848482167,20.07839782157705,20.145662307739258,6780490
2001-08-31,20.095217476310175,20.548915599437372,20.011137997478272,20.46483612060547,7099101
2001-09-03,20.431537556293037,20.548913156299765,20.07840011211478,20.111696243286133,3261333
2001-09-04,20.33064302608455,20.5156200144594,20.19577714744213,20.48198699951172,5525515
2001-09-05,20.363936252714254,20.5489132285935,20.3306416527048,20.431537628173828,3942490
2001-09-06,20.515619896959205,20.548914499027095,20.078401424097386,20.347457885742188,6443259
2001-09-07,20.33063926186561,20.481983207271437,20.09521279465846,20.145662307739258,7039495
2001-09-10,20.011135838009515,20.09521530776812,19.22077994086017,19.573917388916016,8388086
2001-09-11,19.57391588950796,19.77537247640912,18.110581339878742,18.615062713623047,9370607
2001-09-12,18.329528547562475,19.92705535888672,18.329528547562475,19.92705535888672,11828969
2001-09-13,19.943535495460015,20.498803337400844,19.674814384628167,20.027616500854492,8187858
2001-09-14,19.89342452993769,20.061585010663034,18.850490217984333,19.102731704711914,12643416
2001-09-17,18.968541136171563,19.80934513965639,18.56495564325704,19.674816131591797,9353471
2001-09-18,19.43904839990873,19.859450241980337,19.321671295410294,19.809337615966797,6554039
2001-09-19,19.725266158520895,20.229747654643326,19.473024644820033,19.77537727355957,8604735
2001-09-20,19.809342420721368,20.061583893401217,19.23759651184082,19.23759651184082,11963426
2001-09-21,18.665848169500947,18.817193658305463,17.67336348315945,18.480871200561523,21302157
2001-09-24,18.69914425275371,19.42257250236897,18.497687659985978,19.4057559967041,8041098
2001-09-25,19.22078031579049,20.145665220129732,19.00217185261897,19.94353485107422,9275632
2001-09-26,19.893424436781967,20.39790587659564,19.657999458613094,20.347457885742188,9133662
2001-09-27,20.1957786343429,20.902390506328402,20.16248249835378,20.885238647460938,9855331
2001-09-28,21.020102949290568,21.2888240814209,20.70026159084825,21.2888240814209,12971757
2001-10-01,21.1206621798261,21.154630545050175,20.734228575356518,21.02010154724121,7143437
2001-10-02,21.120661887409224,21.33960723876953,20.68378029762972,21.33960723876953,7320445
2001-10-03,21.238706440410184,21.238706440410184,20.801151187056792,21.104177474975586,4960537
2001-10-04,21.3396066410501,21.541400129317495,21.12066129582242,21.473798751831055,6308591
2001-10-05,21.17144775390625,21.473800361940953,20.936022765581612,21.17144775390625,6368732
2001-10-08,20.86841704305913,21.171443350919134,20.632992103695397,21.154626846313477,5078149
2001-10-09,20.91920339166175,21.423686315405526,20.85193889974398,20.936019897460938,4453380
2001-10-10,20.85193889974398,20.969314496403914,20.49880146563493,20.936019897460938,6990219
2001-10-11,21.47380168931653,21.776828078927565,20.902391041430256,21.6254825592041,13337157
2001-10-12,21.406866663176448,21.641954703318955,21.3056338244423,21.423683166503906,6883035
2001-10-15,21.288818912141124,21.557876860373582,21.288818912141124,21.490947723388672,4143851
2001-10-16,21.52458408549919,21.709561070903646,21.33960710009473,21.60866355895996,4463716
2001-10-17,21.7260356886775,21.860900002787808,21.204736335756298,21.423683166503906,5852703
2001-10-18,21.137479486565965,21.944987322804213,21.087366843444933,21.92783546447754,10348906
2001-10-19,22.011910242673054,22.011910242673054,21.55787686894877,21.641956329345703,6592735
2001-10-22,21.625473555543465,21.911346435546875,21.456976246666482,21.911346435546875,3203683
2001-10-23,21.995431418981674,22.197224887571604,21.541398028753,21.709558486938477,6037993
2001-10-24,21.541403607379696,21.978285255460857,21.45698570942114,21.575035095214844,4912887
2001-10-25,21.575034090775116,21.81012220706274,21.104184095327835,21.2723445892334,4452297
2001-10-26,21.389717637929415,21.389717637929415,20.818308602452205,21.188261032104492,5851438
2001-10-29,21.053395162131558,21.188259493937867,20.4648327812308,20.59969711303711,5644301
2001-10-30,20.46483375946232,20.650146085449737,20.347456627763613,20.431537628173828,4235896
2001-10-31,20.515622559240608,20.83512705320048,20.16248351488185,20.566070556640625,5743839
2001-11-01,20.515622079685595,20.734230573735438,20.448020692854236,20.68378257751465,2953614
2001-11-02,20.818307550618474,20.952499653923255,20.632993698120117,20.632993698120117,4137318
2001-11-05,20.717078154179227,21.104184017034004,20.650149000766213,20.885238647460938,4537954
2001-11-06,20.986467638426035,21.188259580543125,20.919203147294017,21.070547103881836,4488331
2001-11-07,21.070543879051083,21.255520818533814,20.885231589526164,21.087360382080078,3773547
2001-11-08,21.08736821571378,21.490953719384315,21.020103709888808,21.356426239013672,5323377
2001-11-09,21.188261032104492,21.406871026079784,21.171446056628753,21.188261032104492,3277551
2001-11-12,21.15463141969497,21.188262904898142,20.683781439175295,20.86842155456543,4401649
2001-11-13,20.95250169820446,21.1206621798261,20.88523719929998,21.02010154724121,4717290
2001-11-14,21.053397680921613,21.339607534217716,20.91920556452406,21.02010154724121,4731131
2001-11-15,21.255524398114538,21.659111351104883,21.154628425506445,21.406869888305664,7734646
2001-11-16,21.524585292895758,21.524585292895758,21.070550291878394,21.238712310791016,5745396
2001-11-19,21.204740657463738,21.5245835108053,21.036580183752868,21.188261032104492,4387255
2001-11-20,21.137480153023127,21.137480153023127,20.683782018190104,20.885238647460938,4668358
2001-11-21,20.801153448465712,20.91920280456543,20.448016024267446,20.91920280456543,10627903
2001-11-22,21.053392021751453,21.053392021751453,20.65014201812992,20.751039505004883,3876227
2001-11-23,20.68377597448911,20.75104045840328,20.279853720946548,20.39790153503418,5701309
2001-11-26,20.51561976218073,20.767859714790898,20.095216268179172,20.363937377929688,5754191
2001-11-27,20.582882811516196,20.582882811516196,19.8261598880824,20.027616500854492,7873463
2001-11-28,19.910237997430265,20.027613587734994,19.53994719619469,19.79218864440918,7885968
2001-11-29,19.42257283850185,19.725262289312994,19.237595866823984,19.70810890197754,18608414
2001-11-30,19.775377395981366,19.792193905340007,19.388943749856175,19.439056396484375,13997089
2001-12-03,19.506655749929948,19.65800126769745,19.27089539993564,19.3384952545166,7467700
2001-12-04,19.321674107836824,19.826157004265802,19.237594645951262,19.79218864440918,9192355
2001-12-05,19.77537614049257,20.179298501948526,19.641184018149293,19.84297752380371,9548838
2001-12-06,19.826156998335517,19.91023799147483,19.304859128452694,19.64118003845215,10352205
2001-12-07,19.708109952554853,19.708109952554853,19.354972496330372,19.607213973999023,5878950
2001-12-10,19.641187147556725,19.7081147786787,19.270897743684998,19.371793746948242,5236229
2001-12-11,19.254414241170295,19.35497488200268,18.968541245839678,19.3384952545166,10625267
2001-12-12,19.27089332071757,19.38894115805793,19.06943517934993,19.136699676513672,6642533
2001-12-13,19.002172213465293,19.287708296549177,19.002172213465293,19.136699676513672,6197674
2001-12-14,19.035465769556545,19.11954676921318,18.800377689436985,18.834009170532227,6450834
2001-12-17,18.9685370320653,19.270891118994676,18.918089047776014,19.0526180267334,5783079
2001-12-18,19.153517775794338,19.254413764287555,18.968540776037283,18.9853572845459,7179778
2001-12-19,19.0526226171321,19.0526226171321,18.58177260861705,18.76641273498535,8755282
2001-12-20,18.934572101147317,19.354974088075735,18.850491091249953,19.30486297607422,11000649
2001-12-21,19.455863371070947,20.078395529906388,19.23759184576318,19.809337615966797,15475151
2001-12-24,19.809337615966797,19.809337615966797,19.809337615966797,19.809337615966797,0
2001-12-25,19.809337615966797,19.809337615966797,19.809337615966797,19.809337615966797,0
2001-12-26,19.809337615966797,19.809337615966797,19.809337615966797,19.809337615966797,0
2001-12-27,19.910240893476878,20.330642857891014,19.910240893476878,20.027616500854492,4555394
2001-12-28,20.17929458618164,20.347455042622723,20.044430258435156,20.17929458618164,3028157
2001-12-31,20.17929458618164,20.17929458618164,20.17929458618164,20.17929458618164,0
2002-01-01,20.17929458618164,20.17929458618164,20.17929458618164,20.17929458618164,0
2002-01-02,20.01113105142149,20.195771103126148,19.64117718539389,19.809337615966797,5171553
2002-01-03,19.842976973612274,19.842976973612274,19.371790123336233,19.422574996948242,6001721
2002-01-04,19.506654300381207,19.506654300381207,19.069435819773002,19.220781326293945,8248890
2002-01-07,19.304861006640717,19.473021478000934,19.15351551052119,19.23759651184082,7338196
2002-01-08,19.17033302591536,19.287708633781676,18.98535603830065,19.03546714782715,8200002
2002-01-09,19.018653891175983,19.473024263358987,18.968541245839678,19.3384952545166,8078518
2002-01-10,19.254410508278262,19.624029095136702,19.220779028227504,19.4057559967041,5826309
2002-01-11,19.52313134837243,19.859453801070583,19.52313134837243,19.69129180908203,7926360
2002-01-14,19.60721689623287,19.64118526511857,19.439056396484375,19.439056396484375,5238205
2002-01-15,19.506650924682617,19.573915412464984,19.28770560649339,19.506650924682617,5872974
2002-01-16,19.422573824776897,19.624030431261033,19.2877079514597,19.388940811157227,5387583
2002-01-17,19.32167695717853,19.48983896830608,19.119548112464212,19.4730224609375,5974050
2002-01-18,19.809341413708054,19.809341413708054,19.4057559967041,19.4057559967041,8311909
2002-01-21,19.47301500122592,19.47301500122592,19.05261319701258,19.15350914001465,8709006
2002-01-22,19.18681209362581,19.590734422041084,19.119547597243216,19.270893096923828,8363529
2002-01-23,19.254410841500885,19.70810890197754,19.254410841500885,19.70810890197754,8323866
2002-01-24,19.77537614049257,20.111698649916598,19.69129513031676,19.84297752380371,7121499
2002-01-25,19.85945591918084,19.87627242642905,19.523133430612216,19.74207878112793,6150476
2002-01-28,19.809340111651412,20.027613195737047,19.708107265500416,19.826156616210938,5307512
2002-01-29,19.826158262490374,19.960350366199993,19.590733304223818,19.70810890197754,4447403
2002-01-30,19.573917841691877,19.758894823230282,19.439053499312948,19.607213973999023,6540345
2002-01-31,19.742074753422354,19.859451867528417,19.624026939200466,19.72525978088379,3966354
2002-02-01,19.910241381184928,20.26337885618953,19.74207936627679,19.758895874023438,10679785
2002-02-04,19.84297575428044,20.12851183194207,19.590734277526185,19.94353485107422,7228421
2002-02-05,19.725266158520895,20.011139159451538,19.641185143527508,19.77537727355957,7987760
2002-02-06,19.79218802249922,20.313822757505346,19.70810703197675,20.145662307739258,10441335
2002-02-07,20.212596803974915,20.751048226924617,20.179300665249762,20.616182327270508,12738566
2002-02-08,20.548918444154896,20.784343467522344,20.296676910181368,20.70026397705078,6845836
2002-02-11,20.81830741942459,21.003282858099723,20.734226421707632,20.936019897460938,6498233
2002-02-12,21.137473009846133,21.15462486291732,20.952496070363406,21.087360382080078,7432280
2002-02-13,21.087360756348495,21.423683166503906,20.952496442238186,21.423683166503906,6384743
2002-02-14,21.45698356628418,21.490951932178245,21.238711970410215,21.45698356628418,5550761
2002-02-15,21.389720844840436,21.473801859941478,21.154632721538754,21.356426239013672,5718135
2002-02-18,21.27234522391263,21.44050572283541,21.238713736639795,21.356426239013672,2649148
2002-02-19,21.272340228763696,21.3056363580512,20.885234443822938,20.91920280456543,5480375
2002-02-20,21.003280441758914,21.272338378475983,20.835119996950148,21.137474060058594,7872324
2002-02-21,21.272337916129445,21.356418902345762,20.835119544106394,21.104177474975586,6497206
2002-02-22,21.0533920259799,21.12065650681714,20.801150605659927,21.087360382080078,3838301
2002-02-25,21.120661053604135,21.221557030941188,20.90238794239522,21.204740524291992,3797270
2002-02-26,21.288823117898048,21.305639625804513,20.986470513396164,21.05339813232422,6879970
2002-02-27,21.137480862095916,21.356426239013672,21.036583337718806,21.356426239013672,4576714
2002-02-28,21.255525492863317,21.776824951171875,21.15462951505866,21.776824951171875,7657093
2002-03-01,21.74319255403213,21.81012017016366,21.440503080759306,21.60866355895996,6535066
2002-03-04,21.776828251960275,21.79364322995704,21.28882485174263,21.356426239013672,6257376
2002-03-05,21.49095222018729,21.625481222452564,21.070550236567694,21.17144775390625,7276108
2002-03-06,21.120657541026066,21.15462589878956,20.90238446611816,20.986465454101562,18097511
2002-03-07,21.104182758595833,21.154630750444216,20.818309783935547,20.818309783935547,6927188
2002-03-08,20.919203259636618,21.154628214223504,20.81830728803623,20.952499389648438,6319068
2002-03-11,20.818305009413564,21.087361414658602,20.801151624223703,20.986465454101562,6044982
2002-03-12,20.969312083971023,21.221553516823572,20.885232627206044,21.137474060058594,5264303
2002-03-13,21.18826075585252,21.591510843640368,21.120660910877234,21.507766723632812,9283085
2002-03-14,21.440504556161546,21.860906546232194,21.440504556161546,21.793642044067383,10071808
2002-03-15,21.877720590173148,22.07951407393651,21.67559175629904,22.02906608581543,15692227
2002-03-18,22.0290635292129,22.24767196279313,21.99543052018279,22.095991134643555,6875121
2002-03-19,22.12995938925641,22.26415148083481,22.09599103031486,22.214038848876953,7145263
2002-03-20,22.163594914493853,22.24767592074862,22.062362050600814,22.23052406311035,5365095
2002-03-21,22.163591908144948,22.365385377016917,22.146440052833217,22.26415252685547,7572015
2002-03-22,22.23052131207383,22.3822021484375,22.1972251825913,22.3822021484375,5367145
2002-03-25,22.365389985247567,22.550366987007013,22.298125481764203,22.331758499145508,7378497
2002-03-26,22.339684583775657,22.5622301866899,22.27165487925218,22.47676658630371,6898118
2002-03-27,22.51061022808916,22.528044123951872,22.32293397335922,22.47676658630371,4786454
2002-03-28,22.459333187180306,22.71572243755063,22.42514712368618,22.613508224487305,4456717
2002-03-29,22.613508224487305,22.613508224487305,22.613508224487305,22.613508224487305,0
2002-04-01,22.613508224487305,22.613508224487305,22.613508224487305,22.613508224487305,0
2002-04-02,22.562231555694993,22.698972702026367,22.510611593962114,22.698972702026367,4901642
2002-04-03,22.22037784360587,22.442582587046452,22.015267688379375,22.30584144592285,16679687
2002-04-04,22.168756860781055,22.408395489419224,22.066544208845094,22.11747932434082,8267833
2002-04-05,22.220375061035156,22.339682290961804,22.049449434264456,22.220375061035156,7325524
2002-04-08,22.25421992554978,22.28840598666279,21.844338951882715,22.03201675415039,6036790
2002-04-09,22.152008056640625,22.152008056640625,21.92980486179882,22.152008056640625,4490944
2002-04-10,22.015265652913325,22.254219428596908,21.98107959256371,22.20294189453125,4566850
2002-04-11,22.254220735749996,22.254220735749996,21.758877704184254,21.793062210083008,5358434
2002-04-12,21.91237278241545,22.305844085086886,21.844343068305964,22.288410186767578,7497345
2002-04-15,22.373869090054807,22.579321661600037,22.32293397335922,22.47676658630371,5609958
2002-04-16,22.56223068570502,22.647692731522525,22.476767083428612,22.613508224487305,5931565
2002-04-17,22.63025538835302,22.698968369376516,22.442579158058045,22.562227249145508,5383681
2002-04-18,22.88665008544922,22.95536152648372,22.750251353432336,22.88665008544922,15515473
2002-04-19,22.989539201105977,23.00663222810715,22.80117815260344,22.904075622558594,6748910
2002-04-22,22.937926869041274,23.279778183777992,22.86989871578086,23.211750030517578,9431963
2002-04-23,23.245934284770403,23.484888076782227,23.177563715858028,23.484888076782227,8886857
2002-04-24,23.399428750992133,23.621633529663086,23.348493625070102,23.621633529663086,7223557
2002-04-25,23.53616409634163,23.621627691084676,23.297210319741584,23.348487854003906,10617088
2002-04-26,23.39942296733626,23.484886562079307,23.331394823763542,23.348487854003906,5232474
2002-04-29,23.279768532368184,23.416852044992623,23.211740407311115,23.331388473510742,4531521
2002-04-30,23.211742130821367,23.365233838757334,23.211742130821367,23.228492736816406,6542519
2002-05-01,23.228492736816406,23.228492736816406,23.228492736816406,23.228492736816406,0
2002-05-02,23.24593175957938,23.279773841177835,22.955356484152077,23.07500457763672,6668310
2002-05-03,23.006634964143153,23.41685676574707,22.93792198356026,23.41685676574707,6696478
2002-05-06,23.313965504335112,23.41686301398299,23.09210315797696,23.24593734741211,3539623
2002-05-07,23.07500457763672,23.31395990014985,23.006635572610097,23.07500457763672,7372177
2002-05-08,23.14303958866832,23.484890918130624,23.023391467710603,23.4339542388916,5995374
2002-05-09,23.39942387350889,23.51941439785065,23.228498233862254,23.382673263549805,2832407
2002-05-10,23.24593734741211,23.297214891737465,23.10885377057461,23.24593734741211,4147391
2002-05-13,23.21175103038701,23.4339542388916,23.177566520024403,23.4339542388916,4198436
2002-05-14,23.39942755939101,23.39942755939101,23.24593734741211,23.24593734741211,5051134
2002-05-15,23.33139735563681,23.55360210349841,23.245935308078376,23.399425506591797,5773542
2002-05-16,23.348492184755557,23.587788426670983,23.279779186577805,23.4339542388916,6113769
2002-05-17,23.587779852296293,23.604872879493655,23.006632492170965,23.057567596435547,8957746
2002-05-20,23.16047043712159,23.211747974143417,22.733155553327855,22.801183700561523,3680172
2002-05-21,22.904082871823,23.00663950983128,22.63025971456507,22.955360412597656,6965383
2002-05-22,22.90407588544529,23.29720617223363,22.869891387509064,23.057567596435547,6268489
2002-05-23,23.07500148804342,23.228493199033675,23.006632492170965,23.057567596435547,5315857
2002-05-24,23.263028824547842,23.382676946793367,23.17756676949194,23.24593734741211,5512086
2002-05-27,23.16046919073622,23.38267235802586,23.14303529602466,23.348487854003906,3226899
2002-05-28,23.39942755939101,23.45070666017545,23.211751280222487,23.24593734741211,4354623
2002-05-29,23.211746724998537,23.348487854003906,23.16046919073622,23.348487854003906,6823097
2002-05-30,23.279778183777992,23.297213637431256,22.97211137793135,23.211750030517578,5095479
2002-05-31,23.228498329103378,23.313961927506533,23.006637573242188,23.006637573242188,6298498
2002-06-03,23.040821449853713,23.040821449853713,22.86989581417148,22.989543914794922,3446030
2002-06-04,22.81861123224956,22.852454864182857,22.322927474975586,22.322927474975586,7618427
2002-06-05,22.391300801275356,22.408392273329877,21.981077455711723,22.049448013305664,11017004
2002-06-06,22.08329647737683,22.220378486970883,21.809814187211263,22.015268325805664,11467061
2002-06-07,21.74144568940441,21.793065655591914,21.263195613405582,21.587955474853516,14407957
2002-06-10,21.707603454589844,21.895622156654415,21.485057820448866,21.707603454589844,7984126
2002-06-11,21.724350777336735,21.912369450927027,21.485054566668882,21.793062210083008,8416688
2002-06-12,21.467966614577442,21.51958658481649,20.613336643865,20.801355361938477,20189222
2002-06-13,20.90424727456526,21.16063650830354,20.511116908638733,20.596580505371094,19194801
2002-06-14,20.459495801277512,20.544959393202042,20.083800908062205,20.52786636352539,14675754
2002-06-17,20.5278683833522,21.673414332606015,20.5278683833522,21.638887405395508,13417936
2002-06-18,21.673408699820143,21.707594753652415,21.109352819713898,21.434112548828125,11015287
2002-06-19,21.160638155091632,21.45121191626094,20.95518401988222,21.228666305541992,11930040
2002-06-20,21.07517252900296,21.36574626228424,20.647857666015625,20.647857666015625,11166253
2002-06-21,20.40856005815374,21.126106183947776,20.237634436052094,20.476930618286133,21269177
2002-06-24,20.47693657416777,20.68204675776422,19.9812510363778,19.998342514038086,15099422
2002-06-25,20.34019265332917,20.767507553100586,20.288572693428826,20.767507553100586,13861898
2002-06-26,19.75870158875558,20.59658072966818,19.72485794804849,20.442405700683594,14901868
2002-06-27,20.852968141736643,21.365745013474807,20.356940321956962,21.314125061035156,20485272
2002-06-28,21.62213850871319,22.373870849609375,21.55342551333962,22.373870849609375,20981823
2002-07-01,22.186186376747667,22.57931508857991,22.10072280124061,22.322927474975586,13440728
2002-07-02,21.861430591289924,22.186190368903503,21.74144007701126,21.809810638427734,12828700
2002-07-03,21.844334299606093,21.981075402018238,21.331557500248252,21.434112548828125,12055437
2002-07-04,21.707600290786363,22.049451577557043,21.62213669086426,21.981081008911133,9183474
2002-07-05,22.168760506783634,22.442585242389317,21.86143610208354,22.288410186767578,12274491
2002-07-08,22.049450275192246,22.220375908481756,21.775969573220788,22.083293914794922,8108119
2002-07-09,21.98107729046616,22.2203734620167,21.741438698022833,21.946550369262695,8253284
2002-07-10,21.553423297690415,21.775970451687968,21.16063690185547,21.16063690185547,10523086
2002-07-11,20.613330347820423,20.767505369387475,20.186015492981365,20.391468048095703,14454173
2002-07-12,20.818785586715627,20.92134066703073,19.929628837944517,20.90424919128418,11226928
2002-07-15,20.613333596989744,21.006804874770737,19.793230682513666,19.81032371520996,11154686
2002-07-16,19.99833695329494,20.10055115212291,18.528373782782822,19.143707275390625,21363482
2002-07-17,19.006627055833455,19.571023933722135,18.784764743732264,18.955690383911133,15137571
2002-07-18,18.81860938066208,18.81860938066208,18.18652518738718,18.391294479370117,18281462
2002-07-19,17.7930521643252,17.810143638031505,17.26352310180664,17.26352310180664,17776881
2002-07-22,17.622128577672942,18.08397201225079,16.819118650666507,17.502822875976562,23862170
2002-07-23,18.032690171248902,18.39129362030507,17.45120025879133,17.605375289916992,21823503
2002-07-24,17.348985074723554,18.40838396521812,17.00713228566583,18.374540328979492,20463982
2002-07-25,18.818609355663607,19.126618567405437,18.476756501208797,19.006628036499023,17542731
2002-07-26,18.87022835247111,19.981247348935515,18.80185778507004,19.878690719604492,15073436
2002-07-29,19.946720673819264,20.5278681693617,19.758702000212274,20.254728317260742,11507877
2002-07-30,20.442407008886732,20.527869055560075,19.827414288924043,20.340192794799805,11848207
2002-07-31,20.579491282916976,21.160640424027868,20.459500738225064,20.63042640686035,18451065
2002-08-01,20.647857908104843,20.97227528491399,20.40856170654297,20.40856170654297,6205287
2002-08-02,20.37403491197135,20.71588618598318,20.23763620072103,20.596580505371094,10608163
2002-08-05,20.511115582300825,20.511115582300825,19.895782083702628,20.032180786132812,7818176
2002-08-06,19.55393388914654,21.023897303804784,19.45137725237248,20.90424919128418,14829861
2002-08-07,20.93843546658686,21.587955180630395,20.78426041213142,21.02389907836914,16271246
2002-08-08,21.38249597942019,22.220375061035156,21.365745370722937,22.220375061035156,15629393
2002-08-09,22.305839779966092,22.904080282127417,21.348653420049178,22.066543579101562,24069164
2002-08-12,21.655977302357652,21.929800403119756,21.51957860510148,21.878522872924805,6915316
2002-08-13,22.015263512738002,22.186189128493538,21.55342021719821,22.049448013305664,6528532
2002-08-14,21.587949164180966,22.01526399108378,21.587949164180966,21.878522872924805,9050834
2002-08-15,22.220375908481756,22.305839503355898,22.06654330545883,22.083293914794922,9818196
2002-08-16,21.946552293862666,22.08329342001407,21.382496315832185,21.861431121826172,7570892
2002-08-19,21.79306270862575,22.049451956337624,21.553424071527107,21.9298038482666,6662142
2002-08-20,21.79306151854976,21.878525115273018,21.22866465119831,21.297035217285156,8002918
2002-08-21,21.399586905369915,21.65597609855124,21.075169577793435,21.417020797729492,6745281
2002-08-22,21.4679613863169,21.570516459759403,21.006802863854336,21.382497787475586,5464332
2002-08-23,21.55342510388937,21.57051813627792,21.126110189388424,21.28028678894043,5041903
2002-08-26,21.29703896990694,21.502491568848114,20.93843546658686,21.02389907836914,3471513
2002-08-27,21.126109670190115,21.297036876956934,20.904248901400333,21.228666305541992,5954167
2002-08-28,21.023894994477885,21.057738634202067,20.613330740886784,20.647857666015625,6782036
2002-08-29,20.647859587033473,20.715887737283925,20.135081081157715,20.340192794799805,9128006
2002-08-30,20.37403405915131,20.886810948705143,20.37403405915131,20.818782806396484,5572808
2002-09-02,20.61333148729658,20.73332045549243,20.169265998833378,20.23763656616211,5653141
2002-09-03,20.16926769864853,20.20311134245045,19.31463786970162,19.55393409729004,12037333
2002-09-04,19.400101394216595,20.083805620665775,19.160462727429223,19.69033432006836,10889155
2002-09-05,20.032184771146643,20.032184771146643,19.31463848644222,19.827415466308594,9186011
2002-09-06,19.758702853205364,20.425654841473147,19.673239250073095,20.340192794799805,8196826
2002-09-09,20.203109639783044,20.340191638925784,19.827413162189735,20.23763656616211,5832132
2002-09-10,20.476933052842902,20.715886842578712,20.374035557731816,20.562395095825195,8050961
2002-09-11,20.6820380611133,21.09226136872845,20.56238998550683,21.006797790527344,7934753
2002-09-12,20.886812081223606,21.006802605195066,20.647858296107188,20.698793411254883,8035735
2002-09-13,20.51111350913796,20.750409672577184,19.89578007273465,20.203105926513672,9359615
2002-09-16,20.25472715691212,20.442404955277524,19.96415342578723,20.152172088623047,5702095
2002-09-17,20.544954925607932,20.682036884754545,19.946714581602475,20.049612045288086,6992981
2002-09-18,19.793226618308275,19.94671834716084,19.502310483521786,19.77579116821289,9965537
2002-09-19,19.724860908472824,19.91287960638346,19.365916546041348,19.433944702148438,9237390
2002-09-20,19.160455923002385,20.066705460716285,19.143705316262547,19.622299194335938,17184971
2002-09-23,19.502308188320278,19.895779339001482,18.972779218435686,19.058242797851562,7346757
2002-09-24,19.263021279701608,19.280455179654584,18.425825201118702,19.109529495239258,10835999
2002-09-25,18.71639758357804,19.8103253040753,18.596749458025716,19.331390380859375,10240473
2002-09-26,19.622302876019877,20.442405700683594,19.519405383049598,20.442405700683594,9872877
2002-09-27,20.37403478100931,20.49402374626718,19.82741267670785,20.40856170654297,8835728
2002-09-30,19.895783098745415,19.9983381682577,19.571023303344802,19.91287612915039,10048613
2002-10-01,19.96415582333697,20.323100161914102,19.673239636345986,19.98124885559082,10116941
2002-10-02,20.51111743417614,20.682043075561523,20.100553162612737,20.682043075561523,9605926
2002-10-03,20.356942526551812,20.69879381139871,20.3230988851406,20.562395095825195,8019939
2002-10-04,20.356942900158884,20.75041415025702,20.271479299149235,20.511117935180664,9030140
2002-10-07,20.18601145019591,20.57948258715308,20.049612771339966,20.32309341430664,6509097
2002-10-08,20.42565342577914,20.750413227422072,20.13507968560326,20.169265747070312,7484015
2002-10-09,20.203107822609756,20.32309678001317,19.468467099962183,19.844161987304688,9177522
2002-10-10,19.536841688738413,19.99834112626405,19.212081845301732,19.827415466308594,12420611
2002-10-11,19.929628503010974,20.340192794799805,19.827414288924043,20.340192794799805,8334648
2002-10-14,20.254724340426563,20.494020504132,19.724854486001455,20.06670570373535,9087816
2002-10-15,20.152173120329177,20.73332061233125,19.9641544478676,20.682043075561523,11261438
2002-10-16,20.37403007318607,20.835871759999517,19.929622277349473,20.32309341430664,10756479
2002-10-17,20.494025805383213,20.630424529461298,19.33138832088004,19.758703231811523,20643200
2002-10-18,19.58777414435612,19.741949159129394,19.00662515802499,19.314634323120117,15489987
2002-10-21,19.297547977848808,19.553937279550155,19.024065640978247,19.04115867614746,6646113
2002-10-22,19.143709783750797,19.400099032007976,18.801858490380486,19.24592399597168,8517194
2002-10-23,19.43394193451005,19.656487532040988,18.9040719830179,18.955690383911133,7099434
2002-10-24,19.10951941277229,19.55392720294337,19.024055837426857,19.40009307861328,6537069
2002-10-25,19.05824504079159,19.77579116821289,18.98953205959529,19.77579116821289,6355341
2002-10-28,19.87869432742595,19.998342452978275,19.143712540044785,19.331390380859375,7022282
2002-10-29,19.04115547884189,19.314637769790533,18.818609863819134,18.835702896118164,6949916
2002-10-30,18.972785159164065,19.2291744212334,18.613840814850587,19.126619338989258,7776430
2002-10-31,19.160460394399653,19.314636986894847,18.904072702601372,19.24592399597168,6850027
2002-11-01,19.160458372539708,19.383003955058275,18.904070707796098,18.972782135009766,4862023
2002-11-04,19.314638274382133,19.416850936957474,19.09209109708641,19.194990158081055,5778800
2002-11-05,18.989532128776187,19.314634323120117,18.989532128776187,19.314634323120117,5456333
2002-11-06,19.536838905886306,19.75870121205526,19.400097774815915,19.48556137084961,9179902
2002-11-07,19.62230170291686,19.690329844746877,18.853134039309836,18.972782135009766,8804454
2002-11-08,18.87023076014937,19.143711508188584,18.767674117733005,18.784767150878906,6420708
2002-11-11,18.699300674243382,18.887319324990287,18.545466525241974,18.767669677734375,6572514
2002-11-12,18.767675218939562,19.143712631459405,18.767675218939562,18.938602447509766,7388858
2002-11-13,18.853133558453244,19.38300346068714,18.733143044892525,19.143707275390625,9387235
2002-11-14,19.074998247621906,19.383005897095572,18.972784035945796,19.28045082092285,7145063
2002-11-15,19.416846964785464,19.50231055457079,18.938597018398564,19.314634323120117,7293742
2002-11-18,19.31463471560054,19.45137428299351,19.160458141235658,19.212078094482422,5941453
2002-11-19,19.074993404157883,19.19498390233357,18.87022416830343,19.058242797851562,5265813
2002-11-20,19.21207537304995,19.263012033706016,18.784760588887554,19.058242797851562,5641337
2002-11-21,19.331384937116987,19.416846970468647,19.092087196939765,19.34847640991211,7938322
2002-11-22,19.297542317091448,19.348477430169822,18.835700533644754,19.229171752929688,8178350
2002-11-25,19.3484740566634,19.3484740566634,19.024056743501816,19.058242797851562,5230496
2002-11-26,18.938599529374518,19.622303668930073,18.938599529374518,19.28045082092285,9468323
2002-11-27,19.212077709709238,19.416846970468647,19.126615676357577,19.34847640991211,6313404
2002-11-28,19.383000975423208,19.416844608904402,19.058242797851562,19.058242797851562,5378470
2002-11-29,19.024062341534606,19.263017702053965,18.801859148709564,18.870229721069336,6921747
2002-12-02,18.887321198005285,19.28045001112825,18.767671538883974,18.904071807861328,7657746
2002-12-03,18.835701281628637,19.006626920591284,18.425820301309557,18.460004806518555,9753468
2002-12-04,18.56221580505371,18.579308832932554,18.101057368417578,18.56221580505371,7227156
2002-12-05,18.59674502754629,18.750236763658638,18.357448833451453,18.425819396972656,5015946
2002-12-06,18.44291025397889,18.493845360578756,17.94722489419708,18.357446670532227,6831017
2002-12-09,18.374541349916726,18.545466975713353,18.271986285730495,18.289077758789062,3981617
2002-12-10,18.32292280828188,18.64768261183208,18.18652409547009,18.460004806518555,5156543
2002-12-11,18.476755240234848,18.596745762952327,18.30582960290198,18.40838623046875,6889143
2002-12-12,18.35744750588728,18.408384171263585,18.06653137837949,18.220365524291992,7546909
2002-12-13,18.118151710641275,18.220365907988025,17.947226088829087,18.083967208862305,6228588
2002-12-16,18.015596067812844,18.476752966571045,17.93013248143376,18.374540328979492,6724479
2002-12-17,18.460004630502507,18.511283722515298,18.27198751895752,18.40838623046875,6784151
2002-12-18,18.254895903675806,18.374544014731583,17.963979721069336,17.963979721069336,6443700
2002-12-19,18.032688252919147,18.237457513553732,17.724680644380307,17.913040161132812,7466388
2002-12-20,17.776302337646484,17.93013494652791,17.48572703788351,17.776302337646484,14341812
2002-12-23,17.81014210372348,17.878512662035003,17.46829086862449,17.553752899169922,4244232
2002-12-24,17.553752899169922,17.553752899169922,17.553752899169922,17.553752899169922,0
2002-12-25,17.553752899169922,17.553752899169922,17.553752899169922,17.553752899169922,0
2002-12-26,17.553752899169922,17.553752899169922,17.553752899169922,17.553752899169922,0
2002-12-27,17.43445118130795,17.536665399258677,17.092599868774414,17.092599868774414,4835116
2002-12-30,17.160967408564918,17.417355069407,17.14387437902254,17.246429443359375,3914007
2002-12-31,17.246429443359375,17.246429443359375,17.246429443359375,17.246429443359375,0
2003-01-01,17.246429443359375,17.246429443359375,17.246429443359375,17.246429443359375,0
2003-01-02,17.246429443359375,17.246429443359375,17.246429443359375,17.246429443359375,0
2003-01-03,17.930135935320216,18.442914439454142,17.844672332478254,18.391294479370117,10219349
2003-01-06,18.425820301309557,18.562219014121347,18.203617126304003,18.460004806518555,6802040
2003-01-07,18.460004529538562,18.545468125966973,18.169430792016048,18.442913055419922,5976757
2003-01-08,18.357449734432734,18.460004806518555,18.18652409547009,18.460004806518555,5914174
2003-01-09,18.322921396908132,18.408384988035795,18.151995771111505,18.289077758789062,7268158
2003-01-10,18.289081192410812,18.391295411330137,18.032691927351586,18.34035873413086,7728328
2003-01-13,18.408387419129646,18.460005822496495,18.066534565931075,18.118154525756836,6587009
2003-01-14,18.13490614627091,18.34035873413086,18.066535571824517,18.34035873413086,8706461
2003-01-15,18.35744995732865,18.460005030659694,18.237459432010137,18.271987915039062,2870394
2003-01-16,17.930132007941417,18.15199428318828,17.87851205916412,17.895605087280273,7413895
2003-01-17,18.101061638101584,18.101061638101584,17.553756204124475,17.690839767456055,12044129
2003-01-20,17.63921503489945,17.759205533856644,17.31479771962491,17.38282585144043,7633083
2003-01-21,17.46829298671217,17.742116117600546,17.365737915039062,17.365737915039062,8704069
2003-01-22,17.331890951150562,17.48572352916364,17.058408737182617,17.058408737182617,9698001
2003-01-23,17.007130752056966,17.28027053777646,16.88748267579062,17.229333877563477,14290606
2003-01-24,17.19481267471036,17.331894675567916,16.955514907836914,16.955514907836914,9838658
2003-01-27,16.955513950194504,16.99004087505541,15.998329162597656,15.998329162597656,13384686
2003-01-28,16.118321768889935,16.306338899546674,15.588109351386247,15.793561935424805,13836994
2003-01-29,15.929958778901286,16.76749547754516,15.70809647415203,16.71656036376953,21116871
2003-01-30,16.95551688719813,17.468295430209725,16.870054834335555,17.194814682006836,16169485
2003-01-31,16.921672656048663,17.143877410008546,16.870054250296995,17.092599868774414,7672222
2003-02-03,17.263521300475166,17.3489848859242,16.95551215100796,17.14387321472168,5137573
2003-02-04,16.938425364299977,17.04098201592184,16.665287012731998,16.699129104614258,9594637
2003-02-05,16.784589664775133,16.921671668892756,16.665283977678932,16.819116592407227,5156475
2003-02-06,16.802021992024596,16.972947606526947,16.152502477873615,16.408891677856445,10389880
2003-02-07,16.323432372803648,16.750747299341896,16.254720933258813,16.545637130737305,6472826
2003-02-10,16.494358064364985,16.716561245306135,16.408894464371304,16.528200149536133,5685177
2003-02-11,16.733653388374037,17.26352332212451,16.699124906674786,17.10934829711914,9643718
2003-02-12,17.040975623883018,17.07550254485211,16.61366081237793,16.61366081237793,7970698
2003-02-13,16.545631773595392,16.699121929369174,16.39179764049133,16.494354248046875,6455750
2003-02-14,16.631100144112946,17.007137550250064,16.545638087737576,16.852962493896484,6900198
2003-02-17,16.9384218766762,17.040978507181634,16.88748676060131,16.955514907836914,5770950
2003-02-18,17.04097761640565,17.075504541411817,16.66528271021,16.83620834350586,9191657
2003-02-19,16.921672064634976,16.921672064634976,16.408895113756266,16.460172653198242,8703569
2003-02-20,16.528200553898778,16.83620976332006,16.254719828854256,16.391801834106445,10092837
2003-02-21,16.2379644418997,16.54563113986508,16.16925147077557,16.47726058959961,9573026
2003-02-24,16.528197342761096,16.54563279204177,16.323428092375966,16.408891677856445,4913689
2003-02-25,16.271812338982574,16.49435793918578,16.049950024217317,16.340181350708008,8761034
2003-02-26,16.57981845261213,16.699124125865776,16.271810837935874,16.596569061279297,7705637
2003-02-27,16.579820376301726,16.85296023458512,16.477265299816196,16.819116592407227,7573404
2003-02-28,16.750743994369238,17.040976849077627,16.579818368769885,17.023883819580078,8646540
2003-03-03,17.058412426244697,17.22933806870988,16.870052888105327,17.17806053161621,8591667
2003-03-04,17.023883689083892,17.178058704918957,16.750743865966797,16.750743865966797,8083074
2003-03-05,16.733651318231477,16.76749339741964,16.40889156342086,16.61366081237793,6783988
2003-03-06,16.6481922150396,16.90458148225435,16.460173522846052,16.545637130737305,9322139
2003-03-07,16.680009290682552,16.89004142404767,16.487129598255624,16.732166290283203,9180179
2003-03-10,16.732166617768833,16.890041754623265,16.277448418767726,16.3299560546875,9984689
2003-03-11,16.27744764239479,16.48712913457139,16.189935451301437,16.242443084716797,9859665
2003-03-12,16.29460215921023,16.34746043464269,15.82238084598672,16.1370792388916,11273947
2003-03-13,16.224590192131178,16.38211469412016,16.154930114746094,16.154930114746094,4613222
2003-03-14,16.36495996901221,16.890039443969727,16.32995382065686,16.890039443969727,20725483
2003-03-17,16.504979843713738,17.537284988436337,16.469623063388024,17.25724220275879,8989299
2003-03-18,17.519784581058733,17.782324334120872,17.222589312834554,17.50263214111328,11307679
2003-03-19,17.5197817703993,18.20273469778937,17.362257306314643,18.062362670898438,10601180
2003-03-20,17.88733866158886,18.67495628575402,17.817678593436383,18.465274810791016,13260872
2003-03-21,19.602948487780374,19.602948487780374,18.832483202997057,19.18253517150879,53199698
2003-03-24,18.762475881702724,18.885344887567246,18.080223939433647,18.237396240234375,12073577
2003-03-25,17.94019694720509,18.430270277826057,17.69480964664141,18.29024887084961,10030196
2003-03-26,18.29025309104148,18.377766889043357,17.97485501421636,18.13237953186035,8609495
2003-03-27,17.974853595840674,18.14988117803321,17.869838321562632,18.027711868286133,11108634
2003-03-28,18.13237336673646,18.18523162538076,17.887336728201596,18.062362670898438,5836025
2003-03-31,17.78232274968898,17.78232274968898,17.32760303262506,17.51978302001953,21870388
2003-04-01,17.60730111302136,17.66015779460336,17.257247523006193,17.41512107849121,10200277
2003-04-02,17.67765889986968,18.27274754579299,17.53728843799886,17.992706298828125,23764227
2003-04-03,18.062365641387736,18.342757512270797,17.905191786669565,18.324905395507812,13380980
2003-04-04,18.255245004069728,18.849984573984706,18.255245004069728,18.71031379699707,12217117
2003-04-07,18.990355432766307,19.410418084691596,18.955350875854492,18.955350875854492,11711292
2003-04-08,18.797826385259572,19.095021655821256,18.76247119307386,18.955350875854492,7230715
2003-04-09,18.83248290482273,19.182534867792096,18.674958405828765,18.9903564453125,8517445
2003-04-10,18.74496801386442,18.867836988343974,18.49993133544922,18.49993133544922,10740674
2003-04-11,18.674961577026615,19.007512113975714,18.5699462890625,18.5699462890625,6628546
2003-04-14,18.657460091563966,18.83248610276984,18.447778557190816,18.5699462890625,6041554
2003-04-15,18.955353551642485,19.077871908823905,18.657458562278055,19.042865753173828,11855732
2003-04-16,19.18253296557324,19.252894305241746,18.622799559342244,18.81532859802246,9352323
2003-04-17,18.56994375336001,18.867838726464655,18.46527752124302,18.780324935913086,16890243
2003-04-18,18.780324935913086,18.780324935913086,18.780324935913086,18.780324935913086,0
2003-04-21,18.780324935913086,18.780324935913086,18.780324935913086,18.780324935913086,0
2003-04-22,18.867841720581055,18.88534480022828,18.657460504642824,18.867841720581055,6281072
2003-04-23,19.060364434147147,19.28754897675147,19.007506171338925,19.07786750793457,10934126
2003-04-24,18.990354999072327,19.14787948606977,18.867836661983947,18.885339736938477,10313905
2003-04-25,18.902844433282837,18.919996875888938,18.587447957969577,18.692813873291016,9657661
2003-04-28,18.587445140487645,18.937497083277815,18.587445140487645,18.902841567993164,4406015
2003-04-29,19.02501374968178,19.095024467611363,18.67496016003386,18.692813873291016,11807598
2003-04-30,18.64030533754147,18.867838964530893,18.60529918336042,18.72781753540039,8845275
2003-05-01,18.72781753540039,18.72781753540039,18.72781753540039,18.72781753540039,0
2003-05-02,18.72781753540039,18.867838964530893,18.412421075243373,18.72781753540039,9431518
2003-05-05,18.885337728043005,19.060363677580227,18.81532702946882,19.007505416870117,6266050
2003-05-06,18.91999528646143,19.165382617027582,18.902842845296266,19.112525939941406,7440173
2003-05-07,19.02501363382232,19.09502435132555,18.780325960985948,19.042865753173828,9322679
2003-05-08,18.972850835910766,19.042861537916686,18.622798919677734,18.622798919677734,5397344
2003-05-09,18.674957275390625,18.762471057733947,18.412419115954034,18.674957275390625,6229481
2003-05-12,18.69281235807775,18.780324553048413,18.342758796804677,18.535287857055664,6249335
2003-05-13,18.552791595458984,18.58744711442396,18.377765605476615,18.552791595458984,7239954
2003-05-14,18.56994360781199,18.710315669379803,18.34275902698154,18.482431411743164,10354458
2003-05-15,18.482431411743164,18.64030495624665,18.29025139058088,18.482431411743164,6040601
2003-05-16,18.64030647277832,18.72781867596693,18.499934399790163,18.64030647277832,9782190
2003-05-19,18.482426845926575,18.552786583183053,17.992702610275302,18.062362670898438,13155204
2003-05-20,18.010212215831313,18.027713700792102,17.694814131833883,17.974855422973633,15213027
2003-05-21,17.940198424370205,17.974852346816157,17.624800394348963,17.64265251159668,10529252
2003-05-22,17.782330109830408,18.219895975790013,17.712319380021206,18.202743530273438,21872572
2003-05-23,18.219895975790013,18.272752666285434,17.974857624559206,18.202743530273438,13152811
2003-05-26,18.167732277405758,18.255246063592956,17.90519251264093,17.992706298828125,2992243
2003-05-27,18.02771229144118,18.167733722963117,17.66015722904376,18.09772300720215,7686051
2003-05-28,18.307404255414678,18.6403053873486,18.272748736449703,18.552791595458984,11511930
2003-05-29,18.552791595458984,18.552791595458984,18.552791595458984,18.552791595458984,0
2003-05-30,18.552793815572244,18.622804538702372,17.869840621948242,17.869840621948242,23297185
2003-06-02,18.307403602278665,18.640304722335987,18.255246601834013,18.535287857055664,11714632
2003-06-03,18.499934220036547,18.605300135687912,18.377766497051997,18.51778793334961,8291381
2003-06-04,18.587449514008338,18.640307793756826,18.185238886017135,18.447778701782227,16561903
2003-06-05,18.499934614633702,18.51778832832758,17.97485501421636,18.13237953186035,10759575
2003-06-06,18.25524392949408,18.622798919677734,18.25524392949408,18.622798919677734,13961456
2003-06-09,18.622798919677734,18.622798919677734,18.622798919677734,18.622798919677734,0
2003-06-10,18.482429823069353,18.78032317443663,18.39491604072603,18.674957275390625,9580205
2003-06-11,18.762469688443797,18.79782487779425,18.39491469826014,18.622798919677734,9009497
2003-06-12,18.657458734320596,18.727818493999088,18.4477772152008,18.51778793334961,13115478
2003-06-13,18.482435814125218,18.60530323442984,18.149885245980812,18.202743530273438,10127559
2003-06-16,18.18523817089313,18.605300903320312,18.0623691721859,18.605300903320312,12018394
2003-06-17,18.815332277100083,19.095024514174924,18.71031699684809,18.9375,20257577
2003-06-18,18.902841357328967,19.462576374357557,18.902841357328967,19.357561111450195,24019816
2003-06-19,19.427919404210147,19.637600872846875,19.235390374103595,19.252893447875977,19342401
2003-06-20,19.2178897857666,19.375063647209913,19.200037668239766,19.2178897857666,29459711
2003-06-23,19.112524294691482,19.165380967227634,18.78032288100796,18.885339736938477,10946497
2003-06-24,18.937497165226336,19.077869215740897,18.867837092879903,18.955350875854492,8655547
2003-06-25,18.937498174954182,19.095022673948147,18.81533046382782,18.9903564453125,8787150
2003-06-26,18.97285521608709,19.28755360941922,18.937500018574347,19.16538429260254,19563234
2003-06-27,19.23539332907572,19.270048846702114,19.0075090749708,19.112525939941406,17170506
2003-06-30,19.007504980498588,19.060363239995183,18.762468338012695,18.762468338012695,26674054
2003-07-01,18.72782161314664,18.902847640771043,18.06237143527001,18.202743530273438,13401920
2003-07-02,18.43027004808082,18.43027004808082,18.255244088440374,18.342756271362305,14637739
2003-07-03,18.290251627946805,18.430273056030273,18.08022107961845,18.430273056030273,7922635
2003-07-04,18.4302723906515,18.499932466872274,18.272747891295413,18.41242027282715,2591218
2003-07-07,18.53528851832169,18.710316102100922,18.394918047304294,18.552791595458984,8458429
2003-07-08,18.552791166381002,18.587446684544485,18.219891635943046,18.482431411743164,10031846
2003-07-09,18.48242863514105,18.587443892166,18.29024864284983,18.342756271362305,7560008
2003-07-10,18.342756271362305,18.412417932525553,18.237390379088524,18.342756271362305,6649277
2003-07-11,18.21989426665075,18.5699462890625,18.21989426665075,18.5699462890625,7931338
2003-07-14,18.569945118619223,18.67496039996434,18.447777394447638,18.64030647277832,8268569
2003-07-15,18.569943178386445,18.71031523670819,18.360261679137327,18.41242027282715,12462989
2003-07-16,18.465274832671867,18.569941049549303,18.115222909027352,18.29024887084961,11342530
2003-07-17,18.21989121461237,18.44777546697924,18.1498805030982,18.41242027282715,10662485
2003-07-18,18.394922003414415,18.44778028770704,18.167737368470235,18.202743530273438,12833870
2003-07-21,18.49993401995633,18.49993401995633,18.115226506523673,18.167734146118164,10340942
2003-07-22,18.23739746289441,18.255251179181037,18.02771590885183,18.202743530273438,8139986
2003-07-23,18.21989334353619,18.56994534821248,18.185237822124744,18.36026382446289,12335851
2003-07-24,18.412422777372722,18.605300903320312,18.39491969866413,18.605300903320312,9055262
2003-07-25,18.55279384515493,18.674961577026615,18.49993556582074,18.5699462890625,10687097
2003-07-28,18.72781417578833,18.832480390449717,18.60529584572711,18.622798919677734,5973032
2003-07-29,18.657459816355495,18.657459816355495,18.237395483101125,18.37776756286621,8501405
2003-07-30,18.377762259555297,18.6574544323332,18.34275611165405,18.622798919677734,9087963
2003-07-31,18.60529856931028,18.657457163551737,18.272748084550063,18.535287857055664,11806983
2003-08-01,18.51778977605824,18.552794341717483,18.185239230208477,18.237396240234375,5543095
2003-08-04,18.115224090522855,18.307402503947213,17.97485203913798,18.044862747192383,8003285
2003-08-05,18.044865153809212,18.324908023375723,17.974854436417584,18.167734146118164,8829029
2003-08-06,18.09772466862165,18.272750677193486,18.02771394643351,18.149883270263672,6958683
2003-08-07,18.167732473015796,18.18523554920104,17.957351298689417,18.115224838256836,5298950
2003-08-08,18.16773329652142,18.202739450478663,17.90519351702947,18.027711868286133,7688752
2003-08-11,18.02771085702495,18.062366373731763,17.88734039515413,17.992706298828125,5426435
2003-08-12,17.992706492553676,18.132377279151537,17.940198857794716,18.115224838256836,5518957
2003-08-13,18.16773563525507,18.20274179371866,17.869840621948242,17.869840621948242,9470000
2003-08-14,17.957351105344532,18.08022008501532,17.869837319157337,17.992706298828125,6440351
2003-08-15,18.11522702722292,18.307405471801758,18.04486567248601,18.307405471801758,9880812
2003-08-18,18.307402289009175,18.552789602696333,18.290249849023848,18.49993133544922,7826625
2003-08-19,18.569946434611445,18.587449514008338,18.37776797799173,18.447778701782227,5900098
2003-08-20,18.394919269505998,18.447777545942667,18.237394752397762,18.307405471801758,5697017
2003-08-21,18.37776756286621,18.517789007284335,18.324909284311712,18.37776756286621,6174477
2003-08-22,18.377767255296632,18.657459504105,18.342761097879446,18.605300903320312,7044150
2003-08-25,18.482430319115917,18.517785511995495,18.377764094006842,18.394916534423828,3276251
2003-08-26,18.412420986241468,18.465277664972515,18.202739478867954,18.255247116088867,6645490
2003-08-27,18.342756271362305,18.377762419568345,18.18523338582488,18.342756271362305,5985783
2003-08-28,18.39491790923555,18.482431700468304,18.23739340377596,18.255247116088867,7207294
2003-08-29,18.342759284917104,18.37776543887435,18.027711868286133,18.027711868286133,8624639
2003-09-01,18.13238019668605,18.37776756286621,18.097724674029966,18.37776756286621,4977578
2003-09-02,18.43027720680544,18.43027720680544,18.167737368470235,18.202743530273438,7525852
2003-09-03,18.377767255296632,18.81533306643241,18.36026417658804,18.605300903320312,13274829
2003-09-04,18.67495902698442,18.867838726464655,18.60529894860679,18.780324935913086,7587387
2003-09-05,18.815332116636025,19.130379548502095,18.797829038810985,19.042865753173828,11843664
2003-09-08,19.060368115472286,19.252897182929395,18.99035740059726,19.20003890991211,8712143
2003-09-09,19.34041030829498,19.375064232329283,19.060367458448148,19.18253517150879,12391689
2003-09-10,19.1825332045971,19.357560764703045,19.112524093110697,19.340408325195312,10802900
2003-09-11,19.287552544550287,19.35756325885396,19.130378674225184,19.305404663085938,7228697
2003-09-12,19.322906648186102,19.322906648186102,19.042863806796454,19.2178897857666,13444408
2003-09-15,19.21789102859345,19.305404820636447,19.095023634498002,19.20003890991211,7278864
2003-09-16,19.252899513947654,19.497936248779297,19.200041234530627,19.497936248779297,10044544
2003-09-17,19.567936948094545,19.585440018415408,19.392911026274632,19.427915573120117,10585538
2003-09-18,19.35755584425608,19.46257107858878,19.252889651300205,19.427915573120117,7471107
2003-09-19,19.532588816541924,19.532588816541924,19.165382811411703,19.235393524169922,14697310
2003-09-22,19.165378488547294,19.200033998708427,18.762468338012695,18.762468338012695,12959386
2003-09-23,18.762473237518805,18.937499228742915,18.674959445008312,18.849987030029297,15105220
2003-09-24,18.290250967623155,18.517786178493413,18.237392697143324,18.41242027282715,34507569
2003-09-25,18.202743530273438,18.360266476996237,18.080225151556636,18.202743530273438,11364127
2003-09-26,18.06236582265516,18.14987960617234,17.765172144047554,18.044862747192383,11343785
2003-09-29,17.992707119033973,18.2027392591796,17.905193328857422,17.905193328857422,9741042
2003-09-30,18.01020760590858,18.02770908638966,17.747667866929728,17.887338638305664,12741373
2003-10-01,17.97485507654243,18.149882673153083,17.85268735052848,17.957353591918945,10839165
2003-10-02,18.115220929542733,18.167728552972143,17.869833655792984,18.062362670898438,10738755
2003-10-03,18.062364644607133,18.465274832671867,18.044861570285924,18.29024887084961,10699284
2003-10-06,18.290252077095587,18.360262792856556,18.06236781090544,18.09772300720215,5852280
2003-10-07,18.167730582511098,18.167730582511098,17.817678658012696,17.940196990966797,9889414
2003-10-08,17.90519251264093,18.237392352309396,17.88734039515413,17.992706298828125,9972541
2003-10-09,18.027711848739514,18.430273056030273,17.922696574575337,18.430273056030273,9263291
2003-10-10,18.394917621877518,18.56994360781199,18.377765180446527,18.482431411743164,10735515
2003-10-13,18.552788854931563,18.81532859802246,18.499930589814888,18.81532859802246,6667468
2003-10-14,18.867841302844326,18.867841302844326,18.447778557190816,18.5699462890625,7525175
2003-10-15,18.674957306631978,18.74496801386442,18.377763631513574,18.49993133544922,11875511
2003-10-16,18.430275622385338,18.517789425572722,18.290254174804343,18.447778701782227,8287389
2003-10-17,18.517786606712836,18.60529880278166,18.394917621877518,18.482431411743164,8568383
2003-10-20,18.272749800476507,18.64030647277832,18.185237597287895,18.64030647277832,15514507
2003-10-21,18.74496804582192,18.74496804582192,18.30740232022069,18.324905395507812,11407729
2003-10-22,18.37776730696305,18.48243355037076,17.974855422973633,17.974855422973633,11858368
2003-10-23,17.74766584883626,17.940194862608436,17.712310662845415,17.817676544189453,7814170
2003-10-24,17.852685692270224,18.027711678826496,17.7651734958905,17.905193328857422,7993469
2003-10-27,17.992706298828125,18.097721567215356,17.92269558863772,17.992706298828125,4615620
2003-10-28,18.097721567215356,18.115224643212144,17.94019866463451,17.992706298828125,7380125
2003-10-29,18.09772303394777,18.149881630878575,17.642654177727398,17.694812774658203,14873987
2003-10-30,17.677661068798116,17.887342589809055,17.62480279283238,17.765174865722656,11112467
2003-10-31,17.694807590558014,17.817676544189453,17.537284721360646,17.817676544189453,13118044
2003-11-03,17.92269996302725,18.23739680350691,17.905196882758485,18.185239791870117,10488270
2003-11-04,18.132379944199812,18.149883022957614,17.957353938012844,17.974855422973633,7373291
2003-11-05,17.940200865774788,17.974854792936643,17.694813511612626,17.765174865722656,12661123
2003-11-06,17.79982742038027,17.922696405652097,17.67765970571395,17.905193328857422,10040455
2003-11-07,17.99270879029821,18.09772407322702,17.835184272108016,17.957353591918945,11282233
2003-11-10,17.852684020996094,18.062365506209694,17.817679464480513,17.852684020996094,7354378
2003-11-11,17.817680320250492,17.992706298828125,17.747669610060086,17.992706298828125,5674250
2003-11-12,17.992701244105923,18.14987506104163,17.940193624663372,18.010204315185547,9328614
2003-11-13,18.185237746626917,18.307405471801758,18.04486567248601,18.307405471801758,38044884
2003-11-14,18.552790694702402,19.112525750235648,18.465276907061668,18.9903564453125,31714044
2003-11-17,18.780327916142024,18.99036009051745,18.640308060355498,18.867841720581055,17356051
2003-11-18,18.97285400008906,19.130378504322515,18.780324935913086,18.780324935913086,18925594
2003-11-19,18.692814036357788,18.710317114442105,18.412422120664854,18.587448120117188,17648271
2003-11-20,18.69281150030319,18.86783747600974,18.360261030803027,18.797826766967773,15705104
2003-11-21,18.744968498354464,18.902842033632357,18.674957789312497,18.797826766967773,9505628
2003-11-24,18.99035682641457,19.235393524169922,18.95535226693387,19.235393524169922,12435051
2003-11-25,19.235394827858478,19.35756414351343,19.007510555997282,19.042865753173828,13648418
2003-11-26,19.060368830998865,19.11252742915059,18.990358113495635,19.042865753173828,8888292
2003-11-27,19.130379548502095,19.200039630681932,18.990358113495635,19.042865753173828,5814017
2003-11-28,18.972853557344404,19.147881134363146,18.84998616821009,19.112525939941406,8138287
2003-12-01,19.165382730242303,19.20003824807342,19.04286438188352,19.18253517150879,8210225
2003-12-02,19.235394105761422,19.252897182929395,19.112526711665975,19.20003890991211,13055773
2003-12-03,19.165382531788303,19.46257781982422,19.165382531788303,19.46257781982422,12836106
2003-12-04,19.46257781982422,19.53258853156098,19.39291774338197,19.46257781982422,10502016
2003-12-05,19.46257743359337,19.515435703192292,19.2178897857666,19.2178897857666,8572692
2003-12-08,19.18253517150879,19.235393442704012,19.060367458448148,19.18253517150879,5976584
2003-12-09,19.305407158012,19.53259177200088,19.270051957882103,19.497936248779297,11085648
2003-12-10,19.462577709102593,19.462577709102593,19.23539313409588,19.39291763305664,8323033
2003-12-11,19.462579803797837,19.515438079833984,19.340412079548706,19.515438079833984,5391444
2003-12-12,19.53258877120261,19.53258877120261,19.322907268714303,19.410419464111328,5999006
2003-12-15,19.53259177200088,19.550093257490957,19.375067246010794,19.497936248779297,6065161
2003-12-16,19.392915868347973,19.46257593805503,19.28754997253418,19.28754997253418,6243687
2003-12-17,19.28755125454711,19.30540337188876,19.025011491916917,19.095022201538086,13080338
2003-12-18,19.042862770403232,19.392916303088896,18.990355138949553,19.357561111450195,8389630
2003-12-19,19.462574916512708,19.497930105503126,19.18253211134079,19.252893447875977,14601690
2003-12-22,19.20003981325877,19.340411884923444,19.13037973041652,19.16538429260254,6096960
2003-12-23,19.217890871757135,19.37506474208224,19.200038753221484,19.305404663085938,4097758
2003-12-24,19.305404663085938,19.305404663085938,19.305404663085938,19.305404663085938,0
2003-12-25,19.305404663085938,19.305404663085938,19.305404663085938,19.305404663085938,0
2003-12-26,19.305404663085938,19.305404663085938,19.305404663085938,19.305404663085938,0
2003-12-29,19.39291774338197,19.497933014088716,19.32290703164521,19.46257781982422,4088669
2003-12-30,19.532585671228283,19.655454635620117,19.445071895923565,19.655454635620117,4240447
2003-12-31,19.655454635620117,19.655454635620117,19.655454635620117,19.655454635620117,0
2004-01-01,19.655454635620117,19.655454635620117,19.655454635620117,19.655454635620117,0
2004-01-02,19.655454635620117,19.655454635620117,19.655454635620117,19.655454635620117,0
2004-01-05,19.830486741118186,20.145183563232422,19.795131541068756,20.145183563232422,14190809
2004-01-06,20.12802805050302,20.232694280879866,19.987657583965582,20.21554183959961,8428429
2004-01-07,20.26804947553884,20.495232460576016,20.145180491783275,20.21554183959961,13405193
2004-01-08,20.337708013646395,20.37306320562977,19.970152996090707,20.057666778564453,10917066
2004-01-09,20.128026763474622,20.128026763474622,19.81262873891122,20.005508422851562,8282728
2004-01-12,20.02301106554485,20.093021772072955,19.900142092301405,19.935497283935547,7426969
2004-01-13,20.110523452005225,20.162682042495597,19.95300055610851,20.057666778564453,6067045
2004-01-14,20.1280268437264,20.355560450420217,20.09302228646455,20.250194549560547,9654258
2004-01-15,20.16268664247972,20.19804184252915,20.040517316897564,20.145183563232422,10011521
2004-01-16,20.057667093925296,20.250194549560547,20.0405130598767,20.250194549560547,9123396
2004-01-19,20.232696533203125,20.40772253708356,20.18053793295916,20.232696533203125,7034975
2004-01-20,20.198041011486303,20.390570093893878,20.198041011486303,20.232696533203125,5598355
2004-01-21,20.232697365671864,20.407723376753697,20.05767135459003,20.145183563232422,10044566
2004-01-22,20.373062133789062,20.460575911658648,20.09302091344028,20.373062133789062,17816308
2004-01-23,20.49523700929606,20.5480952922651,20.373069269023393,20.478084564208984,11013843
2004-01-26,20.530586381964643,20.530586381964643,20.303051199607193,20.425220489501953,5046373
2004-01-27,20.618106020321218,20.653112181247856,20.425227875037105,20.478084564208984,12186418
2004-01-28,20.44307518005371,20.56559352683348,20.355561392155252,20.44307518005371,6645891
2004-01-29,20.303058540967275,20.530593805598944,20.303058540967275,20.478084564208984,7256956
2004-01-30,20.4077209574642,20.44307615332235,19.83048439025879,19.83048439025879,16896894
2004-02-02,20.00550943341905,20.04051399230957,19.882640451313325,20.04051399230957,7422924
2004-02-03,20.128028974610235,20.128028974610235,19.74297083498155,19.777976989746094,17313060
2004-02-04,19.83048575354891,20.180537758279787,19.777978112218975,20.11052703857422,9057554
2004-02-05,20.110523886647897,20.40771916193192,20.093022404812245,20.128026962280273,9474440
2004-02-06,20.232694578822134,20.443075760975507,20.215542137289294,20.4077205657959,16721656
2004-02-09,20.425227875037105,20.530593805598944,20.373069269023393,20.478084564208984,6841458
2004-02-10,20.355563948380272,20.478082310545737,20.250198029414214,20.460580825805664,6672301
2004-02-11,20.4430777472686,20.582748552633472,20.4430777472686,20.460580825805664,10116079
2004-02-12,20.56559266106793,20.60024817699349,20.285551420416194,20.30305290222168,22236062
2004-02-13,20.4077297655493,20.42523285027607,20.180545080955554,20.39057731628418,18815347
2004-02-16,20.373069105102765,20.425227710696813,20.198043083269308,20.355566024780273,17027143
2004-02-17,20.32020957431425,20.373067853610983,20.128031119337006,20.145183563232422,31720279
2004-02-18,20.16268444101798,20.250196640105354,19.935499852351274,19.9530029296875,15118422
2004-02-19,20.057664569597343,20.128024310543424,19.795124844886512,19.88263702392578,12153099
2004-02-20,19.91799682741362,19.935499904795893,19.690463196631615,19.777976989746094,48361312
2004-02-23,19.8654842376709,20.005505634235533,19.812625977181153,19.8654842376709,6103050
2004-02-24,19.8126277923584,19.935496762387373,19.760470797544436,19.8126277923584,12296342
2004-02-25,19.812628885529335,19.917994786748636,19.620099835440236,19.900142669677734,15613525
2004-02-26,19.865488950806622,19.865488950806622,19.567944607861016,19.83048439025879,15269013
2004-02-27,20.024847605566514,20.167882603457443,19.899692389436666,20.006969451904297,16008309
2004-03-01,20.11424651090096,20.27515967545106,20.060250607604512,20.203643798828125,12332571
2004-03-02,20.275158694087175,20.417837142944336,20.20364282092577,20.417837142944336,5709729
2004-03-03,20.29303961916208,20.364557124449675,20.149648054903324,20.27515983581543,4990642
2004-03-04,20.364555063433595,20.399956444761486,20.131766234100226,20.382434844970703,7228924
2004-03-05,20.364554733852653,20.382434515100396,19.989089096242985,20.02484703063965,9712165
2004-03-08,20.11424430877954,20.149645689534495,20.02484703063965,20.02484703063965,16901439
2004-03-09,19.97084645826259,20.16787730330871,19.95296830929878,20.078481674194336,14166439
2004-03-10,20.02484908802427,20.364556826139385,19.98909114995378,20.293039321899414,10265333
2004-03-11,20.167881065526338,20.22116222499574,19.41659164428711,19.41659164428711,42064411
2004-03-12,19.005725325516,19.399070739746094,18.79081628372603,19.399070739746094,28446540
2004-03-15,19.184520128031064,19.434474020969994,19.13088240777135,19.220279693603516,15493125
2004-03-16,19.273912138001574,19.363309399362965,19.041481537799875,19.291791915893555,9444430
2004-03-17,19.363312112916446,19.4884673195024,19.273914839027018,19.41659164428711,26620769
2004-03-18,19.381189775125726,19.505988424931157,19.14840096651445,19.16628074645996,9817075
2004-03-19,19.27391347181753,19.452706378814835,19.130878494980234,19.30967140197754,42953542
2004-03-22,19.184518638168708,19.220278200964085,18.522626453797862,18.629901885986328,12921082
2004-03-23,18.719299487130467,19.113003097807795,18.666018323763694,18.987489700317383,14512800
2004-03-24,18.96961281967642,19.291798980903287,18.880217153675215,18.952091217041016,13275339
2004-03-25,19.16628567825758,19.57786750793457,19.16628567825758,19.57786750793457,12318135
2004-03-26,19.61326504616223,19.63150138083715,19.255679194006944,19.399070739746094,5911113
2004-03-29,19.381193775947544,19.452711282394105,19.202400823880662,19.43447494506836,4195305
2004-03-30,19.381189346313477,19.381189346313477,19.202396435110302,19.381189346313477,4647725
2004-03-31,19.45270965317431,19.470589435313226,19.14840331554885,19.23780059814453,5582870
2004-04-01,19.25567746094166,19.488466262817383,19.25567746094166,19.488466262817383,8393607
2004-04-02,19.523873228687393,19.667264802566805,19.399074546769228,19.57786750793457,8211124
2004-04-05,19.59538681099404,19.952974319458008,19.434473653259452,19.952974319458008,7793319
2004-04-06,19.917572475401535,20.00696975747346,19.667262039318818,19.70266342163086,6118757
2004-04-07,19.774181365966797,20.024848361339046,19.72090020042344,19.774181365966797,6541879
2004-04-08,19.91757157394938,20.078486348776202,19.846054077148438,19.846054077148438,4861101
2004-04-09,19.846054077148438,19.846054077148438,19.846054077148438,19.846054077148438,0
2004-04-12,19.846054077148438,19.846054077148438,19.846054077148438,19.846054077148438,0
2004-04-13,19.917569616462117,19.98908710623436,19.488466305927314,19.667259216308594,10462004
2004-04-14,19.505990556015135,19.738779390059243,19.470589173970858,19.613265991210938,8076630
2004-04-15,19.577862187871105,20.185760044362826,19.488466545630253,20.114242553710938,11186184
2004-04-16,20.239040480168974,20.436071362971724,20.149644833923894,20.257278442382812,9430253
2004-04-19,20.257280539846285,20.417837142944336,20.221164421503172,20.417837142944336,4676678
2004-04-20,20.453948570525398,20.56122398376465,20.27515404432858,20.56122398376465,5707271
2004-04-21,20.3466760639544,20.63274606714834,20.3466760639544,20.507232666015625,6403955
2004-04-22,20.20364587181236,20.20364587181236,19.82817852647283,20.09636878967285,16452328
2004-04-23,20.185758890064097,20.257276376626344,19.774177195765613,20.060245513916016,12790564
2004-04-26,20.829424989850207,20.990338193488924,20.740027680206882,20.757549285888672,25267924
2004-04-27,20.757543687682332,20.8115395895329,20.39995780174695,20.489355087280273,9994863
2004-04-28,20.489352415995114,20.59662784216998,20.23904037475586,20.23904037475586,8942085
2004-04-29,20.310559945844517,20.650625849372688,20.221164290920594,20.507232666015625,10230474
2004-04-30,20.382439973132442,20.811543441292315,20.364560187096828,20.66815185546875,9967994
2004-05-03,20.632743870032765,20.883054282123243,20.578747975448387,20.81153678894043,5785820
2004-05-04,20.793653829620492,20.91880901653161,20.722137975469984,20.86481475830078,5788503
2004-05-05,20.829417068753397,20.972452058549027,20.722141640456066,20.954214096069336,4947083
2004-05-06,20.900947164479373,20.95422672901885,20.704274341964354,20.829429626464844,5558291
2004-05-07,20.846938667772005,20.972452058549027,20.740019793106438,20.954214096069336,8249755
2004-05-10,20.722143483988933,20.829418921829962,20.417837142944336,20.417837142944336,11287992
2004-05-11,20.543347009861538,20.704261779785156,20.48935274228953,20.704261779785156,6427569
2004-05-12,20.704262642269867,20.775421958126763,20.471830368041992,20.471830368041992,6850802
2004-05-13,20.5966280654098,20.686023712158203,20.507230790562637,20.686023712158203,6003953
2004-05-14,20.578745580323776,20.668142843422185,20.399952682225507,20.56122398376465,10342773
2004-05-17,20.417834767816146,20.50723041291831,20.239040221414356,20.453950881958008,6964988
2004-05-18,20.507228095464757,20.632741468623667,20.436068792286004,20.56122398376465,6905747
2004-05-19,20.650625997156194,20.70426371611418,20.36455599191503,20.596630096435547,9374729
2004-05-20,20.596630096435547,20.596630096435547,20.596630096435547,20.596630096435547,0
2004-05-21,20.561232864584614,20.561232864584614,20.221168518066406,20.221168518066406,5843859
2004-05-24,20.346681594848633,20.5612341555665,20.310565466921204,20.346681594848633,3993761
2004-05-25,20.275159538814673,20.436074330379356,20.20364366267369,20.293039321899414,4434113
2004-05-26,20.489354021611916,20.50723217530956,20.114244926131015,20.36455535888672,5955296
2004-05-27,20.39995674072822,20.453952639770414,20.25727992430538,20.36455535888672,3954103
2004-05-28,20.39996044113594,20.417840226175716,20.0248512776129,20.09636878967285,7299176
2004-05-31,20.09636878967285,20.09636878967285,20.09636878967285,20.09636878967285,0
2004-06-01,20.131763000478262,20.23903841627234,19.97084824868856,20.060245513916016,4115390
2004-06-02,20.07848541721702,20.34667398265418,20.07848541721702,20.23904037475586,4885071
2004-06-03,20.2211652639811,20.310560923206822,20.11424637534898,20.293039321899414,4474282
2004-06-04,20.239047946681918,20.436078902172582,20.239047946681918,20.346681594848633,4869306
2004-06-07,20.399957331876088,20.543348887858293,20.399957331876088,20.525470733642578,5156424
2004-06-08,20.561227948545127,20.68602498240787,20.41783639759547,20.650625228881836,6647500
2004-06-09,20.650623615739637,20.740019260994263,20.596627721245763,20.63274383544922,5611162
2004-06-10,20.632746646565206,20.632746646565206,20.417837584473407,20.489355087280273,6145748
2004-06-11,20.417837584473407,20.578750744714643,20.364556418064193,20.489355087280273,3910115
2004-06-14,20.436074330379356,20.507233652841997,20.078488437278487,20.293039321899414,8519019
2004-06-15,20.239040221414356,20.50723041291831,20.239040221414356,20.453950881958008,4743248
2004-06-16,20.436072433290924,20.543347865642968,20.36455493568995,20.471830368041992,6775630
2004-06-17,20.471831239495884,20.578750122754055,20.364555802577293,20.436073303222656,5712856
2004-06-18,20.34667602039123,20.525470586054087,20.257280365658705,20.436073303222656,25902089
2004-06-21,20.436068792286004,20.578745580323776,20.417832460464897,20.56122398376465,3946111
2004-06-22,20.47183156615094,20.54334906793746,20.275158843262748,20.31056022644043,4586246
2004-06-23,20.310560923206822,20.382436609224126,20.2211652639811,20.293039321899414,3156813
2004-06-24,20.39995834800895,20.436074468100166,20.07848857258949,20.203643798828125,4901233
2004-06-25,20.131768112326448,20.203643798828125,20.096366727695724,20.203643798828125,3686305
2004-06-28,20.20364457174396,20.239044329629948,20.06025137503466,20.149648666381836,4365505
2004-06-29,20.096362774023294,20.131764151689303,19.95297123910892,20.114242553710938,5013610
2004-06-30,20.078482600861275,20.114240528537643,19.756654739379883,19.756654739379883,5514908
2004-07-01,19.881461491214147,20.006974923420277,19.75666442270556,19.82818031311035,5303689
2004-07-02,19.77418044945982,19.863576101298076,19.667261569663246,19.738779067993164,4572320
2004-07-05,19.73877584542679,19.73877584542679,19.559982942841273,19.595382690429688,3518357
2004-07-06,19.595386013814682,19.649381912627458,19.30967420043141,19.452709197998047,7158231
2004-07-07,19.452707758707135,19.559984812994198,19.381190265215338,19.41659164428711,5993246
2004-07-08,19.381191892575103,19.684783490707765,19.2739164573793,19.613265991210938,6355647
2004-07-09,19.54210489468471,19.577862827128886,19.363311976266367,19.523868560791016,4737454
2004-07-12,19.43447650805987,19.63150581329831,19.416596722985513,19.55998992919922,4048850
2004-07-13,19.631506113656418,19.649385899004333,19.43447680540347,19.542110443115234,4439433
2004-07-14,19.434470413917925,19.667259216308594,19.4165906344502,19.667259216308594,6516413
2004-07-15,19.595384425679367,19.667260100387423,19.45270762142617,19.523868560791016,5971594
2004-07-16,19.309674028820716,19.399071308530083,19.04148544589032,19.184518814086914,9370918
2004-07-19,19.14840591686298,19.345078662812387,19.041488647460938,19.041488647460938,7319277
2004-07-20,19.523871910288022,19.989091434089566,19.452710958714874,19.917573928833008,16977833
2004-07-21,20.09636558218191,20.436073303222656,19.98909014526332,20.436073303222656,12782701
2004-07-22,20.23904037475586,20.36455376304957,20.167881062996493,20.23904037475586,8397869
2004-07-23,20.32844000891179,20.39995751069831,20.22116457028148,20.31056022644043,5929151
2004-07-26,20.310561359039966,20.364557263131193,20.18576431274414,20.18576431274414,5663232
2004-07-27,20.293043861694006,20.364561381933292,20.203648182469408,20.346681594848633,5763710
2004-07-28,20.453954413083924,20.453954413083924,20.149648054903324,20.27515983581543,7127838
2004-07-29,20.310565466921204,20.399962774245154,20.239047946681918,20.346681594848633,4775869
2004-07-30,20.3824347171149,20.56122764706792,20.293037438088973,20.471830368041992,7290131
2004-08-02,20.399952682225507,20.578745580323776,20.36455130742699,20.56122398376465,5529939
2004-08-03,20.614869903835515,20.74002514517896,20.471834877128945,20.72214698791504,6502799
2004-08-04,20.65062406584354,20.775421092677743,20.578748389492635,20.704261779785156,6541209
2004-08-05,20.704261674474726,20.793657321223126,20.632744180216747,20.686023712158203,7351738
2004-08-06,20.525470913565027,20.57875045111514,20.23904272465391,20.31056022644043,8443147
2004-08-09,20.27515967545106,20.36455696337823,20.16788423241766,20.203643798828125,5842296
2004-08-10,20.27515967545106,20.27515967545106,20.14964789553168,20.203643798828125,4150628
2004-08-11,20.203640779367966,20.34667413933632,20.060247609574645,20.32843780517578,6343112
2004-08-12,20.310557714355326,20.489352260757116,20.310557714355326,20.453950881958008,6526186
2004-08-13,20.417842561329813,20.47183684824255,20.310565466921204,20.346681594848633,6178646
2004-08-16,20.293036115816143,20.471829034119203,20.185760690454053,20.453950881958008,6748931
2004-08-17,20.436068792286004,20.56122398376465,20.36455130742699,20.56122398376465,5971741
2004-08-18,20.596630527441096,20.632746646565206,20.417837584473407,20.489355087280273,6081659
2004-08-19,20.543348931141296,20.596630096435547,20.436073493225322,20.596630096435547,6706655
2004-08-20,20.63274651184958,20.68602604981196,20.54334922689995,20.578750610351562,6549039
2004-08-23,20.66815185546875,20.757547529448292,20.56123294919078,20.66815185546875,7599822
2004-08-24,20.63274651184958,20.668147895301193,20.54334922689995,20.578750610351562,4228747
2004-08-25,20.632747947916673,20.632747947916673,20.48935637958773,20.6148681640625,4601298
2004-08-26,20.650626011335447,20.775423049926758,20.61486644660629,20.775423049926758,4163580
2004-08-27,20.6860305337324,20.972458786946287,20.6860305337324,20.918819427490234,5378220
2004-08-30,20.86481649325577,20.918810755976338,20.811535337731907,20.883052825927734,2712984
2004-08-31,20.81153947689231,21.151247206361557,20.81153947689231,20.936336517333984,9466113
2004-09-01,21.06184508120952,21.24063798212213,21.02572897058052,21.187000274658203,5997391
2004-09-02,21.151241302490234,21.204520825640397,21.097603597671835,21.151241302490234,3497788
2004-09-03,21.169127982509124,21.276403427124023,21.07973069326403,21.276403427124023,5805749
2004-09-06,21.330038692252767,21.437314124509747,21.24064141330606,21.383319854736328,3534009
2004-09-07,21.33003807067871,21.490594660740506,21.276400356113268,21.33003807067871,6255341
2004-09-08,21.36580128873801,21.508836315021757,21.25852583307479,21.437318801879883,5629422
2004-09-09,21.3657980912228,21.419437439126163,21.29392403511457,21.311803817749023,4466918
2004-09-10,21.33004045110628,21.383321617983356,21.204527045346723,21.29392433166504,3521915
2004-09-13,21.29392403511457,21.3657980912228,21.187005149175103,21.311803817749023,3939041
2004-09-14,21.276402721532946,21.293924322635675,21.0976097770711,21.115131378173828,5201981
2004-09-15,21.151245166192655,21.33003809094696,21.133008831652713,21.22240447998047,5299933
2004-09-16,21.22240060327936,21.24063693448807,21.00820633757551,21.151241302490234,6120521
2004-09-17,21.008213775749027,21.31180540903894,21.008213775749027,21.240644454956055,10952818
2004-09-20,21.204524993896484,21.293922271565982,21.008210467241284,21.204524993896484,4020521
2004-09-21,21.1330098387476,21.38332027095194,21.1330098387476,21.36579704284668,4576519
2004-09-22,21.347920932900298,21.38332231805292,21.204527739562725,21.276403427124023,5579637
2004-09-23,21.204526265212372,21.29392354824168,21.13301039250762,21.169126510620117,4366746
2004-09-24,21.13300895690918,21.16912507256825,21.043611679952768,21.13300895690918,3966985
2004-09-27,21.04361812294294,21.115135640785052,20.86482514238732,20.918819427490234,6253982
2004-09-28,20.883054763736517,21.079727467500316,20.86481842937234,21.061847686767578,5368351
2004-09-29,20.990331944561504,21.258522165550513,20.990331944561504,21.169126510620117,6679839
2004-09-30,21.187002407076147,21.22240378599497,20.79365700862004,20.81153678894043,17468992
2004-10-01,20.846941004517753,21.09760963243885,20.793659838028535,21.025733947753906,7393532
2004-10-04,21.06184788976611,21.240640814520415,21.06184788976611,21.22240447998047,5016675
2004-10-05,21.18699922966967,21.258516712127033,20.954210451088873,21.151241302490234,8936755
2004-10-06,21.061850066932244,21.133011016174763,20.93633666208635,21.025733947753906,6737912
2004-10-07,21.097609463009547,21.115131063851447,20.471831724560033,20.578750610351562,12924833
2004-10-08,20.578750270725653,20.77542299188985,20.471831386698682,20.525470733642578,7247665
2004-10-11,20.507231749147817,20.525469712316852,20.399956316795773,20.471830368041992,2912435
2004-10-12,20.453952214715876,20.543347865642968,20.3284388191948,20.471830368041992,4675193
2004-10-13,20.525471206404383,20.596630527441096,20.39995780174695,20.489355087280273,4570745
2004-10-14,20.382434844970703,20.507231877786452,20.310559165174784,20.382434844970703,6491404
2004-10-15,20.185760843391883,20.34667398265418,20.09636356951367,20.23904037475586,7359962
2004-10-18,20.25728591562404,20.45395868925724,20.25728591562404,20.346681594848633,4618165
2004-10-19,20.489353896245063,20.704262945844313,20.399956615908355,20.650625228881836,5244243
2004-10-20,20.507232798445553,20.614866418048987,20.38243576002712,20.417837142944336,6378803
2004-10-21,20.632741468623667,20.757538478422045,20.525466055384413,20.56122398376465,9610166
2004-10-22,20.63274606714834,20.68602560396238,20.489354511890184,20.507232666015625,3966124
2004-10-25,20.38243752633925,20.38243752633925,20.149648666381836,20.149648666381836,7496045
2004-10-26,20.16788423241766,20.310561060081785,20.07848857258949,20.203643798828125,5844297
2004-10-27,20.23904240171331,20.436073303222656,20.131766964794718,20.436073303222656,4326096
2004-10-28,20.525472500989757,20.632747947916673,20.399959088415926,20.6148681640625,7003845
2004-10-29,20.578750299705877,20.614866418048987,20.417837142944336,20.417837142944336,6753282
2004-11-01,20.41784136336722,20.686030013405105,20.399961577331606,20.66815185546875,4436500
2004-11-02,20.686031763793892,20.757549285888672,20.596636082249958,20.757549285888672,6219243
2004-11-03,21.0797364073632,21.09761619567871,20.846947489777296,21.09761619567871,9836711
2004-11-04,21.025735557064703,21.11513284957473,20.829420997820012,21.043615341186523,6564632
2004-11-05,21.187003099904,21.25852059542548,21.07972767067118,21.22240447998047,8626890
2004-11-08,21.1691244471669,21.258520093383485,20.97245174615216,21.079727172851562,3890873
2004-11-09,21.02573717019581,21.06185329490937,20.704267353632808,20.793663024902344,7258357
2004-11-10,20.81153962078184,21.09760963243885,20.81153962078184,21.025733947753906,5726949
2004-11-11,20.99033325986686,21.00821304321289,20.88305781598868,21.00821304321289,3891077
2004-11-12,21.043620276949525,21.15125393252578,21.00821888220062,21.09761619567871,5925392
2004-11-15,21.097608713528658,21.187004367203613,20.918814149980978,20.990331649780273,3926548
2004-11-16,21.043613585013137,21.133010870062606,20.883056979312098,20.936336517333984,3594746
2004-11-17,20.93634103213013,21.008216731817694,20.75754805157451,20.918819427490234,5095551
2004-11-18,20.846944031634038,20.954219487533056,20.757546732985396,20.90093994140625,3319517
2004-11-19,20.990331136243967,20.990331136243967,20.346675281896484,20.382434844970703,9031856
2004-11-22,20.382437046599605,20.382437046599605,20.096367023501102,20.18576431274414,5590767
2004-11-23,20.239044047749214,20.382437242461396,19.935454048149037,19.970853805541992,7289489
2004-11-24,20.024853081971816,20.060254473424756,19.75666442270556,19.82818031311035,7557606
2004-11-25,19.81029925166943,20.078489499735916,19.81029925166943,20.04237174987793,5038946
2004-11-26,19.970852473807007,20.006970220467444,19.846055434633925,19.952974319458008,3205056
2004-11-29,19.935454048149037,20.149648385746165,19.935454048149037,19.970853805541992,4036934
2004-11-30,19.86357461735625,19.8996907315214,19.48846718196908,19.523868560791016,8806913
2004-12-01,19.55998849698387,19.899694619927782,19.5421087132187,19.881458282470703,7938116
2004-12-02,19.88145857789748,20.078489499735916,19.792061285842294,20.04237174987793,7350365
2004-12-03,20.09636878967285,20.275161755773144,19.899696038532777,20.09636878967285,8431706
2004-12-06,20.060249757947734,20.078487722160236,19.881456817765216,19.952974319458008,5431025
2004-12-07,19.989093335632507,20.221167475035646,19.86357991473589,20.09636878967285,6953751
2004-12-08,19.93545792127327,20.221169820841276,19.93545792127327,20.167888641357422,6730592
2004-12-09,20.078492961986296,20.23904797985589,19.98909565451582,20.167888641357422,5524241
2004-12-10,20.221165697895948,20.29303975735657,20.042371119409875,20.18576431274414,4633684
2004-12-13,20.20364366267369,20.436074330379356,20.167884096504213,20.293039321899414,5650055
2004-12-14,20.39995498755622,20.453950881958008,20.185760690454053,20.453950881958008,6802720
2004-12-15,20.507232798445553,20.561228699128474,20.293038476426986,20.417837142944336,6741731
2004-12-16,20.417836098220725,20.56122764706792,20.346675154264997,20.471830368041992,6813874
2004-12-17,20.578752246010904,20.596632030041754,20.04237174987793,20.04237174987793,17198934
2004-12-20,20.131771216355464,20.453957405010883,20.096369826266354,20.221168518066406,7039756
2004-12-21,20.114249612228395,20.257284643726205,20.078491668403565,20.221168518066406,4506713
2004-12-22,20.221168518066406,20.221168518066406,20.221168518066406,20.221168518066406,0
2004-12-23,20.328441004072808,20.346677341103025,20.22116556019092,20.27515983581543,3414509
2004-12-24,20.27515983581543,20.27515983581543,20.27515983581543,20.27515983581543,0
2004-12-27,20.203640779367966,20.453951194436026,20.096363724268258,20.32843780517578,2176247
2004-12-28,20.364555802577293,20.525470586054087,20.328439684544737,20.436073303222656,2323486
2004-12-29,20.436073303222656,20.436073303222656,20.436073303222656,20.436073303222656,0
2004-12-30,20.507233241907773,20.56122914375834,20.43607392087106,20.489355087280273,2092763
2004-12-31,20.489355087280273,20.489355087280273,20.489355087280273,20.489355087280273,0
2005-01-03,20.525467997821863,20.740018844604492,20.525467997821863,20.740018844604492,5624872
2005-01-04,20.668146828819616,20.722142727531427,20.507232049833316,20.650625228881836,5563427
2005-01-05,20.48935685746582,20.578752522623557,20.346678393196523,20.399959564208984,5778689
2005-01-06,20.34667602039123,20.507232622108692,20.328439684544737,20.436073303222656,4761247
2005-01-07,20.346676345049264,20.36455612752063,20.20364296957516,20.31056022644043,6499818
2005-01-10,20.310557868238686,20.382433543444964,20.167881062996493,20.23904037475586,5117906
2005-01-11,20.185760948527495,20.382433649604927,20.167881168038978,20.257278442382812,4969555
2005-01-12,20.257280662342755,20.310560199823044,19.846055434633925,19.952974319458008,6556139
2005-01-13,20.060244069490643,20.185757436601214,19.970846810700184,20.13176155090332,6182242
2005-01-14,20.042372019280737,20.50723501363791,20.042372019280737,20.399959564208984,7097369
2005-01-17,20.48935784605357,20.614869639511483,20.417840333617285,20.543352127075195,5842281
2005-01-18,20.66814652577472,20.686024679100836,20.399956316795773,20.471830368041992,5630335
2005-01-19,20.48935464420466,20.59663008204569,20.36455597768731,20.417837142944336,6259485
2005-01-20,20.417837142944336,20.417837142944336,20.417837142944336,20.417837142944336,0
2005-01-21,20.310559165174784,20.436072561483186,20.185762132359038,20.382434844970703,10348933
2005-01-24,20.382434844970703,20.382434844970703,20.382434844970703,20.382434844970703,0
2005-01-25,20.507232812772955,20.596630096435547,20.36455599191503,20.596630096435547,5300587
2005-01-26,20.632747947916673,20.650627731770847,20.453954993672127,20.6148681640625,5240981
2005-01-27,20.632745144668892,20.66814652577472,20.310559037769846,20.471830368041992,6961589
2005-01-28,20.417835079742414,20.471829346870347,20.275156645302765,20.32843780517578,6313071
2005-01-31,20.382434844970703,20.436072561483186,20.239041667125193,20.382434844970703,5941502
2005-02-01,20.382434844970703,20.436072561483186,20.328438946711895,20.382434844970703,5707063
2005-02-02,20.346675154264997,20.525469712316852,20.3284388191948,20.471830368041992,6937835
2005-02-03,20.453953570049265,20.596630392961277,20.417837451160963,20.578750610351562,5442292
2005-02-04,20.65062920977921,20.668150813094698,20.436076672470353,20.543352127075195,7751108
2005-02-07,20.614869903835515,20.74002514517896,20.54335239048223,20.72214698791504,6798327
2005-02-08,20.740025925249125,20.775427315483903,20.632750465233972,20.66815185546875,8138567
2005-02-09,20.650629625251245,20.793663024902344,20.596633715044096,20.793663024902344,5768741
2005-02-10,20.775420639853746,20.864817913207105,20.578747940955346,20.63274383544922,5485070
2005-02-11,20.66815185546875,20.70426798127716,20.57875455338995,20.66815185546875,5856855
2005-02-14,20.70426132851216,20.70426132851216,20.525468409904178,20.63274383544922,4688975
2005-02-15,20.614865665507608,20.722142727531427,20.543348166858014,20.650625228881836,5806604
2005-02-16,20.6148681640625,20.650627731770847,20.525472500989757,20.6148681640625,7442765
2005-02-17,20.525470586054087,20.543348740141248,20.34667602039123,20.436073303222656,10130866
2005-02-18,20.507233241907773,20.525471206404383,20.364556418064193,20.489355087280273,8274195
2005-02-21,20.63274825677722,21.2224082981075,20.614868472655395,21.043615341186523,20173050
2005-02-22,21.008209972668137,21.22240427543446,20.90093454446926,21.061847686767578,11979630
2005-02-23,20.91881460630953,20.936336206911207,20.757543267562177,20.775423049926758,11071022
2005-02-24,20.75754674871911,20.75754674871911,20.54335239048223,20.72214698791504,9142149
2005-02-25,20.740019295757616,20.91881221466528,20.722141143535964,20.81153678894043,6027740
2005-02-28,20.918825327908188,20.918825327908188,20.75755390650383,20.829429626464844,6611300
2005-03-01,20.793657507255105,21.008209991948547,20.77542117287419,20.954214096069336,6819758
2005-03-02,20.93633462198532,21.13300895690918,20.829417373852458,21.13300895690918,9602374
2005-03-03,21.11512886661411,21.187002915143694,20.596628249679043,20.954214096069336,18287572
2005-03-04,21.10192044017086,21.193269729614258,21.02847400101705,21.193269729614258,9899318
2005-03-07,21.193272355795813,21.211176871983103,21.010572090590518,21.06538200378418,5461526
2005-03-08,21.065379195812255,21.065379195812255,20.845773562873568,20.900949478149414,5823543
2005-03-09,20.91921887274583,20.95539391066068,20.66307385055655,20.754423141479492,10099840
2005-03-10,20.699980121405883,20.809599940633664,20.62689968736098,20.645170211791992,6648706
2005-03-11,20.645169873389012,20.73651916668844,20.49864299828787,20.699979782104492,5805808
2005-03-14,20.68134947338227,20.68134947338227,20.535554573212995,20.59000015258789,3717326
2005-03-15,20.791329075403915,20.791329075403915,20.517279531826517,20.699979782104492,9254893
2005-03-16,20.62689642217921,20.62689642217921,20.444196197827477,20.480369567871094,7521374
2005-03-17,20.462467687582695,20.88267975495062,20.407291770193126,20.71824836730957,12965209
2005-03-18,20.626896263589398,20.77269109806622,20.48036941040785,20.553815841674805,11026855
2005-03-21,20.243228204726865,20.371118545532227,20.0057163834604,20.371118545532227,19745193
2005-03-22,20.407290171768416,20.44419722605749,20.188416566364936,20.297670364379883,8034592
2005-03-23,20.22459144017543,20.462467604449323,20.188418065626134,20.389022827148438,6346661
2005-03-24,20.44419986708686,20.53554916381836,20.371119431494147,20.53554916381836,5405213
2005-03-25,20.53554916381836,20.53554916381836,20.53554916381836,20.53554916381836,0
2005-03-28,20.53554916381836,20.53554916381836,20.53554916381836,20.53554916381836,0
2005-03-29,20.60863502805627,20.626905557686996,20.444205252418616,20.59000015258789,5535165
2005-03-30,20.444196197827477,20.553815999702742,20.42592567628864,20.480369567871094,3873285
2005-03-31,20.589993598071505,20.626898991422333,20.389022827148438,20.389022827148438,6659250
2005-04-01,20.44419642818908,20.517276851489008,20.38902051727456,20.462465286254883,4709486
2005-04-04,20.37112100815797,20.425930923174832,20.15187968441121,20.224594116210938,6122311
2005-04-05,20.243225423312932,20.64516691452573,20.22458889244527,20.498640060424805,9847482
2005-04-06,20.53554971286615,20.791330412439724,20.53554971286615,20.772695541381836,8051168
2005-04-07,20.772698146332406,20.827874074922423,20.334581475542336,20.66307830810547,9570670
2005-04-08,20.718248642556905,20.80959959953545,20.571723431134885,20.699979782104492,5168670
2005-04-11,20.59000015258789,20.66308060743117,20.51728570726189,20.59000015258789,3482029
2005-04-12,20.57172203063965,20.73651775497413,20.553817517134146,20.57172203063965,6031465
2005-04-13,20.626898484097794,20.6813423811226,20.480371615142467,20.51727867126465,6037654
2005-04-14,20.58999139838265,20.900947961015362,20.571720876519965,20.80959701538086,12561930
2005-04-15,20.974028384787186,20.992297242970952,20.772691625972744,20.80959701538086,17152942
2005-04-18,20.626898854292318,20.66307389228021,20.315942260506482,20.444198608398438,15440840
2005-04-19,20.571722399935453,21.083649749931144,20.553817886108536,20.882678985595703,20224754
2005-04-20,20.791328033196308,20.99229879753175,20.754422641055207,20.882678985595703,8832722
2005-04-21,20.663072661971835,21.06537852291121,20.608627103532594,21.010568618774414,16307006
2005-04-22,21.1567311265431,21.1567311265431,20.90095044478542,21.04674530029297,6984797
2005-04-25,21.028477371099893,21.06538276944767,20.772696657779765,20.9371280670166,5385270
2005-04-26,20.919218705475718,20.919218705475718,20.681342545165638,20.827869415283203,7038013
2005-04-27,20.754423681412856,20.864045162522938,20.645169873389012,20.699979782104492,6769165
2005-04-28,20.75442297552709,20.919218705475718,20.589993254973123,20.827869415283203,8325680
2005-04-29,20.7913266233657,21.229443159371115,20.73651672111426,21.156728744506836,13625252
2005-05-02,21.320794986914557,21.449049664380915,21.175000141795326,21.33942985534668,7985291
2005-05-03,21.393876590129107,21.503498077392578,21.33943268776464,21.503498077392578,8230469
2005-05-04,21.52213243685034,21.63175392150879,21.375971566425193,21.63175392150879,8138062
2005-05-05,21.63175392150879,21.63175392150879,21.63175392150879,21.63175392150879,0
2005-05-06,21.70483164563156,21.814453125,21.576576960378755,21.814453125,8898117
2005-05-09,21.759275436401367,21.814451349155643,21.594845726253045,21.759275436401367,6789522
2005-05-10,21.777545364413577,21.796180231951457,21.52212905883789,21.52212905883789,8475524
2005-05-11,21.522132948298136,21.594849039498936,21.393876590129107,21.503498077392578,6421375
2005-05-12,21.558675530605644,21.576580047607422,21.39387811041162,21.576580047607422,4364837
2005-05-13,21.52213243685034,21.686197822579462,21.50349756638762,21.63175392150879,5302725
2005-05-16,21.63175392150879,21.63175392150879,21.63175392150879,21.63175392150879,0
2005-05-17,21.650025071907162,21.68620011575936,21.4307854067654,21.55867576599121,4587260
2005-05-18,21.613483396785853,21.65002278255255,21.48522704166468,21.63175392150879,4846767
2005-05-19,21.66792958910443,21.759280558699732,21.449054269740977,21.55867576599121,7608762
2005-05-20,21.667919681493974,21.686190199794748,21.43077560758857,21.613475799560547,5707258
2005-05-23,21.65001833468418,21.759273787477778,21.576573568820614,21.723098754882812,4529128
2005-05-24,21.83271918394332,21.960245161389658,21.74136990381568,21.941974639892578,8623989
2005-05-25,21.997152829449153,22.453904268453506,21.997152829449153,22.252933502197266,18833327
2005-05-26,22.234299597731397,22.453905242618774,22.234299597731397,22.39872932434082,7149532
2005-05-27,22.453905137134257,22.581429469049617,22.289475411297296,22.43563461303711,5669024
2005-05-30,22.417000220225084,22.417000220225084,22.289475885596126,22.32564926147461,2773289
2005-05-31,22.289472609202633,22.36255136904597,22.161580620279516,22.271202087402344,8680898
2005-06-01,22.32564496213501,22.49007632348482,22.234295684655187,22.453901290893555,7076185
2005-06-02,22.435638088764385,22.563528449898936,22.3625576447333,22.50835418701172,5600860
2005-06-03,22.581432967363423,22.581432967363423,22.41700321605302,22.50835418701172,5613430
2005-06-06,22.47217576680175,22.526985675671558,22.271204991826373,22.39872932434082,5663744
2005-06-07,22.380827785824746,22.581432578068906,22.380827785824746,22.563528060913086,8572836
2005-06-08,22.43563760063187,22.61833953857422,22.43563760063187,22.61833953857422,5552187
2005-06-09,22.526988569603045,22.61833953857422,22.380827684720902,22.61833953857422,9084467
2005-06-10,22.59969609335711,22.63660148091034,22.41699587494964,22.472171783447266,7004594
2005-06-13,22.472178653692076,22.63660840142498,22.417002728325944,22.61833953857422,5547259
2005-06-14,22.49007403600942,22.61833035172296,22.47216952620673,22.545249938964844,5012600
2005-06-15,22.599699993146764,22.618336526650335,22.344285319909616,22.43563461303711,9206061
2005-06-16,22.472174791843816,22.52698469833569,22.124677156430945,22.252933502197266,10616450
2005-06-17,22.161582548924773,22.325647922687182,22.161582548924773,22.252933502197266,15703252
2005-06-20,22.234300913041302,22.252935784055676,21.997155085079324,22.179855346679688,6929039
2005-06-21,22.25292828793238,22.563518794395375,22.216022904086152,22.545249938964844,10665308
2005-06-22,22.618336526650335,22.618336526650335,22.38082470442479,22.43563461303711,7879278
2005-06-23,22.472177647137904,22.54525808630562,22.307381897331222,22.417001724243164,6706870
2005-06-24,22.23430404330216,22.398733802787994,22.23430404330216,22.307384490966797,8511390
2005-06-27,22.142951999733064,22.271208370521173,22.106776955287252,22.12468147277832,7332019
2005-06-28,22.14294663683586,22.16158150506163,21.997151793331042,22.05159568786621,7885587
2005-06-29,22.106774643688524,22.27120604172865,22.08850578232345,22.21603012084961,6199833
2005-06-30,22.179858469275416,22.362558756597274,22.16158794143939,22.307384490966797,7918313
2005-07-01,22.19812445449068,22.43563461303711,22.179853930393534,22.43563461303711,3756358
2005-07-04,22.435633345584097,22.435633345584097,22.25293310597125,22.344284057617188,3234427
2005-07-05,22.307379925988016,22.453905137134257,22.2160289691814,22.43563461303711,5149855
2005-07-06,22.472177916045833,22.472177916045833,22.34428756189178,22.380826950073242,6476693
2005-07-07,22.38082424035979,22.38082424035979,21.613482208339857,22.161582946777344,13451442
2005-07-08,22.27120335597536,22.39872767912297,22.198122928290434,22.362552642822266,4753225
2005-07-11,22.398731466560466,22.490082432533057,22.23430172422495,22.380826950073242,5893819
2005-07-12,22.36255136904597,22.36255136904597,22.124675230997433,22.271202087402344,5736882
2005-07-13,22.179858469275416,22.435639204261907,22.1429530678015,22.307384490966797,5970656
2005-07-14,22.545254989779767,22.873750079638228,22.50834959766562,22.654874801635742,16292230
2005-07-15,22.72795962428714,22.873754501342773,22.672783698304645,22.873754501342773,10570588
2005-07-18,22.928923314307088,23.257784375106514,22.910652793240775,23.129528045654297,11225774
2005-07-19,23.202980074425156,23.220884590466085,22.983738759763373,23.184709548950195,8974659
2005-07-20,23.09335855248893,23.294329341390604,23.075089690719135,23.202980041503906,8094150
2005-07-21,23.239150300177727,23.2943262148735,22.965100773620758,23.07508659362793,8503511
2005-07-22,22.9837376378284,23.07508859706472,22.928927727758275,23.02027702331543,3965388
2005-07-25,23.020275024637517,23.093355452945712,22.85547929931895,23.07508659362793,4714600
2005-07-26,22.94683224292521,23.056452063065464,22.89238667859208,23.02027702331543,4758978
2005-07-27,22.946834944600216,23.02027973363755,22.819308930599426,22.873754501342773,7944283
2005-07-28,22.837579457333625,22.946834944600216,22.6548791810297,22.873754501342773,10226832
2005-07-29,22.837573643340548,22.983734492645784,22.672777926265287,22.910654067993164,8876157
2005-08-01,22.96510494705322,23.038183724962952,22.87375397914707,23.002010345458984,3095728
2005-08-02,23.002007497231137,23.166437222686476,22.83757610809668,23.147802352905273,7812058
2005-08-03,23.093353242789867,23.33049901863078,23.03817733337472,23.111623764038086,8926911
2005-08-04,23.056448907932324,23.09335429778524,22.87374867814025,22.910654067993164,6472027
2005-08-05,22.8737493447739,22.928925258317754,22.76412953643968,22.801034927368164,5019149
2005-08-08,22.855476281265187,22.965097741091537,22.801032392527464,22.89238166809082,5531647
2005-08-09,22.92892990386993,23.07509078704804,22.92892990386993,23.002010345458984,6889755
2005-08-10,23.07508659362793,23.129530489554938,23.00200616531973,23.07508659362793,8755220
2005-08-11,22.96510494705322,23.038183724962952,22.89238885123574,23.002010345458984,7170238
2005-08-12,23.02027454403661,23.02027454403661,22.6910491096572,22.801034927368164,5709775
2005-08-15,22.709681009020446,22.764126560371864,22.581424685461705,22.599695205688477,5071267
2005-08-16,22.654872634900663,22.910653280554175,22.618333255669683,22.69104766845703,6949954
2005-08-17,22.654873413548476,22.965099624875755,22.654873413548476,22.910654067993164,10376767
2005-08-18,22.910654735702387,22.983735162484862,22.70968397797032,22.801034927368164,7563154
2005-08-19,22.801037383034924,23.02027702331543,22.801037383034924,23.02027702331543,7224335
2005-08-22,22.946829598819484,23.020274370746844,22.709683807018592,22.782398223876953,5743486
2005-08-23,22.727954014542654,22.76412904962303,22.49007787096914,22.5269832611084,6080682
2005-08-24,22.56352340303606,22.61833497155901,22.289473878816345,22.362552642822266,7530707
2005-08-25,22.234300913041302,22.30738135041729,22.051598987761714,22.179855346679688,5815577
2005-08-26,22.161584653701826,22.30738118159988,21.887535095214844,21.887535095214844,6098671
2005-08-29,21.74138065888436,22.179861745970797,21.650029669888156,22.088512420654297,4841975
2005-08-30,22.19812792638158,22.234302970827397,22.015427647872297,22.12468147277832,5643468
2005-08-31,22.106774643688524,22.32564994375689,22.08850578232345,22.21603012084961,6841114
2005-09-01,22.289474487304688,22.435633682985586,22.161582487605443,22.289474487304688,7397308
2005-09-02,22.234307328040945,22.344293193428026,22.070241890119114,22.088512420654297,5258579
2005-09-05,22.17985189511965,22.234297453008615,22.070232087953972,22.10677146911621,2958307
2005-09-06,22.10677071855756,22.325645979763888,22.07023133863589,22.271202087402344,4167619
2005-09-07,22.344285424879157,22.39872932434082,22.142948640495632,22.39872932434082,6027896
2005-09-08,22.36255465618152,22.43563509044607,22.252934836624274,22.32564926147461,4049339
2005-09-09,22.398725354005244,22.526981682601626,22.362550321459718,22.472171783447266,4987662
2005-09-12,22.599696724861257,22.746223578496437,22.453901889933064,22.69104766845703,5439876
2005-09-13,22.746223998617303,22.746223998617303,22.508347860671677,22.5814266204834,4406388
2005-09-14,22.581427999214092,22.76412990093517,22.563523485688787,22.727954864501953,6150234
2005-09-15,22.69104857809378,22.910654198994457,22.672778055906424,22.855478286743164,7621863
2005-09-16,22.98373031616211,23.05644471823537,22.85547400287976,22.98373031616211,14311407
2005-09-19,22.837577852720987,23.020278116188035,22.74622855282708,22.819307327270508,6021607
2005-09-20,22.92892354259248,23.111623764038086,22.709682278650433,23.111623764038086,10372619
2005-09-21,23.056447016654893,23.184703342722685,22.837571770017046,22.89238166809082,11173181
2005-09-22,22.782397731404746,23.00200501472867,22.74622436028398,22.910654067993164,8736906
2005-09-23,22.946831957716864,23.513203239640905,22.946831957716864,23.440488815307617,14433689
2005-09-26,23.56837628042467,23.714537130066255,23.47702533347894,23.604551315307617,10279358
2005-09-27,23.65972554597004,23.695898914603355,23.477023665062465,23.586645126342773,7422868
2005-09-28,23.65972607870629,23.878601333175503,23.65972607870629,23.842426300048828,12084196
2005-09-29,23.80588960759264,23.82379578643224,23.604554482552192,23.695903778076172,5845423
2005-09-30,23.842427483330457,23.988588333129883,23.732441668453045,23.988588333129883,10320962
2005-10-03,24.152654879530704,24.573231273086925,24.097843310410166,24.42670440673828,12207888
2005-10-04,24.426706963419775,24.445343497795847,24.171292278225,24.335357666015625,7615184
2005-10-05,24.189196793753947,24.426706963419775,24.13475122831998,24.335357666015625,6654245
2005-10-06,24.061304428676728,24.097843811838374,23.787253232087664,24.006494522094727,7268910
2005-10-07,24.116481105010696,24.35399126224742,24.04340067270422,24.22610092163086,8707942
2005-10-10,24.3174546702468,24.445345025548693,24.22610370345432,24.390533447265625,6499213
2005-10-11,24.371895713670863,24.518056577904993,24.207830334891153,24.26264190673828,6758239
2005-10-12,24.134748398349405,24.44534063140613,24.025128588846446,24.171289443969727,9062340
2005-10-13,24.189195527912766,24.3905306465611,23.952049716401344,24.22610092163086,10913067
2005-10-14,24.390533259260927,24.390533259260927,24.07994263644744,24.116483688354492,7886556
2005-10-17,24.171288563539697,24.189193076317046,23.787251571208092,23.988588333129883,8444039
2005-10-18,24.299182562946445,25.0299852586933,24.299182562946445,25.011348724365234,24249354
2005-10-19,25.084794594834403,25.431560232272147,24.847284431223617,25.176145553588867,23255611
2005-10-20,25.322304758445192,25.37675032249113,24.938633726298924,25.176145553588867,13980298
2005-10-21,25.029974465216963,25.1026888603809,24.84727428598439,24.883447647094727,11472751
2005-10-24,24.95690245109341,25.194048251868065,24.77420221043852,25.1213321685791,6119686
2005-10-25,25.212683120746064,25.322302932403193,25.1213321685791,25.1213321685791,7364016
2005-10-26,25.102699854867865,25.285400114119547,24.974809507023767,25.029985427856445,5858860
2005-10-27,24.902095144725397,25.230956277704717,24.81074418302256,24.993444442749023,9309236
2005-10-28,24.883455916552904,25.176143640800788,24.700755676604004,24.79210662841797,9808526
2005-10-31,24.956903049309908,25.35884458659262,24.919997656378087,25.340208053588867,6766715
2005-11-01,25.340206015389256,25.468096342994457,25.121330750142253,25.395381927490234,7180360
2005-11-02,25.376749333897582,25.5780861137849,25.212683956681047,25.322303771972656,7830757
2005-11-03,25.486733994654813,25.669434233023594,25.248857841760046,25.57808494567871,6943305
2005-11-04,25.431561300294224,25.742151911216293,25.431561300294224,25.650802612304688,6201518
2005-11-07,25.815594927584314,26.10755062870667,25.578084785559614,25.943485260009766,6279209
2005-11-08,25.998289404395,26.144450227261956,25.943479511739547,25.961750030517578,7664931
2005-11-09,26.107557546598752,26.144462947732197,25.541550507820652,25.72425079345703,7880499
2005-11-10,25.779051457135736,25.87040239899524,25.650796791072047,25.687702178955078,5327675
2005-11-11,25.943490401329417,26.053110232652436,25.81560004355945,26.016204833984375,4513681
2005-11-14,26.107549232713104,26.107549232713104,25.74214711412232,25.79695701599121,5622859
2005-11-15,25.870407104492188,26.01620196316754,25.742150751421455,25.870407104492188,6527316
2005-11-16,25.852134133698318,25.99829498795572,25.505004184435734,25.63289451599121,6343775
2005-11-17,25.85213658006134,26.01620196316754,25.77905614601711,25.870407104492188,6141755
2005-11-18,26.03483769029979,26.198903078806396,25.833502560236795,26.05310821533203,6498834
2005-11-21,26.18100201153211,26.18100201153211,25.9617623369857,26.126192092895508,3625358
2005-11-22,26.180994759747012,26.180994759747012,25.943484623549054,26.034833908081055,4712441
2005-11-23,26.034834619475482,26.08964618810715,25.779053953910406,25.924850463867188,4908061
2005-11-24,25.87040857288213,25.906949623817873,25.34021063431396,25.596357345581055,7781254
2005-11-25,25.522908697759178,25.669433897716065,25.431557747928554,25.63289451599121,3528116
2005-11-28,25.81559603101769,25.92485149958487,25.340208053588867,25.340208053588867,5637716
2005-11-29,25.34020828634765,25.541545066234967,25.230954480456013,25.322303771972656,4365539
2005-11-30,25.26749467833249,25.304035727059606,24.883457639360838,25.157508850097656,8152376
2005-12-01,25.28539539590592,25.596351954402802,25.176141602902423,25.541542053222656,6243305
2005-12-02,25.596357345581055,25.632898396516794,25.34021063431396,25.596357345581055,4795283
2005-12-05,25.650800953030068,25.74215024603256,25.13960393416975,25.248859405517578,6081443
2005-12-06,25.066159418864363,25.395384882948914,25.0299843797464,25.212684631347656,5388965
2005-12-07,25.285401760767055,25.285401760767055,24.97481113344485,25.048255920410156,6084181
2005-12-08,24.95690413607478,24.993443521201126,24.700757439740382,24.8472843170166,6617661
2005-12-09,24.902094037257605,25.30403558898785,24.82864759447151,25.212684631347656,7620995
2005-12-12,25.322299460219426,25.358840501547334,24.97480354033951,25.06615447998047,4815419
2005-12-13,25.102697299701102,25.1213321685791,24.810741593097884,25.1213321685791,9316754
2005-12-14,25.084795714748676,25.176146677581514,24.938634839687822,24.956905364990234,6976972
2005-12-15,25.029983526469806,25.04825238643175,24.500151650312826,24.645946502685547,10537755
2005-12-16,24.7742084332217,24.865557744654737,24.35399627685547,24.35399627685547,22437683
2005-12-19,24.408798958160638,25.01134521291096,24.31744967381671,24.97480583190918,11209214
2005-12-20,24.919988681148325,24.956894060788237,24.609398210085104,24.883447647094727,5274650
2005-12-21,24.8834562538383,24.97480720689049,24.70075601141297,24.73729705810547,5602616
2005-12-22,24.737292846947888,24.95689844439345,24.554590971945796,24.81073760986328,4732322
2005-12-23,25.011350336415063,25.011350336415063,24.628045280193344,24.774206161499023,2155909
2005-12-26,24.774206161499023,24.774206161499023,24.774206161499023,24.774206161499023,0
2005-12-27,24.810743950865486,25.102699685213288,24.6459482083314,25.011348724365234,3480965
2005-12-28,24.938634531199007,25.176146366154697,24.865554094572577,24.993444442749023,2901226
2005-12-29,25.15750844883597,25.39538461646331,25.10269854029865,25.248859405517578,3175920
2005-12-30,25.194051634248133,25.340210848186956,25.011349705385904,25.23095703125,2626169
2006-01-02,25.23095703125,25.23095703125,25.23095703125,25.23095703125,0
2006-01-03,25.304038228516188,25.505009025345085,24.883460099240736,25.084796905517578,7262467
2006-01-04,25.376747059664424,25.431556962398233,24.88345460770227,25.395381927490234,8201425
2006-01-05,25.431561265096352,25.5963570105463,25.19405109183982,25.285400390625,7080886
2006-01-06,25.43155884148592,25.54154466444734,25.24885859764755,25.413654327392578,5566165
2006-01-09,25.431559241543386,25.50500568236413,25.230954480456013,25.322303771972656,5701099
2006-01-10,25.194051193453358,25.37675145543981,24.700758656042787,24.956905364990234,11066984
2006-01-11,25.19405174255371,25.340210957120853,24.81074503067563,25.19405174255371,8431520
2006-01-12,25.285397677384765,25.5229094888344,25.248858294527384,25.450193405151367,7479110
2006-01-13,25.431564659696768,25.72425079345703,25.30404030286131,25.72425079345703,9777306
2006-01-16,25.650802300951995,26.089649265396513,25.596356735280427,26.05310821533203,9312043
2006-01-17,25.888312175216832,26.32715913463628,25.815597749024857,26.107553482055664,16390915
2006-01-18,25.77905464721399,26.472951889038086,25.614258918542,26.472951889038086,14498622
2006-01-19,26.12618410024485,26.235805567661544,25.614256788535275,25.79695701599121,15871976
2006-01-20,25.74214711412232,26.053103676526693,25.74214711412232,25.79695701599121,9913679
2006-01-23,25.541544764843305,25.979661338798152,25.48673485784426,25.760786056518555,6723508
2006-01-24,25.742150751421455,26.10755292164262,25.687706851221183,25.870407104492188,9299290
2006-01-25,25.979656930063413,26.016196307302373,25.68770126677013,25.83349609375,5841576
2006-01-26,25.906939620035192,25.943478993182264,25.59634746173135,25.6694278717041,8657831
2006-01-27,25.852135175692453,25.998296035841005,25.596354502272025,25.742149353027344,8967166
2006-01-30,25.852134471392375,25.943485422416273,25.505004517595395,25.57808494567871,8649282
2006-01-31,25.687708008563085,25.833502873807124,25.541547133889445,25.650802612304688,8676437
2006-02-01,25.870411363471746,26.18100201153211,25.7969649079231,26.126192092895508,10187650
2006-02-02,26.12618388053418,26.18099378194214,25.8704032315111,25.906944274902344,7165042
2006-02-03,25.87041176465279,26.472958196884793,25.87041176465279,26.400243759155273,10616671
2006-02-06,26.418510397580835,26.455049783966114,25.961758917529234,26.05310821533203,6087652
2006-02-07,25.998289404395,26.217530638695436,25.888303609784227,25.961750030517578,5188963
2006-02-08,25.924844647340286,26.38159597104055,25.815589207650618,25.961750030517578,7019572
2006-02-09,26.053107357763192,26.162362831256004,25.8155971948788,25.870407104492188,8550066
2006-02-10,25.85214115977044,25.924857260962376,25.72425079345703,25.72425079345703,5586539
2006-02-13,25.72424889973541,26.144461023076158,25.669438984447343,26.089651107788086,6005056
2006-02-14,26.23580983787949,26.345063650038345,25.852137134991736,26.107553482055664,4496654
2006-02-15,26.12618388053418,26.1444544022298,25.796956799049205,25.906944274902344,6231964
2006-02-16,25.906945878036353,26.01619967825463,25.76078502278469,25.943485260009766,5016112
2006-02-17,26.034837392184503,26.107553482055664,25.870407659814767,26.107553482055664,5276255
2006-02-20,26.07101616478554,26.162367138299494,25.924856936314406,26.126192092895508,3230611
2006-02-21,26.180994759747012,26.253710839886967,25.979659658933038,26.034833908081055,6742122
2006-02-22,25.943479511739547,26.089640334606507,25.68769890356169,25.961750030517578,6611958
2006-02-23,25.96176116282279,26.03483994191354,25.76079036112486,25.998300552368164,4483595
2006-02-24,26.071012496948242,26.180998328221303,25.924853289039724,26.071012496948242,4018228
2006-02-27,26.1989035547797,26.308889389038086,25.85213790068837,26.308889389038086,5600538
2006-02-28,26.418505795117476,26.491586218835632,25.79695701599121,25.79695701599121,9809372
2006-03-01,25.87040377953069,26.253710415505576,25.815593876961678,26.144454956054688,7066477
2006-03-02,26.235810138296035,26.290254040288396,25.94348839249699,26.05310821533203,8645455
2006-03-03,26.43372330049652,26.489609056276073,26.191922624033182,26.266437530517578,5926116
2006-03-06,26.41546758087239,26.433723538046607,26.154293060302734,26.154293060302734,5583482
2006-03-07,26.08015082709451,26.303320654076014,25.763462053917422,26.285064697265625,8919068
2006-03-08,26.322320311683004,26.769036506412498,26.285062014483778,26.582748413085938,10907862
2006-03-09,26.732155443799932,26.7507845952156,26.471354109320767,26.63901138305664,7795400
2006-03-10,26.564490163782587,27.011579513549805,26.54586101679196,27.011579513549805,6583782
2006-03-13,27.085723819927267,27.51418236763001,27.085723819927267,27.365154266357422,8033260
2006-03-14,27.29100900052848,27.44003878795511,27.06746601572322,27.085721969604492,5909035
2006-03-15,27.104722002326334,27.16060774726562,26.899434976038194,26.974321365356445,6403361
2006-03-16,26.97432717081629,27.030212927783403,26.843926505781354,26.89944076538086,6044216
2006-03-17,26.86217853062751,27.402783456427454,26.86217853062751,27.253753662109375,21207363
2006-03-20,27.384152275354513,27.47729631397301,26.97432121956855,27.011579513549805,5297806
2006-03-21,26.95532057529228,27.216493345108148,26.769034194389924,27.011579513549805,8212365
2006-03-22,26.937065483144927,27.346896552033876,26.843921441548463,27.32789421081543,7123589
2006-03-23,27.384152824457075,27.440038570214927,26.974321760453247,27.197866439819336,5767142
2006-03-24,27.160609616576885,27.346897707641865,27.141608970890214,27.253753662109375,4843492
2006-03-27,27.384148179500883,27.384148179500883,26.9553165435791,26.9553165435791,4215494
2006-03-28,26.97432459292158,27.30964079901362,26.89943819464293,27.067468643188477,4343793
2006-03-29,27.141607102886656,27.216493492204908,26.750778385599293,26.974321365356445,3966790
2006-03-30,27.08572416276292,27.21649631056234,26.97432415863616,27.123353958129883,4720639
2006-03-31,27.104721855833663,27.160607600470904,26.899434830655036,27.011579513549805,4773079
2006-04-03,27.178860428199574,27.30963424304563,27.085718096627332,27.16060447692871,4125541
2006-04-04,27.19786915997973,27.38415556324867,26.99258041381836,26.99258041381836,4676578
2006-04-05,27.16060836061385,27.178864314495122,26.91843622829659,27.085721969604492,5782290
2006-04-06,27.291012252622536,27.6445844221793,27.272011605550308,27.495927810668945,11334983
2006-04-07,27.60733068030423,27.737731349272735,27.44004490172428,27.626331329345703,9078322
2006-04-10,27.5704402923584,27.68221348460043,27.440039648354972,27.5704402923584,4425159
2006-04-11,27.5331839620026,27.626326310725467,27.067467129383996,27.178865432739258,6380231
2006-04-12,27.1606035380529,27.25374756273982,26.86217251889218,26.9553165435791,5648254
2006-04-13,27.085723634795446,27.085723634795446,26.788037235271585,26.93706703186035,3446070
2006-04-14,26.93706703186035,26.93706703186035,26.93706703186035,26.93706703186035,0
2006-04-17,26.93706703186035,26.93706703186035,26.93706703186035,26.93706703186035,0
2006-04-18,26.769040552922338,26.80629715941863,26.340580248372255,26.63901138305664,5396345
2006-04-19,26.73215586583434,26.84392738342285,26.54586774140673,26.84392738342285,5292476
2006-04-20,26.899434830655036,27.011579513549805,26.6948908000477,27.011579513549805,5968383
2006-04-21,27.160612826857882,27.346900939941406,26.937069805293596,27.346900939941406,6557954
2006-04-24,27.253751786387532,27.253751786387532,26.843920728386557,26.974321365356445,4533265
2006-04-25,26.937065160212203,27.104722397474266,26.639005587744524,26.657634735107422,7258834
2006-04-26,26.657636504802117,26.825293753194284,26.508606708674783,26.582748413085938,6594553
2006-04-27,26.545861547264707,26.657634735107422,26.415462604728436,26.657634735107422,9377472
2006-04-28,26.694898110997897,26.80629813349594,26.471355071227038,26.50861167907715,5705088
2006-05-01,26.50861167907715,26.50861167907715,26.50861167907715,26.50861167907715,0
2006-05-02,26.788037002383422,26.881179352190554,26.582748264288625,26.620006561279297,5048574
2006-05-03,26.58274642624752,26.601748767079386,26.04288792153945,26.06114387512207,7881204
2006-05-04,26.154291304003305,26.229177703491654,25.72620423439609,26.117033004760742,9341176
2006-05-05,26.11702962040913,26.191917706528052,25.800715793183965,26.06114387512207,8527826
2006-05-08,26.19191367497943,26.24742621809719,26.061139863702593,26.17328453063965,5265813
2006-05-09,26.173292675208256,26.452723141920128,26.042892016920707,26.098777770996094,6733805
2006-05-10,25.987003546312295,26.17328993920192,25.81934460527731,25.874858856201172,8001923
2006-05-11,25.874860603044706,26.023890405951487,25.670318241801088,25.70757484436035,6741676
2006-05-12,25.59542882807412,26.136033757179113,25.52128712410979,25.614429473876953,11857254
2006-05-15,25.558174417486768,25.707575722833486,25.074201583338443,25.335002899169922,11273216
2006-05-16,25.335000676808484,25.93074496653079,25.31599833470945,25.89385986328125,13562481
2006-05-17,26.080146466828378,26.210173912235902,25.297740936279297,25.297740936279297,15244401
2006-05-18,25.558172005237182,25.987003736024732,25.371883914652855,25.670316696166992,15125104
2006-05-19,25.55816187231845,25.670306518786823,25.297732181665648,25.37187385559082,11175600
2006-05-22,25.278738812976417,25.59542581834864,25.074196486322048,25.241853713989258,12178994
2006-05-23,25.353631015920353,25.52128997838771,25.129714800718492,25.484031677246094,10731871
2006-05-24,25.334996392721457,25.502280417826018,24.98105111370566,25.092451095581055,10684976
2006-05-25,25.092451095581055,25.092451095581055,25.092451095581055,25.092451095581055,0
2006-05-26,25.53991435422406,25.670316696166992,25.27874156569545,25.670316696166992,9410780
2006-05-29,25.55817436113849,25.688575018766734,25.31600049958967,25.502286911010742,3671238
2006-05-30,25.39088213228511,25.502280417826018,25.092451095581055,25.092451095581055,7802331
2006-05-31,24.98105862697944,25.278745062377,24.58985663604192,25.16734504699707,12772606
2006-06-01,25.111456667582228,25.315999023437794,24.869282820154332,25.185598373413086,7264627
2006-06-02,25.390888653085963,25.539916764750437,25.167343941086873,25.335002899169922,8408435
2006-06-05,25.335002899169922,25.335002899169922,25.335002899169922,25.335002899169922,0
2006-06-06,25.036569208668197,25.35362946094335,24.813026200868574,24.9251708984375,10192725
2006-06-07,24.925171851451687,25.074201659906166,24.850283753541063,25.055572509765625,8197895
2006-06-08,24.71988457384858,25.018315705956674,24.58985710144043,24.58985710144043,8971382
2006-06-09,24.7947735462557,24.81302950444542,24.45945729357781,24.738887786865234,7009222
2006-06-12,24.55259521164198,24.850281609179827,24.347308169466814,24.47770881652832,8251521
2006-06-13,24.21727774290767,24.310421784327076,23.937847314984133,24.105133056640625,12899334
2006-06-14,24.142770284821257,24.21728520163985,23.90059807741224,23.956483840942383,9981396
2006-06-15,24.06788387059143,24.10514048083312,23.714311633533363,23.956483840942383,13655119
2006-06-16,24.1427661546292,24.235910208801748,23.826079084578414,23.91884994506836,16795554
2006-06-19,24.180021938962636,24.217278538954247,23.881590856381735,24.011991500854492,6769168
2006-06-20,23.826072620946633,24.12413215637207,23.751557737090273,24.12413215637207,7215603
2006-06-21,24.142761659090617,24.16101761211013,23.88158889429377,24.086875915527344,8377019
2006-06-22,24.45945632433506,24.515342081510973,24.105137740070255,24.254167556762695,9561202
2006-06-23,24.180018792227493,24.626734918356863,24.180018792227493,24.440446853637695,9224414
2006-06-26,24.589849820474427,24.626734918356863,24.347304517612635,24.440446853637695,5528407
2006-06-27,24.58985452664987,24.58985452664987,24.01199297156679,24.06787872314453,8525768
2006-06-28,24.067876457873677,24.180021144140717,23.99373475763659,24.105133056640625,5333884
2006-06-29,24.254168257718035,24.645743459305127,24.06788182963624,24.496713638305664,8469363
2006-06-30,24.73888766213533,24.73888766213533,24.366313107518867,24.663999557495117,9616814
2006-07-03,24.776141320829492,25.055571779453146,24.608482367121347,24.86928367614746,7096375
2006-07-04,24.943421325854985,25.111451738132352,24.68299157425352,25.092451095581055,5556352
2006-07-05,25.167343286265954,25.167343286265954,24.73888471983427,24.813026428222656,5254846
2006-07-06,24.925167485661703,25.18559556299068,24.85027940086817,25.03656578063965,7427042
2006-07-07,24.92517295953022,24.999314673370133,24.60848417840194,24.887914657592773,7686058
2006-07-10,24.92517251002523,25.278744696679595,24.813027805205362,25.204601287841797,5590857
2006-07-11,25.0742025976661,25.577176099592208,25.05557344682884,25.446775436401367,13580983
2006-07-12,25.52128712410979,25.912489064335333,25.502284781972183,25.614429473876953,9257600
2006-07-13,25.50227444949971,25.539904228543847,25.27873154356109,25.37187385559082,7340221
2006-07-14,25.260486300055206,25.409142904396692,24.943426057901892,25.018312454223633,7748703
2006-07-17,24.88791456880313,25.26048910517338,24.88791456880313,25.16734504699707,5919905
2006-07-18,25.204599019694264,25.353628818675304,25.074200066004376,25.185598373413086,6326839
2006-07-19,25.260487995170223,25.446774407002007,24.90616943157315,25.335002899169922,8390560
2006-07-20,25.37188263586217,25.484027321139678,25.18559625100179,25.297740936279297,5802419
2006-07-21,25.29774154349767,25.46502728769341,25.204597500664416,25.409141540527344,6003425
2006-07-24,25.37188401092161,25.91248893737793,25.335000604112675,25.91248893737793,7352620
2006-07-25,25.912495714825628,26.04289639503505,25.707580117877217,25.763465881347656,8062837
2006-07-26,25.76345921680413,26.042889658207894,25.70757346779033,25.89385986328125,7339513
2006-07-27,26.005639784833164,26.023895744355666,25.521293674197356,25.763465881347656,7790089
2006-07-28,25.670321744404248,25.930749893188477,25.614434288437458,25.930749893188477,4046880
2006-07-31,25.96800055316861,26.191918430465165,25.819343957695807,26.042888641357422,6599856
2006-08-01,26.042888641357422,26.042888641357422,26.042888641357422,26.042888641357422,0
2006-08-02,25.930743082515843,26.09877351099839,25.42814117888848,25.558170318603516,11833925
2006-08-03,25.595431021319154,25.614431668750136,25.278743951571634,25.335002899169922,7421049
2006-08-04,25.465028181332272,25.70757351997889,25.371884135230335,25.614429473876953,5078320
2006-08-07,25.409144609487374,25.521289311001702,25.297744599002613,25.335002899169922,3589618
2006-08-08,25.390889170705933,25.46503088253484,25.204601058741552,25.260488510131836,4302223
2006-08-09,25.278741785463176,25.651314577201372,25.055570286269656,25.614429473876953,4959716
2006-08-10,25.4840320417409,25.502287998880817,25.241859866196474,25.446775436401367,4411241
2006-08-11,25.46503000227479,25.744460464227224,25.409144249151286,25.633060455322266,3904084
2006-08-14,25.81934576018297,25.83760171554465,25.633059358960708,25.800718307495117,3595940
2006-08-15,25.763457498769483,26.098773666826514,25.651312814570737,26.06114387512207,5389900
2006-08-16,26.005634693375793,26.21017705653227,25.912490641604265,26.117033004760742,4709191
2006-08-17,26.042887636078532,26.322318055785612,26.042887636078532,26.191917419433594,4781361
2006-08-18,26.210175716527562,26.340576364539995,26.098775714503102,26.13603401184082,4634978
2006-08-21,26.13603196124099,26.247430258190494,26.005631323459628,26.06114387512207,3027511
2006-08-22,26.117033004760742,26.21017705653227,25.930746597552567,26.117033004760742,3947421
2006-08-23,26.17328827243055,26.229174017105038,25.874857208434538,26.191917419433594,5193689
2006-08-24,26.117025944784647,26.433714617399367,26.117025944784647,26.303312301635742,3984297
2006-08-25,26.322323522846105,26.34057948002032,26.08015134684674,26.154293060302734,2971048
2006-08-28,26.17329195096269,26.21017705653227,25.96800320046025,26.117033004760742,3154811
2006-08-29,26.17329347332834,26.378209042076683,26.1170345238541,26.266437530517578,5467978
2006-08-30,26.35957753986144,26.564493090329478,26.32232093811035,26.32232093811035,5068074
2006-08-31,26.43371426882618,26.50860064708368,26.061139863702593,26.17328453063965,5661593
2006-09-01,26.11702933413553,26.359574653457056,26.11702933413553,26.191917419433594,4655045
2006-09-04,26.173290780080563,26.37820632774297,26.13603417883958,26.359577178955078,3497541
2006-09-05,26.359570885034245,26.396455980146623,26.042883912929994,26.17328453063965,6555337
2006-09-06,26.1732952774246,26.19192442941353,25.80072241565657,25.930749893188477,5158247
2006-09-07,25.912489011730774,26.13603370412074,25.856603262716973,25.89385986328125,4478386
2006-09-08,25.949746139969722,26.061146142947848,25.874859743668885,26.023889541625977,3745449
2006-09-11,25.949748987075942,26.229179464819815,25.91249238166642,26.154293060302734,6088225
2006-09-12,26.229175163153897,26.639006237120014,26.098774521104197,26.489604949951172,8135553
2006-09-13,26.639011749220312,26.732155811243903,26.47135447317992,26.601755142211914,6437228
2006-09-14,26.71314906061366,26.881179502658338,26.545863309539225,26.582748413085938,6445531
2006-09-15,26.713152501491617,26.76903995448923,26.582751837167194,26.732154846191406,12181640
2006-09-18,26.732153090200384,26.769038196075286,26.489607734782563,26.694894790649414,5764973
2006-09-19,26.73215028340134,26.825292629829303,26.45271985144801,26.545862197875977,6823541
2006-09-20,26.620004411134186,27.104721855833663,26.564490163782587,27.011579513549805,10505106
2006-09-21,26.918435620417156,26.992577318825457,26.78803498344727,26.974321365356445,6265499
2006-09-22,26.7690391496408,26.899439810044544,26.63900998659147,26.82529640197754,10114493
2006-09-25,26.82529720851742,26.93707041817764,26.675895895828212,26.732154846191406,4108283
2006-09-26,26.825291581295247,27.048463063764746,26.769034339068305,26.974321365356445,4699800
2006-09-27,27.011582456677,27.160610559835902,26.91843840790972,27.123353958129883,7287403
2006-09-28,27.01157549924903,27.42103330056351,26.974317210804884,27.291004180908203,8229991
2006-09-29,27.42103792555766,27.440038570214927,27.10472239933313,27.197866439819336,7512353
2006-10-02,27.2537596297153,27.458302023958506,27.123358955217554,27.14161491394043,6793275
2006-10-03,27.067465800939452,27.23475154091992,27.0302075062111,27.197866439819336,4252822
2006-10-04,27.216493890848838,27.2720081393136,27.0302075062111,27.197866439819336,5816185
2006-10-05,27.384152824457075,27.384152824457075,27.04846345994751,27.197866439819336,4735178
2006-10-06,27.23474786274425,27.253748504835396,27.011576407146237,27.16060447692871,4359153
2006-10-09,27.178869017519812,27.234756469726562,27.06747069947157,27.234756469726562,3138258
2006-10-10,27.309648238841284,27.4583048875652,27.178874356975523,27.272018432617188,5679978
2006-10-11,27.327895968788173,27.384154912463465,27.123353614817933,27.365154266357422,4774812
2006-10-12,27.402786931037184,27.421042888077462,27.10472730460776,27.234756469726562,7811499
2006-10-13,27.234753825357934,27.327896177322202,27.048465728759766,27.048465728759766,4631895
2006-10-16,27.14160883251706,27.365153522854506,27.08572308401639,27.178865432739258,5019765
2006-10-17,27.216500216222943,27.309644278356718,26.97432802954423,27.10472869873047,6195515
2006-10-18,27.25375564949359,27.495927810668945,27.21649735002976,27.495927810668945,6016224
2006-10-19,27.477293770925296,28.18518263137236,27.402778886193843,28.11029624938965,15278050
2006-10-20,28.25932826231417,28.408731246191948,28.185186560831937,28.35247230529785,12112221
2006-10-23,28.389729438525052,28.57601752799534,28.334216883862656,28.538759231567383,7343070
2006-10-24,28.50187874520768,28.576022156427747,28.371478079258452,28.445621490478516,7244903
2006-10-25,28.42736544928755,28.744050841277897,28.371477995758056,28.5205078125,8933193
2006-10-26,28.650907968928188,28.650907968928188,28.259332785486148,28.33422088623047,8925784
2006-10-27,28.278332865627704,28.389731175412653,27.886757713541236,28.371475219726562,9909235
2006-10-30,28.18518263137236,28.278326661370293,28.036152861909457,28.11029624938965,7358099
2006-10-31,28.129304885864258,28.389733014681404,28.05478997995671,28.129304885864258,9647181
2006-11-01,28.18518829345703,28.259329999496966,28.0547876430646,28.18518829345703,5014916
2006-11-02,28.129297812978077,28.352469280894255,27.998897184511797,28.315584182739258,5841794
2006-11-03,28.315587735648677,28.557761573426152,28.166186445296304,28.538759231567383,6685168
2006-11-06,28.688158321626148,28.688158321626148,28.50187025745882,28.6136417388916,5917267
2006-11-07,28.557761573426152,28.61364562539859,28.352472838431844,28.538759231567383,6864297
2006-11-08,28.464618606696735,28.482877955715093,28.147931537866533,28.22244644165039,7727426
2006-11-09,28.25932856754009,28.296586863669873,27.793611740260953,27.849870681762695,10023447
2006-11-10,27.589065827968746,27.626322422947922,27.36514967183109,27.45829200744629,12487171
2006-11-13,26.9184373358257,27.178865432739258,26.080147715646117,27.178865432739258,17795182
2006-11-14,27.067467003890776,27.067467003890776,26.65763592167295,26.675891876220703,16402536
2006-11-15,26.82529115455717,27.067464973887766,26.80629051048047,27.03020668029785,10946695
2006-11-16,26.992577172938894,27.104721855833663,26.918435474931307,27.011579513549805,8267887
2006-11-17,26.974320936247594,27.178863268371913,26.80629051048047,27.03020668029785,11550429
2006-11-20,26.918435620417156,27.085721357947367,26.769034339068305,26.974321365356445,8922282
2006-11-21,26.955326522347974,27.048468885181496,26.862182463179444,26.89944076538086,6959593
2006-11-22,26.9925794497546,27.011581791968354,26.843922847580007,26.862178802490234,6939106
2006-11-23,26.95532209247734,27.085722736082076,26.788036346435547,26.788036346435547,5337489
2006-11-24,26.825292626286057,27.01158071178681,26.452719847953972,26.489604949951172,8454546
2006-11-27,26.452717033113913,26.582744467690524,26.340572357177734,26.340572357177734,9447328
2006-11-28,26.191919015011205,26.433719658156487,25.912488578281586,25.949745178222656,14326901
2006-11-29,26.080150546077896,26.247434616088867,25.987006490911515,26.247434616088867,12635074
2006-11-30,26.26643488471224,26.41546468266933,26.023889541625977,26.023889541625977,11469748
2006-12-01,26.191919278599684,26.210175233278047,25.670316696166992,25.670316696166992,11792649
2006-12-04,25.81934657783026,25.837602533770074,25.409143967023926,25.595430374145508,12652759
2006-12-05,25.651314577201372,25.874859270045157,25.55817222743421,25.614429473876953,13272279
2006-12-06,25.70757484436035,25.83760230415058,25.670318241801088,25.70757484436035,11266466
2006-12-07,25.781715171604144,26.098775407221694,25.670316867226052,25.89385986328125,11854720
2006-12-08,25.89386391699717,25.98700797749183,25.577176825451374,25.781719207763672,9473221
2006-12-11,25.893853581055367,26.136027363139974,25.893853581055367,25.986997604370117,8700101
2006-12-12,26.023889318843345,26.210175716527562,25.912489316818885,26.13603401184082,8426734
2006-12-13,26.154291304003305,26.21017705653227,26.080149595526038,26.117033004760742,7116904
2006-12-14,26.26643456221895,26.582748413085938,26.17329051555567,26.582748413085938,9486974
2006-12-15,26.62000839054118,26.86218055228293,26.62000839054118,26.694894790649414,23540301
2006-12-18,26.713148476270167,26.89943656552172,26.65763592167295,26.675891876220703,5968528
2006-12-19,26.639011749220312,26.750784962915635,26.45272532150819,26.601755142211914,8438051
2006-12-20,26.732153009891732,26.750782159611255,26.34057785011618,26.452722549438477,8568629
2006-12-21,26.340579243307285,26.452723948561076,26.13603686825363,26.266437530517578,7013178
2006-12-22,26.266436002734217,26.30331941196892,26.098777048812444,26.117033004760742,4425948
2006-12-27,26.210174946554872,26.433719635009766,26.191918992076218,26.433719635009766,3479629
2006-12-28,26.50860370900063,26.620003698005153,26.19191670031696,26.210172653198242,3591088
2006-12-29,26.229170267324587,26.359570885034245,26.08014220160955,26.17328453063965,2908190
2007-01-03,26.452720811141248,26.639007207090284,26.322320164343445,26.620006561279297,8044887
2007-01-04,26.54586101679196,27.030206964205792,26.52686037251569,27.011579513549805,12550198
2007-01-05,27.067465800939452,27.40278197182125,27.0302075062111,27.197866439819336,12707268
2007-01-08,27.291013288610188,27.346900739927467,26.713151698323525,26.82529640197754,10725221
2007-01-09,26.91843764918123,27.030209147483696,26.620006561279297,26.620006561279297,7158243
2007-01-10,26.56449151984138,26.806292160438723,26.50860577235129,26.71314811706543,8194084
2007-01-11,26.825294657107015,26.99258041381836,26.750781452867315,26.99258041381836,5616018
2007-01-12,27.011579513549805,27.12335100282429,26.788034838666196,27.011579513549805,6941009
2007-01-15,27.178871169508568,27.551445732045334,27.123358602936687,27.53318977355957,7426018
2007-01-16,27.53318174201529,27.570438339233505,27.30963706970215,27.30963706970215,6061504
2007-01-17,27.346895975136235,27.51418001724708,27.234751291021766,27.421037673950195,7642303
2007-01-18,27.2537516390894,27.384152275354513,27.011579513549805,27.011579513549805,13634431
2007-01-19,26.881177439188026,27.216493606567383,26.881177439188026,27.216493606567383,9807935
2007-01-22,27.21649838318877,27.272012640816683,26.7690391496408,26.82529640197754,7576766
2007-01-23,26.88117713796414,27.030206920981566,26.73214905128135,26.750778198242188,8788893
2007-01-24,26.899437626349975,27.160610423309883,26.843923373228705,27.048465728759766,8985530
2007-01-25,27.178866378577595,27.21649617375541,26.97432402304653,27.048465728759766,6976645
2007-01-26,27.067469905893773,27.16061226417094,26.80629539489746,26.80629539489746,12155954
2007-01-29,26.955323376795498,27.067468071345615,26.80629357805089,27.048465728759766,14264364
2007-01-30,26.937070564949884,26.99258312821438,26.825297354680647,26.89944076538086,10840261
2007-01-31,26.825291972369488,26.899435368193338,26.620004943088556,26.657634735107422,8976664
2007-02-01,26.88117958588847,27.011581930154733,26.88117958588847,26.93706703186035,13290022
2007-02-02,26.992577928379177,27.178864314495122,26.93706537580859,27.085721969604492,8709659
2007-02-05,27.104729802764982,27.197873868692714,27.011587433172384,27.14161491394043,6467040
2007-02-06,27.160612826857882,27.495929055539275,27.123356222042155,27.346900939941406,11105477
2007-02-07,27.458296617610937,27.51418236763001,27.30964001365977,27.365154266357422,6914784
2007-02-08,27.327893885071454,27.440038570214927,27.141607500433715,27.197866439819336,8148304
2007-02-09,27.234746947345936,27.40277734990626,27.141602922569955,27.291004180908203,9485508
2007-02-12,27.178859514679715,27.495919678347857,27.141602922569955,27.291004180908203,6740704
2007-02-13,27.32788927578753,27.42103330056351,27.272003539455696,27.291004180908203,6213956
2007-02-14,27.327897358411168,27.495927810668945,27.25375564949359,27.495927810668945,6222641
2007-02-15,27.49592179601903,27.589065827968746,27.327891380517396,27.45829200744629,8417612
2007-02-16,27.30964062264525,27.812614080367634,27.30964062264525,27.79361343383789,11652843
2007-02-19,27.477296577937686,27.551438276657525,27.160607861393263,27.216493606567383,12030141
2007-02-20,27.23475440073497,27.27201100304082,26.825294791028483,27.067468643188477,14309341
2007-02-21,27.178869402126693,27.234756855124306,26.675895895828212,26.732154846191406,11987415
2007-02-22,26.76903592084648,26.91843721102343,26.65763592167295,26.675891876220703,8214951
2007-02-23,26.750784142947833,27.011585473017707,26.601754326812188,26.89944076538086,9076279
2007-02-26,26.266433888227848,26.639006672651266,25.987003451742915,26.433719635009766,36655436
2007-02-27,26.1732901302743,26.210175233278047,25.521286902233435,25.670316696166992,21628697
2007-02-28,25.40914056636551,25.52128525003529,25.12971014491356,25.27873992919922,17154265
2007-03-01,25.24186076571595,25.297746523884285,24.64574318469527,25.074203491210938,22225962
2007-03-02,25.241857755143602,25.31599946225962,24.925170699070623,25.12971305847168,13412672
2007-03-05,24.887912028668428,25.092456081348292,24.757139881005934,24.90616798400879,12900014
2007-03-06,25.8566048890753,26.359578358170868,25.595430386043894,26.117033004760742,38424327
2007-03-07,26.191924681671264,26.303323008287133,25.968006750932396,26.22918128967285,16447885
2007-03-08,26.285062205710844,26.415464550522042,26.17329070596958,26.378206253051758,11707524
2007-03-09,26.554074604334982,26.572755711771475,26.26813840079693,26.420637130737305,12177714
2007-03-12,26.53463082894543,26.668068299353333,26.23001178941294,26.32532501220703,9126592
2007-03-13,26.30626067998172,26.49688538001645,26.115635979946987,26.24869155883789,9177382
2007-03-14,26.03938898289041,26.248694814927028,25.92501449584961,25.92501449584961,13444293
2007-03-15,26.21094682421094,26.344004135703567,25.925010649036803,26.153379440307617,10634382
2007-03-16,26.191504864663685,26.45876168213072,26.000880160682378,26.268136978149414,15674397
2007-03-19,26.477444171948875,26.496887313000386,26.039387652373883,26.286819458007812,6608067
2007-03-20,26.268137772866464,26.36344925982084,26.039387079664472,26.32532501220703,7421311
2007-03-21,26.28682008521329,26.420637710654386,26.1915068580487,26.382131576538086,5454992
2007-03-22,26.496881093030773,26.534625183717427,26.191500084833987,26.439311981201172,9608119
2007-03-23,26.477442584607417,26.554072961663223,26.344005119264366,26.534629821777344,8601919
2007-03-26,26.611266630629956,26.611266630629956,26.30626566411548,26.363452911376953,6791130
2007-03-27,26.51594891011612,26.534630016534088,26.17282374873846,26.230010986328125,5929486
2007-03-28,26.15337436329968,26.248685824575585,26.000873942251136,26.02031707763672,5318830
2007-03-29,26.134694637273043,26.40157127380371,26.07750740653056,26.40157127380371,5900092
2007-03-30,26.49688556326087,26.592198781857206,26.286817722140267,26.57275390625,11767791
2007-04-02,25.65813636779785,25.734384859184924,25.390879555706626,25.65813636779785,23820694
2007-04-03,25.73438581124127,25.791573049817057,25.58150520225401,25.639074325561523,14857799
2007-04-04,25.67681540684251,25.772126881323516,25.54375810274489,25.696258544921875,9337067
2007-04-05,25.658136840495317,25.829698553036334,25.543760629628316,25.79157257080078,6031936
2007-04-10,25.829699520375332,25.98219998334947,25.772130395981026,25.84876251220703,7853677
2007-04-11,25.753450339847785,25.886887816435607,25.48619350191762,25.581506729125977,10143581
2007-04-12,25.600949870650332,25.772131447702897,25.48619350191762,25.581506729125977,16782689
2007-04-13,25.734387713875957,26.134700149342677,25.696263463953333,26.03938865661621,12216429
2007-04-16,26.17282813727584,26.32532862031196,26.134702148596837,26.191509246826172,10019280
2007-04-17,26.19150389742554,26.28681711381616,26.020322339801528,26.210947036743164,10064545
2007-04-18,26.134703267572792,26.43932236189834,26.020328768318652,26.0961971282959,12847754
2007-04-19,26.020324660227853,26.344006698606155,25.925013171177195,26.286819458007812,12791797
2007-04-20,26.439319036665825,26.649388634243824,26.344007544554565,26.51595115661621,18524013
2007-04-23,26.897193691870534,27.125944338725855,26.611257553100586,26.611257553100586,11762106
2007-04-24,26.706571578979492,26.84000903513396,26.629941207200492,26.706571578979492,10569225
2007-04-25,26.763379400135545,26.763379400135545,26.515947619561967,26.629941940307617,8765130
2007-04-26,26.744699654620486,27.10650592320489,26.725254778709846,27.068761825561523,13910450
2007-04-27,27.12594921663533,27.239943543822182,26.973448757975135,26.992511749267578,10826233
2007-04-30,27.03063558285152,27.23994137818092,26.85869026184082,26.85869026184082,7677069
2007-05-02,26.87813727319227,27.087824969890118,26.68751256778686,26.992511749267578,11754694
2007-05-03,27.068764210883046,27.125951453636773,26.80188925413911,26.84001350402832,8151173
2007-05-04,26.935324358948176,27.201817407448903,26.878137121233834,27.068761825561523,6930289
2007-05-07,27.201813731677184,27.201813731677184,26.915875845904505,27.0306339263916,3359445
2007-05-08,27.068758727391245,27.18313318972913,26.878134044881612,26.954002380371094,6951967
2007-05-09,27.030637731852465,27.183136454672987,26.954005617794234,26.992511749267578,7355946
2007-05-10,27.049319895207073,27.049319895207073,26.725255973933383,26.763381958007812,8782119
2007-05-11,26.572752238128984,26.7446975583605,26.534627994587503,26.706571578979492,8139912
2007-05-14,26.84000632399592,26.878132299525777,26.611257414174162,26.68750762939453,4263614
2007-05-15,26.68750762939453,26.897193551451355,26.629938517281627,26.68750762939453,7498001
2007-05-16,26.68751200045354,26.76338034344267,26.49688556326087,26.57275390625,8825286
2007-05-18,26.687511059820487,26.858690879532876,26.592197844583577,26.629941940307617,9530303
2007-05-21,26.496887686599525,26.554074928004194,26.268138720980847,26.306262969970703,11641941
2007-05-22,26.058063515452286,26.172819858298887,25.829694747924805,25.829694747924805,16278029
2007-05-23,25.982203401400668,26.286822482683732,25.905571275093436,26.191509246826172,13622904
2007-05-24,26.13469681079859,26.325323243579824,26.058066435982436,26.210947036743164,8393440
2007-05-25,26.153380618203286,26.34400532218459,26.0961916447532,26.268136978149414,8182478
2007-05-29,26.344004510944785,26.439315992080576,26.134696971144507,26.172822952270508,8127820
2007-05-30,26.096191104474254,26.382129022446165,26.0008796223767,26.24869155883789,9375890
2007-05-31,26.32532367073708,26.458761134345355,26.115635979946987,26.24869155883789,11733112
2007-06-01,26.306263226728717,26.439318818500922,26.306263226728717,26.382131576538086,8934510
2007-06-04,26.286818084574165,26.401574444520296,26.21094800469933,26.268136978149414,9155785
2007-06-05,26.248693198895555,26.325325315582834,26.096192735003463,26.13469886779785,8808010
2007-06-06,26.134693597814145,26.382125350963612,25.982194900512695,25.982194900512695,12808544
2007-06-07,26.07751012808215,26.153380206763412,25.81025505065918,25.81025505065918,13438410
2007-06-08,25.791573373962365,26.020324066980113,25.696261887084752,25.886886596679688,14201660
2007-06-11,25.92500904444863,26.000877380371094,25.84875882384172,26.000877380371094,8238873
2007-06-12,25.810256379644425,25.9250127436941,25.753449288888262,25.84876251220703,15029798
2007-06-13,25.753449288888262,25.886886760030706,25.753449288888262,25.84876251220703,10590567
2007-06-14,25.92501174052244,26.058067321777344,25.753448292355273,26.058067321777344,15850700
2007-06-15,26.134693271525492,26.706569020744116,26.115632019500403,26.611257553100586,30000104
2007-06-18,26.763377498279283,26.820564729021765,26.268133823458104,26.40157127380371,10215980
2007-06-19,26.420635152834635,26.515948370771813,26.153380076740337,26.24869155883789,8440031
2007-06-20,26.24869210227411,26.306261224609813,26.134697775938875,26.268136978149414,8256026
2007-06-21,26.191502063968624,26.230008191036784,26.000877380371094,26.000877380371094,10453187
2007-06-22,26.02031707763672,26.09618540352704,25.925005616360814,26.02031707763672,8281509
2007-06-25,25.886879643179054,26.09618540352704,25.867436507793474,26.02031707763672,9050743
2007-06-26,26.00087656120783,26.11563290526747,25.848758009470984,25.905563354492188,9773820
2007-06-27,25.829694467371866,26.21094381438456,25.829694467371866,25.982194900512695,13172383
2007-06-28,26.058066435982436,26.210947036743164,25.982198094749037,26.210947036743164,10728380
2007-06-29,26.230012736151217,26.306262969970703,26.07751226851225,26.306262969970703,9107295
2007-07-02,26.21095038502774,26.344007714596508,26.03938865661621,26.03938865661621,5889767
2007-07-03,26.115632345551077,26.191500677457267,25.867438558912536,25.982194900512695,7285928
2007-07-04,26.02032359548198,26.077510833740234,25.905567234235864,26.077510833740234,5014995
2007-07-05,26.096188858694653,26.115633732494004,25.69625838700432,25.73438262939453,9594579
2007-07-06,25.69625838700432,25.753445618509375,25.562820934879376,25.73438262939453,11371650
2007-07-09,25.81025589239685,25.848762024232535,25.543761104042083,25.639074325561523,7510272
2007-07-10,25.58150211203873,25.753445691727237,25.39087742786678,25.524314880371094,9348393
2007-07-11,25.372197412420554,25.69625956300636,25.315010178298298,25.42900276184082,9988110
2007-07-12,25.448442890393366,25.486186981201172,25.238375084038562,25.486186981201172,13443535
2007-07-13,25.581503401326216,25.676816616135643,24.971885224433606,25.16250991821289,21194967
2007-07-16,25.162509611275002,25.429002641778332,25.067196397628226,25.276884078979492,11155076
2007-07-17,25.295566752573777,25.295566752573777,24.705009800558933,24.990947723388672,18144976
2007-07-18,24.628384139189315,24.66650839280837,24.380952300022486,24.437759399414062,27141504
2007-07-19,24.437752787763287,25.104940064388693,24.400008693312923,24.857128143310547,22138597
2007-07-20,25.086253968625964,25.33368569162367,25.02906674712677,25.124378204345703,24723841
2007-07-23,25.200254802298343,25.2383790479113,25.086260478497007,25.18157196044922,11854994
2007-07-24,25.12438472410997,25.353135405306592,25.10494158450651,25.18157196044922,11497703
2007-07-25,25.124386576661426,25.257824049905253,25.029075087681406,25.04775619506836,15579005
2007-07-26,25.0862567240206,25.16250693967433,24.705005645751953,24.705005645751953,12118332
2007-07-27,24.552506950283856,24.914313156019595,24.552506950283856,24.705005645751953,17558851
2007-07-30,24.628377112403435,24.819001797791067,24.51438279718729,24.571189880371094,13480650
2007-07-31,24.685947915852722,24.8956356048584,24.552510453379984,24.8956356048584,14167954
2007-08-02,24.83844308918614,24.95243739592678,24.647818417971497,24.705005645751953,12816452
2007-08-03,24.723688587177506,24.761814565758726,24.475876669757533,24.571189880371094,10359158
2007-08-06,24.43775385607643,24.971885585420353,24.43775385607643,24.723690032958984,13377292
2007-08-07,24.83844726643419,25.047754811902486,24.60969831684212,24.990947723388672,11753220
2007-08-08,25.009625889378256,25.56282056364363,24.914314416867157,25.448444366455078,13256506
2007-08-09,25.353134611992175,25.54375930577146,25.16250991821289,25.16250991821289,14039619
2007-08-10,25.04775779637718,25.25782566464376,24.76181983947754,24.76181983947754,13581199
2007-08-13,24.895630809518686,24.933755047521945,24.590629962135502,24.838441848754883,10770906
2007-08-14,24.685945784246833,24.838444488304994,24.475876228666323,24.495319366455078,9745845
2007-08-15,24.28564079805485,24.47588365303312,24.132758427101667,24.437759399414062,11986262
2007-08-16,23.9996968794762,24.209384562073918,23.751503067994427,23.923446655273438,13636583
2007-08-17,23.732823391554682,24.209386019634433,23.542196951651054,24.114072799682617,20033059
2007-08-20,24.151816897273765,24.247128381385917,23.92344809561865,24.114072799682617,9839662
2007-08-21,24.13275117996239,24.19032029581977,23.942126497432316,24.018756866455078,8829760
2007-08-22,24.075948553205688,24.190323028476136,24.037440686163656,24.114072799682617,7823826
2007-08-23,24.17125729016499,24.342438834729467,24.095007070037592,24.24712562561035,6787647
2007-08-24,24.132755656788266,24.24713014035583,24.018761322134058,24.190324783325195,5513742
2007-08-27,24.228059866189827,24.47587173363281,24.037433483406915,24.36187744140625,7124310
2007-08-28,24.30469782224729,24.32337892892495,23.96119250720904,23.999698638916016,5784486
2007-08-29,23.923445393109773,24.05650095978247,23.885319415100078,24.018756866455078,5072680
2007-08-30,24.132753906115468,24.151816897273765,23.751504497987533,24.114072799682617,8126482
2007-08-31,24.209387454331296,24.400012169692065,24.09501123644302,24.304698944091797,6260529
2007-09-03,24.419070939538905,24.495319423826842,24.17125729016499,24.24712562561035,4098567
2007-09-04,24.151814531014608,24.590633018510243,24.095007447830806,24.571189880371094,6120572
2007-09-05,24.53305895413203,24.666496380576582,24.304690220907034,24.36187744140625,8461144
2007-09-06,24.533063617738918,24.647819965162945,24.380945061542317,24.457195281982422,9520239
2007-09-07,24.400009613604265,24.51438408367117,24.19032192792188,24.20938491821289,9185783
2007-09-10,24.20938491821289,24.20938491821289,24.20938491821289,24.20938491821289,0
2007-09-11,24.075949832326277,24.495323509211865,24.056504955409462,24.41907501220703,10535697
2007-09-12,24.41907501220703,24.41907501220703,24.41907501220703,24.41907501220703,0
2007-09-13,24.571188728105305,24.93375697727535,24.51438164758547,24.876569747924805,10468188
2007-09-14,24.72368595755503,24.87656826862833,24.57118726696845,24.685943603515625,7688280
2007-09-17,24.628376538737758,24.87657033506461,24.419070753622876,24.609695434570312,9568084
2007-09-18,24.647817082003023,24.72368540888488,24.437749285480994,24.6664981842041,11629356
2007-09-19,24.914315723569203,25.29556510528822,24.723689296870155,25.10494041442871,14950848
2007-09-20,24.93375587463379,25.047750179463016,24.81899953633743,24.93375587463379,8525468
2007-09-21,24.990945378576114,25.124382831931406,24.571189880371094,24.571189880371094,17913045
2007-09-24,24.571187249727057,24.800318038013216,24.533061275227684,24.647817611694336,11556984
2007-09-25,24.590634115713815,24.685947330580134,24.400009421820748,24.47587776184082,8582848
2007-09-26,24.552509307861328,24.685946764108426,24.475877200189604,24.552509307861328,9412573
2007-09-27,24.666500258095002,24.666500258095002,24.34243813376484,24.400007247924805,9890935
2007-09-28,24.419070882345725,24.72368814162036,24.380944904451592,24.495319366455078,12251835
2007-10-01,24.41907185161423,24.59063355142927,24.32337675423877,24.552509307861328,8201501
2007-10-02,24.571189880371094,24.590633018510243,24.380945343832,24.571189880371094,9393245
2007-10-03,24.590632575350956,24.647819806352697,24.30469468450278,24.495319366455078,8292245
2007-10-04,24.457199260709448,24.590636734227534,24.38094902786486,24.41907501220703,6429507
2007-10-05,24.34243813376484,24.400007247924805,24.114069364640788,24.400007247924805,12189731
2007-10-08,24.32337132174214,24.419066397744608,24.228059866189827,24.36187744140625,4862656
2007-10-09,24.32337132174214,24.38094042685237,24.228059866189827,24.36187744140625,7398352
2007-10-10,24.32337514532206,24.457194477413726,24.285632788946963,24.400007247924805,6731898
2007-10-11,24.40000341229849,24.552503824189163,24.285628971300056,24.36187744140625,10207938
2007-10-12,24.285638010191356,24.323380374680802,23.923449831107682,24.190324783325195,15116368
2007-10-15,24.11407036030068,24.15181445407363,23.999695896600365,24.13275146484375,6458131
2007-10-16,24.07595013794234,24.1140743869287,23.7515060613685,23.828136444091797,12496166
2007-10-17,23.846810861948047,24.01875442266114,23.75149939830023,23.809066772460938,9136994
2007-10-18,23.885320167557857,24.03743872802758,23.71375846862793,23.71375846862793,11692819
2007-10-19,23.637507734654207,23.732820944779544,23.446883050243013,23.504070281982422,10081896
2007-10-22,23.313444927004348,23.465563479807624,23.25625769690982,23.33250617980957,13836574
2007-10-23,23.332507298641115,23.427820510595375,23.256258812085125,23.313446044921875,11712453
2007-10-24,23.274938278391897,23.313444403652458,22.95125630673178,23.122817993164062,18657343
2007-10-25,23.198689169823822,23.256258286051818,22.893688287140623,23.065631866455078,13120424
2007-10-26,23.008062606685098,23.179626036083924,22.875007039985935,23.141881942749023,11481634
2007-10-29,23.23719845410951,23.256261445827125,22.989004620402724,23.198692321777344,10591522
2007-10-30,23.17962685073582,23.351570435020545,23.1418827560744,23.23719596862793,13908311
2007-10-31,23.332512164405124,23.542199885761175,23.21813767487996,23.48463249206543,12041392
2007-11-01,23.542197549153233,23.885322719512775,23.40876007933784,23.44688606262207,25244366
2007-11-02,23.370253073972076,23.675253985491302,23.141884275053528,23.179628372192383,18788247
2007-11-05,23.046569511975978,23.256257174841696,23.027506523759257,23.122817993164062,13416642
2007-11-06,23.02751089872549,23.19869246885321,22.893691542796574,23.08431625366211,13026414
2007-11-07,23.02751462625208,23.19869622408943,22.951264382395088,22.970327377319336,13871968
2007-11-08,22.875003265024567,22.95125347263642,22.550941184553565,22.665315628051758,16096421
2007-11-09,22.779693964847862,22.93219440613556,22.340875481260447,22.417125701904297,17678147
2007-11-12,22.36031788535688,22.455629348754883,22.11250426167565,22.455629348754883,10181030
2007-11-13,22.207819784886546,22.779693832637108,22.169693806866164,22.53150177001953,17409222
2007-11-14,22.684381772781965,22.970319657184326,22.550944324839453,22.798376083374023,15654817
2007-11-15,22.72212791442871,22.85594552327321,22.58907060331902,22.72212791442871,9602470
2007-11-16,22.589065703649474,22.760629106886913,22.512435346296687,22.550941467285156,11159567
2007-11-19,22.436199314455614,22.570018714669942,22.169704432783014,22.20783042907715,15392172
2007-11-20,22.3603179350422,22.379379186260586,21.99812986014286,22.245561599731445,13951719
2007-11-21,22.074387800433637,22.6653249835458,21.94056843121713,22.131193161010742,20966646
2007-11-22,22.131188661639012,23.618445566615907,22.112507556482626,22.912752151489258,30908047
2007-11-23,22.912750560046298,24.11406947710572,22.912750560046298,23.675251007080078,27635685
2007-11-26,23.675251007080078,23.675251007080078,23.675251007080078,23.675251007080078,0
2007-11-27,23.38931399809279,24.037438274039832,23.332506915043858,23.904382705688477,18246903
2007-11-28,23.828134875666837,24.151816897273765,23.694697409238092,24.114072799682617,14526558
2007-11-29,23.942131088725368,24.685950593002083,23.885323995499448,24.514387130737305,20432386
2007-11-30,24.475876656548326,24.685946215801227,24.304695109392227,24.533063888549805,12414712
2007-12-03,24.40001068109805,24.51438515616881,24.247128339052484,24.34244155883789,10632288
2007-12-04,24.32337584573775,24.457195181682874,24.17125729016499,24.24712562561035,11316989
2007-12-05,24.323376213984726,24.628377099111926,24.209383634669596,24.533063888549805,11094274
2007-12-06,24.57119097670714,24.590634115713815,24.285634952652817,24.47587776184082,12380012
2007-12-07,24.609694178064313,24.818999952492593,24.342437406536305,24.705005645751953,10201665
2007-12-10,24.761812724712136,24.83844308918614,24.51438097453731,24.705005645751953,6629223
2007-12-11,24.609696541133008,24.64782078470095,24.380945872206755,24.552509307861328,7748981
2007-12-12,24.41907501220703,24.495323509211865,24.228068413269714,24.41907501220703,11836015
2007-12-13,24.247125482227794,24.895633366238126,24.190320136110063,24.323375701904297,18855076
2007-12-14,24.495319423826842,24.55250839080199,24.095007070037592,24.24712562561035,8076062
2007-12-17,24.0565036100826,24.17125996975774,23.809071817960778,23.942129135131836,8888202
2007-12-18,23.942129135131836,23.942129135131836,23.942129135131836,23.942129135131836,0
2007-12-19,23.71376323452546,23.94213206347387,23.61845000318237,23.694700241088867,11019101
2007-12-20,23.69469896887988,24.037442268365627,23.675255827556008,23.828136444091797,10419990
2007-12-21,23.96119323267344,23.999699365546252,23.73282442111143,23.846817016601562,19600205
2007-12-24,23.846817016601562,23.846817016601562,23.846817016601562,23.846817016601562,0
2007-12-27,23.69469288866811,23.865874420029293,23.656186764812094,23.77056121826172,6113922
2007-12-28,23.69469414444517,23.846812696346984,23.560874811729388,23.675251007080078,6372698
2007-12-31,23.675630569458008,23.675630569458008,23.675630569458008,23.675630569458008,0
2008-01-03,23.408756398548753,23.50406960593259,23.25625769690982,23.33250617980957,10298710
2008-01-04,23.256258140961396,23.542194296893662,23.046570469384758,23.141881942749023,11841189
2008-01-07,23.198690331205533,23.618445846834444,23.10337711663556,23.40875816345215,10641387
2008-01-08,23.465563907023565,24.457195181682874,23.40875682473046,24.24712562561035,22520334
2008-01-09,24.285638471995878,24.990950115194128,24.190325243317282,24.800325393676758,23231101
2008-01-10,24.628376227394284,25.257819377658805,24.628376227394284,24.952438354492188,17513550
2008-01-11,24.819005548015554,24.933761914108285,24.342442894616713,24.41907501220703,14929172
2008-01-14,24.361883772339663,24.380946762739693,23.999697369776705,24.095008850097656,10707762
2008-01-15,23.71375971760924,23.846815295481488,23.523135019033905,23.54219627380371,14926479
2008-01-16,23.50407249295326,23.637509958177183,23.122821352428023,23.351572036743164,15305246
2008-01-17,22.875010327692877,23.141885268812523,22.436191783618927,22.570011138916016,27141373
2008-01-18,22.646260907394876,23.122823577020664,22.379385951271615,22.398448944091797,19595074
2008-01-21,22.16969529532437,22.3218138612577,21.502507993567814,21.845252990722656,23000959
2008-01-22,21.064074183915242,21.712198582032123,21.025948198237888,21.597824096679688,27002609
2008-01-23,21.673687415362956,21.826567999817097,20.778131410546884,21.216567993164062,25184746
2008-01-24,21.55931170016014,21.635942062336962,20.94969187786476,21.350004196166992,25489287
2008-01-25,21.540634374066297,21.540634374066297,21.064071758843923,21.178064346313477,17624341
2008-01-28,20.968759472821688,21.064072694435485,20.41556472157689,20.796815872192383,21704530
2008-01-29,20.720564241810735,21.082752376459503,20.663757155909664,21.006502151489258,17285126
2008-01-30,21.064072110418618,21.178064699790788,20.740008207420434,20.8353214263916,11237824
2008-01-31,20.778133392333984,20.98743919264874,20.282507797206556,20.778133392333984,23359281
2008-02-01,21.045011303975727,21.045011303975727,20.663760124355978,20.911191940307617,13869943
2008-02-04,21.00650372702293,21.00650372702293,20.568447219255017,20.720565795898438,10886251
2008-02-05,20.854385781234978,20.949697270599895,20.33931525772687,20.415565490722656,18454281
2008-02-06,20.206253331806973,20.759066045778994,20.129622973936502,20.56844139099121,16688898
2008-02-07,20.51087475561249,21.197124984231102,20.434624537339378,20.529937744140625,21592707
2008-02-08,20.720564024610795,20.778133143481423,20.492195236800196,20.60618782043457,8415536
2008-02-11,20.4921932220459,20.740005124357463,20.434624108835358,20.4921932220459,9568870
2008-02-12,20.529939682185283,20.96875819355403,20.32025199609937,20.892126083374023,13847261
2008-02-13,20.701501629303348,21.254696353257174,20.701501629303348,21.064071655273438,16561795
2008-02-14,21.273377563693796,21.50250839277832,21.159383240384628,21.178064346313477,13068623
2008-02-15,21.082758832850143,21.368695094254303,20.72057058728473,20.873451232910156,27189540
2008-02-18,20.987437114556972,21.292436248854354,20.949693022539225,21.08275032043457,7927715
2008-02-19,21.197126845995086,21.21656998506426,20.815877456983433,21.006502151489258,13531341
2008-02-20,20.91118992250589,20.93063306249202,20.625251999342293,20.759071350097656,12138632
2008-02-21,20.778134765433787,20.987440579580284,20.60618942896479,20.796815872192383,13179309
2008-02-22,20.625252573577036,20.94969663686121,20.606189581944815,20.720565795898438,14548747
2008-02-25,20.892132344127226,21.082758832850143,20.682826480027348,20.873451232910156,12378480
2008-02-26,20.89213055978463,21.29244302740091,20.873449450163065,21.235637664794922,13987321
2008-02-27,21.235633351879226,21.273377448247228,20.720564609288534,21.02594566345215,19176153
2008-02-28,20.930633489840293,21.330947631946486,20.778134765433787,20.796815872192383,14514138
2008-02-29,20.958665091748212,20.998568158029528,20.12938896608677,20.32693099975586,21590614
2008-03-03,20.089487339096024,20.228161432147047,19.970963549453366,20.069734573364258,14246832
2008-03-04,20.06973244723748,20.14914283824166,19.57232472466973,19.674650192260742,23111164
2008-03-05,19.793177830930986,19.990718079599848,19.714555311750726,19.872194290161133,17597775
2008-03-06,19.833081850776775,19.93185108043958,19.342784760707914,19.45380210876465,15098036
2008-03-07,19.20845682128527,19.509114043910376,18.939802282891076,19.430097579956055,16702294
2008-03-10,19.27957596142327,19.413904151370875,18.93190310501849,19.114036560058594,12484382
2008-03-11,19.066227707152986,19.595636381212834,19.066227707152986,19.2957706451416,13350902
2008-03-12,19.493310167601038,19.54032394418178,19.34278369690725,19.469209671020508,11083900
2008-03-13,19.177244370618123,19.422195932628124,19.05872058178296,19.366884231567383,17456819
2008-03-14,19.32698683171317,19.438004206446283,18.647841185210012,18.774267196655273,19254897
2008-03-17,18.05521510910215,18.600426340684418,18.02321242670528,18.228654861450195,21849341
2008-03-18,18.529313696735173,18.924394229804392,18.323871243918962,18.868688583374023,14706494
2008-03-19,18.829575696113658,19.39059136330638,18.829575696113658,19.319477081298828,17200490
2008-03-20,19.271665166950502,19.912091021615446,19.129436652043914,19.524517059326172,30994760
2008-03-25,20.54422726961149,20.58333886102446,19.793177864989374,20.069734573364258,15393736
2008-03-26,20.050378841274465,20.050378841274465,19.438001636406113,19.635541915893555,10293490
2008-03-27,19.477112295393155,20.18825864065552,19.477112295393155,19.93185043334961,13286834
2008-03-28,20.14914614563276,20.4257028701056,20.030622349091008,20.24791717529297,11389528
2008-03-31,20.089486004692777,20.228160088532654,19.68294889357795,20.109636306762695,9061701
2008-04-01,20.050376221715336,20.583339347657084,20.050376221715336,20.524473190307617,11093200
2008-04-02,20.58334227348225,20.859900826520057,20.48457303200968,20.82078742980957,8824980
2008-04-03,20.72202098283941,20.761134388219915,20.405956821728665,20.544235229492188,8377608
2008-04-04,20.46481762331163,20.80103200729682,20.46481762331163,20.702260971069336,8359074
2008-04-07,20.80102913158007,20.958666309312672,20.109637370011477,20.405948638916016,17585669
2008-04-08,20.030621183138276,20.32693245605794,19.951604723772164,20.069734573364258,11386141
2008-04-09,19.951605202169304,20.0697350545939,19.572327267405498,19.611440658569336,9191831
2008-04-10,19.41390078553033,19.41390078553033,18.86118128473927,19.0587215423584,18864005
2008-04-11,19.050824608579784,19.2562652905509,18.703151749429495,18.805479049682617,10824256
2008-04-14,18.584624759829726,18.750164134235952,18.37128012811619,18.434494018554688,9818336
2008-04-15,18.623737225865302,18.797966657757563,18.426195177180173,18.529312133789062,12473086
2008-04-16,18.6636437593765,18.80547839384322,18.442396911593168,18.67115020751953,10516848
2008-04-17,18.766361745376827,18.766361745376827,18.339278557829967,18.50560760498047,10273700
2008-04-18,18.750165357056908,19.224658109922952,18.632035493368978,19.10613250732422,16699861
2008-04-21,20.228164032366603,20.228164032366603,19.53242623974879,19.690853118896484,23429074
2008-04-22,19.56442581227983,19.773424513018817,19.445902015368883,19.532424926757812,10990924
2008-04-23,19.556523413668007,20.030622193785376,19.532424714473006,19.852834701538086,13712638
2008-04-24,19.833084114012152,20.54423056351384,19.690853744823833,20.425704956054688,15844560
2008-04-25,20.62324450185,20.97842377383071,20.62324450185,20.702260971069336,14434180
2008-04-28,20.583340104410546,20.72201420583851,20.445457480757554,20.64299774169922,8961107
2008-04-29,20.4845701202241,20.899800931466917,20.34668570282735,20.524473190307617,11091939
2008-04-30,20.60349258023128,20.939311239101976,20.36604742390396,20.82078742980957,12220917
2008-05-02,21.0574372094511,21.472272263980283,20.939307362146547,21.43315887451172,12894988
2008-05-05,21.274738033796385,21.353752715159185,21.09734624266417,21.196115493774414,7045884
2008-05-06,21.254982900331505,21.452523196126382,21.077195374946704,21.156211853027344,11235514
2008-05-07,21.136853859515195,21.294886821932597,20.95867238693278,21.274738311767578,12221978
2008-05-08,21.156205414261315,21.47227123039111,21.136846589886847,21.334386825561523,14282139
2008-05-09,21.25498081906093,21.413407699853042,20.801032303208192,20.978424072265625,11946313
2008-05-13,21.057442617187718,21.254982913101276,20.939312739546377,20.95867156982422,14276561
2008-05-14,21.018326396005858,21.156209025558674,20.80103156002831,20.859899520874023,11958577
2008-05-15,20.801029124714322,21.334387969516055,20.741767230715574,21.215864181518555,13627215
2008-05-16,21.35374740648725,21.452518431855903,21.15620715456299,21.25497817993164,9643041
2008-05-19,21.196108723458337,22.085042492394315,21.196108723458337,21.92700958251953,13478488
2008-05-20,21.90725686756755,22.045141285610654,21.452518722982497,21.531930923461914,10527364
2008-05-21,21.571047727304066,21.966128299015292,21.551293159074497,21.669816970825195,12918914
2008-05-22,21.55129226181652,21.669816068632645,21.25498094596293,21.571046829223633,10216011
2008-05-23,21.452517699818042,21.689961013368933,21.393651545000218,21.43315887451172,9916815
2008-05-26,21.235619740816738,21.39365266476027,21.097341382069413,21.117095947265625,7469544
2008-05-27,21.274730884245958,21.729468982892033,21.03807726221432,21.452516555786133,10021572
2008-05-28,21.571044789084752,21.591193294693912,21.196110977983995,21.373502731323242,11233700
2008-05-29,21.53193007857936,21.907256007957738,21.433159055745946,21.8282413482666,9439261
2008-05-30,21.84760580682232,22.064898875218272,21.53193563027412,21.630704879760742,8814497
2008-06-02,21.65005719509902,22.420861122640893,21.65005719509902,22.124549865722656,15093209
2008-06-03,21.907255063903477,22.163663253836436,21.72946938904029,22.124549865722656,7310625
2008-06-04,21.966128299015292,22.00603137559847,21.551293159074497,21.669816970825195,12727195
2008-06-05,21.867353955175687,21.9270115909814,21.235619795465524,21.512176513671875,15587492
2008-06-06,21.630698653875243,21.650057478764673,21.01832336735017,21.175960540771484,10514323
2008-06-09,21.117098912228524,21.294884627517337,20.939311398126385,20.998573303222656,7557290
2008-06-10,20.859898934981963,21.0771919660432,20.722014510488705,21.018325805664062,8431350
2008-06-11,21.05744024305005,21.05744024305005,20.58334142773402,20.702260971069336,9372480
2008-06-12,20.642998624987694,20.978423322747883,20.524474823113835,20.859899520874023,12300941
2008-06-13,20.74177039341543,20.899803334050908,20.46481790779154,20.7808837890625,10152388
2008-06-16,20.662356442648274,20.978422297279558,20.524473819835443,20.761127471923828,8735395
2008-06-17,20.8796529108384,20.919555985285445,20.563588830151954,20.583341598510742,9136510
2008-06-18,20.58334242985821,21.057441268256298,20.405952453501122,20.80103302001953,12929106
2008-06-19,20.643001069416137,21.018328884878514,20.544231822429953,20.899805068969727,10441451
2008-06-20,21.09734402990383,21.452521515070366,21.018327558015056,21.23562240600586,31441677
2008-06-23,21.07719144349408,21.51217683135193,20.97842221342643,21.373502731323242,10048171
2008-06-24,21.413410245115713,22.12455676392217,21.373507165689084,22.006032943725586,20068020
2008-06-25,21.828243040872515,22.143911361694336,21.689962878658015,22.143911361694336,15361449
2008-06-26,21.92701415720479,22.302341946759707,21.828244917036272,21.946372985839844,17860241
2008-06-27,21.867355490218454,22.006029597933914,21.472274950422147,21.650060653686523,13260943
2008-06-30,21.630701229845684,22.361206448126225,21.551290824219997,22.223323822021484,14250627
2008-07-01,22.2426803214106,22.69741844107792,22.02578125246109,22.163663864135742,16813721
2008-07-02,22.163665377214652,23.032844667762625,22.163665377214652,22.914714813232422,23993679
2008-07-03,22.618403942911204,23.270288422782457,22.598651175991318,22.875207901000977,19674900
2008-07-04,22.914719239144755,22.934078069374305,22.480129509931007,22.75629234313965,6435734
2008-07-07,22.815952034785767,22.993737776947185,22.48013152379153,22.934080123901367,9447607
2008-07-08,22.598649255192683,23.56659771045458,22.558746187044008,23.487581253051758,16308621
2008-07-09,23.586353672268867,24.020547575455105,23.48758264495878,23.84276008605957,16884413
2008-07-10,23.507339079173423,24.040304052044007,23.447681438692225,23.645221710205078,13929468
2008-07-11,23.68512729532378,23.68512729532378,22.89496612548828,22.89496612548828,14959778
2008-07-14,23.01349177444779,23.072753687024896,22.697425842285156,22.697425842285156,8567139
2008-07-15,22.44022454624186,22.717177035283765,22.420865717638623,22.55875015258789,14829833
2008-07-16,22.657522761189455,22.85506306938432,22.440227882531033,22.697425842285156,13351921
2008-07-17,23.13161801796294,23.329160109235225,22.796195079852136,22.89496612548828,15177267
2008-07-18,22.91471453502038,23.211025816728988,22.776436176731437,23.05259895324707,15659121
2008-07-21,23.112254246498175,23.58635300561068,22.95382738674102,23.408565521240234,9482738
2008-07-22,23.211025927066245,23.941531113369653,23.09250213334461,23.84276008605957,14386617
2008-07-23,23.96167961865841,24.020547575455105,23.724236292337935,23.84276008605957,12529067
2008-07-24,23.902416451467534,24.534152375699378,23.76413809987028,24.495038986206055,21324152
2008-07-25,24.632926950968304,24.87037211507243,24.020551517816585,24.23784637451172,14401425
2008-07-28,24.257991613154516,24.257991613154516,23.90241842274915,24.0802059173584,8687623
2008-07-29,23.82300975658587,24.534156189287465,23.82300975658587,24.297502517700195,14127843
2008-07-30,24.27774871151689,24.791354884304916,24.27774871151689,24.711942672729492,10698034
2008-07-31,24.791350446778324,24.929233060593955,24.653072094103443,24.67282485961914,10285427
2008-08-04,24.45553688153109,25.225549523058394,24.45553688153109,25.146928787231445,14341573
2008-08-05,25.20579761954555,25.54201206268508,24.988898479646874,25.067914962768555,15906363
2008-08-06,24.850616010065156,24.94938704747887,24.02055003260003,24.297502517700195,21763282
2008-08-07,24.25799488310734,24.39627326474848,24.020551517816585,24.23784637451172,11779898
2008-08-08,24.23784619230763,24.751846317016753,24.198732794610127,24.554306030273438,11694606
2008-08-11,24.514398002569305,24.711938249417283,24.396268154269375,24.67282485961914,7147022
2008-08-12,24.73169882968669,24.73169882968669,24.23784719303174,24.455537796020508,9004173
2008-08-13,24.37651478182077,24.75184070184306,24.356760217983926,24.435380935668945,7490638
2008-08-14,24.51439563180872,24.613166645087173,24.27774201804912,24.415624618530273,7348080
2008-08-15,24.376521318298103,24.6530780909198,24.376521318298103,24.455537796020508,7388105
2008-08-18,24.336616814066318,24.593814741440987,24.020550921694216,24.396272659301758,5711777
2008-08-19,24.316855772472366,24.39626616454381,24.1789713710894,24.277742385864258,8222249
2008-08-20,24.396269976155875,24.435383368874962,24.040302845674834,24.0802059173584,6380547
2008-08-21,23.941530768226265,23.981433838164406,23.72423595032709,23.783893585205078,7796584
2008-08-22,23.882662894814462,23.981432114789758,23.764137312506012,23.96167755126953,6882597
2008-08-25,23.84276838034146,24.25799934050557,23.76414762978309,23.882673263549805,3734491
2008-08-26,23.82300773306903,23.941531528847513,23.56659951601558,23.90241813659668,9485747
2008-08-27,23.84276125924626,23.98143536389321,23.62546822633568,23.921777725219727,5597461
2008-08-28,24.001191688605555,24.277748440368825,23.724239197916614,24.139074325561523,7811720
2008-08-29,24.25799604439535,24.45553814089383,24.099964885535414,24.316864013671875,9938345
2008-09-01,24.139073838445878,24.35676442062312,24.09996224168603,24.297502517700195,3508414
2008-09-02,24.178978819430665,24.316863263288973,24.040306495301394,24.099964141845703,7443247
2008-09-03,24.099961376159214,24.23784400538085,23.90241930842632,23.981435775756836,5531348
2008-09-04,24.17897677182727,24.21809016717194,23.507339477539062,23.507339477539062,6788171
2008-09-05,23.369063769218542,23.625472035783027,23.17152347183942,23.329160690307617,8451368
2008-09-08,23.94153461115434,23.94153461115434,22.99373446534852,23.388816833496094,11142435
2008-09-09,23.309797187789467,23.803648731658917,23.21102615949034,23.62546730041504,8691853
2008-09-10,23.665372857835774,24.277748260955647,23.62546978273022,24.060453414916992,11030931
2008-09-11,24.23785082820767,24.31686731778091,23.803656773976563,23.882673263549805,8938089
2008-09-12,24.040305489670807,24.396272659301758,23.862913714440495,24.396272659301758,9042560
2008-09-15,24.356761577956267,24.356761577956267,23.34891000934828,23.783893585205078,14149700
2008-09-16,23.82301197193734,24.060455344627066,23.250143859054784,23.665374755859375,11687607
2008-09-17,23.645225545251364,23.902423498960648,23.21103153712139,23.44768524169922,12698744
2008-09-18,23.29004256120779,23.743991032972225,22.578896195998194,22.914714813232422,15123653
2008-09-19,23.704881439178024,23.743994837305905,22.558751304991016,23.032848358154297,23970073
2008-09-22,23.072749639619072,23.191273443981917,22.44022394608243,22.519636154174805,9485370
2008-09-23,22.618406560885223,23.369062157493257,22.53899614750066,23.191274642944336,14131313
2008-09-24,23.211028803210066,23.625469991339322,23.032847351671446,23.131616592407227,7128726
2008-09-25,23.40856700119412,23.862911224365234,23.369059668176828,23.862911224365234,9470204
2008-09-26,23.566601380115873,23.76414165497633,23.388815672385437,23.507339477539062,6736848
2008-09-29,23.408565578680854,23.56659849877281,22.79619026184082,22.79619026184082,10211404
2008-09-30,22.48012778746146,23.369061746963276,22.48012778746146,23.131616592407227,13935553
2008-10-01,23.30980258830422,23.606112144225676,23.072753144753538,23.44768524169922,9014329
2008-10-02,23.54645629288205,23.606112144225676,23.19127696712212,23.44768524169922,9596260
2008-10-03,23.586353648731883,24.316858834306313,23.171518572307043,24.159221649169922,12185982
2008-10-06,23.526698908316177,24.099962718178503,23.348913196032317,23.54645347595215,13664665
2008-10-07,24.020552427754296,24.31686377072818,23.487587389595763,23.94153594970703,15828410
2008-10-08,23.30979862222291,23.704879162105613,22.262437833696342,22.459978103637695,24151316
2008-10-09,22.598652956190936,22.598652956190936,20.85990026615714,20.978424072265625,21334469
2008-10-10,19.77342376665624,19.951605194184918,19.003015518188477,19.003015518188477,29876001
2008-10-13,19.75406420056845,21.334387969516055,19.405997484375707,21.215864181518555,21092503
2008-10-14,22.183814086661926,22.401107094864543,21.353746448835775,21.768583297729492,20196866
2008-10-15,21.847599988997967,22.499878357078043,21.31463508716423,21.43315887451172,19374121
2008-10-16,21.038082439162388,21.610950519781884,20.741771114867706,20.998573303222656,21867070
2008-10-17,21.927013681028892,23.507339477539062,21.80848987587527,23.507339477539062,26530991
2008-10-20,23.625472774065607,23.862916157775626,22.459981925124993,23.44768524169922,20285160
2008-10-21,23.625473200492262,23.941537332117772,22.736539120242583,23.309803009033203,13490295
2008-10-22,22.894965008046857,23.309800141607536,22.262439284811656,22.401111602783203,13676253
2008-10-23,22.71717894372399,23.171523242123847,22.025787010344594,22.75629234313965,17886331
2008-10-24,21.927014904202217,22.302342706543595,20.840540633642103,21.47227668762207,22076115
2008-10-27,20.54422679709823,22.18381424390556,20.54422679709823,21.748828887939453,15931028
2008-10-28,21.887502901933335,22.89496048367155,21.689960859339706,22.163663864135742,15347833
2008-10-29,22.91471524384026,23.07274817214835,21.946370966988603,22.3612060546875,19045112
2008-10-30,22.815947947728468,22.815947947728468,21.274735524162946,21.966127395629883,14001633
2008-10-31,22.203570712364986,23.072750091552734,21.82824472492659,23.072750091552734,14672245
2008-11-03,23.309797335322674,23.74399124560484,22.934073845102496,23.704877853393555,10202592
2008-11-04,23.743992745368114,24.297501964038062,23.58635554754121,23.645221710205078,13987256
2008-11-05,23.30979799423166,23.369059893736164,22.20356927449932,22.42086410522461,16971722
2008-11-06,22.006028737182923,23.1715193419771,21.946371099522835,22.143911361694336,14035768
2008-11-07,22.381355195709215,23.27028722330365,22.242681101465028,22.79619026184082,13024665
2008-11-10,23.171521466678417,23.44768247991364,22.953830879794843,23.131616592407227,8602484
2008-11-11,22.75629438173995,23.309803716985616,22.499886094747332,22.934080123901367,10543474
2008-11-12,23.151373110257563,23.191276189076724,22.45998117161385,22.538997650146484,9196559
2008-11-13,22.36120604474717,22.875207901000977,22.32209445098166,22.875207901000977,8672230
2008-11-14,23.29004303317812,23.50733786021857,23.05259970029176,23.270288467407227,8841579
2008-11-17,23.34891306670384,23.34891306670384,22.420865717638623,22.55875015258789,8225105
2008-11-18,22.57889922420155,23.230388040607817,22.57889922420155,22.99373435974121,9904757
2008-11-19,23.250137134278834,23.44767737152694,22.677664925930316,23.17151641845703,11341170
2008-11-20,22.875213378830026,23.03285060592919,22.12455768935055,22.697425842285156,16441372
2008-11-21,22.835303792951827,22.91471419354052,20.859897676083115,21.25497817993164,21521302
2008-11-24,21.49242357700777,21.96612664707552,21.077192729356586,21.84760284423828,15174331
2008-11-25,21.531935426100496,21.90726144869222,20.662360226547158,20.95867156982422,19790630
2008-11-26,20.95866933364165,21.334391055103346,20.70226109633692,21.09734344482422,12537897
2008-11-27,21.294882006864754,21.55129022354598,21.136849080180784,21.373502731323242,8768315
2008-11-28,21.413409204909893,22.341456608051573,21.33439272901275,22.322097778320312,12665882
2008-12-01,22.42086482940138,22.499881297563945,21.630701946588953,21.84760284423828,8869218
2008-12-02,21.689960895535638,22.006026725162513,21.29488040731502,21.551288604736328,11443936
2008-12-03,21.492423853652674,22.61840539153943,21.433161951471252,22.519636154174805,12692832
2008-12-04,22.59865202780746,22.993732564480798,22.00602942398426,22.381357192993164,16930356
2008-12-05,22.183817805686097,22.440224245923318,21.828244589033236,22.085046768188477,10271493
2008-12-08,22.894961631593105,23.032844250181,22.53899271656184,22.855056762695312,10451409
2008-12-09,22.717175829046823,22.914716097383494,22.381357192993164,22.381357192993164,10755443
2008-12-10,22.32209181070586,22.440219854618007,21.571042449743164,21.729469299316406,12701024
2008-12-11,21.55129109632292,21.82824356871273,20.919555102886715,21.788734436035156,15273595
2008-12-12,21.353748877276946,21.847602239322477,21.13684978444633,21.808488845825195,9590092
2008-12-15,21.986277913611207,22.064898652734538,20.820788909252016,21.156211853027344,11536543
2008-12-16,21.25498346404894,21.413410364555833,20.899805941630195,21.196115493774414,11119633
2008-12-17,21.433163005679745,21.433163005679745,20.643000073831704,20.998573303222656,12675707
2008-12-18,21.057440094420112,21.47227520578367,20.702260824946364,20.9195556640625,10044838
2008-12-19,20.642997592359873,20.97842227334106,20.36604513039501,20.563587188720703,23759207
2008-12-22,20.50472069742761,21.097343317166025,20.50472069742761,20.702260971069336,7757995
2008-12-23,20.801030225597163,21.0574384393879,20.385799407958984,20.385799407958984,5912510
2008-12-24,20.386198043823242,20.386198043823242,20.386198043823242,20.386198043823242,0
2008-12-29,20.307183028009792,20.840542015122537,20.14915006930473,20.623247146606445,5912657
2008-12-30,20.859900826520057,21.19611342550663,20.780884354054017,20.82078742980957,6371303
2008-12-31,20.82078742980957,20.82078742980957,20.82078742980957,20.82078742980957,0
2009-01-05,21.433157842805308,21.80848554975622,21.156205414261315,21.334386825561523,8626734
2009-01-06,21.452523183476387,21.966129391290963,21.334393305975674,21.35375213623047,9809647
2009-01-07,21.31464139193815,21.571049666596828,21.156212690547772,21.274738311767578,9296454
2009-01-08,21.136846589886847,21.373500213147327,21.057436195830427,21.334386825561523,7586348
2009-01-09,21.373501971323588,21.373501971323588,20.919553511835467,21.25497817993164,10372186
2009-01-12,21.09734302240459,21.334390627937456,20.99857198755709,21.136850357055664,7995291
2009-01-13,21.196114944352658,21.31464056095155,20.80103435252554,20.95867156982422,9816618
2009-01-14,21.19611527280219,21.19611527280219,20.464820247751174,20.623247146606445,9438819
2009-01-15,20.741768008998466,20.84053723643145,20.307178371616768,20.524473190307617,10597961
2009-01-16,20.939312739546377,21.077195387609663,20.643001396269316,20.95867156982422,9652990
2009-01-19,21.09734070259379,21.215864492327643,20.939307783739974,21.077190399169922,5316603
2009-01-20,21.07719593394892,21.353752715159185,20.99857519274044,21.196115493774414,7724998
2009-01-21,20.998570158899902,21.097341185145943,20.464815555212276,20.524473190307617,11593626
2009-01-22,20.741775555038117,20.780888960418622,20.405956821728665,20.544235229492188,9997469
2009-01-23,20.583342002210603,20.84053992415479,20.188261443900544,20.445459365844727,13247458
2009-01-26,20.44545735617762,20.859898501199385,20.425702790559885,20.761127471923828,12637908
2009-01-27,20.91955170432447,20.978419654877698,20.208405419791827,20.32693099975586,11122445
2009-01-28,19.754066779273945,19.912097917629072,19.169346350801614,19.208457946777344,27175186
2009-01-29,19.311574161490533,19.311574161490533,18.59252558459871,18.68695068359375,19276134
2009-01-30,18.679050375941465,19.082034930169527,18.679050375941465,18.995512008666992,17257099
2009-02-02,19.00301406166142,19.15353872687543,18.68694824097042,18.75016212463379,10510884
2009-02-03,18.939800266394624,19.23255527181111,18.91649124845788,19.14524269104004,12985796
2009-02-04,19.24836044273222,19.469209709301303,19.010915327388012,19.366884231567383,12306449
2009-02-05,19.145247217113774,19.50121619064228,19.129444641794795,19.37479019165039,12901320
2009-02-06,19.438000460307006,19.5324255608263,19.169345912316665,19.358983993530273,12581794
2009-02-09,19.29577245977854,19.556524829019942,19.208458065243725,19.4060001373291,7830086
2009-02-10,19.422197192729808,19.722062937581793,19.382688061346087,19.430097579956055,9728476
2009-02-11,19.37478710678214,19.453801769609612,19.224656369309034,19.2957706451416,10014835
2009-02-12,19.240458292157225,19.588129272580602,19.074129248624967,19.564424514770508,11869359
2009-02-13,19.666747581419195,19.773420777298792,19.517012606237685,19.619733810424805,10256292
2009-02-16,19.485410597308498,19.62764096153337,19.390591553700744,19.595638275146484,4157860
2009-02-17,19.366884042903823,19.595635492771187,19.366884042903823,19.382686614990234,10941230
2009-02-18,19.406002002752746,19.47711629210907,19.232560413747418,19.413904190063477,10423615
2009-02-19,19.31157496642791,19.40600006935874,18.93190125659027,19.10613250732422,11475921
2009-02-20,19.11403671099857,19.11403671099857,18.75016733580779,18.805479049682617,16563630
2009-02-23,18.876595824118308,19.193055714446135,18.81338191456548,18.93190574645996,7739805
2009-02-24,18.82957511144685,18.91649376374381,18.181642608190128,18.56882095336914,12929478
2009-02-25,18.387085055276035,18.458201140827068,17.912988011544773,18.28396987915039,14620609
2009-02-26,18.34718041535418,18.355080802112752,17.660132778628046,18.03111457824707,15591587
2009-02-27,17.88441174835157,17.9344378253812,17.542565623255367,17.79269790649414,16603622
2009-03-02,17.517552298623503,17.56716079490105,17.167367867045098,17.192380905151367,12045128
2009-03-03,17.225731047263213,17.609264904025242,16.600401342280293,16.683778762817383,12816560
2009-03-04,16.608738789430042,16.850115147093337,16.291905746731622,16.775493621826172,10852813
2009-03-05,16.85011632873379,17.40874334815407,16.675440752925326,17.000194549560547,15081031
2009-03-06,16.858452837603963,17.358715418288,16.767154693603516,16.767154693603516,12517382
2009-03-09,16.767157550137057,17.234068865496663,16.475337503514645,16.88388442993164,10462769
2009-03-10,16.77549442818895,16.883882986557026,16.33359429090703,16.708791732788086,16634819
2009-03-11,16.71671410829184,16.941833354795406,16.37486798049328,16.524946212768555,11841064
2009-03-12,16.466999527771314,17.509214543598056,16.466999527771314,17.225732803344727,15719242
2009-03-13,17.63386639546987,17.675971746476808,17.242409817206447,17.492124557495117,7632024
2009-03-16,17.81770692486365,18.24251280191687,17.58424942061205,18.126201629638672,11181581
2009-03-17,17.934439579071036,18.25919532775879,17.89233423018421,18.25919532775879,9049311
2009-03-18,18.39259650844895,18.493064341417103,17.975709381926492,18.17581558227539,9613512
2009-03-19,18.1428801333254,18.20958092854142,17.69222601693247,17.842304229736328,10943956
2009-03-20,17.584250039348806,18.042409173805172,17.442510147454612,17.87607192993164,17338008
2009-03-23,17.784357907515908,18.08451623931547,17.625523799348183,17.951112747192383,6520483
2009-03-24,17.951114038329056,18.226259353776065,17.842305994620148,17.94277572631836,7159312
2009-03-25,17.89233186801089,18.201244211755686,17.859398098363663,18.01781463623047,6039523
2009-03-26,18.159552972830358,18.292956447506896,17.88440771315681,18.126201629638672,6102877
2009-03-27,18.184151341282536,18.309218423780568,17.683888705561973,17.700563430786133,6906329
2009-03-30,17.400820459800492,17.700561182481778,17.141934232297004,17.384145736694336,5960112
2009-03-31,17.592590626839986,18.02615246542968,17.592590626839986,17.959449768066406,8253221
2009-04-01,17.867735478703782,18.13454246520996,17.64261625342461,18.13454246520996,8214012
2009-04-02,18.543089843470042,18.709842773761995,18.259190573818497,18.426361083984375,9146676
2009-04-03,18.376333997637197,18.376333997637197,17.550482530513662,17.817707061767578,10428034
2009-04-06,17.675970704971313,17.758930560176914,17.3091115086314,17.633865356445312,8235695
2009-04-07,17.85106189307128,18.042412202820632,17.809372231093192,17.892332077026367,8708365
2009-04-08,17.68388770574656,17.89233030067095,17.600927868049663,17.842304229736328,6264311
2009-04-09,17.86773722007634,17.959451062950286,17.392487584936802,17.7176570892334,8892974
2009-04-14,17.84230459110313,17.84230459110313,17.30076989475043,17.509212493896484,9230748
2009-04-15,17.517549196241877,17.72599177624221,17.42541779226402,17.642614364624023,8266512
2009-04-16,17.709317901732657,17.77560301357846,17.57591441636931,17.758926391601562,8035232
2009-04-17,17.81770977713933,18.16789419148437,17.70931931798276,17.751007080078125,14492806
2009-04-20,17.758926059537522,17.93443488026169,17.43417229402586,17.4425106048584,9003161
2009-04-21,17.384147224756557,17.44251160775945,17.10900193236603,17.300769805908203,11753710
2009-04-22,17.234071934567027,17.459191218266504,17.083993677494693,17.3420467376709,10380782
2009-04-23,17.758928222439366,18.109112644881336,17.36747171877167,17.550485610961914,12729598
2009-04-24,17.509213129215485,17.842305238508327,17.408743401774927,17.700563430786133,6780115
2009-04-27,17.509213129215485,17.700563430786133,17.275339905710076,17.700563430786133,8039215
2009-04-28,17.459189671325674,17.917764613647883,17.35871992883195,17.709321975708008,7909996
2009-04-29,17.73433473489423,17.91776432929393,17.609267635642468,17.80937385559082,7017484
2009-04-30,17.992801396631855,18.48472762854385,17.88441093529838,18.092853546142578,11605034
2009-05-04,18.059503356147065,18.201243262791266,17.82563013757103,18.13454246520996,6609187
2009-05-05,18.05074770507174,18.117450401631547,17.667629524990424,17.80103302001953,8437216
2009-05-06,17.775605673037425,18.284622337561945,17.74267000403708,18.184152603149414,11338617
2009-05-07,18.325892207373993,18.325892207373993,17.900668704146995,18.05074691772461,9998976
2009-05-08,18.209583147134786,18.25085523011142,17.633863783261624,17.79269790649414,10248836
2009-05-11,17.683888063904895,17.75892717182662,17.39248562538173,17.509212493896484,9913090
2009-05-12,17.55048595964095,18.042412202820632,17.45918780169404,17.892332077026367,12517424
2009-05-13,18.026156091518153,18.75987452156363,17.967376012198084,18.47639274597168,16617348
2009-05-14,18.609377848686236,18.74278135252357,18.501403065035987,18.543092727661133,8445608
2009-05-15,18.6677356292434,18.6677356292434,18.19248612262807,18.376333236694336,17345145
2009-05-18,18.242515361359928,18.568104312303955,18.100773556476398,18.367998123168945,7297351
2009-05-19,18.493061008739893,18.525996670705396,18.317552195963135,18.467632293701172,7644609
2009-05-20,18.559764862060547,18.60937524996208,18.459295142796517,18.559764862060547,7124826
2009-05-22,18.551428782297894,18.651482831805417,18.14288186464857,18.201244354248047,7459666
2009-05-25,18.267945083448957,18.317553573875617,18.050746600149193,18.22625732421875,3657472
2009-05-26,18.15121997977368,18.325895579284687,18.05950613174242,18.276287078857422,7012603
2009-05-27,18.217915688124283,18.325888540239063,18.117445985950784,18.284616470336914,8033067
2009-05-28,18.217918609621872,18.250852375245064,17.85105950339632,17.884408950805664,9056750
2009-05-29,17.94277633645248,17.99280241403657,17.7176570892334,17.7176570892334,21815993
2009-06-02,17.967374469973734,18.02615454424843,17.384150024019455,17.625526428222656,12740208
2009-06-03,17.642616019676073,17.751006475138787,17.57591522297849,17.69222640991211,7344803
2009-06-04,17.76726586632665,17.9757084699677,17.758927554792052,17.85106086730957,7864303
2009-06-05,17.851062714389972,18.05074944724995,17.825632095336914,17.825632095336914,7110244
2009-06-08,17.98404666717842,18.226258197236046,17.934436276285087,18.13454246520996,7517832
2009-06-09,18.250856814572114,18.25919512749783,18.0424141761557,18.10077667236328,6725869
2009-06-10,18.20958279883247,18.259193193062007,17.825631336310643,17.917762756347656,7800344
2009-06-11,17.951110039122938,18.159552608228058,17.909004704698766,17.967369079589844,5679944
2009-06-12,18.159557596670204,18.893277843258264,18.1428828698737,18.759872436523438,13439500
2009-06-15,18.826575349275476,18.926627507348655,18.684833526611328,18.684833526611328,12142444
2009-06-16,18.68483604852085,18.809485581068536,18.60938123791391,18.693174362182617,7692920
2009-06-17,18.651483865210114,18.851588179130957,18.576442849399097,18.759872436523438,6758100
2009-06-18,18.793222771931013,18.901613235473633,18.693170620381085,18.901613235473633,7537896
2009-06-19,19.026260571160943,19.05169118607678,18.901611077793422,18.951221466064453,9689771
2009-06-22,18.942889109201943,19.017928237884927,18.693174362182617,18.693174362182617,6144488
2009-06-23,18.634805705152825,19.001666747269507,18.626469291486693,18.817819595336914,5376444
2009-06-24,18.759870010158856,19.009586586489537,18.568104033484246,18.959976196289062,5443565
2009-06-25,18.993330992415398,18.993330992415398,18.418027263658157,18.592702865600586,7636085
2009-06-26,18.74278300697199,18.74278300697199,18.32589583437454,18.592702865600586,6346402
2009-06-29,18.55142859276873,18.61813129175895,18.35132429197922,18.509740829467773,5264380
2009-06-30,18.60103745542807,18.667738250838823,18.30921744206388,18.35965919494629,5528610
2009-07-01,18.426365576537346,18.592702865600586,18.30922110670696,18.592702865600586,4922860
2009-07-02,18.526000009318018,18.526000009318018,18.16789485024735,18.17581558227539,4763993
2009-07-03,18.22625894294429,18.276285017699653,17.975709091154087,18.092853546142578,3137017
2009-07-06,18.059506681965228,18.309221409680134,17.934439579071036,18.25919532775879,4311439
2009-07-07,18.226259010942293,18.317555269048043,18.05074827063034,18.067840576171875,4604755
2009-07-08,18.01781472546303,18.351324426680996,17.95111392407379,18.17581558227539,6404637
2009-07-09,18.259191411814083,18.27628371607455,18.034072193357236,18.05074691772461,5241407
2009-07-10,17.926101540421822,18.01781538294002,17.700564714131122,17.7426700592041,5450286
2009-07-13,17.65929521862312,17.917763927929624,17.54256643476045,17.90900993347168,4416606
2009-07-14,17.992800312260165,18.2179195331826,17.884409857459058,17.9757080078125,5434034
2009-07-15,18.092853220615968,18.250854072029778,18.076178495361045,18.217920303344727,5689398
2009-07-16,18.493067237874083,18.9428882046596,18.384261075906657,18.784889221191406,9676212
2009-07-17,18.95122133597519,19.135066572772484,18.893274535151463,19.05169105529785,6913972
2009-07-20,19.168420324677854,19.551956104801008,19.101719522707647,19.34351348876953,7650048
2009-07-21,19.343512348900003,19.601981025700812,19.326835725822214,19.535280227661133,5754896
2009-07-22,19.526945316354237,19.65159483887232,19.4431503007369,19.634918212890625,5500271
2009-07-23,19.526943023103154,19.81042475250071,19.251797707626586,19.784996032714844,7410043
2009-07-24,19.78499327806235,19.79374727069682,19.55987406981735,19.668682098388672,5552313
2009-07-27,19.752061553480342,19.752061553480342,19.509850016724027,19.618656158447266,4540828
2009-07-28,19.701616286643457,19.784993702668363,19.677018933437758,19.752059936523438,4990446
2009-07-29,19.64325190561698,19.843358083694834,19.618654552411282,19.752059936523438,4460695
2009-07-30,19.80208736186349,20.393648147583008,19.743722976842296,20.393648147583008,8985636
2009-07-31,20.38572803202532,20.401987075805664,20.218973183522124,20.401987075805664,7935284
2009-08-03,20.369050020288018,20.419077989902313,20.126840394056984,20.201879501342773,4693814
2009-08-04,20.193540900281565,20.218971515574424,19.97675999472869,20.0684757232666,4941346
2009-08-05,20.010530548450983,20.276919966582884,19.952166161734315,20.21897315979004,5224104
2009-08-06,20.36071268876394,20.377387412489668,20.027203029526603,20.110580444335938,5405571
2009-08-07,20.085569181106763,20.177284914912814,19.926735068511068,20.160608291625977,5884480
2009-08-10,20.135178285428466,20.210633072946095,19.935489685302894,20.118501663208008,3712864
2009-08-11,20.152269508349544,20.17728444269436,20.027204327077815,20.051801681518555,4477125
2009-08-12,20.0684727134208,20.31902060976372,20.027200641768676,20.26024055480957,4447488
2009-08-13,20.201879699452324,20.335283190854312,20.06013789668444,20.126840591430664,3830621
2009-08-14,20.185205174238558,20.185205174238558,19.95216521831478,20.051801681518555,4097890
2009-08-17,19.926732401722145,20.01052739258437,19.7603951595716,19.96883773803711,5226107
2009-08-18,20.035541956589007,20.0684757232666,19.902138468409575,20.0684757232666,3884021
2009-08-19,19.94382757281268,20.093907693440567,19.918398853895635,20.085569381713867,3880179
2009-08-20,20.04387861867223,20.160605474919194,20.01886558532715,20.01886558532715,5630951
2009-08-21,19.993436002198123,20.185203866450557,19.952163925625307,20.110580444335938,5720988
2009-08-24,20.16060700246551,20.17728362468597,19.968839133563016,20.118501663208008,5130538
2009-08-25,20.10224649913542,20.393648957816506,20.035543799863834,20.326946258544922,5873052
2009-08-26,20.385725318014426,20.56081655696898,20.335281669872973,20.519128799438477,5641614
2009-08-27,20.56081827209588,20.6525340036401,20.45242781576656,20.543725967407227,4945144
2009-08-28,20.527465276360466,20.66920706897053,20.435751450270082,20.494115829467773,4906286
2009-08-31,20.385734332426765,20.52747428917903,20.352382972800463,20.460773468017578,4071035
2009-09-01,20.59416939570395,20.69380585769842,20.360713760800074,20.435752868652344,6047350
2009-09-02,20.427414557305276,20.535389330646808,20.276918761701726,20.435752868652344,5956812
2009-09-03,20.53539179251204,20.53539179251204,20.16060999203846,20.23564910888672,4818469
2009-09-04,20.21896977303982,20.37738628296941,20.110579329604814,20.30234718322754,4709579
2009-09-07,20.42741313950175,20.552062628795436,20.35237403685771,20.494115829467773,3397693
2009-09-08,20.552068553866814,20.777603506689694,20.535393825613216,20.652538299560547,4586255
2009-09-09,20.569159635986004,20.635860443115234,20.510795243441205,20.635860443115234,3878163
2009-09-10,20.702560625552845,20.719235350780508,20.43575363336711,20.627521514892578,4451075
2009-09-11,20.66087661273278,20.719239110665804,20.535393825613216,20.652538299560547,4087149
2009-09-14,20.569155162740408,20.677128031708058,20.48536206660881,20.602088928222656,3718058
2009-09-15,20.802615246951753,20.84430491211444,20.57749788819995,20.66087532043457,6561960
2009-09-16,20.660871502796454,21.031898824879125,20.61876426544989,20.90683364868164,7674789
2009-09-17,20.98979502215856,20.98979502215856,20.760507583618164,20.760507583618164,8758445
2009-09-18,20.864732581893744,21.15697023147674,20.51079559326172,20.51079559326172,25547475
2009-09-21,20.72757291152811,20.948522028720152,20.602090151725644,20.864728927612305,7977044
2009-09-22,20.968949645986548,21.302457400752523,20.94852049993917,21.01105308532715,5962725
2009-09-23,21.031898074253117,21.198235322086337,20.927677730504957,20.94852066040039,5009119
2009-09-24,20.864728309425473,21.073170902451416,20.835962749472934,20.90683364868164,6603935
2009-09-25,20.948521699319684,21.052743946326963,20.752168041296244,20.98979377746582,6135173
2009-09-28,21.11527225033727,21.26118222768345,20.885569190205103,21.17738914489746,5048838
2009-09-29,21.323722545169613,21.57385483917927,21.156969580587234,21.385839462280273,7446675
2009-09-30,21.594280824993735,21.80272344206384,21.53216580961707,21.61512565612793,12244078
2009-10-01,21.698498953954168,21.71934188303192,21.406677067872856,21.532161712646484,8468135
2009-10-02,21.448786687205672,21.49005686818489,21.198236847742958,21.34456443786621,8885334
2009-10-05,21.3445622420187,21.490054657369672,21.177391737697796,21.40667724609375,5326217
2009-10-06,21.448786356645428,21.553006706288222,21.19823652104409,21.469629287719727,6661242
2009-10-07,21.427941857719684,21.510901697670874,21.198236847742958,21.34456443786621,8724876
2009-10-08,21.490053763613265,21.51089859008789,21.323716527838595,21.51089859008789,4984466
2009-10-09,21.4696287123761,21.532163198194496,21.32371870831394,21.44878578186035,6008657
2009-10-12,21.553010424019412,21.886520155821298,21.510905076621675,21.740610122680664,5543602
2009-10-13,21.678073783186182,21.698501032455063,21.40667911842011,21.469629287719727,5303195
2009-10-14,21.594276716204394,21.678071706642015,21.490054478454624,21.532161712646484,5055517
2009-10-15,21.49005802477238,21.886517895793393,21.469630774089296,21.865673065185547,9184913
2009-10-16,21.990734301855614,22.053268782444377,21.594276400151724,21.6572265625,10343826
2009-10-19,21.594282563346184,21.96989764348116,21.49006029737587,21.949052810668945,5724839
2009-10-20,22.074118240701683,22.09496307373047,21.886520437714974,22.09496307373047,7301490
2009-10-21,21.886517895793393,21.969895320134214,21.636385622770938,21.865673065185547,7589823
2009-10-22,21.76145022986039,22.157492510394217,21.38583709755537,21.84482765197754,14282220
2009-10-23,21.92778939227158,22.03200974635013,21.74060729789899,21.84482765197754,7790970
2009-10-26,21.865679347549992,21.927796277295972,21.63639183925736,21.678081512451172,6453477
2009-10-27,21.657235789714917,22.40763089558885,21.553013509085915,22.199188232421875,16337268
2009-10-28,22.199181631646223,22.386779403288266,22.115386631649447,22.24045181274414,11642477
2009-10-29,22.178341312948593,22.365939122746116,21.94905383557994,22.26171875,10555708
2009-10-30,22.30340104575698,22.5743781241933,22.17833586991892,22.407623291015625,10633222
2009-11-02,22.34467576631666,22.428053192768044,22.05327330271746,22.365936279296875,8044848
2009-11-03,22.21961309426658,22.386783647962755,22.011170453556566,22.323833465576172,11269663
2009-11-04,22.240458425791203,22.303408614959842,22.03201576262423,22.199188232421875,8175863
2009-11-05,22.1153879186918,22.407625536883817,21.949050648728434,22.282560348510742,7865388
2009-11-06,22.365938814464506,22.365938814464506,22.115390824866157,22.323833465576172,5867494
2009-11-09,22.491002453579004,22.574379876640425,22.407625030517586,22.470157623291016,6679706
2009-11-10,22.407624127879643,22.595221898643,22.386779298431335,22.574378967285156,4623990
2009-11-11,22.616067639125863,22.72028989247527,22.365935369941607,22.470157623291016,7477380
2009-11-12,22.34467415799586,22.553116760075767,22.34467415799586,22.448896408081055,4904943
2009-11-13,22.36593507485727,22.59522251072844,22.36593507485727,22.532272338867188,6258742
2009-11-16,22.595224047203423,22.78282373389594,22.4910036862326,22.720291137695312,7002427
2009-11-17,22.595227893192135,22.69945016999353,22.55312254131384,22.657344818115234,5618471
2009-11-18,22.720295004972,22.76156709491663,22.595227893192135,22.657344818115234,6573446
2009-11-19,22.616066884883377,22.636494134571766,22.38677945363381,22.511844635009766,4451681
2009-11-20,22.470152488928118,22.5322674875901,22.428047156145265,22.490997314453125,9356858
2009-11-23,22.636497906316414,23.137178193239617,22.616070653224387,22.991268157958984,7661280
2009-11-24,23.053386329079764,23.324779161286784,22.970008890378683,23.178451538085938,10077777
2009-11-25,23.303927660797925,23.491109738856338,23.19970541771253,23.282665252685547,10685815
2009-11-26,23.220550245947678,23.47026491062119,23.1784449076905,23.282665252685547,8370223
2009-11-27,23.07422616644741,23.282668786161988,22.991266318884055,23.199708938598633,8610107
2009-11-30,23.199713907984673,23.491118335772164,23.01211607948523,23.241403579711914,9640057
2009-12-01,23.261825182813418,23.49111262732218,23.261825182813418,23.449840545654297,7389418
2009-12-02,23.49111146766529,23.554061638790383,23.34561713727929,23.408151626586914,10560622
2009-12-03,23.470269123796793,23.55406413356641,23.408154105908583,23.428997039794922,6417391
2009-12-04,23.345616929084464,23.72081437113176,23.345616929084464,23.678709030151367,8114132
2009-12-07,23.63743563063454,23.82503529022516,23.554060113139116,23.699552536010742,7690141
2009-12-08,23.678711238472022,24.012220950546897,23.53321879390511,23.616596221923828,11559962
2009-12-09,23.554059872846047,23.699552294233396,23.34561538696289,23.34561538696289,9802444
2009-12-10,23.303935609794284,23.470272916355373,23.074230535248827,23.220558166503906,12646087
2009-12-11,23.220551575219098,23.449839004660355,23.03295380463468,23.261823654174805,8703928
2009-12-14,23.261822290441394,23.428992801698083,23.178444875706198,23.34561538696289,5542922
2009-12-15,23.30392762864047,23.512370216433276,23.30392762864047,23.34561538696289,4977033
2009-12-16,23.303932248811638,23.55406454260773,23.303932248811638,23.512374877929688,5990450
2009-12-17,23.47026923855046,23.84588430547223,23.449841986425746,23.574491500854492,11833846
2009-12-18,23.720814835306594,23.88715399723337,23.470266887861694,23.554061889648438,13803379
2009-12-21,23.61659539585896,23.720815753668933,23.324775357046097,23.449840545654297,5662760
2009-12-22,23.491109946091452,23.74165787463937,23.491109946091452,23.699552536010742,5026841
2009-12-23,23.782932570786414,23.845882744766715,23.616595301177195,23.720815658569336,4758036
2009-12-24,23.720815658569336,23.720815658569336,23.720815658569336,23.720815658569336,0
2009-12-28,23.762506246433922,23.866726607889333,23.470268617470552,23.616596221923828,4654499
2009-12-29,23.616595301177195,23.762505319998656,23.595332890535634,23.720815658569336,2664065
2009-12-30,23.678709493502275,23.720814835306594,23.470266887861694,23.554061889648438,3064848
2009-12-31,23.720815658569336,23.720815658569336,23.720815658569336,23.720815658569336,0
2010-01-04,23.512372431989853,23.574489342585597,22.78282235692479,22.949159622192383,19645781
2010-01-05,22.72029018023367,22.740717430862023,22.323830310274943,22.553117752075195,18721156
2010-01-06,22.678599894967224,22.907887330457008,22.59522247314453,22.59522247314453,9739438
2010-01-07,22.47015633486254,22.553116173248725,22.21960839821677,22.428050994873047,10635628
2010-01-08,22.428050994873047,22.678598931518817,22.365934087489187,22.428050994873047,8045650
2010-01-11,22.38677945363381,22.636494134571766,22.365934624040996,22.511844635009766,8071802
2010-01-12,22.574380966929922,22.574380966929922,22.178338662782902,22.303403854370117,10945690
2010-01-13,22.282558947370735,22.616066728091305,22.219608777214752,22.574378967285156,10408453
2010-01-14,22.553116353579398,22.907886540435197,22.448896003463148,22.84493637084961,15077980
2010-01-15,22.865781407298044,22.907886748005726,22.511844478940244,22.574378967285156,12756310
2010-01-18,22.76156369386532,23.09548909318296,22.76156369386532,23.01211166381836,11091594
2010-01-19,23.032952486102385,23.282665252685547,22.824507999931594,23.282665252685547,8766917
2010-01-20,23.220552482736856,23.51237251377798,23.157602310180664,23.157602310180664,15395942
2010-01-21,23.30393184411413,23.616596731406805,23.19970958231967,23.428997039794922,12372104
2010-01-22,23.34561828975374,23.49111262732218,23.15760292691286,23.449840545654297,11523184
2010-01-25,23.345623382393974,23.42900082568435,23.13718072321353,23.220558166503906,9278329
2010-01-26,23.51237045630104,23.72081304622033,23.408150110386575,23.699552536010742,15830420
2010-01-27,23.63743284289285,23.907992306279215,23.595327509230025,23.80377197265625,12361306
2010-01-28,23.929257534229986,23.95010046455866,23.51237045630104,23.699552536010742,11728935
2010-01-29,23.678707707591705,23.82503529022516,23.595330292005915,23.699552536010742,8035147
2010-02-01,23.678708665296625,23.887153161736993,23.595331246338567,23.866724014282227,10571730
2010-02-02,23.887150785965492,24.0543212890625,23.782928548111055,24.0543212890625,9333577
2010-02-03,24.137703923569298,24.241924285888672,24.01222114960314,24.241924285888672,12252756
2010-02-04,24.262769051707355,24.346146480190857,23.97094900106043,24.03348159790039,11089325
2010-02-05,24.075169267298197,24.387832225603468,23.699554239330443,23.825037002563477,17216073
2010-02-08,23.78293224265969,23.887154496704483,23.595332564997175,23.845882415771484,9159793
2010-02-09,23.84588145054117,23.929258870783958,23.616594019396132,23.678709030151367,7070498
2010-02-10,23.78293082340617,23.950101342496257,23.616593566018086,23.658281326293945,7238799
2010-02-11,23.782931046448176,24.012218475341797,23.69955362702409,24.012218475341797,8904641
2010-02-12,24.07517126118747,24.241924220063815,23.90799882427496,24.03348159790039,5975753
2010-02-15,24.13770356545677,24.179391330147897,23.99137596196142,24.095598220825195,3137859
2010-02-16,24.199821070079846,24.199821070079846,23.970951175457675,24.116443634033203,5900776
2010-02-17,24.262766010966292,24.5124806851757,24.19981584207008,24.40825843811035,8578087
2010-02-18,24.47121394824134,24.720928676954987,24.42910859918611,24.596281051635742,8972474
2010-02-19,24.34614213356109,24.992314716330718,24.34614213356109,24.971471786499023,37395163
2010-02-22,25.013159634588508,25.05443171071064,24.57542963518721,24.63754653930664,7837498
2010-02-23,24.763029009835066,24.783873839193465,24.471208991179328,24.55458641052246,7752489
2010-02-24,24.616701711309343,24.783872220889208,24.55458480718991,24.63754653930664,6029715
2010-02-25,24.679651877083373,24.82514429701134,24.55458480718991,24.63754653930664,6049714
2010-02-26,24.74176883877872,24.908939361572266,24.679653827839857,24.908939361572266,8629211
2010-03-01,25.013167404683287,25.179922284281787,24.992322570210746,25.117389678955078,7605063
2010-03-02,25.40292917992414,25.77266306023872,25.380745820468558,25.576486587524414,12838720
2010-03-03,25.46773567942051,25.51167064549602,25.31592793421585,25.380741119384766,8320198
2010-03-04,25.31593631495664,25.467744110416675,25.141509451084186,25.250253677368164,8448876
2010-03-05,25.228931393700204,25.402924474731492,25.163248777855703,25.380741119384766,7396882
2010-03-08,25.4246768951416,25.446424547297227,25.22893416238018,25.4246768951416,5925762
2010-03-09,25.358993276168235,25.70697946275318,25.358993276168235,25.62041664123535,9128048
2010-03-10,25.62041758394754,25.642167216529394,25.402927199569334,25.44642448425293,4975162
2010-03-11,25.38074698024196,25.55517382664929,25.272000784366035,25.358997344970703,6168215
2010-03-12,25.402926428765703,25.424676060687606,25.16325071345367,25.228933334350586,4965484
2010-03-15,25.228939264412986,25.402932399725195,25.120195040203246,25.185441970825195,7596224
2010-03-16,25.31593583206909,25.337685469103246,25.16325662807737,25.185441970825195,6452522
2010-03-17,25.228936478302412,25.27200004190141,25.076692996837085,25.14150619506836,5789095
2010-03-18,25.14150259652493,25.3159294128418,25.076689407570477,25.315929412841797,4299718
2010-03-19,25.489492418892723,25.51167776090702,25.22893843025294,25.337684631347656,22387721
2010-03-22,25.228939745641124,25.31593631495664,25.032763244319653,25.250253677368164,5465541
2010-03-23,25.27200037097272,25.44642721452682,25.228936806812985,25.2941837310791,5083658
2010-03-24,25.38074629656685,25.55517313827569,25.358996661881463,25.489490509033203,5789621
2010-03-25,25.51167166644946,25.576482873732157,25.38074213509852,25.402925491333008,4061120
2010-03-26,25.315933661068943,25.358997225730615,24.859203205402288,25.032760620117188,8286433
2010-03-29,24.94575825679224,24.967943592476555,24.70651826702879,24.902694702148438,7856954
2010-03-30,24.902693310708266,24.989689845804932,24.793949127197266,24.793949127197266,6800832
2010-03-31,24.837016636893445,25.01144345995027,24.685206896476124,24.77220344543457,7955989
2010-04-01,24.83701916829827,24.83701916829827,24.619526783495147,24.66345977783203,5597458
2010-04-06,24.793954913912355,24.837018476200672,24.293289509824476,24.42422103881836,8965684
2010-04-07,24.467716888169996,24.467716888169996,24.228476869998868,24.337223052978516,7527119
2010-04-08,24.271540429756094,24.42421960326621,24.075797696488753,24.337223052978516,8606368
2010-04-09,24.358969467573516,24.81526612289399,24.337221816466627,24.728269577026367,7352413
2010-04-12,24.772205970233593,24.793955604809963,24.57646520048713,24.66345977783203,3693711
2010-04-13,24.6852094124084,24.83701916829827,24.619526783495147,24.66345977783203,3875699
2010-04-14,24.728271603232653,24.77220459513082,24.489031577613645,24.55471420288086,4571968
2010-04-15,24.68520893433804,24.772205490478395,24.61952630669684,24.750455856323242,5991441
2010-04-16,24.75045744073614,24.75045744073614,24.510783665951646,24.597780227661133,11155432
2010-04-19,24.663458546403074,24.70652210774125,24.38028552730562,24.5329647064209,5947989
2010-04-20,24.967948720460342,24.967948720460342,24.66345977783203,24.66345977783203,10287290
2010-04-21,24.772204118113198,24.880950302384235,24.597777290319886,24.64171028137207,4769609
2010-04-22,24.61952458665129,24.706521136713626,24.293288019037565,24.358970642089844,8079098
2010-04-23,24.315473420286562,24.489030815235267,24.206727237306914,24.337223052978516,6154918
2010-04-26,24.489031448854828,24.57646370703139,24.315474049415567,24.380285263061523,5299270
2010-04-27,24.315471897849445,24.38028310576055,24.054048538208008,24.054048538208008,6644808
2010-04-28,23.967053830640975,24.31547376183237,23.880491004283943,24.07579803466797,8715587
2010-04-29,24.11973055364009,24.206727103446703,23.967053361454383,24.16279411315918,6080318
2010-04-30,24.075796793554296,24.119729782437112,23.8804897732384,23.945302963256836,6486031
2010-05-03,23.85830823610962,23.92399086187887,23.68475083443127,23.815244674682617,4382529
2010-05-04,23.967054487716066,24.141481320670135,23.771747451977546,23.79349708557129,8469476
2010-05-05,23.771748622567173,23.98923902777383,23.576005871544968,23.727815628051758,9297029
2010-05-06,23.727811853327918,23.836556048391596,23.510319502240588,23.57600212097168,7767254
2010-05-07,23.162772847780126,23.467259786872358,22.553363263964226,22.662107467651367,16887249
2010-05-10,23.05402529263899,23.510319968511023,22.684291457225733,23.48900604248047,13470486
2010-05-11,23.314579753356316,23.401576301391295,23.119272730773,23.38026237487793,7614929
2010-05-12,23.38026000679702,23.59775036461581,23.141020019052387,23.467256546020508,8481073
2010-05-14,23.55425392759129,23.6408147643391,23.075338229403773,23.097087860107422,8181101
2010-05-17,23.032276711365594,23.38026291149234,22.96659606881657,23.075340270996094,7417517
2010-05-18,23.22801944405692,23.249769076684867,22.879599518784886,23.075340270996094,6820768
2010-05-19,22.96659809482657,23.09709194114562,22.684294492825405,22.901784896850586,8714034
2010-05-20,23.075341139402685,23.184087326154827,22.37980639907928,22.553363800048828,10433871
2010-05-21,22.55336054200195,22.55336054200195,22.009633647748135,22.29280662536621,16229400
2010-05-25,22.249310415010818,22.31412360923106,21.94482347092365,22.075319290161133,12136174
2010-05-26,22.358054837023268,22.44461567722039,22.205375671386715,22.20537567138672,7648203
2010-05-27,22.24931057888067,22.553363800048828,22.009636827248507,22.553363800048828,10067770
2010-05-28,22.770852439177602,23.09708899382589,22.61904468334731,22.87959861755371,9523989
2010-05-31,22.901781413357163,22.988342252233053,22.81478486888371,22.83653450012207,3151462
2010-06-01,22.706039851179547,22.879599223860406,22.42286684696143,22.77085304260254,5946385
2010-06-02,22.74910228263162,23.032275272813468,22.553361542646005,22.98834228515625,6326840
2010-06-03,23.228018772670694,23.44550915122348,23.184085783539356,23.205833435058594,5013312
2010-06-04,23.31458145357304,23.401578007952246,22.857851028442383,22.857851028442383,6488101
2010-06-07,22.706040861768503,23.032277439581993,22.68429320893307,22.79303741455078,4982195
2010-06-08,22.857847774154962,22.94527804125362,22.51029731176632,22.597293853759766,5700859
2010-06-09,22.66210915261496,22.90178489685059,22.531615306295908,22.901784896850586,5154291
2010-06-10,22.945280182088236,23.467259482750496,22.945280182088236,23.42332649230957,7689777
2010-06-11,23.923987223998136,24.358967945679602,23.83655497798854,24.141477584838867,17004176
2010-06-14,24.315471897849445,24.315471897849445,23.9892353498169,24.054048538208008,7467545
2010-06-15,23.9892406463623,24.141484138327083,23.902244082313796,23.989240646362305,6263179
2010-06-16,24.097983912653117,24.097983912653117,23.858308180124357,23.96705436706543,7001346
2010-06-17,23.945305612737137,23.945305612737137,23.57600545750924,23.663002014160156,6863764
2010-06-18,23.836557225716493,23.85830685799547,23.51032066345215,23.51032066345215,21016708
2010-06-21,23.706501007080078,23.771747928689543,23.554257529831247,23.706501007080078,5340704
2010-06-22,23.684746246893464,23.815240061869247,23.576000080760437,23.597749710083008,5418113
2010-06-23,23.423328462471734,23.5103230394192,23.228021418801656,23.27151870727539,6059752
2010-06-24,23.336767750356557,23.358517386809506,23.162776600174347,23.228023529052734,5131757
2010-06-25,23.29282948267977,23.467258279583348,23.07533910879463,23.141021728515625,4078433
2010-06-28,23.249767905698207,23.401575659862353,23.032275551333047,23.141021728515625,4552711
2010-06-29,23.032281790193785,23.205839222902757,22.619050562022164,22.706045150756836,6340941
2010-06-30,22.770852439177602,23.01052815282925,22.770852439177602,22.87959861755371,7818708
2010-07-01,22.597296077782914,22.727789913376306,22.11838033433895,22.184062957763672,8545904
2010-07-02,22.379804468593605,22.401552119683927,22.140564462759933,22.20537567138672,5561583
2010-07-05,22.162313117362746,22.314122859144852,21.96657236580658,22.00963592529297,7707659
2010-07-06,21.987888462436068,22.335872715256205,21.836080686154137,22.314125061035156,7693209
2010-07-07,22.444617669024073,22.488550661187695,22.2710602676236,22.401554107666016,5932067
2010-07-08,22.575545384842858,22.749102772175593,22.42286621803254,22.531612396240234,6603209
2010-07-09,22.619048523509978,22.727792739868164,22.422870059614436,22.727792739868164,4477425
2010-07-12,22.836534635028954,22.92353118001634,22.706038827307875,22.81478500366211,3018044
2010-07-13,22.901784218459493,23.14102424994457,22.770854670354964,23.032278060913086,4382509
2010-07-14,23.205833573192578,23.401576301391295,23.075339741380148,23.38026237487793,6180635
2010-07-15,23.662999021935974,23.727812210930075,23.010527900280543,23.141021728515625,15166107
2010-07-16,23.205834839507368,23.228020178462156,22.72779049508412,22.79303741455078,11060563
2010-07-19,22.77085317862009,22.945280002622244,22.68429233481254,22.749103546142578,4512622
2010-07-20,22.79303891982027,22.79303891982027,22.42286932577028,22.51030158996582,4947976
2010-07-21,22.61904315801448,22.706037718272775,22.29280662536621,22.29280662536621,5617347
2010-07-22,22.205375842097183,22.64035857444793,22.07531771823954,22.531612396240234,5996275
2010-07-23,22.466801187115195,22.553362027977784,22.1840619159672,22.531612396240234,8214432
2010-07-26,22.619046481710306,22.619046481710306,22.053569874059505,22.401554107666016,8753012
2010-07-27,22.488548944829034,22.51029857666954,22.22712557905353,22.358055114746094,6718975
2010-07-28,22.48854880879067,22.619044618564256,22.31412199095229,22.379804611206055,5305216
2010-07-29,22.422867271043618,22.51029952722728,22.184062957763672,22.184062957763672,4385636
2010-07-30,22.205376814290503,22.205376814290503,21.87914222634432,21.987886428833008,5989977
2010-08-02,22.1840619159672,22.597295016580404,22.09663164436952,22.531612396240234,5150407
2010-08-03,22.662105621869447,22.706038609301466,22.48854823916118,22.640357971191406,5205487
2010-08-04,22.57554662204501,22.662107467651367,22.466802418357865,22.662107467651367,4252174
2010-08-05,22.72779049508412,22.90178360064867,22.706040861768503,22.79303741455078,4241404
2010-08-06,22.749105925128674,22.857852118408246,22.42286932577028,22.51030158996582,4460048
2010-08-09,22.706040058505533,22.966595982475773,22.64035941620343,22.945280075073242,3930180
2010-08-10,22.966596089590183,23.467259482750496,22.966596089590183,23.42332649230957,7349816
2010-08-11,23.249769076684867,23.35851327886439,23.032276711365594,23.075340270996094,6329399
2010-08-12,22.923532423007167,23.075340184246482,22.923532423007167,22.945280075073242,4419004
2010-08-13,23.05402946472168,23.11927639095762,22.814789414869637,23.05402946472168,4481448
2010-08-16,23.03227874316964,23.09709194114562,22.79303870459785,22.901784896850586,3397290
2010-08-17,22.96659606881657,23.097089903624045,22.90178287655812,23.075340270996094,3775326
2010-08-18,22.966600107837163,23.292834752229094,22.966600107837163,23.228023529052734,4839374
2010-08-19,23.27151878174143,23.33676570490096,22.879601537120436,22.901784896850586,4359983
2010-08-20,22.966595772770685,22.988343424638185,22.662106861344668,22.77085304260254,6113689
2010-08-23,22.836538936706724,22.966599063326857,22.640362453291555,22.727792739868164,3857748
2010-08-24,22.64035519854239,22.70603582860888,22.358051675096263,22.444612503051758,4984342
2010-08-25,22.466800588483135,22.749102166021558,22.44461525172916,22.640357971191406,6308786
2010-08-26,22.749103546142578,22.857849728050024,22.597295785382606,22.749103546142578,4604385
2010-08-27,22.879598919057727,23.29283004527635,22.793036096440336,23.184085845947266,6527196
2010-08-30,23.380262510673056,23.554255607753582,23.336763246162885,23.35851287841797,4952212
2010-08-31,23.09708923602223,23.38026223570565,23.054025677636446,23.205833435058594,7116411
2010-09-01,23.358512904077877,23.57600328542741,23.228019071364173,23.51032066345215,6802201
2010-09-02,23.46725905921332,23.489006710988324,23.271516329877706,23.35851287841797,6148449
2010-09-03,23.467259084992687,23.61906684436696,23.314579914381593,23.51032066345215,6681989
2010-09-06,23.68474835847011,23.68474835847011,23.510319563739078,23.55425453186035,3203649
2010-09-07,23.554254937388716,23.619066146211406,23.314579225226364,23.48900604248047,4170193
2010-09-08,23.38025935829676,23.706495876216035,23.38025935829676,23.597749710083008,6229324
2010-09-09,23.575998872826496,23.662995405179625,23.467254692744874,23.619062423706055,4687300
2010-09-10,23.706501277502653,24.05405179837118,23.640818649490456,24.010988235473633,7579576
2010-09-13,24.27154426894446,24.27154426894446,23.92399371844603,23.989240646362305,4691268
2010-09-14,24.097989189764686,24.293294286808827,24.075803845779607,24.250232696533203,7321776
2010-09-15,24.337222989934347,24.3802845690999,24.141480257174063,24.358970642089844,8521337
2010-09-16,24.33722224677687,24.445966445674106,24.16279344635298,24.29328727722168,5409855
2010-09-17,24.424218933330323,24.66345696445923,24.380283963524832,24.467716217041016,14864515
2010-09-20,24.641710773880963,24.85920116628983,24.576463854206324,24.70652198791504,5168794
2010-09-21,24.66345840876575,24.77220459513082,24.510781210982696,24.55471420288086,5753706
2010-09-22,24.641717076996926,24.772210949725295,24.11973762512207,24.11973762512207,8339111
2010-09-23,24.228476736018386,24.35897057048825,23.989236719170226,24.16279411315918,5616633
2010-09-24,24.337226183017094,24.663460812953204,24.315476547527894,24.61952781677246,9342778
2010-09-27,24.75045633565722,24.8152695337219,24.66345977783203,24.66345977783203,4418536
2010-09-28,24.59777865302194,24.945762897103116,24.44596890007212,24.750455856323242,8708577
2010-09-29,24.793952166151406,24.81526609210733,24.554712160432263,24.576461791992188,5633805
2010-09-30,24.576464869850888,24.685209080309182,24.40203605088273,24.51078224182129,7219229
2010-10-01,24.55471343845769,24.576463071149643,24.293288081967926,24.337223052978516,7154338
2010-10-04,24.315470665703415,24.38028187033032,24.075794969057316,24.141477584838867,4668938
2010-10-05,24.01099261725687,24.337229269041014,23.92399604474906,24.250232696533203,5653567
2010-10-06,24.337231327374063,24.46772520693205,24.206735467335278,24.228485107421875,4855230
2010-10-07,24.293289445847822,24.44596862792969,24.18454523724315,24.445968627929688,4628613
2010-10-08,24.380285263061523,24.489031448854828,24.293288710522916,24.380285263061523,3355216
2010-10-11,24.48903396479802,24.663460812953204,24.467720034991537,24.61952781677246,3268270
2010-10-12,24.489031595506177,24.70652198791504,24.38028540906165,24.70652198791504,5543436
2010-10-13,24.750457487970696,25.098443735472745,24.72827412717739,24.945764541625977,5939298
2010-10-14,24.859198547383794,24.967944722371954,24.619522841199156,24.685205459594727,6060530
2010-10-15,24.70651994543946,24.837015754480902,24.53296255930876,24.728269577026367,5250576
2010-10-18,24.685206429301758,24.96794570318581,24.66345679735374,24.85919952392578,6006297
2010-10-19,24.837014067205143,25.011440872215417,24.70651826702879,24.902694702148438,5955043
2010-10-20,24.815268855735546,25.011445325786635,24.77220529342379,24.924015045166016,5084390
2010-10-21,24.967948038302588,25.228935724167336,24.77220529342379,24.924015045166016,8222049
2010-10-22,24.88094874277925,24.88094874277925,24.663456387870184,24.728269577026367,4667124
2010-10-25,24.85920204661875,24.902699334448805,24.68520893433804,24.750455856323242,3544593
2010-10-26,24.706523341320338,24.83701916829827,24.619526783495147,24.66345977783203,3933374
2010-10-27,24.641709612236944,24.902697278632193,24.576462695638135,24.77220344543457,5057364
2010-10-28,24.945762013708848,25.011444639024052,24.70652198791504,24.70652198791504,5056490
2010-10-29,24.77220400279806,24.902697838931736,24.61952482818556,24.81526756286621,5027332
2010-11-01,24.902699136356162,25.011445325786635,24.77220529342379,24.924015045166016,3642523
2010-11-02,24.837016166846038,24.989693354653774,24.750453344665754,24.85919952392578,3327602
2010-11-03,24.945755514914904,25.03275204531041,24.81526170956148,24.837011337280273,3525156
2010-11-04,24.837015191175478,24.945759385683665,24.597775190585505,24.685205459594727,6220855
2010-11-05,24.641709312843915,24.66345696445923,24.424218933330323,24.467716217041016,6390056
2010-11-08,24.51077519715932,24.576457806311026,24.315468211357878,24.402029037475586,4494864
2010-11-09,24.337223394829827,24.380284974711792,24.07579803466797,24.07579803466797,7324686
2010-11-10,24.03273068599171,24.271534944568153,23.858301919209257,23.92398452758789,8869330
2010-11-11,23.88049159480829,23.945304789770585,23.771747388092233,23.815244674682617,6611226
2010-11-12,23.749564093219263,23.88049165898585,23.684750898082786,23.79349708557129,7024369
2010-11-15,23.793493403589675,24.162791509489587,23.72781078780812,24.141477584838867,8254578
2010-11-16,24.097984313964844,24.293289371492467,24.054051321102346,24.097984313964844,6699746
2010-11-17,23.9892406463623,24.18454770489595,23.9670572850149,23.989240646362305,4894984
2010-11-18,24.075796443389965,24.59777571794811,24.054048792310056,24.576461791992188,7952557
2010-11-19,24.64170617318446,24.68520345135306,24.489027023315426,24.48902702331543,6249637
2010-11-22,24.576457806311026,24.772198517166117,24.3802794094429,24.402029037475586,5385753
2010-11-23,24.14148125579118,24.184544817218185,23.815244674682617,23.815244674682617,8252672
2010-11-24,23.79349913192427,23.858310352154614,23.619070303488297,23.77174949645996,6080584
2010-11-25,23.749559766928364,23.923986568108326,23.662996953966687,23.902236938476562,3325894
2010-11-26,23.79349072188705,23.96704807761307,23.619061955104595,23.92398452758789,4448488
2010-11-29,24.010986028606563,24.119730229041288,23.51032066345215,23.51032066345215,5377828
2010-11-30,23.59775974287856,23.64082331427337,23.162778854370114,23.162778854370117,11303987
2010-12-01,23.20583258729431,23.59775175217641,23.162771010961727,23.57600212097168,8019350
2010-12-02,23.57601015415635,23.771752940735475,23.292837068330776,23.640823364257812,10083149
2010-12-03,23.6408189317777,23.684751926036487,23.249771118164062,23.249771118164062,9847417
2010-12-06,23.184088424665482,23.358515264703147,23.097091867237726,23.27151870727539,5244893
2010-12-07,23.51032207889823,23.619068266360138,23.42332750550495,23.445510864257812,7518654
2010-12-08,23.38026000679702,23.467256546020508,23.3145773919281,23.467256546020508,5498971
2010-12-09,23.57600258854477,23.619066146211406,23.423325402926746,23.48900604248047,5324332
2010-12-10,23.423328462471734,23.489009110604634,23.205836078662205,23.27151870727539,5003589
2010-12-13,23.314578225704107,23.358511212218318,23.097087860107422,23.097087860107422,4636093
2010-12-14,23.184081389011855,23.314575195312496,23.184081389011855,23.3145751953125,5511375
2010-12-15,23.7064988985034,25.380743274151488,23.7064988985034,24.467716217041016,38014845
2010-12-16,24.772204613230247,24.793954246615186,24.445968034376858,24.70652198791504,11426021
2010-12-17,24.6634558285011,24.728269016187316,24.46771509009838,24.685205459594727,17419006
2010-12-20,24.75045496176177,24.79395422849987,24.510781210982696,24.55471420288086,4687402
2010-12-21,24.72827264321814,24.72827264321814,24.40203605088273,24.51078224182129,4896539
2010-12-22,24.532958550245656,24.576457806311026,24.337217839390565,24.402029037475586,4730323
2010-12-23,24.51077917218842,24.576461791992188,24.35896943735295,24.576461791992188,4528904
2010-12-27,24.641711372186467,24.663459025619265,24.402035634932723,24.445968627929688,1808230
2010-12-28,24.51078224182129,24.576464869850888,24.445969044628566,24.51078224182129,1217706
2010-12-29,24.532960007043243,24.55470963636745,24.38028085717421,24.48902702331543,1932400
2010-12-30,24.445963815911757,24.467713445543524,23.902236938476562,23.902236938476562,6043490
2011-01-03,23.967060388174087,24.11973762512207,23.945310749225794,24.11973762512207,3319386
2011-01-04,24.119732445903114,24.162796008800665,24.010988235473633,24.010988235473633,5764223
2011-01-05,24.032742255503983,24.2502326965332,23.749569174476093,24.250232696533203,6595247
2011-01-06,24.29328733965766,24.402033519314436,24.18454314048094,24.27153968811035,7192996
2011-01-07,24.35897248152035,24.424221384354357,24.010988235473633,24.010988235473633,5647224
2011-01-10,23.98923834106042,24.05405153753315,23.727814948821827,23.858308792114258,5225657
2011-01-11,23.858314173913318,24.16280119726664,23.793502943301146,24.11973762512207,6943700
2011-01-12,24.141482964173118,24.445969933293537,24.119733329098704,24.206729888916016,8248305
2011-01-13,24.29328717087675,24.31547250836335,23.81524285808967,23.945302963256836,7517164
2011-01-14,23.923992104259863,23.967055667923173,23.576005871544968,23.727815628051758,9268444
2011-01-17,23.793495206693457,23.967052595133094,23.771745574817196,23.945302963256836,5383718
2011-01-18,23.989237188791087,24.141480658813,23.967053830640975,24.07579803466797,4780853
2011-01-19,24.075798694724366,24.141481320670135,23.771747451977546,23.79349708557129,6629170
2011-01-20,23.706497927720076,23.771744840854282,23.38026138156907,23.57600212097168,9371811
2011-01-21,23.510319502240588,23.640815308988984,23.467257925908005,23.57600212097168,9685809
2011-01-24,23.684751373050176,23.706501007080078,23.510322556117956,23.706501007080078,6954476
2011-01-25,23.74956148453265,23.88048903591796,23.576002120971683,23.57600212097168,6306112
2011-01-26,23.706493508375768,23.81523768316745,23.64081090188917,23.684743881225586,5915628
2011-01-27,23.205833072607994,23.423325428243835,23.032275685897336,23.119272232055664,15733850
2011-01-28,23.20583271873205,23.20583271873205,22.966594696044922,22.966594696044922,6924105
2011-01-31,22.966597216536442,23.054027496082604,22.857851028442383,22.857851028442383,5774501
2011-02-01,22.901781723097965,23.162771360048144,22.857848734909485,23.141021728515625,7467349
2011-02-02,23.07533924361051,23.18408542142843,22.96659504627262,23.119272232055664,6092770
2011-02-03,23.119268210912068,23.314575195312496,23.054021307761747,23.3145751953125,6219768
2011-02-04,23.401576301391295,23.401576301391295,23.271516194714195,23.38026237487793,5691836
2011-02-07,23.44551121772689,23.59775469418069,23.42332785863959,23.532072067260742,5525378
2011-02-08,23.554256169937066,23.640817014925396,23.40157699584961,23.40157699584961,5767920
2011-02-09,23.467258922912908,23.554255470947886,23.35851274274917,23.38026237487793,5073778
2011-02-10,23.380262510673056,23.46725905921332,23.16277212956244,23.35851287841797,6158358
2011-02-11,23.423328253311926,23.663002014160156,23.40157861902913,23.663002014160156,7186202
2011-02-14,23.727812323911788,23.727812323911788,23.467258391324414,23.48900604248047,10194063
2011-02-15,23.532072067260742,23.576005060264364,23.401578224723266,23.532072067260742,5902960
2011-02-16,23.532070295731128,23.57600328542741,23.380262536356856,23.51032066345215,5643454
2011-02-17,23.445508294703274,23.576002120971683,23.35851175036434,23.57600212097168,7833280
2011-02-18,23.706494661596047,23.706494661596047,23.48900234047337,23.619062423706055,23517094
2011-02-21,23.64081326316896,23.771742783703925,23.576000080760437,23.597749710083008,5117048
2011-02-22,23.576007809897614,23.576007809897614,23.228023529052734,23.228023529052734,8086571
2011-02-23,23.228019600244618,23.576003822231133,23.162772682402156,23.40157699584961,8276136
2011-02-24,23.68775748637257,23.75681042205803,23.390968322753906,23.390968322753906,10034157
2011-02-25,23.390965707873537,23.551021087900796,23.344778429083537,23.436697006225586,4909621
2011-02-28,23.459109216123412,23.916409797152824,23.41383597138943,23.824949264526367,11542913
2011-03-01,23.96259464067748,24.328436733864613,23.96259464067748,24.282249450683594,11447797
2011-03-02,24.236976980200946,24.442763684679026,24.1450604735041,24.214111328125,8110228
2011-03-03,24.3737094925367,24.46562599449919,24.21411008092679,24.305570602416992,11088960
2011-03-04,24.35130057139776,24.67141133804159,24.09978467159154,24.122648239135742,13795421
2011-03-07,24.076918164275018,24.122647379836955,23.848267922260494,23.916404724121094,6216893
2011-03-08,23.848273944836336,23.939276418510623,23.64248721758277,23.73394775390625,7508518
2011-03-09,23.687755726747284,23.687755726747284,23.253318786621097,23.253318786621094,12793292
2011-03-10,23.276640907073496,23.505291145462294,23.116127469464843,23.367643356323242,12320798
2011-03-11,23.253320933757244,23.344781460234373,23.11613118509291,23.208049774169922,8251677
2011-03-14,23.116134323676693,23.116134323676693,22.84221076965332,22.84221076965332,9854383
2011-03-15,22.31585228867234,22.64053536034586,21.772119536105627,22.558679580688477,23284178
2011-03-16,22.563253194660632,22.563253194660632,21.972877146311173,21.995742797851562,14926398
2011-03-17,22.092231421354544,22.279726847526995,21.904738077284748,22.133390426635742,10766756
2011-03-18,22.22439498557536,22.49923256196377,22.16037240499682,22.233539581298828,22465402
2011-03-21,22.430179081118403,22.613558203242032,22.330029936374817,22.49420166015625,8328310
2011-03-22,22.544502470457154,22.819340006177875,22.490082556281905,22.67757797241211,9392756
2011-03-23,22.52209683487127,22.713706502233883,22.435208606104617,22.540388107299805,8876411
2011-03-24,22.36204041933425,22.910345489937562,22.256402860334436,22.86507225036621,15465164
2011-03-25,22.956531727151702,23.55102197120566,22.833058882652157,23.253318786621094,13282653
2011-03-28,23.185183764725313,23.52816021320337,23.11613082885742,23.116130828857422,9536701
2011-03-29,23.024668685326088,23.138994854150052,22.887478948419364,22.933666229248047,9048362
2011-03-30,22.95653044811496,23.07085452770838,22.910343170166016,22.910343170166016,8919127
2011-03-31,22.846323224796873,22.933667431275563,22.782758712768555,22.782758712768555,12384992
2011-04-01,22.819338989957004,22.956530802530533,22.668430286438817,22.88747787475586,11570021
2011-04-04,22.88747787475586,22.97939436954075,22.773151711294993,22.88747787475586,9819005
2011-04-05,22.956531082629873,23.45910481408668,22.956531082629873,23.276641845703125,12041391
2011-04-06,23.27664344873024,23.367645907916856,23.162317276000977,23.162317276000977,7997581
2011-04-07,23.25332051397459,23.596296961546535,23.2304569443451,23.390968322753906,11099648
2011-04-08,23.390968745021457,23.505294923643554,23.208049774169922,23.208049774169922,12497941
2011-04-11,23.00180559925623,23.162316970169915,22.979395929059397,23.047990798950195,6722867
2011-04-12,22.86507130643977,22.933666174730067,22.67757797241211,22.67757797241211,11788154
2011-04-13,22.722856003312707,22.887485819124343,22.681699069885592,22.686729431152344,7029833
2011-04-14,22.63184462050292,22.83305690994812,22.544500426727883,22.718732833862305,6829069
2011-04-15,22.773151711294993,22.93366515341787,22.737025151674356,22.88747787475586,19575684
2011-04-18,22.887482280669424,22.887482280669424,22.233539581298828,22.233539581298828,13807146
2011-04-19,22.72788255473273,23.208050861765408,22.72788255473273,23.001808166503906,17799721
2011-04-20,23.13899327120122,23.665346677297904,23.13899327120122,23.619617462158203,15525807
2011-04-21,23.756811697136477,23.916409041030676,23.253321762029664,23.299509048461914,12981696
2011-04-26,23.09372395087539,23.29950857703816,23.09372395087539,23.185184478759766,9921683
2011-04-27,23.253318133766747,23.36764429862254,23.138994051013427,23.276641845703125,6606364
2011-04-28,23.367645093086544,23.528158542625107,23.230455356277332,23.505292892456055,9247490
2011-04-29,23.573428439715972,23.824944331839472,23.436696772767156,23.48196792602539,7058675
2011-05-02,23.551024862432218,23.642485391692272,23.413835109593528,23.459108352661133,6273246
2011-05-03,23.505291637509487,23.665347015942398,23.45910435917957,23.48196792602539,7110526
2011-05-04,23.573428102386806,24.00832307820409,23.50529130115534,23.619617462158203,13468949
2011-05-05,23.756808823940354,23.824945629859037,23.505292918113884,23.802082061767578,9341464
2011-05-06,23.77967390494771,24.21410875562005,23.77967390494771,24.122648239135742,9549141
2011-05-09,24.12265032794684,24.21411085235083,24.00832623401886,24.09978675842285,6364382
2011-05-10,24.19124775815177,24.305571854326065,24.07692157987476,24.214111328125,8702275
2011-05-11,24.32843791970719,24.465627670288086,24.259384981810463,24.465627670288086,7558274
2011-05-12,24.351303455145445,24.69427782994944,24.259384865226053,24.625226974487305,11586393
2011-05-13,24.739548449150696,25.03725163238979,24.648545994087602,24.80860137939453,12372833
2011-05-16,24.739548449150696,24.968200784248474,24.694275211845643,24.80860137939453,7197201
2011-05-17,24.78573034160736,24.808595986567166,24.419890432760774,24.510892868041992,11366149
2011-05-18,24.60236214737741,24.76287561764175,24.557088903753844,24.716686248779297,7358388
2011-05-19,24.808598240292042,24.945331977914392,24.694272087209164,24.90005874633789,7140833
2011-05-20,25.01439119398457,25.03725476467267,24.671414730532394,24.739551544189453,10725170
2011-05-23,24.510901095418912,24.625227276490836,24.373711343814822,24.442764282226562,7184216
2011-05-24,24.37371334771529,24.602363646555,24.37371334771529,24.5799560546875,6404447
2011-05-25,24.510900316381814,24.71668493724744,24.419897853446884,24.648548126220703,7331738
2011-05-26,24.67141270494178,24.69427627375272,24.488033599263353,24.602359771728516,7024474
2011-05-27,24.602356682391363,24.78573368294038,24.557083448824457,24.671409606933594,8397178
2011-05-30,24.671414730532394,24.87719935934203,24.625227444440583,24.739551544189453,3946332
2011-05-31,24.92292675016424,25.15157699584961,24.853873822128005,25.15157699584961,24763963
2011-06-01,25.151581310193247,25.173988900695306,24.694278658277238,24.716686248779297,11250871
2011-06-03,24.46562599449919,24.53422086509119,24.2822489710465,24.305570602416992,8809000
2011-06-06,24.28225177533377,24.579955005555757,24.12265234529218,24.23697853088379,7709945
2011-06-07,24.145062558775507,24.328439607510646,24.053602024675516,24.19124984741211,7757384
2011-06-08,24.167920614967798,24.191244326333493,23.916404724121094,23.916404724121094,6558363
2011-06-09,23.96260007038811,24.09979192747106,23.8482759519393,23.871139526367188,7422928
2011-06-10,23.687759055544973,23.73394634255789,23.32237499462795,23.413835525512695,12225937
2011-06-14,23.551026681259287,23.756813408512855,23.41383691782554,23.73394775390625,7595681
2011-06-15,23.80208438421245,24.008327072335447,23.756811141967773,23.756811141967773,8722920
2011-06-16,23.596297024457577,23.756810485397025,23.481970847594557,23.66534996032715,8191512
2011-06-17,23.57342934285887,23.7339427899772,23.41383202084732,23.52815818786621,15146219
2011-06-20,23.322370121910296,23.459103868099238,23.185180395297497,23.367643356323242,5629361
2011-06-21,23.29950892749276,23.551024862432218,23.253321641300307,23.459108352661133,5429962
2011-06-22,23.322371897758277,23.344779485407816,23.116129229608774,23.23045539855957,4791775
2011-06-23,23.208050783993194,23.276645661310045,22.695872229856015,22.823917388916016,9043329
2011-06-24,22.979399304494287,23.00180897798287,22.6638628566476,22.83717918395996,6439354
2011-06-27,22.69998429090054,22.865070028127377,22.66843002862034,22.750743865966797,5497233
2011-06-28,22.79602319484092,23.00180992531922,22.66386379006554,22.72788429260254,7885227
2011-06-29,22.773154380379363,23.162318112932724,22.773154380379363,23.116130828857422,6268020
2011-06-30,23.208051000836186,23.551025390625,22.979398631506527,23.551025390625,7956706
2011-07-01,23.505294916295544,23.687757906592886,23.413834389847004,23.642484664916992,4822437
2011-07-04,23.687757190143145,23.687757190143145,23.43669933312847,23.57343101501465,2996942
2011-07-05,23.710623143803105,23.802083668651118,23.596296967217416,23.68775749206543,6154734
2011-07-06,23.6196162056371,23.71061865064846,23.505290050716184,23.59629249572754,4288256
2011-07-07,23.75681179350249,24.008327730768034,23.66535126339658,23.8482723236084,4640645
2011-07-08,23.91640614853253,24.076919598246306,23.779674474134364,23.802082061767578,5585119
2011-07-11,23.596298634707974,23.89400186251665,23.50529616602077,23.551025390625,6031034
2011-07-12,23.2995044734407,23.413830633686295,22.9793937232759,23.367643356323242,7116683
2011-07-13,23.344779485407816,23.45910565435861,23.116129229608774,23.23045539855957,5516540
2011-07-14,23.047993188115054,23.093724494184507,22.93366908714704,23.02467155456543,5520052
2011-07-15,22.855928129059038,23.070859443307384,22.787333250267316,22.95653533935547,7760326
2011-07-18,22.7507496857944,22.842210222498732,22.581547588786233,22.631851196289062,6669063
2011-07-19,23.024669187101512,23.528159072096045,23.001805618520493,23.34477996826172,11837975
2011-07-20,23.43670076243424,23.48197192339905,23.208050480335494,23.459108352661133,6781251
2011-07-21,23.436701178759588,23.59629852466023,23.20805089259914,23.413835525512695,6750698
2011-07-22,23.4138356057312,23.436701259056434,23.09372478758927,23.13899803161621,6580735
2011-07-25,23.09372478758927,23.18518531878737,22.97939860306594,23.13899803161621,4568778
2011-07-26,23.208045640681817,23.299504068766943,23.047988186276957,23.093719482421875,4654046
2011-07-27,22.910345489937562,23.208048688079153,22.80516599351619,22.86507225036621,6867317
2011-07-28,22.608524322509766,22.746172117272078,22.47636494987714,22.608524322509766,7570639
2011-07-29,22.311738472147482,22.411887616033212,21.954587053284808,22.179121017456055,11659834
2011-08-02,21.671058499735775,21.758402710337812,21.136474453001703,21.177631378173828,13876227
2011-08-03,20.852488226684507,21.515573346067004,20.793496014923033,20.94394874572754,15676783
2011-08-04,21.145621258845182,21.323970035338185,20.272174897310162,20.349916458129883,14165285
2011-08-05,19.52677419074034,20.486650752708417,19.489733577921587,19.855573654174805,18466351
2011-08-08,19.613201477356103,20.139554962416526,19.13760757446289,19.13760757446289,13549391
2011-08-09,19.087766637111926,19.549641676544766,18.04054783729035,19.187915802001953,20056791
2011-08-10,19.352992992690552,19.439423141013318,18.246324391939552,18.2874813079834,14851286
2011-08-11,18.657441820835114,18.97343839374013,17.793600285491767,18.91398811340332,19152183
2011-08-12,18.753931167796132,19.89261225702556,18.42467370942704,19.481040954589844,11918114
2011-08-15,19.869749069213867,20.28086236003684,19.73713160996738,19.869749069213867,8361362
2011-08-16,19.741248601203893,20.248852801963917,19.63195277230533,20.235591888427734,8457626
2011-08-17,20.139554150889055,20.875810627612637,19.905873525932556,20.679170608520508,11288561
2011-08-18,20.564847124735103,20.66499627454433,19.89261521609254,20.102516174316406,9808783
2011-08-19,19.91502009719585,20.06135651586703,19.037457565643273,19.755420684814453,14116421
2011-08-22,19.66396311187882,20.61057653656133,19.66396311187882,20.080106735229492,8546411
2011-08-23,20.331164619626506,20.619723235206237,20.253881130968676,20.532835006713867,7650420
2011-08-24,20.60097523616164,20.94395382736695,20.34991733096732,20.852493286132812,7445141
2011-08-25,21.007968740307486,21.026718073396065,20.441372430990953,20.573989868164062,8120965
2011-08-26,20.56484866592116,21.00797433233809,20.16242395017341,20.852493286132812,9550726
2011-08-29,21.01300211594892,21.392105148792066,20.88953133737375,21.21375846862793,5480423
2011-08-30,21.195467697120144,21.433264687728645,21.113153834702523,21.2645206451416,5938102
2011-08-31,21.424115320915465,21.58462878996248,21.20964207570721,21.488595962524414,8841575
2011-09-01,21.5343249736102,21.693922300417746,21.245766377327545,21.493165969848633,8889408
2011-09-02,21.309790435399226,21.309790435399226,20.532835065325703,20.80721664428711,8361658
2011-09-05,20.482530267141733,20.7249015846802,20.29503692787228,20.327049255371094,8273978
2011-09-06,20.28086341537147,21.708101272583008,20.28086341537147,21.708101272583008,16280251
2011-09-07,22.064796099363924,22.43978279676045,22.064796099363924,22.325456619262695,11252391
2011-09-08,22.270582018600187,22.590692835731517,22.156255834437786,22.508378982543945,8409111
2011-09-09,22.49923217812267,22.80105172021363,22.448928574090374,22.453044891357422,10107518
2011-09-12,22.101376403647954,22.192380939508443,21.58462563167012,21.858549118041992,10073507
2011-09-13,22.04604288929766,22.315852146543037,21.918455810040935,22.110065460205078,13467577
2011-09-14,21.950468915230157,22.572399211375277,21.91342622768193,22.338716506958008,12654150
2011-09-15,22.407770052869765,22.595263398097405,22.22439302461619,22.370729446411133,10491311
2011-09-16,22.480940904884935,22.522097831246953,22.229424966826272,22.453044891357422,39333419
2011-09-19,22.179118831858425,22.366612169035278,22.179118831858425,22.279726028442383,7715662
2011-09-20,22.156249285699637,22.672999987444573,22.073935456841625,22.599374771118164,6707899
2011-09-21,22.658824502813694,22.860494854776903,22.567366074785987,22.718732833862305,7318181
2011-09-22,22.499229961427563,22.599379097005645,22.142078572191576,22.338716506958008,7684254
2011-09-23,22.549535431049545,22.554107728762084,21.666944553746067,22.179121017456055,9242927
2011-09-26,22.009916486485295,22.75074523126627,21.995741532312067,22.462188720703125,8308842
2011-09-27,22.77315247199245,22.887478639272185,22.731995551476352,22.819339752197266,7293587
2011-09-28,22.731996334882307,23.276643141389638,22.71370506361229,23.047990798950195,7869045
2011-09-29,23.093721641959238,23.322371897758277,22.97939547300844,23.23045539855957,6456219
2011-09-30,23.185182160699362,23.344779485407816,22.956531904900324,23.23045539855957,7000344
2011-10-03,22.956531727151702,23.253318786621097,22.93366607711808,23.253318786621094,5002706
2011-10-04,23.093724494184507,23.185185024220605,22.782760357744024,23.02467155456543,7205964
2011-10-05,23.299507017593996,23.322372668560373,22.910345381205037,23.162317276000977,6432113
2011-10-06,23.20804906497414,23.619620380492997,23.162317762081678,23.57343101501465,7041492
2011-10-07,23.6424849619451,23.871135239887693,23.505295211600096,23.756811141967773,7305044
2011-10-10,23.802088658292657,24.008331383450134,23.779681064449388,23.871139526367188,4173459
2011-10-11,23.82494575740036,23.96259355765699,23.68775601970698,23.939271926879883,4786194
2011-10-12,23.939274791096253,23.985462077715855,23.77967744655467,23.8482723236084,4761101
2011-10-13,23.710629206066514,23.802089754298887,23.45911321895329,23.779682159423828,7349206
2011-10-14,23.756815407918378,24.122655501898944,23.756815407918378,23.871139526367188,4450380
2011-10-17,23.894003659104804,23.962598542220213,23.55102716142478,23.71062660217285,4605681
2011-10-18,23.57343298135444,23.66535157528983,23.413835634709475,23.551025390625,4351239
2011-10-19,23.619620380492997,23.80208336527164,23.5052942053645,23.57343101501465,5064775
2011-10-20,23.52815985681073,23.80208336527164,23.5052942053645,23.57343101501465,5653450
2011-10-21,23.642484664916992,23.779676495641162,23.413834389847004,23.642484664916992,8331210
2011-10-24,23.710623143803105,23.871134522250486,23.57343131547974,23.68775749206543,4122217
2011-10-25,23.436696579453123,23.52815709238931,22.787328395077896,22.910343170166016,11909207
2011-10-26,22.773155663636036,22.846324920654297,22.576515627765126,22.846324920654297,7095873
2011-10-27,23.16231738592936,23.208048688079153,22.750746077094355,22.86507225036621,9942057
2011-10-28,22.77818449988597,22.97939682006836,22.71370594431929,22.97939682006836,8168651
2011-10-31,22.773159615980237,23.16232343800324,22.686729431152344,22.686729431152344,7381397
2011-11-01,22.416917488848707,22.746174969560517,22.238570814602127,22.499231338500977,9069041
2011-11-02,22.6135609302373,22.636424503855757,22.242688406130682,22.444358825683594,5387178
2011-11-03,22.224394864048715,22.663862228393555,22.201529210659377,22.663862228393555,5023428
2011-11-04,22.70501977935416,22.887482784653997,22.585663230767846,22.737030029296875,5288803
2011-11-07,22.531239226482054,22.887478639272185,22.47636541456311,22.819339752197266,5374797
2011-11-08,22.887476960353034,23.024666685343096,22.801046808978583,22.85592269897461,5130620
2011-11-09,22.910349672739866,23.001810211635014,22.65883162920095,22.84221076965332,6372517
2011-11-10,22.567372273931156,22.769042681292223,22.535359941435708,22.65471649169922,6939796
2011-11-11,22.705015973702658,22.979395447516104,22.61766968969941,22.933666229248047,5537111
2011-11-14,23.001805117243332,23.024668685326088,22.83305903411475,22.933666229248047,4167091
2011-11-15,22.855926700890763,23.093723653911734,22.705017976978613,23.070858001708984,5445816
2011-11-16,23.00180744248685,23.276645006644134,22.95653420010021,23.185184478759766,5826974
2011-11-17,23.070856449614656,23.162316970169915,22.91034507870097,23.047990798950195,4899135
2011-11-18,23.047990315969464,23.185182134978735,22.910344598604667,22.933666229248047,5314275
2011-11-21,22.79602181630876,22.81934345041675,22.43017968740538,22.526214599609375,7225759
2011-11-22,22.476364653598022,22.64556462706823,22.31173489500485,22.31585121154785,6080943
2011-11-23,22.24771165874573,22.39404806082202,22.083083987198297,22.224390029907227,5487541
2011-11-24,22.133388729511754,22.179117946613975,21.703068114212442,21.858549118041992,5781822
2011-11-25,21.785383800726407,22.15625417491403,21.54758685459386,21.995742797851562,4810478
2011-11-28,22.110066849234684,22.407770052869765,22.110066849234684,22.370729446411133,4924371
2011-11-29,22.29344789423778,22.375761748246457,22.18826838674796,22.33003044128418,4556899
2011-11-30,22.22027343772333,22.50334358215332,22.083083713136393,22.50334358215332,11427652
2011-12-01,22.476366236767642,22.956532409122875,22.462189200189233,22.77315330505371,7272886
2011-12-02,22.9794009410763,23.093727137231607,22.53124491723939,22.722854614257812,7608004
2011-12-05,22.681694315613868,22.782759582462944,22.389021462298928,22.695871353149414,4988299
2011-12-06,22.66843270380515,23.070857344169934,22.640536692196964,22.97939682006836,7350439
2011-12-07,23.047993188115054,23.070858841149782,22.910347453597417,23.02467155456543,5717056
2011-12-08,23.093722405204463,23.253319735187592,23.024669471831682,23.162317276000977,7670887
2011-12-09,23.047989515991535,23.344778649230886,23.024667886157633,23.276641845703125,5350478
2011-12-12,23.299509048461914,23.665351167401564,23.138997661438125,23.299509048461914,6845410
2011-12-13,23.253318924343837,23.505292892456055,23.208047768668578,23.505292892456055,6125410
2011-12-14,23.50529605639744,23.642485811673144,23.390969872265803,23.413835525512695,5198269
2011-12-15,23.45910710710809,24.09978675842285,23.45910710710809,24.09978675842285,10929817
2011-12-16,24.351309024298747,24.351309024298747,23.73395084425603,23.779682159423828,18431646
2011-12-19,23.66534938272982,24.16792315470371,23.66534938272982,24.14505958557129,7068497
2011-12-20,23.82494795126533,24.053600311279297,23.7106238533611,24.053600311279297,7003977
2011-12-21,24.030733823056032,24.236976503977502,23.93927329865204,24.09978675842285,4757717
2011-12-22,24.145062558775507,24.236979073410655,24.076923659261396,24.19124984741211,4216517
2011-12-23,24.23697496856981,24.373708724975586,24.23697496856981,24.373708724975586,2265560
2011-12-27,24.465626956267187,24.465626956267187,24.30557155789305,24.396574020385742,1378782
2011-12-28,24.442764282226562,24.488035442783975,24.39657491434699,24.442764282226562,3027894
2011-12-29,24.419903712712237,24.488040540087596,24.23698261776236,24.351308822631836,2717536
2011-12-30,24.465626421493635,24.579952595877355,24.419897201001735,24.557086944580078,3136076
2012-01-03,24.80860619930706,24.94533998079589,24.716687601274636,24.877201080322266,7667807
2012-01-04,24.922929763793945,24.96820300512597,24.808603586075947,24.922929763793945,6126069
2012-01-05,24.99152727008289,25.014392924455603,24.694280009546432,24.877201080322266,7376745
2012-01-06,24.922930417282583,25.082527758414603,24.900064764718895,25.01439094543457,5684598
2012-01-09,24.968204268910217,24.991525902548346,24.716686248779297,24.716686248779297,5320169
2012-01-10,24.831009502525788,24.922928084683154,24.579951656738913,24.76287269592285,7631455
2012-01-11,24.62521901073897,24.716677426374062,24.39656672534502,24.510892868041992,7523732
2012-01-12,24.625226374151104,24.671413658235473,24.328437209690126,24.396574020385742,5598816
2012-01-13,24.16792558974216,24.23697853088379,24.053601486253406,24.23697853088379,6883050
2012-01-16,24.16792203757748,24.465625224043503,24.122648799781693,24.373708724975586,3705268
2012-01-17,24.534223556518555,24.534223556518555,24.373712166355812,24.534223556518555,5108830
2012-01-18,24.396570014215385,24.69427317287354,24.30556756666624,24.671409606933594,5845386
2012-01-19,24.716685054787614,24.808603643349937,24.62522661092532,24.785737991333008,6018763
2012-01-20,24.922927834399207,24.922927834399207,23.802082061767578,23.802082061767578,17763545
2012-01-23,23.59629249572754,23.77967157326501,23.436695190604553,23.59629249572754,10171817
2012-01-24,23.528166172310602,23.8482770500723,23.48197679443397,23.779682159423828,7274583
2012-01-25,23.276645006644134,23.276645006644134,22.86507367221584,23.185184478759766,16611444
2012-01-26,23.162316970169915,23.18518262083438,22.81934053861334,23.047990798950195,10158572
2012-01-27,22.933666758409977,22.956532409122875,22.773153305053707,22.77315330505371,6643069
2012-01-30,22.658827798393713,22.933667431275563,22.567369357063967,22.782758712768555,5777083
2012-01-31,22.933666758409977,22.956532409122875,22.773153305053707,22.77315330505371,7302162
2012-02-01,22.910343803404317,23.322371062383958,22.82391364752224,23.276641845703125,11120344
2012-02-02,23.299506785784555,23.528159128968195,23.230455935201388,23.322372436523438,10394734
2012-02-03,23.253317682850145,23.59629408866423,23.208046529591915,23.48196792602539,6354164
2012-02-06,23.322373863398465,23.665350317054806,23.29950821126065,23.642484664916992,6025115
2012-02-07,23.665346677297904,23.779672838300765,23.55102051629504,23.619617462158203,6380753
2012-02-08,23.59629810549982,23.710624287600588,23.413835109593528,23.459108352661133,5017418
2012-02-09,23.459105611660203,23.573429698300362,23.390966723713348,23.505292892456055,4822563
2012-02-10,23.481972340528593,23.551025280788398,23.367648238499783,23.413835525512695,4268504
2012-02-13,23.45910727790411,23.687757549527458,23.436699688703797,23.66534996032715,4552713
2012-02-14,23.642484251181802,23.733944776029812,23.48197079063173,23.68775749206543,4511566
2012-02-15,23.66534830526686,23.802082061767578,23.66534830526686,23.802082061767578,4713882
2012-02-16,23.710623856614863,23.82494795453478,23.6424849619451,23.756811141967773,4242630
2012-02-17,23.916413878011937,23.939279535595837,23.665355953607552,23.779682159423828,26245852
2012-02-20,23.894000231950496,23.916407821150806,23.642484308534005,23.66534996032715,5323326
2012-02-21,23.75681036715593,24.03073387840937,23.687757431630047,23.962594985961914,8676046
2012-02-22,23.82495223272054,23.985465726919124,23.779681064449388,23.871139526367188,7352614
2012-02-23,23.802085036988792,23.916409138044074,23.75681179350249,23.8482723236084,7126471
2012-02-24,23.824948921934794,23.871136209163115,23.50529616602077,23.551025390625,10568961
2012-02-27,23.987877790269998,23.987877790269998,23.794893560698664,23.96858024597168,11619544
2012-02-28,23.9488023070039,23.978230791001778,23.780422700831668,23.852310180664062,6538698
2012-02-29,23.847970742936152,23.920339298646496,23.659812498089256,23.780426025390625,7091646
2012-03-01,23.814196823267164,23.89573198037458,23.780423369941914,23.794897079467773,5780899
2012-03-02,23.784765699839287,23.85761750853645,23.567657864338223,23.79972267150879,6450822
2012-03-05,23.823845733737674,24.04577742240578,23.780424602908806,24.021656036376953,5287924
2012-03-06,23.80888866760984,23.968582727735512,23.669456481933594,23.669456481933594,7198642
2012-03-07,23.572965847802408,23.69358156056227,23.471649879206673,23.64051055908203,5363907
2012-03-08,23.756299563603267,23.81419659780593,23.616388503942837,23.69792366027832,4643525
2012-03-09,23.85231067724865,24.19533912815439,23.7900730677487,24.122970581054688,6669726
2012-03-12,24.03613085159392,24.340078781368494,24.00670016724179,24.219465255737305,6474773
2012-03-13,24.267228734631818,24.436570490680644,24.219464830368988,24.340078353881836,5371401
2012-03-14,24.43657097351308,24.53257984974854,24.364202418645963,24.41196632385254,4877835
2012-03-15,24.364199462848653,24.387839781349015,24.146610562174683,24.31595230102539,5737241
2012-03-16,24.364199878850805,24.38784019775481,24.14661097446165,24.19533920288086,22251141
2012-03-19,24.170733371109037,24.50845470649625,24.079548346956816,24.364198684692383,5468787
2012-03-20,24.387840270996094,24.43656849956164,24.291348142059572,24.387840270996094,3511250
2012-03-21,24.436570490680644,24.436570490680644,24.267228734631818,24.340078353881836,4044857
2012-03-22,24.315951524410064,24.387839002437705,24.146609790967876,24.364198684692383,4652713
2012-03-23,24.29134600122421,24.36419780476518,24.146608918899027,24.170732498168945,3434199
2012-03-26,24.24358367919922,24.267226194273043,24.146610486739025,24.24358367919922,3122082
2012-03-27,24.29134600122421,24.29134600122421,24.055423898040008,24.170732498168945,4211506
2012-03-28,24.17073249816895,24.31595064622534,24.113318730970082,24.170732498168945,4604962
2012-03-29,24.14660964509206,24.17073322508748,23.954108660816075,24.01634407043457,3957031
2012-03-30,24.098848603623214,24.14661250688199,23.88174075122787,24.103191375732422,6146835
2012-04-02,24.19533754094375,24.532575607299805,24.118142964669783,24.532575607299805,5484975
2012-04-03,24.58130439453329,24.6054279747515,24.43656730651856,24.436567306518555,3174471
2012-04-04,24.484816941411268,24.6054304613971,24.243585508144644,24.291349411010742,5611877
2012-04-05,24.31595477052025,24.5325793650191,24.31595477052025,24.340078353881836,3277372
2012-04-10,24.243584094005076,24.387840122433808,24.122970581054688,24.122970581054688,6193511
2012-04-11,24.050119139074056,24.093540267997444,23.818537588168592,24.0457763671875,7996304
2012-04-12,24.006697643277136,24.14661089988568,23.881739161859205,24.122970581054688,4959747
2012-04-13,23.99752785462321,24.050115585327152,23.88607876920153,24.05011558532715,4766439
2012-04-16,24.050118435175484,24.34007588193702,24.006697307522945,24.31595230102539,4703739
2012-04-17,24.267228583466217,24.484817504882812,24.243586066064704,24.484817504882812,5255586
2012-04-18,24.5571854933546,24.605430462020657,24.387841545605944,24.460693359375,4563316
2012-04-19,24.48481842170494,24.58130836486816,24.36420269777949,24.581308364868164,7137015
2012-04-20,24.581307649943874,24.846660477544237,24.340078405756515,24.701923370361328,13000366
2012-04-23,24.846656479802125,24.8702967969501,24.411961965732893,24.55718231201172,5807922
2012-04-24,24.557184136144276,24.557184136144276,24.00235494558739,24.19533920288086,9410355
2012-04-25,24.050605277886202,24.10850012337479,23.83349741065636,24.09885025024414,5791407
2012-04-26,24.098847562937046,24.21946327535328,23.958934303059067,24.1470947265625,6466311
2012-04-27,24.243584538502162,24.26770812019348,24.084373731963744,24.118144989013672,4258275
2012-04-30,24.243584660518604,24.315953209309384,24.122971144749773,24.1470947265625,3079682
2012-05-02,24.34007963112527,24.36420321575274,23.920339802516054,23.987884521484375,6192050
2012-05-03,24.08919776154207,24.19533976451149,23.81419727533046,23.92998695373535,5288416
2012-05-04,23.910692279093833,24.171219086807206,23.881742659366893,23.983060836791992,4619892
2012-05-07,24.016828580876886,24.19533912815439,23.891389033688284,24.122970581054688,5077140
2012-05-08,24.122972419191232,24.147096002278435,23.97340927935711,24.05060386657715,4323096
2012-05-09,24.02647976536805,24.045777313433156,23.708055944085245,23.8431453704834,5457532
2012-05-10,23.809376766936435,23.867271619575824,23.442707902455027,23.712886810302734,5408533
2012-05-11,23.688760419364847,23.987884521484375,23.640513250109905,23.987884521484375,4216620
2012-05-14,23.83349302633657,23.93480898730389,23.674282230530782,23.819019317626953,5130370
2012-05-15,23.838318392698483,23.838318392698483,23.66463387704282,23.75629997253418,2549413
2012-05-16,23.664635267068256,23.790074823514605,23.544019548568777,23.688758850097656,4539181
2012-05-18,23.302789684106383,23.76112676615189,23.297965846288708,23.592266082763672,9205995
2012-05-21,23.56814137297738,23.66463350124735,23.404104535253683,23.544017791748047,4536296
2012-05-22,23.61638411428648,23.920331954956055,23.568136960860016,23.920331954956055,5213992
2012-05-23,23.881740356751557,24.07472462310472,23.630863446469398,23.664634704589844,4465562
2012-05-24,23.679107038200517,23.954109711599468,23.587440944832423,23.87209129333496,3391747
2012-05-25,23.915516585336068,24.147098171149114,23.872095449867572,24.08437728881836,4710536
2012-05-29,24.19534167195203,24.340078781368494,24.1229731172438,24.219465255737305,3472031
2012-05-30,24.219462158592087,24.58130488586139,24.17121499719131,24.388322830200195,7697608
2012-05-31,24.50893904411786,24.581307597555078,24.26770980044462,24.340078353881836,9455548
2012-06-01,24.340073126192816,24.364196704373214,24.05059897461635,24.10849380493164,8132495
2012-06-04,24.079552950686576,24.08437678897817,23.843147531388116,23.87691879272461,3312135
2012-06-05,23.997533321790453,24.00235715984122,23.862443889893346,23.896217346191406,3012515
2012-06-06,23.905863301730026,24.195339693540554,23.84314462499382,24.1470947265625,6005561
2012-06-07,24.050602033954984,24.171215546905373,24.002354871456948,24.122970581054688,5036611
2012-06-08,24.12296883364341,24.31595087971433,24.050600291785912,24.2677059173584,3113476
2012-06-11,24.48481509426725,24.533060059292467,24.171215133337736,24.24358367919922,4143645
2012-06-12,24.19533817110134,24.581304472581873,24.19533817110134,24.508935928344727,5087722
2012-06-13,24.508937276936912,24.774290084838867,24.508937276936912,24.774290084838867,8080875
2012-06-14,24.77428993675979,24.798413518237794,24.581305678230517,24.629552841186523,5363377
2012-06-15,24.60542869567871,24.67779724180644,24.484815184348268,24.60542869567871,19058210
2012-06-18,24.701922728684863,24.967275549392212,24.653677759759663,24.894906997680664,4726138
2012-06-19,24.87078292063803,25.32912000123266,24.87078292063803,25.232627868652344,6599760
2012-06-20,25.16026250137441,25.20850747544426,25.039646771228202,25.136138916015625,3723700
2012-06-21,25.136136365989465,25.425612770984756,25.136136365989465,25.329120635986328,4554790
2012-06-22,25.304997053074842,25.522104905983184,25.25675208389938,25.329120635986328,3162006
2012-06-25,25.208507975588756,25.280876536453206,24.99140229299541,25.087894439697266,4270162
2012-06-26,25.087890207599436,25.25675088668049,24.943150913638963,25.20850372314453,3637025
2012-06-27,25.2567465489104,25.59446784906989,25.232622971285572,25.473852157592773,4518139
2012-06-28,25.44973373413086,25.5221044816621,25.23262808147954,25.44973373413086,4469798
2012-06-29,25.54622564896224,25.715086331795497,25.449733516393596,25.522104263305664,5817175
2012-07-02,25.570351339378067,25.763335620425668,25.497982783147126,25.739212036132812,4354478
2012-07-03,25.835696490631495,25.95631217956543,25.78745153304611,25.95631217956543,3937350
2012-07-04,25.956317410621345,26.05280734523803,25.883946664687702,26.004562377929688,2260978
2012-07-05,26.02868603231331,26.076930999755856,25.883946736690813,26.07693099975586,4166782
2012-07-06,26.12517547607422,26.269912560158666,26.028683354468857,26.12517547607422,4883160
2012-07-09,26.173419952392578,26.318157033788587,26.076927832579518,26.173419952392578,4597369
2012-07-10,26.269915117933294,26.294038699845235,26.052807274020687,26.221670150756836,3309674
2012-07-11,26.197546641315743,26.366407321871602,26.1492994773584,26.294038772583008,3836278
2012-07-12,26.294043435830275,26.34228841169644,26.173427701193148,26.318164825439453,3452304
2012-07-13,26.318164038035956,26.414656183529186,26.245795478077973,26.366411209106445,2749287
2012-07-16,26.342281984051127,26.462897689257435,26.31815840368041,26.43877410888672,2297113
2012-07-17,26.487022331443907,26.511145914782333,26.2699166713407,26.414653778076172,3683902
2012-07-18,26.43878100709794,26.559396743774414,26.414657420433077,26.559396743774414,4508983
2012-07-19,26.75237408208734,27.06597406292943,26.680005531630687,27.01772689819336,8584100
2012-07-20,27.11422348022461,27.234839215209316,26.969486355561216,27.11422348022461,6610990
2012-07-23,27.06597080847128,27.210707891981148,26.897110145494036,27.041847229003906,5195594
2012-07-24,27.13834239506867,27.18658736276917,26.96948171314575,27.090097427368164,4894413
2012-07-25,27.090093045434966,27.114214427059768,26.969477350722634,27.065969467163086,5687450
2012-07-26,26.99360410689083,27.258956909179688,26.921233363555135,27.258956909179688,6403200
2012-07-27,27.234832143782477,27.47606135446977,27.21070856371957,27.42781639099121,4341296
2012-07-30,27.47606580508151,27.620802915609158,27.33132869455386,27.52431297302246,3508059
2012-07-31,27.524312546478964,27.69317323836026,27.524312546478964,27.644926071166992,4623958
2012-08-02,27.596681082282156,28.00677101991455,27.596681082282156,27.934402465820312,8619552
2012-08-03,27.886150846600327,27.98264296887008,27.76553734124855,27.837905883789062,3905748
2012-08-06,27.71729469299316,27.934402552597884,27.62080255501857,27.717294692993164,4740354
2012-08-07,27.669049722329653,27.765541860304243,27.548434000699523,27.717294692993164,4118205
2012-08-08,27.62080255501857,27.813786830967754,27.548434000699523,27.717294692993164,4323942
2012-08-09,27.765541860304243,27.765541860304243,27.62080255501857,27.717294692993164,3401745
2012-08-10,27.62080248757036,27.669049654763626,27.54843393342803,27.644926071166992,2332117
2012-08-13,27.57255610513864,27.66904823793661,27.50018755470203,27.5966796875,2180101
2012-08-14,27.620803800682335,27.934403812404618,27.620803800682335,27.910280227661133,3943592
2012-08-15,27.98264182651769,28.44097883942624,27.934396865675954,28.296241760253906,7474260
2012-08-16,28.392738838969766,28.44098600862042,28.151509580659546,28.344493865966797,6175227
2012-08-17,28.489223800267972,28.489223800267972,28.151502484434452,28.296241760253906,5321223
2012-08-20,28.247996641897615,28.296243802869284,28.103259552277176,28.151504516601562,2198884
2012-08-21,28.19975982284476,28.248004801104315,28.006775516510704,28.103267669677734,3566913
2012-08-22,27.958526049400913,28.00677101991455,27.91027888223971,27.934402465820312,3312546
2012-08-23,27.93439805808447,27.95852163785864,27.548429568286625,27.620798110961914,4528806
2012-08-24,27.620801775459547,27.813786045962015,27.596680389132374,27.765541076660156,2656473
2012-08-27,27.741418772286817,27.813787327898826,27.500189521364238,27.669050216674805,2891706
2012-08-28,27.572557535735562,27.596681119348567,27.283081122322233,27.355449676513672,4137067
2012-08-29,27.283082962036136,27.3795751063471,27.23483798820451,27.283082962036133,2670158
2012-08-30,27.283081549703322,27.379573689019285,27.23483657836914,27.23483657836914,3063881
2012-08-31,27.186586870513473,27.283079000814777,27.065973355122395,27.138341903686523,5265045
2012-09-03,27.138341200267536,27.28307829364424,27.11421761915564,27.258956909179688,2308652
2012-09-04,27.307204363832852,27.331327947143635,26.87299084747643,26.993606567382812,4351411
2012-09-05,26.99360794866091,27.40369790269108,26.969484364115708,27.331329345703125,6552850
2012-09-06,27.331327646367775,27.64492543936673,27.307204063322466,27.548433303833008,4248532
2012-09-07,27.596679691280233,27.71729320980862,27.234834742400153,27.30720329284668,6349263
2012-09-10,27.210706543500216,27.258953700043982,26.993600928994518,27.065969467163086,4303950
2012-09-11,26.96947868724897,27.090094387938656,26.87298656602666,27.041847229003906,4564621
2012-09-12,26.96948752944507,27.017732507550193,26.752379636352245,26.872995376586914,5137419
2012-09-13,26.848867264165648,27.090098703978413,26.848867264165648,26.993606567382812,4533456
2012-09-14,27.162464617817605,27.162464617817605,26.704127562688175,26.824743270874023,7539479
2012-09-17,26.80061968990739,27.017725328665122,26.752372527974117,26.824743270874023,5012187
2012-09-18,26.897118963963432,26.993611116821587,26.80062681110528,26.872995376586914,5448613
2012-09-19,26.92123152831422,27.090094387938656,26.92123152831422,27.041847229003906,6809473
2012-09-20,26.993600531912612,27.25895329905868,26.993600531912612,27.186582565307617,5140395
2012-09-21,27.331326871467454,27.5966796875,27.258958321030843,27.5966796875,19129109
2012-09-24,27.741417493685468,27.86203321191139,27.66904894140892,27.765541076660156,6353013
2012-09-25,27.74141890437057,27.886156016283724,27.669050348413993,27.81378746032715,4219787
2012-09-26,27.837907641706277,27.910276188816738,27.64492338498014,27.69317054748535,4757685
2012-09-27,27.741417493685468,27.934401764187935,27.717293910710783,27.765541076660156,4493614
2012-09-28,27.86203321191139,27.934401764187935,27.765541076660153,27.765541076660156,6596053
2012-10-01,27.71729905700962,28.10326766967773,27.6931776662038,28.103267669677734,5300044
2012-10-02,27.982649968974993,28.199757847555176,27.934404994094823,28.03089714050293,3435735
2012-10-03,28.055017968911063,28.079141554192898,27.95852802107917,28.006772994995117,2603153
2012-10-04,28.030894738726268,28.12738687686662,27.910279016888932,28.079139709472656,4235959
2012-10-05,28.151506986855363,28.272122703221108,28.103262018297553,28.175630569458008,3315872
2012-10-08,28.103261528161667,28.296245792322114,27.982645813899527,28.223875045776367,3998389
2012-10-09,28.296243802869284,28.344488767193667,28.15150451660156,28.151504516601562,3999915
2012-10-10,28.15150869390891,28.17563227797436,27.93440302726267,27.958526611328125,2806108
2012-10-11,27.934398006058814,28.030890128328565,27.76553734124855,27.837905883789062,2793766
2012-10-12,27.862034628729948,27.886156016283724,27.74141890437057,27.81378746032715,3417110
2012-10-15,27.717297115514636,28.0791421153831,27.717297115514636,28.03089714050293,2811393
2012-10-16,28.103260752127692,28.320366395827534,28.079137170611915,28.27212142944336,4342405
2012-10-17,28.247994602765047,28.392731681937377,28.223871024020617,28.296241760253906,3116175
2012-10-18,28.36861863213678,28.561602925480408,28.320371460476988,28.465110778808594,4320299
2012-10-19,28.51335271683869,28.682213406366923,28.272123474176578,28.416860580444336,5188620
2012-10-22,28.368610299840075,28.392731681937377,28.272118181509477,28.296241760253906,2554019
2012-10-23,28.272125946326703,28.29624953169657,27.76554383344583,27.78966522216797,5933097
2012-10-24,27.886153889246444,27.886153889246444,27.5966796875,27.5966796875,5302807
2012-10-25,27.4036979675293,27.548435081847657,27.33132941037012,27.403697967529297,4809835
2012-10-26,27.379569230865403,27.47606135446977,27.25895572384538,27.42781639099121,3644948
2012-10-29,27.33132941037012,27.42782155213158,27.25896085321094,27.403697967529297,3523147
2012-10-30,27.307205133694215,27.451942244344355,27.23483657836914,27.23483657836914,3588489
2012-10-31,27.16246292969359,27.28307643373608,27.041847229003903,27.041847229003906,5336843
2012-11-01,27.017723200566717,27.379568099975586,26.848862540395533,27.379568099975586,4564493
2012-11-02,27.283081657880587,27.669050216674805,27.234836686355116,27.669050216674805,4877224
2012-11-05,27.572553556564856,27.620798520180756,27.379569308806754,27.500185012817383,4098202
2012-11-06,27.42782155213158,27.476066524688477,27.210713684006382,27.403697967529297,4414583
2012-11-07,27.500190835897733,27.789665072182906,27.258961573444182,27.283082962036133,4816445
2012-11-08,27.427816469069906,27.693169260575484,27.331324345190854,27.500185012817383,5569011
2012-11-09,27.548434000699523,27.7414182766487,27.50018903003601,27.717294692993164,3902886
2012-11-12,27.765539160433818,27.813784126406073,27.451939193348394,27.476062774658203,4199941
2012-11-13,27.403695421904064,27.66904823793661,27.355448257181354,27.5966796875,3226474
2012-11-14,27.500183798660927,27.54842876014677,27.28307598035674,27.379568099975586,3734093
2012-11-15,27.25895575483358,27.25895575483358,26.87298725997734,26.921232223510742,5427403
2012-11-16,26.776496108940755,27.017725328665122,26.704127562688175,26.824743270874023,5792275
2012-11-19,26.96948185867133,27.114218959201267,26.80062117583725,26.945358276367188,4484414
2012-11-20,26.87299419869297,26.94536276100256,26.631764925445076,26.752378463745117,5056550
2012-11-21,26.752373378745375,26.94535763932103,26.752373378745375,26.848865509033203,3388652
2012-11-22,26.921230194178868,27.186582965228332,26.8488616560103,27.065969467163086,4239039
2012-11-23,27.09009264693364,27.234829721141658,27.06596906901662,27.186582565307617,2480799
2012-11-26,27.186584312513773,27.186584312513773,27.017723649536528,27.041847229003906,3147533
2012-11-27,27.11421902722431,27.355448260928544,27.11421902722431,27.30720329284668,5260303
2012-11-28,27.283078517474458,27.500186355968008,27.25895713281201,27.476062774658203,4665339
2012-11-29,27.52431323650084,27.81378746032715,27.50018965229944,27.81378746032715,5381054
2012-11-30,27.741418772286817,27.88615588351084,27.669050216674805,27.669050216674805,5048913
2012-12-03,27.693173932615395,27.958526768887925,27.669050348413993,27.81378746032715,3654568
2012-12-04,27.88615529865911,27.98264743633395,27.837910328145473,27.934402465820312,5596121
2012-12-05,28.0067723699874,28.055017342826694,27.76554311249557,27.910280227661133,4195098
2012-12-06,27.910276560467977,28.103260819763882,27.862031593967696,28.05501365661621,4302127
2012-12-07,27.910283363343673,28.175636235391025,27.910283363343673,28.103267669677734,3350023
2012-12-10,28.127388064814628,28.223878010382613,28.030895922598972,28.199756622314453,2253983
2012-12-11,28.223875748752153,28.561599317768383,28.223875748752153,28.392736434936523,6007589
2012-12-12,28.320370281141468,28.537478151274044,28.24800172331317,28.344493865966797,3893972
2012-12-13,28.36861434222042,28.36861434222042,28.15150649587806,28.223875045776367,3467972
2012-12-14,28.19975294941183,28.22387433433828,28.00676869011593,28.05501365661621,3489557
2012-12-17,28.055011539183013,28.127382278442383,27.88615087420559,28.127382278442383,3972430
2012-12-18,28.24799578391356,28.272119363666683,28.055011539183013,28.127382278442383,5303513
2012-12-19,28.199756622314453,28.29624876453011,28.127388064814628,28.199756622314453,5347879
2012-12-20,28.127387306491066,28.15150869390891,27.862034471713926,27.958526611328125,4545820
2012-12-21,27.982648785243914,28.030895954730884,27.7172959430086,27.910280227661133,11987751
2012-12-27,27.8620294635183,28.006766548599323,27.76553734124855,27.837905883789062,2341050
2012-12-28,27.837910414623295,27.958526136253425,27.71729469299316,27.717294692993164,2606530
2013-01-03,28.223877579715694,28.44098544555,28.151509023320138,28.320369720458984,5313928
2013-01-04,28.41685945100765,28.70633584868538,28.344490900750078,28.65808868408203,4012580
2013-01-07,28.633968284194278,28.706336836943244,28.561599731445316,28.561599731445312,3906206
2013-01-08,28.63396898237159,28.826951062191768,28.58572181493086,28.73046112060547,4776270
2013-01-09,28.70633380205458,28.826947311668853,28.537473131276762,28.802825927734375,4198532
2013-01-10,28.85107358610538,28.89932075177381,28.754581451416012,28.754581451416016,3086961
2013-01-11,28.802824101701887,28.97168476177433,28.778700522649494,28.875192642211914,4120320
2013-01-14,29.01993037208223,29.164669652985626,28.875193287826036,28.9716854095459,6049453
2013-01-15,28.995815404472616,29.16467610568107,28.89932326140383,29.140552520751953,4190835
2013-01-16,29.21291662377064,29.405900880477112,29.21291662377064,29.333532333374023,4974047
2013-01-17,29.405899153420005,29.79186544751716,29.381775573586673,29.767744064331055,7230191
2013-01-18,29.91248749819298,29.91248749819298,29.454150367325564,29.502397537231445,10566926
2013-01-21,29.598890408358976,29.623011797257476,29.261166800654813,29.38178253173828,4466608
2013-01-22,29.35765999735914,29.430030756589144,28.971693598038243,28.995817184448242,5914996
2013-01-23,29.791868837167183,30.63617445757185,29.454147467664303,30.177837371826172,19638546
2013-01-24,30.27433198168848,30.34670053869434,30.057224114023246,30.201963424682617,7298928
2013-01-25,30.129587016658718,30.129587016658718,29.960726349785634,29.98484992980957,4570748
2013-01-28,30.03309655256538,30.370817880269716,29.93660443084311,30.250202178955078,5324983
2013-01-29,30.129582500366478,30.298445338575007,30.033092588028623,30.10546112060547,6877156
2013-01-30,30.274326300155106,30.298449880179046,29.960726349785634,29.98484992980957,5488799
2013-01-31,29.936610614604678,30.00897917168316,29.74362633129695,29.912487030029297,6076716
2013-02-01,29.84011969381948,29.984856813898173,29.719503962655406,29.743627548217773,5113493
2013-02-04,29.791871303800054,30.05722414418626,29.767749915872333,29.912487030029297,5519176
2013-02-05,29.840115861753436,30.177837229665386,29.81599227928902,30.033100128173828,3788576
2013-02-06,30.057226072049072,30.44319466342045,30.00898109645155,30.274333953857422,6841491
2013-02-07,30.250203367631073,30.394940457578286,30.03309773271025,30.081342697143555,4169146
2013-02-08,30.12959289550781,30.20196364970052,29.960732195686834,30.129592895507812,3378227
2013-02-11,30.17783363682518,30.274325758547448,30.129586477640444,30.250202178955078,2698894
2013-02-12,30.274325758547448,30.298449338139815,30.15371005723281,30.250202178955078,2903278
2013-02-13,30.274322597019296,30.46730682031061,30.250199019946137,30.346691131591797,3516775
2013-02-14,30.419065548722628,30.53968126076658,30.370820581893483,30.49143409729004,4280464
2013-02-15,31.118633279866163,31.118633279866163,30.80503548940799,30.82915687561035,16934074
2013-02-18,30.82915687561035,30.853280458460212,30.684419771806194,30.82915687561035,2891589
2013-02-19,30.805038639718177,31.022144317626953,30.805038639718177,31.022144317626953,4262072
2013-02-20,31.022143166986407,31.311619590108883,30.92565102594558,31.26337242126465,6653723
2013-02-21,31.21512398004795,31.287492528624146,30.78091049194336,30.78091049194336,9013043
2013-02-22,30.805036119522896,31.070388946356623,30.805036119522896,30.925649642944336,5177499
2013-02-25,31.094506670970304,31.35985946655273,30.973893161753836,31.359859466552734,11701745
2013-02-26,31.3574233843636,31.609289732257967,31.307048738678944,31.38260841369629,14216056
2013-02-27,31.50854267537545,31.50854267537545,31.23148900515774,31.458168029785156,6527794
2013-02-28,31.558913804361314,32.138208445140776,31.43298178228546,32.06264877319336,9320568
2013-03-01,32.01227723723271,32.465637606437944,32.01227723723271,32.440452575683594,10826749
2013-03-04,32.39008047978982,32.641946861751045,32.39008047978982,32.56638717651367,4856155
2013-03-05,32.616761952948046,32.8686283358663,32.59157462660323,32.843441009521484,5743217
2013-03-06,32.74268566286782,32.893807288958115,32.717500636443916,32.793060302734375,4151999
2013-03-07,32.84343348437344,32.89380812552113,32.66712682737537,32.69231414794922,4217957
2013-03-08,32.742694970251385,33.19605539037499,32.64194795538947,33.01974868774414,4602286
2013-03-11,32.994555301673905,33.04492764959822,32.86862099159896,32.96936798095703,3096885
2013-03-12,32.96938108464681,33.27161987933648,32.94419375391922,33.19606018066406,3493718
2013-03-13,33.14568430167657,33.170871629736126,32.86863057355177,32.89381790161133,4546605
2013-03-14,32.91899333952327,33.01974032888134,32.8182463501652,32.96936798095703,14828971
2013-03-15,32.969370952002535,33.22123730134001,32.91899630602925,33.07011795043945,18885215
2013-03-18,32.99455899716177,33.196050704936134,32.89381199651974,33.12049102783203,4602691
2013-03-19,33.12048923319421,33.67459655994617,32.918995242828125,33.47310256958008,6541275
2013-03-20,33.57385757515165,34.10277770592554,33.52348521229657,33.8760986328125,7277545
2013-03-21,34.0020247288088,34.02721205257803,33.523479338251704,33.674598693847656,4623726
2013-03-22,33.82571590596595,33.926462901148994,33.47310256958008,33.47310256958008,4042077
2013-03-25,33.62422871478234,33.77535038487013,33.5234839927372,33.573856353759766,3965461
2013-03-26,33.599042941624454,34.00202870146678,33.47310860157436,33.951656341552734,5088312
2013-03-27,33.95164881975294,34.00202116850726,33.523475828057954,33.80052947998047,5036911
2013-03-28,33.67459617609914,34.027209508465674,33.59903650395054,33.976837158203125,4620803
2013-04-02,33.85090722955393,34.304267614713225,33.825719904403456,34.1783332824707,4703190
2013-04-03,34.203521463077784,34.37982815652097,34.02721476963459,34.07758712768555,3953591
2013-04-04,34.178334142916526,34.2035214687011,33.5738543786562,33.6494140625,4482717
2013-04-05,33.72497201026273,33.72497201026273,32.76787890832692,32.99456024169922,6657474
2013-04-08,33.27161530709423,33.64941604204864,33.221242946071655,33.573856353759766,5287184
2013-04-09,33.69979069658125,33.926469761447876,33.5234839927372,33.573856353759766,4519775
2013-04-10,33.62422797482648,34.02721602817879,33.599042941624454,33.951656341552734,4165495
2013-04-11,33.97684111343853,34.2538948059082,33.951653788620426,34.2538948059082,3620188
2013-04-12,34.30426418520102,34.53094320836388,34.05239783940575,34.15314483642578,5144187
2013-04-15,34.35463610256494,34.807996406401585,34.203514472279764,34.75762176513672,5383346
2013-04-16,34.58131785362871,34.63169020538392,34.10277019116096,34.15314483642578,5026437
2013-04-17,34.253896258836726,34.30426861709973,33.347175462023344,33.498294830322266,7713536
2013-04-18,33.624220525566614,33.95164881975294,33.47310118579414,33.80052947998047,7405189
2013-04-19,33.77534512624864,34.05239880251225,33.5738511265097,33.90127944946289,4902010
2013-04-22,34.15314455420751,34.37982357549725,33.90127821049349,34.0272102355957,5761767
2013-04-23,34.17833117451488,34.93393253434844,34.17833117451488,34.88356018066406,6115359
2013-04-24,34.78280908576915,34.98430077030032,34.55612778709611,34.75762176513672,4748920
2013-04-25,34.75762010628299,35.03467373948871,34.37981948886525,34.95911407470703,5800010
2013-04-26,34.83318143352459,34.908741101912454,34.63168745548398,34.75762176513672,3208029
2013-04-29,34.93393451001162,35.21098820471851,34.78281514690234,34.80800247192383,4733189
2013-04-30,34.78281021118164,34.807997532629024,34.53094158372685,34.78281021118164,5167814
2013-05-02,34.68206899149903,34.73244134926842,34.48057497340167,34.70725631713867,4314436
2013-05-03,34.581318626123455,34.7828126246646,34.329452274701865,34.631690979003906,3916149
2013-05-06,34.581318626123455,34.70725294858909,34.50575895004795,34.631690979003906,2228773
2013-05-07,34.70725210471602,34.88355877577538,34.63169013696806,34.73243713378906,3393601
2013-05-08,34.68206801922649,35.462854450577915,34.68206801922649,35.38729476928711,5698001
2013-05-10,35.714716823707086,36.268821820101095,35.61396983522379,36.11770248413086,7484707
2013-05-13,36.016966655695185,36.09252634709287,35.81547261629459,35.99177932739258,6910293
2013-05-14,36.04215312028977,36.1680874652748,35.840659085717746,36.092525482177734,5320692
2013-05-15,36.19326616924551,36.898492873393046,36.19326616924551,36.822933197021484,6053315
2013-05-16,36.59625683966181,36.8229358853255,36.294015818600386,36.36957550048828,4191564
2013-05-17,36.243645572457694,36.34439029183509,35.99177689348426,36.14289855957031,5507180
2013-05-21,36.06733215757227,36.47031784057617,35.91621051962495,36.47031784057617,4871891
2013-05-22,36.41994764629211,37.15036167683038,36.36957299949102,37.0999870300293,5913325
2013-05-23,36.571074117291744,36.64663380868943,35.76510025319951,35.99177932739258,6990780
2013-05-24,35.94140401037522,36.24364504463578,35.790284639999925,35.891029357910156,4024594
2013-05-27,35.815467112434305,35.94140144108454,35.63916042842985,35.76509475708008,2700630
2013-05-28,35.916216229520224,36.0925229238964,35.86584387120271,35.966590881347656,5610349
2013-05-29,35.89102272106863,35.991769713859036,34.95911705139905,35.05986404418945,5652610
2013-05-30,35.00949747753204,35.3369258530141,34.83319077285326,34.984310150146484,3724916
2013-05-31,35.18579474834093,35.2361693896058,34.530940466463676,34.75762176513672,7900392
2013-06-03,34.45538126391968,34.45538126391968,33.800529266698135,34.10276794433594,7825489
2013-06-04,33.97682856721441,34.530933454036145,33.951641251696934,34.37981414794922,4128343
2013-06-05,34.20351673643544,34.48057040120392,33.62422208459873,33.75015640258789,4887561
2013-06-06,33.750162942448384,34.077589021753006,33.29680252075195,33.29680252075195,5462037
2013-06-07,33.32198256327496,33.95164955055976,33.09530125522747,33.85090255737305,6270934
2013-06-10,33.80053415907486,34.22870721004293,33.69978715411005,34.127960205078125,3507183
2013-06-11,34.00202116850726,34.0775808383935,33.42272883703981,33.80052947998047,5719877
2013-06-12,33.5738515697812,34.228705930823864,33.5738515697812,33.82571792602539,4574667
2013-06-13,33.47310162246664,33.800529920924426,33.44791659451567,33.72496795654297,4973037
2013-06-14,33.57385281036225,33.85090650052113,33.47310580543995,33.69978713989258,4406514
2013-06-17,33.90128116403966,34.40501389535389,33.7753468344562,34.127960205078125,3947733
2013-06-18,34.07758428226958,34.10277160594691,33.72497092482577,33.82571792602539,4742886
2013-06-19,33.82571792602539,33.926464927225005,33.52347921593625,33.82571792602539,4938227
2013-06-20,33.54866779909659,33.72497449649037,32.793068650341816,32.843441009521484,8064563
2013-06-21,32.74269189064007,33.44792092834321,32.641944885253906,32.641944885253906,15623241
2013-06-24,32.26415025433177,32.490829322822044,31.835974858,31.861162185668945,9473984
2013-06-25,32.13821801703658,32.566391147936734,31.96191129881239,32.4152717590332,6839052
2013-06-26,32.364894237896706,33.2968024052369,32.364894237896706,33.01974868774414,6666454
2013-06-27,32.96937655393873,33.85091007315901,32.96937655393873,33.573856353759766,6158056
2013-06-28,33.649407846698516,34.02720848963917,33.34716916715358,33.80052947998047,5708829
2013-07-01,33.75015780290385,34.102771155692146,33.75015780290385,33.90127944946289,3416758
2013-07-02,33.85090284228241,33.976837158203125,33.548661860178434,33.976837158203125,3966359
2013-07-03,33.7249710478764,33.95165237478005,33.397545012915266,33.674598693847656,3826095
2013-07-04,33.750153800230585,34.35463572775753,33.67459413266707,34.203514099121094,3959707
2013-07-05,34.32945620265484,34.53094793074086,34.05240249633789,34.05240249633789,3990613
2013-07-08,34.30426239465097,34.656875719061226,34.30426239465097,34.50575637817383,3134161
2013-07-09,34.78281514690234,34.95912183503311,34.631693490283226,34.80800247192383,4073388
2013-07-10,34.858376393773675,35.21098978586933,34.83318906762115,35.1858024597168,3819724
2013-07-11,35.261363448933494,35.41248281458921,34.98430745604823,35.00949478149414,3592954
2013-07-12,35.23617612348759,35.261363448933494,34.959122424112195,35.00949478149414,3852997
2013-07-15,35.135423715404876,35.311730379410704,35.03467672261447,35.05986404418945,2667819
2013-07-16,35.23617552974,35.28654788627315,34.757627821880845,34.80800247192383,3221078
2013-07-17,34.93393310864175,34.98430546315422,34.25389370841987,34.65687942504883,5855942
2013-07-18,34.60650534168401,34.78281201393443,34.40501134668078,34.430198669433594,4036507
2013-07-19,34.48057299464485,34.5309453495235,34.127959629965055,34.35464096069336,4031372
2013-07-22,34.43019539532105,34.455380422169284,34.153141751915214,34.203514099121094,2651203
2013-07-23,34.27907686256861,34.40501118222105,34.10277019116096,34.15314483642578,3091609
2013-07-24,34.2538948059082,34.65688053544876,34.0775858256913,34.2538948059082,4523219
2013-07-25,34.37982340551451,34.37982340551451,33.62422208459873,33.75015640258789,4759172
2013-07-26,33.649414335976104,33.69978898795465,33.1456815772502,33.34717559814453,3947867
2013-07-29,33.44792430444832,33.77535038487013,33.39754964991571,33.573856353759766,3818568
2013-07-30,33.47310341251502,33.523478058129896,33.17086471286436,33.37235641479492,3903920
2013-07-31,33.24642916463838,33.724974605679435,33.095307499590184,33.548667907714844,4336760
2013-08-02,34.0272102355957,34.22870422797076,33.87609088806921,34.0272102355957,4849347
2013-08-05,33.97684366826475,34.178335401430914,33.82572200150263,33.951656341552734,2641846
2013-08-06,34.05239476399406,34.581314730448085,34.002020123278776,34.203514099121094,4931750
2013-08-07,34.17833243266876,34.55613312649293,34.127960077130105,34.27907943725586,3847539
2013-08-08,34.32944924607376,34.40500891548321,34.02720827492649,34.10276794433594,2907785
2013-08-09,34.17832986554858,34.27907686256861,33.97683816501813,34.15314483642578,2411223
2013-08-12,34.027207443636414,34.30426108704225,33.97683509643054,34.203514099121094,2206629
2013-08-13,34.22870427915256,34.63168997099565,34.22870427915256,34.45538330078125,3138987
2013-08-14,34.58131622662162,34.93392955284691,34.58131622662162,34.78281021118164,3516995
2013-08-15,34.68205505363205,34.707242369149526,34.17832021082733,34.37981414794922,3978566
2013-08-16,34.32945579847002,34.4050154823014,33.97684241158364,34.07758712768555,4249320
2013-08-19,34.052395595899455,34.25388957666431,33.825714294161635,34.10276794433594,3467417
2013-08-20,34.02721056398712,34.68206489877115,33.926463566827294,34.58131790161133,7647729
2013-08-21,34.58131604861752,34.68206304037896,34.4050093864124,34.50575637817383,4050036
2013-08-22,34.48057861357355,35.05987340338309,34.48057861357355,34.85837936401367,4385569
2013-08-23,34.80799474514367,35.03467373948871,34.63168580264063,34.95911407470703,2671051
2013-08-26,34.959122424112195,35.23617612348759,34.83318809039252,35.00949478149414,2583160
2013-08-27,34.83318238126635,35.009489043471476,34.45538173553837,34.50575637817383,4807042
2013-08-28,34.30426847268959,34.48057516613278,33.90128272775226,34.07758712768555,5176492
2013-08-29,34.10276794433594,34.27907460412781,33.825714294161635,34.10276794433594,4295250
2013-08-30,34.1279609256796,34.329454939863695,33.80053487276283,34.1783332824707,5668432
2013-09-02,34.35464363178273,35.1858024597168,34.35464363178273,35.1858024597168,5108443
2013-09-03,35.236180066180935,35.68954050738596,35.135433046634255,35.28655242919922,5888375
2013-09-04,35.33691871810235,35.48803806488293,35.05986505333157,35.23617172241211,4102100
2013-09-05,35.31173411517368,35.664347480489646,34.933933425618065,35.63916015625,4858514
2013-09-06,35.56360146560436,35.89102751578216,35.31173509673606,35.815467834472656,4571597
2013-09-09,35.9162155626047,35.9162155626047,35.3621081638515,35.43766784667969,3679009
2013-09-10,35.56359990636871,35.91621326602645,35.53841258253323,35.865840911865234,5459855
2013-09-11,35.76509279018947,35.891024818404325,35.68953311455862,35.84065246582031,2667724
2013-09-12,35.916214840721935,36.01696184697122,35.79028280304271,35.815467834472656,4118464
2013-09-13,35.76509363467672,35.81546598845012,35.58878695620523,35.739906311035156,3491905
2013-09-16,35.815470698078435,35.86584535198567,35.11024389145726,35.21099090576172,5028428
2013-09-17,35.135423715404876,35.33691770098569,34.85837005860864,35.05986404418945,4641944
2013-09-18,35.03467968864491,35.236173691284165,35.00949236493757,35.160614013671875,3428554
2013-09-19,35.43766597937478,35.51322795173128,34.80800122448198,34.93393325805664,7338783
2013-09-20,35.13542584645342,35.31173252115268,34.959119171754175,35.26136016845703,7822426
2013-09-23,35.412480822078585,35.51322782468374,35.03468013568667,35.085052490234375,3339414
2013-09-24,35.135428261112935,35.43766698507729,34.98430660562093,35.1102409362793,2800157
2013-09-25,35.13543010092168,35.41248380806968,35.05987041597403,35.1858024597168,3323769
2013-09-26,35.23617823271533,35.41248493437063,34.90874986284835,35.21099090576172,2667992
2013-09-27,35.085052490234375,35.210986816868264,34.93393313308151,35.085052490234375,3284607
2013-09-30,34.88356274128434,35.18580147259576,34.88356274128434,35.00949478149414,4209767
2013-10-01,34.98430745604823,35.05986943238596,34.88356274128434,35.00949478149414,2498776
2013-10-02,34.95912787896467,34.98431291483046,34.379833064377635,34.53095245361328,3774428
2013-10-03,34.65688040478794,34.78281473489385,34.354641682149456,34.40501403808594,3016909
2013-10-04,34.3294497159687,34.58131604861752,34.002021419366685,34.50575637817383,3384583
2013-10-07,34.48057344643006,34.53094580196871,34.127960077130105,34.27907943725586,2425107
2013-10-08,33.95164955055976,34.10276889358506,33.75015556418633,33.85090255737305,5926645
2013-10-09,33.69978957276304,33.7501619321058,33.44792318902933,33.548667907714844,6281611
2013-10-10,33.52347738241891,33.87609072057705,33.39754306442975,33.75015640258789,4957535
2013-10-11,33.876088108509386,34.25388873983638,33.85090078815174,34.203514099121094,4580325
2013-10-14,34.2538948059082,34.30426716203459,34.02721346956492,34.2538948059082,2878726
2013-10-15,34.43020194695575,34.656880992780465,34.1279609256796,34.1783332824707,4687056
2013-10-16,34.00202178955078,34.05239643273468,33.69978310448548,34.00202178955078,5058619
2013-10-17,34.00202784418394,34.228709191856865,33.87609580081892,34.05240249633789,3858499
2013-10-18,34.228709191856865,34.279081550500884,33.75016146394397,34.05240249633789,5657430
2013-10-21,34.22870141947873,34.279073766684604,33.97683509643054,34.203514099121094,3874823
2013-10-22,34.37982517627179,35.28654589066818,34.27907817539333,34.88356018066406,7200362
2013-10-23,34.88356189330602,35.135428261112935,34.75762756264766,35.1102409362793,4031460
2013-10-24,35.16061289052973,35.185797919922855,34.807999543929476,35.13542556762695,3734265
2013-10-25,35.0850544644749,35.71472383956616,35.009494781646715,35.43766784667969,4927962
2013-10-28,35.56360002966047,35.81546638835921,35.513227675324615,35.7147216796875,4291332
2013-10-29,35.81546598845012,36.142894315261245,35.63915930997864,35.739906311035156,4467302
2013-10-30,35.81546598845012,36.042147314204726,35.68953395726175,35.739906311035156,3793562
2013-10-31,35.68953493168666,35.714722256015904,35.437666275413775,35.488040924072266,6065627
2013-11-01,35.538415256966935,35.563602582697875,35.23617652223524,35.41248321533203,4102488
2013-11-04,35.538412277896605,35.68953392610431,35.28654592223004,35.31173324584961,4572145
2013-11-05,35.66434959211174,35.815468959477585,35.362108563870144,35.41248321533203,5334226
2013-11-06,35.513227675324615,35.8658410362048,35.48804035140182,35.7147216796875,4050203
2013-11-07,35.639163252901014,35.840657277306256,35.41248419557759,35.58879089355469,5048569
2013-11-08,35.58878695620523,35.79028095831828,35.311733276677224,35.739906311035156,3967749
2013-11-11,36.01695745352326,36.19326411957568,35.865838109338206,36.042144775390625,4299373
2013-11-12,35.96658314816062,36.19326215211598,35.84064883917914,36.11770248413086,4543125
2013-11-13,35.9665918603949,36.193270919259014,35.941404533795556,36.14289855957031,4149720
2013-11-14,36.26882284114626,36.344382511258544,36.0421438308094,36.294010162353516,3760336
2013-11-15,36.36957662062488,36.41995127244152,36.21845725219481,36.3947639465332,4660915
2013-11-18,36.369571802021554,36.369571802021554,36.042145782633746,36.21845245361328,4633419
2013-11-19,36.09252634709287,36.19327336679317,35.9414069642975,35.99177932739258,3563686
2013-11-20,35.84065667234707,36.34438943134764,35.84065667234707,36.24364471435547,5149503
2013-11-21,36.14289828110226,36.52069900314162,36.09252362829171,36.44513702392578,5103432
2013-11-22,36.79774856019292,37.40223060231578,36.36957550048828,36.36957550048828,12406579
2013-11-25,36.646629333496094,36.77256366612022,36.470322643928235,36.646629333496094,6477133
2013-11-26,36.4955145287424,36.64663391196365,36.26883316040039,36.26883316040039,4653553
2013-11-27,36.243648023398386,36.31920771479607,35.865847272899806,35.99177932739258,6354492
2013-11-28,35.96658791369741,36.01696026785863,35.739906586197584,35.865840911865234,6818109
2013-11-29,35.815471758018724,36.193272499463745,35.815471758018724,36.092525482177734,4380048
2013-12-02,36.06733115201666,36.3695698324658,36.0421438308094,36.294010162353516,4422239
2013-12-03,36.29401281311504,36.39475981179272,35.84065246582031,35.84065246582031,4521647
2013-12-04,35.765097591531784,35.89102963665258,35.513231207780215,35.58879089355469,6302804
2013-12-05,35.53841724317078,35.71472623963118,35.3369255065918,35.3369255065918,5548459
2013-12-06,35.462857555264904,35.462857555264904,35.034684461458276,35.3369255065918,5506625
2013-12-09,35.38729760741701,35.43766996781423,35.085056564503645,35.21099090576172,5560040
2013-12-10,35.08505731234343,35.110244639833915,34.78281855649784,34.83319091796875,5162356
2013-12-11,34.757622889734265,35.13542353740694,34.73243556828688,34.78281021118164,5975222
2013-12-12,34.732437368428805,34.83318436593042,34.430198669433594,34.430198669433594,6222636
2013-12-13,34.43020136280908,34.707255054234224,34.27907970798003,34.40501403808594,4777867
2013-12-16,34.25388903174374,34.55612770457345,33.97683538597689,34.32944869995117,6297295
2013-12-17,34.37982385958864,34.707252173281155,34.15314483642578,34.15314483642578,8210540
2013-12-18,34.32944859617089,34.55612760010791,34.304261275674754,34.480567932128906,7682850
2013-12-19,34.858376517488146,35.46285629272461,34.858376517488146,35.46285629272461,8344813
2013-12-20,35.76509461116461,35.79028193549386,35.387293920265066,35.488040924072266,15908011
2013-12-23,35.488042497571726,35.639161863228104,35.18580147274911,35.43766784667969,2993690
2013-12-27,35.815463465603486,36.042144775390625,35.76509111537832,36.042144775390625,3790981
2013-12-30,36.0421475916941,36.0421475916941,35.71472155587183,35.865840911865234,3825730
2014-01-03,35.639165051145724,36.11771280987676,35.639165051145724,36.092525482177734,4899402
2014-01-06,36.142899276275315,36.26883132474926,36.01696493429135,36.19327163696289,4909097
2014-01-07,36.268831181652374,36.49551253762715,36.14289913367529,36.344390869140625,5626716
2014-01-08,36.4451308022829,36.64662479210765,36.34438380737052,36.59625244140625,6095478
2014-01-09,36.44513630483993,36.82293701942503,36.34438929471657,36.3947639465332,5333768
2014-01-10,36.822933197021484,37.024427196352114,36.6970011675721,36.822933197021484,6038558
2014-01-13,36.873312784432386,36.898497817591114,36.69700608477137,36.84812545776367,4783423
2014-01-14,36.54588232609877,36.72218901566663,36.44513531870144,36.646629333496094,4935127
2014-01-15,36.64662484846675,37.07480015088024,36.54587785339943,37.0244255065918,8244821
2014-01-16,37.15036267488541,37.32666935640637,37.02442834800912,37.27629470825195,5911368
2014-01-17,37.45259941447775,37.47778673722655,37.276292742255414,37.35185241699219,10113727
2014-01-20,37.326670207867544,37.402229888313016,37.15036352232484,37.1755485534668,5149898
2014-01-21,37.12517339278188,37.52816138272415,37.09998607003308,37.35185241699219,7158403
2014-01-22,37.47778997207639,37.528164621922016,36.99924226609209,37.15036392211914,6874392
2014-01-23,37.074803121259585,37.452601516143716,36.999241148773,37.12517547607422,6954861
2014-01-24,36.84812118616883,36.87330850991772,35.99177282029408,36.01696014404297,9657791
2014-01-27,35.89102606661786,36.0169603927221,35.56360002966047,35.7147216796875,8844048
2014-01-28,35.76509842886811,36.19327152062121,35.664351414306786,35.91621780395508,9844433
2014-01-29,36.16808648711339,36.29401853518253,35.588791726763304,35.91621780395508,12839555
2014-01-30,35.68953716917963,36.41995127244152,35.563602833147954,36.3947639465332,9072252
2014-01-31,36.1177123508574,36.24364669424194,35.81547130284054,36.168087005615234,9928760
2014-02-03,36.243648023398386,36.571074117291744,35.96659429260011,35.99177932739258,8814828
2014-02-04,35.56360356712654,35.89102963665258,35.48804388135207,35.58879089355469,8925760
2014-02-05,35.4628510759788,35.86583906252838,35.336919050314265,35.790279388427734,5791516
2014-02-06,35.89102890360651,36.0925229238964,35.639162524999115,35.966590881347656,7557560
2014-02-07,36.042149447804114,36.36957550048828,36.042149447804114,36.36957550048828,8366688
2014-02-10,36.3695801803846,36.545886891979436,36.21846079716335,36.26883316040039,5385764
2014-02-11,36.47032363074824,36.47032363074824,36.14289756797977,36.3947639465332,6088126
2014-02-12,36.67181901696566,36.97406005859375,36.54588467624311,36.97406005859375,8006328
2014-02-13,37.07480284717211,37.2762945584508,36.8229341944317,36.99924087524414,6996803
2014-02-14,37.02443521727189,37.27630162424432,36.97406285328148,37.225929260253906,4859911
2014-02-17,37.22592247921324,37.40222916132909,36.999241148773,37.12517547607422,4560725
2014-02-18,37.200734152154155,37.200734152154155,36.89849315088523,36.94886779785156,3842237
2014-02-19,36.87330784360898,36.898492873393046,36.62144149120053,36.822933197021484,5194355
2014-02-20,36.571061937579934,36.7977409362793,36.47031495143265,36.7977409362793,4563098
2014-02-21,37.074797355908906,37.20072937011719,37.02442271541807,37.20072937011719,12834092
2014-02-24,37.15036099367496,37.50297434075964,37.07480131837248,37.477787017822266,7597269
2014-02-25,37.452597623823166,37.704463958740234,37.351850631154434,37.704463958740234,7693665
2014-02-26,37.72965452637961,37.931148529052734,37.502975493504636,37.931148529052734,9968489
2014-02-27,38.36310091308289,38.494120977093594,38.17967091452838,38.467918395996094,11317739
2014-02-28,38.494117736816406,38.782365194020635,38.44171019285846,38.494117736816406,7339655
2014-03-03,38.20587318542105,38.336895634542344,37.734195709228516,37.734195709228516,7011252
2014-03-04,37.91762104117217,38.520320892333984,37.891418463511194,38.520320892333984,9578641
2014-03-05,38.494118240516976,38.80857066690192,38.36309818582058,38.756160736083984,7646818
2014-03-06,38.96579303155064,39.149223004564504,38.86097556323213,38.93959045410156,5382859
2014-03-07,38.913392260924574,38.965799811115055,38.17967224121094,38.17967224121094,6678941
2014-03-10,38.23207116839089,38.415501131947785,37.99623366646371,38.048641204833984,4980594
2014-03-11,38.205867767333984,38.441707665072286,38.10105268631034,38.205867767333984,3317082
2014-03-12,38.153459699564756,38.25827716531393,37.812802339336436,37.943824768066406,4252006
2014-03-13,37.99623416164037,38.23207166664105,37.68178176879883,37.68178176879883,5125838
2014-03-14,37.44594620331631,37.524561100238635,37.23631363671286,37.31492614746094,7536503
2014-03-17,37.21010935915249,37.707991784662696,37.18390439302714,37.62937927246094,4361251
2014-03-18,37.60317081658041,38.2058682783102,37.60317081658041,37.83900833129883,7309726
2014-03-19,37.83900904656466,37.89141897494217,37.524559020996094,37.524559020996094,6267388
2014-03-20,37.445948230101166,37.734195709228516,37.13149817008906,37.734195709228516,7671118
2014-03-21,37.86521304056058,38.31068548948478,37.78660053618267,38.022438049316406,23291577
2014-03-24,38.07484953747823,38.10105450207,37.47214966891253,37.55076217651367,5366059
2014-03-25,37.52455754017917,38.04864248622777,37.49835257702453,37.76039505004883,5558202
2014-03-26,37.681785123397106,38.12725759661673,37.681785123397106,37.81280517578125,7063231
2014-03-27,37.70799312834376,37.86521815834981,37.57697067922246,37.734195709228516,3598525
2014-03-28,37.86521807115772,38.20587309744453,37.83901310415892,37.970035552978516,3814190
2014-03-31,38.78236631917861,39.463678727443465,38.78236631917861,39.306453704833984,10162727
2014-04-01,39.59469729505015,39.69951476823899,38.913387298583984,38.913387298583984,5663082
2014-04-02,39.01820025823577,39.2802427178083,38.67754291323498,39.22783279418945,5485080
2014-04-03,39.306451182420744,39.306451182420744,38.96579380706219,39.01820373535156,3894231
2014-04-04,39.0182017279332,39.14922176956764,38.677544370100875,38.99199676513672,3864364
2014-04-07,38.54652585616904,38.78236337216231,38.36309588167181,38.520320892333984,4268805
2014-04-08,38.598932365966924,38.782362335561324,38.4679123226418,38.62513732910156,5259465
2014-04-09,38.756158408327245,38.756158408327245,38.36309588167181,38.520320892333984,3906406
2014-04-10,38.625137851997415,38.93959025534792,38.52032038421391,38.88718032836914,4487688
2014-04-11,38.57273009561291,38.62513763612473,37.94382529242679,38.205867767333984,6228849
2014-04-14,38.44170813225973,38.70375061035156,38.23207319531663,38.70375061035156,6002583
2014-04-15,38.913383979635675,39.04440640649028,38.49411412264013,38.54652404785156,5188533
2014-04-16,38.78236363388404,39.14922358535425,38.78236363388404,38.96579360961914,3831681
2014-04-17,38.99199831694852,39.14922332763672,38.651343331732726,39.14922332763672,5818082
2014-04-22,39.96155864200478,40.30221363169375,39.804331243077925,40.04016876220703,8735551
2014-04-23,40.04016177273972,40.40702643492001,39.961551666259766,39.961551666259766,6477407
2014-04-24,39.647105910019036,39.909148391214615,38.75615861054515,39.20163345336914,7605311
2014-04-25,38.93959380404485,39.254043849878194,38.83477632670897,39.070613861083984,5164953
2014-04-28,39.20163021855394,39.56849013919025,39.20163021855394,39.22783279418945,6079756
2014-04-29,39.54228767206862,39.9091476158498,39.48988013131733,39.751922607421875,5450403
2014-04-30,39.987762451171875,40.06637256910353,39.83053505678641,39.987762451171875,5870740
2014-05-02,40.11877979363871,40.642864709824835,40.09257483197723,40.276004791259766,6793098
2014-05-05,40.354619878785186,40.43322999181637,40.01396253399793,40.32841491699219,3487533
2014-05-06,40.43323401387301,40.64286895672242,40.249804035423324,40.380828857421875,4323136
2014-05-07,40.32842008021344,40.72148501273663,40.30221511506544,40.43323516845703,5759620
2014-05-08,40.48564721532311,40.8000972688416,40.45944224880513,40.7476921081543,6321138
2014-05-09,40.590459139198146,41.166954040527344,40.590459139198146,41.166954040527344,5477606
2014-05-12,41.245567321777344,41.402792330112895,41.14075224033635,41.245567321777344,5795813
2014-05-13,41.27177810668945,41.40279817005836,41.1669582381153,41.27177810668945,4924671
2014-05-14,41.35038821169476,41.7696533203125,41.245568355279154,41.7696533203125,4950253
2014-05-15,41.82206279348947,41.92687787641645,41.638632819106135,41.900672912597656,6628486
2014-05-16,41.926876467826496,42.136511398985654,41.69104134607696,42.03169631958008,9272772
2014-05-19,41.848268212624205,41.8744731767281,41.40279336755433,41.7696533203125,5860593
2014-05-20,41.71724278601684,41.953077887850235,41.507607872561245,41.612422943115234,4991426
2014-05-21,41.612430040513054,42.005494973739836,41.48140998688694,41.97929000854492,4376878
2014-05-22,41.97928774600054,42.18892268391275,41.82206273565342,42.136512756347656,4201280
2014-05-23,42.21512824109223,42.45096814610208,42.084108192685974,42.29374313354492,3955881
2014-05-26,42.16271766247212,42.42476252759108,42.11030773497869,42.372352600097656,2096073
2014-05-27,42.372354800721894,42.529579819019546,42.267539712639596,42.45096969604492,4195581
2014-05-28,42.372346775329966,42.55577672399336,42.319936855041135,42.34614181518555,3953150
2014-05-30,42.31993773210756,42.37234765348257,41.95307782717772,42.084102630615234,6133830
2014-06-02,42.162724109074475,42.319949143246006,41.691049006559886,41.79586410522461,5377175
2014-06-03,41.76964834419651,41.900668376759064,41.63862831163395,41.71724319458008,4243300
2014-06-04,41.74345310953265,41.953088073886754,41.45520801626374,41.50761795043945,6479255
2014-06-05,41.455205625489526,41.6910455433303,41.376590728759766,41.376590728759766,5356380
2014-06-06,41.48140331808935,41.74344338321446,41.37658347416118,41.71724319458008,3791527
2014-06-10,41.79586298918706,42.60819787845595,41.79586298918706,42.52958297729492,6087603
2014-06-11,42.42476318195118,42.66060308696103,42.18892327694133,42.29374313354492,5002780
2014-06-12,42.29373754376766,42.45096253554508,42.05789766992773,42.084102630615234,2941933
2014-06-13,42.005496897304155,42.241336822509766,41.8482718712833,42.241336822509766,5190369
2014-06-16,42.11030350565839,42.52957333880038,42.11030350565839,42.50336837768555,5315026
2014-06-17,42.42476252759108,42.634397465216615,42.241332553712255,42.372352600097656,4859674
2014-06-18,42.34614828949849,42.581988194508334,42.21512824109223,42.29374313354492,3633894
2014-06-19,42.372356143593876,42.58199109875067,42.319946211717536,42.5557861328125,5423444
2014-06-20,42.68680276106499,42.79162261639735,42.52957775041464,42.66060256958008,7890367
2014-06-23,42.63439726550462,42.66060222912858,42.26753731946545,42.319942474365234,2912601
2014-06-24,42.424767881428984,42.6606078125633,42.24133788440202,42.52958297729492,4285311
2014-06-25,42.42475757485758,42.52957264525999,41.926872866490214,42.084102630615234,5562590
2014-06-26,42.215125636268645,42.31994071405654,42.00549070834492,42.11030578613281,3608740
2014-06-27,42.11030979650333,42.1627197265625,41.84826969090426,42.1627197265625,3034730
2014-06-30,42.16271274033014,42.45096253554508,41.90066790580271,42.084102630615234,4553120
2014-07-01,42.2675332723474,42.60818822214488,42.241328311232564,42.50336837768555,4487841
2014-07-02,42.63439882435784,42.686803981173725,42.39855891546725,42.477169036865234,2920053
2014-07-03,42.5295789011686,42.73921384515737,42.5295789011686,42.713008880615234,3477018
2014-07-04,42.6868039160731,42.81782873878378,42.66060372387927,42.713008880615234,1770902
2014-07-07,42.66059656457102,42.713001712512344,42.293736667244225,42.34614181518555,2958833
2014-07-08,42.29373754376766,42.50336768457249,42.05789766992773,42.084102630615234,4311667
2014-07-09,41.979289812958136,42.00549477803095,41.74344989965119,41.9268798828125,2919801
2014-07-10,41.95308128050598,42.11030628522523,41.53381141968933,41.743446350097656,4294199
2014-07-11,41.822058266160596,41.92687333774111,41.50760827907139,41.71724319458008,3221251
2014-07-14,41.848267699435965,42.24133261147785,41.79585777187087,42.136512756347656,3434480
2014-07-15,42.057903228535075,42.47716833790474,42.057903228535075,42.29374313354492,4399953
2014-07-16,42.45097284848266,42.60819787845595,42.37235794732163,42.52958297729492,3392443
2014-07-17,42.162724109074475,42.188929076827876,41.48141403688155,41.79586410522461,5728409
2014-07-18,41.71725062954692,41.874475651112604,41.56002083563272,41.66484069824219,4407830
2014-07-21,41.691041196756565,41.769651312942194,41.40279137781462,41.743446350097656,3392340
2014-07-22,41.76964744053852,42.21512222290039,41.76964744053852,42.21512222290039,3796846
2014-07-23,42.136511398985654,42.3723512930832,41.9006715048881,42.03169631958008,4080850
2014-07-24,42.18892268391275,42.2675375752604,42.03169767356563,42.136512756347656,3589927
2014-07-25,42.00549276787281,42.162717778437354,41.82206279348947,41.900672912597656,3878785
2014-07-28,41.87446777802164,41.92687292712483,41.42899299038504,41.612422943115234,2893346
2014-07-29,41.53381495141706,42.0841096732494,41.48140979361983,41.9268798828125,7982227
2014-07-30,41.92687582074304,42.267535561336565,41.92687582074304,42.11030578613281,4250421
2014-07-31,41.9530839542092,42.24133379152154,41.638633924730556,41.691043853759766,4819867
2014-08-04,41.691043853759766,41.691043853759766,41.691043853759766,41.691043853759766,0
2014-08-05,41.08834385580252,41.74344887718312,41.062138891371575,41.402793884277344,4430473
2014-08-06,41.32418226746772,41.402792385566734,40.642867533970325,41.009727478027344,5184534
2014-08-07,40.7476921081543,40.87871216839555,40.5118521818411,40.7476921081543,5289035
2014-08-08,40.45943495360937,40.616659952019546,39.856737535587754,40.32841491699219,5569859
2014-08-11,40.45944404815165,41.088348955506476,40.43323908046826,40.72148895263672,4246419
2014-08-12,40.66907275048542,40.98352276953411,40.45943781367024,40.826297760009766,3561844
2014-08-13,40.93111730510624,41.245567321777344,40.87870737821169,41.245567321777344,2985766
2014-08-14,41.219363905608986,41.402793884277344,41.062138891371575,41.402793884277344,2766484
2014-08-15,41.638636631367156,41.71725153002117,40.87871170043945,40.87871170043945,5060531
2014-08-18,41.297982137015254,41.61243219090706,41.245572203917064,41.533817291259766,3491238
2014-08-19,41.69103776499789,42.11030281895514,41.664832804310386,42.084102630615234,3865103
2014-08-20,42.18892262621883,42.42476252759108,42.11030773497869,42.372352600097656,3947940
2014-08-21,42.42475826668873,42.68679833314171,42.34614338334422,42.50336837768555,4870496
2014-08-22,42.660604379007054,42.739214501492356,42.47716962439515,42.6343994140625,3592938
2014-08-25,42.81782531738281,42.8964354323795,42.608190390145126,42.81782531738281,2746224
2014-08-26,42.76541450380494,43.10606946385678,42.68679961809398,43.079864501953125,4039126
2014-08-27,43.10606585327957,43.420515825089325,42.92263590766597,43.13227081298828,4863919
2014-08-28,42.97505187988281,43.10607192453243,42.81782687183366,42.97505187988281,4848334
2014-08-29,43.10607167140906,43.3157066050263,42.89643673779182,43.15848159790039,4784330
2014-09-01,44.02322101812205,45.25482564244777,44.02322101812205,45.018985748291016,12633279
2014-09-02,45.01898554821562,45.07139547387265,44.67833057614093,44.966575622558594,7413672
2014-09-03,45.281033716148904,45.67409387028227,45.22862378665845,45.333438873291016,8405359
2014-09-04,45.2810396181321,45.72650975981902,45.228629681810474,45.64789962768555,8519492
2014-09-05,45.5954787453007,45.62168370717051,45.176208900079345,45.281028747558594,4630063
2014-09-08,45.35965155249723,45.674101638222794,45.281041417240424,45.62169647216797,3638076
2014-09-09,45.67409367204845,46.17197845535016,45.67409367204845,46.040958404541016,4966610
2014-09-10,45.90992713187807,46.09335708618164,45.72649717757451,46.09335708618164,5559356
2014-09-11,46.119562454102244,46.25058248766162,46.014747381724284,46.198177337646484,6010197
2014-09-12,46.17197604313763,46.19818100640007,45.857526028684525,45.90993118286133,5861745
2014-09-15,45.72650314721136,46.17197799682617,45.62168806207461,46.17197799682617,4850033
2014-09-16,46.11957215462323,46.250592215740596,45.8575320323885,45.98855209350586,4911962
2014-09-17,46.14577271207181,46.59124755859375,46.04095762766278,46.59124755859375,6631116
2014-09-18,46.46022279939208,46.56504265628866,46.198182701847124,46.35540771484375,6333089
2014-09-19,46.74847040777755,46.74847040777755,46.06715568743246,46.276790618896484,14415600
2014-09-22,46.093362451723586,46.53883729503717,46.014752332070024,46.250587463378906,4559942
2014-09-23,46.2767971824338,46.2767971824338,45.80512209900207,45.98855209350586,4806002
2014-09-24,46.09336270950847,46.35540757863168,45.98854762526813,46.06715774536133,5402294
2014-09-25,46.22438566461892,46.643650757006895,46.09336084917139,46.329200744628906,5950804
2014-09-26,46.22438546529149,46.38161047080251,46.040955496803974,46.276790618896484,4321752
2014-09-29,46.43402009728504,46.72226514347156,46.38161017167004,46.69606018066406,4758574
2014-09-30,46.72226817628883,47.37737797195659,46.64365328276331,47.24635314941406,6708119
2014-10-01,47.11532572281364,47.4821856238003,46.85328089110278,47.06291580200195,6227884
2014-10-02,46.87948857856132,47.32496338667947,46.512628656233844,46.53883361816406,7896365
2014-10-03,46.64364824876887,46.77467305717061,46.17197325556596,46.66985321044922,5578271
2014-10-06,46.879490147968575,47.03671515246559,46.64365025504906,46.69606018066406,4207899
2014-10-07,46.460224195113064,46.460224195113064,45.176214315994486,45.20241928100586,7285695
2014-10-08,45.07139612611192,45.12380128017932,44.416286362962815,44.88796615600586,6204162
2014-10-09,45.281040584707675,45.41206065595955,44.756950755002066,44.86177062988281,6502669
2014-10-10,44.547311739245536,44.547311739245536,43.99701704965858,44.2852668762207,6790966
2014-10-13,43.7873846201765,44.285269411188686,43.63015960230101,43.94461441040039,5933004
2014-10-14,43.65636483159906,43.99701983444941,43.263299898356834,43.76118469238281,7400536
2014-10-15,43.63016110218609,43.63016110218609,42.24133608625159,42.5557861328125,10064765
2014-10-16,42.765419675749015,43.053664746853194,41.19315995016725,41.9268798828125,15270620
2014-10-17,42.188919658968054,43.237094273375035,41.979284736086655,43.079864501953125,11202030
2014-10-20,43.00126031828648,43.4729353805508,42.555785449190886,43.394325256347656,6963102
2014-10-21,43.15848021022327,43.78738021850586,42.791620281275776,43.78738021850586,7945679
2014-10-22,43.866000131809386,44.3638801574707,43.55155009163892,44.3638801574707,5354009
2014-10-23,44.41628397563165,44.78314389612542,43.9970141315394,44.75693893432617,5740014
2014-10-24,44.70454113147484,44.99278621395175,44.49490617496955,44.94037628173828,4953631
2014-10-27,45.22862315406868,45.38584816799267,44.70453818353929,44.9141731262207,4323487
2014-10-28,45.46446516830548,46.11957021874281,45.41205523711898,45.726505279541016,7057663
2014-10-29,45.88372288508801,45.88372288508801,45.35963797497033,45.543067932128906,5655915
2014-10-30,45.64789886997602,46.040963841165784,45.12380906015707,45.96234893798828,6052736
2014-10-31,46.64364685205769,46.827076805979665,46.32919686600507,46.80087661743164,11229305
2014-11-03,46.59124540226654,46.77467537075405,46.11956561338547,46.276790618896484,5472443
2014-11-04,46.381613400053766,46.696063430935034,45.883728616752066,46.040958404541016,4947768
2014-11-05,46.302993053058046,46.98430773619347,46.250583129967374,46.8532829284668,5076033
2014-11-06,46.87949905620261,47.03672409057617,46.460229116307204,47.03672409057617,4882805
2014-11-07,46.95810123051054,47.03671134021383,46.30299153046262,46.4602165222168,4517496
2014-11-10,46.46021984186098,46.82707977294922,46.434019651652925,46.82707977294922,3689103
2014-11-11,46.93189781310281,47.11532777157239,46.64364800845188,46.8532829284668,4213985
2014-11-12,46.774684430379686,47.08913450230646,46.61745462206736,46.905704498291016,4079506
2014-11-13,47.0891329057881,47.770442962646484,47.036722971460904,47.770442962646484,5923440
2014-11-14,47.901464509135764,48.00627959824386,47.16774456833373,47.40357971191406,6362514
2014-11-17,47.19393912099928,47.875253821994654,47.06291908218582,47.665618896484375,5495673
2014-11-18,47.8490485719281,48.21590849627727,47.79663864777883,48.08488845825195,6340167
2014-11-19,48.006278795819036,48.24211870780576,47.84905377861068,47.9538688659668,6594135
2014-11-20,47.9538688659668,48.084893690597404,47.665623796476204,47.9538688659668,4302925
2014-11-21,47.90146364063436,48.21591367460581,47.7966437810783,48.1897087097168,6481914
2014-11-24,48.21590809112926,48.32072793854702,47.901458093571605,47.98006820678711,5462870
2014-11-25,47.822847267545704,48.16350225587497,47.796642303466804,47.7966423034668,8193605
2014-11-26,47.98006820678712,48.18970312927482,47.849048169862726,47.98006820678711,5684492
2014-11-27,47.953875525599486,48.74000549316406,47.953875525599486,48.74000549316406,4651738
2014-11-28,48.739996000767334,49.00204086303711,48.53036106542113,49.00204086303711,4968260
2014-12-01,48.66138233336764,49.23787717043312,48.63517737181724,48.818607330322266,4524090
2014-12-02,48.792410144873884,48.923430201158936,48.242120181658464,48.3469352722168,5248356
2014-12-03,48.68759690195338,49.39511191402993,48.68759690195338,48.84482192993164,6830174
2014-12-04,49.05445359123522,49.23788357359448,48.294528696839954,48.47795867919922,5639179
2014-12-05,48.92343131566987,49.159271240234375,48.74000132375273,49.159271240234375,4059287
2014-12-08,49.211679824753155,49.3164949148279,49.002044872255176,49.0544548034668,4007135
2014-12-09,48.79240701515309,48.92342706303403,47.901462099335845,48.0324821472168,6219113
2014-12-10,48.05868349617732,48.37313349637723,47.927663458152004,48.08488845825195,5116828
2014-12-11,48.084888215022794,48.399338213632106,47.56079852087682,48.26831817626953,5306578
2014-12-12,47.87524776155794,48.00626778378583,47.560793026924806,47.586997985839844,6994338
2014-12-15,47.587001197527236,47.84904603201593,46.4602165222168,46.4602165222168,7292069
2014-12-16,46.51263021335955,46.69606018066406,45.543070451221986,46.69606018066406,9725203
2014-12-17,46.48642304923162,46.66985300784998,46.19817801669466,46.6174430847168,9658034
2014-12-18,47.66561836864515,48.37313325169003,47.32496340809375,48.26831817626953,9435068
2014-12-19,49.42131465546985,49.49992477974507,48.26832480574633,48.766204833984375,20499593
2014-12-22,48.76619916594796,49.21167398367502,48.76619916594796,49.02824401855469,4626437
2014-12-23,49.05445909303231,49.4999292302397,48.16350927391968,48.399349212646484,4896067
2014-12-29,48.58277465341778,48.81861456999806,48.39934466771055,48.71379470825195,3861362
2014-12-30,48.687599087167904,48.818619154305495,48.26832914550889,48.399349212646484,3262617
2015-01-05,48.45174741331221,49.68334719974661,48.45174741331221,48.818607330322266,8993542
2015-01-06,48.871017738560006,49.290282810485095,48.34692804704498,48.45174789428711,6891439
2015-01-07,48.373140549037295,48.89722554989646,48.346935583142056,48.68759536743164,6231171
2015-01-08,49.264080876011214,50.78393057563619,49.18547075809674,50.73152542114258,9069479
2015-01-09,50.99355358391852,51.64866319917396,50.78391869793066,51.09837341308594,9344426
2015-01-12,51.09839210261331,51.334227259804095,50.7053271441637,50.99357223510742,10129767
2015-01-13,50.679114006663795,51.910713844854996,50.62670408136052,51.83210372924805,8842513
2015-01-14,51.22940415148542,51.98932898264283,51.150789263152724,51.64867401123047,9575027
2015-01-15,51.88452224731446,52.277582435141085,44.04943278314705,47.167747497558594,51518508
2015-01-16,46.11956773909518,46.11956773909518,44.128042956917035,44.57351303100586,25862669
2015-01-19,45.490666035198835,47.08912584122986,45.12380132229623,46.14577102661133,15251497
2015-01-20,46.64365452634925,47.03671945975992,46.25058959293859,46.56504440307617,11874524
2015-01-21,46.38161497376454,46.434024904805774,44.049430310611456,44.416290283203125,16401456
2015-01-22,44.78314162619833,44.78314162619833,43.10606710718317,44.18044662475586,12420105
2015-01-23,44.20665301638909,45.097602708039204,43.89220299130566,44.80935287475586,11423045
2015-01-26,44.86176573258285,46.040960562170994,44.70454070977414,45.59548568725586,9848661
2015-01-27,45.59548455215309,46.69606445676359,45.33343967242984,46.56504440307617,12662168
2015-01-28,47.115335991593405,47.115335991593405,46.224391005351265,46.48643112182617,10824982
2015-01-29,46.381611106356566,47.69182586669922,46.35540614302098,47.69182586669922,10630659
2015-01-30,47.901462945081825,48.006278030767554,47.193943220397045,47.24635314941406,9732077
2015-02-02,47.4821975567594,47.74424245432591,46.90570259999209,47.167747497558594,7990574
2015-02-03,47.19394960216573,47.61321954630072,46.66986455817147,46.905704498291016,8093514
2015-02-04,46.931898366696394,48.084888054204875,46.905693404841955,47.98006820678711,11654506
2015-02-05,47.718030939016266,47.87525594704077,46.984311053336505,47.22014617919922,8274118
2015-02-06,47.11534105898402,48.42555609932172,47.01052118324151,48.137306213378906,10660343
2015-02-09,48.29452514680249,50.128824835559236,48.00627532579899,49.788169860839844,14500400
2015-02-10,49.57853116343426,49.60473612447595,49.159261331462616,49.55232620239258,11023760
2015-02-11,49.55233182558769,49.814376693393726,48.84481688656408,49.526126861572266,7306874
2015-02-12,49.68336353972214,49.97161343922903,48.818623385900125,49.578548431396484,7664243
2015-02-13,49.70955723336145,49.91919217480677,49.473717327691936,49.63094711303711,7729613
2015-02-16,49.73576501512108,50.41707503415345,49.49992509609122,50.12882995605469,5082491
2015-02-17,50.07641400797035,50.286048936103924,49.55232907381038,50.050209045410156,8247594
2015-02-18,50.12883510626457,50.49569511918046,49.97161006820761,50.23365020751953,5571441
2015-02-19,50.12882271567611,50.96735763549805,49.997802678405016,50.96735763549805,7759954
2015-02-20,50.91495727177379,51.15079240656888,50.1026224651401,50.469482421875,10649164
2015-02-23,50.54808938890434,51.33421433553438,50.46947450806757,51.12458419799805,7140461
2015-02-24,51.176994523602914,51.25560941239287,50.836339550209125,51.22940444946289,10170577
2015-02-25,51.07217969450371,51.09838465756211,50.495684824263016,51.04597473144531,12212793
2015-02-26,51.01977504479384,51.43904495239258,50.60050513719509,51.43904495239258,12758469
2015-02-27,51.360426761934626,51.51765654646422,50.75773167729742,51.072181701660156,9504611
2015-03-02,51.019772860734825,51.36042785644531,50.757732758964444,51.36042785644531,12108172
2015-03-03,51.93045526465226,52.09282168949976,51.33510842127228,51.41629409790039,12233155
2015-03-04,51.524532318115234,51.795146288584625,50.87506174603365,51.524532318115234,7097825
2015-03-05,51.84927428745163,52.146950200326216,51.68690784788783,52.11988830566406,5945749
2015-03-06,52.20106338258398,52.33636789999224,51.95751130852261,52.06575393676758,6387347
2015-03-09,51.95750580969344,52.17399597167969,51.47040171312247,52.17399597167969,4424983
2015-03-10,52.03869409738511,52.39049374195684,51.6327805291716,51.79514694213867,7654724
2015-03-11,52.06575332144121,52.444609908433414,52.06575332144121,52.41755294799805,14344858
2015-03-12,52.52580111827279,52.606986793371085,52.14694449129796,52.30931091308594,6870372
2015-03-13,52.579925537109375,52.68816817680663,52.363435329306206,52.579925537109375,5108509
2015-03-16,52.688165308531865,53.47294042094297,52.60698456528047,53.283512115478516,6783769
2015-03-17,53.391763479062924,53.4729442280942,52.661107167328886,52.904659271240234,6720611
2015-03-18,53.06702251713419,53.39176027902238,52.87759420953628,53.175270080566406,5733073
2015-03-19,53.20233855570829,53.689437866210945,53.17527666150107,53.68943786621094,8260345
2015-03-20,53.851804912181095,54.04123324536521,53.58119582386613,53.960052490234375,13300097
2015-03-23,53.987108230004246,54.014170123902844,53.39176627787106,53.79767990112305,5415119
2015-03-24,53.60825280494914,53.87886682174884,53.06702969975887,53.20233917236328,5898113
2015-03-25,53.03996140564907,53.44587991766756,52.309310055379214,52.363433837890625,6507174
2015-03-26,52.22813527407504,52.22813527407504,51.172746036627885,51.849273681640625,6816256
2015-03-27,52.06575393676758,52.52579619572705,51.713959234461235,52.06575393676758,5289753
2015-03-30,52.47167799613377,53.094086727838615,52.30931157229961,52.95878219604492,5099976
2015-03-31,53.01290750852566,53.310583428818184,51.957523160856724,52.03870391845703,7462262
2015-04-01,51.76809602890732,52.71523774572246,51.60572958151179,52.20107650756836,5383278
2015-04-02,52.309321095268395,52.336382992235514,51.82222173508895,52.01165008544922,4009207
2015-04-07,52.49873801756042,53.310575036212846,52.282247817359206,53.14820861816406,4933982
2015-04-08,52.93172817576131,53.229399175657385,52.87760438363133,53.012908935546875,4053695
2015-04-09,53.22939007338447,54.1765365600586,53.20233311035565,54.176536560058594,6046136
2015-04-10,54.33890390043809,54.98836959229892,54.2847801166468,54.880126953125,4998647
2015-04-13,54.826000163639364,54.880123944463456,54.3389009214477,54.4471435546875,3051192
2015-04-14,54.23066157113144,54.50127558781851,54.12241892150209,54.33890914916992,3440496
2015-04-15,54.28478005804383,54.555394048299476,54.04122795965462,54.122413635253906,3509266
2015-04-16,54.06829198739179,54.06829198739179,53.581192699780026,53.60824966430664,4780157
2015-04-17,53.87885360165887,54.014158112654904,52.60697937011719,52.60697937011719,8518889
2015-04-20,53.03995658380838,53.14820413899045,52.82346640185232,52.87759017944336,4171687
2015-04-21,53.283519309920855,54.33890854195689,53.283519309920855,53.68943786621094,6939807
2015-04-22,53.87886851654141,54.23066329956055,53.337645394326636,54.23066329956055,5646079
2015-04-23,55.31310433423941,55.5837133815431,54.28477714062361,54.4471435546875,6269361
2015-04-24,54.44715205773661,54.77188493657814,53.743562510776904,54.0141716003418,3971702
2015-04-27,54.17654271052133,54.39302800978003,53.44588634398898,54.33890914916992,3668267
2015-04-28,53.960053788520646,53.960053788520646,53.12115475206017,53.878868103027344,7429970
2015-04-29,53.90592265391198,54.12241285732303,52.336372375488274,52.33637237548828,7137674
2015-04-30,52.33637280478537,52.55286300997222,51.84926861101281,52.30931091308594,7879054
2015-05-04,52.742291499354266,52.82347224631468,52.11988277341744,52.22813034057617,4067462
2015-05-05,52.09281224729163,52.95877292739479,51.280975341796875,51.280975341796875,5738803
2015-05-06,51.14567836777837,51.14567836777837,50.036170395315224,50.52326965332031,7747810
2015-05-07,50.036168699934414,50.79388191676323,49.19726981198463,50.63151550292969,7360327
2015-05-08,50.98332164084202,51.822220716698745,50.550341154696014,51.768096923828125,5674975
2015-05-11,52.011637135564214,52.065755987614345,51.09155258140356,51.79514694213867,4463947
2015-05-12,51.686900620594976,51.686900620594976,50.793882863658695,51.335105895996094,4862292
2015-05-13,51.713960128985015,51.8492646487337,51.091551452687874,51.17273712158203,4316559
2015-05-15,51.30804357709367,51.79514775201971,51.22686283354495,51.36216735839844,6329246
2015-05-18,51.74102304560697,52.255184173583984,51.52453285266709,52.255184173583984,5135338
2015-05-19,52.255181686143146,52.90465223404682,52.20106283679058,52.796409606933594,4109136
2015-05-20,52.5528678894043,52.76935811469184,52.33637766411675,52.5528678894043,4405894
2015-05-21,52.66110192627581,53.17526797540656,52.174002695340036,53.067020416259766,4916380
2015-05-22,52.904661182262785,53.31057972730804,52.769356643384015,53.09408950805664,3834046
2015-05-26,53.28350858086003,53.31057046961811,52.33636711636737,52.49873352050781,4264251
2015-05-27,52.44461280076471,53.36469735855271,52.44461280076471,53.31057357788086,6597064
2015-05-28,53.256450224925246,53.66236872640743,53.094083810014055,53.283512115478516,3865610
2015-05-29,53.03996245222352,53.472942864041194,52.228130340576165,52.22813034057617,8267596
2015-06-01,52.9317192379789,53.012899984056695,52.60698639685058,52.71522903442383,5178902
2015-06-02,52.82347785324357,52.931725431892204,51.98458376076242,52.11988830566406,4800976
2015-06-03,52.25518145009311,52.85052821754679,52.06575315719458,52.49873352050781,4049771
2015-06-04,52.44462352689297,52.52580921450508,51.57866750107732,52.282257080078125,4873803
2015-06-05,51.98457286779851,52.01163475679006,51.11861213370141,51.63277816772461,5309385
2015-06-08,51.49747631821246,51.686904640684276,51.19980535221769,51.253929138183594,4129384
2015-06-09,51.091560117029985,51.091560117029985,50.415032475149644,50.65858459472656,4649645
2015-06-10,50.523267200036415,51.6868988985777,50.46914834849164,51.44335174560547,3951436
2015-06-11,51.524532968254654,52.228127328989764,51.524532968254654,51.79514694213867,4512541
2015-06-12,51.79514753124736,51.849266383913026,50.929186747695894,51.064491271972656,4248882
2015-06-15,50.793893242710645,50.902135899932674,50.22560820337367,50.3338508605957,5768375
2015-06-16,50.22560293255643,51.3621728919555,50.22560293255643,50.87506866455078,6535141
2015-06-17,50.84801292586214,50.956255574335735,50.33384679248765,50.65858459472656,10050946
2015-06-18,50.57739403968152,50.658579714522475,49.57612869201936,50.4150276184082,7719117
2015-06-19,50.820945014437456,51.145677849818895,49.79261779785156,49.79261779785156,18748297
2015-06-22,50.60445915704529,51.064496558576394,50.36090704540594,50.902130126953125,6118965
2015-06-23,51.17275099310678,52.201078435809485,51.03744643668075,52.01165008544922,5652988
2015-06-24,51.957510978806965,52.20106305132279,51.19979780067606,51.63277816772461,4834116
2015-06-25,51.308037229101075,51.686893794544254,51.0374282128747,51.280975341796875,5035807
2015-06-26,50.87507250202242,51.037443875677525,50.30678747945753,50.4962158203125,5853767
2015-06-29,48.76429660558841,50.44209462862022,48.76429660558841,49.95499038696289,7274824
2015-06-30,49.65731958719349,50.19854269113801,49.27846292159143,49.873809814453125,8293268
2015-07-01,49.71143322167902,50.658579714522475,49.41376227074604,50.4150276184082,8306155
2015-07-02,50.84800763114885,51.11861668835932,50.63151742833535,50.820945739746094,4716701
2015-07-03,50.739761325835225,50.84800889413496,50.03617184552167,50.360904693603516,3588537
2015-07-06,49.57613414322221,50.52327581180116,49.57613414322221,50.306785583496094,4331984
2015-07-07,50.4420937572256,50.79388852100686,50.00911331176758,50.00911331176758,5404229
2015-07-08,50.98331746522432,51.25393147900421,50.4420943660736,51.03744125366211,6809862
2015-07-09,51.11862285461186,52.01164566499072,50.87507073101679,51.741031646728516,5488819
2015-07-10,52.44461841437376,52.769356204756036,51.98458101464627,52.74229431152344,5095863
2015-07-13,53.03996066959591,53.74355504725458,52.931718034483744,53.55412673950195,5614744
2015-07-14,53.55413332046655,54.122418313557766,53.445885743643984,54.068294525146484,4383071
2015-07-15,53.96004953679666,54.23065861030016,53.79767817860393,53.90592575073242,6272236
2015-07-16,53.71649060198431,54.934246063232415,53.66236682279776,54.93424606323242,5254746
2015-07-17,54.39302275582072,54.880126953125,54.39302275582072,54.880126953125,4829161
2015-07-20,54.934250166365224,55.85432983921783,54.934250166365224,55.367225646972656,4979595
2015-07-21,54.33891088104907,54.663643768696076,53.851806621169274,54.23066329956055,6973788
2015-07-22,53.797685243660716,53.987113591353655,53.175281335819285,53.25646209716797,6091687
2015-07-23,53.067022985271294,53.82473622234722,52.93171845819588,53.52706527709961,5811644
2015-07-24,53.527062485105766,54.176533052326405,53.33763418571744,53.39175796508789,3595753
2015-07-27,53.33763882779419,53.500005251628345,52.76935388017029,52.95878219604492,5794708
2015-07-28,53.14821287405049,53.500007629394524,52.90466076327043,53.50000762939453,4961686
2015-07-29,53.662378281973645,54.23066329956055,53.60825449122938,54.23066329956055,6739799
2015-07-30,54.33890384177669,54.501270264566614,53.77061889780762,54.122413635253906,3490710
2015-07-31,54.284785360150686,54.447151798799275,53.85180490481502,54.33890914916992,4910749
2015-08-03,54.338905353555205,54.93425220595402,54.28478156831655,54.7177619934082,3530051
2015-08-04,54.60951147159269,54.88012545475199,54.50126883537408,54.66363525390625,3827057
2015-08-05,54.82599850485931,55.09661247238385,54.44714190736988,54.93424606323242,3902753
2015-08-06,54.88014228856611,55.04250875690222,54.501285552978516,54.501285552978516,3183628
2015-08-07,54.39302183474052,54.663635820705785,54.12241277718383,54.176536560058594,2747620
2015-08-10,54.23065949905271,54.988372802734375,53.93298852763875,54.988372802734375,3567159
2015-08-11,54.82600167243842,55.09661565559773,54.60951147159269,54.66363525390625,3052775
2015-08-12,54.23065840166322,54.393024830822434,52.87759825412466,53.229393005371094,5786848
2015-08-13,53.71650036802362,54.09535703439186,53.66237657899697,53.960052490234375,6603073
2015-08-14,53.878860682655954,54.28477919739956,53.824736899781186,54.176536560058594,3847567
2015-08-17,54.230651657951526,54.717755813265434,53.9329807295772,54.555389404296875,4216361
2015-08-18,54.50126883537408,54.82600167243842,54.39302127074695,54.66363525390625,3520575
2015-08-19,54.284783699295566,54.501273920339834,53.79767946984373,53.82474136352539,3883306
2015-08-20,53.58118467083084,53.851793702817965,52.74228582917293,52.796409606933594,6434924
2015-08-21,51.876332310561466,52.25518895073915,50.60445785522462,50.60445785522461,8549526
2015-08-24,49.03490591131515,49.765557275218065,46.68058046904254,48.493682861328125,16357225
2015-08-25,48.7101721843294,50.36090319613829,48.41249630876511,50.144412994384766,11634066
2015-08-26,49.38670645426989,50.14441979902531,48.49368856321079,49.061973571777344,9766920
2015-08-27,50.604453918068295,51.14567694358376,50.19853541682959,51.064491271972656,7223120
2015-08-28,51.41629109268825,51.57865750804565,50.144411803639805,50.98331069946289,6518234
2015-08-31,50.76682492130816,51.49747631821246,50.604458491819294,51.253929138183594,5488290
2015-09-01,50.44208600174902,50.712695042247354,49.3055162034762,49.6302490234375,8375640
2015-09-02,50.00910989960202,50.38796653142582,49.305520420046015,49.60319137573242,6357071
2015-09-03,50.55033493041992,51.11861990035993,50.22560206999959,50.55033493041992,7230052
2015-09-04,49.84674264671123,50.41502758499551,49.76555697192408,50.036170959472656,6479940
2015-09-07,50.17148164063077,50.57740020751953,50.14441974571697,50.57740020751953,3388887
2015-09-08,50.875066924832225,51.33510924293746,50.60445785522462,50.60445785522461,4838024
2015-09-09,51.49748040047629,52.03870351781216,51.172747515756626,51.30805206298828,5374602
2015-09-10,50.84800424184434,51.84926458655543,50.57739027426326,50.793880462646484,6018500
2015-09-11,50.65858459472656,50.79388913742081,49.846747481742895,50.65858459472656,5183667
2015-09-14,50.820951292838544,51.172746062697115,49.92792849260314,49.95499038696289,4492195
2015-09-15,50.063235639789426,50.712701360630085,50.00911185358308,50.55033493041992,5403147
2015-09-16,50.82094870727406,51.253929138183594,50.6856392423593,51.253929138183594,5796418
2015-09-17,51.52454056437503,51.60572624703172,50.76682723988221,51.03744125366211,5530525
2015-09-18,50.92918816586216,51.03743573102454,50.14441303206906,50.52326965332031,13483821
2015-09-21,50.38796346787987,51.52453329424877,50.09028760188323,51.010372161865234,4769817
2015-09-22,50.33384420506734,50.33384420506734,48.68311309814453,48.68311309814453,9527868
2015-09-23,48.845484820535574,49.33258415903222,48.73723723748564,48.89960861206055,6228936
2015-09-24,48.84547691753356,48.9807814460449,47.81714968698516,47.84421157836914,7013064
2015-09-25,48.68311688616349,49.9549914492545,48.65605499122827,49.44083023071289,6453367
2015-09-28,48.764288891303174,49.197269275745505,48.006575682733256,48.060699462890625,7235430
2015-09-29,47.57360329610343,47.70891276924434,46.73470920467551,47.27593231201172,8090658
2015-09-30,47.70890188460393,48.764285963865504,47.68183999614984,48.38542938232422,8122040
2015-10-01,49.14314358076915,49.54906205931654,48.168940217937035,48.250125885009766,8530488
2015-10-02,48.68311351591552,48.89960373200085,47.57360054242711,48.27719497680664,5828544
2015-10-05,49.52200146451157,49.92791995366732,49.143144865087294,49.6302490234375,5472141
2015-10-06,49.711430135681304,49.846739585349795,49.19726901216591,49.22433090209961,5081227
2015-10-07,49.197269713782454,49.22433160410209,47.790085916019926,48.03363800048828,9042360
2015-10-08,48.033644766424445,48.8996056649971,47.89834022417586,48.0877685546875,5732168
2015-10-09,48.43955840359099,48.52074407774293,47.65478326708985,47.84421157836914,5777086
2015-10-12,48.11483044881903,48.11483044881903,47.35711712677248,48.0877685546875,5032449
2015-10-13,48.11482686022429,48.196007608155035,47.4653562347349,47.76302719116211,5060197
2015-10-14,47.35711331407193,47.763026908137746,47.22180385430799,47.33005142211914,5598341
2015-10-15,47.68185189929967,48.087770470627305,47.46536166603099,47.89834213256836,4789001
2015-10-16,48.46662100041291,49.00784405074438,48.25013079459859,48.87253952026367,6390012
2015-10-19,48.71017224305384,49.25139528388587,48.71017224305384,48.92666244506836,4097458
2015-10-20,48.953720204387146,49.06196777135975,47.952459780342295,48.11482620239258,5749258
2015-10-21,48.087771365000485,48.14189022801726,47.38417686168895,47.465362548828125,6467979
2015-10-22,47.62771580009627,48.466614621158435,47.43828751099268,48.41249084472656,7482485
2015-10-23,48.71017224305384,49.25139528388587,48.22306805641903,48.92666244506836,7886308
2015-10-26,49.17020943641375,49.332575855249374,48.84547659874249,49.007843017578125,7167085
2015-10-27,48.114821368296674,48.49367795781983,47.62771722267656,48.250125885009766,7853210
2015-10-28,48.16894466236378,48.95371980284353,48.1418827708426,48.52074432373047,7106874
2015-10-29,48.656049314449355,48.9266633038194,48.27719268637646,48.87253952026367,5294454
2015-10-30,48.9807887718277,49.06197445812212,48.493689439289035,48.62899398803711,4620087
2015-11-02,48.223062555622974,48.520738397590314,48.196000667407034,48.41249084472656,4125506
2015-11-03,48.49368050116702,48.49368050116702,48.16894274425272,48.33131408691406,4917813
2015-11-04,48.38543040172285,48.98077717503182,48.141878328912796,48.250125885009766,5806507
2015-11-05,48.49367845274939,49.06196334283406,48.331312045354935,48.60192108154297,5929273
2015-11-06,48.79134469676208,49.06195863539318,48.277183634611475,48.65604019165039,5418044
2015-11-09,48.493688418171615,48.60193106920899,48.00658416748046,48.00658416748047,5025718
2015-11-10,48.19601058684543,48.27719626820244,47.51948295583969,47.81715393066406,5139433
2015-11-11,47.79008736734706,48.574862496815726,47.79008736734706,47.871273040771484,4765017
2015-11-12,47.79008905688217,48.11482683365187,47.059437683865546,47.38417053222656,6179978
2015-11-13,47.14062924777301,47.27593379675413,46.355853992545754,47.11356735229492,7334159
2015-11-16,47.086505271727134,47.51948574085591,46.95120072327787,47.19474792480469,5655769
2015-11-17,47.5194789794899,48.52074432373047,47.357112558771426,48.52074432373047,7861377
2015-11-18,48.223072914600436,48.68311525627883,48.08776837286345,48.54780578613281,5116297
2015-11-19,48.899610539335356,49.25140534129419,48.54781080896698,48.710182189941406,5979439
2015-11-20,49.089036953988575,49.089036953988575,48.601932687082574,48.89960861206055,5451851
2015-11-23,48.574863576800276,48.683111143772884,47.979516743676825,48.11482620239258,6230944
2015-11-24,48.006584179887426,48.006584179887426,47.16768515259652,47.62772750854492,7404380
2015-11-25,47.519479591683606,48.11482642759357,47.33005127700355,47.79008865356445,7483876
2015-11-26,47.57359716662379,47.97951567692886,47.46535453046641,47.871273040771484,4654248
2015-11-27,47.84420969665919,48.46661838878573,47.3300485658112,48.03363800048828,5903078
2015-11-30,47.87126855972587,48.1418775889929,47.60065460205078,47.60065460205078,6939078
2015-12-01,47.79008586459696,47.979514168222224,47.51947681850851,47.654781341552734,6201095
2015-12-02,47.654784092896655,48.08776450572629,47.411231994628906,47.411231994628906,6353085
2015-12-03,47.16768562939598,47.60066609485258,46.35585341717641,46.46409606933594,9091350
2015-12-04,46.004061593904375,46.301732602781826,45.868752109496846,46.139366149902344,9037001
2015-12-07,46.30172668455296,47.16768263202795,46.30172668455296,46.409969329833984,4812986
2015-12-08,46.19348145671347,46.32879093069735,45.5981394848211,45.81462478637695,6643068
2015-12-09,45.81461514717044,45.949924592685775,45.192211411432474,45.24633026123047,8303605
2015-12-10,45.02984397346132,45.949923539843255,44.75923001703932,45.62519073486328,8410150
2015-12-11,45.40870202433714,45.89580124756431,45.165149948519456,45.219268798828125,8806247
2015-12-14,45.30045778463439,45.54400987828942,44.48862075805664,44.48862075805664,9100983
2015-12-15,44.89454228642308,45.78756504699663,44.75923774904271,45.679317474365234,10569553
2015-12-16,45.814621148705335,46.32878725220105,45.67931661387378,45.73344039916992,8988911
2015-12-17,46.599400195734816,46.978261795894255,45.94993443182537,46.112300872802734,9110972
2015-12-18,45.679319379584776,46.2205424800888,45.652257485298215,45.86874771118164,14784206
2015-12-21,45.92286423371349,46.355844616973,45.46282196044922,45.46282196044922,5099732
2015-12-22,45.54400757420972,45.86874039704911,45.08396530151367,45.08396530151367,4811611
2015-12-23,45.46282769434974,46.22054099641468,45.46282769434974,46.03111267089844,4102545
2015-12-28,46.43702697753906,46.76176474050936,46.11229414297724,46.43702697753906,3797530
2015-12-29,46.491155808464235,47.38417366469694,46.491155808464235,47.35711669921875,5131889
2015-12-30,47.546545026671346,47.62772577992165,46.9782600402832,46.9782600402832,4251473
2016-01-04,46.464093729188264,46.59939826967542,46.00405632016833,46.301727294921875,7832631
2016-01-05,46.35585047916396,46.92413545590464,45.94993193457649,46.78882598876953,8408873
2016-01-06,46.897068402266925,47.03237292610518,46.05816951197125,46.49114990234375,7327358
2016-01-07,45.57107500859165,45.92286976420352,45.13809457318831,45.59813690185547,7640787
2016-01-08,45.67931022201629,45.73343399973895,44.43449783325195,44.43449783325195,8789452
2016-01-11,43.920339329454045,44.6239337752172,43.62266835777616,43.67679214477539,8554982
2016-01-12,43.94740294600649,44.81336385831027,43.839160296173084,44.32625961303711,11125100
2016-01-13,44.786293289662034,45.327516290824725,44.623926882154045,44.84041213989258,6955239
2016-01-14,44.65098979111174,44.867475053793875,43.73090524687535,44.705108642578125,8545802
2016-01-15,44.1638867590836,44.48861958982408,43.135559557194206,43.48735427856445,12905224
2016-01-18,43.433242613445884,44.32626050997122,43.379118823229426,43.51442337036133,6933819
2016-01-19,44.05563999620762,44.59686297285605,43.94739244383315,44.272125244140625,6467498
2016-01-20,43.40617689556866,43.51441953805944,42.75670625539759,43.135562896728516,8431057
2016-01-21,43.40618176881003,44.19095703230402,43.243815322640465,43.379119873046875,10559577
2016-01-22,44.488624577217735,45.08397145258886,44.00152527650079,44.86748123168945,9056405
2016-01-25,44.81336237277133,44.948666912680096,44.40744382463606,44.86748123168945,7995502
2016-01-26,44.27212647829696,45.46282001716078,44.21800762900904,45.27339172363281,8718590
2016-01-27,43.56853823860734,44.299189543269684,43.27086238178416,43.59560012817383,18804061
2016-01-28,43.00025963163969,43.43324007120964,41.48483302155385,41.917808532714844,15836810
2016-01-29,42.32372787894877,42.56727999686267,41.97193311330039,42.48609924316406,13257072
2016-02-01,43.027322338654585,43.13556498638908,42.29666598491289,42.48609924316406,9255538
2016-02-02,42.161361876358924,42.621404222877864,41.75544331846788,42.08018112182617,7477146
2016-02-03,41.91780658939931,42.13429679914777,40.94360557393999,41.34952163696289,7891804
2016-02-04,41.67425756427274,41.7283813464074,40.13176673649855,40.321197509765625,11042940
2016-02-05,40.37532425942562,40.67299770859981,39.96940569562403,39.99646759033203,8814349
2016-02-08,40.26707962467021,40.29414151970071,38.67046724514468,38.83283615112305,9466493
2016-02-09,38.94107947465253,39.18462912610302,37.885692723291434,38.10218048095703,13190561
2016-02-10,38.21042475015663,39.29287337145742,38.102179641606114,38.91401672363281,12222069
2016-02-11,38.34573140186809,38.426914616488816,37.37152789801057,37.64213943481445,12732291
2016-02-12,37.885693330073515,38.426916429212554,37.669203104736084,38.37279510498047,7812645
2016-02-15,38.91401525873823,39.292871892301015,38.75164883412686,39.07638168334961,6202222
2016-02-16,39.34699097654816,39.48229549282707,38.643399113604026,39.13050079345703,7101401
2016-02-17,39.42818112588309,39.644668882912455,39.13050768773766,39.401119232177734,8113255
2016-02-18,39.50936013239514,40.212952044323146,39.34699371587491,39.80703353881836,9034948
2016-02-19,39.563487141966625,39.77997737127692,39.319937482145974,39.617610931396484,18969655
2016-02-22,40.05058700955498,40.45650555403909,39.942341900078915,40.18589401245117,6369921
2016-02-23,39.86115836552232,40.05058668954073,39.563484932892756,39.671730041503906,6987540
2016-02-24,39.725853827911706,39.725853827911706,38.75165031461576,39.671730041503906,11517584
2016-02-25,40.36384818553322,40.760126936079544,40.10909866483488,40.53368377685547,10832019
2016-02-26,40.87334958138719,41.2979346910906,40.76012671363139,40.78843307495117,11935168
2016-02-29,40.61859391524421,40.76012054537915,40.16570251275732,40.561981201171875,7510220
2016-03-01,40.6185961316867,41.04318120030584,40.39215041808675,40.92995834350586,6126967
2016-03-02,40.92996046745569,41.411155700683594,40.92996046745569,41.411155700683594,11292589
2016-03-03,41.49607151292709,41.49607151292709,40.73182042448744,40.76012420654297,7233615
2016-03-04,41.04317896069493,41.04317896069493,40.33553549992843,40.561981201171875,12635868
2016-03-07,40.590288576492895,40.90165077913301,40.27892637385278,40.87334442138672,6101217
2016-03-08,40.70351406490873,40.92995978649203,40.3921518421125,40.76012420654297,7566611
2016-03-09,40.70351142995503,41.18470662402683,40.56198221874661,40.87334442138672,12859896
2016-03-10,40.87334572632579,41.83573872271817,40.84503936767578,40.84503936767578,11732781
2016-03-11,41.354543120344346,41.46776598340236,40.986570748548225,41.26962661743164,6444376
2016-03-14,41.326236724853516,41.609292575840605,41.184707510598436,41.326236724853516,4930025
2016-03-15,41.09979133994428,41.2696243363827,40.70351262990591,40.92995834350586,15072691
2016-03-16,40.90165346129223,40.92995982089472,40.61859759783678,40.703514099121094,5829026
2016-03-17,40.873343738601235,40.873343738601235,39.8543406519874,40.109092712402344,9590625
2016-03-18,39.91095897246083,40.052485623661006,39.373150996339525,39.54298400878906,26752547
2016-03-21,39.65620490651509,40.53368144147401,39.65620490651509,40.30723571777344,9815378
2016-03-22,40.420458032610114,41.0148761161374,39.910956449940564,40.9582633972168,9092933
2016-03-23,41.15640268497168,41.43945852877314,40.81673412589614,41.07148361206055,7481801
2016-03-24,40.8167397686087,40.873349914185866,40.363848293897966,40.44876480102539,5313096
2016-03-29,40.307234851979736,40.44876149311022,39.25992533550306,39.85434341430664,10769633
2016-03-30,39.85433975032092,39.91095246358697,39.40145093180704,39.65620040893555,9510471
2016-03-31,39.51468157208487,39.71282095253817,39.40145870075106,39.45806884765625,6280548
2016-04-01,38.77872848510742,38.80703226562919,37.92955836394753,38.77872848510742,12796090
2016-04-04,38.63720382625257,39.57129055411689,38.467370813013005,39.344844818115234,7492234
2016-04-05,39.118397899083014,39.401453753112506,38.891952184850176,39.288230895996094,7398799
2016-04-06,39.288231397267495,40.30723454679343,39.033479321124446,40.19401168823242,9404015
2016-04-07,40.64690664522919,40.9582663113527,40.47707105390693,40.53368377685547,7410419
2016-04-08,40.788430566121676,40.845040707755906,40.50537470290414,40.76012420654297,4900183
2016-04-11,40.78843190993203,41.07148778247508,40.392153172867104,40.675209045410156,5671195
2016-04-12,40.42045577319083,40.703511619402086,40.0807872112235,40.618595123291016,5916580
2016-04-13,40.78842776825909,41.07148361206055,40.70351127287096,41.07148361206055,6188502
2016-04-14,41.07148826679654,41.55268609106969,40.84504253508251,41.52437973022461,5852848
2016-04-15,41.382849340633946,41.75082428870971,41.071487112657486,41.411155700683594,8545705
2016-04-18,41.1280970196728,41.864041710440645,40.98656780662811,41.77912521362305,6061660
2016-04-19,41.77913264669102,42.090494908766416,41.66591234913952,41.977272033691406,6331917
2016-04-20,41.83574160729035,41.920658111572266,41.55268573384288,41.920658111572266,7187741
2016-04-21,42.45846454456292,42.45846454456292,41.75082359769637,42.203712463378906,8517878
2016-04-22,42.06218455228038,42.31693404826012,42.005571834825034,42.17540740966797,6929076
2016-04-25,42.45845936907603,42.599985994684,41.9772616249449,42.28862380981445,7725121
2016-04-26,42.43015687298482,42.656602587585674,42.1471010184953,42.232017517089844,7367341
2016-04-27,42.31693528991725,42.45846451018524,42.00557306734621,42.26032257080078,4936046
2016-04-28,42.1471021852508,42.37354532859717,41.66590696154541,42.34524154663086,5624305
2016-04-29,41.892345756908085,42.06218131869469,41.29792773446225,41.439456939697266,6776109
2016-05-02,41.32624676637958,41.60930268614411,41.241330248202594,41.4677734375,3149131
2016-05-03,41.32624072148213,41.38285086614504,40.760126387236404,41.12810134887695,5017378
2016-05-04,41.04318166855271,41.26962480721298,40.39215087890625,40.39215087890625,6153543
2016-05-06,40.39215118180269,40.448761322511494,39.79773310550616,40.05248260498047,6313824
2016-05-09,40.27893145881173,41.014878810462776,40.05248572330014,40.78843307495117,6658081
2016-05-10,41.09978839364697,41.750819129195975,41.0431782580667,41.439456939697266,5555010
2016-05-11,41.49607980273356,41.52438616796712,41.21302388296903,41.4677734375,4094809
2016-05-12,41.269625481620054,41.6376004208121,40.929959479317446,41.09979248046875,6358311
2016-05-13,40.929955381609034,41.609289895725745,40.788426176470054,41.49606704711914,5987776
2016-05-17,41.69421274024848,42.03388133781953,41.46776700853445,41.52437973022461,6338193
2016-05-18,41.864040125884166,42.17540489830191,41.694207138677164,42.147098541259766,6967969
2016-05-19,42.09048613682494,42.26031912528136,41.722513802661716,41.75082015991211,6869172
2016-05-20,42.17541096770365,42.51507699099849,42.090491884356624,42.48677062988281,8936249
2016-05-23,43.44915881476467,43.84543753915117,42.996269948690035,43.59069061279297,9166083
2016-05-24,43.50576865111484,44.21341212922602,43.33593565978104,44.07188034057617,7791762
2016-05-25,44.29832424680825,44.83613471172564,44.2134103321158,44.66630172729492,7792196
2016-05-26,44.864438309208424,44.949357383481725,44.6096913964807,44.921051025390625,8510164
2016-05-27,44.89274577061916,45.17580420344074,44.83613820809182,45.062583923339844,5419361
2016-05-30,45.11918897151377,45.20410804314183,44.86443691167551,45.03427505493164,3493997
2016-05-31,45.06258040931521,45.11918796742824,44.52476994439781,44.66630172729492,5939959
2016-06-01,44.52477515256069,44.89274752104411,44.46816243277973,44.55308151245117,4338078
2016-06-02,44.60969500900064,45.289027038015405,44.439862001746945,45.11919403076172,6761327
2016-06-03,45.28901967045299,45.37393873778856,44.326629349211544,44.72290802001953,5592257
2016-06-06,44.60969405926775,44.83613978246719,44.41155469584905,44.751220703125,3132900
2016-06-07,44.83613967895508,45.14749932573147,44.72291424009356,44.83613967895508,4619330
2016-06-08,44.63799317897157,44.63799317897157,43.986962474748175,44.270015716552734,5935631
2016-06-09,44.07188793852008,44.24172095913289,43.90205491790726,44.04358673095703,4850529
2016-06-10,43.87374557472199,43.95866465678285,42.883048725911394,43.166107177734375,6317351
2016-06-13,43.02457728039136,43.13780014384897,42.48676932334854,42.51507568359375,8266942
2016-06-14,41.97726209767368,42.11879130239836,41.58098341747206,41.637596130371094,9716887
2016-06-15,41.75082277053093,42.31693448579912,41.694210052490234,41.694210052490234,6859137
2016-06-16,41.21301483675995,41.72251641151058,41.184708477739605,41.694210052490234,8598805
2016-06-17,42.14710345019926,42.628298688346625,42.09049072952119,42.3735466003418,31853574
2016-06-20,43.052881944334075,43.477464443667316,42.96796544446743,42.99626922607422,6929314
2016-06-21,42.8830449050497,43.30762996743054,42.74151826927146,43.222713470458984,5659601
2016-06-22,43.19440820325987,43.6189932510284,42.85473964954045,43.505767822265625,6215044
2016-06-23,43.4491563124829,43.98696680392463,43.109490326869434,43.562381744384766,4759385
2016-06-24,40.53367931343321,43.70390896870956,40.250620884906624,42.8830451965332,12609253
2016-06-27,42.59998442727268,43.19440499653297,42.316928608948544,42.65659713745117,7454898
2016-06-28,43.4208561812186,43.98696788956187,43.08118760969878,43.845436096191406,8622923
2016-06-29,44.354941636862854,45.26071936768276,44.10018955583217,45.147499084472656,7908632
2016-06-30,44.97766839933394,45.37394714355469,44.66630873818049,45.37394714355469,8580951
2016-07-01,45.45885973522785,45.85513842286114,45.06258104759456,45.54377365112305,5681913
2016-07-04,45.74191923754237,45.911752247556514,45.600392588371676,45.657005310058594,4162947
2016-07-05,45.48716640565247,45.572085486802564,44.86444194235792,45.11919403076172,4864049
2016-07-06,44.94935848819272,45.40224991868877,44.69460641415792,45.062583923339844,5689351
2016-07-07,45.31732940673828,45.65700054637311,45.034276137929645,45.31732940673828,4962366
2016-07-08,45.20410752610823,45.826831912453656,44.72290976914489,45.741912841796875,5909837
2016-07-11,45.883446830566626,46.1665052897773,45.7136138170589,46.02497863769531,4039220
2016-07-12,45.8551446809162,45.911752247556514,45.43055957835753,45.657005310058594,6615943
2016-07-13,45.68530658543942,46.053278925350305,45.57208115466929,45.71360778808594,5300294
2016-07-14,45.96835869573669,46.024971409697415,45.31732795032604,45.54377365112305,4592276
2016-07-15,45.57207879768951,45.628691510146574,45.31732674667846,45.487159729003906,4536935
2016-07-18,45.600386365083764,45.77021935192005,45.28902159334567,45.54377365112305,4096178
2016-07-19,45.54377753350359,45.741916894210625,45.00597217016915,45.43055725097656,5305005
2016-07-20,45.713617210703504,46.421260833740234,45.62870327516923,46.421260833740234,5220817
2016-07-21,46.42125069328126,46.676002754329105,46.25141770426468,46.3929443359375,5199677
2016-07-22,46.308027603552915,46.704311471341214,46.10988824718188,46.61939239501953,4156702
2016-07-25,46.44955949773062,46.87414457016349,46.166501064426626,46.53447341918945,4643396
2016-07-26,46.64769865342363,46.87414436808133,46.308027503913976,46.70431137084961,3935273
2016-07-27,46.67600790703166,46.81753455432803,46.25142281009604,46.36464309692383,3697434
2016-07-28,46.251411962341564,46.6759969596955,45.31732290614478,45.45885467529297,6217320
2016-07-29,45.40224196763369,45.62868764322548,45.17579629204191,45.45885467529297,5496921
2016-08-02,46.13819466305257,46.13819466305257,45.090885162353516,45.090885162353516,5307824
2016-08-03,45.31733071173255,45.43055614655338,44.80783172017744,45.289024353027344,4569536
2016-08-04,45.402249523335655,45.713609157186546,45.11919109297889,45.57208251953125,4608513
2016-08-05,45.65700865359341,46.19481408386364,45.48717047609515,46.166507720947266,4377591
2016-08-08,46.19481447686344,46.19481447686344,45.713616613285225,45.77022933959961,3173904
2016-08-09,45.68531131341389,46.05328369140625,45.57208587092605,46.05328369140625,2738956
2016-08-10,45.85513842286114,46.024971409697415,45.31732795032604,45.54377365112305,4475940
2016-08-11,45.60038757324219,45.62869393097251,45.17580251737938,45.60038757324219,3167062
2016-08-12,45.430554838298576,45.48716239903267,45.11919005655381,45.31732940673828,2988692
2016-08-15,45.345629259974416,45.51546222790693,45.232408999701185,45.45885467529297,2673212
2016-08-16,45.17580447211521,45.232417190025465,44.75121939788081,44.77952575683594,4990704
2016-08-17,44.97766284734167,45.00596920486999,44.35493844685653,44.46815872192383,3897689
2016-08-18,44.63800197498911,44.666308335756504,44.156804152036464,44.411556243896484,3244443
2016-08-19,44.58138954251431,44.58138954251431,43.986971427684516,44.12849807739258,3840222
2016-08-22,44.01527771510038,44.439862818561835,43.9020522714858,44.24171829223633,4813307
2016-08-23,44.41155366800147,44.694606949165056,44.38324730887585,44.49646759033203,4432905
2016-08-24,44.411556243896484,44.666308335756504,44.29833080082688,44.411556243896484,3960374
2016-08-25,44.0718805615574,44.0718805615574,43.420854950687875,43.760520935058594,5883890
2016-08-26,43.50576627947036,43.87373859980852,43.36423965358162,43.81713104248047,5101672
2016-08-29,43.70390800017861,44.12849305603611,43.56238136657478,44.07188034057617,3359906
2016-08-30,44.04358404297476,44.27002461994089,44.01527768209234,44.213417053222656,3980378
2016-08-31,44.29832363252048,44.35493634489427,43.590685348031045,43.81713104248047,8643970
2016-09-01,43.902049417028884,44.04358121234488,43.0811882019043,43.0811882019043,6296720
2016-09-02,43.3925558560688,44.04358673095703,43.36424949345885,44.04358673095703,6178310
2016-09-05,43.930358705782645,44.298331088051576,43.930358705782645,44.12849807739258,2896333
2016-09-06,44.15680574726165,44.29833240116492,44.01527909335839,44.10019302368164,3762838
2016-09-07,44.04358404297476,44.32663734170573,43.84543951679784,44.213417053222656,4186865
2016-09-08,44.10019291435222,44.46816530661653,44.07188655263239,44.18511199951172,4804213
2016-09-09,44.015270380743004,44.12849065044484,43.81713104248047,43.81713104248047,3580289
2016-09-12,43.44914986922048,43.81712731328651,43.222706771566074,43.732208251953125,4881282
2016-09-13,43.87374389875683,44.015275696785125,43.59069061279297,43.59069061279297,5526931
2016-09-14,43.81714009046196,43.873747659479136,43.59069434925282,43.703914642333984,5174221
2016-09-15,43.562384014992624,43.90205001831055,43.392551013333666,43.90205001831055,3832351
2016-09-16,44.01527545611408,44.18510845777304,43.81713609500424,43.90205001831055,12447976
2016-09-19,44.326634590624614,44.49646759033203,44.18510795004282,44.49646759033203,5196294
2016-09-20,44.354944386458875,45.175808244518755,44.241718941183485,44.89274978637695,4996732
2016-09-21,45.03427793418898,45.11919185620007,44.666305577033,44.69460678100586,4104348
2016-09-22,44.9493599971799,44.97766635691694,44.69460791459285,44.86444091796875,5285874
2016-09-23,44.949361272899694,44.949361272899694,44.49646981434607,44.80783462524414,5477949
2016-09-26,44.55307801366004,44.60969072899516,44.15679931640625,44.15679931640625,5094616
2016-09-27,44.27002461994089,44.41155642435297,43.760525589197194,44.213417053222656,5610736
2016-09-28,44.38324480438485,44.751217142161074,44.298325731799885,44.46815872192383,5109247
2016-09-29,44.66629730643915,44.77951756650503,43.647294345665046,43.732208251953125,5904679
2016-09-30,43.44916171428299,43.44916171428299,42.769827081075015,43.25102233886719,8710796
2016-10-03,43.590689408320856,43.67560332974518,43.2510182574849,43.53407669067383,3714818
2016-10-04,43.534076361580375,43.98696778924055,43.505770002970834,43.930355072021484,5552722
2016-10-05,43.59069434925282,43.845441297447145,43.44916253909285,43.703914642333984,4043541
2016-10-06,43.675600810363854,43.78882623912662,43.449155107884245,43.505767822265625,4678798
2016-10-07,43.42085657679592,43.61899593427348,43.22271464179523,43.3359375,5013962
2016-10-10,43.166103331652295,43.2510172511008,42.71321191110659,43.222713470458984,6788660
2016-10-11,43.02457809448242,43.19441368164401,42.85474508484413,43.02457809448242,6095683
2016-10-12,43.02457742300013,43.02457742300013,42.3735466003418,42.3735466003418,6076211
2016-10-13,42.34524168376149,42.34524168376149,41.60929437731378,42.203712463378906,6977245
2016-10-14,42.599994549807846,43.05288602875996,42.57169076551588,42.684913635253906,7207339
2016-10-17,42.48676704557995,42.65660262042289,42.17540740966797,42.17540740966797,6276668
2016-10-18,42.43015407277921,42.68490612927342,42.23201472996057,42.54337692260742,4792471
2016-10-19,42.79813422684339,42.79813422684339,42.31693896023333,42.40185546875,4353216
2016-10-20,42.48677052258033,42.741522616931384,42.090491778054954,42.57168960571289,5419398
2016-10-21,42.515078339280024,42.62830120981005,42.118799581186636,42.40185546875,5779078
2016-10-24,42.57168608899113,42.62829622887979,42.00557180248899,42.232017517089844,5524778
2016-10-25,41.89234736335086,42.033876574013085,40.901650621284276,41.07148361206055,9321757
2016-10-26,40.87334744950166,40.98657031135194,39.96756713222258,40.30723571777344,9800009
2016-10-27,40.024177230853816,40.703511779944876,39.82603530244909,40.42045593261719,9307193
2016-10-28,40.278935789411975,40.4770751849068,39.93926714962501,40.25062942504883,8794115
2016-10-31,39.96756627372491,40.278928492744384,39.85434341430664,39.85434341430664,6986065
2016-11-01,39.91095897246083,40.02418183993497,39.42976114131493,39.54298400878906,8050065
2016-11-02,39.40145502843528,39.8260375344606,39.31653594970703,39.31653594970703,8739381
2016-11-03,39.31653747205165,39.51467941923314,39.03348159790039,39.03348159790039,7199664
2016-11-04,38.382453345104814,38.75042572374913,38.156007614774495,39.03348159790039,10203461
2016-11-07,39.06179157854645,39.373153842224696,38.891958553821404,39.231624603271484,8626005
2016-11-08,39.14670168021979,39.65620324848212,39.09009154042313,39.288230895996094,6398711
2016-11-09,40.05248426716183,41.52437891695206,39.82603853988283,41.01487731933594,22539031
2016-11-10,41.55267976018389,41.72251274433235,40.90164902507666,41.49606704711914,13014694
2016-11-11,41.75082719559197,41.75082719559197,40.81674044662722,41.04318618774414,6961618
2016-11-14,41.354540935760426,41.69420950699123,40.47706701531807,40.84503936767578,8248223
2016-11-15,40.816735784834,40.84503956609841,40.222317715434784,40.59029006958008,7301862
2016-11-16,40.81673428341716,40.98656727484885,40.61859493423918,40.87334442138672,7092873
2016-11-17,40.929957136879295,41.15640284380356,40.646901291985465,40.87334442138672,5075770
2016-11-18,41.2130184095744,41.24132477104867,40.505377415381204,40.53368377685547,6483267
2016-11-21,40.25062199724493,40.30723471552398,39.769426779488654,39.995872497558594,6874917
2016-11-22,39.99587095075764,40.05248108932422,38.77872848510742,38.77872848510742,10456170
2016-11-23,38.89195484401483,39.37315008651811,38.4956761057741,39.11840057373047,9087008
2016-11-24,39.458067540090894,39.65620691397824,39.118401514868786,39.48637390136719,6950816
2016-11-25,39.62789765089374,40.165702975641096,39.59959129353136,39.96756362915039,5676222
2016-11-28,39.910958788653595,40.13740452255898,39.71281941586721,39.74112319946289,5142415
2016-11-29,39.599590273192405,39.797729614577776,39.51467378081624,39.65620040893555,6734214
2016-11-30,39.65620158610641,40.08078663811373,39.571285091209546,39.76942443847656,7418055
2016-12-01,39.627898442991174,39.71281493925268,38.8070321057352,38.97686767578125,10074995
2016-12-02,38.750424564454164,39.03348043013725,38.38245219681847,38.920257568359375,7129622
2016-12-05,38.920259707492974,39.542984192735844,38.920259707492974,39.344844818115234,5681970
2016-12-06,39.42975753424929,39.48637025156905,39.09009154042313,39.288230895996094,4508241
2016-12-07,39.37314901547089,39.45806551742349,38.77873092427944,38.920257568359375,7365225
2016-12-08,38.8636449817188,38.920255120285375,38.41075356309405,38.77872848510742,8894343
2016-12-09,38.80703373415547,40.36384482268672,38.80703373415547,40.05248260498047,10830265
2016-12-12,40.13740452255898,40.16570830615466,39.6845130547482,39.74112319946289,7232951
2016-12-13,39.79773375609873,40.92995978649203,39.68451089530708,40.76012420654297,11195830
2016-12-14,40.788427925670874,41.04317999034143,40.56198221874661,40.87334442138672,10355911
2016-12-15,41.071486974799576,41.665907646230885,40.87334761016355,41.55268478393555,13132452
2016-12-16,41.75082146433594,41.86404174182893,41.38284654115308,41.72251510620117,16774702
2016-12-19,41.58098459393272,41.892346791118136,41.4111516054763,41.75082015991211,5339891
2016-12-20,41.83574040718659,42.34524199578574,41.77912768760713,41.864044189453125,6697281
2016-12-21,41.6942087480664,42.09048745186099,41.52437575430388,41.72251510620117,5005786
2016-12-22,41.63760107819857,41.92065694376077,41.60929471838539,41.80743408203125,5653777
2016-12-23,41.807425152580294,42.00556447390651,41.69420231503351,41.835731506347656,3195492
2016-12-27,41.948968248065285,42.34524702206607,41.948968248065285,41.977272033691406,2630693
2016-12-28,41.92065296415276,42.401848147680035,41.7791237560457,42.00556945800781,3579535
2016-12-29,41.7791237560457,42.31693165382498,41.72251361931665,42.00556945800781,3593775
2016-12-30,41.94895935058594,42.17540505270625,41.8640402791486,41.94895935058594,4039937
2017-01-03,42.34524397935107,42.65660621905355,42.23202111241169,42.48677062988281,6955451
2017-01-04,42.090484619140625,42.26031760147327,41.750818654475346,42.090484619140625,9920334
2017-01-05,41.92066020213994,42.48677197726667,41.89235384012658,42.40185546875,6354372
2017-01-06,42.48676950005105,42.48676950005105,42.26032377219404,42.31693649291992,5007326
2017-01-09,42.401852855634054,42.48676935891754,42.06218684250011,42.458465576171875,5205097
2017-01-10,42.599994549807846,42.74152378136123,42.28863230240912,42.684913635253906,7315769
2017-01-11,42.31693152846676,42.62829372336156,42.147098541259766,42.147098541259766,7465185
2017-01-12,41.524378739305526,41.55268509947511,40.760125057389295,41.213016510009766,12385253
2017-01-13,41.58098621748498,41.66590529255186,41.26962400814225,41.326236724853516,7266761
2017-01-16,41.128096516837985,41.439458719711126,40.70351146041797,40.816734313964844,6312824
2017-01-17,40.64690295399334,40.73181945318134,40.39215087890625,40.39215087890625,8633885
2017-01-18,40.760121567924585,40.90165077913301,40.61859493423918,40.87334442138672,6458815
2017-01-19,40.87335397589645,40.9016603402596,40.024186242714464,40.25062942504883,9542716
2017-01-20,40.0524863103039,40.3072384108689,39.910959656677456,40.13740539550781,12018122
2017-01-23,39.74111690131172,39.88264610695394,39.45806106755018,39.65620040893555,7936047
2017-01-24,39.542979048273544,39.882647608085826,39.373146057128906,39.373146057128906,8100831
2017-01-25,39.54298329107388,40.53368271911028,39.344843920971265,40.335540771484375,13525726
2017-01-26,40.56198487863178,41.15640554266835,40.44876201774497,40.703514099121094,9301734
2017-01-27,40.703514099121094,40.84504074208723,40.36384551646065,40.703514099121094,7942843
2017-01-30,40.61859756369579,40.92995978649203,40.3921518421125,40.76012420654297,7755321
2017-01-31,40.70351508870813,41.269626829382375,40.50537572171982,41.01487731933594,11075204
2017-02-01,41.32623567574795,41.354539455861996,40.873344263647226,41.07148361206055,9984606
2017-02-02,40.8450380942093,40.958260947756166,40.47706575332423,40.816734313964844,8945203
2017-02-03,40.90165295173718,41.52437739009513,40.87334659248732,41.29793167114258,10017834
2017-02-06,41.15640734933178,41.63760259608163,41.15640734933178,41.52437973022461,6805308
2017-02-07,41.496071822279426,42.090489912724564,41.496071822279426,41.864044189453125,7402001
2017-02-08,41.83573649952578,42.033875844500315,41.55268066063686,41.94895935058594,7517251
2017-02-09,42.033880482231204,42.48676935891754,41.97726776169338,42.458465576171875,8029238
2017-02-10,42.54338207945536,42.684911303276664,42.31693635235057,42.458465576171875,6127137
2017-02-13,42.68490597733012,42.967961812131605,42.543376771167914,42.74151611328125,6395058
2017-02-14,42.65660490729657,42.798131553476146,42.31693631692375,42.51507568359375,6639190
2017-02-15,42.74152485950931,42.93966424216805,42.65660834944463,42.91135787963867,5181101
2017-02-16,43.05288561691309,43.27932877669958,42.99627289382394,43.13780212402344,6978461
2017-02-17,43.25101945257142,43.59069061279297,42.96796616660756,43.59069061279297,13803442
2017-02-20,43.59069330359854,43.618999664951524,43.251022122409466,43.420860290527344,5923501
2017-02-21,43.392546009768516,43.9869640245561,43.279320585020926,43.81713104248047,8883187
2017-02-22,43.90205491790726,44.10019430113003,43.67560917207453,44.04358673095703,7712972
2017-02-23,43.87374235480242,44.15680078585157,43.87374235480242,43.930355072021484,7989298
2017-02-24,44.015274147850086,44.04358050645962,43.56238272018991,43.930355072021484,5950080
2017-02-27,44.10018669830614,44.185105771496055,43.90204734924237,44.07188034057617,7518741
2017-02-28,44.21341437552597,44.38324737548828,44.07188257968548,44.38324737548828,7986170
2017-03-01,44.468157324908645,44.581382751464844,44.32663069675923,44.581382751464844,10986233
2017-03-02,45.04349190199275,45.04349190199275,44.42322129983272,44.80719757080078,14510281
2017-03-03,44.77766715607435,45.132106019034296,44.689057440334366,45.04349899291992,7236313
2017-03-06,45.07303237915039,45.19117686301972,44.866272808315635,45.07303237915039,5317194
2017-03-07,44.86627089863551,44.92534582768109,44.186928041988125,44.33460998535156,10195908
2017-03-08,44.2755353142394,44.570901874369476,44.09831322646127,44.48229217529297,8691310
2017-03-09,44.570905410436765,44.80719975313746,44.33461106773606,44.68905258178711,5942882
2017-03-10,44.807198941520284,44.95488357543945,44.71858923701888,44.95488357543945,9749506
2017-03-13,45.013958804424846,45.13210329185535,44.71859220659768,44.74812698364258,8309767
2017-03-14,44.80719619101561,44.86626842718195,44.482292168037986,44.65951156616211,7388913
2017-03-15,44.748127013663535,44.77766448035371,44.334613238502996,44.57090759277344,7744492
2017-03-16,44.7481212725225,44.7481212725225,44.33460755041538,44.48229217529297,7553612
2017-03-17,44.54136709382943,44.74812126522417,44.36414500608021,44.65951156616211,26075120
2017-03-20,44.62997765129928,44.83673721838138,44.511833169574246,44.68905258178711,4755494
2017-03-21,44.68904764914879,44.7481198834911,43.980167388916016,43.980167388916016,5755898
2017-03-22,43.00546369917959,43.65527185122409,42.8282442721222,43.35990524291992,10140429
2017-03-23,43.47805044116594,43.89156421185684,43.359903265307764,43.80295181274414,5496981
2017-03-24,43.74387360011254,43.891558222187804,43.38943212090693,43.566654205322266,8697224
2017-03-27,43.271287110367744,43.625728607177734,43.15313994476441,43.625728607177734,4374098
2017-03-28,43.80294583516761,43.891558222187804,43.566654205322266,43.566654205322266,5197350
2017-03-29,43.832482508618035,44.157386519636006,43.714335351009225,44.00970458984375,6616374
2017-03-30,44.157390577465335,44.36414744987435,43.95063370505631,44.33460998535156,4581950
2017-03-31,44.157391141709,44.24600084678437,43.92109680175781,43.92109680175781,4966583
2017-04-03,43.950634266658035,44.36414801675996,43.92109680175781,43.92109680175781,4055120
2017-04-04,43.8620278071974,44.27554158789769,43.80295287302565,44.15739440917969,4542874
2017-04-05,44.039241528437735,44.24599839201783,43.802947201596155,44.06877899169922,5452300
2017-04-06,43.77341703599866,43.950636454973214,43.743879569627765,43.80295181274414,4134613
2017-04-07,43.71433968234619,43.9210965562414,43.566657737921204,43.773414611816406,3710064
2017-04-10,44.009707027499715,44.06877926476357,43.714337772304965,43.862022399902344,3606075
2017-04-11,43.68479814832943,44.12784931958429,43.62572591398712,43.980167388916016,4209230
2017-04-12,43.98016599990637,44.24599508048869,43.832481384277344,43.832481384277344,4115513
2017-04-13,43.7438716869279,43.80294391939939,43.47804260636881,43.6552619934082,3839380
2017-04-18,43.596190309174574,43.743874935759145,42.97591971884462,43.06452941894531,5403270
2017-04-19,43.00545881572289,43.18267822265625,42.79870194442556,43.18267822265625,3969329
2017-04-20,42.91684721256452,43.68479973503289,42.887309749508006,43.27128601074219,5876851
2017-04-21,43.30082321166992,43.596189771571645,43.21221351266192,43.30082321166992,6108965
2017-04-24,43.891561781131564,43.95063402097651,43.5371202731861,43.773414611816406,5923583
2017-04-25,44.21645986317378,45.013952524638874,44.15738762769955,44.71858596801758,9155014
2017-04-26,44.600440690810366,45.07302935306076,44.42322128727906,44.98441696166992,5082312
2017-04-27,44.74812934408539,45.54562484849969,44.65951962902567,45.42747497558594,6492250
2017-04-28,45.2502482178398,45.27978568128507,44.80719702466135,45.22071075439453,5341822
2017-05-02,45.36839570112755,45.63422751051421,45.3388582357234,45.48654556274414,8458239
2017-05-03,45.5751498103508,45.60468727396012,45.2207110055397,45.36839294433594,4869913
2017-05-04,45.486545827392405,45.60469031044571,45.279788947611095,45.457008361816406,4788656
2017-05-05,45.22071454368942,45.57515337623245,45.191177077769034,45.39793395996094,4696854
2017-05-08,45.51608270058283,46.106815866662444,45.51608270058283,46.0477409362793,5895861
2017-05-09,46.01820560290518,46.84523314957925,46.01820560290518,46.75662612915039,7355654
2017-05-10,46.5203247024452,46.904300950838234,46.34310530928304,46.87476348876953,4840070
2017-05-11,46.96338024447739,47.05198725967749,46.63847351074219,46.63847351074219,5402421
2017-05-12,46.96338156697491,47.790409088134766,46.93384410132624,47.790409088134766,11010869
2017-05-15,47.79040223857485,47.81993969999006,47.28827615301614,47.52457046508789,4723689
2017-05-16,47.317820972524224,47.90855415493978,47.28828350651583,47.376895904541016,6634318
2017-05-17,47.11106190503642,47.28828131361782,46.78616055251228,46.84523010253906,5968972
2017-05-18,46.46125030517578,46.69754462515491,46.19541852279299,46.46125030517578,7451267
2017-05-19,46.6089370932461,46.63846917606765,46.40217485874479,46.52032470703125,6140758
2017-05-22,46.520324443442036,46.99291307541002,46.165880279841026,46.904300689697266,6162504
2017-05-23,46.727089194190874,46.84523368252375,46.40218243758633,46.69755172729492,5902762
2017-05-24,46.697543836923046,46.99291307672381,46.66800637501797,46.727081298828125,4857468
2017-05-26,46.87477198649184,46.9633843887621,46.43172073364258,46.43172073364258,4784120
2017-05-29,46.28403393877745,46.52032827421941,46.07727706767204,46.37264633178711,2223179
2017-05-30,46.2840387757765,46.638477626355495,46.16588890608281,46.43172073364258,4814776
2017-05-31,46.4021788914603,46.99291742573233,46.372646806072176,46.84523010253906,8280286
2017-06-01,46.87476348876953,47.170132730206504,46.81568856463212,46.87476348876953,5151063
2017-06-02,47.199669929489765,47.435964245473755,46.72708129752178,46.904300689697266,4211236
2017-06-06,46.66800663813927,47.08152034864177,46.52032470703125,46.52032470703125,6372029
2017-06-07,46.54986704384159,46.874768402153165,46.3726476321034,46.40217971801758,5034921
2017-06-08,46.37264633178711,46.60894066722907,46.25449647444089,46.37264633178711,4644650
2017-06-09,46.461257137112455,46.63847655834366,46.13635576139706,46.549869537353516,3596060
2017-06-12,46.46125389208558,46.549866286137615,46.1363525390625,46.1363525390625,5609188
2017-06-13,46.343112649375286,46.6975514918377,46.343112649375286,46.549869537353516,4803330
2017-06-14,46.72708645557978,46.75662392074458,46.40217971801758,46.40217971801758,5235640
2017-06-15,46.52032853863552,46.579403467644404,45.84098299278487,46.343109130859375,7043145
2017-06-16,46.66801076562314,46.72708569499116,46.1363525390625,46.1363525390625,20044554
2017-06-19,46.46125279080856,46.81569160011434,46.31357085013955,46.78615951538086,5272627
2017-06-20,47.199669405574646,47.52457072441498,47.111057020845486,47.140594482421875,6476142
2017-06-21,47.11106057044308,47.317817437805985,46.756621763321064,47.170135498046875,5944283
2017-06-22,48.144848867904436,49.651221990970704,47.99716691599624,49.5035400390625,14342900
2017-06-23,49.82843809951797,49.82843809951797,49.0014106169617,49.444461822509766,8185003
2017-06-26,49.32631736019908,49.38538690950707,48.883266154511624,49.267242431640625,5725711
2017-06-27,49.14910181816178,49.32632123852069,48.91280746459961,48.91280746459961,4645852
2017-06-28,48.67651040487858,48.88326728034452,48.38114113453412,48.440216064453125,8332940
2017-06-29,48.44021025195967,48.49928517479009,47.40642599867699,47.52457046508789,5810793
2017-06-30,47.40642625735939,47.760865037776114,47.140594482421875,47.140594482421875,6345014
2017-07-03,47.31782041988219,47.64272716292904,47.258745488555356,47.613189697265625,4679470
2017-07-04,47.49503352497183,47.79040276311593,47.258739210306544,47.46549606323242,3656693
2017-07-05,47.02245733420349,47.4064336359608,46.72708805171666,47.34735870361328,6043004
2017-07-06,47.2587392119163,47.28827667365672,46.31356733247297,46.57939910888672,7046696
2017-07-07,46.40218243758633,46.815696215627796,46.25450048235751,46.69755172729492,4455498
2017-07-10,46.81569538907499,46.99292018732172,46.72708836920247,46.963382720947266,4104450
2017-07-11,46.87477091306891,46.90430837981593,46.52033207060649,46.549869537353516,4406202
2017-07-12,46.63847162540589,47.55411148071289,46.549864613787676,47.55411148071289,4899061
2017-07-13,47.61318749410252,47.61318749410252,47.02245434592083,47.08152389526367,4775971
2017-07-14,47.170139047647254,47.524577881441154,46.99291963075031,47.199676513671875,4265593
2017-07-17,47.31782123743952,47.61319051992634,47.19967675199526,47.34735870361328,4529858
2017-07-18,47.84948073769105,48.49928879964274,47.317817150980424,47.55411148071289,7682401
2017-07-19,47.99716212759166,48.11530660148145,47.70179287399175,47.96762466430664,4782777
2017-07-20,48.23345592764804,48.41067532617166,47.73132981578925,48.02669906616211,6778367
2017-07-21,48.26299394718024,48.322063494535826,47.40642902839628,47.43596649169922,5978741
2017-07-24,47.25874252296586,47.43596730582511,46.93384117955799,46.992916107177734,4770448
2017-07-25,47.111057020845486,47.58364564756775,47.02245001536629,47.140594482421875,4593443
2017-07-26,47.731327056884766,48.085771212695114,47.613182591114594,47.731327056884766,6460438
2017-07-27,47.642727329944236,48.44021738864926,47.55411493264336,48.29253005981445,6293846
2017-07-28,48.174380732364675,48.58789445302445,47.997161334831944,48.233455657958984,6142898
2017-07-31,48.322065660902425,48.97187374494822,48.29252819627528,48.676509857177734,4951129
2017-08-02,48.646975908825475,49.03095221823178,48.52882604177682,48.883270263671875,5430496
2017-08-03,48.82418823712895,49.00140763270517,48.58789391661062,48.646968841552734,4077941
2017-08-04,48.5288154531906,48.91279705806621,48.49928337212301,48.794647216796875,3773883
2017-08-07,48.73558890493666,49.0309528176675,48.410682145831565,48.469757080078125,3727862
2017-08-08,48.440211463273755,48.82418771277347,48.35159907681225,48.7060432434082,3242220
2017-08-09,48.32206706455809,48.35160453004325,47.73133389260704,47.8199462890625,5388349
2017-08-10,47.90854670498575,48.11530355564229,47.49503300367268,47.52457046508789,3739235
2017-08-11,47.31782099851958,47.46550294939191,47.05198918354877,47.199676513671875,4277848
2017-08-14,47.49503223757513,48.26299008423359,47.49503223757513,48.144840240478516,4083003
2017-08-15,48.26299008423359,48.44020947061637,48.115302779539746,48.144840240478516,3958002
2017-08-16,48.29252519765578,48.70604429750882,48.29252519765578,48.410675048828125,3159289
2017-08-17,48.02669879101836,48.2039181885267,47.6427225332086,48.410675048828125,5403623
2017-08-18,47.37688879578301,47.37688879578301,46.93383763063713,47.140594482421875,5289204
2017-08-21,47.08152414219771,47.524575350470315,47.051986677746136,47.22920608520508,3503476
2017-08-22,47.52457703619622,47.73133391544054,47.43597001894905,47.64272689819336,3371638
2017-08-23,47.731334446225894,47.731334446225894,47.19967619907863,47.58365249633789,4166385
2017-08-24,47.672257772163945,47.84947716140527,47.465495542257464,47.52457046508789,4056938
2017-08-25,47.67226518537418,47.790409670156976,47.25874604050744,47.376895904541016,4268960
2017-08-28,46.81568830398451,47.0519826199685,46.756618759426026,46.904300689697266,4277290
2017-08-29,46.66800965944533,46.904303992065984,46.254495922171785,46.78615951538086,5148267
2017-08-30,47.08152470560611,47.19967456482626,46.72708588644677,46.81569290161133,5430848
2017-08-31,47.258745464960164,47.8494840194321,47.0519885846702,47.790409088134766,8517266
2017-09-01,47.93809130283059,47.967628768642975,47.58365247158348,47.76087188720703,4733658
2017-09-04,47.37689287942764,47.672262141400864,47.19967347394388,47.28828048706055,3270982
2017-09-05,47.37689643536422,47.760872739273964,47.22920910366753,47.31782150268555,3572162
2017-09-06,47.22920910366753,47.465503455131405,46.87477026609712,47.31782150268555,4458456
2017-09-07,47.49503954797648,47.90855330626729,47.258745203345924,47.8199462890625,4886145
2017-09-08,47.7017885575346,47.93808286318258,47.583644094335504,47.8494758605957,3393561
2017-09-11,47.997168695431505,48.14485065281483,47.87901882612403,48.08578109741211,4086114
2017-09-12,48.292524152504576,48.73558070556204,48.20391714529315,48.7060432434082,5745750
2017-09-13,48.73558503204166,48.91280444144717,48.61743517293762,48.82419204711914,4805070
2017-09-14,48.64696805467508,49.09001922607422,48.55835566869523,49.09001922607422,6617058
2017-09-15,49.001411209575366,49.001411209575366,48.44021551941104,48.676509857177734,18004696
2017-09-18,48.824187978572134,48.883262903201405,48.44021172698205,48.49928665161133,3748243
2017-09-19,48.52882604177682,48.91280773043404,48.32206915369258,48.883270263671875,3952558
2017-09-20,48.765113563251525,49.14909519810206,48.765113563251525,48.97187042236328,4226288
2017-09-21,49.09002001068717,49.29677686869472,48.912800615145,49.001407623291016,3750289
2017-09-22,48.85372842924775,49.473999038046514,48.85372842924775,49.29677963256836,4065533
2017-09-25,49.17862923895744,49.5626108890918,49.14909715440899,49.53307342529297,3610587
2017-09-26,49.26723966934443,49.53307145370244,48.97187042236328,48.97187042236328,4434193
2017-09-27,48.942336280321065,49.09002360345683,48.58789746329628,48.676509857177734,4813007
2017-09-28,48.528811915110396,49.001400487233354,48.38113000354048,48.765106201171875,3711264
2017-09-29,48.52881924151664,49.14909519810206,48.52881924151664,48.97187042236328,4218672
2017-10-02,49.11955941850175,49.739830017089844,49.03094702759616,49.739830017089844,7438123
2017-10-03,49.68075101967438,49.97612025257758,49.621676097243764,49.76936340332031,4483469
2017-10-04,49.68075508981945,49.85797449238028,49.47399822362342,49.739830017089844,3827581
2017-10-05,49.6216812288789,49.68075615741876,49.2377049518707,49.444461822509766,3892927
2017-10-06,49.44445774601656,49.65121459960937,49.38538282234718,49.651214599609375,4797614
2017-10-09,49.5626078539517,49.76936470863162,49.503532929971705,49.62167739868164,3775192
2017-10-10,49.50353650216794,49.62168097940324,49.119560227090204,49.29677963256836,3806166
2017-10-11,49.296783154690694,49.592147058507095,49.26724568845889,49.5035400390625,2872033
2017-10-12,49.73982750848133,49.82843451566772,49.56260811485849,49.592140197753906,3933172
2017-10-13,49.59214652758279,49.62168399349837,49.38538964542448,49.56261444091797,3594997
2017-10-16,49.65121382017262,50.0056525981248,49.592138897430615,49.91704559326172,3719528
2017-10-17,49.85797501966945,49.97612487545977,49.41492381895657,49.680755615234375,4018611
2017-10-18,49.82844159195189,50.06473594342256,49.76937203852235,50.00566101074219,3941831
2017-10-19,50.005653382233476,50.15334069140429,49.651214598723556,49.828433990478516,4652191
2017-10-20,49.976124598382704,50.035194146699965,49.59214294844344,49.88751220703125,4480761
2017-10-23,49.76937096046763,50.44871115457344,49.76937096046763,50.301029205322266,5270167
2017-10-24,50.18287557621317,50.2419451175981,48.469745911805674,48.794647216796875,10187333
2017-10-25,48.46975133601989,48.85372760461627,47.347354614603276,47.55411148071289,7998632
2017-10-26,47.55411041726563,48.08577399208672,47.37689101874201,48.02669906616211,6725087
2017-10-27,47.93808798906459,48.44021411466368,47.79040604946207,47.87901306152344,5915463
2017-10-30,47.67226403416841,48.41067914954366,47.524576707692844,48.203922271728516,4642363
2017-10-31,48.14484729820525,48.85373032690389,47.938090420574476,48.5583610534668,6372502
2017-11-01,48.82419070461186,49.50353623802865,48.70604622800696,49.326316833496094,6674234
2017-11-02,49.14909546090302,49.20816500721497,48.61743188934418,48.94233322143555,4866714
2017-11-03,48.91279279046684,49.41491343430271,48.85371787498641,49.3853759765625,3432646
2017-11-06,49.35583851882228,49.73982009019583,49.35583851882228,49.3853759765625,3286082
2017-11-07,49.35585443464522,49.414929369175596,48.587901802754345,48.61743927001953,5288157
2017-11-08,48.587897708161606,48.971873991748645,48.587897708161606,48.82419204711914,4022816
2017-11-09,48.883260630736686,49.001405095252885,48.14484024494843,48.322059631347656,5355808
2017-11-10,48.322062667100255,48.440212518288874,48.085773723223404,48.233455657958984,4230012
2017-11-13,48.44020491986819,48.853718575663436,48.44020491986819,48.765106201171875,5534346
2017-11-14,48.79465051625749,49.06048229783913,48.38113680235278,48.49928665161133,4761459
2017-11-15,48.26300018946615,48.49929454720141,48.085780765977454,48.469757080078125,4083434
2017-11-16,48.38114059015673,48.88326673031728,48.35160312552958,48.676509857177734,3729362
2017-11-17,48.794650501309846,49.20816421508789,48.646968569032005,49.20816421508789,7015361
2017-11-20,49.1195566880675,49.44445801149351,48.912799833364566,49.09001922607422,6645733
2017-11-21,48.97187015155229,49.50353371732825,48.824188218503465,49.3558464050293,5978950
2017-11-22,49.296776602004655,49.73982777808829,49.1786267527823,49.20816421508789,4657863
2017-11-23,48.971862326698,49.47398834978315,48.76510550176575,49.3853759765625,3362934
2017-11-24,49.32631736019908,49.473999302344744,49.06048556093651,49.267242431640625,3734980
2017-11-27,49.23770168112343,49.473996000335944,49.03094482421875,49.03094482421875,3823686
2017-11-28,49.03093724217844,49.62167025923496,49.03093724217844,49.3853759765625,4775525
2017-11-29,49.562611679589494,49.68075615741876,49.09002300977149,49.444461822509766,4732483
2017-11-30,49.47399822362342,49.94658688328587,49.41492329635303,49.739830017089844,7988804
2017-12-01,49.739834389666115,50.06473575971432,49.5035400390625,49.5035400390625,4971683
2017-12-04,49.6512181512868,50.12380681594726,49.503536210799304,49.680755615234375,5542342
2017-12-05,49.32631764061756,49.47399958360279,48.73558448942614,49.06048583984375,6773326
2017-12-06,48.58789693749566,48.85372873701277,48.38114006659356,48.7355842590332,5132170
2017-12-07,48.73558890493666,48.88327086130208,48.32206974446173,48.469757080078125,4498812
2017-12-08,48.76511252339816,49.23770115679058,48.61743059268179,49.09001922607422,6003280
2017-12-11,49.14909467345006,49.23770168112343,48.94233243729527,49.03094482421875,4190237
2017-12-12,49.001407614012074,49.38538386748909,48.85372568096325,49.3558464050293,5627685
2017-12-13,49.17862923895744,49.7693677564332,48.91280282326876,49.53307342529297,6322578
2017-12-14,49.29677909415275,49.6512179012379,49.267241630353915,49.53307342529297,6034870
2017-12-15,49.651221990970704,49.651221990970704,49.237708222227084,49.5035400390625,22568280
2017-12-18,49.62168068733922,49.88751248361703,49.44446128290414,49.680755615234375,4118488
2017-12-19,49.680759457202505,49.88751634157432,49.5035400390625,49.5035400390625,3556622
2017-12-20,49.414922422790475,49.473997349016535,48.351600646972656,48.351600646972656,7010353
2017-12-21,48.1743801912608,49.09002001068717,48.1743801912608,49.001407623291016,5197239
2017-12-22,48.76511793109757,49.06048720453467,48.46975403691112,48.5583610534668,3468944
2017-12-27,48.46974943666451,49.09002001068717,48.32206212433759,49.001407623291016,3266826
2017-12-28,48.85372924804687,49.09002358572823,48.7946543188139,48.853729248046875,2350646
2017-12-29,48.676509857177734,48.912804194944435,48.61743492792343,48.676509857177734,2991382
2018-01-03,48.81828428766917,49.326316833496094,48.522915027281314,49.326316833496094,7030684
2018-01-04,49.37358075974542,49.479912417995656,48.92462307627183,49.06639862060547,4862715
2018-01-05,49.09002120544178,49.69256716494994,49.09002120544178,49.668941497802734,5730306
2018-01-08,49.78708549070074,49.917048175756904,49.58623504638672,49.58623504638672,3633691
2018-01-09,49.598056212269995,50.18878936767578,49.598056212269995,50.18878936767578,6269952
2018-01-10,50.02338545869012,50.10608606073852,49.40902122297089,49.5035400390625,5406620
2018-01-11,49.57442093436488,49.71619644922411,48.877356193223626,49.2199821472168,4936395
2018-01-12,49.21998493377514,49.62168045553467,49.078204031639,49.5507926940918,5020504
2018-01-15,49.444463882110234,49.55079553036094,49.21998775110897,49.349945068359375,3026511
2018-01-16,49.468094648132336,49.86979019059301,49.36176300048828,49.36176300048828,6467784
2018-01-17,49.11365074646213,49.4680949533801,49.0782068636954,49.172725677490234,5823390
2018-01-18,49.40901518653532,49.55079070372622,48.700132221330676,48.97187042236328,6272474
2018-01-19,48.818287317759314,49.46809542754506,48.818287317759314,49.25543212890625,7766079
2018-01-22,49.196356949848266,49.361763529930016,48.924618720981975,49.30268859863281,4701365
2018-01-23,49.34993210312409,49.657114132673364,49.11363782045163,49.3853759765625,6359111
2018-01-24,49.798907599377564,51.06307453146039,49.64531385613579,50.74407958984375,11184713
2018-01-25,50.661379372484475,51.80740183161544,50.590491607146504,51.53566360473633,11609753
2018-01-26,51.79558791738631,52.16183957091386,51.72470015352609,51.831031799316406,7810737
2018-01-29,51.58291905559446,51.736512796223344,51.169405308190555,51.34663009643555,6629868
2018-01-30,51.16940054910768,51.46476978946089,50.40144805513938,50.82677459716797,6839098
2018-01-31,50.56685748187396,50.67318912341046,49.739830017089844,49.739830017089844,8521590
2018-02-01,49.75164854534726,50.117905605394476,49.19635922734891,49.338134765625,8575812
2018-02-02,49.27905737215293,49.36176335152023,48.67651136455165,48.81828689575195,6287503
2018-02-05,48.381139918578036,48.58199037185425,48.0621449876837,48.10940170288086,7917509
2018-02-06,46.54986342815484,47.684072954431954,46.00638702153765,46.6916389465332,14103341
2018-02-07,46.9751949736281,47.54230248663755,46.82160660548538,47.376895904541016,9371787
2018-02-08,47.0224498051053,47.471407384708954,46.15997314453125,46.15997314453125,7765439
2018-02-09,46.15997877627789,46.47897909539611,45.53380173086161,45.72283935546875,9697357
2018-02-12,46.349018818684954,46.6443881053226,46.077280581168566,46.59712600708008,7207484
2018-02-13,46.3962676993523,46.57348708969456,46.11271667480469,46.11271667480469,6096396
2018-02-14,46.27812521783196,46.892489383545225,46.08908760718933,46.868858337402344,8213654
2018-02-15,47.06971894217194,47.14060671665253,46.738905741761606,47.03427505493164,5174451
2018-02-16,47.258738435304245,47.731327056884766,46.951556369201896,47.731327056884766,9171992
2018-02-19,47.58955129240033,47.684070092062214,47.05789313039573,47.069705963134766,4381132
2018-02-20,47.140596753907325,47.530479431152344,46.98700840140936,47.530479431152344,5086064
2018-02-21,47.317820972524224,47.518671437980686,46.92793825556513,47.376895904541016,4184392
2018-02-22,47.093340813682104,47.43596678330191,46.927934245719044,47.24692916870117,4604421
2018-02-23,47.12878854961715,47.23512019931018,46.6798309022741,46.892494201660156,4819682
2018-02-26,46.963378346006905,47.55411148071289,46.91611625251021,47.55411148071289,4897106
2018-02-27,47.69588857162854,47.77859454834315,47.03426765416424,47.16423034667969,8226495
2018-02-28,46.96337791320444,47.21148507439941,46.75071463218017,46.76252746582031,6670971
2018-03-01,46.502597521806386,46.69163511697317,46.20723367582672,46.337196350097656,6319895
2018-03-02,46.018202770094646,46.20724039274087,45.53380125853318,45.640132904052734,6818178
2018-03-05,45.58106644845564,46.549869537353516,45.53380434996004,46.549869537353516,7968799
2018-03-06,47.377699342335724,47.908231974447204,47.15561748261192,47.16795349121094,9997966
2018-03-07,47.019903187594366,47.73550124962902,46.95821190770219,47.50108337402344,7519535
2018-03-08,47.37769528670436,48.216678619384766,47.37769528670436,48.216678619384766,6285703
2018-03-09,48.21668424544857,48.42643010309243,48.09330168566257,48.34006118774414,6685521
2018-03-12,48.48811757976329,48.64851378998851,48.38941826922999,48.52513122558594,5898840
2018-03-13,48.51278935818934,48.64850791564781,47.908229471093385,47.93290710449219,8363088
2018-03-14,48.0192756652832,48.537472318590524,47.932912365143935,48.0192756652832,9877169
2018-03-15,48.00693585733069,48.29070898889213,47.84653966156155,48.14265441894531,7547812
2018-03-16,48.167322974909965,48.42642407119127,47.94524113594576,48.11797332763672,20229311
2018-03-19,47.94524163129773,48.15498746498307,47.501077948780384,47.72315979003906,5158088
2018-03-20,47.74783471495155,47.85887562928389,47.130933256452614,47.834197998046875,4473788
2018-03-21,47.95758471897727,48.006934368265455,47.587442688101056,47.80952453613281,9653367
2018-03-22,47.5010808028272,47.69848502331022,47.11860275268555,47.11860275268555,5593355
2018-03-23,46.88418038740266,47.06925140163081,46.341311778822,46.44001388549805,10158379
2018-03-26,46.575731468542195,47.19262734642246,45.78610339665789,45.89714431762695,7671813
2018-03-27,46.760801867689196,47.03223617906241,46.489367556315976,46.84716796875,6680846
2018-03-28,46.67443699556383,48.093299865722656,46.32897539096966,48.093299865722656,8070406
2018-03-29,48.142655299171736,48.22901859405638,47.46406809618165,47.66147232055664,6521665
2018-04-03,47.328346252441406,47.5874417366314,47.10626440884999,47.328346252441406,5188725
2018-04-04,47.340681903952834,47.56276936336312,47.10626405442227,47.353023529052734,5327934
2018-04-05,48.14265696508976,48.463443756103516,47.92056948093376,48.463443756103516,5548106
2018-04-06,48.34005440052936,48.46343694299176,47.89589072963985,47.920562744140625,3992938
2018-04-09,47.982259844012695,48.38941554261026,47.61212340664248,47.858882904052734,3810214
2018-04-10,48.22901375694543,48.67318304784928,48.11797283859188,48.512786865234375,5345291
2018-04-11,48.54980686790521,48.54980686790521,47.84654200866911,47.99460220336914,4142030
2018-04-12,48.04394663979347,48.66084251701185,47.77250953272269,48.562137603759766,3933042
2018-04-13,48.512792305148515,48.5251283138523,47.957587651123696,48.22901916503906,4846160
2018-04-16,48.377067694699406,48.734868077304775,47.66146692948866,48.00693130493164,3963006
2018-04-17,48.04394738567569,48.75954818725586,47.89589282224392,48.75954818725586,5241893
2018-04-18,48.88293131458169,49.33943668802812,48.43876756797906,48.61149978637695,6679168
2018-04-19,49.03098162394444,49.06800088375919,47.31601245124271,47.67381286621094,7789810
2018-04-20,47.57510623706466,47.58744224489932,46.83482779969671,46.93353271484375,10074645
2018-04-23,46.73612604852964,46.958207896181065,46.35364801035888,46.90885543823242,13046813
2018-04-24,46.98288542650206,47.10626516673062,46.45235282439372,46.73612594604492,5540419
2018-04-25,46.53872399194707,46.711453400082995,45.90948921437309,46.41534423828125,5958996
2018-04-26,46.39066581639558,47.044575370535455,46.14390632818448,46.94587326049805,5108439
2018-04-27,46.94587300156581,47.143280029296875,46.82249325814076,47.143280029296875,4390643
2018-04-30,46.98288774028447,47.427054265232336,46.98288774028447,47.31601333618164,6107213
2018-05-02,47.081589832137695,47.41471261914865,47.00756254613526,47.13093948364258,9584156
2018-05-03,46.82248761719056,47.340678544903525,46.7361215263235,46.896514892578125,4616301
2018-05-04,47.056911597747195,47.402373176982906,46.99522032471713,47.353023529052734,3675637
2018-05-07,47.58744648958135,47.93291091466561,47.39004225916921,47.871219635009766,5351848
2018-05-08,47.83419910385263,47.994595284366945,47.624453277212936,47.94524002075195,4171218
2018-05-09,47.80952455498814,47.969920745845414,47.42705213350149,47.93290710449219,4219363
2018-05-11,47.74783924436934,47.85888016923515,47.501079761059756,47.84653854370117,4256368
2018-05-14,48.068632025082955,48.34006355844095,47.945249459246014,48.253700256347656,4318429
2018-05-15,48.15499006182133,48.352394281088905,47.957585842553755,48.10564041137695,5836836
2018-05-16,47.87121691643723,48.167326053984816,47.84653928247823,47.98225784301758,4574648
2018-05-17,47.957584371204156,48.031611653344584,47.42705177087114,47.89589309692383,4876741
2018-05-18,47.760178885083974,47.982260751707294,47.377700814239084,47.50108337402344,5167850
2018-05-22,47.46406516462519,47.51341481329836,47.08158713056597,47.30366897583008,4525408
2018-05-23,47.18029046769538,47.241976122101605,46.896517357961756,46.98288345336914,7445294
2018-05-24,46.98288541674507,47.241978096304805,46.53871891376347,46.674434661865234,3921783
2018-05-25,46.93353396201759,47.37769766574726,46.61274719238281,46.61274719238281,5546239
2018-05-28,46.74846267700195,46.92119487774258,46.58807210184354,46.74846267700195,2927268
2018-05-29,46.48936823141612,46.55105950824614,45.99585206050136,46.02052688598633,6197867
2018-05-30,46.03286360678429,46.291959093185056,45.97117233276367,45.97117233276367,6009062
2018-05-31,46.1315695194992,46.26728808654737,45.00881576538086,45.00881576538086,12155311
2018-06-01,45.45297963615955,46.14390563096192,45.24323379347481,46.08221435546875,7706457
2018-06-04,46.24260773950796,46.30429901500113,45.93415978827718,46.08221435546875,3638768
2018-06-05,45.98351377011705,46.14390715946926,45.58869970536471,45.62571334838867,4283254
2018-06-06,45.67506653170074,45.90948721081173,45.243236008343494,45.6380500793457,5506996
2018-06-07,45.65038238781413,45.995846757242475,45.63804357212177,45.81077575683594,4845891
2018-06-08,45.6997406277738,45.7244154535378,45.36661503186159,45.564022064208984,4915374
2018-06-11,45.78609960740066,45.958831787109375,45.56401497509736,45.958831787109375,4213306
2018-06-12,46.05753388355387,46.06987269888869,45.6380422496169,45.958831787109375,4140346
2018-06-13,46.23026963937314,46.254944463206805,45.88480525323255,46.09455108642578,4205862
2018-06-14,45.87247118401762,46.7484625764385,45.74909144214616,46.57573318481445,7505672
2018-06-15,46.7731392100774,46.9705462311023,46.637420654296875,46.637420654296875,16408871
2018-06-18,46.403005065105305,46.41534388300102,45.25557645441584,45.4776611328125,7078130
2018-06-19,45.20621871948242,45.40362854781033,44.83608231322991,45.20621871948242,7572495
2018-06-20,45.30492693137219,45.971175319867555,45.30492693137219,45.66272735595703,6234606
2018-06-21,45.724412878061095,46.21793183550414,45.30492401123047,45.30492401123047,4842547
2018-06-22,45.44064326708889,46.04520034790039,45.31726352582767,46.04520034790039,4204875
2018-06-25,45.55168100944774,45.773762842956735,45.107514533684956,45.21855545043945,5352113
2018-06-26,45.4653193882207,45.4653193882207,44.811407021765355,45.11985778808594,4917371
2018-06-27,44.92244547458575,45.169202126376554,44.317885638897074,44.91010665893555,5722276
2018-06-28,44.76205197437609,45.14452717095924,44.33022432408214,44.67568588256836,5698136
2018-06-29,45.93415891801403,46.66209854082283,45.56401969830269,46.44001388549805,11672228
2018-07-02,46.10688927724431,46.2549438357276,45.440640955324675,45.52700424194336,6172596
2018-07-03,45.74909023724369,46.316633664410915,45.588696857909596,46.1685791015625,5212449
2018-07-04,46.05753588535269,47.24197513788935,46.032861062355295,47.10626220703125,7048399
2018-07-05,47.056917007025966,47.427056261519844,46.88418479317978,47.007564544677734,4463344
2018-07-06,47.15561640274207,47.180294036865234,46.9088569139808,47.180294036865234,3496739
2018-07-09,47.2666557107854,47.42705190085587,47.0692514970332,47.402374267578125,3281768
2018-07-10,47.439391003603404,47.6121232128365,47.21730914208526,47.39004135131836,3530567
2018-07-11,47.06925052349866,47.08158653113742,46.76079977512124,46.797813415527344,3566196
2018-07-12,46.93353253256583,48.96929401430386,46.88418007518398,48.69785690307617,8470602
2018-07-13,48.54979928652649,48.91993567175125,48.364731093914116,48.83357238769531,4346509
2018-07-16,48.74721871801245,48.8089043827231,48.438767924496645,48.52513122558594,4484715
2018-07-17,48.25368989102859,48.475771720841095,47.920561528820336,48.24134826660156,4631903
2018-07-18,49.35177068962271,50.00568589106107,49.08033917246052,49.75892639160156,8057866
2018-07-19,49.882301337975434,50.25244338110925,49.79593804448863,49.943992614746094,7040389
2018-07-20,50.190751424448415,50.77063368926506,49.95632794638953,50.70894241333008,8808526
2018-07-23,50.33880490179907,50.6966053064839,50.190750336755684,50.597900390625,4023791
2018-07-24,50.24009656443844,50.85699241593674,50.12905564821812,50.634910583496094,4446712
2018-07-25,50.400496166841236,50.61024200644292,50.277113617668505,50.53620910644531,4457269
2018-07-26,50.59790171457608,51.30116653442383,50.4621831539051,51.30116653442383,6088735
2018-07-27,51.10375254352428,51.32583999633789,50.89401233293362,51.32583999633789,4299249
2018-07-30,51.07909227861814,51.498578413782326,51.07909227861814,51.23948287963867,2982180
2018-07-31,51.04207212033245,51.609612774044564,50.93103119129159,51.35051727294922,4730866
2018-08-02,51.09141943400599,51.535583129845335,51.05440579268605,51.49856948852539,5888811
2018-08-03,51.473893399273905,51.5602566830228,50.733615013966656,51.02972412109375,5236871
2018-08-06,50.9680370456076,51.43688399379449,50.88167375475158,51.19012451171875,3724716
2018-08-07,51.11609415531305,51.49856655466649,51.11609415531305,51.2641487121582,4013825
2018-08-08,51.042074107452834,51.19012868527123,50.7829729787802,51.16545104980469,3732634
2018-08-09,51.00505864008407,51.103757943441884,50.758299146709085,50.9186897277832,3395767
2018-08-10,50.74596115601267,50.99272066706503,50.4375159803152,50.449851989746094,4254426
2018-08-13,50.22776631045403,50.61024436623729,49.9069795321336,50.38815689086914,5220429
2018-08-14,50.64725197781198,50.79530653209931,50.05502814317314,50.289451599121094,4066052
2018-08-15,50.25243953064175,50.40049408955491,49.74657896436884,49.88229751586914,4040936
2018-08-16,50.190756109071565,50.4621876370378,49.85762768192171,50.412837982177734,4692934
2018-08-17,50.70894731608771,50.94337081681167,50.573228742904924,50.88167953491211,5499759
2018-08-20,51.054409753852866,51.16545068642806,50.77063660921948,51.12843704223633,3391075
2018-08-21,51.02973012472798,51.473899455164535,50.95570283923692,51.25181198120117,3474216
2018-08-22,50.98038210288254,51.17778633133763,50.869341171097105,51.09142303466797,3661806
2018-08-23,51.02972920025934,51.36285759642425,50.80764734780944,50.83232498168945,3239440
2018-08-24,50.78296624574834,50.931026421426694,50.41282985027668,50.74595260620117,2940626
2018-08-27,51.00506137204525,51.1161023073881,50.57322802239125,50.80765151977539,2618039
2018-08-28,50.7706280042576,50.807641642176,50.36347798715522,50.46217727661133,3519193
2018-08-29,50.21543193543817,50.40050015635662,49.869967511396794,50.22776794433594,3816343
2018-08-30,49.981003918122326,50.2277633961661,49.783599706181235,50.15373611450195,3285124
2018-08-31,49.943993508404596,50.10438408989004,49.5861930847168,49.5861930847168,8654980
2018-09-03,49.487495193586255,49.99335026204018,49.425803906948154,49.981014251708984,2878224
2018-09-04,50.1167237091369,50.22776463437047,49.37644525675639,49.77125930786133,4486848
2018-09-05,49.49982921407577,49.57385649966826,48.98163259743813,49.018646240234375,4696121
2018-09-06,48.932282011323146,49.17904149774702,48.53746795654297,48.53746795654297,4578189
2018-09-07,48.36473072813413,48.79655838012695,48.30303945856672,48.79655838012695,3607920
2018-09-10,49.29007906190191,49.82061164065072,49.191374150567086,49.53683853149414,5873099
2018-09-11,49.96866937600249,50.57322365482891,49.95632775036988,50.36348342895508,7237630
2018-09-12,50.47451658900732,51.00504911986381,50.46217496527352,50.67192077636719,4605325
2018-09-13,50.64725948064707,50.79531405686706,50.48686327808184,50.65959548950195,3500921
2018-09-14,50.647260568537064,50.90635608248734,50.57322766134649,50.77063751220703,3340380
2018-09-17,50.65959439028935,50.72128566820589,50.22776667985407,50.48686218261719,4129587
2018-09-18,50.277113421996575,50.48685926078195,49.79593608756947,50.25244140625,4211865
2018-09-19,50.33880379519345,50.585563270671194,50.166071600610046,50.425167083740234,4220503
2018-09-20,50.33880001810968,50.634909119469015,50.129054198817016,50.548545837402344,5275408
2018-09-21,50.89402135869601,50.89402135869601,50.141401198586955,50.51154327392578,15993147
2018-09-24,50.25243707340003,50.622573452584014,50.21542343548163,50.46217727661133,4035759
2018-09-25,50.61024781553461,51.39987599791053,50.58557017936956,51.313507080078125,5277016
2018-09-26,51.07909135079332,51.6589736939357,51.0297360763828,51.59728240966797,11465231
2018-09-27,51.44921971693578,52.078451617878784,51.15311058708025,52.05377960205078,5176294
2018-09-28,52.0537803249225,52.41158073429669,51.9057257579387,52.06611633300781,5670467
2018-10-01,52.16481550608617,52.571965520458726,52.140137875142884,52.43625259399414,3707527
2018-10-02,52.12780980891597,52.411582946777344,51.96741360958594,52.411582946777344,4020181
2018-10-03,52.485607941832065,53.52199552670884,52.46093030820713,53.39861297607422,5907557
2018-10-04,53.201209427471,53.28757272000749,52.5102862347088,52.57197189331055,5148215
2018-10-05,52.584310947871884,52.794051164846536,52.31287384033203,52.31287384033203,3895701
2018-10-08,52.0661113956904,52.164816303482965,51.646619750689105,51.89337921142578,3558685
2018-10-09,51.91806339494696,52.029104323668705,51.49857169700467,51.90572738647461,5065009
2018-10-10,51.85636363040876,52.806387799527094,51.85636363040876,52.14013671875,6342158
2018-10-11,51.36285625703323,51.78234231711406,50.067367583211194,50.25244140625,8398877
2018-10-12,51.07908646633247,51.31350433614822,50.5485538308422,50.585567474365234,5569394
2018-10-15,50.40049764710941,50.94336627393966,50.32647036242756,50.86933898925781,3812850
2018-10-16,50.94336294859803,51.97975048398353,50.80764439637701,51.868709564208984,5803510
2018-10-17,52.09080087751327,52.86809307479098,51.85637737036146,51.992095947265625,6187604
2018-10-18,51.80702358392265,53.2382252972003,51.77000994021686,52.979129791259766,7129297
2018-10-19,53.05315153444042,53.84277959597206,52.8434057028633,53.694725036621094,7446089
2018-10-22,53.69473083677459,53.76875812444657,53.07782928285432,53.38628005981445,6286082
2018-10-23,52.855745975361515,53.52199716369191,52.79405469815736,53.238224029541016,6293721
2018-10-24,53.65770875174321,54.2129133219407,53.18886184692383,53.18886184692383,6452245
2018-10-25,52.57197262310547,52.6953551770019,51.5602626451075,52.645999908447266,8432170
2018-10-26,52.571966587712616,52.83106767415361,51.81935219481294,52.362220764160156,7516667
2018-10-29,52.497945914983966,53.793429040199506,52.497945914983966,53.275238037109375,6436804
2018-10-30,53.48497883849714,53.80576558738905,53.349260287525624,53.657711029052734,6335334
2018-10-31,53.7810880522646,54.43499755859374,53.34926038384086,54.43499755859375,8980253
2018-11-01,54.2869426328237,54.65708464431898,54.0525247891167,54.39798355102539,4597430
2018-11-02,54.59539809960171,54.59539809960171,53.64537378274953,54.10187911987305,5697437
2018-11-05,54.0031736903275,54.71877451892761,53.97850167381722,54.55838394165039,4791162
2018-11-06,54.84215321224336,55.03955741788493,54.32395663964105,54.43499755859375,5882891
2018-11-07,54.28694826392805,54.8544945386005,54.22525698603142,54.64474868774414,4139693
2018-11-08,54.59540301207714,55.36035356724344,54.58306138510483,55.11359405517578,4514276
2018-11-09,55.1506011835248,55.39736066643093,54.84215604300964,55.3480110168457,3913793
2018-11-12,55.39736118211976,55.61944303355561,54.891506203574735,54.95319747924805,3797073
2018-11-13,55.19996297401932,55.45905849556864,54.86683454310811,55.11359405517578,3741072
2018-11-14,54.792806553749564,55.15060699906944,54.20058822631836,54.20058822631836,5630834
2018-11-15,54.212918222320525,54.45967770387637,53.54667267786069,53.97850036621094,5051343
2018-11-16,54.37331660355127,54.632412103500705,53.55901084336285,54.07720184326172,6896207
2018-11-19,54.829817246656134,55.113590385766074,53.805771238120506,53.8427848815918,6372789
2018-11-20,53.879794581843775,54.53370410780986,53.85511694883887,54.336299896240234,7095382
2018-11-21,53.818100260526826,54.47200974946408,53.670045705861,54.41032409667969,6328548
2018-11-22,54.286941283048535,54.41032382297577,53.879791259765625,53.879791259765625,4281120
2018-11-23,53.805763508251815,54.38564571182472,53.68238096941279,54.27460479736328,3265970
2018-11-26,54.323957030137244,54.81747597402328,54.101875190635454,54.595394134521484,4878291
2018-11-27,54.53370866115911,54.743454515489084,53.966162377087514,54.34864044189453,5188028
2018-11-28,54.59539229001197,54.866823767736136,54.212914278798884,54.41032409667969,5925408
2018-11-29,54.657087333612246,55.74282455444337,54.657087333612246,55.74282455444336,6134383
2018-11-30,55.730482778842536,56.42141156977287,55.61944185547657,56.11296081542969,9802576
2018-12-03,56.71752291235459,57.248055534135645,56.17465428221472,56.335044860839844,6187665
2018-12-04,56.137635619015484,56.74219547186128,55.96490342998959,56.655826568603516,5550328
2018-12-05,56.26101553154778,56.38439808061355,55.74282455444337,55.74282455444336,3892806
2018-12-06,55.39736464161321,55.53308320957392,53.89213562011719,53.89213562011719,7758065
2018-12-07,53.978502342316446,54.81748011632861,53.05315565697837,53.67005157470703,9878276
2018-12-10,52.99146559332967,53.64537516874513,52.38690567016602,52.386905670166016,6634804
2018-12-11,52.91743602138895,53.81810505415587,52.78171746169351,53.62070083618164,7497263
2018-12-12,53.94148999827575,54.37331771283134,53.62070321453528,54.31162643432617,7158523
2018-12-13,54.286950067622975,54.37331898304594,53.86745835197256,53.990840911865234,5078938
2018-12-14,53.73173593853142,53.97849539737253,53.37393556583524,53.68238067626953,4148314
2018-12-17,53.670053007346375,53.744080294750255,52.806397575974266,52.91743850708008,6109666
2018-12-18,52.76938153102442,52.91743609909502,52.164821633076116,52.22651290893555,7872351
2018-12-19,52.4239129281754,52.84340458243523,52.09079017669885,52.18949508666992,8103020
2018-12-20,51.819351565885015,52.14013830080903,51.72065227628489,51.85636520385742,7546028
2018-12-21,51.72065586975931,51.73299187744405,50.98037744138827,51.51091003417969,21220325
2018-12-27,51.21479830610316,51.831699841459226,50.03035612150418,50.474525451660156,6550048
2018-12-28,50.70894356330206,51.89338575366801,50.70894356330206,51.84403610229492,4377676
2019-01-03,50.95569965588554,52.04143685358542,50.412831057035596,51.81935501098633,7386220
2019-01-04,51.64661964532273,52.460925302343504,51.30116089498776,52.3252067565918,4237006
2019-01-07,52.07844877480656,52.12780403874803,50.8199794241331,51.2641487121582,5621775
2019-01-08,51.214801779832115,52.3622303995352,51.214801779832115,52.238853454589844,5584480
2019-01-09,52.460930236532015,52.59664879504867,52.05378017847205,52.49794387817383,4728129
2019-01-10,52.251186421968114,53.37394295781376,52.029104563500916,53.275238037109375,5021217
2019-01-11,53.497313742926636,53.86745013113644,53.28756791711122,53.546669006347656,4974179
2019-01-14,53.028477600944306,53.164196162312706,52.59664990021949,52.670677185058594,4642792
2019-01-15,53.151848120635634,53.78108558330386,53.01613519313906,53.68238067626953,8199976
2019-01-16,53.497318473344556,53.978501438054735,53.4603048312507,53.90446853637695,6489987
2019-01-17,53.744073672163076,54.38564716226598,53.50965021261064,54.299278259277344,5152988
2019-01-18,54.731108905824634,54.81747781352231,54.38565012750371,54.78046417236328,7584398
2019-01-21,54.47201048710076,54.706433946822486,54.299278298488375,54.484352111816406,3904381
2019-01-22,54.42266737082096,54.78046779820381,54.24993516148264,54.37331771850586,4100124
2019-01-23,54.22525098099544,54.75578355367549,54.04018278529069,54.299278259277344,3904969
2019-01-24,54.077198676581176,54.212917231580136,53.11483840134747,53.31224822998047,7805877
2019-01-25,53.38627949311959,53.53433406689195,52.67067864155967,52.81873321533203,5767511
2019-01-28,52.25118272157608,52.57196947802977,51.96740960557898,52.00442886352539,6074993
2019-01-29,52.1894971555586,53.1518518090848,52.14014188987172,52.843406677246094,5637941
2019-01-30,51.81935583217692,52.83107138253309,51.41220578095974,52.79405212402344,6116691
2019-01-31,52.89275385660606,53.43562243139375,52.86808184240406,53.361595153808594,7804073
2019-02-01,53.79342543413406,53.90446635592398,53.22588481748218,53.80576705932617,5391326
2019-02-04,53.68238923505171,54.496695017306195,53.521998650852524,54.34864044189453,5248849
2019-02-05,54.23759092151232,55.064232581651034,54.21291329035477,55.01487731933594,5285331
2019-02-06,54.743452733774156,55.21229407981533,54.59539816318117,55.12593078613281,3820537
2019-02-07,55.027229492559854,55.31100264405886,54.53371047973633,54.53371047973633,4689409
2019-02-08,54.37331681371694,54.75578925214773,54.32396154473282,54.60773468017578,3703956
2019-02-11,54.780463805706205,54.99020964336678,54.45967704531177,54.74345016479492,3417688
2019-02-12,54.92852021881089,55.36034791647894,54.7928016584032,55.051902770996094,4432774
2019-02-13,55.21228788864512,55.33566481114115,54.780460233674724,55.150596618652344,5012554
2019-02-14,55.21229369865325,55.520744463586,54.891506925419634,54.96553421020508,4304634
2019-02-15,54.718775655210436,55.607108705280005,54.718775655210436,55.57009506225586,11273099
2019-02-18,55.60710142571092,55.81684724788646,55.2986506958958,55.54541015625,3376579
2019-02-19,55.570087787532266,55.730478347143276,55.32332832717807,55.54541015625,4086877
2019-02-20,55.520741456643044,56.088282070097335,55.520741456643044,55.94022750854492,4852362
2019-02-21,56.00191351221625,56.32270023789213,55.71814042344568,55.915550231933594,4623159
2019-02-22,55.804515668806566,56.08828317236551,55.43437364016157,56.05126953125,4235020
2019-02-25,56.12529828555661,56.29803048778944,55.61944330454694,56.261016845703125,4769860
2019-02-26,56.10062086946985,56.63115343330328,56.10062086946985,56.48309326171875,5285377
2019-02-27,56.33504033491487,56.618813444290524,56.17464976917543,56.384395599365234,5154061
2019-02-28,56.125296110510575,56.557129408102675,56.00191918083416,56.162315368652344,7680683
2019-03-01,56.186989196289055,56.29803012182618,55.853866419677665,56.224002838134766,6163782
2019-03-04,56.90429977450502,57.23752342229888,56.72487075872683,57.0837287902832,14075798
2019-03-05,57.1862570652151,57.75017262726003,56.865847710851696,57.63482666015625,8681667
2019-03-06,57.67327086020861,57.99367435453933,57.42975883606067,57.71171951293945,3652265
2019-03-07,57.90396848825197,58.39098674930851,57.622007783560534,57.94241714477539,6097400
2019-03-08,57.76298690073399,58.16029356649992,57.41694899942266,57.63482666015625,4147019
2019-03-11,57.80143865842913,58.22437389384039,57.57074671184117,58.17311096191406,2689807
2019-03-12,58.314086788109506,58.44224702560777,58.083394859445114,58.18592071533203,6325389
2019-03-13,58.134654983285266,58.62167319873425,58.04494340489161,58.596038818359375,2334470
2019-03-14,58.78829658029183,59.185597440607694,58.74984792170385,59.07025146484375,3000597
2019-03-15,59.506004715875186,59.57008775635016,59.22404400600895,59.531639099121094,11411806
2019-03-18,59.9033069136899,59.916121186713916,59.5060002618747,59.6085319519043,3279002
2019-03-19,59.73668988298545,60.21089382520545,59.68542695758826,59.8135871887207,2574555
2019-03-20,59.28812704648393,59.78795959046183,59.28812704648393,59.531639099121094,2067155
2019-03-21,59.211236290893176,59.69825461483525,59.14715324331967,59.582908630371094,2586926
2019-03-22,59.80077235604619,60.10836157610604,59.377831343185,59.49318313598633,4376799
2019-03-25,59.27531259602078,59.63416478399716,59.15996078939742,59.33938980102539,3218494
2019-03-26,59.275303111036166,60.48003139803768,59.275303111036166,60.39031982421875,3675729
2019-03-27,60.78762085567712,60.92860118821108,59.83921884961695,60.28778839111328,4294381
2019-03-28,60.33905730302498,61.06958758209671,60.33905730302498,60.94142150878906,4128312
2019-03-29,61.14648213874503,61.41562271118165,60.736361226129574,61.41562271118164,3383006
2019-04-01,61.51174739295961,61.646314761825295,61.159296541761194,61.54378890991211,3791054
2019-04-02,61.108041363394456,61.19775295401234,60.62743021873072,60.78763198852539,5189306
2019-04-03,60.84531368207,60.85172081982658,60.05070605936709,60.55694580078125,5407374
2019-04-04,60.300613460917,60.48644961382201,60.057107238644065,60.36469650268555,5272338
2019-04-05,60.35187428153434,60.56974609135538,60.005830569773714,60.40313720703125,5262844
2019-04-08,60.05069797208516,61.095224673586166,60.018656452337105,60.762001037597656,6027235
2019-04-09,61.50142337727938,62.26983040337986,61.05197852893668,61.47967529296875,9246586
2019-04-10,60.60253345201055,60.74026353841989,59.44267841853013,59.61665725708008,8850901
2019-04-11,59.49342582160182,60.29082256124739,59.399186062322514,59.64565658569336,6102098
2019-04-12,59.73264135386624,59.855876611963815,58.01460682762902,58.717769622802734,8967047
2019-04-15,58.717770650863265,59.18895777123308,58.58003472193364,58.761260986328125,4430423
2019-04-16,58.9279923577804,59.188957711422404,58.61628341674804,58.61628341674805,4155764
2019-04-17,58.065343992991004,58.1450889155805,57.0794677734375,57.0794677734375,10324710
2019-04-18,56.76050624343228,56.956233173356225,55.839874267578125,55.839874267578125,9028714
2019-04-23,55.839876587517026,56.81850544251606,55.78913299878254,56.485042572021484,7563162
2019-04-24,57.99286569233275,58.21033489774778,57.54342077606474,57.86237716674805,9309883
2019-04-25,58.70327734025478,59.42818832397462,58.00011444463293,59.42818832397461,8941354
2019-04-26,59.76163286324283,60.05884694613672,59.52966303096419,59.877620697021484,5660749
2019-04-29,59.950112363723306,60.087842445761716,59.76163286324283,59.877620697021484,3566538
2019-04-30,60.0226101057728,60.63878058218766,59.99361460321294,60.31982421875,4388404
2019-05-02,60.38505981415965,60.77651366859247,60.27632522583008,60.27632522583008,4242231
2019-05-03,60.58804071349691,61.12447796726444,60.3415760089676,60.66778564453125,3763947
2019-05-06,60.53004741876162,60.8417563727431,60.305324974514726,60.68952560424805,3365816
2019-05-07,60.820015675849746,61.19696889822365,60.08060406545504,60.13134765625,4627301
2019-05-08,60.08060247732091,60.54454803466797,59.53691782730091,60.54454803466797,3800492
2019-05-09,60.18933595624363,60.457554567783646,59.217960357666016,59.217960357666016,5412093
2019-05-10,59.587668351283675,60.290831268480304,59.45718565397215,59.5441780090332,4586961
2019-05-13,59.449934791221374,59.6166662385735,58.31907508791752,58.529296875,4990052
2019-05-14,58.783013772003166,59.29770293955079,58.703274676115974,59.06572723388672,3281103
2019-05-15,59.07297644851503,59.64565658569336,58.833753341925906,59.64565658569336,5934874
2019-05-16,59.529672251442406,60.78376719259976,59.529672251442406,60.776519775390625,4565173
2019-05-17,60.82001881048975,61.138975206051505,60.47930849171808,60.964996337890625,4828137
2019-05-20,60.74752115940162,60.90699934151034,59.979114080930245,60.116844177246094,4025322
2019-05-21,60.25458565036893,60.8490139324453,60.25458565036893,60.60979080200195,3063502
2019-05-22,60.45755841864329,61.022991180419915,60.37781932237111,61.02299118041992,4408391
2019-05-23,61.03748591123605,61.76239686432416,60.92150389332091,61.39994430541992,6277987
2019-05-24,61.581165862181244,63.24846267700195,61.51592160564787,63.24846267700195,6928799
2019-05-27,64.00237408467328,64.45181899299256,63.69791253425306,64.16910552978516,4005206
2019-05-28,64.2633481047916,64.3793359737684,63.95163909513204,64.12561798095703,6188486
2019-05-29,63.378944977708464,63.69790717117527,63.009239196777344,63.009239196777344,6228060
2019-05-31,62.60328586848713,62.87150445465886,62.10309744752621,62.4148063659668,5875687
2019-06-03,61.90737827494628,63.40794372558594,61.84938726781259,63.40794372558594,4783366
2019-06-04,63.067230200942525,63.47318473593625,62.820765515600925,63.009239196777344,4332699
2019-06-05,62.61053978371057,63.2412109375,62.52355327486483,63.2412109375,3792660
2019-06-06,63.42244919254915,64.03137231935273,63.262965157948294,63.306461334228516,4271518
2019-06-07,63.13971896201937,63.444186308043555,62.683026695901425,63.28470230102539,4852381
2019-06-11,63.27745429759045,64.06035615156898,63.045484458500304,63.59641647338867,6421312
2019-06-12,63.21221656008998,64.20534610661835,63.183221056625115,64.04586791992188,3925807
2019-06-13,63.951632383045705,65.1114876099587,63.951632383045705,64.51705932617188,4514038
2019-06-14,64.29958669702597,65.11873156275063,64.14735592541629,64.81427001953125,3463827
2019-06-17,64.87951182685761,65.13322976994861,64.3865707744069,65.00999450683594,3375022
2019-06-18,64.8215181648264,66.46706101904667,64.8215181648264,66.2785873413086,5445797
2019-06-19,65.9668769732155,66.18435200230171,65.55368083675909,65.93788146972656,4278201
2019-06-20,66.03936767578125,66.64829658118765,65.87988949130397,66.03936767578125,4284401
2019-06-21,65.6189251295003,66.0828707326552,65.32896423339844,65.32896423339844,11512442
2019-06-24,65.57542996982976,65.87264409707417,65.14773315716279,65.40145111083984,3861899
2019-06-25,65.2419670296767,66.20610108809396,65.14047984829378,65.8943862915039,3562223
2019-06-26,65.43043721616883,65.44493204842284,64.53154754638672,64.53154754638672,4787853
2019-06-27,64.5895571584372,64.86502323870899,64.3503398398035,64.66929626464844,3413480
2019-06-28,64.4518113218178,64.82151708987342,64.19084014160485,64.66203308105469,3836816
2019-07-01,65.02449461263095,65.67691384215091,64.836015093522,65.43769073486328,4677846
2019-07-02,65.53192609888673,66.36557153951705,65.40144342879066,65.77839660644531,5491625
2019-07-03,65.91614051794,66.5613124226991,65.79290523831365,65.98863220214844,4691628
2019-07-04,66.08285760419795,66.21334027328524,65.75664801384035,65.77114868164062,2852564
2019-07-05,66.06836195784109,66.06836195784109,65.03174210733776,65.06073760986328,5214290
2019-07-08,64.72003199736281,65.36520385742188,64.69103649274436,65.36520385742188,4001559
2019-07-09,65.23471858648564,65.94512884499255,65.13323140669894,65.8218994140625,4509346
2019-07-10,65.53918506099954,66.00313065730239,65.11148822322404,65.48844146728516,11663574
2019-07-11,65.89438018361182,66.29308145502524,64.69828220465052,64.87226104736328,6741749
2019-07-12,64.77078054178754,64.77078054178754,63.16872787475586,63.16872787475586,14439736
2019-07-15,63.081731170701225,63.82839015282801,62.80626514668314,63.62541580200195,6911171
2019-07-16,63.64716295565521,64.00236806440039,63.5239276965609,63.81388854980469,5953075
2019-07-17,63.86463372016862,65.34345103068576,63.79939529832887,65.00274658203125,7912449
2019-07-18,65.78564568114523,68.43157124302432,65.5319277508739,67.0252456665039,12043188
2019-07-19,67.41669556266203,67.75740584152386,66.96725069216644,67.19922637939453,7992399
2019-07-22,66.85127063931472,67.35145911190774,66.56130393943731,67.05424499511719,4334097
2019-07-23,66.88750744340206,67.4964304551335,66.61928885406753,67.01799011230469,5722555
2019-07-24,66.655542892851,66.72803456694207,65.83639222737322,66.40182495117188,6302469
2019-07-25,66.546811291604,67.12673887512953,66.01762146341646,66.2713394165039,7289770
2019-07-26,66.111853010958,67.16297344898706,66.111853010958,67.01799011230469,5865281
2019-07-29,65.50292864421388,66.51780030943902,65.4594324770532,66.35832214355469,5525180
2019-07-30,66.1408491161876,66.45981129275042,65.55367418311587,65.77839660644531,4975321
2019-07-31,65.77840218518803,66.43806884321108,64.9882470107232,66.30033874511719,6405759
2019-08-02,65.85814244675299,66.53230978588981,65.2782148705156,65.50293731689453,8356179
2019-08-05,65.2419692756235,65.44494364537671,64.16910641700791,64.5025634765625,4957862
2019-08-06,63.97337861753577,64.95925494832213,63.937129860400006,64.28508758544922,4942974
2019-08-07,63.074478789509236,64.33582096615906,61.689895526381726,62.4148063659668,12826144
2019-08-08,62.89325850732579,64.51705932617188,62.82802007903882,64.51705932617188,7678985
2019-08-09,64.29959221392659,64.68379288448503,63.966129302978516,63.966129302978516,5091503
2019-08-12,63.821145907498135,64.87226646809636,63.821145907498135,64.4880599975586,4975806
2019-08-13,64.00961722395812,64.53155377634376,63.18321914150067,64.24884033203125,5299424
2019-08-14,64.43731469262306,64.86501148963262,63.190467221387365,63.50218200683594,5287854
2019-08-15,63.349952401551896,63.64716652336431,62.29883184965505,62.675785064697266,5760376
2019-08-16,62.712026813702984,63.62541724846443,62.712026813702984,63.444190979003906,4604553
2019-08-19,63.893632434738265,64.26333823977318,63.56017538612927,63.712406158447266,3667248
2019-08-20,63.44419482154033,64.29958846706957,63.44419482154033,63.53118133544922,4400725
2019-08-21,63.62540952260729,64.40106393040324,63.45867810719293,64.19808959960938,3672035
2019-08-22,64.19810131129563,64.61129746428308,63.39344542206805,63.618167877197266,4067201
2019-08-23,63.60366832518172,64.35757473125858,63.197719619644836,63.31370162963867,3433967
2019-08-26,62.77727323110356,63.045491853710274,62.37857192340799,62.603294372558594,4251702
2019-08-27,62.60329641298552,63.94437789916993,62.59604899559979,63.94437789916992,7661591
2019-08-28,63.71240811566383,63.7559042905993,62.87876255089237,63.50943374633789,4233183
2019-08-29,63.357197217989565,64.07486069815894,63.299206213526304,63.683406829833984,4036794
2019-08-30,64.44456815894361,65.18397390857935,64.31407964258494,64.52430725097656,5894734
2019-09-02,64.51705845755568,64.80702517801991,63.82114883194505,64.24159240722656,2912028
2019-09-03,63.93713046358296,64.1546055026103,63.65441699754322,63.88638687133789,3411646
2019-09-04,64.51704841344987,64.6910272515872,63.59641647338868,63.59641647338867,3983166
2019-09-05,63.712410310210274,64.20535141571222,63.13248268712088,63.922637939453125,4953624
2019-09-06,64.29233583617832,64.5098108759731,63.73415631951276,64.44457244873047,4205262
2019-09-09,64.72728606247388,64.82877324755219,63.84289106647179,64.18360137939453,4778559
2019-09-10,64.23433223016444,64.32132456313528,62.5742888405163,63.29194641113281,9784393
2019-09-11,63.53841590159107,63.893620973281806,63.313693492012256,63.741390228271484,5335502
2019-09-12,63.85738521670208,64.5822961083672,63.40069293047842,63.79214096069336,5760795
2019-09-13,64.08211652020327,64.08936393789199,62.34232780531488,62.82077407836914,8549225
2019-09-16,62.349573202471184,62.76276932314605,62.12485076491562,62.233585357666016,5635509
2019-09-17,62.12484926739215,63.05273449762918,62.03785692706543,62.269832611083984,6029750
2019-09-18,62.34232043662024,62.50905187071315,62.0233640726571,62.18284225463867,5379061
2019-09-19,62.2263374446271,62.62503872857113,61.624661810352166,62.255332946777344,6732239
2019-09-20,62.72652297550148,63.4079376676992,62.52354863464595,62.53079605102539,16284214
2019-09-23,62.53805654733078,62.8860143002244,61.84214104154355,62.0886116027832,5555048
2019-09-24,62.20458980908182,62.63228659826936,61.987114788463344,62.11760330200195,5809190
2019-09-25,61.79139574489685,62.03061888165659,61.022994410747266,61.566673278808594,13052430
2019-09-26,61.4724263592013,62.9367428707015,61.41442952404497,62.4148063659668,13407988
2019-09-27,62.922246106281484,62.95848902127244,62.378561534467366,62.61777877807617,5340521
2019-09-30,62.922247965436625,62.9729915490904,62.26257554265883,62.733768463134766,4998269
2019-10-01,63.0309888820919,63.19772031739792,61.798642082986305,62.04511260986328,6905995
2019-10-02,61.83488915323697,61.950877007576096,60.805516640046186,61.001243591308594,6927331
2019-10-03,60.97948880261744,61.595665093455274,60.805509957867876,61.334693908691406,5154334
2019-10-04,61.61740346833132,61.99436247098261,61.225955468720535,61.71164321899414,5757421
2019-10-07,61.89287358337359,62.50904987642435,61.79863966172506,62.269832611083984,4038545
2019-10-08,62.501809003842936,62.501809003842936,61.10997809512138,61.40719223022461,6226664
2019-10-09,61.53042224571667,62.09585496290461,61.45068315573253,61.617408752441406,4609549
2019-10-10,61.776896464854914,62.07411059235707,61.00124193353548,61.907379150390625,5893148
2019-10-11,62.38581212547676,62.95124480917402,62.09585128495621,62.84251022338867,5019886
2019-10-14,62.124850292922005,62.48005540613522,61.61740858162397,62.313323974609375,4761559
2019-10-15,62.617789704762544,62.799021817177604,61.972623691337795,62.581546783447266,5023853
2019-10-16,62.71927841340515,62.95124826561403,62.26983354240591,62.632286071777344,4773593
2019-10-17,62.61779398992355,62.944003645202976,62.44382095336914,62.44382095336914,6370452
2019-10-18,62.34231906349523,62.48005499194681,61.697153097667766,61.98711395263672,5672520
2019-10-21,61.95812369052217,62.016114699364486,61.55217495806671,61.71890640258789,5042780
2019-10-22,62.9222523480023,62.95124784992705,61.06648187202715,62.30607604980469,9136718
2019-10-23,62.26983704809442,62.480058826731494,61.878383159289406,61.95812225341797,7471250
2019-10-24,62.48005580446917,62.67578273940404,62.16834102487087,62.610538482666016,6523755
2019-10-25,62.91499461376007,63.00923436476085,62.545294696459436,62.9947395324707,5523174
2019-10-28,63.06723501592882,63.204970955435776,62.75552605064403,62.96574783325195,4106391
2019-10-29,62.83526588305944,63.53118133544922,62.58879534073142,63.53118133544922,5084550
2019-10-30,63.212215030589746,63.284706705137594,62.5235528753041,62.915000915527344,5393350
2019-10-31,62.82076803884782,63.277460344370134,62.320579560814984,62.40756607055664,7287219
2019-11-01,62.77727173566316,62.806267238850026,62.277083258671496,62.66853713989258,4847630
2019-11-04,62.98749860396271,63.73415767134334,62.661288954991356,63.328208923339844,5788603
2019-11-05,63.175977919307336,63.38619971012824,62.57430221699393,62.74102783203125,5867570
2019-11-06,62.51630144686559,63.08898160780421,62.197345071885664,63.03099060058594,5272059
2019-11-07,63.22671713554969,63.30645622877949,62.320579936041256,62.675785064697266,5066200
2019-11-08,62.53080153477649,63.755900939005336,62.39307143509412,63.429691314697266,5720199
2019-11-11,63.64716907458117,64.55330631041097,63.63991582197542,63.8791389465332,4544124
2019-11-12,64.02411263946087,64.61128756566517,63.9661158037685,64.3720703125,6305059
2019-11-13,64.15461100717364,64.5968085405532,64.04587639597024,64.32134246826172,3401444
2019-11-14,64.32858286300629,64.64754507906758,63.88638537790494,63.951629638671875,3957188
2019-11-15,64.58953663020972,64.85050779110716,64.0096091458399,64.29957580566406,5246696
2019-11-18,64.34307089869618,65.01723818093444,64.22708889440504,64.66203308105469,4281317
2019-11-19,64.80703222242451,65.19848617054559,64.30684365994995,64.66929626464844,4427270
2019-11-20,64.64754480273031,65.27096272720047,64.63304413308423,65.1404800415039,4666060
2019-11-21,64.61854540511239,65.01724672664514,64.40832361824445,64.93750762939453,5113373
2019-11-22,65.24196720333252,65.82190062452655,65.08248901367188,65.08248901367188,5448313
2019-11-25,65.38694557871634,65.85089111328125,64.92300587943052,65.85089111328125,6537313
2019-11-26,65.83638184298552,66.64103171261577,65.69865176863215,66.3293228149414,8111446
2019-11-27,66.43806448964989,66.8730145120624,66.31482923349425,66.75702667236328,5578939
2019-11-28,66.54681486308662,67.03250270859462,66.54681486308662,66.93826293945312,2293502
2019-11-29,66.764278400927,67.01799634608172,66.67003863978972,66.73528289794922,4717364
2019-12-02,66.74979648256783,67.19198820027792,65.40870898694237,65.53194427490234,5819850
2019-12-03,65.74941244939129,65.85814705401776,64.64029497402586,64.84326934814453,6636546
2019-12-04,64.66928790333777,65.47394378547003,64.66204048605934,65.35795593261719,4977952
2019-12-05,65.59718473421042,66.35109125481895,65.48119687131675,65.5609359741211,3673031
2019-12-06,65.901632820637,66.37282575839194,65.53192705391123,66.16984558105469,3850306
2019-12-09,66.11186116729704,66.2785926085796,65.78565153715601,66.09736633300781,3636140
2019-12-10,66.11186118739995,66.30034071545316,65.48843743078628,66.15535736083984,5912947
2019-12-11,66.31484219554733,66.33659028444679,65.62617994503843,66.19886016845703,5139798
2019-12-12,66.11185407112532,66.5612989208807,65.80739256037727,66.16259765625,5383332
2019-12-13,66.53955951124543,66.53955951124543,65.98138000210429,66.11911010742188,5021045
2019-12-16,65.96688297434021,66.54681643799434,65.54643354730295,66.35108947753906,6988410
2019-12-17,66.03212252120876,66.80052963741937,65.83639557473931,66.59754943847656,8599408
2019-12-18,66.56855538230649,67.41670161193515,66.3873291015625,66.3873291015625,7468704
2019-12-19,66.53231085636635,67.06149485113832,66.40182817078744,66.80052947998047,6893612
2019-12-20,67.1774759666215,67.50368556550023,66.91650478635114,67.13397979736328,11260517
2019-12-23,66.90927194430998,67.7864137605917,66.90927194430998,67.56169128417969,4042818
2019-12-27,67.6559210928525,67.70666468213855,67.27896788168758,67.4964370727539,3021829
2019-12-30,67.49644260119376,67.51094327158292,66.60480600717584,66.61930084228516,4324714
2020-01-03,66.36557616298954,66.93100888650281,65.90888386819762,66.89476013183594,5450764
2020-01-06,66.57580041399754,66.84401317567841,65.97412480141129,66.75702667236328,4477606
2020-01-07,66.90926743401262,67.38046044444029,66.66279688484863,66.93826293945312,3777734
2020-01-08,66.42358301247833,66.87302795817347,66.23510346447968,66.58306121826172,4482533
2020-01-09,67.25721266309708,67.61241775043104,66.8222684918096,66.95275115966797,4785467
2020-01-10,66.99625120086989,67.2717230794491,66.35108518427624,66.43082427978516,5727586
2020-01-13,66.16259859637007,66.75702679357914,65.85813708129585,66.00312042236328,4752903
2020-01-14,66.16985219513347,66.2713393763069,65.38695024961285,66.15535736083984,6528018
2020-01-15,66.07561485284612,66.53955456130568,65.95962700809162,66.45256805419922,5570291
2020-01-16,66.4743199458511,66.59030196196704,66.1046141401025,66.42357635498047,5438139
2020-01-17,66.57580268454228,67.35870458219487,66.49605775968506,67.25721740722656,9490037
2020-01-20,67.27172670530508,67.49644333417868,67.21372985839844,67.21372985839844,3270356
2020-01-21,67.03249829885124,67.45294768827874,66.98175470884857,67.33695983886719,4539832
2020-01-22,67.23547371033673,67.7791583747417,66.70628971556476,66.80052947998047,5700218
2020-01-23,66.7062778851631,67.32244828261628,66.43081189322632,66.56129455566406,4826830
2020-01-24,66.8512636563932,67.13397707454743,66.36557006835938,66.36557006835938,5782763
2020-01-27,65.83639956122472,66.18435730151096,65.24922452154165,65.75666046142578,6046496
2020-01-28,66.2568429287835,67.18472820632518,65.97412947886673,67.1194839477539,6191369
2020-01-29,67.16298274750483,68.31559051373095,66.94550771237249,67.94588470458984,9284821
2020-01-30,67.41670000673673,67.60517953562413,66.6917890657413,66.8585205078125,6744018
2020-01-31,67.3587063341877,67.3587063341877,66.0901107788086,66.0901107788086,6286920
2020-02-03,66.34382677823463,66.43806653618816,65.67691272643835,66.29308319091797,6257112
2020-02-04,66.37282460773037,66.85126495361328,65.96687009537256,66.85126495361328,6032647
2020-02-05,66.51780712704094,68.27209047268481,66.49605904123158,67.85889434814453,8184690
2020-02-06,67.87339592619043,68.37357856538826,67.85889525703021,68.19235229492188,5096389
2020-02-07,68.2575979956384,68.56930695401641,67.85164927392583,67.98213195800781,5165883
2020-02-10,67.81539044877435,68.62729360692883,67.80814303275685,68.55480194091797,3320471
2020-02-11,68.85202254039373,69.5044417609887,68.72153402805141,69.35221099853516,5666421
2020-02-12,69.51168917769245,69.663919940146,69.1999802360816,69.35221099853516,4392973
2020-02-13,69.6639271296747,69.86690150056035,69.19273412499886,69.46095275878906,4680337
2020-02-14,69.50444326572826,69.83065288308804,69.13473747664604,69.31596374511719,3304786
2020-02-17,69.22897060522295,69.54067952372228,69.12023018633354,69.2724609375,3384950
2020-02-18,68.97525263087165,69.41019680024168,68.46781095878146,69.15647888183594,3757093
2020-02-19,69.55519252678017,69.85240666565694,69.22898288281687,69.46095275878906,5122392
2020-02-20,69.23622968513392,69.46095214165786,68.54756164550781,68.54756164550781,6859024
2020-02-21,68.09086168749637,68.65629439179962,68.04736551748557,68.43157196044922,14577589
2020-02-24,67.4166953152791,67.46743890255921,65.65516459382467,66.1771011352539,8875826
2020-02-25,65.09699032011652,65.27096334584115,62.74102536166765,62.90775680541992,13996213
2020-02-26,62.82800919214439,63.34269245284933,61.41443040871557,62.661277770996094,12163815
2020-02-27,61.61015983591624,62.24083095897544,60.79826245179941,61.653656005859375,14071133
2020-02-28,60.12409763905469,60.17484122765528,58.29732261415409,58.89899826049805,18387816
2020-03-02,59.56592326189721,60.3488252437729,58.580041072969514,59.44268798828125,15301940
2020-03-03,60.883781327457456,62.44355162779625,60.84610237591206,61.08723068237305,16606048
2020-03-04,61.10982309000941,62.85797579722049,61.064616845554475,62.33051300048828,12187457
2020-03-05,62.955934142792444,63.06143156531832,61.03448355922335,61.85580825805664,10813352
2020-03-06,60.559760037457835,60.80842167607097,58.97738378262729,59.73089599609375,13451541
2020-03-09,56.5134025772977,59.308929246218426,56.27228037288491,57.297054290771484,22629011
2020-03-10,58.39718269360938,60.11518985110091,58.06563585650314,58.24647903442383,22392728
2020-03-11,58.87942792377326,59.65554624020456,58.22387373700923,58.43485641479492,14826023
2020-03-12,56.151720277301436,56.46819433064242,51.932054101734806,52.71570587158203,26952516
2020-03-13,55.684541371715085,58.35951010649214,52.979433118050586,53.46167755126953,21709777
2020-03-16,51.916979290113716,54.30561345530549,49.04609766740525,52.889007568359375,16643104
2020-03-17,56.0386893497537,56.0386893497537,50.846989368224556,55.71467590332031,15076247
2020-03-18,54.049420640456916,55.14201310190733,52.37662574694279,54.26793670654297,15294546
2020-03-19,55.7598940393353,57.108681504757364,53.51443009512439,57.040863037109375,18047230
2020-03-20,60.00970109086326,60.16040475654834,55.503700306144424,55.75989532470703,23170814
2020-03-23,53.280838837290545,56.28735466279092,52.685569641983534,52.760921478271484,12847023
2020-03-24,54.77279003622219,54.81046291702477,53.44660879691799,54.68236541748047,12220453
2020-03-25,55.75989267131372,57.42515414721725,54.177516387939754,56.18185806274414,11319699
2020-03-26,55.92565917602677,57.960140228271484,55.36052959407621,57.960140228271484,8556153
2020-03-27,57.26691436767578,57.410078590512626,55.75988998613118,57.26691436767578,10518514
2020-03-30,58.0204290445181,58.954784443731576,56.746993448203604,58.62323760986328,9041231
2020-03-31,60.11519255588471,60.167938232421875,58.10331741831729,60.167938232421875,10936287
2020-04-01,59.11301866539161,60.054907383234834,58.69858665905905,59.45209884643555,9314949
2020-04-02,59.83639460945226,61.004332801550596,59.210979884298496,60.86870193481445,7029441
2020-04-03,61.18518883317267,62.315460446284234,61.09477025818955,61.524269104003906,6543434
2020-04-06,63.20459344188485,63.75465636366525,62.3606626173473,62.767555236816406,6147133
2020-04-07,63.79986697767077,63.96563736650212,61.89348324407015,62.39080047607422,7269550
2020-04-08,62.04418012164993,62.330514649820216,61.44137154637195,62.127071380615234,5025750
2020-04-09,62.54150402449732,62.54150402449732,61.237922810015036,61.87841033935547,6238011
2020-04-14,61.87841045167183,63.12170656443703,61.787991893812006,62.39080047607422,7690037
2020-04-15,62.277765632821,63.038817256316726,61.44890767724275,61.953758239746094,6563892
2020-04-16,62.85797304783737,63.965632134955875,62.616844782245586,63.74711608886719,8472840
2020-04-17,65.23153728521741,65.27674959527361,64.2670423752407,64.80203247070312,9118965
2020-04-20,64.95273644856196,66.0830078125,64.88492404865198,66.0830078125,5648652
2020-04-21,66.12820911681176,66.19602757716484,64.58351190907905,64.66639709472656,6593771
2020-04-22,64.80202918002672,65.4801955999027,64.63625880558496,65.21646118164062,5039863
2020-04-23,64.50063026209973,66.15081889946451,64.22182910825381,65.14865112304688,6327892
2020-04-24,64.1916923533611,64.9979502663393,64.12387388636837,64.77943420410156,6261165
2020-04-27,65.93983157541317,66.62553133449104,65.79666735977645,66.33165740966797,6775265
2020-04-28,67.06256549206067,67.31876048116594,64.04851678695555,65.3671646118164,8745133
2020-04-29,64.87738650309633,65.12604815134362,63.56627799100154,64.09373474121094,6439066
2020-04-30,63.430647431475215,63.49092647021921,61.98390197753906,61.98390197753906,9711454
2020-05-04,60.78582261746138,61.53933491889502,60.4166028635161,60.695404052734375,7614586
2020-05-05,61.44890877166013,62.338051843223425,61.04201011682179,62.119529724121094,5817615
2020-05-06,62.27776697829675,63.016212463378906,61.991432459308086,63.016212463378906,5959915
2020-05-07,63.33268972973148,63.58135138031337,61.8633381132686,62.6771354675293,7520838
2020-05-08,62.767553013609174,63.01621466018015,62.03664693167203,62.30791473388672,3691046
2020-05-11,62.307917645424496,63.21212752036568,61.8633400061736,63.03128433227539,4665093
2020-05-12,63.21965933617078,63.747116043950804,62.79768790443724,63.15937423706055,5361831
2020-05-13,62.62438742066737,63.00114049851367,62.22502212215888,62.61684799194336,6118128
2020-05-14,62.15720915955819,62.60178069883723,60.68032424888877,61.03447723388672,7583927
2020-05-15,61.83319733062655,62.34558734832205,61.15503692626953,61.15503692626953,6339378
2020-05-18,62.04418605701177,62.46615755903257,61.69757245780841,62.202423095703125,4919788
2020-05-19,62.36819498356666,62.68466903770702,61.81059264154881,62.39833450317383,6758369
2020-05-20,62.526429145627745,62.94086116863436,62.08185760439498,62.511356353759766,5323471
2020-05-22,61.85580366451245,62.11953203746611,61.132430946976726,61.923622131347656,6358862
2020-05-25,62.338051318249335,62.90318092069817,61.93868602986093,62.624385833740234,4416015
2020-05-26,63.05388733629151,63.091566284077764,61.62221469612275,61.99897384643555,7104507
2020-05-27,62.02911623368627,62.277771825432005,60.831032391657104,61.17011260986328,8926385
2020-05-28,61.49412189044395,63.543676054429866,61.011877419806325,62.827842712402344,8778695
2020-05-29,62.90318620370007,63.55120711586848,62.24009856421972,62.56410598754883,11399144
2020-06-02,62.692205142244205,63.14431615264902,61.96883844351513,62.232566833496094,8074749
2020-06-03,62.285310399743025,62.57917830068548,61.78799315756727,62.14967346191406,8477630
2020-06-04,61.90101577151723,63.197057541907945,61.260528249664276,61.614681243896484,7797959
2020-06-05,61.53179705079356,62.83537220571617,61.29820819379257,62.5716438293457,6257386
2020-06-08,62.27777346406105,62.46615608564019,61.42630924704651,62.13460922241211,7593771
2020-06-09,61.93115352203766,63.927961795024345,61.88594121225433,63.40050506591797,12242499
2020-06-10,63.106627346668425,63.55119885827819,62.69973477946305,63.06895446777344,7350264
2020-06-11,62.35312808203909,62.69220832429815,61.12490463256836,61.12490463256836,7309806
2020-06-12,60.72553694567516,60.95912579427677,60.122728383431294,60.47687530517578,8495555
2020-06-15,60.13780002799154,61.34342331658703,59.84393211878547,60.89884567260742,7324461
2020-06-16,61.335877122408775,62.571639795460094,61.09475491748766,62.262699127197266,8117017
2020-06-17,62.67713154520169,64.18415595036238,62.41340318412502,64.12387084960938,8167106
2020-06-18,64.0485233156103,64.72668980234498,63.91289244446739,64.5383071899414,7159784
2020-06-19,65.32195759762749,65.60075267173251,64.4930936069696,65.43498229980469,16107085
2020-06-22,65.54800983706392,65.54800983706392,64.26704091678334,64.27457427978516,4909350
2020-06-23,64.80202335690201,65.06575775146484,64.39513082015127,65.06575775146484,4166458
2020-06-24,64.65133281932825,64.85478214258762,63.60394668579102,63.603946685791016,5734965
2020-06-25,63.37035696482348,63.814934550847916,62.970997752295716,63.74711608886719,4159512
2020-06-26,63.92042542663956,64.15401426219145,62.466146742897415,62.66958999633789,5467185
2020-06-29,62.4812094571718,62.97852661294995,62.38325148537225,62.820289611816406,3650010
2020-06-30,62.61684943971662,62.72988021809178,61.61468161968673,62.10446548461914,5111912
2020-07-01,61.90855062940466,62.63945672554123,61.70510129016869,62.39833450317383,4687989
2020-07-02,62.84290556918103,62.865511725085646,61.908550141177074,62.5716438293457,4890248
2020-07-03,62.48874768766972,62.54149942433297,61.901011942102826,62.07432174682617,2689220
2020-07-06,62.76001809131544,63.21212299643,62.54150203470386,62.89564895629883,3381571
2020-07-07,62.91825530662827,62.955928188208965,61.99897270165504,62.61684799194336,3404685
2020-07-08,62.39080082498933,62.63192304614066,61.953762629114365,62.16474533081055,3436372
2020-07-09,62.31544742544432,62.594248588031185,61.58454135138704,61.71263885498047,3723316
2020-07-10,61.59207840323939,62.02911661428924,61.373562330469596,61.787994384765625,5305272
2020-07-13,62.014040688284645,62.029113480529126,61.4639777867656,61.923622131347656,4649094
2020-07-14,61.335876354554046,61.41122817993163,60.42412715264766,61.41122817993164,6112680
2020-07-15,62.04418258508291,62.8956528400441,61.66742948514161,62.56410598754883,5764783
2020-07-16,62.277768569966995,62.54150300635017,61.75784519152829,62.09693145751953,3963055
2020-07-17,61.91607804180881,62.36064951713006,61.37354859764333,62.059242248535156,4374568
2020-07-20,62.16474195570768,62.99360599051842,61.72770378356079,62.32297897338867,5052164
2020-07-21,61.78799838861444,62.19489104001891,60.7858243903093,61.12490463256836,9153046
2020-07-22,61.034477801899214,61.042011165115305,60.19807432308884,60.657718658447266,7354381
2020-07-23,60.65772608363321,61.094764317331915,59.90421377000079,60.09259033203125,6392286
2020-07-24,59.35415129268491,59.52746112784188,58.449935295903856,58.82669448852539,6594286
2020-07-27,58.41225885760873,58.91710947296218,58.39718606461612,58.675987243652344,6147994
2020-07-28,58.85681777378919,58.97737582976079,57.982741540450306,58.38210678100586,7312779
2020-07-29,58.37457900633758,58.48760978826079,57.771770409617694,58.10331726074219,5558755
2020-07-30,58.020435666249035,58.04304182403707,57.05594063851932,57.538185119628906,7572243
2020-07-31,57.462825081334984,57.95260892214785,56.8148042240993,56.867549896240234,7501668
2020-08-03,56.65656491826083,58.849289036032815,56.58121309460297,58.314292907714844,6578023
2020-08-04,58.18619956143683,58.4423945670327,57.628603305235714,58.08824157714844,7080393
2020-08-05,58.21633377322064,58.31429174857965,57.13127481272692,57.22923278808594,4755643
2020-08-06,57.13127810476867,57.43268541077673,56.75452503776825,57.27444839477539,4647813
2020-08-07,56.89015579223633,57.455291457183385,56.82234339436886,56.89015579223633,4951614
2020-08-10,57.03332924090157,57.17649347305879,56.633963932521475,56.882625579833984,3209256
2020-08-11,57.02579639316704,57.658744496762466,56.82234705543708,57.42515563964844,4752009
2020-08-12,57.50803857314189,58.532812519456535,57.410080589862815,58.3369026184082,5036299
2020-08-13,58.99999386012516,59.05273953660928,58.329372858617106,58.61570739746094,6101091
2020-08-14,58.33689493945041,58.600623270863935,57.86218394290607,58.208797454833984,5657463
2020-08-17,58.41978960128664,58.73626365034547,57.952611891101704,58.6383056640625,3603042
2020-08-18,58.79654732685337,58.91710540041979,58.0505684682443,58.23894500732422,4693150
2020-08-19,58.367042586331955,59.316470777219486,58.02796238933852,59.082881927490234,3963634
2020-08-20,58.85681823186028,59.316462503978954,58.66844171880684,58.871891021728516,4030994
2020-08-21,59.376750366167826,59.881600951981994,59.09794920344453,59.165767669677734,5011013
2020-08-24,59.512377953245846,59.90420380592006,59.14315825473682,59.24864959716797,3265825
2020-08-25,59.30140195650713,59.74597353053653,59.090419247849795,59.1356315612793,3797201
2020-08-26,59.18837912735231,59.57266560723623,59.03767545478467,59.3616828918457,3498555
2020-08-27,59.572657986286686,60.22067884301986,59.0452012652863,59.48977279663086,5462758
2020-08-28,59.48224483469971,59.64801522906357,58.63077457526309,58.902042388916016,4807637
2020-08-31,59.226050195667064,59.37675386361108,58.562962548427755,58.80408477783203,11966746
2020-09-01,59.52745214829913,60.65771742464526,59.35414233928544,59.51991271972656,8097725
2020-09-02,59.66308112578641,60.91391049916397,59.61786881781843,60.66524887084961,7367408
2020-09-03,61.17764378698775,61.757846212500766,59.6630859375,59.6630859375,8437068
2020-09-04,59.37675568530665,60.250832133790645,58.969856982476095,59.3616828918457,6018264
2020-09-07,59.73844287992298,60.80842926478476,59.54252688983746,60.39399719238281,4146843
2020-09-08,60.61250271467917,60.82348539616084,59.80624486808441,60.37891387939453,4417544
2020-09-09,60.61251455430644,61.38863303593533,60.51456262270632,61.12490463256836,5753941
2020-09-10,61.53932186849494,61.70509223476209,60.84608875722383,61.07967758178711,5635910
2020-09-11,60.974193465294604,62.17227724514943,60.87624154572597,61.63728713989258,8084533
2020-09-14,61.71263885498047,61.742778373677176,61.11736364781333,61.71263885498047,5034924
2020-09-15,61.85581331796844,62.92579976901375,61.79553427060307,62.58671951293945,6647818
2020-09-16,62.775082255489025,63.34775122049857,61.67495056391144,61.991424560546875,9750910
2020-09-17,61.44890848139894,62.24762693010988,61.155034536288404,62.0140380859375,6703322
2020-09-18,62.51135661290445,63.23472931537004,61.80305670236932,62.48875045776367,13081069
2020-09-21,62.21749072234951,62.66206227968226,60.98926740071801,61.47151184082031,5312562
2020-09-22,61.57700622813341,62.02911723672597,61.21532591297382,61.53933334350586,4942859
2020-09-23,61.10982332077592,61.720171311075084,60.740603607525955,61.26806640625,5165509
2020-09-24,60.74059652450576,61.02693101279086,59.987084393991864,60.43165588378906,6123919
2020-09-25,60.31863330442631,60.733065294031675,59.58019393811604,60.514549255371094,5456146
2020-09-28,61.26052621142733,61.57700024739803,60.87623977661133,60.87623977661133,4889223
2020-09-29,60.81595567904414,61.494116071747804,60.55222731138269,60.657718658447266,5563462
2020-09-30,60.21314239501953,60.86869658117726,60.06243874945217,60.21314239501953,6069960
2020-10-01,60.98926176563001,61.358481457799684,60.46180506253048,60.58236312866211,4830047
2020-10-02,59.90420212039981,60.717999385410444,59.8062441436101,60.5748291015625,3634946
2020-10-05,61.019408609896736,61.17764563982906,60.69540118637157,60.80842590332031,4607510
2020-10-06,60.77828102881264,60.8536328553103,59.99462931184857,60.0247688293457,4839054
2020-10-07,60.085050871966104,60.27342741488483,59.0150645869554,59.37675094604492,6968472
2020-10-08,59.670616323260234,60.582365545929896,59.51237930601664,60.31110382080078,6379105
2020-10-09,60.35630692793394,61.13996467587854,60.28096117026579,60.77827835083008,4680941
2020-10-12,60.66525187595907,61.139969002119344,60.35631119872343,60.60497283935547,4319099
2020-10-13,60.4919478050629,61.43383655811656,60.35631087516718,60.37138366699219,5616246
2020-10-14,60.582370686651075,60.94405706118729,60.10012623094295,60.19807815551758,4736778
2020-10-15,59.97955869534874,59.987092058618785,58.60816510817674,58.728729248046875,6398709
2020-10-16,58.89449761199772,59.95695048251967,58.8116124223419,59.48977279663086,5975488
2020-10-19,59.75350744376472,60.03230862513015,59.030140749791904,59.2185173034668,5000844
2020-10-20,59.19590306516514,59.218509219001604,58.02795888701117,58.60062789916992,6359996
2020-10-21,58.336897206953324,58.397176237759695,57.553245544433594,57.553245544433594,6286209
2020-10-22,57.26691568607419,57.77929962042855,56.76959847788659,57.74162673950195,7066457
2020-10-23,57.568312163316946,57.967677421823744,57.28951709721921,57.628597259521484,5298478
2020-10-26,56.74699641917247,57.74163090734124,56.73946305554533,57.51557540893555,5423224
2020-10-27,58.095784932816066,58.095784932816066,55.27011238252383,55.872920989990234,10091785
2020-10-28,54.85568012500842,55.405743053108836,53.91379130022645,54.13984680175781,8740185
2020-10-29,54.13984338045457,54.46385078654837,53.0623176835406,53.58224105834961,6366696
2020-10-30,53.37878840926583,53.86857223510742,53.14519957328043,53.86857223510742,7492954
2020-11-02,54.22272765842124,55.352992944571845,53.71033765550802,55.096797943115234,7356988
2020-11-03,55.34546346679505,56.332564595257224,55.06666229087172,56.0688362121582,6582205
2020-11-04,57.078536264189225,58.359505133566266,56.686704355511424,58.05809783935547,9372517
2020-11-05,57.884789744951476,58.34443406251943,57.4100787015345,57.651206970214844,6690776
2020-11-06,57.274444412312974,57.696409758976024,56.9278308869125,57.553245544433594,4535028
2020-11-09,58.065635681152344,59.14316138211615,57.41762086652922,58.065635681152344,7121118
2020-11-10,58.02042869175025,58.608164461546636,57.74162753322591,58.26155090332031,8337416
2020-11-11,58.02043092113212,59.542522142946,57.997824765192895,59.43703079223633,6054302
2020-11-12,59.482238991523964,59.90420436518805,59.037667463483636,59.33153533935547,5516618
2020-11-13,59.28632678588937,59.28632678588937,58.86436138549735,59.07534408569336,5496116
2020-11-16,59.07533648449244,59.791175752773576,58.773935265355036,59.53498077392578,4579554
2020-11-17,59.40689046505073,59.84392865440974,59.22604728550596,59.37675094604492,6926375
2020-11-18,59.22604281788287,59.85145750298343,59.18083051002971,59.36921310424805,6493147
2020-11-19,58.96231479678138,59.65554794756736,58.82668393796725,59.60280227661133,7239497
2020-11-20,59.753502217364044,60.16040087536108,59.52745279892994,59.987091064453125,7455486
2020-11-23,60.205612518795036,60.40152241696992,59.38428184874765,59.979557037353516,5598565
2020-11-24,60.71800424895087,61.01940550062622,60.13026240664362,60.48440933227539,6786150
2020-11-25,60.80842266963351,61.26806700766631,60.56730045572722,61.019405364990234,7741485
2020-11-26,61.22285146379809,61.441367510874514,61.10228733045722,61.230384826660156,4506556
2020-11-27,61.21531449837935,61.48657620054546,60.6275727230072,61.07967758178711,4972290
2020-11-30,60.8084137542417,61.991424560546875,60.695389059874465,61.991424560546875,16342402
2020-12-01,61.81813104146813,61.931155754490945,60.740605324012016,61.31327438354492,8782020
2020-12-02,61.10982175681053,62.20995357072892,60.97419089538515,61.72770309448242,5239285
2020-12-03,61.644824468744645,61.84827381530009,60.56730476009472,60.97419738769531,6523256
2020-12-04,60.58236827101114,61.32834714693595,60.58236827101114,61.185176849365234,4122425
2020-12-07,61.29819987829157,61.79551704419871,61.00432595690751,61.260520935058594,3924169
2020-12-08,61.192716278270524,61.56193600178028,60.13779671701837,61.185176849365234,4940543
2020-12-09,61.03448227867774,61.61468473008981,60.75568109862468,61.25299835205078,4056858
2020-12-10,61.34341218396746,61.93114789571716,61.1022839307022,61.260520935058594,5651283
2020-12-11,61.28313397240016,61.77291783088636,60.59744020982542,61.456443786621094,4761192
2020-12-14,61.59207116117321,62.12706730008072,60.9214441632007,61.230384826660156,6153778
2020-12-15,60.71046390835299,60.76320958151723,59.791181309560564,60.03983688354492,8261875
2020-12-16,60.65772154938064,60.88377704622557,60.0021672805915,60.672794342041016,8801895
2020-12-17,60.80842250564138,61.72770511371794,60.76321019518405,61.42630386352539,6438761
2020-12-18,61.33587586550637,61.87840536459353,60.65771550802479,60.66524887084961,12418035
2020-12-21,60.145329937912045,60.333712546428224,58.47253507547852,58.91710662841797,7682328
2020-12-22,58.9397090426172,59.346607687329815,58.721192994462406,59.17329788208008,4145083
2020-12-23,59.18837107927396,59.6028030897278,58.856824257808974,59.20343780517578,2968084
2020-12-28,59.941888944524244,61.019408634329615,59.941888944524244,60.9365234375,5777571
2020-12-29,61.04201426154858,62.45861415556312,61.04201426154858,62.14967346191406,7072500
2020-12-30,62.32298437288438,63.29501878343601,62.24763253905424,63.03128433227539,6590435
2021-01-04,63.822474277531114,63.837541004689484,62.42094111425623,62.684669494628906,4808109
2021-01-05,62.67713593552633,63.15938038227194,62.119533591183455,62.375728607177734,4912814
2021-01-06,61.991443926997526,62.70728338964594,61.50166605472437,62.35313034057617,5822961
2021-01-07,62.18735870616495,62.541511748274644,61.33588837153598,62.00651550292969,5866012
2021-01-08,62.42846931965357,63.09156296309655,62.36065692202371,62.541500091552734,5939104
2021-01-11,62.46614206611048,63.35528503409104,62.30036563894712,63.14430236816406,5562383
2021-01-12,63.076491058999814,63.41557124844803,62.56410106054127,62.857975006103516,5025907
2021-01-13,62.63945414709571,62.99360713529949,62.45107760817257,62.61684799194336,4869983
2021-01-14,62.54150844187609,63.36283314461903,62.21749493985019,62.93333435058594,5350396
2021-01-15,62.940859687472624,64.66640013852403,62.92578689595935,64.27457427978516,9829317
2021-01-18,63.95810413128596,64.13894731287819,63.46078689828482,64.07112884521484,5098339
2021-01-19,64.57597661530093,64.62118285534173,64.13140511875055,64.44034576416016,4952312
2021-01-20,64.49310387301435,65.17126432504628,64.30472125205296,64.80957794189453,5626211
2021-01-21,64.85478306913848,65.20139662061884,64.34992643524373,64.50816345214844,5683042
2021-01-22,64.18416082062384,64.87738797505291,63.995778206552124,64.7492904663086,6603804
2021-01-25,64.80202829012426,65.49526142606075,64.74928262029808,64.89998626708984,6114440
2021-01-26,62.62439931875969,63.747131467903614,62.48876236207574,63.54368209838867,10910683
2021-01-27,63.52859393250657,64.18415420132976,62.82029405841489,63.15937423706055,9525928
2021-01-28,62.398333579734754,63.24980380720908,62.07432616686514,62.41340637207031,7732528
2021-01-29,61.46396856294087,62.10445599078968,60.68031692504883,60.68031692504883,9820765
2021-02-01,61.10982786006341,61.486587029995135,60.80089322588274,60.94405746459961,7176822
2021-02-02,60.88376679168258,61.61467276964819,60.687850847646054,60.76320266723633,7772064
2021-02-03,61.064617141031704,61.448909646571735,60.38645675031862,60.47687530517578,5719048
2021-02-04,61.03447486206338,61.86333280671455,60.77827986995812,61.433834075927734,5583161
2021-02-05,61.63728458206985,61.983898131606445,61.2680648780294,61.396156311035156,4150168
2021-02-08,61.48658492062836,62.23256380564434,61.37356020628141,61.577003479003906,3752754
2021-02-09,61.358493280658,61.637294476949755,61.12490440063208,61.40370559692383,4236993
2021-02-10,61.561938576112674,61.92362495135175,61.25299787786637,61.554405212402344,5388024
2021-02-11,61.54686211417733,62.28530761356528,61.39615845589327,61.607147216796875,4336704
2021-02-12,61.71264255075633,61.95376478027993,61.41876857846697,61.787994384765625,4127560
2021-02-15,61.93869756353093,62.27024444991852,61.74278762987745,62.08940124511719,3134288
2021-02-16,62.164747970234046,62.2400998048263,61.48658752441406,61.48658752441406,5048926
2021-02-17,61.41123438382658,61.63728988279596,60.77828626532453,60.8837776184082,4861073
2021-02-18,60.996797152015866,61.13996744218382,60.228218225645236,60.28096389770508,5331527
2021-02-19,60.28096745660327,60.4015255338521,59.54252193865907,59.7158317565918,10263178
2021-02-22,59.58772948540552,60.250823119289414,59.21850978871336,59.60280227661133,5834739
2021-02-23,59.48224870259951,59.550067176800276,58.397189508451056,59.03014373779297,5229002
2021-02-24,59.2260453095251,60.205613004836714,58.93971079025814,59.80624771118164,4989802
2021-02-25,59.813793140984664,60.02477585366422,59.34661540133412,59.55759811401367,5017659
2021-02-26,58.94724614743777,60.13779657453459,58.80408191571624,58.91710662841797,6812207
2021-03-01,59.542521879156524,60.04737854003906,59.09041695890516,60.04737854003906,5027129
2021-03-02,60.280961760998515,61.313269011077416,59.93434215788318,60.989261627197266,5987629
2021-03-03,61.10982414962425,61.34341906665579,60.28096615712121,60.86870193481445,6975182
2021-03-04,61.327678680419915,61.484528271271486,60.715974114118076,61.32767868041992,9494060
2021-03-05,60.70028554380848,61.061040858886486,60.26895233311972,60.30032730102539,9177782
2021-03-08,60.99829448155384,62.08839465023434,60.90418852069861,61.845279693603516,6125247
2021-03-09,61.15514791820574,61.64137786212306,60.59049317886264,61.32767868041992,8158278
2021-03-10,60.551280291880815,61.56294936008177,60.276796680852286,61.42178726196289,5135272
2021-03-11,61.52374267578126,61.67274536529632,61.10025005096962,61.52374267578125,6781370
2021-03-12,61.66491062693794,61.66491062693794,61.0610466003418,61.0610466003418,3530688
2021-03-15,61.17083425939516,61.68843284923671,61.013984671474496,61.52374267578125,7610701
2021-03-16,61.95507752043551,62.58246957579728,61.86880582579383,62.40993881225586,6282329
2021-03-17,62.33152118702929,62.49621138377554,61.704122746618765,62.14330291748047,6675745
2021-03-18,62.386417388916016,62.606004316044256,61.962924707813464,62.386417388916016,5345555
2021-03-19,62.42562197227486,62.79421789406594,62.11192277816576,62.65304946899414,14533708
2021-03-22,62.27661697245574,62.73931884765625,61.82175568295684,62.73931884765625,4818911
2021-03-23,63.05300885027842,63.735297597067614,62.89615926615269,63.47650146484375,5476867
2021-03-24,63.36670996160179,63.547087620164525,62.9667454036779,63.21770095825195,5078331
2021-03-25,62.896165978868986,64.04900360107422,62.896165978868986,64.04900360107422,6059258
2021-03-26,63.83725520667048,64.37838189314733,63.60198081298063,64.21369171142578,6281681
2021-03-29,64.30780038263106,64.6058120727539,64.13526331179945,64.6058120727539,3993232
2021-03-30,64.48817046234744,64.5979639085111,63.89214709378162,64.19800567626953,3382205
2021-03-31,64.15095517128961,64.19801131316883,63.14712658413616,63.34318542480469,6247103
2021-04-01,63.633356618558494,63.88431218740247,63.33534490778403,63.641197204589844,3863355
2021-04-06,63.60198574064566,64.01763783298813,63.484351691122406,63.82157897949219,3409755
2021-04-07,63.20986470102736,63.351026815587055,62.70795355751036,62.97459030151367,4999484
2021-04-08,63.131442794549265,63.24907684326172,62.81774358082062,63.24907684326172,4899583
2021-04-09,63.272603749104505,63.813730463800276,63.19418525998961,63.44514083862305,3890027
2021-04-12,63.38239935992807,63.711786064595664,63.100075113494896,63.272605895996094,3043782
2021-04-13,63.17849473943212,63.28828819436438,62.23740347367621,62.57463073730469,4882122
2021-04-14,62.73147565253654,62.80205986663083,62.386414106843496,62.64521026611328,3540211
2021-04-15,62.73931113348405,63.460809063963424,62.5354054273463,63.15495681762695,4852571
2021-04-16,63.131440654314005,63.42161178588868,62.77069162105317,63.42161178588867,5206404
2021-04-19,63.52355760265559,63.64903221965966,63.19417726371396,63.47650146484375,3705396
2021-04-20,63.358873243551436,63.719622269826814,62.69226560632073,63.0138053894043,3792679
2021-04-21,63.178494513788415,64.00979232164306,63.08438223111338,63.70393371582031,3878432
2021-04-22,63.57845844260512,63.81372652115699,63.24123118361181,63.656883239746094,4549119
2021-04-23,63.52356681171006,63.735306836818175,62.92754335592289,63.24907684326172,3567447
2021-04-26,63.15496287945102,63.38239036163069,62.84126370539694,63.0765380859375,4685678
2021-04-27,63.115747296760844,63.41375895701735,61.91585375816246,62.04917526245117,4828313
2021-04-28,62.16680928446527,62.44129919061506,61.76685108446927,62.04917526245117,3768699
2021-04-29,62.19819640403428,62.21387757650323,61.210048962249665,61.39042663574219,3802668
2021-04-30,61.406105886197274,61.75117373704137,60.72381708336932,61.139469146728516,5249402
2021-05-03,61.366889471958025,61.845278793066825,61.319833335780345,61.61000442504883,3021257
2021-05-04,61.82960444280925,62.09624752062453,61.068890768797765,61.17868423461914,3912660
2021-05-05,61.562954026643276,61.978606080168255,61.48452922999462,61.860965728759766,3384465
2021-05-06,62.04134270625198,62.26877019500836,61.63353755591131,62.01781463623047,3180216
2021-05-07,62.347192239423585,62.51972930767701,61.93938710707925,62.339351654052734,3069507
2021-05-10,62.30014419555664,62.40994396936721,61.97861071200039,62.30014419555664,3028501
2021-05-11,62.02565168361351,62.182501266228606,61.42962831997261,61.892330169677734,3954701
2021-05-12,62.22172604145927,62.95891161357872,62.15898241139037,62.778533935546875,4603492
2021-05-14,63.31181061305729,63.452972712100866,62.8647899344036,63.123592376708984,3392348
2021-05-17,62.9902818336338,63.092234711260474,62.59031722262497,62.85696029663086,3865194
2021-05-18,62.74716092266707,62.88048244711341,62.22956230952822,62.51973342895508,3769466
2021-05-19,62.01781227008309,62.0648684083308,61.617847720719006,62.00212478637695,4969699
2021-05-20,61.86881236930171,62.08840560913087,61.53943197886543,62.08840560913086,4075740
2021-05-21,61.8374373375085,62.25308938887602,61.70411581518489,62.190345764160156,4045230
2021-05-25,62.24524739816894,62.48836239182576,62.00997930376469,62.30799102783203,4259540
2021-05-26,62.30798948292777,62.731475830078125,62.22956468244704,62.731475830078125,5774930
2021-05-27,62.65305414837771,63.045178170300744,62.3001456850828,62.386417388916016,5907227
2021-05-28,62.22955839306657,62.55893873407322,61.900178052059914,62.42561721801758,3619398
2021-05-31,62.20602933490793,62.331510263574124,61.892330169677734,61.892330169677734,2221129
2021-06-01,62.10408038215571,62.76284740801086,61.931549618146796,62.190345764160156,4395027
2021-06-02,62.22956662789106,63.00596144504099,62.22172604145927,62.778533935546875,4379857
2021-06-03,62.75500281052066,63.3118169903923,62.59815321228601,63.22555160522461,4213685
2021-06-04,63.19418785271468,63.60983363871108,63.06086631515513,63.539249420166016,3550817
2021-06-07,62.966743683636814,63.374548816006346,62.566779136638615,63.35886764526367,4017994
2021-06-08,63.31181808736956,63.68040770544904,62.809900626896415,63.03733444213867,5328346
2021-06-09,62.93537719879774,64.56659778450754,62.93537719879774,64.50386047363281,5688172
2021-06-10,64.89598051327845,65.60179738152374,64.81755571537661,65.53121948242188,6912667
2021-06-11,65.25673693406718,65.92333825803861,65.19399330697708,65.34300231933594,5182792
2021-06-14,65.48415805764736,65.9860754611486,65.47631747235113,65.75080108642578,5708271
2021-06-15,65.9547049812681,66.59778452820493,65.9547049812681,66.10371398925781,4791561
2021-06-16,65.9547038806076,66.88795452924896,65.92333522494141,66.80168914794922,5812734
2021-06-17,66.61347489877878,67.52319121917695,66.55073127081002,67.3898696899414,7418262
2021-06-18,67.83688481691618,68.01726247401085,67.22517395019531,67.22517395019531,14865465
2021-06-21,66.62131200798633,67.6486686316637,66.58210276631459,67.57024383544922,3747119
2021-06-22,67.46045274212962,67.53887754108628,66.97422277632106,67.28007507324219,3306317
2021-06-23,67.28006803997236,67.49181434373287,66.48014527483005,66.62130737304688,3912862
2021-06-24,66.7781633290466,67.09185620915383,66.2605647109292,66.7232666015625,5695321
2021-06-25,66.35467482285372,66.65268654963614,66.11940041343449,66.39389038085938,2788386
2021-06-28,66.44878082498147,66.6762083135595,66.27624374924933,66.5899429321289,2661772
2021-06-29,66.43308903758367,66.73894130207047,66.22918963221598,66.32329559326172,3687869
2021-06-30,66.22919591077648,66.5507293761505,65.939024789187,66.12724304199219,6095854
2021-07-01,66.4958303872286,66.7546328433604,65.93902254656764,66.2056655883789,3011326
2021-07-02,66.66051830192998,66.73894309467651,65.94686089466846,66.28408813476562,3023233
2021-07-05,66.19782221423064,66.26840642771658,65.84491377254339,66.0252914428711,1833820
2021-07-06,65.90765132383808,66.61346814214258,65.8762826694711,66.30760955810547,2715535
2021-07-07,66.3546629050345,66.6448339932474,66.18997274188216,66.63699340820312,2566597
2021-07-08,66.1742936079202,66.33113687798381,65.81353830459743,65.9625473022461,4137754
2021-07-09,66.42524612709552,66.86441988900961,66.11154697551672,66.61346435546875,3231745
2021-07-12,66.51935995968299,67.09185529750539,66.30761363858691,66.99774932861328,2298723
2021-07-13,66.66052021233014,66.80952921668015,66.2056652393837,66.73894500732422,2611721
2021-07-14,66.38604382933548,66.67621497118562,66.07235092800458,66.56642150878906,2909704
2021-07-15,66.1899763272738,66.32329784460042,65.59395294847394,65.73511505126953,3408846
2021-07-16,66.0095986669842,66.57425339099966,65.89980521894266,66.244873046875,3905158
2021-07-19,66.04882030677969,66.10371703585946,64.82540478177138,65.15478515625,4075556
2021-07-20,65.40572923031829,65.86843105304682,65.07634891375258,65.35867309570312,3456416
2021-07-21,66.03312699207416,66.81736861521088,64.32348164246767,64.90382385253906,5460649
2021-07-22,65.33515681216046,65.98607691498476,64.99792956967407,65.73511505126953,4612448
2021-07-23,65.64100685885091,66.49582634494749,65.42141997020701,66.32329559326172,2938489
2021-07-26,66.11938876687154,66.21350103921048,65.32730660141397,65.49199676513672,3005214
2021-07-27,65.17831634244287,65.45280000095877,64.84108905278644,65.31163787841797,2377373
2021-07-28,65.43711066400438,66.00960603741134,65.382213933854,65.86060333251953,2552089
2021-07-29,66.04882234927791,66.18998446943814,65.4371114114215,65.4998550415039,2937888
2021-07-30,65.0371407545263,66.06450368364203,65.01361899741602,65.78217315673828,3182930
2021-08-02,65.91548683993096,65.96254297429789,65.40572888527646,65.6958999633789,2170569
2021-08-03,65.88412739869663,66.1978202749672,65.33516013056986,65.46847534179688,2995700
2021-08-04,65.62532753176323,65.79786461776317,65.02930409911906,65.36653137207031,2755136
2021-08-05,65.4057410851294,65.59395934483446,65.13909802447463,65.32731628417969,2072498
2021-08-06,65.36652734006431,65.79001366058662,65.21751833465893,65.48416137695312,1854631
2021-08-09,65.52337326092061,66.38603973388672,65.49985150289093,66.38603973388672,2498030
2021-08-10,66.26839780314263,66.77031519257608,66.26839780314263,66.51151275634766,2487891
2021-08-11,66.75462800374659,67.20948925898486,66.75462800374659,66.89579010009766,3166016
2021-08-12,67.05264174679051,67.39770956963088,67.02911367786155,67.24085998535156,2326898
2021-08-13,67.17812304843137,67.56240011303214,67.17027615016454,67.41339111328125,2233643
2021-08-16,67.2094934798876,67.429080379751,66.88795371569596,67.37418365478516,3259301
2021-08-17,67.41338986243285,68.16626280687262,67.26438717831738,68.02510070800781,3462534
2021-08-18,67.915309691138,68.14273717450287,67.67219472384038,68.03294372558594,2296756
2021-08-19,67.10753659054579,67.42907633545195,66.58209744208357,66.9820556640625,4078859
2021-08-20,67.02910614013672,67.13105898974028,66.25270520427334,67.02910614013672,5092117
2021-08-23,67.36634503368718,67.57808504125094,67.10754257251776,67.4212417602539,3030678
2021-08-24,67.17812319663123,67.31144471301327,66.04881375652603,66.28408813476562,4388940
2021-08-25,66.26840112057597,66.32329784460042,65.45279084567834,65.73511505126953,3253569
2021-08-26,65.5625890795638,66.1115563598809,65.44495503745905,66.06450653076172,2859912
2021-08-27,66.00175869370216,66.25271424685758,65.7978592795355,66.09587097167969,1893297
2021-08-30,65.90765479109746,65.99392017336257,65.57827443361013,65.93118286132812,1950993
2021-08-31,66.03313244911294,67.03696105214078,65.99392320550767,66.49583435058594,7279121
2021-09-01,66.74679883855246,66.8958015455079,66.35467482285372,66.39389038085938,3521937
2021-09-02,66.6369997955614,66.68404962320736,66.11939487561666,66.22919464111328,2491242
2021-09-03,66.19781236733202,66.35466194316643,65.13908719975527,65.3822021484375,4212755
2021-09-06,65.56258490657656,65.73511566573163,65.48416011254132,65.58611297607422,2853550
2021-09-07,65.5233692738104,65.56258482721596,64.51170016386068,64.7783432006836,4372877
2021-09-08,64.38622332509041,64.39407022399297,63.413769706711115,63.641197204589844,4676113
2021-09-09,63.15496673586132,63.24123212013256,62.566783905029304,62.5667839050293,4906054
2021-09-10,62.42562642990545,62.70795698733827,61.57864738335024,61.69628143310547,3541745
2021-09-13,61.93938818622319,62.09623777359697,61.570792287181895,61.64137649536133,3964646
2021-09-14,61.75901366226121,61.98644746935129,61.60217037980213,61.7982292175293,4696015
2021-09-15,62.09623481861015,62.09623481861015,61.28062457852406,61.36688995361328,4319891
2021-09-16,61.57079415688584,61.75901240487578,61.084564208984375,61.084564208984375,4361202
2021-09-17,61.56295289981272,61.69627442038806,60.708133363869464,60.73165512084961,10306737
2021-09-20,60.09643106739675,60.56697359299277,59.625888541800734,60.551292419433594,5418209
2021-09-21,60.308172459376834,60.7708743601844,60.28464438809899,60.44149398803711,3693839
2021-09-22,60.668915590617104,60.668915590617104,59.95525818701413,60.09642028808594,4448056
2021-09-23,60.46502477235708,60.951254766259446,60.410128041202675,60.62971496582031,3243267
2021-09-24,60.59834340939854,60.89634881038298,60.355228424072266,60.355228424072266,2664048
2021-09-27,60.63755177600652,60.708135988611396,59.91604741657314,60.11995315551758,3072332
2021-09-28,59.87683456638886,60.33169584573973,59.69645690917969,59.69645690917969,3863305
2021-09-29,60.58265067953878,60.70028471252626,59.86899327043884,60.56696319580078,4664070
2021-09-30,61.131620629656,61.131620629656,59.923892652978125,60.253273010253906,4349172
2021-10-01,59.476871854250945,59.76704296930723,59.10827594288564,59.6494026184082,4408249
2021-10-04,59.39060532908032,60.22190310365916,59.3357086040077,59.84546661376953,3705354
2021-10-05,59.67292622001997,59.93956924492906,59.56313277598335,59.60234832763672,3132737
2021-10-06,59.44550669593943,59.50824401152958,58.66910558580814,59.27297592163086,3433239
2021-10-07,59.71998634217984,60.33169722325586,59.602352305110614,60.1983757019043,3636202
2021-10-08,60.182688501931025,60.36306616411077,59.916045457968266,60.07289505004883,2634613
2021-10-11,59.916043217113945,60.26895162966098,59.82977783855724,60.15131759643555,1636089
2021-10-12,59.83762106079547,60.44149136304384,59.618034155567344,60.041526794433594,2993003
2021-10-13,59.93957577566251,60.15916268766091,59.34355235370365,59.99447250366211,3162607
2021-10-14,60.1905380604757,60.22190671770386,59.500402349971246,59.963104248046875,3047460
2021-10-15,59.75135334728983,60.331695556640625,59.71998469246263,60.331695556640625,4028266
2021-10-18,60.25327036702696,60.378744985510856,59.570981612190884,59.85330581665039,2318324
2021-10-19,59.71214896532428,60.17485086563139,59.570986850681166,60.14348220825195,3172499
2021-10-20,60.245421243428886,61.05319089978293,60.245421243428886,60.95124435424805,3735403
2021-10-21,60.99045142917173,61.1551415886592,60.55127767053847,60.81792068481445,2550217
2021-10-22,60.97478180016079,61.115943918886416,60.59834527497816,60.81008529663086,2191165
2021-10-25,60.386593914046884,60.621861988049396,59.931732624573264,60.40227508544922,3382465
2021-10-26,61.17083867401598,61.492378458597216,60.44933430523336,61.068885803222656,4601235
2021-10-27,61.06888363494582,61.07672422076807,59.59450629245517,59.61803436279297,5075782
2021-10-28,59.60235338169192,60.119951992165056,59.429816302953505,60.01015853881836,4276273
2021-10-29,59.304341411383646,59.531768902902236,58.96711415414077,59.32002258300781,5607997
2021-11-01,59.625879615337546,60.30816838481291,59.59450464717266,60.057212829589844,3591524
2021-11-02,59.923895071166406,60.378750070785856,59.743517400815456,60.26111602783203,2923900
2021-11-03,60.04153148190359,60.1199562845893,59.210233623732286,59.970947265625,4276594
2021-11-04,60.66892241941165,61.29631451591512,59.696462460326295,59.86115264892578,5628379
2021-11-05,59.66508727104783,60.0964204738404,59.523925169539694,59.67292785644531,4201287
2021-11-08,59.868995835796056,59.98662987382409,59.52392799461055,59.6494026184082,3479633
2021-11-09,59.61019643250629,60.20621986471221,59.4141375881186,59.508243560791016,3781197
2021-11-10,60.00231715262225,60.42580347579461,59.5945056880644,60.07289505004883,3918835
2021-11-11,59.94741826286586,60.143483422972025,59.64156595614992,59.7435188293457,4001306
2021-11-12,59.641561748460674,60.088582454005056,59.641561748460674,59.77488327026367,2854420
2021-11-15,59.65724437740213,60.08857756350564,59.53960403663817,59.75919723510742,3240473
2021-11-16,59.69646079268268,60.49638995456645,59.680779620609194,59.99447250366211,3542312
2021-11-17,59.884676721998964,60.17484783567265,59.735674028731474,59.77488327026367,2955424
2021-11-18,59.798409617176404,59.82977827207243,59.29649220022766,59.40629196166992,3610982
2021-11-19,59.68861712311284,60.02583805972624,59.50823946348772,59.63372039794922,5176796
2021-11-22,59.77488610340942,59.97094494610489,59.39844959022621,59.75135803222656,3236202
2021-11-23,59.60235123524047,60.52775496951361,59.42981416271561,60.386592864990234,4420016
2021-11-24,60.54344177743101,60.54344177743101,59.837618636954346,60.03368377685547,3172412
2021-11-25,60.143482096846995,60.143482096846995,59.767045583248446,60.04936981201172,2629485
2021-11-26,58.9278986953926,59.15532616291789,58.37108459118638,58.59851837158203,5070110
2021-11-29,58.47303958995569,58.5593049665616,57.99465025668121,58.222084045410156,4133214
2021-11-30,57.547636092684726,57.98680987540203,57.25746499501624,57.59469223022461,8077355
2021-12-01,57.64174185211479,58.37893362807758,57.64174185211479,58.222084045410156,4451355
2021-12-02,58.6612595990157,58.6612595990157,57.32805073180122,57.877017974853516,5164025
2021-12-03,58.11229589255597,58.23777051982074,57.56332230322351,57.6966438293457,3286097
2021-12-06,57.75153779401516,58.81810995196526,57.696641068995426,58.52793884277344,3700876
2021-12-07,58.77889476591782,58.825950905620815,58.19071827111397,58.700469970703125,3800129
2021-12-08,58.951424510656075,59.50823228071605,58.67694091796875,58.67694091796875,4627682
2021-12-09,59.02201182011926,59.092596032164685,58.50441320373286,58.53578186035156,3166700
2021-12-10,58.27698426580079,58.65342076164784,57.88486028559721,58.55146789550781,2979097
2021-12-13,58.66126505914691,58.66126505914691,58.237772396305,58.457359313964844,2692832
2021-12-14,58.76321242519105,58.990639907778146,58.44167266507082,58.590675354003906,3661857
2021-12-15,58.52793650736717,58.81810760498047,58.21423734098841,58.81810760498047,2960009
2021-12-16,61.2414139363692,62.362882841040054,60.512069012906295,62.190345764160156,11480244
2021-12-17,62.496204557912556,62.72363204871145,61.923709225150674,62.58246994018555,13890999
2021-12-20,61.657066411627255,62.26877098849773,60.65323785085299,61.64921951293945,4397612
2021-12-21,61.66490096135763,62.47267060754675,61.66490096135763,62.237396240234375,3782323
2021-12-22,62.033505822031344,62.23740525293274,61.57864450450638,62.22956466674805,4219137
2021-12-23,62.35503270719878,62.85695011452945,62.20603002108025,62.75499725341797,3105252
2021-12-27,62.51187926699148,63.01379665003755,62.31582045248128,62.896156311035156,2164233
2021-12-28,62.97459249304911,63.649040744828994,62.97459249304911,63.40592575073242,2355357
2021-12-29,63.28828282234619,63.41376375141966,62.72362811082151,62.998111724853516,2181521
2021-12-30,63.15496692094957,63.303969619150905,62.84911462568386,62.95890808105469,2844187
2022-01-03,62.73931559428217,63.27259533888553,62.73931559428217,62.998111724853516,2696153
2022-01-04,63.32750089279456,63.49219108418003,62.84127090502656,63.107913970947266,3588871
2022-01-05,62.84126473659567,63.75098730598405,62.77852742590366,63.60197830200195,3843218
2022-01-06,63.17065913055198,63.994110107421875,63.053018767519404,63.994110107421875,5174983
2022-01-07,63.64903338548932,64.16663197228831,63.25691573086341,64.09605407714844,3500452
2022-01-10,63.994103617431314,64.76265778456661,63.96273496142777,64.61365509033203,5039621
2022-01-11,64.99009490593937,65.65669624044071,64.53523358848929,64.85677337646484,5706229
2022-01-12,64.98225073910129,65.09988477685582,64.22937774658203,64.22937774658203,5164355
2022-01-13,64.15095339051537,64.75481738067502,63.92351958632659,64.69992065429688,4733310
2022-01-14,64.37837631646079,64.90382178556503,64.20584556375614,64.55875396728516,3873961
2022-01-17,64.73913168175727,64.9979341491757,64.15095515985651,64.66071319580078,4413024
2022-01-18,64.3156373188319,64.56659285604587,63.69608590440493,64.38621520996094,4940187
2022-01-19,64.04115744856088,64.3078004842824,63.335340618884274,63.884307861328125,5461551
2022-01-20,63.52355827968306,63.907835345877224,63.233387177244914,63.829410552978516,3921737
2022-01-21,63.27259604585675,63.50787042317184,62.4883544343438,62.63736343383789,6653521
2022-01-24,62.190338856620215,62.53540665918201,60.19052886962891,60.190528869628906,6825621
2022-01-25,59.83761589979504,60.62185748491359,59.53176363858865,60.559120178222656,6168359
2022-01-26,61.10809598011254,61.610013442774765,61.10025539389212,61.29631423950195,4150110
2022-01-27,60.755185409117175,62.51973389653842,60.63755136843755,62.48051834106445,5244898
2022-01-28,62.253089971217015,62.34719593986464,61.46100141562873,62.245243072509766,5003419
2022-01-31,62.50404189162366,63.17064947063332,62.16681465299383,62.84126281738281,5261470
2022-02-01,62.97458625646932,63.90783689558492,62.504043800537566,63.60197830200195,6583954
2022-02-02,61.955078047512316,63.20986216891084,60.786559308618415,61.657066345214844,9873383
2022-02-03,61.7041140986922,62.86479221276047,61.52374275393802,62.331512451171875,7814544
2022-02-04,62.54325779595069,63.162809302961946,62.09624337576475,62.61384201049805,4659496
2022-02-07,62.7471567622801,63.225546101390236,62.65304448638337,63.053009033203125,3648097
2022-02-08,63.28044588589448,63.59413875736023,62.77852845352993,62.91184997558594,4142348
2022-02-09,63.4294423905397,63.743141544268326,62.92753132001833,63.2020149230957,4640715
2022-02-10,63.28829356701598,63.98626991140698,62.85696029663086,62.85696029663086,5694917
2022-02-11,62.739322373518846,62.80205968839929,62.34719837333781,62.55894470214844,4119165
2022-02-14,61.98644616261308,63.17065237565917,61.63353773699541,62.10408020019531,6914715
2022-02-15,62.25308673888676,62.998112802161124,61.61784781023203,62.80989456176758,4655885
2022-02-16,62.660889465306155,63.50786835808023,62.50403988552972,63.31180953979492,3821931
2022-02-17,63.25691506281796,63.36670850998336,62.449145379889224,62.723628997802734,4640652
2022-02-18,63.115757021641464,63.48434662675069,62.49620553869107,62.60599899291992,6579811
2022-02-21,62.64520145850617,63.28044035742939,61.78253508981761,61.82175064086914,4016620
2022-02-22,61.21788586620963,62.20603324855687,61.07672375812316,62.190345764160156,4731994
2022-02-23,62.260929074228365,63.186332818476664,62.24524159005852,62.46482849121094,3855077
2022-02-24,61.26493921792561,62.00212469359682,61.02182425450386,61.7041130065918,7682555
2022-02-25,61.56295726458749,63.46082102983973,61.476691877598086,63.42161178588867,6139547
2022-02-28,62.62167387652099,63.46081218366614,62.4099338881068,63.005950927734375,7493704
2022-03-01,63.06086562819944,63.84510735882407,62.684429092469884,63.19418716430664,6606860
2022-03-02,62.99027446740015,63.672563245878685,62.07271130180555,63.547088623046875,7432135
2022-03-03,63.39807828721987,63.60982459989468,62.14329420800214,62.331512451171875,6167892
2022-03-04,62.033502488872756,62.15113652680785,60.151320004685346,60.66891860961914,10608029
2022-03-07,59.759199731931915,60.81007806752758,58.84163659998811,60.268951416015625,8298665
2022-03-08,60.982209331937625,61.31804231199589,59.663451360671424,60.916683197021484,11667177
2022-03-09,61.43270813048905,61.965126037597656,61.10506431273228,61.965126037597656,14106156
2022-03-10,62.554876752316595,63.734386629159324,62.27638740876353,62.72689437866211,9151992
2022-03-11,63.31663714381561,64.38147290491774,63.259300137917435,63.464080810546875,11544034
2022-03-14,63.72618916727769,65.06132507324219,63.36578231985123,65.06132507324219,6611083
2022-03-15,64.54529609464409,65.22515106201172,64.09478915544943,65.22515106201172,7230151
2022-03-16,65.53641081546714,65.6920370106385,64.91389284779738,65.06951904296875,5358398
2022-03-17,65.24972601257065,66.02787017822266,65.06951927802024,66.02787017822266,7868612
2022-03-18,66.28178826693915,66.28178826693915,65.66746604382858,66.1671142578125,16520965
2022-03-21,66.15074268730427,66.42923202788306,65.70842483983908,66.01968383789062,4518544
2022-03-22,65.92138646674135,66.15892359624542,65.02856176496641,65.69203186035156,4066316
2022-03-23,65.65927237174243,65.79852032907473,65.28248727198607,65.45449829101562,4645215
2022-03-24,65.49545548061279,66.01967764208538,65.3398226994466,65.91319274902344,3638613
2022-03-25,66.02786840685603,66.38008615573801,65.70023119613147,66.10977935791016,3227956
2022-03-28,66.158927757907,66.9288827915686,66.158927757907,66.51113891601562,3761394
2022-03-29,66.83878570748216,67.10089680848809,66.33913085793046,66.80602264404297,6633343
2022-03-30,66.72411926601595,67.22377417230942,66.45381242333441,66.87974548339844,4511873
2022-03-31,66.6913414556254,67.02717435838515,66.55209350585938,66.55209350585938,4657173
2022-04-01,66.36370589992246,66.51933869569444,66.01968383789062,66.01968383789062,4449662
2022-04-04,66.63401534270774,67.19100063931097,66.49476737018375,66.94527435302734,4293142
2022-04-05,67.00260844154847,67.28929349202988,66.35551650182225,67.2319564819336,4191270
2022-04-06,67.1582243670435,68.82919311523438,67.05993519055765,68.82919311523438,6104681
2022-04-07,69.45991549532023,70.13977048071955,69.38619365852699,69.48448944091797,7701791
2022-04-08,69.86945849027904,71.13906829537795,69.86945849027904,71.04077911376953,8457729
2022-04-11,70.85239282357858,72.13838103553012,70.85239282357858,71.91722869873047,7456998
2022-04-12,71.33566024317595,71.40118637066998,70.60665734920848,70.99163818359375,4816737
2022-04-13,70.63941764982155,71.73701650662089,70.59846547011279,70.99982452392578,3916958
2022-04-14,70.4674111436465,71.68787980478722,70.4674111436465,71.56501007080078,3792936
2022-04-19,71.48309228561246,71.62234024183643,70.69675243716931,71.33565521240234,5053795
2022-04-20,71.25374976765856,71.36023467067388,70.336357602585,70.73771667480469,4448826
2022-04-21,70.86876653192853,71.18821460694859,70.50835968702623,70.63941192626953,4107431
2022-04-22,70.33635497558522,71.1390730900438,70.08243299745148,70.4674072265625,4003132
2022-04-25,69.51724899213539,70.57388903850742,69.30427920337489,70.37730407714844,4347291
2022-04-26,70.80324424979885,71.65511030434665,70.27902202861216,70.63123321533203,6157763
2022-04-27,70.30358989201343,71.37661478188066,69.77936112269629,71.10630798339844,5366541
2022-04-28,71.04078460076067,71.63053292294522,70.71314078310947,71.17183685302734,4233650
2022-04-29,71.39299068394448,71.6469126464849,70.63941391313332,70.8605728149414,4129633
2022-05-02,70.8523934575358,71.05716756043796,69.8367054674704,70.14796447753906,4118259
2022-05-03,70.25444305266153,70.59846509696865,69.7465991034009,70.3199691772461,4923516
2022-05-04,70.15615096367296,70.44283601567996,69.73841365560129,69.87765502929688,3268650
2022-05-05,69.992340544007,70.4346518294317,69.64831186401946,69.8121337890625,3893829
2022-05-06,69.67287981254113,70.11519765337042,69.3288577556705,69.35343170166016,4828681
2022-05-09,69.22237233892429,69.30428329378265,68.19030617599506,68.29679107666016,5387062
2022-05-10,68.34593802397136,69.12408886269836,67.86266796580655,68.73091888427734,5147590
2022-05-11,69.19779647148566,69.38619232177734,68.48517843684894,69.38619232177734,5096075
2022-05-12,68.89472890824584,70.11519081678236,68.23125221169425,69.77935791015625,5436954
2022-05-13,70.19710963560169,71.13907574702436,69.8039396810009,70.73771667480469,4312711
2022-05-16,70.2790207835128,71.89265278789394,70.20529894426487,71.6960678100586,5033497
2022-05-17,72.07284391461087,72.22847669126523,71.26193015836665,71.59776306152344,3970213
2022-05-18,71.54862399192567,71.94998302746738,71.1800280173579,71.26193237304688,4049820
2022-05-19,71.04897420436446,71.21279611431115,70.13157546475838,70.18891906738281,4855033
2022-05-20,70.96706457078132,71.3929975884781,70.59846856328426,71.0162124633789,5496770
2022-05-23,71.41756491599418,71.99093496485294,71.1718320692725,71.81892395019531,4763716
2022-05-24,71.63052810835951,72.00731979203111,71.37661273828647,71.81892395019531,3871120
2022-05-25,72.08104610207131,72.42507477772033,71.87627199509636,71.93360900878906,3914024
2022-05-27,72.15475846135043,72.22848029504787,70.97524868314296,71.3602294921875,4628924
2022-05-30,71.64692069547738,71.69606858884319,71.0489766378351,71.54043579101562,3006848
2022-05-31,71.39299543532661,71.91722422240828,70.78686228770904,71.14726257324219,8927132
2022-06-01,71.70425575263822,71.8598885462248,70.56570467947502,70.59027862548828,3512395
2022-06-02,70.68037719382329,70.8851512815846,69.95137432042141,70.11519622802734,3046689
2022-06-03,70.36093350849598,70.77048170974052,70.1971115906011,70.30359649658203,3267039
2022-06-07,70.44283505649567,70.8032419427509,70.22168272902476,70.385498046875,4071031
2022-06-08,70.54113020541962,70.54113020541962,69.71383813213001,70.26263427734375,3738471
2022-06-09,70.09880942133705,70.44283146150421,69.88584622225397,69.89403533935547,3851085
2022-06-10,69.62372661598185,69.79574422480361,68.30497549845244,68.73909759521484,4977026
2022-06-13,68.0838243093713,68.63262047853698,67.37120622318845,67.80532836914062,4931589
2022-06-14,67.64149745558048,67.76436717374757,66.11796569824219,66.11796569824219,5267673
2022-06-15,66.34732019312612,66.7159161600077,65.90500239547154,66.3964614868164,4624934
2022-06-16,65.93776643293026,66.32274723240832,64.53710437541977,64.8811264038086,6193250
2022-06-17,64.42242696125365,65.28248866828896,64.24222682131854,64.69273376464844,15009135
2022-06-20,64.65178580089355,65.31525598982068,64.52891606702366,65.23334503173828,2353803
2022-06-21,65.35621476993178,65.83128909595158,64.57806396484375,64.57806396484375,4168979
2022-06-22,64.10297935769914,64.44700140578202,63.66066812166068,64.36509704589844,4423858
2022-06-23,64.20946613553275,64.52072513007278,63.84087013130094,64.07840728759766,3746399
2022-06-24,64.38147789093597,66.01968383789062,64.34871482695567,66.01968383789062,3730949
2022-06-27,66.28179707342191,67.1991958618164,66.20808182547026,67.1991958618164,3892161
2022-06-28,67.01078641992724,67.3302344811486,66.43741641427577,66.46199035644531,3377943
2022-06-29,65.68384961811063,66.55210046744598,65.46269069867223,66.5029525756836,4285712
2022-06-30,66.09340453345555,66.67496374440212,65.61012791925704,66.22445678710938,6480596
2022-07-01,65.64289675158666,65.95415574034308,64.7992198569457,65.79852294921875,4639854
2022-07-04,66.13436427665968,67.33844820411538,66.12617515824299,66.87974548339844,3632690
2022-07-05,66.5930534600447,66.89612333828416,65.96234635087745,66.27360534667969,4919937
2022-07-06,66.85516301057051,67.23194808794797,66.30636033088838,66.52751922607422,3974379
2022-07-07,66.72410527054627,67.55139726840557,66.38008324728746,67.25652313232422,3500789
2022-07-08,67.158226798806,67.97732967314639,67.05993761876114,67.7889404296875,3304652
2022-07-11,67.34663183320225,68.10020869042779,67.1664316817645,67.98553466796875,2486527
2022-07-12,67.80532415286248,68.14934620111097,67.38758026849267,67.91999816894531,2846069
2022-07-13,67.59237206798798,67.59237206798798,66.20808793648779,66.72412109375,3964825
2022-07-14,66.51114558651912,66.58486742847816,65.94596457864462,66.36370849609375,3464587
2022-07-15,66.88794584816416,67.67428588867188,66.56030196678809,67.67428588867188,4530473
2022-07-18,67.6578821594595,68.19030002123743,67.18280130155803,67.25652313232422,3169563
2022-07-19,67.20737587443149,68.49337050883544,67.068127921786,68.23944854736328,3928654
2022-07-20,67.98552973984472,68.14934505041691,67.3957748413086,67.3957748413086,3171830
2022-07-21,67.14185740599338,67.9609603881836,66.98622460856589,67.9609603881836,3497941
2022-07-22,67.8380875494174,68.44422728897469,67.70703529810183,67.94457244873047,2821988
2022-07-25,67.66607409291969,68.47698789113718,67.60873708665643,67.97733306884766,3099830
2022-07-26,68.15754841707295,68.80464039536896,67.8954307037301,68.70634460449219,3496818
2022-07-27,68.74729303802415,68.82920399478873,67.78894869021262,67.91181182861328,3178074
2022-07-28,68.41965186423316,68.42784098139028,67.66607506149222,68.12477111816406,3127581
2022-07-29,68.05924837712958,68.58347717759386,66.92888641357422,66.92888641357422,5245550
2022-08-02,66.92887912045762,67.31385991291789,66.40465697060927,66.95345306396484,4352774
2022-08-03,66.70772845179383,67.45311618516202,66.26541719457316,67.07632446289062,3845459
2022-08-04,66.83059250038562,67.26471460300105,66.47837475460997,66.64219665527344,3426580
2022-08-05,66.4783793096893,67.38758234913035,66.3227531088399,67.20738220214844,3268414
2022-08-08,67.61692715895408,67.69064899383062,66.9534570190335,67.3957748413086,2578076
2022-08-09,67.29748006521945,68.32955280142411,67.15823210403714,68.19849395751953,3700448
2022-08-10,68.067437506209,68.40327044830674,67.49406740677013,67.58416748046875,3564702
2022-08-11,67.40396584497226,67.40396584497226,65.67565987375403,66.38008880615234,5629154
2022-08-12,65.72480328369306,65.94595559244921,65.19238541363104,65.61012268066406,4872292
2022-08-15,65.79033516632408,66.10159416139405,65.52002835246411,65.89682006835938,2866742
2022-08-16,66.14254439418414,66.4374251454805,65.96234425258073,66.33094024658203,2585215
2022-08-17,66.29817605015896,66.68315686567371,66.08520625600389,66.53571319580078,2875194
2022-08-18,66.37190694426975,66.68316596733213,66.17532195109915,66.42923736572266,2424541
2022-08-19,66.41284805530616,67.4449141522426,66.23264792223557,67.17461395263672,3930088
2022-08-22,67.0026099189074,67.35482110483842,66.69954003307639,67.0517578125,2511430
2022-08-23,66.64219356535105,66.85516334503741,65.58555356400001,65.69203186035156,3236455
2022-08-24,65.70842612844733,66.24903317845526,65.4463150179722,66.19169616699219,2802059
2022-08-25,66.69134145196969,66.88792640495264,65.10228359489437,65.69203186035156,4008013
2022-08-26,65.82309445226241,66.57667124731117,65.69203561162593,65.83128356933594,3307195
2022-08-29,65.80671778419881,66.33913573634239,65.32344772757442,65.50365447998047,3148970
2022-08-30,65.1268568561092,65.46268978933324,64.84017181396484,64.84017181396484,4103692
2022-08-31,64.70911922871247,65.3070632554575,64.3650971799133,64.81559753417969,6040976
2022-09-01,64.45519400003427,64.70911596517385,64.0292610191703,64.34870910644531,3972981
2022-09-02,64.29956981534771,65.20058378589428,64.06203264572773,65.07772064208984,4204008
2022-09-05,64.55348343093162,65.52002340685112,64.24222445935627,65.38077545166016,2436777
2022-09-06,65.24152912129604,65.66746870789414,64.7091178250325,64.8483657836914,3470264
2022-09-07,64.74187469482422,65.17599676353814,64.44699397795947,64.74187469482422,3639590
2022-09-08,64.881133180765,65.12685945899972,63.83268215895178,64.52891540527344,3705660
2022-09-09,64.62721266561822,65.40535688693308,64.35690584120289,65.00399780273438,3680169
2022-09-12,64.91388811743776,65.65108004682696,64.87292934719855,65.64289093017578,3305526
2022-09-13,65.61831967482765,66.18350061674514,64.85655377078703,65.05313873291016,3647147
2022-09-14,64.68454745106283,64.80741058875368,63.857255364060094,63.9637336730957,3776982
2022-09-15,63.36578527489528,64.08659900336312,63.28387432422885,63.70161819458008,3813344
2022-09-16,63.562372408466004,64.61901249921118,63.431313564225626,63.505035400390625,11834045
2022-09-19,63.33302121227982,63.74256936564667,63.2838733239584,63.62789535522461,2834555
2022-09-20,63.75896151439308,64.00469439072594,62.948047637939446,62.94804763793945,3926393
2022-09-21,62.66135885330251,63.06271791200439,61.96512563532764,62.07979965209961,4503229
2022-09-22,61.432703523281376,61.850447381544456,61.06410755269438,61.473655700683594,5651980
2022-09-23,61.18697370247612,61.80949166550091,60.65455580898269,60.908477783203125,5091484
2022-09-26,61.02315054718173,61.35898346686415,60.05661056021338,60.59721755981445,4743022
2022-09-27,60.92485913157188,61.49822917174563,60.77742206316888,60.933048248291016,5959574
2022-09-28,60.507112392527134,61.64566330188794,60.4088232161072,61.28526306152344,6158956
2022-09-29,60.96581801950882,61.571957780263745,60.49073710814501,61.367183685302734,5477271
2022-09-30,61.49823672015874,62.17809173509483,61.391751815772956,61.8668327331543,5014671
2022-10-03,61.2033579207718,62.48115689633421,61.2033579207718,62.23542404174805,3220275
2022-10-04,62.60402310110572,63.21835197099227,62.481159964525354,63.04634094238281,4158269
2022-10-05,62.9316602026705,63.25110827976016,62.3992423451933,62.538490295410156,3783945
2022-10-06,62.25180694285851,62.39924401365045,61.547378056306044,61.87501525878906,3136066
2022-10-07,61.62928900529975,62.19446993791209,61.52280411225875,61.87501525878906,3548075
2022-10-10,61.62928933957153,62.07160055434643,61.36717825746508,61.89958953857422,4379918
2022-10-11,61.93235460955672,62.210850527985606,61.530995559729476,62.047035217285156,4574029
2022-10-12,62.161706449926584,62.350095697175135,61.67024075934096,62.05522155761719,4909390
2022-10-13,61.52280617425951,61.98150222920451,61.096873181311715,61.88321304321289,3793830
2022-10-14,62.006080848966924,62.81699471687712,62.006080848966924,62.24361801147461,4686873
2022-10-17,62.44019946752302,63.32483512567358,62.25999932637719,63.06271743774414,3631875
2022-10-18,63.201963895409115,63.65247083104828,62.77603090452198,63.308448791503906,3354523
2022-10-19,63.35759303034756,63.5377931568233,62.8497491173796,62.89070129394531,3173358
2022-10-20,63.029952582552276,63.07091135477921,62.2681866727496,62.41563034057617,3384331
2022-10-21,62.13713257832005,62.94803975979347,62.13713257832005,62.71050262451172,5305516
2022-10-24,63.152823373914096,63.96373059321607,62.99719058640654,63.87363052368164,4156652
2022-10-25,63.97193053275679,64.44700485688712,63.24292762411933,63.75896072387695,3882847
2022-10-26,63.60332415771963,64.61901206160064,63.60332415771963,64.41423797607422,3971418
2022-10-27,64.54529195645252,64.9466509800229,64.35689611960673,64.40604400634766,3287356
2022-10-28,64.64358818897503,65.76576102886777,64.58625117935244,65.59375,3159198
2022-10-31,65.81490444810909,66.58485946692714,65.45449758633548,66.26541137695312,4220581
2022-11-01,66.66677118768149,66.77325608340107,65.92139010462844,66.10977935791016,3901679
2022-11-02,66.25721454081285,66.7568693499307,66.15073624162515,66.47018432617188,4638267
2022-11-03,66.36370771510785,66.5848666448896,66.02787476151225,66.51934051513672,3243363
2022-11-04,66.73229852978282,67.07632057439749,66.24083940797506,66.486572265625,4176092
2022-11-07,66.3882798462808,66.3882798462808,65.61832476552014,66.01968383789062,3077525
2022-11-08,65.97053480378969,66.3800895801887,65.8886238485099,66.22445678710938,3529303
2022-11-09,66.19169264727643,67.09270654720947,66.08520774779512,67.01079559326172,2789227
2022-11-10,67.08451033432809,68.19029820542512,66.95345150317534,67.41214752197266,4274862
2022-11-11,66.63400198745167,67.05993493759988,64.71730041503906,64.71730041503906,6782181
2022-11-14,64.60263272203832,65.72480550485464,64.29956286080848,64.54529571533203,4699474
2022-11-15,64.69273350280875,65.43811459819595,64.54529642586839,65.24972534179688,4252685
2022-11-16,64.93845964157025,65.06132276072724,64.55347886442428,64.74187469482422,3317096
2022-11-17,64.74188750837033,64.86475065184406,63.93097361836255,64.77465057373047,3070909
2022-11-18,65.44631675553634,66.76506805419922,64.71731382272685,66.76506805419922,7001489
2022-11-21,66.80601833969791,67.92818450927734,66.80601833969791,67.92818450927734,4606417
2022-11-22,67.88723211639409,68.50975006013891,67.88723211639409,68.41146087646484,3667525
2022-11-23,68.329555045743,68.78825112423688,67.20738220214844,67.20738220214844,3891815
2022-11-24,67.20737524514675,67.46948632094038,66.9944120565306,67.25652313232422,3661624
2022-11-25,67.40396814783894,68.01010131835938,67.12547221231867,68.01010131835938,3370503
2022-11-28,68.02647842822286,68.3541222195378,67.69064552017255,68.21487426757812,2730561
2022-11-29,68.21487634366754,68.6735723906753,68.10020233191561,68.23125457763672,3618096
2022-11-30,68.36231052296408,69.01759150430634,68.32135175279113,68.51793670654297,8227455
2022-12-01,68.68996488340748,69.25513929475976,68.49337989939652,68.88654327392578,4917473
2022-12-02,68.64899710391768,68.93568212769189,68.23125324349304,68.91930389404297,4726516
2022-12-05,69.45991922469337,70.36093317535648,69.17323416648104,70.27902221679688,6011014
2022-12-06,70.28720284328853,70.63122487158242,69.75478497371815,69.85308074951172,4505887
2022-12-07,69.96776011437655,70.74590429600752,69.87765344850494,70.26263427734375,4471467
2022-12-08,70.58207908128449,70.67218574293705,69.57458691040996,69.86946105957031,3205931
2022-12-09,70.03328393673128,70.42645387007991,69.44352903670834,70.01689910888672,4666553
2022-12-12,69.78755755281308,70.0414795502565,69.39438758299794,69.56639862060547,5147140
2022-12-13,69.54182611490045,70.3609290590846,69.16503440887088,69.45991516113281,4794407
2022-12-14,69.41895450578608,70.54931640625,69.35342838194504,70.54931640625,4271802
2022-12-15,70.1970984424708,70.38548767862066,69.31246948242188,69.31246948242188,4885915
2022-12-16,69.36981670692458,69.44353195158908,68.70633994398992,69.001220703125,10766601
2022-12-19,69.11588885227269,69.29608898336168,68.79643417421701,68.91930389404297,3114653
2022-12-20,68.23126138963389,68.7964423878349,68.13297219553016,68.46060943603516,4112509
2022-12-21,68.46060449172462,69.38619232177734,68.41965231217884,69.38619232177734,2910303
2022-12-22,69.02578931716748,69.48449199603927,69.00941108182822,69.2469482421875,3130695
2022-12-23,69.34523736731929,69.910418302086,69.15684152456643,69.39437866210938,1914442
2022-12-27,69.50087186309277,69.77117868746173,69.37800872119378,69.44353485107422,1721537
2022-12-28,69.37800642406066,69.50905867948235,69.03398436334007,69.19779968261719,2571056
2022-12-29,69.05855090894404,69.51725357803586,68.67357667127693,69.4271469116211,2337518
2022-12-30,69.13227358119047,69.34524338657033,68.46880340576172,68.46880340576172,2803418
2023-01-03,69.35343464758587,70.51655971505126,68.91111678796825,70.30359649658203,3976405
2023-01-04,70.2380599975586,70.80324096846877,70.13157509730195,70.2380599975586,4215042
2023-01-05,69.6319244096185,69.95956162283849,69.25513271320126,69.54182434082031,3630949
2023-01-06,69.14045667225352,70.38549255166572,69.09950449436131,70.25444030761719,3033041
2023-01-09,70.1971097388125,70.41826866278717,69.6810766451999,69.87765502929688,3724562
2023-01-10,68.80463079814493,69.21417895369142,67.82989511087791,68.41146087646484,5605647
2023-01-11,68.61624001260158,69.25513623731199,68.173922169731,68.72272491455078,5663565
2023-01-12,69.05036066394928,69.49267849733621,68.49337540702719,68.90292358398438,5372486
2023-01-13,68.69814693528387,69.45991284578754,68.68995781822775,69.21417999267578,4479297
2023-01-16,69.14865528375866,70.62303924560547,69.14865528375866,70.62303924560547,4930168
2023-01-17,70.4428383242461,70.5820862959976,69.8285160184523,70.1233901977539,5184196
2023-01-18,69.98414437133806,69.98414437133806,69.05036731693487,69.41077423095703,6247803
2023-01-19,69.4926807791237,70.03328781907395,69.13227388799271,69.22237396240234,4329743
2023-01-20,69.45991738044542,69.5991653469503,69.19779968261719,69.19779968261719,3529299
2023-01-23,69.28790801050796,69.9759521484375,69.04217513546487,69.9759521484375,4595782
2023-01-24,69.60734832874878,69.77935934394655,69.25513058799254,69.6728744506836,5109858
2023-01-25,69.62372820627536,69.894035004249,69.46810201463295,69.86946105957031,3122390
2023-01-26,69.0257767027831,69.11588335465214,67.72340393066406,67.72340393066406,6920746
2023-01-27,67.69883938852638,67.93638313194987,67.19099543243891,67.6415023803711,4063354
2023-01-30,67.80532302062362,68.39507791926972,67.58416410944481,68.12477111816406,3869336
2023-01-31,68.1493460322045,68.24764181345599,67.5268280625857,67.543212890625,6110479
2023-02-01,67.65789245102762,67.80532954149523,65.5036533261335,65.70842742919922,6293481
2023-02-02,65.83948328922004,66.01149431919085,63.98011842983007,64.10298156738281,7067672
2023-02-03,64.32414372437678,65.57736888961016,64.32414372437678,65.15143585205078,6284328
2023-02-06,65.03675957057978,65.52822531544349,64.47977429062374,64.83198547363281,4725468
2023-02-07,65.1104820419283,65.48726717518463,64.93027529633326,64.95484924316406,4985457
2023-02-08,65.42174059594528,66.22445875059785,65.4135514782222,65.79033660888672,4554321
2023-02-09,66.04424648271298,66.49475337070909,65.55278742012237,65.6019287109375,3702672
2023-02-10,65.1923914073211,65.48726557510078,64.68454743453975,65.33982849121094,4481019
2023-02-13,65.51183890308394,65.92139368057116,65.43811706508855,65.87224578857422,3799519
2023-02-14,65.97053497907574,66.36370492806651,65.87224578857422,65.87224578857422,3447801
2023-02-15,66.10159301757812,66.33913017016893,65.9377711085882,66.10159301757812,3038012
2023-02-16,66.05244884846455,66.14254892543879,65.00399780273438,65.00399780273438,4298644
2023-02-17,64.93026698833286,65.98691359939383,64.91388875486969,65.76575469970703,5177050
2023-02-20,65.82309952469132,66.01968450404917,65.4053556193693,65.4135513305664,3083556
2023-02-21,65.49546019740704,66.12616729736328,65.4463123057633,66.12616729736328,4294376
2023-02-22,66.00329883774793,66.797827783433,65.81490299730496,66.44561004638672,3734384
2023-02-23,66.36370489330558,66.46200067724797,65.63470200520486,65.94596099853516,3782110
2023-02-24,66.48657663794498,66.95346184534206,65.98692177257921,66.0934066772461,3299049
2023-02-27,65.93777436260618,66.35551827309841,65.83948516845703,65.83948516845703,3811963
2023-02-28,65.56917603880834,65.79852407724574,64.93846893310547,64.93846893310547,5141817
2023-03-01,64.87293649856265,65.06133235674947,64.3650991208492,64.38147735595703,4045434
2023-03-02,64.50433828211136,65.37258911132812,64.36509691449824,65.37258911132812,3627060
2023-03-03,65.39717056375272,65.41355539367215,64.83198953717972,64.99581146240234,3262342
2023-03-06,64.94665738255472,65.1678163011994,64.76645723806247,64.88932037353516,4126036
2023-03-07,64.87293524473,65.15962688199234,64.72549816414714,64.79103088378906,3695198
2023-03-08,64.84836914590092,64.90570615576311,64.33232946364875,64.38147735595703,4607729
2023-03-09,64.79765557508317,65.15712526926772,64.54945703544514,64.6264877319336,6749743
2023-03-10,64.36972580710626,64.72063194301097,63.52241570115519,63.86476516723633,9576221
2023-03-13,63.933231486231726,64.20710692193366,63.111598289697795,63.95035171508789,5511802
2023-03-14,63.97603113205383,64.21567300890497,63.61656142734875,64.07017517089844,5029793
2023-03-15,64.19000154962032,64.84901676681447,64.01882679752525,64.59225463867188,6809038
2023-03-16,65.40532516876051,65.95307605708392,65.02018545716714,65.8931655883789,6845111
2023-03-17,66.14136678303474,66.15848012189447,65.25126647949219,65.25126647949219,24168338
2023-03-20,65.28551042919744,66.09858016889257,65.1656894804123,65.67920684814453,5009012
2023-03-21,66.14992926088327,66.45803828169136,65.80758666992188,65.80758666992188,4410054
2023-03-22,65.85892827612015,65.97019253722843,65.21703338623047,65.21703338623047,5721411
2023-03-23,64.70352006907446,64.97739554364787,64.48955506985862,64.87469482421875,4018253
2023-03-24,64.93460009478332,65.56793837073747,64.737748453203,65.35397338867188,5558520
2023-03-27,67.96437535136222,70.57476621328728,67.96437535136222,70.39503479003906,11353493
2023-03-28,70.56620592649519,71.4990965675375,70.20673620898995,71.4391860961914,6136118
2023-03-29,71.250891234067,71.55044356230262,70.79727751751477,71.03692626953125,5141665
2023-03-30,71.12251493779095,71.456307761505,70.84008280552763,71.33648681640625,4484239
2023-03-31,71.50764727061417,72.13243572186079,71.39638989699053,71.68738555908203,5007042
2023-04-03,71.89279596788238,72.51757754805004,71.49909270081805,72.21802520751953,4415907
2023-04-04,72.56036390256202,72.68874150179458,72.20090111316857,72.57748413085938,3364172
2023-04-05,72.50901256849224,73.80137283183457,72.45766566071293,73.79281616210938,4529573
2023-04-06,73.72434842990408,74.90544441956543,73.72434842990408,74.54597473144531,4384705
2023-04-11,74.63156834854931,74.93112070588768,74.01534340369811,74.33201599121094,3680428
2023-04-12,74.54598180402289,74.6486894073525,74.00678755482856,74.24642944335938,4187385
2023-04-13,74.13516236302277,74.6315663516565,74.07525189315811,74.5545425415039,3528846
2023-04-14,74.38337172474662,74.97391978439258,74.38337172474662,74.84553527832031,3329993
2023-04-17,74.90545072665694,75.71852042700311,74.68292218143733,75.40184783935547,4232184
2023-04-18,75.33338074645201,75.82122118909108,74.81986340323793,75.0851821899414,3971708
2023-04-19,74.8968858757489,75.82121983277084,74.86265230540415,75.52166748046875,3615065
2023-04-20,75.16219451017439,75.4703103805358,75.05949381300564,75.44463348388672,3831349
2023-04-21,75.57301952130084,76.4374429877379,75.43607835368147,76.09510040283203,4596290
2023-04-24,76.71988396089684,76.95952584330634,76.44600850806147,76.6086196899414,4328854
2023-04-25,77.02798771996643,80.4086645216934,76.53159064857317,79.69829559326172,8916965
2023-04-26,79.17621967130377,79.56991606298836,78.40594022833083,78.44873046875,5248873
2023-04-27,78.56855799391839,79.26180673413369,77.95233306404452,78.18341827392578,4034578
2023-04-28,78.22621003125734,78.76540427181813,77.72980603177957,77.99512481689453,4981095
2023-05-02,78.32891267604805,79.13343261100157,78.07215744435791,78.92802429199219,4337230
2023-05-03,79.16765945567334,79.61270962747268,78.85954355862569,79.17621612548828,3419621
2023-05-04,78.91945226591498,79.4757666906128,78.80819489251786,79.33026885986328,3299130
2023-05-05,79.54424364609052,79.8266757589415,78.696933528681,79.77532196044922,3063894
2023-05-08,79.58703738835499,80.20326232910156,79.41586264546505,80.20326232910156,3314503
2023-05-09,80.02352952957186,80.08343999960259,79.49289196946299,79.98929595947266,4183156
2023-05-10,79.72397557987965,79.74108891987166,78.36314813681115,78.6883773803711,3277283
2023-05-11,79.16766262062919,79.40730450045318,78.75684600109419,79.23612976074219,3556409
2023-05-12,79.17621625772976,79.58703286152732,78.91089748817001,79.1933364868164,2773896
2023-05-15,79.56135569678449,79.58703259561457,79.04783838846737,79.15909576416016,2286495
2023-05-16,79.01360906239464,79.46721592760692,78.76540361999547,79.16766357421875,2483862
2023-05-17,78.94513248025626,79.02216317839272,77.73835954602193,77.93521118164062,3280275
2023-05-19,76.90817071273058,77.75548084618646,76.23203531787183,77.46448516845703,4888190
2023-05-22,77.52439281078813,78.38025958313274,77.51583614099884,78.08926391601562,3401637
2023-05-23,77.5072798402638,78.59422492809162,77.19916394267285,77.72124481201172,3173886
2023-05-24,77.66990016493018,78.19198109577852,77.19917303796868,77.532958984375,3139935
2023-05-25,77.42169714891529,77.42169714891529,75.56446564967223,75.7869873046875,4467929
2023-05-26,75.91536899563506,76.57438415535727,75.5901397507889,76.09510040283203,3730486
2023-05-30,75.76987657608446,76.01807514012492,74.40048547025444,74.4775161743164,3913996
2023-05-31,74.66579532182583,75.41896137323535,74.58877151641833,74.59732818603516,15941651
2023-06-01,75.16219882115281,75.85545440215743,75.01670099141461,75.36760711669922,3817654
2023-06-02,75.26491371580147,76.79691596675498,74.46895735451437,76.48880004882812,5052782
2023-06-05,77.13924549959263,78.08925621420588,76.9595141151754,77.35321044921875,3929837
2023-06-06,77.11358251543572,78.03792338997381,77.11358251543572,77.4730453491211,3607302
2023-06-07,77.4559340030545,77.78971994444075,76.55727000626683,76.60006713867188,3995698
2023-06-08,77.02799294456743,77.57575073938516,76.71988392146457,77.34466552734375,3517581
2023-06-09,77.34466552734375,77.34466552734375,77.34466552734375,77.34466552734375,0
2023-06-12,78.00367292177097,78.30322524474474,77.60141989781813,77.74691772460938,3801133
2023-06-13,77.60998775898203,77.69557513352066,76.54871258201754,77.01943969726562,3580484
2023-06-14,76.97664063723857,77.541511732946,76.56582404228261,76.73699188232422,3093959
2023-06-15,76.77123772179122,77.80683595142656,76.582942750403,77.34466552734375,3088591
2023-06-16,77.61854106744688,78.6883797581238,77.45592988546741,77.67845153808594,8954555
2023-06-19,77.88386315164249,78.01224765804584,77.56719744451483,77.75548553466797,2329618
2023-06-20,77.63566212081822,78.27756396414692,77.49872094814998,77.59286499023438,4556131
2023-06-21,77.3617879644771,77.99512625867104,77.26763703138249,77.4730453491211,3544454
2023-06-22,76.83970382407755,77.1221428326283,76.34329983629564,77.079345703125,2808407
2023-06-23,77.21628485469675,77.84106643580631,77.15637438650033,77.61853790283203,2999968
2023-06-26,77.44736698976988,77.44736698976988,75.82977752311344,76.10365295410156,3535323
2023-06-27,76.12078246722416,76.24916008409586,75.77843296966115,75.93248748779297,2433594
2023-06-28,76.08654716184192,76.18069120469818,75.4018481823157,75.7698745727539,3131079
2023-06-29,75.93248009645286,76.28338623046875,75.70995845624044,76.28338623046875,2291666
2023-06-30,76.26626881395705,77.13069220869298,76.22347168850098,77.02798461914062,4079126
2023-07-03,77.02799029276372,77.41313000309755,75.70995998556401,75.77842712402344,3337612
2023-07-04,75.89824547331709,76.64284796931842,75.63292670904737,76.01806640625,2204684
2023-07-05,76.06942653493367,76.32618865091716,75.7784308480381,76.13789367675781,3817277
2023-07-06,76.02662212506611,76.08653948021126,74.86264637835713,75.03382110595703,2677366
2023-07-07,74.95679216918612,75.2905849626606,71.52476842487927,72.671630859375,5163414
2023-07-10,72.50900873289442,73.67299133107367,72.36351090812201,73.41622924804688,3054618
2023-07-11,73.34776786805564,73.42479167640562,73.00541839716767,73.23650360107422,2358305
2023-07-12,73.02253982700883,73.33064884433082,72.45766870229959,72.78289794921875,2161166
2023-07-13,72.69731435682165,73.17659813730131,72.38919843406418,72.40631866455078,1803007
2023-07-14,72.24369704642585,72.92839600146462,72.2351403763164,72.71442413330078,2159706
2023-07-17,73.60451726377913,73.76713531642538,72.2779303925181,72.68018341064453,2330207
2023-07-18,74.44327358462145,76.4631160925535,74.28921908458778,76.05229949951172,5386429
2023-07-19,75.78698402390135,76.8482591203838,75.67572664592431,76.12933349609375,2690762
2023-07-20,76.12933839036862,78.15774467571322,76.11221815988702,77.84107208251953,3503191
2023-07-21,78.05502636428923,78.34602201655686,77.55862242156373,78.11493682861328,2251406
2023-07-24,77.96944748467573,78.26899983888391,77.42169657681751,77.71269226074219,1842129
2023-07-25,77.67844815943936,77.70412505851478,76.80546803801634,77.68701171875,2168038
2023-07-26,77.72124292003573,77.92665121695336,76.5315902654947,76.80546569824219,2025581
2023-07-27,76.67708341219316,77.69556825645361,76.67708341219316,77.66989135742188,2301265
2023-07-28,77.56719550660696,78.20909046487152,77.10502507395925,77.2419662475586,1729856
2023-07-31,77.72980637708176,78.43161869361874,77.6784525760111,77.94377136230469,2430958
2023-08-02,77.11358040214223,77.8325129392394,76.48879879555946,77.67845153808594,2640552
2023-08-03,77.06222681588669,77.09646727585718,75.85546072949789,76.22348022460938,2481038
2023-08-04,76.60005914053355,76.69420317679416,75.70139523757922,76.2320327758789,1570416
2023-08-07,76.189235918075,77.0194257220901,75.98382763433936,76.89960479736328,1691954
2023-08-08,76.9852026164674,77.66989469214043,76.6257397934462,77.01087951660156,2463770
2023-08-09,77.3446630668618,77.77259990692286,77.12214142157269,77.60142517089844,3233121
2023-08-10,77.74692735085978,77.86674829488494,77.13925907085454,77.52439880371094,2411566
2023-08-11,77.19916790352451,77.79827261092817,77.17349100328885,77.69557189941406,1711382
2023-08-14,77.58430633169657,77.85818178058602,77.47304206234419,77.81539154052734,1618389
2023-08-15,77.7897170310473,77.7897170310473,76.99376067029888,77.22484588623047,1598827
2023-08-16,77.22483954905026,77.68700994298706,76.96807745359335,77.10501861572266,1628161
2023-08-17,76.81402856570267,77.01943687919393,76.30051122668883,76.90817260742188,1729430
2023-08-18,76.7883525385255,77.01943775500948,76.00951640612188,76.50592041015625,2886486
2023-08-21,76.6342882678548,77.5329452292989,76.6342882678548,77.02798461914062,2122073
2023-08-22,77.28475656999017,77.87530461702387,77.1734922969134,77.57575225830078,2374807
2023-08-23,77.38745576799694,77.98656736314132,77.01087960407756,77.34466552734375,2410752
2023-08-24,77.73836253169902,77.9180939448253,76.71132785367134,76.90817260742188,2229233
2023-08-25,76.76267606550859,77.09646888647997,76.60006487968016,76.7883529663086,1483066
2023-08-28,77.11357599924514,78.1662943998781,77.07078576098694,77.42169189453125,1816389
2023-08-29,77.55006455996438,77.8325035385372,77.11357108827353,77.51583099365234,2478797
2023-08-30,77.58430351800568,77.72980135201402,76.93384504459014,76.96807861328125,2079550
2023-08-31,76.8910526834058,76.95951981889789,76.28338446527256,76.43743896484375,4893821
2023-09-01,76.33473852661243,76.60861395895955,76.04374286561884,76.4716796875,1995433
2023-09-04,76.45456178355307,76.82258126107575,75.84689354483329,76.19779968261719,1627660
2023-09-05,75.97527377932417,76.232028976433,75.07660992115974,75.13652038574219,2364068
2023-09-06,74.69147525860707,74.69147525860707,73.71578753147219,74.64012145996094,2675011
2023-09-07,74.69147086728353,75.85545349121094,74.40903877019143,75.85545349121094,2534512
2023-09-08,75.74419745927334,75.7698743598763,74.93112086808465,75.4189682006836,2107638
2023-09-11,75.53022657855834,75.8383355828895,75.08517641150884,75.58157348632812,1936362
2023-09-12,75.98382937297967,77.22483577286238,75.88968534274407,76.74555206298828,2632876
2023-09-13,76.56583048672411,77.1563785305004,76.28339147038386,76.87393951416016,2227460
2023-09-14,77.02799290572322,78.1235016053777,76.90817196464047,78.0807113647461,3147833
2023-09-15,78.75684145794102,79.55279775119612,78.47440246476776,78.96224975585938,9595581
2023-09-18,78.54287859358321,79.27036088072735,78.31179339105856,78.75684356689453,2465488
2023-09-19,78.26043946153618,79.04783910489172,77.76403548832134,78.7397232055664,2837748
2023-09-20,79.45009578448726,79.9379431101301,78.90234487752986,79.50144958496094,2188291
2023-09-21,79.50144372182255,80.44289784374229,79.20189139019865,79.3473892211914,3289856
2023-09-22,78.99648639451068,79.07351709275976,78.48296907446858,78.6883773803711,2418506
2023-09-25,79.16766357421875,79.2960411858341,78.50008483707616,79.16766357421875,2636169
2023-09-26,79.59559280299342,80.22037440419955,79.36450759268041,79.5870361328125,3983101
2023-09-27,79.78388899207344,79.89514637441101,78.94513550810001,79.13343048095703,2959573
2023-09-28,79.36450884471236,80.20326232910156,79.27036480295148,80.20326232910156,3377994
2023-09-29,79.74965356524423,81.11048102684306,79.74965356524423,80.34019470214844,4517754
2023-10-02,80.53705122639778,80.70822597560287,79.11631320896744,79.91226959228516,3356429
2023-10-03,80.0149643645989,80.15190553167668,78.1406196014883,78.6883773803711,3547110
2023-10-04,79.37468112402888,80.42217047105433,78.76063326907317,79.10377502441406,4218675
2023-10-05,79.46497646240479,79.60042950471492,77.90276423469332,78.76966094970703,3655459
2023-10-06,79.59140759530936,80.28673008593744,79.42886530173398,79.8081283569336,3744273
2023-10-09,79.83522349586433,80.26866501376763,79.29341126434213,79.5823745727539,2732533
2023-10-10,79.76297686811871,80.50344573865294,79.76297686811871,80.47635650634766,3960548
2023-10-11,80.8194981222995,81.41548878968005,80.50344559691361,80.98204040527344,3973730
2023-10-12,80.58471440913866,81.06330922412319,80.01581985556942,80.41314697265625,3433935
2023-10-13,80.25962799453079,80.25962799453079,78.9773538235774,79.03153228759766,3767434
2023-10-16,79.40177013593295,79.40177013593295,78.40845925581348,78.74256896972656,2516664
2023-10-17,78.58906068993913,79.33856161132758,78.56197145726243,78.90511322021484,2908043
2023-10-18,78.15561293442505,78.93220302634927,77.5415651149833,78.69741821289062,3720150
2023-10-19,78.0472561943669,78.25495179613453,76.06965951488976,76.53019714355469,3430309
2023-10-20,76.26831292958836,77.22550244391184,76.23219166063288,76.5753402709961,3517097
2023-10-23,76.54825334231089,76.6656492028672,75.69942753294693,76.304443359375,2971011
2023-10-24,76.34056952364236,77.00879589878626,74.94993141523071,76.85528564453125,3572625
2023-10-25,76.41281111707438,77.68605334144924,76.33153652562177,77.49642181396484,2637263
2023-10-26,77.71314119931414,77.83053706384143,76.82819408672428,76.83721923828125,2535196
2023-10-27,76.93654657009391,77.45126264564053,75.55494062464922,75.63621520996094,3353406
2023-10-30,76.09675226358921,76.68371093282077,75.97033124429981,76.42183685302734,3277853
2023-10-31,76.34056091308594,76.92751951898352,76.11480813308134,76.34056091308594,3309665
2023-11-01,77.36096383250259,77.51447407506656,76.89140106423974,76.9455795288086,4392843
2023-11-02,76.82818420307535,76.94557316307235,75.80777727525833,76.44892120361328,3644185
2023-11-03,76.50310249251716,76.60243426596747,74.96797946883018,75.25694274902344,2548316
2023-11-06,75.33821955456129,76.06965637207031,75.12149881037867,76.06965637207031,2065227
2023-11-07,75.93420545426207,76.35862180354123,75.53688522701582,76.0154800415039,1976601
2023-11-08,76.06964885806521,77.11714498209682,75.88001736445828,76.64757537841797,3020445
2023-11-09,76.90946330698279,76.90946330698279,75.9251843923883,76.12384796142578,2075581
2023-11-10,76.55728534060499,76.81012736408101,75.3653108803406,75.72651672363281,2297947
2023-11-13,76.03353374256758,76.41280364990234,75.82584504251648,76.41280364990234,2159758
2023-11-14,76.75594679561812,76.9636423888841,76.2231735306682,76.3586196899414,3364492
2023-11-15,76.28638629609607,76.35862195337359,75.0492585191132,75.50979614257812,3443652
2023-11-16,75.54591837269221,75.91614937274932,75.15762329101562,75.15762329101562,3657890
2023-11-17,75.57300631097321,76.23220060079197,75.41046402632517,75.9432373046875,2952658
2023-11-20,75.58203341451144,76.29541307725869,75.56397622216342,76.10578155517578,2514940
2023-11-21,76.27735513374898,77.02685606323996,76.02451310679506,76.81916046142578,2793260
2023-11-22,77.19842082227588,78.15561732035644,77.09006389415875,77.6589584350586,2763392
2023-11-23,77.56865969246618,77.88471221923828,77.31581767104849,77.88471221923828,1498211
2023-11-24,77.94792100496561,78.3723373413086,77.93888896456328,78.3723373413086,1305290
2023-11-27,78.19172893567455,78.29106070921806,77.62283441491198,77.63186645507812,2011010
2023-11-28,77.80344327643662,78.02016402140649,76.9275213666719,77.0087890625,2515561
2023-11-29,77.14423795209005,77.55059018817693,76.23219481910225,76.61145782470703,3128805
2023-11-30,76.57534792715438,76.86431121826172,76.33153105968452,76.86431121826172,7141934
2023-12-01,77.42417514583508,77.91180200032987,77.0178228784703,77.09909057617188,2277071
2023-12-04,77.65895649650831,77.86665208592875,77.26162939818825,77.7853775024414,2761427
2023-12-05,77.86665555412547,78.0291978389117,76.54825319451028,76.81012725830078,3492673
2023-12-06,77.03587924165514,77.88471192991418,76.38571010932297,76.6566162109375,3666617
2023-12-07,76.99975791911923,77.09908969701857,75.76263704980124,76.07868957519531,2504562
2023-12-08,76.06964919726855,76.53921880304125,75.518811903628,76.50309753417969,3339203
2023-12-11,76.88237409472252,77.54157531131303,76.70177460796202,77.27970123291016,2164635
2023-12-12,76.91849053444828,77.59574890136719,76.8191587561459,77.59574890136719,3109403
2023-12-13,77.65895752606652,78.63421120427523,77.62283625397417,78.30009460449219,4220162
2023-12-14,78.3091334641883,78.769671111685,76.52116823177273,77.27970123291016,3871240
2023-12-15,77.45126946598452,77.52351201719476,76.1328739088276,76.56632232666016,8132640
2023-12-18,76.57534599574399,77.4151466158161,76.33152913442376,76.99073028564453,3387206
2023-12-19,76.71982412456158,76.97266613649934,76.02450859173275,76.41280364990234,3390401
2023-12-20,76.61145797736867,76.69273255840473,76.00644219730381,76.39473724365234,2305981
2023-12-21,76.04256458679512,76.5392234520241,75.65426953473283,76.11480712890625,2067227
2023-12-22,75.84389977352745,76.65661113512908,75.66330031069505,76.61145782470703,1389468
2023-12-27,75.97935272806296,76.58436850622702,75.84389968638034,76.03353118896484,2068074
2023-12-28,76.01547434702924,76.35861608336111,75.7716643824249,75.88905334472656,1715540
2023-12-29,76.33153766480392,76.63856506347656,76.00645307299942,76.63856506347656,2380625
2024-01-03,78.12851301564577,80.03386688232422,78.11045582599367,80.03386688232422,5749595
2024-01-04,80.43120269672777,81.17167156269424,80.35896015140705,81.12651824951172,3408396
2024-01-05,81.18070535637723,81.75863195256704,81.04525230333276,81.64124298095703,2645796
2024-01-08,81.88505201345737,82.39073605689072,81.68638845655758,81.99341583251953,2867801
2024-01-09,81.45159766753719,82.59842561139952,81.38838716673258,82.30043029785156,2704625
2024-01-10,81.83087650293598,82.89642998251705,81.55997039021437,82.6706771850586,4032492
2024-01-11,82.80611629102232,83.0318690692306,82.12885795639751,82.46297454833984,2975934
2024-01-12,82.697762314776,82.96866152462628,82.34558851937085,82.56230926513672,2095213
2024-01-15,82.85127357814623,83.0770263671875,82.77903103219022,83.0770263671875,2746406
2024-01-16,83.25762626854915,83.90779540662244,83.00478424583805,83.7994384765625,3136874
2024-01-17,83.53755403967726,84.74758553794341,83.19440543195651,84.56698608398438,2501498
2024-01-18,84.01615924808912,84.69341761885458,83.73622799278984,84.0884017944336,3022000
2024-01-19,84.11549495333387,84.70245361328125,84.02519521090244,84.70245361328125,2566147
2024-01-22,84.79274948494322,85.35261199611772,84.68438566531505,85.24425506591797,2935652
2024-01-23,84.98237878846547,85.08171056484663,84.14257815415176,84.4315414428711,2813173
2024-01-24,84.20578379161907,84.49474706363786,83.60076801730283,84.45862579345703,2690577
2024-01-25,84.12452561387697,84.12452561387697,83.20345034367703,83.75428771972656,2366318
2024-01-26,83.68204026414422,84.01615686443674,83.19441342429631,83.4924087524414,2342888
2024-01-29,83.79944141104043,84.81080953730073,83.58271376447438,83.89877319335938,2656798
2024-01-30,83.79944065749092,84.16967166054522,83.17636073571659,83.60980224609375,2810697
2024-01-31,80.25962500566358,82.64357378577243,79.17601442904247,80.72919464111328,8041717
2024-02-01,80.8556177118099,82.02050290063366,80.42216933642712,81.75862884521484,3846735
2024-02-02,81.3793639763574,81.93020130639158,80.9730048418875,81.09040069580078,2931715
2024-02-05,81.28906483496912,81.81281298212745,81.2258543268244,81.5960922241211,3380878
2024-02-06,81.86700268600549,82.30947626651476,81.13555889357126,81.35227966308594,2691800
2024-02-07,81.90311017666991,82.06565246247682,80.93688850254792,81.93020629882812,2819723
2024-02-08,81.70445677989032,81.70445677989032,79.43789672851562,79.43789672851562,3278855
2024-02-09,79.94357474602212,80.34090185037105,79.54624764167319,79.74491119384766,2930012
2024-02-12,79.47401309364245,79.63655537591916,78.58905913692972,79.17601776123047,2491854
2024-02-13,79.54625036204442,80.27769409183097,79.39274011717912,79.48303985595703,3425771
2024-02-14,79.88036180063737,79.98872561381003,79.20310346952132,79.28437805175781,2536458
2024-02-15,78.97735034391147,79.50109843779235,78.86898653121709,79.4288558959961,2461023
2024-02-16,79.53722013709385,80.14223592668328,79.0044400002618,79.8623046875,2876841
2024-02-19,79.91648291717523,81.13554653294146,79.91648291717523,80.87367248535156,1614102
2024-02-20,80.81047061518284,82.25528716187813,80.74726010655957,81.96632385253906,2308569
2024-02-21,81.09942568993706,81.55093124552417,80.64792013434997,81.30712127685547,2400756
2024-02-22,81.93923106956987,82.08371616269541,81.28003677811282,81.78572082519531,3227100
2024-02-23,81.90311161595835,82.85127611473217,81.7134800940893,82.74291229248047,2235130
2024-02-26,82.6526099744432,83.21247937114114,82.44492126672331,82.49909973144531,2217205
2024-02-27,81.93923126001239,82.1649840514744,81.57802541578748,81.85796356201172,2822152
2024-02-28,82.17401487562391,82.53522071450134,81.27100372314453,81.27100372314453,2914648
2024-02-29,81.13555516510243,81.4516077080853,80.40411829570938,80.81047058105469,4722925
2024-03-01,81.03621696027125,81.93020294027642,80.99107053738186,81.39742279052734,2247292
2024-03-04,81.59608261596043,82.038556120871,81.07233453047486,81.43354034423828,2660789
2024-03-05,81.77668603653453,82.10177059571457,81.46063351772844,81.75862884521484,2382399
2024-03-06,81.84892455711179,82.22818756103516,81.46062951325848,82.22818756103516,3286746
2024-03-07,82.45307444265787,83.28697428275562,82.05955012118255,82.24694061279297,5601589
2024-03-08,82.07827447781588,82.60298064595905,81.75970925830754,82.5561294555664,3175679
2024-03-11,82.88407195856368,83.31507577512372,82.80911290825189,83.20264434814453,3811053
2024-03-12,83.3712989630782,83.7367153991663,81.7971946428185,82.06890869140625,3766221
2024-03-13,81.98458920047918,82.07828444415338,80.8789681687503,81.63790893554688,3547186
2024-03-14,81.76908080788662,81.88151938540334,80.9070731590577,81.3287124633789,2717302
2024-03-15,80.60723770137037,81.66601456391865,80.2418212890625,80.2418212890625,16109816
2024-03-18,80.37299745899136,80.41047698251418,79.79208271560803,80.13875579833984,2541879
2024-03-19,79.87640904493662,80.16686642667463,79.44540523224883,80.12938690185547,2455344
2024-03-20,80.45733597682928,80.53228788265562,79.48288971619813,79.7452392578125,2536367
2024-03-21,79.82956026979645,81.46925200073642,79.53910287926058,81.25375366210938,3522522
2024-03-22,81.0663484670021,81.46924439780183,80.47606207240678,81.0569839477539,2157126
2024-03-25,80.79464069304406,81.06635474203361,80.56039902092382,80.96329498291016,1801019
2024-03-26,80.91645057880005,81.07573321356998,80.43859552600111,80.71968841552734,2390891
2024-03-27,80.95392693173585,81.31934338469233,80.81338049248593,81.19754028320312,2823832
2024-03-28,81.05699338395029,81.86278533935547,81.05699338395029,81.86278533935547,2973660
2024-04-02,81.6660199524307,81.88151828750414,79.80145109651139,80.29804229736328,3133975
2024-04-03,80.6166165296615,81.05699202681075,80.26057175356722,80.3917465209961,3093067
2024-04-04,80.3917464605476,83.23075444396295,80.12938977739842,82.67794036865234,4440994
2024-04-05,81.7503457651274,81.76908195406517,80.48544213141057,80.6353530883789,4101587
2024-04-08,80.99140469571913,81.72223758572306,80.90707397460938,80.90707397460938,2514209
2024-04-09,80.65409818626733,81.01951464068406,80.37300530664422,80.92581939697266,2229515
2024-04-10,81.04761559932648,81.07572345519817,80.13875680087071,80.70093536376953,2274261
2024-04-11,80.67283553709433,81.02888747620835,80.10128524919033,80.23246002197266,2226966
2024-04-12,80.560397249204,81.26312225011004,80.34489177025793,80.6728286743164,2419969
2024-04-15,80.75716527996079,81.21627697911829,80.27931024292565,81.04762268066406,2331975
2024-04-16,80.65409184661146,80.65409184661146,79.1924189953476,79.64216613769531,3068722
2024-04-17,79.44540934514033,80.03569580750242,79.02377003046273,79.50162506103516,2429911
2024-04-18,79.25800834139086,79.55784454271807,78.95817928855215,79.19242095947266,2681710
2024-04-19,78.50843584178196,80.13875579833984,78.35851774769066,80.13875579833984,3719061
2024-04-22,80.61661309576559,81.85340881347656,80.05443452380395,81.85340881347656,4375338
2024-04-23,84.40196566962285,86.25715581199404,83.30571629926816,83.33382415771484,8288764
2024-04-24,84.32700001720723,84.63620073290753,83.4556207310899,83.50247192382812,3572943
2024-04-25,84.4206987198384,85.1421670860902,84.13024132870487,84.3270034790039,4571037
2024-04-26,84.44880696139481,84.60809673487557,83.48373239428096,83.8585205078125,3249537
2024-04-29,83.54931232223375,83.84914135660507,82.94965425349109,83.26822662353516,2820456
2024-04-30,83.25886368332516,83.86789348374585,83.04335819142658,83.4368896484375,2925672
2024-05-02,83.44624542149785,84.0365389708922,82.8840668756126,83.26822662353516,2903293
2024-05-03,83.24012139002387,83.26823639683288,82.36874918814493,82.42496490478516,2231035
2024-05-06,82.69668629783192,83.21201371464092,82.48118080275583,82.54676818847656,1408212
2024-05-07,82.69667870253741,84.16771606015678,82.51865275115098,84.12086486816406,2442038
2024-05-08,84.32699918321492,85.02035250825575,84.32699918321492,84.83296203613281,2552149
2024-05-10,85.63875531618912,86.55697865229996,85.37640579158602,86.50076293945312,3229033
2024-05-13,86.60383308981132,87.2034912109375,86.44455046511906,87.2034912109375,3892075
2024-05-14,87.17537562969771,87.84062107549086,86.87554659569956,87.59700775146484,2741680
2024-05-15,87.51268632393854,87.84062322093237,87.18474942694469,87.41899108886719,2511921
2024-05-16,86.97861485864036,87.41899032295444,86.6131984411219,86.78185272216797,2832960
2024-05-17,87.1753802753519,87.9343209943726,87.1753802753519,87.48458099365234,3439522
2024-05-21,87.90621437559699,88.22478676670701,87.28782007877761,87.9718017578125,3071518
2024-05-22,87.50331724087286,87.72818724138476,87.1472724776883,87.2878189086914,2396685
2024-05-23,87.42836432624529,87.68134934950106,86.78186213584603,86.92240142822266,2925320
2024-05-24,86.5663509383028,86.73500522653515,85.49820949566076,85.95732116699219,2520278
2024-05-27,85.9666925276865,86.22904205322266,85.85425395310455,86.22904205322266,1193903
2024-05-28,86.45391254529233,86.47265588207341,85.1327932417652,85.36703491210938,2322194
2024-05-29,85.03909701429957,85.27333868191945,84.66430891641008,84.80485534667969,2684604
2024-05-30,85.88237290386293,86.08849957733409,85.16090452700321,85.47947692871094,2558199
2024-05-31,85.36703118395516,87.88747373430185,85.05783047696706,87.29718017578125,10828329
2024-06-03,87.8781005470892,87.91558006987815,86.70689226676521,86.88491821289062,3174216
2024-06-04,86.42579942009223,87.12852438828664,86.1447137219073,86.88491821289062,3103485
2024-06-05,87.57827569442313,88.60893760061646,87.57827569442313,88.54335021972656,3915346
2024-06-06,88.29973927367342,89.0024642944336,88.12172046271975,89.0024642944336,2898671
2024-06-07,88.89940132292693,89.39599969765216,88.66515963896724,88.9649887084961,2424844
2024-06-10,88.17793869611606,88.75886063666401,87.92495367826099,88.35596466064453,2137436
2024-06-11,88.77759968694181,89.05869257173143,87.91559199137087,88.14983367919922,2223841
2024-06-12,88.14982544165086,88.88065829562116,87.99990734417577,88.69326782226562,2660983
2024-06-13,88.73074192441294,89.01183478840329,88.10297596312144,88.3184814453125,2569181
2024-06-14,88.54334710146853,89.25544374640094,88.10297163879308,89.02120208740234,3143025
2024-06-17,88.43091610302274,88.52461849343534,87.25970770775257,87.64386749267578,2567986
2024-06-18,87.74693336477016,87.75630503339823,86.91303356908689,87.27845001220703,3471545
2024-06-19,87.00673360204041,88.09361132263557,86.95051788415297,87.99991607666016,2128332
2024-06-20,88.05612683065333,88.38406372070312,87.33465852405571,88.38406372070312,3052009
2024-06-21,88.10297787796331,88.83381076203607,88.06549835205078,88.06549835205078,11206376
2024-06-24,88.26226105630278,90.211153525068,88.1404579576882,89.95817565917969,3624312
2024-06-25,89.5740124497695,90.03312411765863,89.46158102411655,89.84573364257812,2891001
2024-06-26,90.13619472450499,90.88577095258157,89.62086732262998,89.88321685791016,3070116
2024-06-27,89.93006238045143,90.12682451950067,89.39599167489257,89.43346405029297,2971668
2024-06-28,89.93943134074225,90.32359111820232,89.67708180905663,90.10808563232422,2586837
2024-07-01,89.95816764021029,90.94197830706544,89.63023075125857,90.6234130859375,2191608
2024-07-02,89.88321531409103,90.4547655697726,89.49905553796566,90.37980651855469,2628827
2024-07-03,90.3517013186187,90.53909180368586,89.87384628866201,90.05187225341797,2139549
2024-07-04,90.3142136377352,91.26992361136067,90.1268231695869,91.11063385009766,2106530
2024-07-05,91.35424733231797,91.48542208994174,90.39854450556082,90.52034759521484,2230130
2024-07-08,90.82955415437158,91.52290751055702,90.29548342149425,91.09190368652344,2622047
2024-07-09,90.8857692023593,91.82273589516713,90.72648658021923,90.9700927734375,2513132
2024-07-10,90.9700924452979,92.15067247555406,90.82955316067451,92.10382843017578,2117260
2024-07-11,92.84402299710844,93.99649513534783,92.84402299710844,93.02204895019531,3634483
2024-07-12,92.99394318624752,94.3712853525123,92.99394318624752,93.75288391113281,2652925
2024-07-15,93.79036791075993,94.59615986758203,92.85340118408203,92.85340118408203,2183223
2024-07-16,92.36617893775238,92.90962133901378,92.20689631449983,92.66600799560547,2133566
2024-07-17,92.27248272172409,93.22818559962144,91.40110341460216,92.81591796875,3512848
2024-07-18,90.36106392635095,91.79462172398043,88.66514946805128,89.09615325927734,5051989
2024-07-19,89.29292952762903,90.23926074939419,88.11234948196014,88.26226043701172,3977117
2024-07-22,88.77759414457248,90.32359061742105,88.64641937945693,90.25800323486328,3521152
2024-07-23,90.53908667054957,90.9045030996553,89.63023500616373,90.1174545288086,2789049
2024-07-24,89.65834261604627,90.33295975976826,88.84317904263413,90.19241333007812,3153945
2024-07-25,90.88577018355805,91.1668630538305,89.76141299944557,90.82018280029297,3187938
2024-07-26,90.85766354417483,91.3448830908911,90.14556683883066,91.30740356445312,2728908
2024-07-29,91.17623182325997,92.36618359458444,90.88577441933322,91.8883285522461,1966887
2024-07-30,92.11319405372116,92.50672550084694,91.50417141708733,92.2724838256836,1841202
2024-07-31,92.13193874132509,92.6847456715389,91.59786800006395,92.36618041992188,3283524
2024-08-02,91.14811352791259,91.62596851553523,90.08934379895274,90.52034759521484,3478656
2024-08-05,89.48968836038216,89.7239300271155,87.42835740403575,87.55953216552734,3920910
2024-08-06,87.13790099811845,87.74693076812558,86.16345479580475,87.40962219238281,3676569
2024-08-07,87.97180478549542,90.8389206617192,87.81252215870272,90.64215850830078,3312476
2024-08-08,90.02376439550677,90.15493916475154,89.03994647768221,90.05187225341797,2566692
2024-08-09,90.37980670513197,90.79207433919298,89.80825644827051,90.5016098022461,1886108
2024-08-12,90.76396875695654,91.13874972623614,90.43602468610374,90.64215850830078,2069001
2024-08-13,90.46413680179266,91.04505157470703,89.59275749393257,91.04505157470703,2051339
2024-08-14,91.42920919946162,92.23500110600035,91.07315729050968,92.0850830078125,2232108
2024-08-15,92.23500350681367,93.0407954343266,92.0101263536785,92.54419708251953,2776176
2024-08-16,92.45049706743337,93.4999022823915,92.45049706743337,93.2000732421875,2393182
2024-08-19,92.90961705953585,94.01523085129679,92.90024539139718,93.8840560913086,2063373
2024-08-20,93.97776167007314,94.42750167718003,93.69666880426493,94.07145690917969,2707167
2024-08-21,93.69667138183429,94.29632950679894,93.52801708740745,93.9402847290039,2502137
2024-08-22,93.97776167007314,94.42750167718003,93.80910738028591,94.07145690917969,1699026
2024-08-23,94.16515214828625,94.59615596696725,93.97776167007314,94.07145690917969,1629335
2024-08-26,93.92153636513532,94.68984874340872,93.92153636513532,94.52119445800781,1529101
2024-08-27,94.52119913036138,94.91473058140869,94.31507245889402,94.40876770019531,2003968
2024-08-28,94.57742038465064,95.36446897637586,94.46498180790908,95.10211944580078,1863918
2024-08-29,94.87724931568104,95.72052076890921,94.48371787184885,95.49564361572266,2394895
2024-08-30,95.40195155698278,96.15152779561949,95.40195155698278,95.68304443359375,4009411
2024-09-02,95.88916238541191,96.24521428319535,95.5331176361166,96.22647094726562,2589802
2024-09-03,95.57060539425889,95.70178016311701,94.53994343244993,94.970947265625,3324825
2024-09-04,93.99649908288907,94.76481149115247,93.80910860223501,94.55867767333984,3728693
2024-09-05,93.79037009117964,94.09019916474737,92.60978998654272,92.67538452148438,4177746
2024-09-06,91.92579892496667,93.38746461656383,91.44794393021826,92.3849105834961,2729665
2024-09-09,92.68473892056396,93.55611818741399,92.62852320931177,93.3218765258789,3540963
2024-09-10,93.0407914752049,93.26566147028271,92.19752005805277,92.58167266845703,4217939
2024-09-11,90.97946872071721,91.72904496961155,89.71456505563579,91.3261489868164,4257908
2024-09-12,92.2443651300717,92.75969965421265,91.75714561055615,92.23500061035156,3655758
2024-09-13,92.21625479958261,92.3849090803681,91.5041653015889,91.97264862060547,2847194
2024-09-16,91.73841058338384,92.67537725841304,91.63534367725156,92.20689392089844,2240328
2024-09-17,92.8065553832207,92.94709467077577,91.68219104335928,91.85084533691406,2668467
2024-09-18,92.01012518509603,92.3005897170844,91.35425136800319,91.86021423339844,2291439
2024-09-19,92.50672180049058,92.65663274938447,92.0007589445581,92.23500061035156,2517515
2024-09-20,92.0569783960937,93.01268128601586,91.9726548242573,92.78781127929688,5116105
2024-09-23,92.21626126879075,92.90025010787328,92.07571483352845,92.71285247802734,3472171
2024-09-24,92.43176805589118,92.69411759287637,91.72904301818572,92.29122161865234,2417934
2024-09-25,92.55356537395004,93.13448727561983,92.28184418519264,93.09700775146484,2703796
2024-09-26,93.48116522043702,93.60297546739069,90.74522415138898,91.72904205322266,3595197
2024-09-27,91.6166023087045,91.95391089084015,91.12938277255778,91.75714874267578,3000395
2024-09-30,91.18560404337856,91.60723622249706,90.84829544068815,91.02632141113281,3845311
2024-10-01,91.30739887894975,91.58849173856576,90.55782983412101,90.7077407836914,3260406
2024-10-02,90.54846611290307,91.36362975854206,90.54846611290307,91.10128021240234,2540317
2024-10-03,91.72904496961155,91.86021974089473,91.00757657906519,91.3261489868164,2112786
2024-10-04,90.9888391564238,91.57912561919748,90.77333366452868,91.55101776123047,2574831
2024-10-07,91.6634507912455,91.95390817063547,91.06379269596327,91.56975555419922,2419525
2024-10-08,91.54164590918208,91.81336711646733,91.11064207474335,91.42921447753906,2693014
2024-10-09,91.62598087306212,93.01268768310547,91.56039348540452,93.01268768310547,2767004
2024-10-10,93.21881126062316,93.77162530877183,92.33806745875003,92.4317626953125,2715874
2024-10-11,92.30058727678426,93.34998535638816,92.17877703648146,93.17196655273438,2190932
2024-10-14,93.47180504119456,94.07146318969791,93.38747431642649,93.97776794433594,2019815
2024-10-15,93.996496881109,94.46498022025897,93.51864187359928,94.22136688232422,2797027
2024-10-16,93.95901661411122,94.61489757283438,93.84658518863577,94.44624328613281,1793654
2024-10-17,94.63363278354487,94.80228706850458,93.56549136162947,94.59615325927734,2245085
2024-10-18,94.3525496142228,94.80229680312637,94.01524100966738,94.61490631103516,2336879
2024-10-21,94.61489534329922,94.78354962602657,94.10893249511719,94.10893249511719,2308560
2024-10-22,93.71540146043834,93.7341447966463,92.31932314945155,92.58167266845703,2296395
2024-10-23,92.9283527101549,93.19070222861477,92.37553866898168,92.45986938476562,2187904
2024-10-24,93.09700499225279,93.22817974866332,92.04759979248047,92.04759979248047,2312680
2024-10-25,91.66345513472875,92.6472658930652,91.45732131436624,92.4411392211914,1930362
2024-10-28,92.69411809828686,93.7154083940461,91.93517734094326,93.51864624023438,2540057
2024-10-29,91.82273937345408,92.28185106874449,89.53653826888431,89.70519256591797,5364701
2024-10-30,90.02376393457092,90.51098348234417,89.05868935928768,89.33977508544922,4666260
2024-10-31,88.97435937354882,88.99310271120791,87.49395023198943,87.88748168945312,3384545
2024-11-01,88.14982794936166,89.60212203040325,88.14982794936166,89.470947265625,2831742
2024-11-04,89.03994044164567,90.1643047212941,88.96498139330478,89.5552749633789,2311085
2024-11-05,89.6864494350474,89.69582110318191,87.89683969123267,88.0561294555664,2664892
2024-11-06,89.19922564088422,89.7239318459757,87.2878198922624,87.8499984741211,3566526
2024-11-07,87.54079726479775,88.03738846181659,86.85680844254355,87.13790130615234,4486316
2024-11-08,87.75630535219605,87.91558797700887,86.92239840499475,87.00672912597656,3590046
2024-11-11,87.37213946868137,87.72818421960203,87.14726947591508,87.22222137451172,3513464
2024-11-12,87.05358070615334,87.08168856377547,86.32274066553427,86.53824615478516,3372814
2024-11-13,86.3976965900057,86.65068159642257,85.65749205597213,86.15408325195312,2981562
2024-11-14,86.10723419911837,87.02545748773908,85.85424920741508,86.88491821289062,3769151
2024-11-15,85.64812875899281,86.26652305858539,85.3482925549618,85.92921447753906,3393123
2024-11-18,85.43262087837932,85.66686254484247,84.92665802100032,85.47010040283203,3207083
2024-11-19,85.90110470994956,85.90110470994956,84.39258779729109,85.32018280029297,2933736
2024-11-20,85.54505741598189,85.73244788529765,84.94539933598563,85.25459289550781,2918779
2024-11-21,85.90110434501752,85.90110434501752,85.02035339022885,85.78866577148438,3332889
2024-11-22,86.29463058924547,88.06549705879748,86.23841487544652,87.77503967285156,3739656
2024-11-25,86.68816003623441,87.22223079453927,86.1353530883789,86.1353530883789,6858154
2024-11-26,86.17283261596911,86.52887740534271,85.79804448855595,86.1353530883789,3223923
2024-11-27,86.24778978796827,86.9036636352539,85.89173785787995,86.9036636352539,2844972
2024-11-28,86.91302751903439,87.58764464352308,86.91302751903439,87.49394226074219,1816194
2024-11-29,87.39087677001953,87.60638224601301,86.61319987918944,87.39087677001953,3051469
2024-12-02,87.17537825072814,87.74692848092272,86.95987277520878,87.26907348632812,2707216
2024-12-03,87.0067281446612,87.70945316813295,86.84744552164487,87.1566390991211,3236623
2024-12-04,86.13534310275438,86.23841000455673,84.03653984043825,84.42069244384766,4670823
2024-12-05,85.18900728946288,85.47947181598248,84.5612413408522,84.68304443359375,3554663
2024-12-06,84.77675232488419,84.84233970961846,84.14897918701172,84.14897918701172,2468013
2024-12-09,84.13024592203647,84.42070332902834,83.36193346766353,83.74608612060547,3006728
2024-12-10,83.68986784226556,83.99906857808098,83.12768923527588,83.16516876220703,3171761
2024-12-11,82.6498360922906,83.01525255261353,82.29379130103695,82.39685821533203,4053583
2024-12-12,82.1157606764098,82.86533689270426,81.61916947122236,82.50928497314453,4147032
2024-12-13,82.5186581283898,82.64983289633138,81.96585119899157,82.20945739746094,3092946
2024-12-16,82.33126849374821,82.6029897011388,81.92837251706409,82.45307159423828,3064748
2024-12-17,81.56295289649324,83.183901260533,81.300596219616,83.127685546875,3602237
2024-12-18,83.11831313873186,83.14642099531073,82.37810860537188,82.49054718017578,2571705
2024-12-19,81.95647719886337,82.55613530624879,81.37555527987,81.55358123779297,3666838
2024-12-20,80.6353522065946,81.47862366934719,80.36363100479163,81.25375366210938,11206162
2024-12-23,81.37555235183419,82.44369376396142,81.11320283285391,82.15323638916016,2523296
2024-12-27,82.79037831624284,83.22138214111328,82.27504377102348,83.22138214111328,2176795
2024-12-30,83.22138633721117,83.61491065604493,82.75290296284082,83.10894775390625,2376309
2025-01-03,83.10894626131713,83.48373438378025,82.83723219973247,83.40877532958984,3799981
2025-01-06,83.48372908354978,83.53058027656648,82.74352455451383,83.35255432128906,3161227
2025-01-07,82.91218276785912,84.69242095947266,82.54676632018707,84.69242095947266,2897499
2025-01-08,84.46755306336203,85.3576686072053,84.16772399242114,85.22649383544922,3439581
2025-01-09,85.36703338427006,86.27589219269748,85.15152790607546,85.8636245727539,3569919
2025-01-10,85.75119310424232,85.81678049025939,85.17964996808726,85.34829711914062,3058325
2025-01-13,85.25459781655806,85.29207734228224,84.51439326760494,85.06720733642578,2924424
2025-01-14,84.88918064604285,85.32955613390254,84.26141467966303,84.43006896972656,3014208
2025-01-15,84.24267927921291,85.09531525749014,83.9522147417546,84.87044525146484,3004076
2025-01-16,84.67367985754956,85.0484608037322,84.43006652374018,84.87980651855469,2690452
2025-01-17,84.7673782438383,85.19838206675401,83.68986511230469,83.68986511230469,3913141
2025-01-20,83.33381622794062,83.93347431270504,83.31507289176709,83.60553741455078,2158534
2025-01-21,83.53057855889722,84.12086497693214,83.53057855889722,83.72734069824219,2876596
2025-01-22,84.84234044950517,85.04846712583277,83.83978633211599,84.07402801513672,3504640
2025-01-23,84.03653935309356,84.82358789121481,83.71796698160061,84.57061004638672,3490285
2025-01-24,85.22648382815443,85.23585549603342,84.22392981974488,84.57061004638672,3461007
2025-01-27,85.09531159430661,86.66004419754204,85.06720373832451,86.40706634521484,3946129
2025-01-28,87.41899689849785,87.46584094490255,86.4632868511868,86.61320495605469,3337693
2025-01-29,86.3602191840695,87.82189209976178,86.21030822900462,87.5501708984375,3308332
2025-01-30,87.45647070516009,88.07487217511104,87.31593141516107,87.88748168945312,3497807
2025-01-31,89.83636067192478,91.8414687498696,89.29292544267409,89.5552749633789,7939355
2025-02-03,88.88066179244888,90.06124183680365,88.54335320834751,90.03312683105469,4247210
2025-02-04,90.60467747383007,90.82018296121929,89.14301170219616,89.56464385986328,3387486
2025-02-05,89.61149599210728,92.36618041992188,89.61149599210728,92.36618041992188,4518069
2025-02-06,92.93773165834318,93.05016309021124,91.39173513375819,91.55101776123047,3225245
2025-02-07,90.76396573143106,91.70093242037476,90.72648620605469,90.72648620605469,3319398
2025-02-10,90.49224312214054,91.33551455873254,90.37043287944545,90.82955169677734,3599843
2025-02-11,91.23244827296837,91.86021423339844,90.7358499274684,91.86021423339844,3358637
2025-02-12,91.6821895045536,91.76652022415992,91.00757234165735,91.63534545898438,3196513
2025-02-13,90.0518674101512,91.6166000366211,89.94880050436088,91.6166000366211,3940410
2025-02-14,91.09189976857121,91.10127143674171,89.14300740142598,89.35851287841797,4212700
2025-02-17,89.43347135689216,89.71456423477785,89.14301395863541,89.70519256591797,2876375
2025-02-18,89.63960228331746,90.10808563232422,89.36788108307489,90.10808563232422,3235124
2025-02-19,90.04249812244362,90.57656885361875,89.76141240252905,90.5016098022461,3061179
2025-02-20,90.32359398563166,90.67963876872396,89.4053634470931,90.56720733642578,2830534
2025-02-21,89.36788546947565,92.10383379481374,89.36788546947565,91.96328735351562,6871839
2025-02-24,91.78525462804224,92.68474177825166,91.77588295971519,92.20689392089844,2986633
2025-02-25,92.20689375691141,94.39002067299563,92.12256303909479,94.37128448486328,5912059
2025-02-26,91.82273825365728,92.2912216120943,90.67026604656715,90.91387939453125,6465279
2025-02-27,90.46413874156093,91.61660379211065,90.1455663428353,91.45732116699219,3378054
2025-02-28,91.22308040349807,91.90706210573757,90.8389206171396,91.5041732788086,5935022
2025-03-03,92.13193127377242,92.85339244003902,91.67281247402371,92.68473815917969,3881112
2025-03-04,92.75032911323382,93.66855959963867,92.6285260189967,93.1157455444336,3873602
2025-03-05,92.7597038269043,93.88406101389556,92.1506740387471,93.69667053222656,3945955
2025-03-06,92.81591348679176,93.53738180597803,92.31932230912464,93.2000732421875,3158580
2025-03-07,92.75970332450193,94.74607530248251,92.46924593494155,94.55867767333984,3965164
2025-03-10,94.7835583815425,95.42068889904637,94.0527183232214,94.98968505859375,4176687
2025-03-11,95.58166841512397,96.06690382221238,92.60232331176537,92.87405395507812,5619997
2025-03-12,92.9031741209171,94.31035383713494,92.86435439993186,93.4660415649414,4475457
2025-03-13,93.1166766869855,94.64031565135642,93.05845080430416,94.06774139404297,3376834
2025-03-14,93.66984582587847,93.93187710906709,92.50528373467739,93.50486755371094,3063642
2025-03-17,93.37870522751633,95.68842315673828,93.33988550549938,95.68842315673828,3996660
2025-03-18,95.64960367318548,95.89222138331763,95.01880355012582,95.52344512939453,4081574
2025-03-19,95.29053119493578,95.80487953953435,94.98968020907073,95.33905029296875,2619990
2025-03-20,94.89263832132423,96.96944534346504,94.89263832132423,96.83358001708984,4807816
2025-03-21,95.72724591291617,97.01797394549726,95.72724591291617,96.2998275756836,14958701
2025-03-24,96.17366013470246,96.39687168889182,95.22260284423828,95.22260284423828,3306810
2025-03-25,95.49433405181246,96.36775930614864,94.98968505859375,94.98968505859375,4253628
2025-03-26,94.45592854216892,94.70824562936758,93.17490733078105,94.40740203857422,3762622
2025-03-27,94.52386240617363,95.70783802952583,93.85423514940118,95.38758087158203,3143039
2025-03-28,95.30994335473018,96.05721007171721,95.12555151992206,95.70783996582031,3147453
2025-03-31,95.1740782579064,95.65931369460503,94.58209043280564,94.95086669921875,4558703
2025-04-01,96.22218752719925,97.47409582870071,95.16437043661526,95.51374053955078,3423030
2025-04-02,93.99980299715578,94.58208400077524,93.75718529530562,93.96098327636719,3599640
2025-04-03,95.32935705516674,95.77577276798519,94.01921545412188,94.42681884765625,4147209
2025-04-04,92.91287730830176,93.47575217951342,88.79808296848529,89.31243133544922,6395729
2025-04-07,84.24657331384863,87.44913012590462,83.11112418023254,84.54742431640625,9349972
2025-04-08,86.33308761334527,87.36178436511918,84.46007854010657,86.02253723144531,5199630
2025-04-09,82.21829231981711,83.12083051441968,78.70518514643938,80.51026153564453,7642719
2025-04-10,87.63352373496784,87.73056934248935,81.94656376576579,82.20858764648438,6444026
2025-04-11,83.7807470002165,84.46978038843532,82.76174968569157,83.5478286743164,4743764
2025-04-14,85.40143675757086,86.71157095428076,84.6250570981327,86.11958312988281,3673514
2025-04-15,86.58541121049356,87.72086033835288,86.24574789072005,87.53646850585938,3926565
2025-04-16,87.01242320474735,88.19639146638244,86.75039191919221,87.7887954711914,4014458
2025-04-17,87.22592033597299,87.95377349853516,86.67275222858994,87.95377349853516,4341491
2025-04-22,88.1381617736128,88.69132985863966,87.05123176263677,88.0022964477539,3180513
2025-04-23,89.17656915808799,89.32214127186761,87.8373220003471,88.21580505371094,3939245
2025-04-24,88.93394747007076,89.80737270968878,88.3419596634466,89.28331756591797,3560781
2025-04-25,89.58416149431596,90.3993608557218,88.95336136721149,89.807373046875,3146115
2025-04-28,90.22467265713397,90.93311220423006,89.64239165023321,90.64197540283203,3518997
2025-04-29,92.09768204282251,92.09768204282251,90.25378600912693,91.42805480957031,4005417
2025-04-30,91.28248590818974,91.71920223375795,90.40906806526331,91.02046203613281,5316730
2025-05-02,90.15674040821763,92.07826848017781,90.15674040821763,91.42805480957031,3638908
2025-05-05,91.98122933742017,93.44664244758522,90.05970113054637,90.18585968017578,3318801
2025-05-06,90.05969570033352,90.73902231753948,89.68121267016095,90.1761474609375,2655737
2025-05-07,87.82761369704822,89.69091598965782,87.74997425049654,89.10863494873047,3789838
2025-05-08,88.5748729292885,89.65209618588419,88.01200545255703,88.41960144042969,3524769
2025-05-09,89.24449960648228,89.24449960648228,87.89554570024593,88.22550964355469,3120366
2025-05-12,85.79933416697422,89.15716252767278,85.47907699917015,88.97277069091797,5881529
2025-05-13,89.0309942182535,89.23479220943382,87.30355727996833,87.43942260742188,2867293
2025-05-14,87.1968007062381,88.21579801731137,86.41072172027593,86.70185852050781,3406963
2025-05-15,85.41114131729037,87.67233276367188,85.29468215017303,87.67233276367188,2758256
2025-05-16,87.8858346787656,89.06010347697992,87.73056319842642,88.76896667480469,4024025
2025-05-19,88.8077912996947,89.06981517653129,88.3710749661602,88.84661102294922,3245011
2025-05-20,89.47740785626529,91.29219097976349,89.273609869793,90.53522491455078,2745638
2025-05-21,90.20526184937957,91.08839387003127,90.09850946437541,90.99134826660156,2547338
2025-05-22,90.6419816417701,90.85548641995379,89.51623186738523,90.25379180908203,2333864
2025-05-23,90.50610942636057,90.83606594637801,88.96305699493078,90.0208740234375,3132825
2025-05-26,90.25379216946446,91.25337599485654,90.22467922761503,91.03987121582031,1758326
2025-05-27,90.74873327666444,91.43776670700933,90.7293197129335,90.91371154785156,2441875
2025-05-28,90.67109453707815,90.91371225687081,89.79766926500352,89.99176788330078,2139741
2025-05-30,90.28290134927913,92.32088863897589,90.2537884086428,91.25337219238281,9728608
2025-06-02,92.63143885748553,92.80612390511587,91.82595368617808,92.27236938476562,2875783
2025-06-03,92.45675764482229,92.90318076603172,92.12680109900386,92.48587799072266,2431805
2025-06-04,92.73818839176307,93.59220744464028,92.04915500398562,93.20401763916016,2454477
2025-06-05,93.16520074218298,94.0289191984019,92.96140275405203,93.81541442871094,2318933
2025-06-06,93.81541364621124,94.58208649275002,93.65043538159154,94.21331024169922,2207868
2025-06-10,94.32006650721044,95.09643876307348,94.26183322004447,94.6888427734375,2445869
2025-06-11,94.73736812228508,94.98968521520537,94.12596674118919,94.13567352294922,2737002
2025-06-12,93.82511842886306,95.4458029084109,93.69895988874238,95.174072265625,3152243
2025-06-13,93.6504402527971,95.12555273783278,93.63103409293444,94.29095458984375,3193779
2025-06-16,93.8736468252023,94.13567069200278,93.17490664159457,93.52427673339844,3010252
2025-06-17,92.80612780012274,93.61162040934107,92.39853180658042,92.7479019165039,2752757
2025-06-18,92.15591211472046,92.6702604866317,91.68038346575979,92.16561889648438,2827565
2025-06-19,91.85506774420861,92.73819237056298,91.69008947613543,92.39852905273438,2441915
2025-06-20,92.19472692974476,92.92258003708486,91.86477040838751,92.08797454833984,11314661
2025-06-23,91.50569653150498,92.47616737298353,91.50569653150498,92.27236938476562,2502780
2025-06-24,92.71878460530787,93.52427717656725,92.20443624663295,92.60232543945312,2489895
2025-06-25,92.70908104254815,93.02933820668902,92.1170932194169,92.19473266601562,2122453
2025-06-26,92.5829212665782,93.71837039262586,92.57321448485585,93.18460845947266,2611739
2025-06-27,93.43693513353763,94.3588869119198,93.10697858833711,93.33988952636719,2024020
2025-06-30,93.16519904414005,93.58250179435613,92.70907657249636,93.3301773071289,3729375
2025-07-01,93.79600571992758,95.02850039676883,93.41752269452961,95.00909423828125,2494645
2025-07-02,95.00909676857117,95.85340166120389,94.13567153127444,95.52344512939453,2926242
2025-07-03,95.00909818575812,95.40698738617535,93.54368512155197,93.94158172607422,2381342
2025-07-04,93.6795503364984,96.70742206595637,93.6601441772278,95.22260284423828,2415508
2025-07-07,94.8829326201072,94.99939178865702,94.22301213986832,94.7276611328125,1923421
2025-07-08,94.73736820764623,94.9605723595926,94.0192144388581,94.82470703125,2497561
2025-07-09,94.28124377614948,95.106142510985,93.96098662132118,94.66943359375,2463320
2025-07-10,95.01880312206094,96.58125435649654,94.91205073775534,96.28041076660156,2878479
2025-07-11,95.81458958297915,95.97956784929671,93.13608798326766,93.38841247558594,3026367
2025-07-14,93.55339133164549,93.96098731127177,92.94198995810108,93.58250427246094,2296538
2025-07-15,93.6601431407055,94.55297453937207,92.88376350458373,93.22342681884766,2443240
2025-07-16,93.28165857129225,93.51456949665929,91.88417821088036,92.31118774414062,3443058
2025-07-17,91.01075741782505,92.45675694755145,89.71033000008168,90.58374786376953,4523875
2025-07-18,89.62298418420067,90.28290467800662,89.22509497399257,89.56475830078125,3757934
2025-07-21,89.021296075542,89.5938703343096,88.50694029549845,88.84661102294922,2355561
2025-07-22,88.7786727493771,89.71032383630985,88.60398770782065,89.42888641357422,2545345
2025-07-23,90.83606874205124,90.9331143448017,89.8850114693498,90.37024688720703,2490908
2025-07-24,91.22425754317342,91.34071670764243,90.3411255385192,90.76813507080078,2866753
2025-07-25,90.70020313228468,90.92341468160355,89.88501118681725,90.10821533203125,2274768
2025-07-28,91.11750980633893,91.52510579660729,90.4284763739981,90.58374786376953,2878904
2025-07-29,90.77784066637666,92.0879747820935,90.71961478695516,91.9229965209961,2404138
2025-07-30,91.6415599854996,92.88376145256738,91.57362732414761,92.2141342163086,1821916
2025-07-31,92.65085478339167,93.11667665288198,91.09810287824877,91.40865325927734,2777499
2025-08-04,89.76855117332794,91.94240374480837,89.55504640750218,91.7871322631836,3816083
2025-08-05,92.5635097888073,92.89347373785643,92.12680085482735,92.6508560180664,3461618
2025-08-06,91.71920204480244,92.19473068783239,89.36095758472842,89.64239501953125,4246682
2025-08-07,88.95336088101762,90.30231475830078,88.85630787358895,90.30231475830078,2847459
2025-08-08,91.46687779309171,92.05886560508894,90.38965455513646,91.28248596191406,2287219
2025-08-11,92.77701247639479,94.28124526684104,92.76730569467244,93.18460845947266,3467546
2025-08-12,93.24284036832135,94.08714526306703,93.00022265758203,93.38841247558594,2505256
2025-08-13,93.49515631791654,94.67913191656234,93.35929099388554,94.64031219482422,1831202
2025-08-14,94.49474735321088,95.65930938720703,94.39769434695718,95.65930938720703,2200764
2025-08-15,95.94074533443774,96.55213928222656,95.78546645011407,96.55213928222656,2405401
2025-08-18,96.9985583242741,97.45468080762404,96.39687113696564,97.26058959960938,4089209
2025-08-19,97.02767794163809,98.17283383018997,96.6394881244145,97.9205093383789,3014228
2025-08-20,98.15341911753698,99.68676480535453,97.97873407203745,99.33739471435547,2755383
2025-08-21,99.12389164199236,99.88085771739793,98.7745215450198,99.8226318359375,2019172
2025-08-22,99.33739329835477,100.2108185134022,98.77451844820145,98.94920349121094,2493168
2025-08-25,98.50278988365173,98.85215997704529,97.92050886269743,98.2504653930664,1740063
2025-08-26,97.66818301815306,99.27916813803552,97.57113741669015,98.2892837524414,2813258
2025-08-27,98.69688224350514,99.57030748720355,98.50279103561883,98.96862030029297,1518694
2025-08-28,98.83274752948402,98.96862025987492,98.07578145328954,98.54161071777344,1406145
2025-08-29,98.32810779204958,98.65807173644,97.90109824193438,98.17283630371094,1736247
2025-09-01,98.32810594672269,98.91038697424884,98.09519501653322,98.54161071777344,2004108
2025-09-02,98.19224087450249,98.89098107098378,97.9787361028993,98.2116470336914,1401846
2025-09-03,99.3762123659269,100.0361328125,98.36692183563248,100.0361328125,2585030
2025-09-04,99.78380956598839,101.53066000625192,99.70617012328673,100.85132598876953,2283138
2025-09-05,100.83192171307506,101.20069796663729,100.52137134057399,100.90956115722656,3100552
2025-09-08,100.52137169025302,100.67664317499123,98.50279055992165,99.29857635498047,2875841
2025-09-09,99.04624938964844,99.37621331814904,98.56101398028648,99.04624938964844,2024221
2025-09-10,98.89097797593882,99.27916778451294,97.5711370692497,97.76522827148438,1861789
2025-09-11,98.28928545420284,99.20153041277914,98.28928545420284,98.77452087402344,3134884
2025-09-12,96.24158826526946,96.95003521301042,95.64960047998176,95.93103790283203,3023166
2025-09-15,95.9601522660671,96.15425087303552,94.3491745508055,94.77618408203125,2916581
2025-09-16,94.72765777514601,94.81499659538382,93.84452577084927,94.01921081542969,2363041
2025-09-17,93.59220779830144,93.84452487932798,93.19431121005199,93.72807312011719,2384477
2025-09-18,94.271537741396,94.35888396799791,93.38841311836106,93.84452819824219,1769173
2025-09-19,93.8639445899514,95.3002373443952,93.84453102607488,94.8829345703125,6421886
2025-09-22,94.73736500147875,95.61078282437805,94.51415345298138,95.39728546142578,2137017
2025-09-23,94.4559277716992,94.92174962434697,94.05803117696206,94.64031219482422,2056974
2025-09-24,94.6403111203464,95.10614037181034,93.94157834930763,94.941162109375,2152096
2025-09-25,94.79558977121202,96.42598104114853,94.71795032880915,95.10614013671875,3087062
2025-09-26,95.10614154620067,95.7466558493597,94.32976191887545,95.49433135986328,2211398
2025-09-29,95.39728421677854,96.4356876941952,95.18377945250704,96.12513732910156,2204321
2025-09-30,95.50403944412874,97.59054583833121,95.20318844728118,97.16354370117188,3610837
2025-10-01,99.37621389044743,100.94837188720703,99.04624996004661,100.94837188720703,4425842
2025-10-02,101.89943655283965,102.11294131884522,100.81250656413162,100.94837188720703,2994176
2025-10-03,101.31715974384241,103.02519053866729,101.27834002076627,102.11294555664062,3233410
2025-10-06,102.1129445242172,103.23868686562307,101.80239414685299,102.67581939697266,2257085
2025-10-07,102.34585482976597,102.4623139971041,101.76357380128529,102.05471801757812,1543866
2025-10-08,102.09353321472602,103.49101364576944,102.05472089529056,103.35514831542969,2449422
2025-10-09,103.04459385560152,103.72392048043164,102.9087285306355,103.47160339355469,2532496
2025-10-10,103.21927924964217,103.54923578163915,101.80239271015735,101.8606185913086,2861243
2025-10-13,101.60829102981202,102.0935264356929,100.65723378058416,101.41419982910156,2469991
2025-10-14,100.71546420070571,101.58888945149036,100.6184185959752,100.96778869628906,2278420
2025-10-15,100.34668794108777,100.96778869628906,99.35680352216349,100.96778869628906,2686895
2025-10-16,99.88085954176378,101.3753855607546,99.88085954176378,101.25892639160156,2331575
2025-10-17,100.67664205622854,101.14247131347656,99.57030589988244,101.14247131347656,2970487
2025-10-20,100.56019300619835,101.64711562890683,100.36609439206822,101.06483459472656,2559750
2025-10-21,101.53066065261342,101.76357157809639,101.02601167594472,101.47242736816406,2187946
2025-10-22,101.16187810766858,102.24880811200396,101.064832504663,101.7635726928711,2551662
2025-10-23,101.02601303269378,101.86061854799645,100.89014770732868,101.43360900878906,1975178
2025-10-24,101.89943845370179,101.89943845370179,100.73487640444432,101.00660705566406,2546676
2025-10-27,99.97790442888986,100.28845480696117,98.25046748811161,100.11377716064453,4028376
2025-10-28,96.76564666435623,97.53231951721298,95.26142130331988,95.95045471191406,5520831
2025-10-29,94.91205063536597,95.63019698019775,94.18419750903374,95.59137725830078,3285350
2025-10-30,94.72765699318455,95.96015167236328,94.72765699318455,95.96015167236328,2210551
2025-10-31,97.24117649498861,97.24117649498861,95.69813139291068,96.33863830566406,2512250
2025-11-03,96.56185150146484,97.06649309572654,96.30952700228143,96.56185150146484,1611998
2025-11-04,97.0470830911557,98.50278933752303,96.22218436570184,98.48338317871094,2464495
2025-11-05,97.82346301142003,99.04625093108675,97.82346301142003,98.58042907714844,1711491
2025-11-06,98.63865448432561,99.39562054642002,98.28928439349669,98.91038513183594,2060277
2025-11-07,98.75511854258879,99.0850750868849,98.28928926370024,98.98802947998047,2093292
2025-11-10,97.86228028370165,99.51208522719655,97.82346796399587,99.18212127685547,2103719
2025-11-11,99.72558583983887,101.00660705566406,99.31798245890431,101.00660705566406,2550446
2025-11-12,101.00660445778102,101.938255554046,100.8319194144748,101.60829162597656,2888118
2025-11-13,101.899437882304,103.08341348806945,101.62770723260797,102.61758422851562,3112734
2025-11-14,101.33656311035156,102.28762778924171,101.10365218241914,101.33656311035156,3298689
2025-11-17,101.53066028207735,102.8116814737158,101.41420111770847,102.65640258789062,2026149
2025-11-18,101.35598078979562,101.91884827148341,98.17283749705702,98.98802947998047,3517680
2025-11-19,99.43444138501023,100.0555421303262,98.9686195280757,99.20153045654297,2197588
2025-11-20,99.95849797716956,100.07495714514505,96.51332348330472,97.45468139648438,3967203
2025-11-21,96.51332561617363,99.93909402646854,96.51332561617363,99.842041015625,3543225
2025-11-24,99.95849609375,100.4631376705919,99.53148655665731,99.95849609375,6801179
2025-11-25,100.69605836929657,102.01589932942335,100.21082293995893,101.4918441772461,3545311
2025-11-26,101.72475301501467,102.55935852861396,101.5500679678868,102.19058227539062,3920480
2025-11-27,101.64711732293847,102.05472071735225,101.27834105610286,101.5500717163086,1402959
2025-11-28,101.58888948834,101.8994398660533,101.14247378313371,101.3947982788086,2976777
2025-12-01,101.29774143251691,102.17116665053076,100.79309986438932,101.18128967285156,2732533
2025-12-02,100.71546527237152,103.31632748899088,100.59901350709781,103.06400299072266,3137431
2025-12-03,103.76273977273237,104.98553509646764,103.47160296505581,104.22856903076172,3088727
2025-12-04,103.78215601581525,104.26739144524531,103.52983151936219,103.72392272949219,2280443
2025-12-05,104.01506776158506,104.6943944064535,103.60747177466399,103.91802215576172,2468604
2025-12-08,103.84038267738235,104.69439437411103,103.0640030228253,103.49101257324219,3019489
2025-12-09,103.49101014246257,104.36443538229811,103.08341416524097,103.66569519042969,2451246
2025-12-10,102.96695784137724,103.27750822365887,100.09436495424585,102.30703735351562,3227200
2025-12-11,101.95766322176544,103.23868442360452,101.3365624817286,102.85050201416016,2333253
2025-12-12,102.30703462773748,102.90872921667312,102.07412369825802,102.38467407226562,1978600
2025-12-15,102.11294017845456,104.07328796386719,102.09352661588643,104.07328796386719,2378788
2025-12-16,105.3154965779005,105.9366047525123,103.95684326998315,104.30621337890625,3347749
2025-12-17,104.30621182252956,104.98553846635185,103.62687777460218,104.77203369140625,2862834
2025-12-18,104.42265976166284,104.79144341545856,104.07328967075365,104.55852508544922,2331754
2025-12-19,105.12139951920334,105.37372400697598,103.97624364897956,105.31549072265625,8192305
2025-12-22,104.94671528879789,105.50959014892578,104.6361649184006,105.50959014892578,2664225
2025-12-23,105.7813223549509,107.60580488238419,105.5678175838896,106.84883880615234,3169278
2025-12-29,106.42183608036277,106.96529738253177,106.34419663602293,106.65474700927734,2433155
2025-12-30,106.5965126110532,106.79061121987631,106.20833020161668,106.36360168457031,2190788
2026-01-05,106.57711042189051,106.57711042189051,104.5003033568101,105.29608917236328,3223316
2026-01-06,105.78132254107828,108.634509206454,105.78132254107828,108.2269058227539,3092873
2026-01-07,108.77037101349295,110.78895209108423,108.69273157109987,110.2454833984375,4429291
2026-01-08,110.78895428086533,111.25477613622137,110.20666585551294,110.40076446533203,2548106
2026-01-09,110.40076233655478,111.15772838999098,109.77966160531969,110.67249298095703,2164231
2026-01-12,109.27501936865818,110.73072568548073,109.15856760193971,110.47840118408203,2047763
2026-01-13,110.30372295096096,110.71131894053156,109.23619906764965,110.28430938720703,2229439
2026-01-14,110.45899041498531,112.63284301757812,110.1290338842448,112.63284301757812,3785333
2026-01-15,112.76870615190552,113.33158100363987,111.02186312100878,111.09950256347656,2635297
2026-01-16,111.74001616990039,112.846352377198,111.13832156076626,112.18643188476562,4712731
2026-01-19,112.06997385730382,112.72989431286928,111.77882964886723,112.1476058959961,2529804
2026-01-20,111.1383186773971,111.44886905377275,109.72143212242658,110.88600158691406,2621160
2026-01-21,111.002450397797,111.31300076591195,110.34252994003964,110.96363067626953,3063141
2026-01-22,110.63367829553889,112.08938458890124,110.59485857255662,111.7011947631836,2504082
2026-01-23,111.60414948282549,112.61344007098887,111.31300526166302,112.22525024414062,2664608
2026-01-26,112.01174469404116,112.53579984604403,111.64296843334509,112.45816040039062,3086925
2026-01-27,111.99233915107547,113.6809563807531,111.99233915107547,113.07926177978516,3348703
2026-01-28,112.22524679046187,112.34170595616389,110.40076428575935,110.82776641845703,2923344
2026-01-29,109.50793033279882,111.3324203222869,109.41088472580812,110.90541076660156,2786707
2026-01-30,110.65308600191415,111.8952949423978,110.43958862868458,111.2353744506836,3178365
2026-02-02,111.37123632686685,113.77799987792969,111.33241660454584,113.77799987792969,3044485
2026-02-03,113.79741066516112,114.4379175575708,112.86575956449856,113.42862701416016,3394364
2026-02-04,111.29359575159022,116.53413974600815,109.91552894166655,115.19488525390625,5794934
2026-02-05,114.24382697298279,116.35945367263449,113.70036567901512,115.75775909423828,4559000
2026-02-06,115.48602773306557,117.07759928764666,114.49615075315968,116.41767883300781,3274731
2026-02-09,116.98055291645804,117.81515840959985,116.20417330289669,116.65058898925781,3339717
2026-02-10,116.68941152528167,117.69870208561697,116.26240939121648,117.42697143554688,3106255
2026-02-11,117.46579064208545,119.56200379350214,117.34933147652151,119.46495819091797,4177152
2026-02-12,119.32909537092257,120.5130709979711,118.31980479383375,120.14429473876953,3348098
2026-02-13,120.9012561191983,121.71644805124069,119.95019146104408,121.44471740722656,4755788
2026-02-16,121.250626142606,122.72573852539062,120.88184249383127,122.72573852539062,2832774
2026-02-17,123.2109760828364,125.32660279517495,123.07511075852973,124.58905029296875,3089219
2026-02-18,124.80255909321134,125.71478926690988,123.61857604980469,123.61857604980469,3492009
2026-02-19,124.25908007433371,124.29790720060508,122.43460496124618,122.74515533447266,2517608
2026-02-20,123.26919981313685,123.48270457735279,121.61940238727597,122.72573852539062,4374760
2026-02-23,122.33754946427769,124.20085906982422,122.27932358426537,124.20085906982422,2729127
2026-02-24,123.77385056776369,125.77302551269531,123.23038927218472,125.77302551269531,3670447
2026-02-25,124.8413675873134,126.00592962734721,124.72491582577294,125.96711730957031,4010174
2026-02-26,125.24896550051427,126.29707579523863,123.48270885011807,124.31732177734375,3826468
2026-02-27,124.86078341372519,127.13168165418837,124.686090960038,126.64644622802734,5863388
2026-03-02,125.19073984341308,126.54939311222813,124.74431673611099,126.12239837646484,3729126
2026-03-03,125.2877943893901,125.2877943893901,122.33755467202893,122.66751861572266,4007072
2026-03-04,123.26920704429038,124.70550719429555,122.82279133115362,123.90972137451172,3479655
2026-03-05,123.96794362160014,123.98735718479178,120.68775483218319,121.13417053222656,3521352
2026-03-06,121.32826262590774,121.38649591180315,118.18393913944081,119.6202392578125,3444152
2026-03-09,117.95102606476325,121.5999984741211,117.73752129660491,121.5999984741211,3987692
2026-03-10,123.62000274658203,123.76000213623047,121.22000122070312,122.0,4058766
2026-03-11,121.45999908447266,122.0,120.44000244140625,121.23999786376953,3150658
2026-03-12,120.94000244140625,121.5199966430664,120.36000061035156,120.83999633789062,2682421
2026-03-13,120.94000244140625,122.5999984741211,120.22000122070312,121.36000061035156,2219647
2026-03-16,121.19999694824219,122.26000213623047,120.45999908447266,121.44000244140625,2315043
2026-03-17,121.37999725341797,122.72000122070312,120.80000305175781,121.77999877929688,2472348
2026-03-18,121.55999755859375,121.69999694824219,118.37999725341797,119.5,2457751
2026-03-19,117.55999755859375,118.63999938964844,116.87999725341797,116.87999725341797,4326617
2026-03-20,117.41999816894531,117.9800033569336,115.22000122070312,115.5999984741211,10915065
2026-03-23,114.05999755859375,117.16000366210938,113.63999938964844,116.12000274658203,3143976
2026-03-24,116.9800033569336,117.68000030517578,115.66000366210938,117.4800033569336,3374558
2026-03-25,118.23999786376953,120.19999694824219,117.9000015258789,119.62000274658203,4348567
2026-03-26,118.94000244140625,119.77999877929688,118.4000015258789,119.5199966430664,2811313
2026-03-27,118.80000305175781,120.0,118.68000030517578,119.13999938964844,1960655
2026-03-30,119.31999969482422,120.31999969482422,119.05999755859375,119.81999969482422,2000557
2026-03-31,121.30000305175781,122.22000122070312,120.5999984741211,120.86000061035156,2864133
2026-04-01,122.0,123.41999816894531,122.0,122.9000015258789,2057482
2026-04-02,122.80000305175781,123.62000274658203,122.12000274658203,123.19999694824219,2576390
2026-04-07,122.0,123.0,119.80000305175781,119.80000305175781,2702377
2026-04-08,123.4000015258789,123.41999816894531,120.54000091552734,121.18000030517578,3324703
2026-04-09,121.77999877929688,122.18000030517578,120.4000015258789,122.18000030517578,2251811
2026-04-10,121.73999786376953,123.62000274658203,121.73999786376953,121.76000213623047,2149505
2026-04-13,121.0,121.9800033569336,120.62000274658203,120.62000274658203,1853656
2026-04-14,120.12000274658203,121.18000030517578,119.68000030517578,120.27999877929688,2105297
2026-04-15,119.76000213623047,121.0,118.33999633789062,118.33999633789062,2235278
2026-04-16,118.76000213623047,118.76000213623047,117.13999938964844,117.41999816894531,2253405
2026-04-17,117.13999938964844,118.81999969482422,117.13999938964844,118.81999969482422,3033423
2026-04-20,118.27999877929688,118.4800033569336,117.55999755859375,118.22000122070312,2050273
2026-04-21,117.68000030517578,117.80000305175781,115.5,116.0999984741211,2419326
2026-04-22,116.05999755859375,116.45999908447266,115.30000305175781,115.58000183105469,1721588
2026-04-23,114.87999725341797,116.45999908447266,114.5999984741211,116.27999877929688,2296992
2026-04-24,116.19999694824219,116.19999694824219,113.31999969482422,113.69999694824219,3792959
2026-04-27,113.5199966430664,114.30000305175781,113.08000183105469,114.08000183105469,2399590
2026-04-28,110.0,114.95999908447266,108.23999786376953,114.72000122070312,4489656
2026-04-29,115.16000366210938,115.73999786376953,112.4800033569336,113.33999633789062,2898010
2026-04-30,113.37999725341797,116.16000366210938,112.9000015258789,115.9000015258789,3390647
2026-05-04,115.5,116.05999755859375,113.63999938964844,113.83999633789062,1818814
2026-05-05,114.41999816894531,115.5199966430664,113.41999816894531,113.54000091552734,2529710
2026-05-06,115.27999877929688,116.27999877929688,114.80000305175781,115.63999938964844,2586151
2026-05-07,115.69999694824219,115.87999725341797,113.30000305175781,113.30000305175781,2598547
2026-05-08,113.26000213623047,114.04000091552734,112.83999633789062,113.36000061035156,1543283
2026-05-11,113.45999908447266,114.55999755859375,113.13999938964844,113.69999694824219,2218874
2026-05-12,112.66000366210938,115.9000015258789,112.55999755859375,115.9000015258789,2344823
2026-05-13,116.27999877929688,117.73999786376953,115.95999908447266,116.80000305175781,2234932
2026-05-15,117.37999725341797,118.33999633789062,116.68000030517578,116.68000030517578,2888106
2026-05-18,116.0199966430664,118.27999877929688,115.72000122070312,117.19999694824219,2175069
2026-05-19,117.54000091552734,119.66000366210938,117.04000091552734,119.04000091552734,2128703
2026-05-20,118.54000091552734,120.0,118.44000244140625,118.54000091552734,2045868
2026-05-21,118.5999984741211,119.76000213623047,118.23999786376953,119.23999786376953,1813267
2026-05-22,118.72000122070312,119.9000015258789,118.66000366210938,119.45999908447266,2122107
2026-05-26,120.0,120.26000213623047,118.44000244140625,118.44000244140625,1703951
2026-05-27,118.22000122070312,119.80000305175781,118.22000122070312,119.58000183105469,2737917
2026-05-28,118.23999786376953,119.04000091552734,117.13999938964844,118.26000213623047,1943395
2026-05-29,119.27999877929688,119.44000244140625,117.81999969482422,117.81999969482422,8299993
2026-06-01,117.19999694824219,117.4000015258789,113.9000015258789,113.9000015258789,2973046
2026-06-02,114.68000030517578,114.76000213623047,112.22000122070312,113.0,2699639
2026-06-03,112.54000091552734,114.22000122070312,111.4800033569336,113.5199966430664,2862812
2026-06-04,114.05999755859375,116.72000122070312,113.77999877929688,115.83999633789062,2867918
2026-06-05,116.12000274658203,118.0,115.94000244140625,117.9800033569336,3018356
2026-06-08,118.0,118.4000015258789,116.95999908447266,117.33999633789062,2182444
2026-06-09,116.72000122070312,119.19999694824219,116.41999816894531,118.37999725341797,2475984
2026-06-10,118.26000213623047,119.55999755859375,117.63999938964844,119.04000091552734,2499056
2026-06-11,118.0199966430664,122.16000366210938,118.0199966430664,121.54000091552734,2280337
2026-06-12,121.63999938964844,122.9000015258789,121.18000030517578,122.08000183105469,2443439
2026-06-15,122.13999938964844,122.41999816894531,120.04000091552734,120.22000122070312,2728555
2026-06-16,120.19999694824219,120.4800033569336,118.16000366210938,119.69999694824219,2885170
2026-06-17,119.4000015258789,121.0,119.27999877929688,121.0,2219570
2026-06-18,121.5,121.55999755859375,118.04000091552734,118.04000091552734,2826489
2026-06-19,119.04000091552734,119.95999908447266,118.30000305175781,118.30000305175781,11945564
2026-06-22,118.26000213623047,120.27999877929688,117.95999908447266,120.27999877929688,2269746
2026-06-23,120.80000305175781,123.41999816894531,120.73999786376953,123.41999816894531,2977385
2026-06-24,123.36000061035156,125.94000244140625,123.19999694824219,124.33999633789062,3601664
2026-06-25,123.91999816894531,126.08000183105469,123.0999984741211,126.0,2913400
2026-06-26,126.4800033569336,126.5,123.5199966430664,126.27999877929688,3716090
2026-06-29,126.0,126.77999877929688,125.0,126.19999694824219,2366228
2026-06-30,127.0,127.94000244140625,126.04000091552734,126.58000183105469,3123994
2026-07-01,126.44000244140625,127.23999786376953,123.95999908447266,125.0,2796920
2026-07-02,125.77999877929688,128.9199981689453,124.63999938964844,128.02000427246094,2503792
2026-07-03,127.83999633789062,128.22000122070312,127.27999877929688,127.91999816894531,1776406
2026-07-06,127.94000244140625,128.6999969482422,124.45999908447266,125.0999984741211,2283429
2026-07-07,124.5999984741211,127.23999786376953,124.37999725341797,126.80000305175781,2306045
2026-07-08,126.31999969482422,126.5199966430664,125.26000213623047,125.9000015258789,2243169
2026-07-09,125.5999984741211,125.69999694824219,124.19999694824219,124.30000305175781,2233204
2026-07-10,125.0,125.80000305175781,124.0999984741211,124.27999877929688,2334841
2026-07-13,124.5,125.0,123.13999938964844,124.58000183105469,2143959
2026-07-14,123.45999908447266,124.04000091552734,122.0199966430664,122.41999816894531,2431098
2026-07-15,121.86000061035156,122.30000305175781,121.05999755859375,122.0,1730393
2026-07-16,121.87999725341797,123.26000213623047,121.31999969482422,123.26000213623047,2306603
2026-07-17,124.26000213623047,125.36000061035156,123.54000091552734,125.0,2979184
2026-07-20,123.5,124.55999755859375,123.0199966430664,123.0999984741211,1700014
2026-07-21,122.0,127.18000030517578,121.68000030517578,125.54000091552734,3462607
2026-07-22,125.0,126.95999908447266,124.12000274658203,125.33999633789062,2648334
2026-07-23,125.0,127.66000366210938,122.55999755859375,127.66000366210938,2482939
