Date,Open,High,Low,Close,Volume
1995-08-03,11.979205326159262,11.979205326159262,11.486222443852173,11.683409690856934,250036
1995-08-04,11.683409690856934,11.683409690856934,11.683409690856934,11.683409690856934,0
1995-08-07,11.683409690856934,11.683409690856934,11.683409690856934,11.683409690856934,0
1995-08-08,11.683409690856934,11.683409690856934,11.683409690856934,11.683409690856934,0
1995-08-09,11.683409690856934,11.683409690856934,11.683409690856934,11.683409690856934,0
1995-08-10,11.683409690856934,11.683409690856934,11.683409690856934,11.683409690856934,0
1995-08-11,11.338340183828,11.338340183828,11.190457120631322,11.239731788635254,142532
1995-08-14,11.239731788635254,11.239731788635254,11.239731788635254,11.239731788635254,0
1995-08-15,11.239731788635254,11.239731788635254,11.239731788635254,11.239731788635254,0
1995-08-16,11.239731788635254,11.239731788635254,11.239731788635254,11.239731788635254,0
1995-08-17,11.239731788635254,11.239731788635254,11.239731788635254,11.239731788635254,0
1995-08-18,11.239731788635254,11.239731788635254,11.239731788635254,11.239731788635254,0
1995-08-21,11.239731788635254,11.239731788635254,11.239731788635254,11.239731788635254,0
1995-08-22,11.239731788635254,11.239731788635254,11.239731788635254,11.239731788635254,0
1995-08-23,11.239731788635254,11.239731788635254,11.239731788635254,11.239731788635254,0
1995-08-24,11.239731788635254,11.239731788635254,11.239731788635254,11.239731788635254,0
1995-08-25,11.239731788635254,11.239731788635254,11.239731788635254,11.239731788635254,0
1995-08-28,11.239731788635254,11.239731788635254,11.239731788635254,11.239731788635254,0
1995-08-29,11.239731788635254,11.239731788635254,11.239731788635254,11.239731788635254,0
1995-08-30,11.239731788635254,11.239731788635254,11.239731788635254,11.239731788635254,0
1995-08-31,11.239731788635254,11.239731788635254,11.239731788635254,11.239731788635254,0
1995-09-01,11.239731788635254,11.239731788635254,11.239731788635254,11.239731788635254,0
1995-09-04,11.239731788635254,11.239731788635254,11.239731788635254,11.239731788635254,0
1995-09-05,11.239731788635254,11.239731788635254,11.239731788635254,11.239731788635254,0
1995-09-06,11.239731788635254,11.239731788635254,11.239731788635254,11.239731788635254,0
1995-09-07,11.929901309445079,11.979205504327169,11.880597114562988,11.880597114562988,90592
1995-09-08,11.929901309445079,11.979205504327169,11.831292919680898,11.880597114562988,37444
1995-09-11,11.880597114562988,11.880597114562988,11.880597114562988,11.880597114562988,0
1995-09-12,11.929901309445079,11.929901309445079,11.584831004452077,11.880597114562988,170314
1995-09-13,11.880597114562988,11.880597114562988,11.880597114562988,11.880597114562988,0
1995-09-14,11.880597114562988,11.880597114562988,11.880597114562988,11.880597114562988,0
1995-09-15,11.880597114562988,11.880597114562988,11.880597114562988,11.880597114562988,0
1995-09-18,11.880597114562988,11.880597114562988,11.880597114562988,11.880597114562988,0
1995-09-19,11.880597114562988,11.880597114562988,11.880597114562988,11.880597114562988,0
1995-09-20,11.880597114562988,11.880597114562988,11.880597114562988,11.880597114562988,0
1995-09-21,11.880597114562988,11.880597114562988,11.880597114562988,11.880597114562988,0
1995-09-22,11.880597114562988,11.880597114562988,11.880597114562988,11.880597114562988,0
1995-09-25,11.880597114562988,11.880597114562988,11.880597114562988,11.880597114562988,0
1995-09-26,11.880597114562988,11.880597114562988,11.880597114562988,11.880597114562988,0
1995-09-27,11.880597114562988,11.880597114562988,11.880597114562988,11.880597114562988,0
1995-09-28,11.880597114562988,11.880597114562988,11.880597114562988,11.880597114562988,0
1995-09-29,11.880597114562988,11.880597114562988,11.880597114562988,11.880597114562988,0
1995-10-02,11.880597114562988,11.880597114562988,11.880597114562988,11.880597114562988,0
1995-10-03,12.324274424829238,12.324274424829238,12.225666046142578,12.225666046142578,335930
1995-10-04,12.225666046142578,12.225666046142578,12.225666046142578,12.225666046142578,0
1995-10-05,12.225666046142578,12.225666046142578,12.225666046142578,12.225666046142578,0
1995-10-06,12.225666046142578,12.225666046142578,12.225666046142578,12.225666046142578,0
1995-10-09,12.225666046142578,12.225666046142578,12.225666046142578,12.225666046142578,0
1995-10-10,12.225666046142578,12.225666046142578,12.225666046142578,12.225666046142578,0
1995-10-11,12.225666046142578,12.225666046142578,12.225666046142578,12.225666046142578,0
1995-10-12,12.225666046142578,12.225666046142578,12.225666046142578,12.225666046142578,0
1995-10-13,12.225666046142578,12.225666046142578,12.225666046142578,12.225666046142578,0
1995-10-16,12.225666046142578,12.225666046142578,12.225666046142578,12.225666046142578,0
1995-10-17,12.225666046142578,12.225666046142578,12.225666046142578,12.225666046142578,0
1995-10-18,12.225666046142578,12.225666046142578,12.225666046142578,12.225666046142578,0
1995-10-19,12.225666046142578,12.225666046142578,12.225666046142578,12.225666046142578,0
1995-10-20,12.225666046142578,12.225666046142578,12.225666046142578,12.225666046142578,0
1995-10-23,12.225666046142578,12.225666046142578,12.225666046142578,12.225666046142578,0
1995-10-24,12.225666046142578,12.225666046142578,12.225666046142578,12.225666046142578,0
1995-10-25,12.225666046142578,12.225666046142578,12.225666046142578,12.225666046142578,0
1995-10-26,12.225666046142578,12.225666046142578,12.225666046142578,12.225666046142578,0
1995-10-27,12.225666046142578,12.225666046142578,12.225666046142578,12.225666046142578,0
1995-10-30,12.225666046142578,12.225666046142578,12.225666046142578,12.225666046142578,0
1995-10-31,12.225666046142578,12.225666046142578,12.225666046142578,12.225666046142578,0
1995-11-01,12.225666046142578,12.225666046142578,12.225666046142578,12.225666046142578,0
1995-11-02,12.225666046142578,12.225666046142578,12.225666046142578,12.225666046142578,0
1995-11-03,12.225666046142578,12.225666046142578,12.225666046142578,12.225666046142578,0
1995-11-06,12.225666046142578,12.225666046142578,12.225666046142578,12.225666046142578,0
1995-11-07,12.225666046142578,12.225666046142578,12.225666046142578,12.225666046142578,0
1995-11-08,12.225666046142578,12.225666046142578,12.225666046142578,12.225666046142578,0
1995-11-09,12.225666046142578,12.225666046142578,12.225666046142578,12.225666046142578,0
1995-11-10,12.225666046142578,12.225666046142578,12.225666046142578,12.225666046142578,0
1995-11-13,12.225666046142578,12.225666046142578,12.225666046142578,12.225666046142578,0
1995-11-14,12.225666046142578,12.225666046142578,12.225666046142578,12.225666046142578,0
1995-11-15,12.225666046142578,12.225666046142578,12.225666046142578,12.225666046142578,0
1995-11-16,12.81725861445255,12.866533279418945,12.669346030781496,12.866533279418945,1262174
1995-11-17,12.915837473975962,12.915837473975962,12.81725861445255,12.866533279418945,1797108
1995-11-20,12.817260742187502,12.915839618075545,12.817260742187502,12.8172607421875,123266
1995-11-21,12.817260742187502,12.817260742187502,12.817260742187502,12.8172607421875,0
1995-11-22,12.767956733703613,12.817260937195535,12.718652530211692,12.767956733703613,101874
1995-11-23,12.767956733703613,12.767956733703613,12.767956733703613,12.767956733703613,0
1995-11-24,12.767956733703613,12.767956733703613,12.767956733703613,12.767956733703613,0
1995-11-27,12.767956733703613,12.767956733703613,12.767956733703613,12.767956733703613,0
1995-11-28,12.767956733703613,12.767956733703613,12.767956733703613,12.767956733703613,0
1995-11-29,13.014444532227552,13.014444532227552,12.915836153197251,12.965140342712402,62266
1995-11-30,12.9651403427124,12.9651403427124,12.9651403427124,12.965140342712402,0
1995-12-01,12.9651403427124,12.9651403427124,12.9651403427124,12.965140342712402,0
1995-12-04,12.9651403427124,12.9651403427124,12.9651403427124,12.965140342712402,0
1995-12-05,12.9651403427124,12.9651403427124,12.9651403427124,12.965140342712402,0
1995-12-06,12.9651403427124,12.9651403427124,12.9651403427124,12.965140342712402,0
1995-12-07,12.9651403427124,12.9651403427124,12.9651403427124,12.965140342712402,0
1995-12-08,12.9651403427124,12.9651403427124,12.9651403427124,12.965140342712402,0
1995-12-11,12.9651403427124,12.9651403427124,12.9651403427124,12.965140342712402,0
1995-12-12,12.9651403427124,12.9651403427124,12.9651403427124,12.965140342712402,0
1995-12-13,12.9651403427124,12.9651403427124,12.9651403427124,12.965140342712402,0
1995-12-14,12.9651403427124,12.9651403427124,12.9651403427124,12.965140342712402,0
1995-12-15,12.9651403427124,12.9651403427124,12.9651403427124,12.965140342712402,0
1995-12-18,12.9651403427124,12.9651403427124,12.9651403427124,12.965140342712402,0
1995-12-19,12.9651403427124,12.9651403427124,12.9651403427124,12.965140342712402,0
1995-12-20,12.9651403427124,12.9651403427124,12.9651403427124,12.965140342712402,0
1995-12-21,12.9651403427124,12.9651403427124,12.9651403427124,12.965140342712402,0
1995-12-22,12.9651403427124,12.9651403427124,12.9651403427124,12.965140342712402,0
1995-12-25,12.9651403427124,12.9651403427124,12.9651403427124,12.965140342712402,0
1995-12-26,12.9651403427124,12.9651403427124,12.9651403427124,12.965140342712402,0
1995-12-27,12.9651403427124,12.9651403427124,12.9651403427124,12.965140342712402,0
1995-12-28,12.9651403427124,12.9651403427124,12.9651403427124,12.965140342712402,0
1995-12-29,12.9651403427124,12.9651403427124,12.9651403427124,12.965140342712402,0
1996-01-01,12.9651403427124,12.9651403427124,12.9651403427124,12.965140342712402,0
1996-01-02,12.9651403427124,12.9651403427124,12.9651403427124,12.965140342712402,0
1996-01-03,12.9651403427124,12.9651403427124,12.9651403427124,12.965140342712402,0
1996-01-04,13.014445852168201,13.162328906124527,12.915837463136919,13.113024711608887,173478
1996-01-05,13.113024711608887,13.113024711608887,13.113024711608887,13.113024711608887,0
1996-01-08,13.113024711608887,13.113024711608887,13.113024711608887,13.113024711608887,0
1996-01-09,13.113024711608887,13.113024711608887,13.113024711608887,13.113024711608887,0
1996-01-10,13.113024711608887,13.113024711608887,13.113024711608887,13.113024711608887,0
1996-01-11,13.113024711608887,13.113024711608887,13.113024711608887,13.113024711608887,0
1996-01-12,13.113024711608887,13.113024711608887,13.113024711608887,13.113024711608887,0
1996-01-15,13.901773085095922,14.049685662041883,13.951077277411242,14.000381469726562,270098
1996-01-16,14.000381469726562,14.000381469726562,14.000381469726562,14.000381469726562,0
1996-01-17,14.000381469726562,14.000381469726562,14.000381469726562,14.000381469726562,0
1996-01-18,14.000381469726562,14.000381469726562,14.000381469726562,14.000381469726562,0
1996-01-19,14.000381469726562,14.000381469726562,14.000381469726562,14.000381469726562,0
1996-01-22,14.000381469726562,14.000381469726562,14.000381469726562,14.000381469726562,0
1996-01-23,14.000381469726562,14.000381469726562,14.000381469726562,14.000381469726562,0
1996-01-24,14.000381469726562,14.000381469726562,14.000381469726562,14.000381469726562,0
1996-01-25,14.000381469726562,14.000381469726562,14.000381469726562,14.000381469726562,0
1996-01-26,14.000381469726562,14.000381469726562,14.000381469726562,14.000381469726562,0
1996-01-29,14.000381469726562,14.000381469726562,14.000381469726562,14.000381469726562,0
1996-01-30,14.000381469726562,14.000381469726562,14.000381469726562,14.000381469726562,0
1996-01-31,14.000381469726562,14.000381469726562,14.000381469726562,14.000381469726562,0
1996-02-01,14.000381469726562,14.000381469726562,14.000381469726562,14.000381469726562,0
1996-02-02,14.000381469726562,14.000381469726562,14.000381469726562,14.000381469726562,0
1996-02-05,14.000381469726562,14.000381469726562,14.000381469726562,14.000381469726562,0
1996-02-06,14.000381469726562,14.000381469726562,14.000381469726562,14.000381469726562,0
1996-02-07,14.000381469726562,14.000381469726562,14.000381469726562,14.000381469726562,0
1996-02-08,14.000381469726562,14.000381469726562,14.000381469726562,14.000381469726562,0
1996-02-09,14.000381469726562,14.000381469726562,14.000381469726562,14.000381469726562,0
1996-02-12,14.000381469726562,14.000381469726562,14.000381469726562,14.000381469726562,0
1996-02-13,14.000381469726562,14.000381469726562,14.000381469726562,14.000381469726562,0
1996-02-14,14.000381469726562,14.000381469726562,14.000381469726562,14.000381469726562,0
1996-02-15,14.000381469726562,14.000381469726562,14.000381469726562,14.000381469726562,0
1996-02-16,14.000381469726562,14.000381469726562,14.000381469726562,14.000381469726562,0
1996-02-19,13.507399003174724,13.852498829946422,13.507399003174724,13.655311584472656,251364
1996-02-20,13.655311584472658,13.655311584472658,13.655311584472658,13.655311584472656,0
1996-02-21,13.655311584472658,13.655311584472658,13.655311584472658,13.655311584472656,0
1996-02-22,13.655311584472658,13.655311584472658,13.655311584472658,13.655311584472656,0
1996-02-23,13.655311584472658,13.655311584472658,13.655311584472658,13.655311584472656,0
1996-02-26,13.655311584472658,13.655311584472658,13.655311584472658,13.655311584472656,0
1996-02-27,13.655311584472658,13.655311584472658,13.655311584472658,13.655311584472656,0
1996-02-28,13.655311584472658,13.655311584472658,13.655311584472658,13.655311584472656,0
1996-02-29,13.655311584472658,13.655311584472658,13.655311584472658,13.655311584472656,0
1996-03-01,13.655311584472658,13.655311584472658,13.655311584472658,13.655311584472656,0
1996-03-04,13.655311584472658,13.655311584472658,13.655311584472658,13.655311584472656,0
1996-03-05,13.655311584472658,13.655311584472658,13.655311584472658,13.655311584472656,0
1996-03-06,13.655311584472658,13.655311584472658,13.655311584472658,13.655311584472656,0
1996-03-07,13.655311584472658,13.655311584472658,13.655311584472658,13.655311584472656,0
1996-03-08,13.655311584472658,13.655311584472658,13.655311584472658,13.655311584472656,0
1996-03-11,13.655311584472658,13.655311584472658,13.655311584472658,13.655311584472656,0
1996-03-12,13.655311584472658,13.655311584472658,13.655311584472658,13.655311584472656,0
1996-03-13,13.655311584472658,13.655311584472658,13.655311584472658,13.655311584472656,0
1996-03-14,13.655311584472658,13.655311584472658,13.655311584472658,13.655311584472656,0
1996-03-15,13.655311584472658,13.655311584472658,13.655311584472658,13.655311584472656,0
1996-03-18,13.655311584472658,13.655311584472658,13.655311584472658,13.655311584472656,0
1996-03-19,13.655311584472658,13.655311584472658,13.655311584472658,13.655311584472656,0
1996-03-20,13.655311584472658,13.655311584472658,13.655311584472658,13.655311584472656,0
1996-03-21,13.655311584472658,13.655311584472658,13.655311584472658,13.655311584472656,0
1996-03-22,13.655311584472658,13.655311584472658,13.655311584472658,13.655311584472656,0
1996-03-25,13.655311584472658,13.655311584472658,13.655311584472658,13.655311584472656,0
1996-03-26,13.655311584472658,13.655311584472658,13.655311584472658,13.655311584472656,0
1996-03-27,13.655311584472658,13.655311584472658,13.655311584472658,13.655311584472656,0
1996-03-28,13.655311584472658,13.655311584472658,13.655311584472658,13.655311584472656,0
1996-03-29,13.655311584472658,13.655311584472658,13.655311584472658,13.655311584472656,0
1996-04-01,13.655311584472658,13.655311584472658,13.655311584472658,13.655311584472656,0
1996-04-02,13.655311584472658,13.655311584472658,13.655311584472658,13.655311584472656,0
1996-04-03,13.655311584472658,13.655311584472658,13.655311584472658,13.655311584472656,0
1996-04-04,13.655311584472658,13.655311584472658,13.655311584472658,13.655311584472656,0
1996-04-05,13.655311584472658,13.655311584472658,13.655311584472658,13.655311584472656,0
1996-04-08,13.655311584472658,13.655311584472658,13.655311584472658,13.655311584472656,0
1996-04-09,13.655311584472658,13.655311584472658,13.655311584472658,13.655311584472656,0
1996-04-10,13.655311584472658,13.655311584472658,13.655311584472658,13.655311584472656,0
1996-04-11,13.655311584472658,13.655311584472658,13.655311584472658,13.655311584472656,0
1996-04-12,13.655311584472658,13.655311584472658,13.655311584472658,13.655311584472656,0
1996-04-15,13.655311584472658,13.655311584472658,13.655311584472658,13.655311584472656,0
1996-04-16,13.655311584472658,13.655311584472658,13.655311584472658,13.655311584472656,0
1996-04-17,13.655311584472658,13.655311584472658,13.655311584472658,13.655311584472656,0
1996-04-18,13.655311584472658,13.655311584472658,13.655311584472658,13.655311584472656,0
1996-04-19,13.655311584472658,13.655311584472658,13.655311584472658,13.655311584472656,0
1996-04-22,13.655311584472658,13.655311584472658,13.655311584472658,13.655311584472656,0
1996-04-23,13.655311584472658,13.655311584472658,13.655311584472658,13.655311584472656,0
1996-04-24,13.655311584472658,13.655311584472658,13.655311584472658,13.655311584472656,0
1996-04-25,13.655311584472658,13.655311584472658,13.655311584472658,13.655311584472656,0
1996-04-26,13.655311584472658,13.655311584472658,13.655311584472658,13.655311584472656,0
1996-04-29,13.655311584472658,13.655311584472658,13.655311584472658,13.655311584472656,0
1996-04-30,13.655311584472658,13.655311584472658,13.655311584472658,13.655311584472656,0
1996-05-01,13.655311584472658,13.655311584472658,13.655311584472658,13.655311584472656,0
1996-05-02,13.655311584472658,13.655311584472658,13.655311584472658,13.655311584472656,0
1996-05-03,13.655311584472658,13.655311584472658,13.655311584472658,13.655311584472656,0
1996-05-06,13.655311584472658,13.655311584472658,13.655311584472658,13.655311584472656,0
1996-05-07,13.655311584472658,13.655311584472658,13.655311584472658,13.655311584472656,0
1996-05-08,13.655311584472658,13.655311584472658,13.655311584472658,13.655311584472656,0
1996-05-09,13.655311584472658,13.655311584472658,13.655311584472658,13.655311584472656,0
1996-05-10,13.655311584472658,13.655311584472658,13.655311584472658,13.655311584472656,0
1996-05-13,13.655311584472658,13.655311584472658,13.655311584472658,13.655311584472656,0
1996-05-14,13.655311584472658,13.655311584472658,13.655311584472658,13.655311584472656,0
1996-05-15,13.655311584472658,13.655311584472658,13.655311584472658,13.655311584472656,0
1996-05-16,13.655311584472658,13.655311584472658,13.655311584472658,13.655311584472656,0
1996-05-17,13.655311584472658,13.655311584472658,13.655311584472658,13.655311584472656,0
1996-05-20,13.655311584472658,13.655311584472658,13.655311584472658,13.655311584472656,0
1996-05-21,13.655311584472658,13.655311584472658,13.655311584472658,13.655311584472656,0
1996-05-22,13.655311584472658,13.655311584472658,13.655311584472658,13.655311584472656,0
1996-05-23,13.655311584472658,13.655311584472658,13.655311584472658,13.655311584472656,0
1996-05-24,13.655311584472658,13.655311584472658,13.655311584472658,13.655311584472656,0
1996-05-27,13.655311584472658,13.655311584472658,13.655311584472658,13.655311584472656,0
1996-05-28,13.655311584472658,13.655311584472658,13.655311584472658,13.655311584472656,0
1996-05-29,13.655311584472658,13.655311584472658,13.655311584472658,13.655311584472656,0
1996-05-30,12.57076722847788,12.57076722847788,12.373579978942873,12.373579978942871,631298
1996-05-31,12.373578629114318,12.570765857138255,12.324274439711452,12.47215747833252,666158
1996-06-03,12.47215747833252,12.47215747833252,12.47215747833252,12.47215747833252,0
1996-06-04,12.422884173724313,12.422884173724313,12.373579978942873,12.373579978942871,200402
1996-06-05,12.373579978942873,12.373579978942873,12.373579978942873,12.373579978942871,0
1996-06-06,12.373579978942873,12.373579978942873,12.373579978942873,12.373579978942871,0
1996-06-07,12.373579978942873,12.373579978942873,12.373579978942873,12.373579978942871,0
1996-06-10,12.373579978942873,12.373579978942873,12.373579978942873,12.373579978942871,0
1996-06-11,12.373579978942873,12.373579978942873,12.373579978942873,12.373579978942871,0
1996-06-12,12.373579978942873,12.373579978942873,12.373579978942873,12.373579978942871,0
1996-06-13,12.373579978942873,12.373579978942873,12.373579978942873,12.373579978942871,0
1996-06-14,12.373579978942873,12.373579978942873,12.373579978942873,12.373579978942871,0
1996-06-17,12.373579978942873,12.373579978942873,12.373579978942873,12.373579978942871,0
1996-06-18,12.373579978942873,12.373579978942873,12.373579978942873,12.373579978942871,0
1996-06-19,12.373579978942873,12.373579978942873,12.373579978942873,12.373579978942871,0
1996-06-20,12.373579978942873,12.373579978942873,12.373579978942873,12.373579978942871,0
1996-06-21,12.373579978942873,12.373579978942873,12.373579978942873,12.373579978942871,0
1996-06-24,12.373579978942873,12.373579978942873,12.373579978942873,12.373579978942871,0
1996-06-25,12.373579978942873,12.373579978942873,12.373579978942873,12.373579978942871,0
1996-06-26,12.373579978942873,12.373579978942873,12.373579978942873,12.373579978942871,0
1996-06-27,12.373579978942873,12.373579978942873,12.373579978942873,12.373579978942871,0
1996-06-28,12.373579978942873,12.373579978942873,12.373579978942873,12.373579978942871,0
1996-07-01,12.373579978942873,12.373579978942873,12.373579978942873,12.373579978942871,0
1996-07-02,12.373579978942873,12.373579978942873,12.373579978942873,12.373579978942871,0
1996-07-03,12.373579978942873,12.373579978942873,12.373579978942873,12.373579978942871,0
1996-07-04,13.211632912280647,13.260907576503177,13.113024524655232,13.186980247497559,307144
1996-07-05,13.186980247497559,13.186980247497559,13.186980247497559,13.186980247497559,0
1996-07-08,13.186980247497559,13.186980247497559,13.186980247497559,13.186980247497559,0
1996-07-09,13.186980247497559,13.186980247497559,13.186980247497559,13.186980247497559,0
1996-07-10,13.186980247497559,13.186980247497559,13.186980247497559,13.186980247497559,0
1996-07-11,13.186980247497559,13.186980247497559,13.186980247497559,13.186980247497559,0
1996-07-12,13.186980247497559,13.186980247497559,13.186980247497559,13.186980247497559,0
1996-07-15,13.186980247497559,13.186980247497559,13.186980247497559,13.186980247497559,0
1996-07-16,13.186980247497559,13.186980247497559,13.186980247497559,13.186980247497559,0
1996-07-17,13.186980247497559,13.186980247497559,13.186980247497559,13.186980247497559,0
1996-07-18,13.186980247497559,13.186980247497559,13.186980247497559,13.186980247497559,0
1996-07-19,12.767953099982558,13.014444517695475,12.669344721062364,12.718648910522461,553388
1996-07-22,12.718648910522461,12.718648910522461,12.718648910522461,12.718648910522461,0
1996-07-23,12.718648910522461,12.718648910522461,12.718648910522461,12.718648910522461,0
1996-07-24,12.718648910522461,12.718648910522461,12.718648910522461,12.718648910522461,0
1996-07-25,12.718648910522461,12.718648910522461,12.718648910522461,12.718648910522461,0
1996-07-26,12.718648910522461,12.718648910522461,12.718648910522461,12.718648910522461,0
1996-07-29,12.718648910522461,12.718648910522461,12.718648910522461,12.718648910522461,0
1996-07-30,12.718648910522461,12.718648910522461,12.718648910522461,12.718648910522461,0
1996-07-31,12.718648910522461,12.718648910522461,12.718648910522461,12.718648910522461,0
1996-08-01,12.718648910522461,12.718648910522461,12.718648910522461,12.718648910522461,0
1996-08-02,12.718648910522461,12.718648910522461,12.718648910522461,12.718648910522461,0
1996-08-05,12.324273766581959,12.422882140001883,12.139412879943848,12.139412879943848,592138
1996-08-06,12.127087411521005,12.250317789594579,12.127087411521005,12.201043128967285,623024
1996-08-07,12.262642950188242,12.299620805380552,12.213368294265939,12.250316619873047,422186
1996-08-08,12.139413652255348,12.287295556454279,12.139413652255348,12.18871784210205,349640
1996-08-09,12.151740708444807,12.287297437752072,12.127089177623768,12.237993240356445,620402
1996-08-12,12.213369369148714,12.274970360807636,12.139413652255348,12.18871784210205,321302
1996-08-13,12.225668177256264,12.225668177256264,12.102436644127687,12.176393508911133,283808
1996-08-14,12.151737475253594,12.151737475253594,12.040802776691244,12.065455436706543,452348
1996-08-15,12.090109923418009,12.17639311886035,12.028480529785156,12.028480529785156,207638
1996-08-16,12.02848034267759,12.127088733860495,12.00385720659635,12.077784538269043,206334
1996-08-19,12.028480529785156,12.102436256445989,12.028480529785156,12.028480529785156,64924
1996-08-20,12.028477582436842,12.164063805261245,12.028477582436842,12.065455436706543,2274954
1996-08-21,12.077781766714192,12.176390135268894,12.028477582436842,12.065455436706543,3164842
1996-08-22,12.102433888096398,12.176390736037993,12.077782362618068,12.139412879943848,1337850
1996-08-23,12.176390439073629,12.299620805380552,12.127086253566123,12.250316619873047,698614
1996-08-26,12.127087320855328,12.250317698007596,12.127087320855328,12.18871784210205,194024
1996-08-27,12.17639160173632,12.250317789594579,12.17639160173632,12.201043128967285,90326
1996-08-28,12.188719262288187,12.324275986635062,12.077784538269043,12.077784538269043,484694
1996-08-29,12.065458295032242,12.151740354019646,12.040805629176687,12.090109825134277,145866
1996-08-30,12.053130455547862,12.077783118322007,11.90524741575089,11.94222640991211,179216
1996-09-02,11.92990226293022,11.979206461752899,11.880598064107543,11.90524959564209,455620
1996-09-03,11.831292462856817,11.831292462856817,11.63410522053297,11.769691467285156,570626
1996-09-04,11.880598259386499,11.880598259386499,11.732715190080919,11.831294059753418,784484
1996-09-05,12.028479518255333,12.028479518255333,11.609452375753499,11.794343948364258,388038
1996-09-06,11.745039076945085,11.880595784161867,11.436917139088267,11.732712745666504,845412
1996-09-09,11.720388856234248,11.868271925539828,11.720388856234248,11.831294059753418,262174
1996-09-10,11.929898615963157,11.95455013996174,11.782015594296103,11.855941772460938,378666
1996-09-11,11.831293424751221,11.917575485539832,11.732714560369589,11.745040893554688,234392
1996-09-12,11.81896740204363,11.81896740204363,11.461570739746092,11.461570739746094,1259010
1996-09-13,11.560178756713869,11.59715775602632,11.387644165861778,11.560178756713867,669890
1996-09-16,11.683409417900773,11.683409417900773,11.473895843315253,11.49854850769043,1245650
1996-09-17,11.535525961142564,11.535525961142564,11.387642916963774,11.399938583374023,1242692
1996-09-18,11.387642109000343,11.584829330444336,11.350664252120447,11.584829330444336,476650
1996-09-19,11.547852208160945,11.745039442148663,11.547852208160945,11.63410472869873,393896
1996-09-20,11.597156398890323,11.732713110320221,11.597156398890323,11.658756256103516,874402
1996-09-23,11.720388150215342,11.732714483319493,11.5355272262591,11.560178756713867,393884
1996-09-24,11.683410990447838,11.855945591693157,11.634106790814757,11.831294059753418,399828
1996-09-25,11.843619918404713,11.929903124390108,11.831294719624227,11.917576789855957,286900
1996-09-26,11.86826831301653,11.917572497642155,11.782015803444676,11.80666732788086,388086
1996-09-27,11.831294626406553,11.954554563515918,11.78201995400715,11.929903030395508,225660
1996-09-30,11.929899898145859,12.003855613843337,11.929899898145859,11.991530418395996,210380
1996-10-01,12.07778293570685,12.07778293570685,11.991530418395996,11.991530418395996,157522
1996-10-02,11.979205765636298,12.090109825134277,11.979205765636298,12.090109825134277,108566
1996-10-03,12.05313082944525,12.176391875632875,12.05313082944525,12.114761352539062,211660
1996-10-04,12.090109719483047,12.472159027447997,12.090109719483047,12.324275970458984,1458424
1996-10-07,12.422883033752443,12.521461884678592,12.311948321735626,12.422883033752441,360982
1996-10-08,12.422884361512462,12.472159027447997,12.311949637638923,12.324275970458984,680726
1996-10-09,12.373579978942873,12.52146303369644,12.324275784161431,12.373579978942871,555236
1996-10-10,12.324274653238247,12.521461884678592,12.324274653238247,12.422883033752441,395226
1996-10-11,12.521461667735387,12.570765857138255,12.225666060905716,12.47215747833252,566916
1996-10-14,12.521463394165039,12.620071786566665,12.49681072818787,12.521463394165039,303594
1996-10-15,12.521461667735387,12.620070046541123,12.447504815754403,12.47215747833252,200474
1996-10-16,12.570766074935689,12.570766074935689,12.422883033752443,12.422883033752441,285124
1996-10-17,12.496811195556822,12.509137529006399,12.4228849959592,12.4351806640625,112806
1996-10-18,12.48448267386821,12.570765857138255,12.422882818517186,12.47215747833252,209064
1996-10-21,12.521461884678592,12.533787080427826,12.348926180490103,12.422883033752441,123870
1996-10-22,12.336600981041673,12.435179841013799,12.336600981041673,12.373579978942871,154514
1996-10-23,12.311948219254319,12.324274550654339,12.15173884790199,12.18871784210205,249672
1996-10-24,12.127089310973357,12.274972375194041,12.114762977550521,12.176393508911133,298278
1996-10-25,12.114760776731295,12.324274334251461,12.102434445547713,12.262643814086914,464486
1996-10-28,12.287294211849947,12.373577386454702,12.287294211849947,12.33659839630127,236422
1996-10-29,12.287296516261373,12.287296516261373,12.201043990818278,12.213370323181152,448518
1996-10-30,12.213368592132138,12.274969579871996,12.139412879943848,12.139412879943848,131044
1996-10-31,12.127088922501951,12.213370982190765,12.003857393320894,12.028480529785156,692044
1996-11-01,12.22566768624133,12.22566768624133,12.028480432002427,12.090109825134277,466214
1996-11-04,12.077783402125153,12.151739120678641,12.003856077406724,12.127087593078613,113300
1996-11-05,12.12708826814795,12.225667125953922,12.102435603422197,12.213370323181152,1312364
1996-11-06,12.250316619873047,12.287294475065357,12.127086253566123,12.250316619873047,976216
1996-11-07,12.250317789594579,12.27497045257893,12.164065270244144,12.201043128967285,257066
1996-11-08,12.250318344200336,12.373579393195685,12.237992012150114,12.274971008300781,165036
1996-11-11,12.274969876539448,12.447504436731641,12.274969876539448,12.348925590515137,321966
1996-11-12,12.422883033752443,12.521461884678592,12.373578843495345,12.422883033752441,147894
1996-11-13,12.422881570906025,12.47215622577278,12.32427320200338,12.33659839630127,559972
1996-11-14,12.422884810690176,12.459833145141602,12.274972218761844,12.459833145141602,253768
1996-11-15,12.521463394165039,12.620071786566665,12.472159197964226,12.521463394165039,540126
1996-11-18,12.509134590064255,12.730973331676497,12.509134590064255,12.693995475769043,2603082
1996-11-19,12.669348574308925,12.669348574308925,12.49681282043457,12.49681282043457,420072
1996-11-20,12.583093419469137,12.681671142578125,12.52146289274771,12.681671142578125,716818
1996-11-21,12.632367042047383,12.718650234398742,12.595418709632293,12.644693374633789,940450
1996-11-22,12.644691499962466,12.70632201800382,12.59541684226631,12.62006950378418,549258
1996-11-25,12.632365046546209,12.693995563989146,12.620069381246244,12.657017707824707,881926
1996-11-26,12.570766633396138,12.570766633396138,12.225666815853328,12.274971008300781,1165084
1996-11-27,12.102434158325195,12.336599236901817,12.090107827434151,12.102434158325195,911798
1996-11-28,12.102435603422197,12.32427551335,12.102435603422197,12.213370323181152,363964
1996-11-29,12.311947913124783,12.311947913124783,12.07778283070147,12.29962158203125,993476
1996-12-02,12.17639451077282,12.22566918317222,11.929903030395508,11.929903030395508,663948
1996-12-03,12.090107262702109,12.090107262702109,11.782016014263483,12.003854751586914,595122
1996-12-04,11.979204549806694,12.22566644539707,11.917574027176517,12.127087593078613,1021718
1996-12-05,12.127088733860495,12.164066596615706,12.077784538269043,12.077784538269043,897798
1996-12-06,11.868270781904092,11.929901309445079,11.806669783953922,11.880597114562988,876878
1996-12-09,12.003857993287445,12.003857993287445,11.782019196055364,11.90524959564209,211732
1996-12-10,12.016180866893405,12.016180866893405,11.80666732788086,11.80666732788086,396168
1996-12-11,11.732714464913304,11.831293328492908,11.646431269073142,11.782018661499023,1536056
1996-12-12,11.794342133539395,11.818964128390906,11.695733764288146,11.80666732788086,1171352
1996-12-13,11.695735745694309,11.769691467285156,11.63410522053297,11.769691467285156,249432
1996-12-16,11.708060760177865,11.80666914460223,11.695735563939893,11.794343948364258,155444
1996-12-17,11.757364363495611,11.769690694869622,11.584829796860692,11.720386505126953,99228
1996-12-18,11.68340787352698,11.880595089859677,11.67108154296875,11.67108154296875,433902
1996-12-19,11.732714464913304,11.855944858909002,11.621779738657048,11.782018661499023,1047120
1996-12-20,11.8436181165863,11.942227642103974,11.831292919680898,11.880597114562988,918574
1996-12-23,11.843616790326125,11.917573642244244,11.695734887584127,11.732712745666504,697624
1996-12-24,11.6710825877652,11.708060446996852,11.634104728533549,11.658756256103516,121346
1996-12-25,11.658756256103516,11.658756256103516,11.658756256103516,11.658756256103516,0
1996-12-26,11.658756256103516,11.658756256103516,11.658756256103516,11.658756256103516,0
1996-12-27,11.597157164625306,11.782018079154502,11.597157164625306,11.683409690856934,91558
1996-12-30,11.720387869570791,11.880597259236053,11.59715747833252,11.59715747833252,669034
1996-12-31,11.59715562844231,11.757363856798865,11.535525109981664,11.609451293945312,393594
1997-01-01,11.609451293945312,11.609451293945312,11.609451293945312,11.609451293945312,0
1997-01-02,11.609451293945312,11.609451293945312,11.609451293945312,11.609451293945312,0
1997-01-03,11.658757025905803,11.683409690856934,11.609452831757018,11.683409690856934,260762
1997-01-06,11.683408633455409,11.75736435010852,11.338338364825098,11.473895072937012,741436
1997-01-07,11.375318966606494,11.584832577654563,11.338341099361761,11.486224174499512,203446
1997-01-08,11.54785269634884,11.929900848813581,11.54785269634884,11.769691467285156,1224802
1997-01-09,11.757365135102198,11.782017799468113,11.68340941351135,11.769691467285156,295428
1997-01-10,11.732712454489956,11.757363980681962,11.387642196702052,11.5478515625,475696
1997-01-13,11.73271448642161,11.73271448642161,11.436918835956872,11.535527229309082,258600
1997-01-14,11.523200988769533,11.609453520115322,11.461570458490929,11.523200988769531,173816
1997-01-15,11.449243910383245,11.535525961142564,11.387642916963774,11.399938583374023,1410602
1997-01-16,11.42459287497295,11.584831803327999,11.412266541464044,11.461570739746094,1187804
1997-01-17,11.584831803327999,11.584831803327999,11.33834034151061,11.461570739746094,728692
1997-01-20,11.560179462463696,11.560179462463696,11.33834066140526,11.37531852722168,268190
1997-01-21,11.338339972196554,11.584831425985186,11.215078912629524,11.535527229309082,1840290
1997-01-22,11.584831425985186,11.73271448642161,11.486223032632978,11.535527229309082,1514434
1997-01-23,11.547854254988927,11.880598259386499,11.547854254988927,11.831294059753418,2095726
1997-01-24,11.683408556305546,11.7573642724703,11.523199186531603,11.732712745666504,679022
1997-01-27,11.732712745666504,11.83129159480091,11.683408556305546,11.732712745666504,700004
1997-01-28,11.72038687602896,11.929900443416154,11.683409016490103,11.868269920349121,1039112
1997-01-29,11.782018661499023,11.929901721664349,11.732714464913304,11.782018661499023,696900
1997-01-30,11.843617158426747,11.917574012643453,11.646429924441831,11.658756256103516,1872528
1997-01-31,11.732712745666504,11.782016935027462,11.658755893748385,11.732712745666504,477496
1997-02-03,11.757366722020658,11.97920665865266,11.74504152392759,11.831294059753418,1210622
1997-02-04,11.929903030395508,12.01618509994743,11.831294626406553,11.929903030395508,502692
1997-02-05,11.929901481085928,12.151740263779466,11.929901481085928,12.077784538269043,2968726
1997-02-06,12.127087960547781,12.274971008300781,12.028479575652876,12.274971008300781,2048738
1997-02-07,12.274971098778382,12.37357948440012,12.237992102355147,12.287296295166016,498308
1997-02-10,12.348926729095242,12.348926729095242,12.274971008300781,12.274971008300781,294148
1997-02-11,12.373579978942873,12.373579978942873,12.201044258921838,12.373579978942871,1661702
1997-02-12,12.422883945514727,12.66934585571289,12.32427555776329,12.66934585571289,2459860
1997-02-13,12.767954243464327,12.792605772525452,12.570766997551669,12.66934585571289,890322
1997-02-14,12.718650225338514,13.014445863089998,12.6200713658151,12.866533279418945,3034448
1997-02-17,12.989791299200855,13.186978519015202,12.866531398702104,13.137674331665039,2664358
1997-02-18,13.211631946059867,13.211631946059867,12.817257483580786,12.9404878616333,1418116
1997-02-19,12.9404878616333,13.088370902665952,12.817257483580786,12.9404878616333,2646398
1997-02-20,12.915836334228516,12.915836334228516,12.743300630218107,12.915836334228516,3860776
1997-02-21,12.84187948104251,12.965140524434725,12.767953293197904,12.915836334228516,2186270
1997-02-24,12.866531166673548,12.866531166673548,12.595416632432745,12.693995475769043,354796
1997-02-25,12.669344721062364,12.743300437375826,12.620070061189836,12.718648910522461,237630
1997-02-26,12.620071363860118,13.063720526032686,12.620071363860118,12.89118480682373,838116
1997-02-27,12.9651403427124,13.014444532227552,12.84187930104784,12.965140342712402,217676
1997-02-28,12.940489345054695,13.260908126831055,12.891185149195865,13.260908126831055,1472000
1997-03-03,13.137676240989965,13.211633100640169,12.989793187033637,13.113024711608887,826326
1997-03-04,13.088373184204102,13.310213117094458,13.088373184204102,13.088373184204102,878012
1997-03-05,13.014446425098308,13.408820939403647,13.014446425098308,13.211633682250977,618832
1997-03-06,13.260907576503177,13.507399015976535,13.113024524655232,13.186980247497559,317050
1997-03-07,13.063719753068929,13.310211181640625,13.063719753068929,13.310211181640625,360812
1997-03-10,13.310212899477753,13.507400161866636,13.310212899477753,13.359517097473145,606054
1997-03-11,13.359517097473143,13.556704359862026,13.359517097473143,13.359517097473145,408898
1997-03-12,13.359516328174598,13.507399384052347,13.260907937862113,13.334863662719727,226384
1997-03-13,13.186978519015202,13.310210025680965,13.113022805866617,13.137674331665039,309560
1997-03-14,12.965142228412168,13.310212546031364,12.81725916794564,13.211633682250977,427996
1997-03-17,13.211633111727446,13.211633111727446,12.866533279418945,12.866533279418945,580868
1997-03-18,12.915838072507016,12.965142269348833,12.669346617889923,12.743302345275879,307326
1997-03-19,12.792608267572728,12.891187144960599,12.66934832671977,12.767956733703613,178370
1997-03-20,12.644692262856596,12.718649116118936,12.225666272724052,12.422883033752441,344964
1997-03-21,12.472158838914998,12.546114563210415,12.287296786260232,12.373579978942871,341316
1997-03-24,12.37358240676937,12.546117024890012,12.324278202313927,12.49681282043457,220224
1997-03-25,12.570766997551669,12.66934585571289,12.52146280367595,12.66934585571289,306844
1997-03-26,12.693998148434062,12.8665338756652,12.59541928434242,12.743302345275879,397798
1997-03-27,12.669344542376011,12.866531767847736,12.644691880116977,12.792604446411133,398692
1997-03-28,12.792604446411133,12.792604446411133,12.792604446411133,12.792604446411133,0
1997-03-31,12.792604446411133,12.792604446411133,12.792604446411133,12.792604446411133,0
1997-04-01,12.324275784161431,12.472158838914998,12.250318924112523,12.373579978942871,629004
1997-04-02,12.447506173647533,12.472158838914998,12.201044258921838,12.373579978942871,326628
1997-04-03,12.25031757293756,12.496808990066711,12.053130345151738,12.225666046142578,282238
1997-04-04,12.225667394598549,12.52146303369644,12.225667394598549,12.373579978942871,423574
1997-04-07,12.570766997551669,12.693997384774015,12.472158609800232,12.66934585571289,268118
1997-04-08,12.620071786566665,12.620071786566665,12.447506531987058,12.521463394165039,130284
1997-04-09,12.49680959351171,12.66934530283394,12.422883403391154,12.57076644897461,414914
1997-04-10,12.52146168226964,12.743300437375826,12.496809019662908,12.718648910522461,790234
1997-04-11,12.81725730375455,13.063719192155101,12.81725730375455,12.965140342712402,275340
1997-04-14,12.767953114239399,12.9651403427124,12.767953114239399,12.965140342712402,220382
1997-04-15,12.989793003440441,13.162328720092772,12.94048880962165,13.162328720092773,432490
1997-04-16,13.088371861487849,13.162328720092772,13.014445668226573,13.162328720092773,263382
1997-04-17,13.113022805866617,13.186978519015202,12.94048711185069,13.137674331665039,179288
1997-04-18,12.965142228412168,13.211633682250977,12.94048956219233,13.211633682250977,240976
1997-04-21,13.162328534174616,13.236284255981445,13.063720147929876,13.236284255981445,159394
1997-04-22,12.915837866434586,13.01444625854492,12.915837866434586,13.014446258544922,137700
1997-04-23,13.063720517093245,13.162328906124527,12.915837463136919,13.113024711608887,215490
1997-04-24,13.113025288878694,13.211633682250977,13.088372622658856,13.211633682250977,682514
1997-04-25,13.162329264704793,13.359516518548718,13.162329264704793,13.260908126831055,1354218
1997-04-28,13.359514597919816,13.38416612442845,13.260906220378573,13.285557746887207,363638
1997-04-29,13.408820860615208,13.729238510131836,13.408820860615208,13.729238510131836,1364882
1997-04-30,13.753892699539277,13.852501103253667,13.65531382541988,13.827848434448242,1350448
1997-05-01,13.827848434448242,13.827848434448242,13.827848434448242,13.827848434448242,0
1997-05-02,13.827848434448242,13.827848434448242,13.827848434448242,13.827848434448242,0
1997-05-05,13.827848434448242,13.827848434448242,13.827848434448242,13.827848434448242,0
1997-05-06,13.827848434448242,13.827848434448242,13.827848434448242,13.827848434448242,0
1997-05-07,13.827848434448242,13.827848434448242,13.827848434448242,13.827848434448242,0
1997-05-08,13.827848434448242,13.827848434448242,13.827848434448242,13.827848434448242,0
1997-05-09,13.827848434448242,13.827848434448242,13.827848434448242,13.827848434448242,0
1997-05-12,13.852497657966738,13.951076507568361,13.753889278777468,13.95107650756836,174686
1997-05-13,13.951080079231634,14.296149299807754,13.951080079231634,14.246875762939453,815468
1997-05-14,14.246873047364067,14.542638009347693,14.222220383077657,14.49333381652832,1787432
1997-05-15,14.394757025317675,14.789130398394205,14.394757025317675,14.739826202392578,1890382
1997-05-16,14.764479633149644,14.863088030261345,14.69052276743908,14.789131164550781,1649006
1997-05-19,14.789131164550781,14.789131164550781,14.789131164550781,14.789131164550781,0
1997-05-20,14.59194698059066,14.690524725494898,14.493337434582012,14.542641639709473,460718
1997-05-21,14.690524422824824,15.134203200636904,14.690524422824824,15.035625457763672,1612660
1997-05-22,15.060275844518825,15.134202047580745,14.93701477575398,15.084928512573242,395116
1997-05-23,15.109551429748537,15.134202963541307,15.035625222212415,15.109551429748535,2219318
1997-05-26,15.035621646771249,15.282113075256348,15.035621646771249,15.282113075256348,1312592
1997-05-27,15.208156219957452,15.380690793143653,15.134199364658555,15.282113075256348,325868
1997-05-28,15.42999613388705,15.45464879940713,15.13420049175817,15.257461547851562,521718
1997-05-29,15.208157338192171,15.503952980041504,15.18350467269539,15.503952980041504,502850
1997-05-30,15.454647648442549,15.479299176373237,15.134199364658555,15.282113075256348,456224
1997-06-02,15.380692989520671,15.775067519578329,15.380692989520671,15.725763320922852,1444702
1997-06-03,15.750412761909885,15.824368476867676,15.651833914384293,15.824368476867676,662450
1997-06-04,15.725763320922852,15.775067519578329,15.627184453204976,15.725763320922852,343370
1997-06-05,15.602533077238192,15.922950744628906,15.602533077238192,15.922950744628906,792880
1997-06-06,15.996906254429058,16.48988914489746,15.849023199124883,16.48988914489746,1592222
1997-06-09,16.563818546500848,16.81031003945384,16.489892337209415,16.637775421142578,1507754
1997-06-10,16.637772373126058,16.687076568603516,16.613119707510577,16.687076568603516,1220876
1997-06-11,16.48988932945353,16.662423916294482,16.4405851339367,16.46523666381836,430918
1997-06-12,16.4652396670776,16.711731160030592,16.4652396670776,16.637775421142578,1129898
1997-06-13,16.687075613882403,16.761001805401108,16.613118757020775,16.711727142333984,1158560
1997-06-16,16.736378256117174,16.761000252698345,16.51453837142598,16.613117218017578,287758
1997-06-17,16.563814564364172,16.73637980653901,16.563814564364172,16.711727142333984,407438
1997-06-18,16.662422732475356,16.83495844281163,16.514539686022744,16.761001586914062,1391832
1997-06-19,16.810306541444568,17.20468103626645,16.785655012196138,17.032146453857422,642436
1997-06-20,17.056797983105852,17.130754842358108,16.93356759494717,17.032146453857422,348298
1997-06-23,16.859612274637847,17.007495341297187,16.810308075887022,16.908916473388672,424638
1997-06-24,16.68707694481378,16.982843065164218,16.563815885464464,16.588468551635742,855788
1997-06-25,16.761003532160434,16.85961192763252,16.61312046854483,16.73638153076172,547458
1997-06-26,16.760999684192065,16.785652345277143,16.41592943844559,16.514537811279297,540150
1997-06-27,16.44058567517566,16.56381607055664,16.169441552621233,16.56381607055664,675314
1997-06-30,16.73638077744648,16.761002777736945,16.366628272784702,16.46523666381836,2110330
1997-07-01,16.6377714212258,16.78565446960613,16.51453990129705,16.711727142333984,1990034
1997-07-02,16.761003142228702,16.834960004989,16.465237021878266,16.588468551635742,2071508
1997-07-03,16.66242294967738,16.81030599805771,16.66242294967738,16.711727142333984,1125548
1997-07-04,16.71172692448926,16.810305778927965,16.613118540461453,16.761001586914062,1105594
1997-07-07,16.81031062066022,17.3032936236108,16.761006414445642,17.20468521118164,1462058
1997-07-08,17.15537646994919,17.20468066313022,17.00749341999589,17.130754470825195,536490
1997-07-09,17.303285376323952,17.451168394884416,17.106098175048828,17.106098175048828,1194400
1997-07-10,16.908916249463605,17.15537818076756,16.78565632209567,16.95819091796875,526778
1997-07-11,17.00749478563202,17.10610317991196,16.415933008728906,16.56381607055664,757030
1997-07-14,16.81030695982923,16.83495962544471,16.637772373126058,16.687076568603516,565672
1997-07-15,16.56381607055664,16.66242446483658,16.415933008728906,16.56381607055664,294378
1997-07-16,16.68707539635902,16.810305778927965,16.68707539635902,16.761001586914062,634814
1997-07-17,16.785654250797727,16.83495844281163,16.662422732475356,16.761001586914062,357526
1997-07-18,16.662423507367834,16.810306560697803,16.514540454037867,16.53916358947754,489962
1997-07-21,16.415932118488435,16.415932118488435,15.922949233007683,16.07086181640625,498996
1997-07-22,16.21874580763868,16.317354202270508,16.169441610322767,16.317354202270508,632108
1997-07-23,16.637771204345118,16.98284148926424,16.588467012331215,16.761001586914062,846644
1997-07-24,16.76100140437798,16.810305595854935,16.63777102315108,16.785654067993164,468292
1997-07-25,16.785653694413472,16.859609412106245,16.637770652862653,16.66242218017578,272128
1997-07-28,16.637771204345118,16.761001586914062,16.588467012331215,16.761001586914062,220006
1997-07-29,16.761000252698345,16.90891281696586,16.58846569184966,16.613117218017578,853142
1997-07-30,16.76100615830841,16.834963034376962,16.662427276983312,16.81031036376953,446936
1997-07-31,16.810306560697803,16.810306560697803,16.514540454037867,16.53916358947754,470442
1997-08-01,16.53916358947754,16.53916358947754,16.53916358947754,16.53916358947754,0
1997-08-04,16.514537811279297,16.514537811279297,16.26804640878078,16.514537811279297,284956
1997-08-05,16.637770632530668,16.637770632530668,15.972252084106405,16.1694393157959,587680
1997-08-06,16.02155762194006,16.07086181640625,15.725761984733497,16.07086181640625,671738
1997-08-07,16.12016466495748,16.415930747879184,16.046208947309694,16.391279220581055,744974
1997-08-08,16.26805229691361,16.465239584366135,16.16944388838913,16.218748092651367,192286
1997-08-11,16.04620915262177,16.169439532607843,16.021556489254817,16.12016487121582,321822
1997-08-12,16.218743506115292,16.366626547485392,16.07086046474519,16.1694393157959,392978
1997-08-13,16.02155707612985,16.070861268916378,15.676486785803256,15.701139450073242,352864
1997-08-14,15.676489302503473,15.676489302503473,15.183506354673911,15.331389427185059,705040
1997-08-15,15.331390487487123,15.331390487487123,14.838438170913452,15.035625457763672,1053920
1997-08-18,14.197568854544695,14.690521058216229,14.197568854544695,14.49333381652832,712988
1997-08-19,14.739826965994931,14.789131164550781,14.56729236851926,14.789131164550781,538422
1997-08-20,15.134200841513717,15.454649156568324,14.986317781827188,15.429996490478516,538772
1997-08-21,15.528575353738955,15.577879550165044,15.183505037939806,15.429996490478516,262900
1997-08-22,15.282116709312689,15.380694450641581,14.961668349326725,15.109551429748535,233958
1997-08-25,15.084927962046445,15.18350569381155,14.739826965994931,14.789131164550781,532044
1997-08-26,14.937014427619312,15.010971294305241,14.517988361431158,14.71517562866211,582608
1997-08-27,14.641249619199824,14.887741088867188,14.591945419347592,14.887741088867188,250712
1997-08-28,14.887742681758464,15.08492997267135,14.345454348796586,14.542641639709473,582826
1997-08-29,14.4687154294921,14.64125118571812,14.345454348796586,14.542641639709473,319006
1997-09-01,14.665900005858383,14.739826202392576,14.542638947977553,14.739826202392578,237848
1997-09-02,14.838433823575192,14.986315727233887,14.789128498155234,14.986315727233887,565696
1997-09-03,15.10955185655173,15.15885606128367,14.887742562328297,15.01097297668457,339842
1997-09-04,14.863087431715336,14.961666295264186,14.789130568983062,14.912362098693848,170494
1997-09-05,14.912360380912128,15.134199142456053,14.813781528718755,15.134199142456055,361948
1997-09-08,14.986320117898325,15.084929661875313,14.912364379607716,15.035625457763672,100472
1997-09-09,14.912360191494377,14.986315909014635,14.789128677544145,14.93701171875,197758
1997-09-10,14.88773992615098,14.986317652809229,14.591944279732699,14.739826202392578,290054
1997-09-11,14.542639701364546,14.789131164550781,14.493335502808694,14.789131164550781,275268
1997-09-12,14.690522398997565,14.887740324028275,14.6412488670241,14.838436126708984,206660
1997-09-15,14.887740324028275,14.961666522538161,14.6412488670241,14.838436126708984,268866
1997-09-16,14.887741345405242,15.405346296114596,14.887741345405242,15.331389427185059,559500
1997-09-17,15.429997253771644,15.577880320773671,15.33138885604149,15.479301452636719,728462
1997-09-18,15.380693059037663,15.577880324957729,15.28211532662782,15.454649925231934,347114
1997-09-19,15.577879550165044,15.725762609851573,15.380692294052425,15.429996490478516,386902
1997-09-22,15.52857214372959,16.021554946899414,15.479297487081118,16.021554946899414,379716
1997-09-23,16.070861807924466,16.41593210982453,16.021557613484298,16.292701721191406,408778
1997-09-24,16.218744458392887,16.5145400880887,16.194092929662478,16.415931701660156,437948
1997-09-25,16.341975030231403,16.514539128578487,16.218743516068677,16.391279220581055,293266
1997-09-26,16.317352660260113,16.761001805401108,16.317352660260113,16.711727142333984,514662
1997-09-29,16.63777313528963,16.73638153076172,16.539164739817544,16.73638153076172,133218
1997-09-30,16.71172692448926,17.106101401422283,16.68707539635902,16.761001586914062,2414370
1997-10-01,16.71172750752968,16.85961055914165,16.613119120061615,16.834959030151367,1151868
1997-10-02,16.76100615830841,16.982846121163185,16.637775742129616,16.81031036376953,348746
1997-10-03,16.908917009095273,17.180031619504756,16.884265476815642,17.007495880126953,274762
1997-10-06,16.958191077026495,17.4265224720404,16.958191077026495,17.155378341674805,424396
1997-10-07,17.253984856311252,17.40186790626455,17.00749341999589,17.130754470825195,407678
1997-10-08,17.155377443128476,17.1800301089942,16.88426399230957,16.88426399230957,561784
1997-10-09,16.761000252698345,16.83495710270877,16.440582657168893,16.613117218017578,850630
1997-10-10,16.41593422020224,16.613121493722094,16.070863873941082,16.268051147460938,428998
1997-10-13,16.26804825554233,16.761001586914062,16.26804825554233,16.761001586914062,440328
1997-10-14,16.761003692860335,17.007495154311318,16.761003692860335,16.933568954467773,313378
1997-10-15,16.810308010938517,17.204682540235137,16.761003812378185,17.155378341674805,470430
1997-10-16,17.081450277644166,17.253984856311252,17.032146084463132,17.130754470825195,670156
1997-10-17,17.081452748473076,17.204683151784383,16.810308608469523,17.007495880126953,1447540
1997-10-20,16.785654067993164,16.93356664242403,16.687075214628035,16.785654067993164,896336
1997-10-21,16.810308075887022,16.88426494189005,16.73638187523071,16.908916473388672,348310
1997-10-22,17.007493808334587,17.032146473364733,16.366627871117423,16.53916358947754,1023336
1997-10-23,16.268046348484326,16.317350534718436,15.947599235424896,16.021554946899414,568390
1997-10-24,16.120163319367634,16.218742162250216,15.922946574431194,16.021554946899414,197080
1997-10-27,15.824366744192949,16.021553947240328,15.577875357987779,15.775062561035156,361368
1997-10-28,14.345451678693783,15.282114419141449,14.049686697927063,14.961666107177734,2085724
1997-10-29,15.775066975457069,15.775066975457069,15.282114730438265,15.62718391418457,414044
1997-10-30,15.479300686904605,15.701140609107034,15.282114566545514,15.429996490478516,222966
1997-10-31,15.725760099755055,15.972251512949578,15.553225537271672,15.824368476867676,231772
1997-11-03,16.120168074719633,16.46523842098079,16.120168074719633,16.268051147460938,114666
1997-11-04,16.268049229269018,16.61311953484238,16.169440839338993,16.48988914489746,1240288
1997-11-05,16.81030731471215,17.007494571193625,16.687076920884916,16.85961151123047,1120210
1997-11-06,16.78565882891584,16.90891877469178,16.613123071522185,16.81031036376953,420894
1997-11-07,16.613119707510577,16.859611155306684,16.539163982171146,16.687076568603516,620934
1997-11-10,16.859609970941868,17.106101401422283,16.761001586914062,16.761001586914062,984066
1997-11-11,16.613118540461453,16.958188825380574,16.563814348447547,16.761001586914062,1745988
1997-11-12,16.73638076408097,16.73638076408097,16.613119707510577,16.687076568603516,2336352
1997-11-13,16.63777274822476,16.711728475231524,16.48988968804954,16.588468551635742,1454546
1997-11-14,16.736378256117174,16.736378256117174,16.415929995247637,16.613117218017578,2871660
1997-11-17,16.76100615830841,16.834963034376962,16.687079947590743,16.81031036376953,1144234
1997-11-18,16.785655429967253,16.81030695982923,16.613119707510577,16.687076568603516,368506
1997-11-19,16.465237205868874,16.711728661976547,16.465237205868874,16.56381607055664,935110
1997-11-20,16.58846819089599,16.662423916294482,16.391280938419868,16.46523666381836,637470
1997-11-21,16.563818866061062,16.81031036376953,16.51454419019709,16.81031036376953,1388074
1997-11-24,16.662422554858782,17.155375880975775,16.588466835502988,17.05679702758789,4690920
1997-11-25,17.278641824749084,17.50048065185547,17.155380743216433,17.50048065185547,1836244
1997-11-26,17.648362312574168,17.870202257508573,17.623710779711843,17.820898056030273,1426462
1997-11-27,17.9934299623998,18.04273415647612,17.64835966304624,17.771591186523438,1004058
1997-11-28,17.894853790370902,17.968810660465174,17.820898056030273,17.820898056030273,1813342
1997-12-01,18.092037567846557,18.141341759789857,17.94415452160572,17.99342918395996,697468
1997-12-02,17.944155461844968,18.338529958877704,17.894851267318224,18.23992156982422,492668
1997-12-03,18.239920976521983,18.930091088674946,18.239920976521983,18.880786895751953,1848902
1997-12-04,19.176585240553177,19.176585240553177,18.634296997114717,18.708253860473633,1298436
1997-12-05,18.782208977917012,19.127279286439528,18.782208977917012,19.07797622680664,818112
1997-12-08,21.690712980166932,22.183695861628287,20.951267051811747,21.1977596282959,2452070
1997-12-09,21.34564242761863,21.86327799538897,21.247034035413545,21.74001693725586,1427150
1997-12-10,21.69071296976929,21.69071296976929,21.370294199809493,21.468902587890625,676014
1997-12-11,21.04987755628075,21.173109092117283,20.72943149586655,20.901966094970703,1324164
1997-12-12,20.852659225463867,21.099151808588648,20.77873302984302,20.852659225463867,695342
1997-12-15,20.87731274505771,21.123805338265676,20.38435935974121,20.38435935974121,1076218
1997-12-16,20.704777304631055,21.0252256129678,20.532242718225252,20.852659225463867,523988
1997-12-17,20.877313427583303,21.02522716040053,20.754081891746775,20.901966094970703,719016
1997-12-18,21.148453935493848,21.197759264465265,21.00057202118324,21.025224685668945,2446586
1997-12-19,20.754079818725586,20.852658677328165,20.606197901780018,20.754079818725586,434954
1997-12-22,20.828037989370504,20.95126724243164,20.5815454106437,20.95126724243164,319418
1997-12-23,21.123800070322766,21.148450459249695,20.852654878152688,20.975915908813477,345012
1997-12-24,20.828037813500494,20.852658677328165,20.729429425307565,20.754079818725586,189544
1997-12-25,20.754079818725586,20.754079818725586,20.754079818725586,20.754079818725586,0
1997-12-26,20.754079818725586,20.754079818725586,20.754079818725586,20.754079818725586,0
1997-12-29,20.951263248380013,21.099147409889298,20.901960199019616,20.975915908813477,897412
1997-12-30,21.173107533800614,21.173107533800614,20.803385695416015,20.852659225463867,233330
1997-12-31,21.09915125397361,21.09915125397361,20.630850566704986,20.754079818725586,192588
1998-01-01,20.754079818725586,20.754079818725586,20.754079818725586,20.754079818725586,0
1998-01-02,20.754079818725586,20.754079818725586,20.754079818725586,20.754079818725586,0
1998-01-05,20.951271208330915,21.1977638337167,20.80338926214384,21.09915542602539,1031816
1998-01-06,21.271682412665964,21.64143371141956,21.17310356992734,21.592130661010742,1161580
1998-01-07,21.666088092610767,21.78931960609137,21.39494514465332,21.39494514465332,982110
1998-01-08,21.641437355073744,21.740016214409575,21.44425010681152,21.444250106811523,1602646
1998-01-09,21.49352339705107,21.54282645000232,20.778730211306183,20.803382873535156,649562
1998-01-12,20.45828420131059,20.507589531202882,20.211823425550737,20.261096954345703,881032
1998-01-13,20.655470884628123,20.754079270214923,20.482936307317512,20.606197357177734,952468
1998-01-14,20.606197360524455,20.655470887982847,20.261096404750727,20.335054397583008,549862
1998-01-15,20.35970497399658,20.458283830898996,20.23647572410128,20.310401916503906,373736
1998-01-16,20.409009933471683,20.50758878858924,20.310401548764823,20.40900993347168,467192
1998-01-19,20.68012527717373,20.729430609841103,20.458285352776745,20.63085174560547,266596
1998-01-20,20.556892571930078,20.803385148575522,20.53224217851206,20.754079818725586,874522
1998-01-21,20.72942564318557,21.000568563778508,20.507585771940192,20.926612854003906,832680
1998-01-22,20.60619945022475,20.704778316235,20.482938387844452,20.581546783447266,1133968
1998-01-23,20.556896600265283,20.556896600265283,20.211827368904345,20.458288192749023,604374
1998-01-26,20.458289719065547,20.704782362403648,20.409016176981133,20.50759506225586,1436524
1998-01-27,20.55689221427821,20.655471071165703,20.45828382780089,20.532241821289062,1166570
1998-01-28,20.60619947411593,20.680125673434407,20.261098482944966,20.35970687866211,369208
1998-01-29,20.261096954345703,20.556892589588223,20.211823425550737,20.261096954345703,898438
1998-01-30,20.458282482218266,20.803383418354535,20.359703631814508,20.68012237548828,2048304
1998-02-02,21.09915141091319,21.54282896614735,20.95126722136068,21.444250106811523,619774
1998-02-03,21.345640000382613,21.567479895903602,21.27168428251515,21.32098960876465,528904
1998-02-04,21.394947420919603,21.394947420919603,21.173107503683365,21.34564208984375,370258
1998-02-05,21.394943445947888,21.64143371141956,21.394943445947888,21.592130661010742,2364230
1998-02-06,21.542831430438373,21.567484098366737,21.12380649238016,21.493528366088867,614254
1998-02-09,21.542831430438373,21.567484098366737,21.296341095270332,21.493528366088867,581278
1998-02-10,21.690715789794922,22.06046719570377,21.64143998318481,21.690715789794922,1254988
1998-02-11,21.98650778479493,22.159042360038008,21.863276266000994,22.109739303588867,1407208
1998-02-12,22.28230689098037,22.331580425541386,21.887902821306568,22.03581428527832,999660
1998-02-13,22.035812568264316,22.035812568264316,21.715366527052524,21.961856842041016,335736
1998-02-16,21.986507783168125,22.159042358398438,21.887899398770276,22.159042358398438,251218
1998-02-17,22.331579029426287,22.3808843620059,22.183697104293575,22.306928634643555,1081882
1998-02-18,22.23299808046515,22.356229599259088,22.085086639610864,22.109739303588867,415784
1998-02-19,22.183699028873775,22.183699028873775,22.03581481940407,22.1343936920166,423478
1998-02-20,22.10974083666269,22.257652287773055,22.01116197501137,22.208349227905273,759288
1998-02-23,22.43018668405428,22.479492015009395,22.183696373390717,22.282304763793945,513116
1998-02-24,22.1343931555014,22.233001555318307,21.986511221123475,22.03581428527832,419336
1998-02-25,21.986509840421853,22.55341894711021,21.986509840421853,22.356231689453125,901760
1998-02-26,22.553419119785815,22.553419119785815,22.23300032936005,22.50411605834961,590266
1998-02-27,22.454837799072266,22.578069316853163,22.405534743028422,22.454837799072266,581932
1998-03-02,22.62737708858475,22.824564367279905,22.57807402226584,22.725955963134766,849108
1998-03-03,22.725953685060528,22.775259017944336,22.479492894347086,22.775259017944336,363784
1998-03-04,22.775256739960138,22.873865124357838,22.18369502234155,22.430185317993164,670036
1998-03-05,22.159043891494672,22.257652282714844,21.937203972963783,22.257652282714844,616188
1998-03-06,22.183697267923844,22.50411605834961,22.183697267923844,22.50411605834961,366320
1998-03-09,22.84921246358388,23.021747038838114,22.72595141519276,22.873865127563477,508878
1998-03-10,22.972446972674042,23.120328903198242,22.92314163829685,23.120328903198242,339794
1998-03-11,23.120328903198242,23.120328903198242,23.120328903198242,23.120328903198242,0
1998-03-12,22.972443982385784,23.24358694205154,22.824559799604284,22.873865127563477,971202
1998-03-13,22.97244280771473,23.12032471142759,22.923137482276715,22.898487091064453,622916
1998-03-16,22.97244800154359,23.0710564032072,22.75060805951803,22.84921646118164,283252
1998-03-17,22.8492111006978,22.94778994964018,22.65202387322559,22.75060272216797,405988
1998-03-18,22.676680173974113,22.70130331084633,22.43018758193643,22.55341911315918,307374
1998-03-19,22.578069316853163,22.60272198062851,22.35622941547774,22.454837799072266,219016
1998-03-20,22.52876644669477,22.70130331084633,22.43018758193643,22.55341911315918,666256
1998-03-23,22.43018942940208,23.046403923947693,22.356233695424578,22.82456398010254,651338
1998-03-24,23.12032303475691,23.416118621826172,23.0217441921242,23.416118621826172,745228
1998-03-25,23.761194396835695,24.155568899494337,23.761194396835695,24.0076847076416,623846
1998-03-26,24.056989123781687,24.20487103850374,23.514700920301518,23.736570358276367,505398
1998-03-27,23.958378239005775,24.4760137239594,23.909102444624917,24.352752685546875,583792
1998-03-30,24.599244888574912,24.747158600559995,24.476015641601148,24.623897552490234,800550
1998-03-31,24.59924606326731,24.697854452130606,24.500667203994553,24.549972534179688,283712
1998-04-01,24.50066774817545,24.64855194091797,24.254177435886465,24.64855194091797,533482
1998-04-02,24.747161199118846,25.38799650930318,24.648552804610105,25.19080924987793,661266
1998-04-03,25.63448678347631,26.02886126666147,25.535907927474803,25.733095169067383,847538
1998-04-06,25.831673415522918,26.62042236328125,25.634486178583334,26.62042236328125,837730
1998-04-07,26.620425798955505,27.40920437810372,26.521846932557402,26.71903419494629,1187732
1998-04-08,26.719032129312478,26.719032129312478,25.831674752367277,26.02886199951172,696260
1998-04-09,25.831674561177973,26.71903193155553,25.634487315492983,26.324657440185547,243380
1998-04-10,26.324657440185543,26.324657440185543,26.324657440185543,26.324657440185547,0
1998-04-13,26.324657440185543,26.324657440185543,26.324657440185543,26.324657440185547,0
1998-04-14,26.669726978923865,26.669726978923865,26.028862174745804,26.226049423217773,579588
1998-04-15,26.27534958583557,26.324654910670123,25.289413452148438,25.289413452148438,433346
1998-04-16,25.634484238980257,25.634484238980257,24.451360906862394,24.697851181030273,612080
1998-04-17,24.74715709531791,25.38799229923306,24.648548717161315,25.240110397338867,570082
1998-04-20,25.585187005549486,25.634492344795095,25.338726183035515,25.535913467407227,333780
1998-04-21,25.14153289794922,25.387993661638586,25.042924514500967,25.14153289794922,381142
1998-04-22,25.387994031264007,25.486602416147907,24.895040695612572,25.092227935791016,372626
1998-04-23,25.14153445695576,25.190807986392954,24.59924623778793,24.747159957885742,415288
1998-04-24,24.59924873193037,24.747162467025305,24.1802215251073,24.402061462402344,488102
1998-04-27,24.00768399471206,24.106292382243968,23.04640043210342,23.218935012817383,719112
1998-04-28,23.36681712678834,23.810494636377765,23.34216446421622,23.687265396118164,409358
1998-04-29,23.662615564886252,23.85980281645657,23.41612298227209,23.51470184326172,353564
1998-04-30,23.613309307011793,23.859801879951036,23.342166341025166,23.736570358276367,409842
1998-05-01,23.736570358276367,23.736570358276367,23.736570358276367,23.736570358276367,0
1998-05-04,24.50066585854892,25.14153289794922,24.476015466316987,25.14153289794922,439858
1998-05-05,25.141533263986403,25.58518127144245,25.042924879102504,25.092227935791016,576182
1998-05-06,24.895043445235093,25.58518409729004,24.895043445235093,25.58518409729004,514470
1998-05-07,25.387997670514828,25.634490274222223,25.042928468889265,25.33872413635254,372916
1998-05-08,25.53591056474869,25.634489430931133,25.240114907016128,25.58518409729004,269192
1998-05-11,25.585180111613283,26.07816295450614,25.585180111613283,25.8809757232666,465212
1998-05-12,25.634492344795095,25.634492344795095,25.437305060423384,25.535913467407227,241350
1998-05-13,25.634490274222223,25.6837933379781,25.190810402070507,25.33872413635254,332486
1998-05-14,25.33872243594335,25.48660435920066,24.84573953311843,25.042926788330078,356584
1998-05-15,25.240110398820605,25.58517952746091,25.190805073986056,25.289413452148438,316664
1998-05-18,25.14153483700295,25.14153483700295,24.64855194091797,24.64855194091797,245070
1998-05-19,24.796438352643918,25.14153938998918,24.648556404627854,24.99362564086914,368542
1998-05-20,25.289421338005244,25.38800021731958,24.895046761554806,24.99362564086914,323960
1998-05-21,24.99362564086914,24.99362564086914,24.99362564086914,24.99362564086914,0
1998-05-22,25.141531550245563,25.33871877698299,25.042923172083178,25.289413452148438,181450
1998-05-25,25.14153686790822,25.338724136352536,25.042928468889265,25.33872413635254,204448
1998-05-26,25.585179724084277,25.733093428217938,25.338718971712296,25.437297821044922,336534
1998-05-27,25.04292277352596,25.092225826069136,24.574590340252772,24.845735549926758,444146
1998-05-28,25.141533452108042,25.141533452108042,24.54997172714634,24.57459259033203,366018
1998-05-29,24.796433311403362,24.796433311403362,24.3034799558585,24.549972534179688,491580
1998-06-01,24.549972534179688,24.549972534179688,24.549972534179688,24.549972534179688,0
1998-06-02,24.549969438404247,24.549969438404247,24.303476891166014,24.352752685546875,460586
1998-06-03,24.476011769523325,24.525314818047423,24.10628774298225,24.130910873413086,279750
1998-06-04,24.229523435588547,24.74715896880024,24.20487077130639,24.57459259033203,557084
1998-06-05,24.229525619255647,25.38799650930318,24.20487295275169,25.19080924987793,679832
1998-06-08,25.634492344795095,25.68379541253333,25.486608128161613,25.535913467407227,1057604
1998-06-09,26.07816295450614,26.127468280466417,25.8316726688131,25.8809757232666,462058
1998-06-10,25.634492344795095,25.782374289921197,25.486608128161613,25.535913467407227,292662
1998-06-11,25.48660204508684,25.48660204508684,25.14153289794922,25.14153289794922,332910
1998-06-12,25.042926991632875,25.14153538483502,24.451365221195534,24.79643440246582,544244
1998-06-15,24.64854984561672,24.64854984561672,24.27882803765431,24.45136260986328,362238
1998-06-16,24.64854848843663,24.64854848843663,24.352752886299,24.5992431640625,315746
1998-06-17,24.993621781317575,25.5851835546434,24.7964345235423,25.486604690551758,670350
1998-06-18,25.733093428217938,25.930280656470757,25.437297821044922,25.437297821044922,825106
1998-06-19,25.782368696519907,25.979585467702055,25.585181454927326,25.733095169067383,985686
1998-06-22,25.83167402506889,26.02886126666147,25.63448678347631,25.733095169067383,581364
1998-06-23,25.782368696519907,25.83167402506889,25.535907927474803,25.733095169067383,372614
1998-06-24,25.63448905285101,25.831676311900218,25.585183719937117,25.683792114257812,785246
1998-06-25,25.979586003673816,26.620423540631766,25.979586003673816,26.373960494995117,811384
1998-06-26,26.620422185724212,27.014826186561592,26.57114638825622,26.916217803955078,1381648
1998-06-29,27.211980252796067,27.359891671168192,27.064096092502147,27.113401412963867,9196116
1998-06-30,27.16271033628887,28.000764674989714,27.06410194554631,27.803577423095703,13410096
1998-07-01,28.29653638727486,29.282470570331828,28.148652165735705,29.085283279418945,16638582
1998-07-02,28.888093271601424,29.03600700882635,28.197954854619287,28.54302406311035,9569056
1998-07-03,28.641628444393515,28.98669987596292,28.543020057251802,28.838815689086914,10301408
1998-07-06,28.838813755224354,29.923446881870227,28.641626523753864,29.8740234375,10960780
1998-07-07,29.824605176190868,30.022001420588943,29.4303805641867,29.726146697998047,10967664
1998-07-08,29.824601822220657,30.515039977304,29.528956111536488,30.317646026611328,8193964
1998-07-09,30.51503710765186,30.909234380169426,30.3670666182757,30.61358642578125,9252004
1998-07-10,30.465616219807202,31.402278900146488,30.41619504441587,31.402278900146484,10046976
1998-07-13,31.500836762333208,31.993878823798298,31.3528639489448,31.697933197021484,9966432
1998-07-14,31.796778000902663,31.796778000902663,30.95866674715365,31.25431251525879,8310334
1998-07-15,31.451409054333595,31.59938184773735,30.71214249370791,30.810691833496094,7062304
1998-07-16,30.761267926859855,30.810691379747563,30.21910005379504,30.41619873046875,6664914
1998-07-17,30.712140871502474,31.84590002733187,30.61359153691963,31.747350692749023,10540790
1998-07-20,30.712140768870615,32.38806777151168,31.845899920911286,32.19097137451172,7162728
1998-07-21,32.240393995958456,32.28951987810832,31.30373126501366,31.451406478881836,6688746
1998-07-22,31.30373506285932,31.599383093882988,30.810693048539143,30.95866584777832,5323344
1998-07-23,31.007786298675118,31.697924607821413,31.007786298675118,31.402278900146484,7523722
1998-07-24,31.155757028144784,31.599377783860714,30.712138543935758,31.352855682373047,5478160
1998-07-27,31.20517634660235,31.550247729547255,30.268516054855766,30.465612411499023,5953446
1998-07-28,31.057211153606694,31.057211153606694,30.317647092525846,31.007787704467773,6947830
1998-07-29,30.81068896593775,31.20518158431073,30.662716186305857,31.106334686279297,5997052
1998-07-30,31.00778739702609,31.3528565638222,30.86011218590551,31.155757904052734,4845352
1998-07-31,31.00779377830278,32.2404000310459,30.860118536791248,31.895328521728516,9783144
1998-08-03,31.352855453248264,31.550251673438645,31.05720974557334,31.402278900146484,5917632
1998-08-04,31.402285572749154,32.38807207054488,31.402285572749154,32.09242630004883,8263516
1998-08-05,31.15576608261003,31.45141414987344,30.12055603896648,30.56417465209961,15847574
1998-08-06,30.909237177619524,30.909237177619524,29.233189907638657,29.676837921142578,12471674
1998-08-07,29.726143559971128,30.26852035522461,29.47965098566684,30.26852035522461,8873568
1998-08-10,30.12054971548618,30.12054971548618,28.98670196533203,28.98670196533203,6473836
1998-08-11,28.690902841754557,28.740208172572483,27.162710167238135,27.60638999938965,14201696
1998-08-12,28.34583611043072,28.740210645700692,27.803579642586477,28.197954177856445,9894840
1998-08-13,27.852850953122367,28.148646595758944,26.866914693652294,27.803577423095703,10000206
1998-08-14,28.345839194256495,29.578265997699194,28.099348836251593,28.690908432006836,12226688
1998-08-17,28.09934063104136,28.592323474604054,27.902153399533898,28.296527862548828,8115500
1998-08-18,28.789507841975094,29.183882265755518,28.64162367970044,28.888084411621094,6865354
1998-08-19,29.43037545515441,29.43037545515441,28.197949011589124,28.296527862548828,9397002
1998-08-20,28.39513703177356,28.690900850948818,27.064099899184086,27.162708282470703,10919058
1998-08-21,26.86691404651973,27.211985482378388,25.733095893590253,26.02886199951172,19623872
1998-08-24,26.127472350621193,26.571149936670164,24.993622311417536,25.58518409729004,13585954
1998-08-25,26.571148291402693,26.817611342147845,26.17677379190709,26.4725399017334,13854048
1998-08-26,26.226047130930677,26.275350185383502,25.683788491673035,25.83167266845703,9092646
1998-08-27,25.683791078609616,25.979586720052147,24.402059181676975,24.500667572021484,14408284
1998-08-28,22.6766767675971,24.623896399719815,21.937201374071442,23.662612915039062,19596898
1998-08-31,23.909110894266277,24.106298187224148,22.652031395937744,23.021753311157227,8719658
1998-09-01,22.233002018473304,23.071056451753552,22.060467412670132,22.578073501586914,15493138
1998-09-02,23.613304959377675,24.130910873413086,23.268235864358402,24.130910873413086,12336136
1998-09-03,23.983032432025404,24.081643095595624,22.183696746826172,22.183696746826172,14648668
1998-09-04,22.232999807104243,22.873866902493926,22.060465218461943,22.183696746826172,8888414
1998-09-07,23.071051226573886,23.76119176498938,22.62737144207469,23.662612915039062,9240348
1998-09-08,23.81049628799859,24.79643249626809,23.169631505979464,24.57459259033203,9324866
1998-09-09,24.648548858470935,24.94434446504917,23.169629884754773,23.465425491333008,9821472
1998-09-10,23.14498226491502,23.268243333049625,21.296341095270332,21.493528366088867,13952530
1998-09-11,20.828035883609196,21.44424796031654,20.433631896972656,20.433631896972656,16184314
1998-09-14,21.197759799839584,21.641437355073744,21.09915141091319,21.444250106811523,7436656
1998-09-15,21.863279443418815,22.06046671129737,20.901966241993357,21.148456573486328,10167150
1998-09-16,21.69071404976232,22.306928485056872,21.641438247105125,21.887901306152344,9210598
1998-09-17,21.4935249877113,21.542828044311293,20.2364753577007,20.40900993347168,11223910
1998-09-18,20.901965800967954,20.95126886354209,19.718842218660203,20.285751342773438,14061398
1998-09-21,19.71884165549409,19.989984641083037,18.33853084888978,18.97939682006836,12106730
1998-09-22,19.76814692942811,19.86672352187527,19.12727982440026,19.225858688354492,10613796
1998-09-23,19.595610340788195,20.162519454956055,19.497001945862678,20.162519454956055,11476156
1998-09-24,21.00057147825435,21.542827865110034,17.99342918395996,17.99342918395996,29967738
1998-09-25,15.282115771276564,17.056800080439828,14.739827491269457,17.007495880126953,69488768
1998-09-28,16.3173519066945,16.982840926343933,15.775064871694637,16.66242218017578,14157860
1998-09-29,16.48989122339259,16.588470096157284,15.282116039935719,15.528576850891113,11409032
1998-09-30,15.010968988360865,15.20815622530045,13.211632327965269,13.310211181640625,27680740
1998-10-01,13.211630472692148,14.320796883247565,12.915834894026103,13.556700706481934,30146676
1998-10-02,14.764479575583092,14.887740639368912,12.718651207298917,14.049687385559082,27288570
1998-10-05,14.148266210434764,15.282115121446749,14.049687343594877,14.098960876464844,16990132
1998-10-06,14.591945812204502,15.627185253250396,14.591945812204502,15.528576850891113,17712822
1998-10-07,15.479303294567698,15.996909423339769,14.73982881237876,15.01097297668457,19776382
1998-10-08,14.542637634363615,15.429994963873352,14.02503277975219,14.074307441711426,16625634
1998-10-09,14.764480171981631,15.18350624793596,14.394758296382518,15.084928512573242,10741314
1998-10-12,15.9229484720314,16.268048287211432,15.824369617400789,16.243396759033203,14344578
1998-10-13,15.996905691960981,16.36662751414029,15.775065784132664,16.14478874206543,9732172
1998-10-14,15.947602762960315,16.61312026769661,15.775067034685822,16.56381607055664,10607926
1998-10-15,16.539162644014652,17.05679702758789,16.465235318494226,17.05679702758789,13192190
1998-10-16,18.486412070687877,18.634295117140486,16.761001586914062,16.761001586914062,18244626
1998-10-19,16.90891360248589,17.549779488656927,16.66242218017578,16.66242218017578,8804874
1998-10-20,16.93356735740292,17.9934297734982,16.859610499188133,17.84554672241211,11431862
1998-10-21,17.82089308670222,18.165992871225022,17.599053203627516,17.648357391357422,11493792
1998-10-22,17.919506309125506,18.092040915385052,17.42652335765487,17.62371063232422,8834698
1998-10-23,17.599054732794016,17.746967308835725,16.662422732475356,16.761001586914062,11410590
1998-10-26,16.563816270808786,17.032147657992926,16.539164739817544,16.73638153076172,9463558
1998-10-27,17.056795703267273,17.40186595771617,16.859608482212693,17.377214431762695,13317376
1998-10-28,17.081452638146096,17.84554905180737,16.982844238157245,17.722318649291992,11291334
1998-10-29,17.894851103837496,18.04273415647612,17.525129275322517,17.771591186523438,7360330
1998-10-30,18.215268723787094,18.73290310184389,18.11668987144977,18.31387710571289,9559224
1998-11-02,18.58502311692315,18.979397650348268,18.486414718770206,18.53571891784668,7788206
1998-11-03,18.3385292205953,18.585020653715027,18.042733594933747,18.16599464416504,6596076
1998-11-04,18.461762588216892,19.028671702549243,18.437109921601582,18.68360137939453,9613012
1998-11-05,18.683604030164172,18.930095522928543,17.845550672523245,18.04273796081543,11090810
1998-11-06,18.33852863331764,18.535715867580763,18.190616060428944,18.31387710571289,7359568
1998-11-09,18.634297234372426,18.68360143198828,18.092039649375394,18.19061851501465,5251920
1998-11-10,18.239923988988437,18.239923988988437,17.451174890311034,17.62371063232422,7661762
1998-11-11,17.771589869045364,18.11668967240565,17.648358354703806,17.89484977722168,5292832
1998-11-12,17.59905679184438,17.993431314918347,17.45117372808978,17.944156646728516,6988742
1998-11-13,18.0427337770072,18.3385294056537,17.894850727478808,18.141342163085938,6430968
1998-11-16,18.461762566590583,18.930092815012568,18.387805702584842,18.905441284179688,9629620
1998-11-17,18.634296971223254,19.05332301797894,18.437109713136923,18.97939682006836,8058160
1998-11-18,19.077972448249014,19.5709552452912,19.028667126874463,19.3491153717041,12751172
1998-11-19,19.472349489506637,19.866724014282227,19.423046427265085,19.866724014282227,9242788
1998-11-20,20.433632090850427,20.68012237548828,20.08856068430205,20.68012237548828,13393064
1998-11-23,21.22241466822867,21.789323806762695,21.197762000560925,21.789323806762695,13807968
1998-11-24,22.134390531810613,22.380883108294768,21.099151240167497,21.1977596282959,11168152
1998-11-25,21.247031031130216,21.370292071834488,20.655469350319887,20.729427337646484,8184024
1998-11-26,20.951267591129287,21.29633903503418,20.55689308764453,21.29633903503418,7199992
1998-11-27,21.3456415451447,21.37029421005354,21.02522504653826,21.1977596282959,7780898
1998-11-30,21.00057046435725,21.518176433881663,20.704774856567383,20.704774856567383,10312968
1998-12-01,20.285750876727324,20.433635074473646,19.423046112060547,19.423046112060547,16259796
1998-12-02,19.96533073868354,20.014606538713945,18.856135728254,19.053321838378906,14058788
1998-12-03,18.782208956242243,19.669535688464247,18.26457453234146,19.398422241210938,18586390
1998-12-04,19.07797450135497,19.398420509163348,18.880786131481138,19.102624893188477,8507260
1998-12-07,19.570959477844593,19.69418873533301,19.127279634717077,19.299814224243164,8097526
1998-12-08,19.37376993271984,19.472346512539705,19.004016330247367,19.127277374267578,7258732
1998-12-09,19.37377372766851,19.644887201237122,19.127281120933105,19.570960998535156,7794510
1998-12-10,19.57096122222362,19.842074698890954,19.127281339550482,19.3244686126709,9078538
1998-12-11,18.93009272888723,19.423046112060547,18.78220966689446,19.423046112060547,7494310
1998-12-14,18.979392850408235,19.595606026365367,18.930088663800927,19.521650314331055,7559150
1998-12-15,19.47234539933801,20.01460401035835,19.47234539933801,19.965328216552734,10818706
1998-12-16,20.014602311194526,20.384353589631665,19.965326521572237,20.113210678100586,9339940
1998-12-17,20.063911322942502,21.09915297101769,19.86672406009994,21.049877166748047,11590036
1998-12-18,20.754079818725586,21.271685835844146,20.754079818725586,20.754079818725586,12497088
1998-12-21,21.00057310432944,21.296339219712294,20.828038516634308,21.271686553955078,6527564
1998-12-22,21.22241035567943,21.41959758434346,20.68012219390924,20.704774856567383,7820674
1998-12-23,20.72943111226377,21.222414034166544,20.704778445332572,21.049877166748047,4313136
1998-12-24,21.049877166748047,21.049877166748047,21.049877166748047,21.049877166748047,0
1998-12-25,21.049877166748047,21.049877166748047,21.049877166748047,21.049877166748047,0
1998-12-28,21.24703544262885,21.34564384136488,21.099153509871908,21.148456573486328,3951780
1998-12-29,21.07449628435954,21.296336171819792,20.556890323845927,20.803382873535156,4532938
1998-12-30,20.951264774308484,21.04987315171768,20.507587270894682,20.803382873535156,2454848
1998-12-31,20.803382873535156,20.803382873535156,20.803382873535156,20.803382873535156,0
1999-01-01,20.803382873535156,20.803382873535156,20.803382873535156,20.803382873535156,0
1999-01-04,20.80338895787447,21.789325372386365,20.75408361899626,21.666093826293945,9112866
1999-01-05,21.863277928492383,22.89849000168246,21.838625262639784,22.676679611206055,21890770
1999-01-06,23.02174966570084,23.31751579350493,22.9477939368303,23.169633865356445,21019146
1999-01-07,23.02175091420072,23.169635121876283,22.306930299285767,22.652029037475586,15531188
1999-01-08,22.824562612520943,23.021749876056283,22.652028016003413,22.923141479492188,13040114
1999-01-11,23.218930549713992,23.29288852977705,22.454834379452294,22.627368927001953,9284980
1999-01-12,22.67667652083373,22.77525536971133,22.331575590040178,22.528762817382812,10253588
1999-01-13,22.233001311615116,22.356232848318445,20.60620010497228,21.148456573486328,18429724
1999-01-14,21.44424796031654,21.44424796031654,20.261095059582146,20.433631896972656,17358374
1999-01-15,20.113214661619203,21.29633812131137,19.66953484608373,21.025224685668945,19527480
1999-01-18,21.394949176486488,21.493528045629013,21.02522730829019,21.148456573486328,7563210
1999-01-19,21.04987616433685,21.518179138921866,20.828038516634308,21.271686553955078,7987038
1999-01-20,21.44425387395246,21.789325372386365,21.370298137142502,21.666093826293945,8217494
1999-01-21,21.370296601627103,22.380885612964466,21.370296601627103,21.789323806762695,15751268
1999-01-22,21.592134121628856,21.813974033204172,20.926616658409856,21.1977596282959,11304030
1999-01-25,20.951267591129287,21.29633903503418,20.55689308764453,21.29633903503418,10927176
1999-01-26,21.592135875173675,21.690714741717557,21.197761349812698,21.222414016723633,9398330
1999-01-27,21.468908586564705,21.64144321644791,21.14846019747742,21.173112869262695,12522684
1999-01-28,21.123805106750126,22.134391790973837,21.049876637408357,22.0850887298584,12255060
1999-01-29,22.035807304289918,23.046396002164332,21.98650425575438,22.627368927001953,14878074
1999-02-01,23.071055184406216,23.34216864759315,22.898491058487952,23.144981384277344,9162282
1999-02-02,23.071056592442616,23.268243867792847,22.67668204174216,22.82456398010254,8464282
1999-02-03,22.60272388515529,22.89849000168246,22.52876588759749,22.676679611206055,5707650
1999-02-04,22.898490401365653,23.07105452233181,22.282305491703468,22.356231689453125,7307544
1999-02-05,22.18369709807894,22.725953538484394,22.060465567763483,22.356231689453125,9227594
1999-02-08,22.504115150895945,22.62737393526973,22.183696373390717,22.282304763793945,5452408
1999-02-09,22.430182601248124,22.60271942708737,21.76466524381548,21.8139705657959,8654298
1999-02-10,21.715368304835767,21.887902907725934,21.197762224658035,21.493528366088867,8899332
1999-02-11,21.690715636907402,21.912555575654302,21.271688427341964,21.493528366088867,6937708
1999-02-12,21.863276081930877,22.085086453673295,21.740015034585483,21.912551879882812,8578598
1999-02-15,21.863278335255238,22.134391790973837,21.740017275206025,22.0850887298584,4491386
1999-02-16,22.208347687994014,22.38088226323709,22.03581084124407,22.109739303588867,5747584
1999-02-17,22.011162152769934,22.232999801635742,21.71536650624465,22.232999801635742,6863990
1999-02-18,22.183695022374614,22.30692654115943,21.887899398770276,22.159042358398438,6308982
1999-02-19,22.23300542223211,22.331584309600697,21.96186237304723,21.986515045166016,6914358
1999-02-22,22.134389694389267,22.430185317993168,22.060463503556917,22.430185317993164,5475708
1999-02-23,22.627371403344256,23.07105118708402,22.430184174193382,22.898487091064453,7791600
1999-02-24,22.972446603622856,23.218936927434427,22.652027809026208,23.169633865356445,7296962
1999-02-25,22.947791316867473,23.046399701272385,22.380882263183594,22.380882263183594,6731276
1999-02-26,22.45483972200859,22.602723916229003,22.20834940725629,22.232999801635742,5364206
1999-03-01,22.43019272656824,22.528771613936822,21.937209700928438,21.986515045166016,8827982
1999-03-02,22.15904373207829,22.232999457084613,21.789321894721752,21.838624954223633,6182006
1999-03-03,21.83862566894398,22.109741396169657,21.715366880401845,22.0850887298584,6432828
1999-03-04,22.23299675577203,22.87386376320694,22.183693702260477,22.75060272216797,9538966
1999-03-05,22.92314163829685,23.243589967634065,22.824562770642682,23.120328903198242,10628654
1999-03-08,23.144975695688125,23.416118621826172,22.997093802699567,23.416118621826172,9354628
1999-03-09,23.465428284637227,24.106293098101773,23.465428284637227,24.0076847076416,12084516
1999-03-10,24.130916063683276,24.27882978408304,23.711888898490393,23.761194229125977,8133110
1999-03-11,23.8844533810599,24.254175186157227,23.613308156774224,24.254175186157227,10565818
1999-03-12,24.15556603869218,24.15556603869218,23.490078168142205,23.687265396118164,13442068
1999-03-15,23.736572831686807,23.983033629211068,23.416124503200066,23.613311767578125,4445886
1999-03-16,23.761195969217,23.761195969217,23.292895240191513,23.613311767578125,9167052
1999-03-17,23.687267850795276,24.032337017361975,23.539354131541213,23.785846710205078,6599868
1999-03-18,23.637960239636847,23.736568619122185,23.29289110636701,23.440773010253906,7711432
1999-03-19,23.539357895009577,24.13091973481894,23.539357895009577,23.835153579711914,12207844
1999-03-22,23.785848795503217,23.95838339391262,23.73657299052013,23.81049919128418,4724548
1999-03-23,23.78584831734977,23.835151379427753,23.169633865356445,23.169633865356445,6274146
1999-03-24,22.947793061880628,22.972445727733227,22.57807121930269,22.676679611206055,8250036
1999-03-25,22.89849450069088,23.09571132324601,22.75061027761805,23.021753311157227,5946984
1999-03-26,23.02174878793139,23.095706785489188,22.55341855345009,22.676679611206055,5855426
1999-03-29,22.52876642613164,22.79991168438624,22.45484022790518,22.775259017944336,7132518
1999-03-30,22.947793610431322,23.218936597178832,22.65202748683407,22.775259017944336,6206878
1999-03-31,22.824562612520943,23.04640254307409,22.67668068302122,22.923141479492188,4316264
1999-04-01,22.750606882974655,22.997099480545614,22.578072286457125,22.923141479492188,2748730
1999-04-02,22.923141479492184,22.923141479492184,22.923141479492184,22.923141479492188,0
1999-04-05,22.923141479492184,22.923141479492184,22.923141479492184,22.923141479492188,0
1999-04-06,23.120328155483353,23.36682074679033,23.07105462379989,23.26824188232422,5480540
1999-04-07,23.391474264108147,23.95838339391262,23.391474264108147,23.81049919128418,9537312
1999-04-08,23.95838109775867,24.106292544297393,23.83514957422878,24.081642150878906,6372240
1999-04-09,24.278832196175397,24.50066986196323,24.20487419287432,24.402061462402344,10952856
1999-04-12,24.278828584712727,24.37740516850944,24.032336016316293,24.328102111816406,4499746
1999-04-13,24.57459625236137,24.747162656544884,24.35275858487465,24.377408981323242,11418648
1999-04-14,24.377404613709132,24.549970986974532,24.155566985968278,24.229522705078125,7113108
1999-04-15,24.106290798945754,24.278827639834446,23.539352234930764,23.56400489807129,8489552
1999-04-16,23.564002600656043,23.736566682801712,23.24358388476577,23.391468048095703,9776464
1999-04-19,23.440779019839002,23.859806248780217,23.391475953209728,23.835153579711914,5407390
1999-04-20,23.687269768947626,23.71189063497066,23.292895240191513,23.613311767578125,6201442
1999-04-21,23.736571260934927,24.13091623400254,23.71188906585211,24.0076847076416,5902812
1999-04-22,24.697853455434124,25.141533263986403,24.648550398745613,25.092227935791016,17808270
1999-04-23,25.190809573375038,25.58518409729004,25.141536040833685,25.58518409729004,15479526
1999-04-26,25.634489059448242,25.78237098562162,25.486604861767777,25.634489059448242,7819346
1999-04-27,25.3387229355944,26.028863577648156,25.092230343567863,25.634489059448242,13185136
1999-04-28,25.634489059448242,25.8316763185482,25.3387229355944,25.634489059448242,5625838
1999-04-29,25.486599324460162,25.58517816779646,25.24010905749405,25.387990951538086,6084214
1999-04-30,25.486608128161613,25.733100751778938,25.437305060423384,25.535913467407227,6336654
1999-05-03,25.585182175285645,26.028861999511722,25.14153415215692,26.02886199951172,6743598
1999-05-04,26.176773640451884,26.226049441164133,25.733096084442185,25.78236961364746,6340412
1999-05-05,25.78236973499798,25.831675065532913,24.549972708350737,24.747159957885742,10687914
1999-05-06,25.04292661316355,25.289416927098372,24.7964340277217,24.895042419433594,7185594
1999-05-07,24.895042419433594,24.993621281554088,24.352756459954485,24.895042419433594,8076254
1999-05-10,25.04292277352596,25.092225826069136,24.426708440703433,24.845735549926758,5700198
1999-05-11,24.845737455125292,24.895040511449082,24.500666034009615,24.623897552490234,5547966
1999-05-12,24.697851541304065,24.747156865678196,24.525316978595068,24.5992431640625,2971288
1999-05-13,24.5992431640625,24.5992431640625,24.5992431640625,24.5992431640625,0
1999-05-14,24.7964282045273,24.895036573082,23.859797486933214,24.130910873413086,7130428
1999-05-17,24.007682595948452,24.05698792259519,23.144977941545484,23.31751251220703,10790090
1999-05-18,23.564007174305566,23.662615564886252,23.243588396223696,23.51470184326172,7902800
1999-05-19,23.53935050964356,23.785843050380684,23.514697848309915,23.539350509643555,5972290
1999-05-20,23.711889094832035,23.933758541515335,23.41612298227209,23.51470184326172,7446948
1999-05-21,23.63796373298155,23.63796373298155,23.218936549541567,23.26824188232422,4950886
1999-05-24,23.26824188232422,23.26824188232422,23.26824188232422,23.26824188232422,0
1999-05-25,22.997101248569262,23.02175164597506,22.4055394124838,22.725955963134766,7719632
1999-05-26,22.60272388515529,22.89849000168246,22.454839691138186,22.676679611206055,6684290
1999-05-27,22.824563365438266,23.021750635478252,21.838627015238334,22.03581428527832,12449196
1999-05-28,21.93720574016113,22.233001408058833,21.419601936962593,21.789323806762695,11352346
1999-05-31,21.986509492291315,22.183696746826172,21.616787649114155,22.183696746826172,7074612
1999-06-01,22.183697282056304,22.528766467666454,21.690714369029116,22.331579208374023,10058220
1999-06-02,22.504113783486197,22.873865127563477,22.183695025450465,22.873865127563477,9910578
1999-06-03,23.04640403231631,23.490083922092886,22.972448297991054,23.24359130859375,7601390
1999-06-04,23.26823561567395,23.785841524177332,23.095701070008314,23.711883544921875,7124148
1999-06-07,23.662613108040166,23.98302958134677,23.490078539905724,23.909103393554688,5677828
1999-06-08,24.007681864353724,24.007681864353724,23.662612733546045,23.687265396118164,3443832
1999-06-09,23.5640043547643,23.93375567773163,23.5640043547643,23.687265396118164,5633726
1999-06-10,23.63796356374093,23.761195093716065,22.923140732836316,23.071054458618164,8233644
1999-06-11,23.071052366797307,23.24358694205154,22.65202522435005,22.873865127563477,7031538
1999-06-14,22.750604075983997,22.89848825874477,22.282303406739253,22.430185317993164,6040296
1999-06-15,22.380883965087424,22.799911139370558,22.257652436922918,22.676679611206055,6913416
1999-06-16,22.652031395937744,23.120332192837534,22.578075655356443,23.021753311157227,6641674
1999-06-17,23.144981508959663,23.637964434701292,23.144981508959663,23.613311767578125,7173842
1999-06-18,23.835153391916947,24.007688001425716,23.711892319053927,23.859806060791016,11972556
1999-06-21,23.98303356816308,24.22952616616003,23.909107368081887,24.106294631958008,5093104
1999-06-22,24.155570307855196,24.22952603713547,23.61331158172809,23.637964248657227,6367274
1999-06-23,23.613309135442933,23.613309135442933,22.92313902225533,22.99709701538086,6946164
1999-06-24,23.071055210091902,23.317516006562865,22.84921527953875,22.923141479492188,4649128
1999-06-25,22.824563980102536,22.997100858465117,22.701305180642464,22.82456398010254,6997776
1999-06-28,22.873865127563477,22.972443982385784,22.65202522435005,22.873865127563477,3847308
1999-06-29,22.972444887704345,23.391472046664997,22.972444887704345,23.366819381713867,5502754
1999-06-30,23.416121517305772,23.613308756539602,22.873865127563477,22.873865127563477,4580990
1999-07-01,23.391469775168254,23.71188624320941,23.194282547311932,23.465425491333008,9931138
1999-07-02,23.490078539905724,23.909103393554688,23.366817496601083,23.909103393554688,7171112
1999-07-05,24.056988680416246,24.35275477591636,23.983030688116386,24.328102111816406,5638148
1999-07-06,24.204871958970923,24.303480349431094,23.909105846772455,24.0076847076416,6243186
1999-07-07,23.98303552151176,24.007688190580062,23.73657470454134,23.835153579711914,4679288
1999-07-08,23.95838317260981,24.254178833220447,23.9337600351423,24.106294631958008,5548436
1999-07-09,24.155574673340432,24.254183087370723,23.93376423309155,23.95838737487793,4111574
1999-07-12,24.106293274784363,24.27883013339347,23.958381823763517,24.155569076538086,3372782
1999-07-13,24.081639837459132,24.180216415086807,23.440772828775845,23.465425491333008,7346234
1999-07-14,23.588661186306087,23.933759907692725,23.56400851937695,23.637964248657227,5110728
1999-07-15,23.761195969217,23.933760096064866,23.56400870483894,23.613311767578125,5132906
1999-07-16,23.41611843732611,23.61330565062342,23.26823654550274,23.391468048095703,6110934
1999-07-19,23.440775453697274,23.958381479063522,23.416122788379482,23.761194229125977,5865222
1999-07-20,23.7118905072344,23.761195841215127,23.02174985042549,23.144981384277344,6031586
1999-07-21,22.972443982385784,23.04639970281771,22.331576936725103,22.873865127563477,8059718
1999-07-22,22.84921419956872,22.923140396028028,22.479492356990786,22.676679611206055,6097308
1999-07-23,22.676675911885987,22.72594943445454,21.93720054626465,21.93720054626465,8289752
1999-07-26,22.06046451670653,22.30692756559487,21.173107134731243,21.444250106811523,9926632
1999-07-27,21.59213808948399,21.912556918478785,21.468906543391565,21.666093826293945,7002210
1999-07-28,21.83862360040713,22.380882261581103,21.74001521600928,22.159042358398438,6415506
1999-07-29,22.15904318609731,22.306927374382173,21.22241228303158,21.468902587890625,7451936
1999-07-30,21.51817557840968,22.405532836914062,21.44424712296196,22.405532836914062,5603686
1999-08-02,22.134391415041062,22.33157866957592,21.49352659115842,22.183696746826172,7784184
1999-08-03,21.96185682639876,22.183696746826172,21.71536651158583,22.183696746826172,5419976
1999-08-04,22.13439144689309,22.2576525050262,21.493526622088226,21.74001693725586,5927308
1999-08-05,21.518184400536693,21.54283480081439,20.901969823745965,21.173112869262695,10522612
1999-08-06,21.444252240100905,21.567483776804234,20.704778974114806,21.148456573486328,6795900
1999-08-09,21.296336356014614,21.444247787654366,20.556890501645185,20.729427337646484,5047108
1999-08-10,20.70477404854167,20.877308607814218,19.891372502971244,19.965328216552734,8503092
1999-08-11,20.236475541569764,20.458283646366787,19.817448394060214,20.335054397583008,7668804
1999-08-12,20.680126306553998,21.468904907661713,20.630852772533085,21.148456573486328,10836076
1999-08-13,20.975919716720583,21.592134121628856,20.852658663683343,21.1977596282959,8012308
1999-08-16,21.22241457616874,21.24703544262885,20.581547437411476,21.148456573486328,6259422
1999-08-17,21.099151240167497,21.61678678653769,21.02522504653826,21.1977596282959,6853880
1999-08-18,21.46890159633949,21.592133114035825,21.04987445765152,21.247032165527344,5155940
1999-08-19,21.197761908607937,21.370296508925684,20.92661890955416,21.148456573486328,4403210
1999-08-20,21.1731075084151,21.394947425700913,21.049875981796017,21.29633903503418,6110244
1999-08-23,21.542829666780293,21.961856842041016,21.39494774392522,21.961856842041016,5875006
1999-08-24,21.690712980166932,21.789321368295333,20.754079805145267,21.1977596282959,21025898
1999-08-25,21.099147409889298,21.222408440550087,20.7294256485834,20.975915908813477,18144382
1999-08-26,21.074494749455834,21.37029033055284,20.951263248380013,20.975915908813477,9045490
1999-08-27,20.951267051811747,21.320991151742813,20.87731132859218,21.1977596282959,7030994
1999-08-30,21.222412839501967,21.567482011899855,21.19776017395853,21.29633903503418,5137434
1999-08-31,21.09915179580708,21.24703371655031,20.951267603556847,21.074499130249023,5609206
1999-09-01,21.148456033372952,21.29634023386025,21.000574104392786,21.049877166748047,5085520
1999-09-02,21.074496836279103,21.148452553396147,20.48293514509287,20.68012237548828,7989902
1999-09-03,20.877308877549837,20.951264592086837,20.507587092531875,20.828035354614258,7005664
1999-09-06,20.951263248380013,21.123800070322766,20.828034018810726,20.975915908813477,5863832
1999-09-07,20.951264592086837,21.025222578130517,20.606195469083435,20.828035354614258,6410760
1999-09-08,20.778732857090986,20.852659052097216,20.45828455141841,20.655471801757812,5922054
1999-09-09,20.754079818725586,20.803385148575522,20.359705325134573,20.754079818725586,6495928
1999-09-10,20.828036081229136,20.877309605883692,20.38435629468911,20.68012237548828,7273880
1999-09-13,20.754080854718968,20.803386187030107,20.211824417114258,20.211824417114258,6356766
1999-09-14,20.409012406469497,20.581547003146817,20.162519808670258,20.285751342773438,8873568
1999-09-15,20.335056835687737,20.60619983113832,20.21182530062202,20.482938766479492,7311312
1999-09-16,20.33505494918414,20.409010672515624,20.113215037273108,20.261096954345703,5852586
1999-09-17,20.211822877292335,20.335054397583008,20.039258770364132,20.335054397583008,8335386
1999-09-20,20.38435973942886,20.581547003146817,20.261098675732796,20.285751342773438,3260242
1999-09-21,20.310397882328733,20.359700930028534,20.039254970797653,20.113210678100586,5822486
1999-09-22,19.989980697631836,20.063906880958896,19.866719661771963,19.989980697631836,4508648
1999-09-23,20.088566291632173,20.680128147941318,20.088566291632173,20.458288192749023,10267684
1999-09-24,20.162517918048646,20.261096775867532,20.014606472688616,20.06390953063965,5270486
1999-09-27,20.211822877292335,20.359704790353543,20.162517548737483,20.335054397583008,5036032
1999-09-28,20.40901221227424,20.507591078398786,20.285751149751032,20.35970687866211,6450234
1999-09-29,20.482934965245207,20.704774856567383,20.384356115707003,20.704774856567383,8589820
1999-09-30,20.828038360989005,20.951267616248824,20.63085110901021,20.852659225463867,9509374
1999-10-01,20.951268262731006,20.951268262731006,20.458285352776745,20.63085174560547,6269640
1999-10-04,20.68012460964205,21.37029475538168,20.50759002348166,21.34564208984375,10072414
1999-10-05,21.34564210727553,21.37029477283359,20.87731187838968,21.074499130249023,6185388
1999-10-06,21.025226771323982,21.049877166748047,20.704778445332572,21.049877166748047,5892702
1999-10-07,21.247032165527344,21.345640549054202,21.000571401641512,21.247032165527344,9184834
1999-10-08,21.296336764499838,21.567479712457285,21.296336764499838,21.39494514465332,8676596
1999-10-11,21.44425065170909,21.666090570716598,21.394947591746586,21.542829513549805,4839844
1999-10-12,21.567482011899855,21.567482011899855,21.24703370394731,21.29633903503418,5152026
1999-10-13,20.975920281821818,21.049876007033784,20.852659225463867,20.852659225463867,4943844
1999-10-14,20.828039541092913,21.02522680424422,20.77873420715332,20.77873420715332,6099856
1999-10-15,20.532241453543072,20.680123365267107,19.89137440593487,20.137866973876953,10638958
1999-10-18,20.03925914056293,20.11321486325455,19.81744876016136,20.014606475830078,4972386
1999-10-19,20.162517548737483,20.458283646366787,20.063909163134667,20.335054397583008,7536672
1999-10-20,20.335054212818257,20.606197173296096,20.2364753577007,20.40900993347168,5784364
1999-10-21,20.48293768379018,20.60619874193366,20.13786850597998,20.23647689819336,7046698
1999-10-22,20.310402284237995,20.482936866256736,20.162518095658445,20.261096954345703,6313512
1999-10-25,20.38435532018597,20.409007981882016,19.965328216552734,19.965328216552734,5757778
1999-10-26,20.039258588286987,20.458283460482374,19.965330125715994,20.40900993347168,8220708
1999-10-27,20.162517921213322,20.211823250679025,19.94068028272857,20.014606475830078,7869196
1999-10-28,20.113215189830193,21.02522523783104,20.03925946593776,20.95126724243164,11336860
1999-10-29,21.14845463102587,22.085087820775566,21.09915157193988,21.863277435302734,19337296
1999-11-01,21.78932260782854,22.159044457285095,21.49352695620668,22.0850887298584,7127506
1999-11-02,21.986509492291315,22.183696746826172,21.863277963927082,22.183696746826172,6579624
1999-11-03,22.085085309218385,22.578068142368693,22.06046217631288,22.528762817382812,11491858
1999-11-04,22.479492356990786,22.75060580766536,22.430187025285587,22.676679611206055,10350714
1999-11-05,22.775256743151953,22.972443982385784,22.45483798511622,22.873865127563477,9802918
1999-11-08,22.873862118908118,23.66261097209736,22.84920945817115,23.391468048095703,17166692
1999-11-09,23.391474007616296,23.49008240418039,22.89849108398152,22.923141479492188,8385526
1999-11-10,22.947794305485445,23.120328903198242,22.479493575217084,23.120328903198242,6840688
1999-11-11,22.627547519658904,22.925278408075467,22.627547519658904,22.776412963867188,3200
1999-11-12,22.776412963867188,22.776412963867188,22.776412963867188,22.776412963867188,0
1999-11-15,23.63796424865723,23.736572644866644,23.391473923480007,23.637964248657227,9533422
1999-11-16,23.588660651491008,23.687269045464717,23.41612378799878,23.490081787109375,4987932
1999-11-17,23.637964434701292,23.66261710182446,22.972446911704772,23.613311767578125,11399852
1999-11-18,23.465428313315936,23.613310233842405,23.292893727267543,23.51470184326172,6605932
1999-11-19,23.613305836677156,23.810493051528145,23.39146823240154,23.416118621826172,7238838
1999-11-22,23.440774557420177,23.736570185811917,22.89848862938705,22.99709701538086,10303848
1999-11-23,22.79990741994733,22.849210472102527,21.93720054626465,21.93720054626465,19061894
1999-11-24,21.863279923495355,21.912555730105467,21.345644310075112,21.690715789794922,15822534
1999-11-25,21.764667698355932,22.085086453673295,21.66608884436995,21.912551879882812,8307846
1999-11-26,21.937204366894264,22.109741228666852,21.39494792997318,21.887901306152344,10253816
1999-11-29,21.838624976078716,21.961856502626205,21.46890313835218,21.518178939819336,8098938
1999-11-30,21.419599713210147,21.44425010681152,21.12380407602153,21.444250106811523,11368870
1999-12-01,21.468899917770212,22.011158531757438,21.444247255939285,21.93720054626465,10582922
1999-12-02,22.134390879861556,22.18369621045453,21.863277435302734,21.863277435302734,6988500
1999-12-03,21.91255206431541,22.5780695024042,21.616785970279103,22.380882263183594,15457590
1999-12-06,22.380881882959205,22.40553454651833,21.715364456176758,21.715364456176758,7993706
1999-12-07,21.88790040396208,21.961856127780138,21.197759799839584,21.444250106811523,11721566
1999-12-08,21.394945876571054,21.542827786518973,21.14845331158943,21.247032165527344,8725346
1999-12-09,21.173107151155186,21.271686010567482,21.049875626615425,21.123804092407227,9366212
1999-12-10,21.123802919337848,21.567480450277397,20.901963018114653,21.247032165527344,12056832
1999-12-13,21.296339047666425,21.394947438391647,20.975920269114905,21.074499130249023,14431452
1999-12-14,21.148451999539763,21.197757323997713,20.729427158354934,20.803382873535156,14306542
1999-12-15,20.80338656894838,20.852660101065226,20.113216393246848,20.162519454956055,14897594
1999-12-16,20.310402284237995,20.532242196149028,20.162518095658445,20.261096954345703,17181440
1999-12-17,20.211827368904345,20.80338922521349,20.211827368904345,20.458288192749023,19844350
1999-12-20,20.55689374660441,21.099152459634013,20.507590685444118,20.63085174560547,7525594
1999-12-21,20.630852140921995,20.828039402763686,20.3104038165571,20.35970687866211,8668586
1999-12-22,20.45828555838613,20.655472818431193,20.310403631503963,20.38435935974121,7520824
1999-12-23,20.3843620207713,21.09915542602539,20.31040628287967,21.09915542602539,10921498
1999-12-24,21.09915542602539,21.09915542602539,21.09915542602539,21.09915542602539,0
1999-12-27,21.19775944959399,21.41959935929914,20.951266875187823,21.000572204589844,4877578
1999-12-28,21.123803726997888,21.148454120191968,20.877311152591723,21.000572204589844,2673986
1999-12-29,21.02522716040053,21.24703529317901,20.852660760195903,20.901966094970703,4551142
1999-12-30,20.926616658409856,21.320991151742813,20.926616658409856,21.1977596282959,5993138
1999-12-31,21.1977596282959,21.1977596282959,21.1977596282959,21.1977596282959,0
2000-01-03,21.1977596282959,21.1977596282959,21.1977596282959,21.1977596282959,0
2000-01-04,20.803385166445402,20.828037831391544,20.261096954345703,20.261096954345703,10318330
2000-01-05,20.08856237232696,20.75407983655311,19.86672246041593,20.261096954345703,15345582
2000-01-06,20.23647761723862,20.581546807309863,20.211824950432554,20.35970687866211,8512634
2000-01-07,20.680123917486565,20.803384969543686,20.482936672388032,20.55689239501953,8748212
2000-01-10,20.680123548901545,20.70477621317497,20.310401730006898,20.606197357177734,7670918
2000-01-11,20.655467667283006,20.975915908813477,20.458280456413323,20.975915908813477,8913418
2000-01-12,20.754081891746775,21.04987755628075,20.68012616109175,20.901966094970703,9682888
2000-01-13,20.95126324292442,21.123800064822245,20.803381352960173,20.926612854003906,8008370
2000-01-14,21.197757913934293,21.39494514465332,21.074496870865747,21.39494514465332,9795996
2000-01-17,21.444249933273102,21.61678678653769,21.1977596282959,21.1977596282959,8012356
2000-01-18,21.148451815603096,21.2470306625678,20.606195469083435,20.828035354614258,9929554
2000-01-19,20.72942869246708,20.8526579401312,20.35970460536482,20.40900993347168,10792072
2000-01-20,20.507589353772218,20.53224201850507,19.891374953262865,20.014606475830078,14743670
2000-01-21,19.768143267090792,20.33505226830053,19.768143267090792,19.965328216552734,13136964
2000-01-24,20.11321335629967,20.16251641056448,19.373769760131836,19.373769760131836,15276368
2000-01-25,19.275161598480693,19.324466930621337,18.68360096636397,18.80683135986328,19574008
2000-01-26,19.004018037953305,19.34911900833124,18.782208788016167,19.201234817504883,12964186
2000-01-27,19.472347079753355,19.96532993951128,19.447696687436693,19.718839645385742,11969646
2000-01-28,19.743493685088744,19.817449410206237,19.398422241210938,19.398422241210938,10620234
2000-01-31,19.17658521390823,19.546307063744326,18.954745289485334,18.97939682006836,11966034
2000-02-01,19.32446309748768,19.79279324320874,19.275157775127067,19.521650314331055,14531696
2000-02-02,19.817447092373044,20.85265675991513,19.669533387930926,20.704774856567383,17900916
2000-02-03,21.049874897385756,21.29633793792707,20.581544692904313,20.606197357177734,15231978
2000-02-04,20.65547144827548,20.877311360186514,20.137867702219253,20.261096954345703,8910422
2000-02-07,20.261097948326515,20.507590537276272,19.916028767360427,20.211824417114258,7176848
2000-02-08,20.310402105325494,20.40901049273449,19.989983337549745,20.06390953063965,8123460
2000-02-09,20.16251525534547,20.26109410014583,19.965328036158535,19.989980697631836,8360752
2000-02-10,19.81744463655035,20.507585086556883,19.62022790273823,20.113210678100586,14260448
2000-02-11,20.285745222725602,20.384353589631665,19.916023473872436,20.113210678100586,7794644
2000-02-14,20.162517921213322,20.236475915411877,19.96533067595449,20.014606475830078,6941356
2000-02-15,20.014603826136835,20.359702471091996,19.916024981353132,19.940677642822266,8120114
2000-02-16,20.162517918048646,20.285749440596515,20.014606472688616,20.06390953063965,6861476
2000-02-17,20.014608158998268,20.60619947411593,20.014608158998268,20.35970687866211,12290320
2000-02-18,20.877311162585094,21.04987527256091,20.236475898960897,20.55689239501953,17205766
2000-02-21,20.48293822496758,20.754081213249894,20.236477432859047,20.38435935974121,7197118
2000-02-22,20.4090084230726,20.803382873535156,20.4090084230726,20.803382873535156,8392050
2000-02-23,20.95126324292442,21.271681954786487,20.877307533149818,20.926612854003906,12993646
2000-02-24,21.123803918898577,21.123803918898577,20.754079818725586,20.754079818725586,4659818
2000-02-25,20.85266046688667,20.901965800967954,20.21182514275154,20.285751342773438,7581304
2000-02-28,20.187167916818773,20.359702474532405,19.817446139918204,19.989980697631836,7493670
2000-02-29,20.113212203905498,20.285746761619134,19.916024984718565,19.989980697631836,5705838
2000-03-01,20.063909347215144,20.310401919647553,19.989983154801074,20.08856201171875,5695390
2000-03-02,20.335054773246238,20.335054773246238,19.842071895304095,20.014606475830078,6747112
2000-03-03,19.98998434947007,20.187171604679843,19.743494033813477,19.743494033813477,8336752
2000-03-06,19.91602761486973,20.261096775867532,19.79279609232186,20.06390953063965,7180774
2000-03-07,20.187171936035156,20.60619911930961,20.137868874779066,20.187171936035156,9986906
2000-03-08,20.359705342623332,20.507589531202882,20.162518095658445,20.261096954345703,7916388
2000-03-09,20.113215690130712,20.4090113349745,19.768146514892578,19.768146514892578,15595292
2000-03-10,19.86672329109245,19.98998434947007,19.620232975435854,19.743494033813477,11226034
2000-03-13,19.718841738095108,19.866723664127775,19.39842294808285,19.694189071655273,7830458
2000-03-14,19.76814723474758,19.940681828649478,19.76814723474758,19.891376495361328,5489068
2000-03-15,19.792793478444903,20.039256490992226,19.792793478444903,19.989980697631836,5944062
2000-03-16,20.23647572410128,20.335054581003696,20.039258951116768,20.310401916503906,7830772
2000-03-17,20.951266325756833,21.049874710468018,20.063908981713414,20.137866973876953,22785428
2000-03-20,20.18717021301491,20.409010118908395,20.063909163134667,20.335054397583008,7294848
2000-03-21,20.507587613388,20.507587613388,20.211821535395107,20.433631896972656,8525886
2000-03-22,20.606195826529582,20.92661456458326,20.532240110709708,20.729427337646484,13386698
2000-03-23,20.92661648199374,21.148454120191968,20.85265848789071,21.000572204589844,11466638
2000-03-24,21.197760357781792,21.345642279719705,21.074499300502726,21.271686553955078,15817172
2000-03-27,21.29634023386025,21.542830559058068,21.000574104392786,21.049877166748047,8728982
2000-03-28,21.025230911164766,21.197765541047975,20.975925567594214,21.173112869262695,7505736
2000-03-29,21.24703541215146,21.39494914579693,21.099153479606645,21.370296478271484,6763408
2000-03-30,21.24703370394731,21.320991700577615,21.049875981796017,21.29633903503418,6533580
2000-03-31,21.24703386884503,21.690713706860045,21.222413004208608,21.542829513549805,12228414
2000-04-03,21.641437702793144,21.93720381514336,21.616787308795704,21.838624954223633,17898344
2000-04-04,21.98651175405417,22.331580966836206,21.98651175405417,22.1343936920166,20460526
2000-04-05,21.937199773681936,21.986505095607363,21.51817495401991,21.641433715820312,16262066
2000-04-06,21.64143371141956,21.78931787607359,21.542825339095337,21.592130661010742,5310480
2000-04-07,21.641439633581985,21.740018503296643,21.518180838076976,21.56748390197754,5229176
2000-04-10,21.64143716956556,21.666089834462582,21.27168581172836,21.468902587890625,4286006
2000-04-11,21.493527799251833,21.616788864135742,21.41960159851752,21.616788864135742,4707674
2000-04-12,21.69071540759892,22.011163743164367,21.666092269524807,21.789323806762695,7699182
2000-04-13,21.887899216112363,22.085086453673295,21.740015034585483,21.912551879882812,10123690
2000-04-14,21.838626525525015,22.060466458421455,21.616788864135742,21.616788864135742,7826110
2000-04-17,20.754079805145267,21.2470331570163,20.70477674683454,21.1977596282959,13195246
2000-04-18,21.271691755297656,21.296344427082932,20.901969823745965,21.173112869262695,7712120
2000-04-19,21.29633461521353,21.370290324988133,20.926612854003906,20.926612854003906,6415374
2000-04-20,20.85265487272277,21.000568563778508,20.85265487272277,20.926612854003906,4338648
2000-04-21,20.926612854003906,20.926612854003906,20.926612854003906,20.926612854003906,0
2000-04-24,20.926612854003906,20.926612854003906,20.926612854003906,20.926612854003906,0
2000-04-25,21.074498397595868,21.123803726997888,20.877311152591723,21.000572204589844,6127796
2000-04-26,20.606196187959124,21.000570648749942,20.606196187959124,20.68012237548828,10672356
2000-04-27,20.606198272119617,20.926617048201315,20.55689294138355,20.655471801757812,9924228
2000-04-28,20.754077368570577,20.975917254101397,20.704774316048137,20.828035354614258,7489478
2000-05-01,20.828035354614258,20.828035354614258,20.828035354614258,20.828035354614258,0
2000-05-02,20.87731547043928,21.345645779903776,20.80338926214384,21.09915542602539,9465634
2000-05-03,21.04987543994015,21.394946874962375,21.04987543994015,21.1977596282959,9369450
2000-05-04,21.197759799839584,21.44425010681152,21.12380407602153,21.444250106811523,10469282
2000-05-05,21.493525907437636,21.641437355073744,21.44425010681152,21.444250106811523,9134802
2000-05-08,21.567479712457285,21.567479712457285,21.17310525101923,21.39494514465332,4011498
2000-05-09,21.39494949547657,21.690715636907402,21.39494949547657,21.493528366088867,9985064
2000-05-10,21.567482179284568,21.88790096013279,21.4935264535873,21.542829513549805,11015480
2000-05-11,21.394948931239306,21.69071506487006,21.345643596682876,21.616788864135742,7467368
2000-05-12,21.666091927185008,21.764670795197535,21.518180466530048,21.616788864135742,6962862
2000-05-15,21.789322442753225,22.011162365267733,21.715366715886812,21.887901306152344,12268444
2000-05-16,22.01116416512386,23.02175092432722,22.01116416512386,22.602725982666016,22376420
2000-05-17,22.60272444608799,22.60272444608799,22.257652989291966,22.55341911315918,9516668
2000-05-18,22.45484247880271,22.97244857965615,22.430189809889598,22.725955963134766,12613730
2000-05-19,22.750604075983997,22.94779131519019,22.405534925523888,22.430185317993164,8867366
2000-05-22,22.331576747268276,22.578069312370104,21.91255187988281,21.912551879882812,9541534
2000-05-23,22.159046091610204,22.79991324515115,22.159046091610204,22.652029037475586,11017430
2000-05-24,22.849208794593654,23.021743342143314,22.52876055842438,22.627368927001953,11971584
2000-05-25,23.02174929101724,23.26824188232422,22.775258971217344,23.26824188232422,23621106
2000-05-26,23.071054698970585,23.120328230814593,22.50411605834961,22.50411605834961,13519442
2000-05-29,22.676680153275974,22.84921474576296,22.578071759015447,22.775259017944336,5842826
2000-05-30,22.799911170715358,22.799911170715358,22.15904407548331,22.232999801635742,5982696
2000-05-31,22.38088207925308,22.578069316853163,22.25765056147218,22.454837799072266,4275626
2000-06-01,22.38088207925308,22.578069316853163,22.25765056147218,22.454837799072266,4583368
2000-06-02,22.750606675096712,23.24358959422698,22.652027809026208,23.169633865356445,12463540
2000-06-05,23.3421651755304,23.36681783885377,23.071051752670606,23.31751251220703,7450760
2000-06-06,23.3175123392678,23.61330795284556,23.120325106745362,23.56400489807129,7964734
2000-06-07,23.514703370592606,23.687269768947626,23.34216877333772,23.613311767578125,11560310
2000-06-08,23.785852747799886,24.229530415986265,23.687273863367675,23.95838737487793,13965556
2000-06-09,24.08164424421685,24.155570444322027,23.88445698027676,24.056991577148438,7857182
2000-06-12,24.056991577148438,24.056991577148438,24.056991577148438,24.056991577148438,0
2000-06-13,24.081642504837067,24.352755949300228,23.90910564892031,24.30348014831543,8830978
2000-06-14,24.32810363170862,24.64855194091797,24.27883010152659,24.64855194091797,15217374
2000-06-15,24.549976299928474,24.74716357831131,23.859806060791016,23.859806060791016,10787710
2000-06-16,24.007686243011612,24.254178841088528,23.909107375838026,24.056991577148438,14400626
2000-06-19,23.761196128215087,23.85980452586044,23.51470352794129,23.81049919128418,6865258
2000-06-20,23.93376423309155,24.05699578890822,23.785852747799886,23.95838737487793,5327148
2000-06-21,24.007686296334235,24.032338963457402,23.539356037715773,23.613311767578125,5734702
2000-06-22,23.687265381746492,23.909103000653243,23.465425491333008,23.465425491333008,4795538
2000-06-23,23.465428313315936,23.687268230408176,23.26824106174562,23.51470184326172,5063812
2000-06-26,23.539353963767496,23.539353963767496,23.120326804806844,23.366819381713867,4043684
2000-06-27,23.416123808065898,23.49008180723987,23.218936549541567,23.26824188232422,3085592
2000-06-28,23.29289353439531,23.835149953572365,23.26824086907752,23.761194229125977,7784226
2000-06-29,23.711887800752447,23.711887800752447,23.243587127701684,23.292892456054688,8544698
2000-06-30,23.26823881408174,23.662613279126614,23.243586150941212,23.56400489807129,5768124
2000-07-03,23.56400851937695,23.63796424865723,23.41612431890201,23.637964248657227,2886590
2000-07-04,23.71188643946697,23.88445280728866,23.61330758951665,23.662612915039062,3777830
2000-07-05,23.662612927458188,24.0816400494161,23.662612927458188,23.88445281982422,5963014
2000-07-06,23.83515185857231,23.95838339391262,23.637964592874777,23.81049919128418,3791804
2000-07-07,23.884457193148574,23.884457193148574,23.637964592874777,23.81049919128418,3650384
2000-07-10,23.909103393554688,23.93375605651697,23.687265771002448,23.909103393554688,3165772
2000-07-11,23.785844621756812,23.98302958134677,23.711886632869966,23.909103393554688,2733566
2000-07-12,23.26824180675384,23.465429064637743,22.011162532023707,22.0850887298584,38008292
2000-07-13,22.282307645292974,22.972448348999023,22.2330023079618,22.972448348999023,31635492
2000-07-14,23.169629884754773,23.53935167791025,23.14497722219761,23.465425491333008,18123104
2000-07-17,23.490078539905724,23.909103393554688,23.44077321398116,23.909103393554688,8636046
2000-07-18,23.711890316972113,23.711890316972113,23.169633865356445,23.169633865356445,7774574
2000-07-19,23.095704415993975,23.539352409515317,23.04639908934724,23.31751251220703,6265418
2000-07-20,23.21893178599817,23.6379588834715,23.21893178599817,23.539350509643555,7625314
2000-07-21,23.44077647445722,23.90910671917277,23.26824188232422,23.26824188232422,8291418
2000-07-24,23.36681712678834,23.71188625759602,23.292890940166245,23.687265396118164,5245114
2000-07-25,23.687267674766616,23.78584653344384,23.588659286499023,23.588659286499023,5905052
2000-07-26,23.58866304729329,23.88445872966508,23.490084172899415,23.859806060791016,5858826
2000-07-27,23.711886632869966,24.0816402331959,23.687265771002448,23.909103393554688,9491992
2000-07-28,23.958385123950787,24.15557240388724,23.83515357971191,23.835153579711914,5942436
2000-07-31,23.835144572174496,24.05698443734377,23.711883544921875,23.711883544921875,4554306
2000-08-01,23.711883544921875,23.711883544921875,23.711883544921875,23.711883544921875,0
2000-08-02,23.76119421450363,24.056989854023325,23.637962689088308,24.032337188720703,8017986
2000-08-03,23.98302958134677,24.10629062465141,23.465425876943442,23.909103393554688,10208816
2000-08-04,23.958379189891257,24.15556642098798,23.884453002099175,23.909103393554688,7114878
2000-08-07,24.081639124650554,24.747156504685176,24.056986462823104,24.697851181030273,22102178
2000-08-08,24.747157286953836,25.437297821044922,24.62389624542691,25.437297821044922,28320336
2000-08-09,25.43730216897363,26.127472350621193,25.338723302791188,25.58518409729004,27738434
2000-08-10,25.48660087475165,25.733093428217938,24.993618039325817,25.437297821044922,10183946
2000-08-11,25.338720685882222,25.83167402506889,25.28941535733324,25.733095169067383,10263310
2000-08-14,25.88097937330702,26.07816663235623,25.68379211425781,25.683792114257812,8811634
2000-08-15,25.880975331257293,25.880975331257293,25.387992495831455,25.437297821044922,5917910
2000-08-16,25.535907927474803,25.88097708211098,25.28941535733324,25.733095169067383,9209414
2000-08-17,25.58518236504056,25.930283333049086,25.535908835835283,25.78236961364746,10188952
2000-08-18,25.930283140734698,26.127470387879143,25.831674752367277,26.02886199951172,18295574
2000-08-21,25.880975361200097,26.12746791495156,25.831672307436328,25.979583740234375,7017074
2000-08-22,25.58518372652166,25.683792120867732,25.3387229355944,25.634489059448242,14767654
2000-08-23,25.782374289921197,25.979591103888882,25.486608128161613,25.535913467407227,8735432
2000-08-24,25.437301842311097,25.585183768728424,25.141535717969344,25.19080924987793,7083664
2000-08-25,25.190808711587387,25.289417103989013,24.74716067030841,25.042926788330078,7251762
2000-08-28,24.89504259356572,25.141535180731704,24.796434201164093,25.042926788330078,4343498
2000-08-29,25.092229673265983,25.38799578921887,24.7964340277217,24.895042419433594,6454184
2000-08-30,24.993617449476098,25.141531150118993,24.5992430022777,24.845735549926758,8997100
2000-08-31,24.845743692853073,25.092234049780025,24.623903734523278,24.99362564086914,5042420
2000-09-01,25.14153154876961,25.33871877549546,25.042923170613015,25.240110397338867,4417626
2000-09-04,24.99361784578136,25.38799229923306,24.99361784578136,25.240110397338867,4443760
2000-09-05,25.240114582885848,25.33872297739459,25.092230384961425,25.19080924987793,4641880
2000-09-06,25.190806424331,25.535907372564388,25.042924514500967,25.14153289794922,6530258
2000-09-07,25.09222757047167,25.289414807779256,24.99361918702342,25.14153289794922,2855334
2000-09-08,25.092230384961425,25.19080924987793,24.99362199045268,25.19080924987793,3999976
2000-09-11,25.190810402070507,25.387997670514828,25.042928468889265,25.33872413635254,5957620
2000-09-12,25.33871877698299,25.43729762555803,25.190805073986056,25.289413452148438,5047850
2000-09-13,25.387995413196727,25.43730074407593,24.648551740428545,24.944347381591797,6962724
2000-09-14,24.84573953311843,25.190808711587387,24.697855338354074,25.042926788330078,6563408
2000-09-15,24.89504033316409,25.24011175180855,24.845737277193383,25.14153289794922,20079166
2000-09-18,24.993617449476098,25.240109997125156,24.62389566430263,24.845735549926758,7385598
2000-09-19,24.648554067464417,24.796436001458392,24.402061462402347,24.402061462402344,7345098
2000-09-20,24.451363979551974,24.648551226351223,24.032336821028032,24.081642150878906,7158180
2000-09-21,24.20487213637603,24.5006677803335,23.958381823763517,24.155569076538086,6510918
2000-09-22,23.662615535966548,24.056990038625187,23.61331020498296,24.0076847076416,5222170
2000-09-25,24.056990010406686,24.648551763700752,24.00768467948093,24.500667572021484,4346124
2000-09-26,24.50066739206584,24.623898917377105,24.30348014241614,24.476016998291016,3671292
2000-09-27,24.377406343081034,24.697854647710553,24.303480148315433,24.30348014831543,4352520
2000-09-28,24.254176750657432,24.426711332658613,23.588659286499023,23.588659286499023,10408544
2000-09-29,23.68726854813499,23.7611947445943,22.67667961120605,22.676679611206055,14157946
2000-10-02,22.82456122756114,23.58865983982749,22.79991083354622,23.51470184326172,6123628
2000-10-03,23.26824086907752,23.909105678018754,23.19428514463113,23.761194229125977,6422416
2000-10-04,23.859801879951036,23.859801879951036,23.539353584855817,23.736570358276367,4486550
2000-10-05,23.785844621756812,24.056987570233616,23.711886632869966,23.909103393554688,4064024
2000-10-06,23.909105678018754,24.03233720350991,23.687268034270403,23.761194229125977,4498550
2000-10-09,23.662616647977867,23.711890180179008,22.701303482055664,22.701303482055664,5410958
2000-10-10,22.898490576683226,23.021749366027286,22.331579194147356,22.50411605834961,8460102
2000-10-11,22.18369768144814,22.2330007438034,19.71884213111978,21.049877166748047,25740374
2000-10-12,21.64143893748841,22.060466129760325,20.60619956177123,21.222414016723633,13683970
2000-10-13,20.72943195074309,21.887902907725934,20.310404741177656,21.493528366088867,12336050
2000-10-16,22.23299535660811,22.282300678523516,21.59213066101074,21.592130661010742,6228602
2000-10-17,21.789324190696203,21.986511462904616,21.000575101862548,21.690715789794922,9571900
2000-10-18,21.24703369160417,21.690713525918046,20.556893075702316,21.518178939819336,9256716
2000-10-19,21.69071555126658,22.257654223149338,21.592136681043502,22.03581428527832,8822322
2000-10-20,22.2576524729968,22.578071255895885,21.96185682639876,22.183696746826172,9317400
2000-10-23,22.356229600704697,22.94779131840619,22.183695025450465,22.873865127563477,6229114
2000-10-24,22.35623215162953,23.31751579350493,22.208350223481045,23.169633865356445,9842194
2000-10-25,22.997100669836307,23.31751721242384,22.775260727810746,22.84921646118164,5847532
2000-10-26,23.366814453590603,24.00767911784013,23.342161793838784,23.711883544921875,16740440
2000-10-27,23.613311925586647,24.155570659610156,23.44077732717724,23.81049919128418,10202190
2000-10-30,24.10629062465141,24.303477855748135,23.83514767617461,23.909103393554688,6132488
2000-10-31,23.98303165376658,24.64855139345244,23.93375812467896,24.549972534179688,13499934
2000-11-01,24.62389718207225,24.944345464041227,23.93375662172955,24.45136260986328,13602708
2000-11-02,24.845743692853073,25.042930981078296,24.32810803738717,24.99362564086914,22119916
2000-11-03,24.944347751043054,24.993621281554088,24.574594108084575,24.895042419433594,13012104
2000-11-06,24.648556404627854,25.092234049780025,24.32810803738717,24.99362564086914,14989008
2000-11-07,24.99361651902134,25.535904646674496,24.796429302762967,25.387990951538086,17943198
2000-11-08,25.141531150118993,25.1908046730753,24.747156702920595,24.845735549926758,259398112
2000-11-09,24.59924606326731,24.74715978231574,24.377406150038688,24.549972534179688,10080252
2000-11-10,24.476017004232187,24.62389892335417,24.22952442395905,24.30348014831543,6811668
2000-11-13,23.98302958134677,24.056987570233616,23.736568825420246,23.909103393554688,7754444
2000-11-14,23.909105629210778,24.94434720742075,23.810497239647898,24.747159957885742,12721620
2000-11-15,24.79643231072867,25.486602416147907,24.50066621525568,25.092227935791016,19302604
2000-11-16,25.14153686790822,25.634490274222223,25.042928468889265,25.33872413635254,14607606
2000-11-17,25.240114907016128,25.58518409729004,25.190809573375038,25.58518409729004,15008944
2000-11-20,25.58518127144245,25.733094984521742,25.092227935791016,25.092227935791016,10683348
2000-11-21,24.74715709531791,25.486600677389657,24.74715709531791,25.240110397338867,10710030
2000-11-22,25.289412235882356,25.53590477559955,24.278825759887695,24.278825759887695,16899224
2000-11-23,24.20486831665039,24.35275248624969,23.292890193712584,24.20486831665039,19500616
2000-11-24,24.352752685546875,24.500664114436564,23.859799392163914,24.352752685546875,6835778
2000-11-27,24.47601698405532,25.190807986392954,24.47601698405532,24.747159957885742,6581594
2000-11-28,24.697853640235927,24.895040881889827,24.2541760998707,24.57459259033203,11805570
2000-11-29,24.500663913928907,24.525316575710995,24.032333756775667,24.20486831665039,9959238
2000-11-30,23.88445280728866,24.106290428031507,23.564004535500988,23.662612915039062,8248248
2000-12-01,23.58866198803044,24.697857131491254,23.564009320263416,24.402061462402344,9928734
2000-12-04,24.204871402901848,24.549972367746772,23.95838109775867,24.081642150878906,7404170
2000-12-05,24.303481025230628,25.042926991632875,24.27883063056039,24.79643440246582,10561634
2000-12-06,25.240117776051672,25.634492344795095,25.141538898663804,25.535913467407227,12556324
2000-12-07,25.04292336453928,25.535906199965115,24.993618039325817,25.437297821044922,9756952
2000-12-08,25.4866048552086,25.930284706220913,25.4373017938018,25.683792114257812,13131262
2000-12-11,25.930283140734698,26.127470387879143,25.683790563653066,26.02886199951172,11430896
2000-12-12,26.127470387879143,26.226049246656167,25.831674752367277,26.02886199951172,13156098
2000-12-13,26.12746791495156,26.52184237191347,25.880975361200097,25.979583740234375,16807822
2000-12-14,25.782372207403466,25.83167754266654,25.042928468889265,25.33872413635254,20696902
2000-12-15,24.944346023807956,25.141533263986403,24.845737638924057,25.092227935791016,13899756
2000-12-18,25.24011319812962,25.88097800274622,25.190807867826756,25.78236961364746,9127518
2000-12-19,25.831674752367277,26.127470387879143,25.535908646445808,26.02886199951172,12570916
2000-12-20,25.83167266845703,26.1767713345591,25.782367342497437,25.83167266845703,17793442
2000-12-21,25.63448543722021,25.83167266845703,25.28941402919939,25.83167266845703,13219326
2000-12-22,25.979584103322274,26.127468280106275,25.782367342497437,25.83167266845703,8005948
2000-12-25,25.83167266845703,25.83167266845703,25.83167266845703,25.83167266845703,0
2000-12-26,25.83167266845703,25.83167266845703,25.83167266845703,25.83167266845703,0
2000-12-27,25.683788492027062,26.07816295450614,25.683788492027062,25.8809757232666,3549130
2000-12-28,25.930281240601968,26.226047324850132,25.8809759142778,26.078163146972656,4241888
2000-12-29,26.078163146972656,26.27535037966751,25.930281240601968,26.078163146972656,2133962
2001-01-01,26.078163146972656,26.078163146972656,26.078163146972656,26.078163146972656,0
2001-01-02,26.078163146972656,26.078163146972656,26.078163146972656,26.078163146972656,0
2001-01-03,25.437301800348287,25.78237098562162,25.240114541248328,25.634489059448242,13244824
2001-01-04,26.275354437007444,27.409204483032227,26.12747250780139,27.409204483032227,30436754
2001-01-05,27.21198633761356,27.90215648910541,27.064102144251553,27.507781982421875,31136554
2001-01-08,27.359894382605304,27.951456068977986,27.211982949574768,27.90215301513672,11327656
2001-01-09,27.655667976001915,27.85285525837543,27.261293411254883,27.261293411254883,16107376
2001-01-10,27.16270809512928,27.211983892597274,26.719030568330727,26.916217803955078,11691458
2001-01-11,26.817611317498784,27.113406956644003,26.521845207944324,26.96552276611328,10046396
2001-01-12,27.064099899184086,27.31059246356517,26.768333808501993,27.162708282470703,12769302
2001-01-15,27.16270809512928,27.4092006578103,26.916217803955078,26.916217803955078,7799270
2001-01-16,26.96552276611328,27.06410162610118,26.472539877401505,26.96552276611328,14060854
2001-01-17,27.11340559401166,27.754270369539377,27.11340559401166,27.557083129882812,11537958
2001-01-18,27.409199707953313,28.050034918579605,27.359894382605304,27.90215301513672,13051264
2001-01-19,28.000770948861625,28.09934983210073,27.754278310613515,27.951465606689453,10226656
2001-01-22,27.90215546759226,28.14864577188964,27.606389363203427,28.050037384033203,7651628
2001-01-23,27.90215546759226,28.14864577188964,27.606389363203427,28.050037384033203,6812888
2001-01-24,28.197950730033018,28.44444103108263,28.14864540100098,28.148645401000977,8432562
2001-01-25,28.14864540100098,28.296529587000332,28.00076348650854,28.148645401000977,5743344
2001-01-26,27.80358365278569,28.19795824493756,27.754278310613515,27.951465606689453,8577118
2001-01-29,27.902158511607233,28.49372031451219,27.902158511607233,28.197954177856445,8972006
2001-01-30,28.34583436219408,28.54302161766749,28.247255499253196,28.395139694213867,7120356
2001-01-31,28.543017977490926,28.592323303222656,28.395136072897127,28.592323303222656,6725660
2001-02-01,28.493718039929195,28.493718039929195,27.8035774230957,27.803577423095703,11073838
2001-02-02,27.95145645405439,28.444439297617084,27.902153399533898,28.296527862548828,7634632
2001-02-05,28.197954854619287,28.69090599923386,28.197954854619287,28.54302406311035,7646090
2001-02-06,28.592329016002342,28.74021095014312,28.148649140971806,28.641632080078125,7581218
2001-02-07,28.34583679074279,28.592329399354412,28.34583679074279,28.54302406311035,6654436
2001-02-08,28.54302026413491,28.54302026413491,27.951458525767006,28.050037384033203,8243960
2001-02-09,28.050044489928556,28.247261315602216,27.902162536024793,27.951465606689453,4584354
2001-02-12,27.902157876095227,28.099345139238988,27.211987690295672,27.409204483032227,9485740
2001-02-13,27.31059608666395,27.606391746175984,27.11340882352019,27.409204483032227,6135550
2001-02-14,27.26128330175127,27.31058862221299,26.866908883253025,27.113401412963867,7862540
2001-02-15,27.11340559401166,27.557083129882812,26.866913026290202,27.557083129882812,9931754
2001-02-16,27.359891671168192,27.458470511000392,26.866908883253025,27.113401412963867,11851380
2001-02-19,27.113407306604113,27.35989761838803,27.01482844534383,27.31059455871582,3857394
2001-02-20,27.31059420621056,27.507781455777117,26.866914376534623,26.96552276611328,5479700
2001-02-21,26.47253880688872,26.47253880688872,25.338720685882222,25.733095169067383,17817970
2001-02-22,25.190809161882388,26.32465918256457,24.94434837140948,26.127471923828125,13880254
2001-02-23,26.324662604894076,26.472544550020178,25.535913467407227,25.535913467407227,49426320
2001-02-26,25.782369766988683,26.521845236609064,25.68379090689424,26.423236846923828,7253840
2001-02-27,26.71903248206934,27.014828121486435,26.472539901733402,26.4725399017334,12525264
2001-02-28,26.324657812249054,26.817611168633675,26.226049423217773,26.226049423217773,8697014
2001-03-01,26.07816998127675,26.127475320522365,25.486608128161613,25.535913467407227,20842726
2001-03-02,25.387993661638586,25.683789282394425,24.648550039885798,25.14153289794922,17163164
2001-03-05,25.43729954188373,25.733095169067383,25.387994213334746,25.733095169067383,4427494
2001-03-06,25.88097815667392,26.57114829569819,25.831675097584796,26.423236846923828,7024670
2001-03-07,26.12747036987448,26.620423722600695,26.028861981575012,26.5218448638916,6817274
2001-03-08,26.669725603494385,27.01482655346898,26.472538365191895,26.866912841796875,6863506
2001-03-09,26.719032656349196,26.965522966785933,26.669727325439453,26.669727325439453,6838128
2001-03-12,26.423238089047846,26.52184648336854,25.63448905285101,25.683792114257812,8765666
2001-03-13,24.944344515206655,25.535906199965115,24.796430811072995,25.437297821044922,8819146
2001-03-14,25.683791434763155,25.831675628493112,23.66261583633682,24.895042419433594,21505828
2001-03-15,24.84573881785787,24.993620736857945,24.254177069252844,24.747159957885742,10345810
2001-03-16,24.94434162651439,24.94434162651439,23.711883544921875,23.711883544921875,16011802
2001-03-19,23.761192130593727,23.85980051164905,23.366817665548854,23.56400489807129,14248744
2001-03-20,23.785844621756812,24.1309137580257,23.76119195879453,23.909103393554688,7794330
2001-03-21,23.564007836603537,23.66261622995575,22.873867201505636,23.071054458618164,10531864
2001-03-22,22.405533961163513,22.578068528967478,21.09914953378081,21.39494514465332,14351670
2001-03-23,22.405536984371917,22.97244609010772,21.71536681893579,22.799911499023438,11845424
2001-03-26,23.366821388561664,24.45136610502862,23.218937187251253,24.056991577148438,8172030
2001-03-27,23.785844999152975,24.648549654607987,23.71188700909268,24.254175186157227,10793394
2001-03-28,24.62389660056151,24.62389660056151,23.465425876943442,23.909103393554688,8533344
2001-03-29,23.366820073851507,24.30348053630781,23.317514742488797,23.9830322265625,5589680
2001-03-30,23.90910264171981,24.623895826249566,23.859799588852376,24.5992431640625,7722858
2001-04-02,24.500665475582664,24.697852709808043,23.8844533810599,24.254175186157227,6389168
2001-04-03,23.958378796180057,24.05698717490197,23.391469775168254,23.465425491333008,6187768
2001-04-04,22.701303820446178,23.071055210091902,22.331579688886166,22.923141479492188,7963804
2001-04-05,22.82456052187004,23.391471865038273,22.750604799097843,23.218935012817383,6349978
2001-04-06,23.859804429526843,23.909107492396878,23.021750035544077,23.120328903198242,6990940
2001-04-09,22.898487130258946,23.81049481900504,22.898487130258946,23.662612915039062,4410040
2001-04-10,23.637959701769248,24.623895826249566,23.342164099631617,24.5992431640625,7395492
2001-04-11,24.599243393773776,25.68378790562329,24.352753113708516,25.289413452148438,10769478
2001-04-12,25.141531550245563,25.486600678885864,24.99361784724863,25.289413452148438,3245440
2001-04-13,25.289413452148438,25.289413452148438,25.289413452148438,25.289413452148438,0
2001-04-16,25.289413452148438,25.289413452148438,25.289413452148438,25.289413452148438,0
2001-04-17,24.944344323508137,25.289413452148438,24.426708829453624,25.289413452148438,6210422
2001-04-18,25.63448543722021,25.83167266845703,25.38799288002379,25.83167266845703,6225926
2001-04-19,26.22605078840028,26.32465918256457,25.634489012190958,26.127471923828125,12400276
2001-04-20,26.472537612362366,26.472537612362366,25.782367533136256,26.078163146972656,5130616
2001-04-23,25.28941880108946,25.634490274222223,25.240115737333582,25.33872413635254,7779690
2001-04-24,25.4373017938018,25.68379211425781,25.338722929073285,25.683792114257812,6529636
2001-04-25,25.38799229923306,25.683787904115505,25.19080507250721,25.240110397338867,4883026
2001-04-26,25.338720504164847,25.437299359459395,24.57459240645253,25.092227935791016,11628606
2001-04-27,24.845740023048414,25.683792120867732,24.64855276394846,25.634489059448242,8058674
2001-04-30,25.831674752367277,26.176773446309376,25.585182175285645,26.02886199951172,3616218
2001-05-01,26.028861999511722,26.028861999511722,26.028861999511722,26.02886199951172,0
2001-05-02,26.17677096871533,26.324655143432516,25.880975361200097,25.979583740234375,6212368
2001-05-03,26.028860701038887,26.078163757009595,24.89504033316409,25.14153289794922,8914594
2001-05-04,24.99361784578136,25.33871877549546,24.599243392329658,25.240110397338867,9754722
2001-05-07,25.48660087475165,25.585179724084277,25.387992495831455,25.437297821044922,3268686
2001-05-08,25.38799578921887,25.38799578921887,24.845739359331162,24.895042419433594,3833436
2001-05-09,24.747160154045257,24.747160154045257,24.352756122258224,24.500667572021484,5371038
2001-05-10,24.549977045548665,25.535913467407227,24.47602130818763,25.535913467407227,7524786
2001-05-11,25.240114043541723,25.58518322201068,25.042926788330078,25.042926788330078,5101542
2001-05-14,24.697857131491254,24.697857131491254,24.278832196175397,24.402061462402344,6825964
2001-05-15,24.303481143900104,25.5851835546434,24.254178082811823,25.486604690551758,12779854
2001-05-16,25.338722929073285,25.88097937330702,25.24011453475259,25.683792114257812,12850292
2001-05-17,26.127470194500553,26.42323629823295,26.028861806862967,26.324657440185547,13159244
2001-05-18,26.32465761688304,26.719032110900162,26.17677342827074,26.5218448638916,12925316
2001-05-21,26.62042579156432,26.817613053898455,26.078167066790055,26.76833724975586,5265508
2001-05-22,26.916219707077442,27.2119858166319,26.719032457510885,26.96552276611328,8552972
2001-05-23,26.916217989596458,27.162708282470703,26.768333808501993,27.162708282470703,3926976
2001-05-24,27.162708282470703,27.162708282470703,27.162708282470703,27.162708282470703,0
2001-05-25,27.113411480011365,27.409207168504583,27.014832603577418,27.211990356445312,5109532
2001-05-28,26.91622008530023,27.16271039736627,26.62042444199853,26.817611694335938,4222568
2001-05-29,26.768333802424173,26.916217983485062,26.57114656548459,26.62042236328125,4553166
2001-05-30,26.620424092400047,26.6697271514812,26.226049592904445,26.4725399017334,5726458
2001-05-31,26.22604959714415,26.57114829569819,25.979586546359155,26.423236846923828,6861114
2001-06-01,26.275350397317442,26.57114601135254,26.07816316449013,26.57114601135254,5074714
2001-06-04,26.57114601135254,26.57114601135254,26.57114601135254,26.57114601135254,0
2001-06-05,26.521845207944324,27.014828096656103,26.521845207944324,26.96552276611328,4332482
2001-06-06,26.669726598691007,26.866913844351657,26.275352107369706,26.373960494995117,6606912
2001-06-07,26.275352107369706,26.472539353030356,25.93028294561458,26.373960494995117,6344536
2001-06-08,26.37396087101121,26.472539730451896,25.979586374067274,26.226049423217773,5148662
2001-06-11,26.176774985156726,26.27535384972888,25.979587726420284,26.127471923828125,3581744
2001-06-12,26.028862496811467,26.12747088706287,24.944347381591797,24.944347381591797,8683082
2001-06-13,25.190807867826756,25.88097800274622,25.09222900831861,25.78236961364746,8187358
2001-06-14,25.486602416147907,25.733094984521742,25.092227935791016,25.092227935791016,7812642
2001-06-15,24.747159957885746,25.190807986392954,24.59924623778793,24.747159957885742,15893270
2001-06-18,24.697851541304065,24.747156865678196,24.500664316408002,24.5992431640625,3802724
2001-06-19,24.549971543451065,25.289415175969463,24.549971543451065,25.092227935791016,7096632
2001-06-20,24.89503840304992,24.993617249266425,24.549969282665533,24.697851181030273,5121720
2001-06-21,24.944347751043054,24.993621281554088,24.599246773889305,24.895042419433594,4705614
2001-06-22,25.092226223937953,25.33871877549546,24.99361784578136,25.240110397338867,6935480
2001-06-25,25.19080507250721,25.33871877549546,25.042923170613015,25.240110397338867,2917426
2001-06-26,25.042926445949472,25.14153483700295,24.254177435886465,24.64855194091797,10446248
2001-06-27,24.796433862153474,24.944347584487197,24.52532041381557,24.64855194091797,7659474
2001-06-28,24.648548717161315,25.33871877549546,24.451361490435463,25.240110397338867,7815902
2001-06-29,25.289412108201788,25.437296273752423,24.895037675685042,25.387990951538086,5725842
2001-07-02,25.04293049167996,25.535913467407227,24.993625152434348,25.535913467407227,4934204
2001-07-03,25.289413452148438,25.43729762555803,25.190805073986056,25.289413452148438,14029546
2001-07-04,25.240114043541723,25.33872243594335,24.84573953311843,25.042926788330078,4098154
2001-07-05,24.79643249626809,24.895040881889827,24.54997172714634,24.57459259033203,8085470
2001-07-06,24.402059389150594,24.5006677803335,24.155569076538086,24.155569076538086,8125186
2001-07-09,24.229522138368058,24.402056706502503,23.662613108040166,23.909103393554688,9487510
2001-07-10,24.056991791557977,24.303482120324606,23.711890793638823,23.81049919128418,5855716
2001-07-11,23.564008053659894,23.613311115036613,22.578071759015447,22.775259017944336,14938402
2001-07-12,23.465427762878164,23.613309679935707,23.169632127665754,23.588659286499023,7720932
2001-07-13,23.56401277795292,24.032343117523762,23.440781222136252,23.95838737487793,4939290
2001-07-16,23.90779234013191,24.14597569883726,23.77381207132279,24.056657791137695,3210728
2001-07-17,23.74404048956804,23.803585764011334,23.40164948275257,23.654720306396484,3631390
2001-07-18,23.65472212562974,23.77381495518211,22.86573695679721,23.02948760986328,8374998
2001-07-19,23.014602988448345,23.446311950683594,22.553119114467073,23.446311950683594,7591998
2001-07-20,23.252787398529527,23.297447496594355,22.821078417419056,22.85085105895996,6138318
2001-07-23,22.687102512126017,23.297452003570104,22.65732986482549,23.208131790161133,5837836
2001-07-24,23.059259054432914,23.148579239845276,22.62755012512207,22.62755012512207,4291856
2001-07-25,22.55312269210815,22.776420936584472,22.329824447631832,22.329824447631836,5801610
2001-07-26,22.240497734850226,22.88061963605145,22.002314373326275,22.791301727294922,10190938
2001-07-27,23.074149248755333,23.20812727127436,22.925283769731102,23.10392189025879,7105296
2001-07-30,22.95505532937866,23.32721900939941,22.95505532937866,23.327219009399414,3556424
2001-07-31,23.22301363329497,23.52074457731157,23.118808257190526,23.327219009399414,4405998
2001-08-01,23.29744851084553,23.550519382221037,23.267675868008478,23.312335968017578,2821054
2001-08-02,23.327218175173417,23.803587214262745,23.163467524724425,23.356990814208984,6210032
2001-08-03,23.297451554822338,23.446317059964972,23.059265837991184,23.089040756225586,5207098
2001-08-06,23.044381252641323,23.118814007157923,22.88062828410184,23.074153900146484,3052744
2001-08-07,23.074148286828798,23.26767385579389,22.925282814010547,23.193241119384766,3403652
2001-08-08,23.05926189528187,23.22301483154297,22.92528387216421,23.22301483154297,4392862
2001-08-09,22.940168385046345,23.074146390971904,22.76152801513672,22.76152801513672,5920962
2001-08-10,22.71687974752278,22.865745270713603,22.34471593954572,22.389373779296875,5957560
2001-08-13,22.419143251227315,22.50846118052477,21.942771875612642,22.12141227722168,6369384
2001-08-14,22.984825747129676,23.699380397982264,22.925280472686385,23.654720306396484,16141462
2001-08-15,23.58029383398134,23.967345035076143,23.41654315006217,23.818479537963867,10936838
2001-08-16,23.669606564942686,23.803584561424667,23.416535754084222,23.684494018554688,6968026
2001-08-17,23.61006834375881,23.773819024856216,23.40165528848869,23.520748138427734,56846012
2001-08-20,23.44631539115423,23.59518088570124,23.223017149333714,23.520748138427734,5015088
2001-08-21,23.52073950605633,24.04176854574745,23.356986613550866,23.997108459472656,5308766
2001-08-22,23.803589075830427,24.294845608609798,23.62495095613982,24.04177474975586,8509010
2001-08-23,24.11620271069883,24.160862799649568,23.922677172916618,24.13109016418457,4249024
2001-08-24,24.04177587844674,24.473484877258755,24.04177587844674,24.44371223449707,4013274
2001-08-27,24.50326461234956,24.96474634471612,24.42883185504778,24.652130126953125,4791686
2001-08-28,24.60745914614399,24.815869865905462,24.11620271069883,24.13109016418457,6710542
2001-08-29,24.145980870271774,24.20552842633152,23.77381716304962,23.89291000366211,7329898
2001-08-30,23.952457576762026,24.17575582243044,23.74404678940773,23.818479537963867,6494102
2001-08-31,23.63984187818264,24.294849170241427,23.550521669489502,24.23530387878418,6635034
2001-09-03,23.98222613035444,24.205524316776714,23.639835123538973,23.654720306396484,5175754
2001-09-04,23.892909141095508,24.175752639770508,23.63983828362205,24.175752639770508,6435430
2001-09-05,23.997115719439677,24.250186589551173,23.848250234490912,24.071548461914062,4870680
2001-09-06,24.175755311464982,24.175755311464982,23.297449805668833,23.401655197143555,7493896
2001-09-07,23.297446163279794,23.52074436931762,22.687096824840342,22.835962295532227,9706982
2001-09-10,22.62755473566678,22.67221483747281,21.674816497504718,22.225618362426758,12057808
2001-09-11,22.180957920411053,22.49357635675123,19.79911009003134,20.24570655822754,12986814
2001-09-12,19.65024460063261,21.40685782983907,19.069670100580396,20.24570655822754,17464372
2001-09-13,20.230815887451175,20.543434274138587,19.724674212488136,20.230815887451172,7657590
2001-09-14,20.09684042186625,20.677414903228463,19.08455467224121,19.08455467224121,23098302
2001-09-17,18.995236265350556,20.647642974459753,18.384887984513373,20.617870330810547,17124770
2001-09-18,20.26059406400584,20.811395921791053,20.06706847302533,20.617870330810547,12273642
2001-09-19,20.48389224986835,20.90071380297912,20.052180967707766,20.24570655822754,10312454
2001-09-20,20.245703985322606,20.662527756968846,19.412056442030128,19.456716537475586,11727074
2001-09-21,19.054779176936968,19.069666631771625,17.566124553738767,18.489089965820312,25473836
2001-09-24,19.263193107348496,20.245706230057028,19.06966979147272,20.067068099975586,11193954
2001-09-25,20.245706699353118,21.272877674761567,19.635357279960946,20.736963272094727,15674664
2001-09-26,20.692304934769478,21.749250915580053,20.647644829529664,21.243106842041016,12629024
2001-09-27,21.019802688246273,21.659924626350403,20.796504496222042,21.436626434326172,8130794
2001-09-28,21.868337102192044,22.508459091186523,21.793904365599822,22.508459091186523,13328710
2001-10-01,22.344709662112546,22.448915044769556,21.883225761265383,22.15118408203125,7407436
2001-10-02,22.151183533014997,22.151183533014997,21.094237732887585,21.734359741210938,11140460
2001-10-03,20.632757375829776,21.064466378878883,20.409459145664982,20.94537353515625,15398710
2001-10-04,21.451518864777533,21.764135043219273,21.332426013772835,21.58549690246582,10206592
2001-10-05,21.21332824230194,21.57060444093804,20.76673185825348,21.436626434326172,8723850
2001-10-08,20.826282895691865,21.124013900756836,20.46900659821682,21.124013900756836,7532252
2001-10-09,20.424340845419167,20.93048477697514,20.424340845419167,20.75184440612793,5951696
2001-10-10,20.617867096706057,21.094236134891776,20.52854690826203,21.034690856933594,6926974
2001-10-11,21.37708174568868,21.85345078079315,21.362194290542053,21.600379943847656,11542180
2001-10-12,21.719472284840215,22.03209069656999,21.55572162229689,21.734359741210938,6139378
2001-10-15,21.555719257707096,21.615264533644222,21.302648427714303,21.436626434326172,5010360
2001-10-16,21.55572149287963,22.032090564292687,21.4217412008683,21.868337631225586,5606534
2001-10-17,22.032093454996744,22.523350047146085,21.95766070683797,22.329824447631836,8791646
2001-10-18,21.883226054086123,22.58289337158203,21.74924802766391,22.58289337158203,7511688
2001-10-19,22.627553882407504,22.64244133961717,22.076752038255574,22.255390167236328,7186262
2001-10-22,22.25538658711092,22.568004966167994,22.032088393929204,22.493572235107422,4135690
2001-10-23,22.657324968932055,23.252786872302188,22.64243978425194,23.23790168762207,8108938
2001-10-24,23.20813134313382,23.699387964405982,23.014608003654267,23.089040756225586,6756898
2001-10-25,23.178359078631548,23.49097755318928,22.746650015201705,23.01460838317871,8379304
2001-10-26,23.223018437364942,23.53563690185547,23.11881303970387,23.53563690185547,4822082
2001-10-29,23.38677237771917,23.446317672729492,22.969948498124722,23.074153900146484,3621460
2001-10-30,22.70198249281658,22.746642584808693,21.64503682553197,22.448911666870117,5833918
2001-10-31,22.37448177474019,22.821078208281882,22.210728840505464,22.6126651763916,6045852
2001-11-01,22.419138095376365,22.86573445367863,22.419138095376365,22.791301727294922,4863578
2001-11-02,22.791310121782438,23.178359078631548,22.791310121782438,23.01460838317871,5004110
2001-11-05,23.28256327089731,23.55052162496283,23.252790625224975,23.490976333618164,5965834
2001-11-06,23.416541639351593,23.892910745076627,23.416541639351593,23.74404525756836,7672598
2001-11-07,23.77381762891004,23.95245575757578,23.654724785963865,23.937570571899414,7335426
2001-11-08,23.92268100903103,25.054059510174692,23.86313572855267,25.0093994140625,13170920
2001-11-09,24.756329444447115,24.800989542146237,24.413938390763075,24.547916412353516,8611514
2001-11-12,24.443705521168916,24.562798331014513,23.758925839692967,24.101314544677734,6257472
2001-11-13,23.878022218253818,24.667009721011198,23.878022218253818,24.59257698059082,10640742
2001-11-14,24.458601405961723,25.12849613683495,24.458601405961723,24.756332397460938,10224962
2001-11-15,24.920080856153184,25.30713201916677,24.875423028619075,25.202926635742188,8894352
2001-11-16,25.11360406533391,25.27735698918024,24.74144039432568,25.15826416015625,7518552
2001-11-19,25.143379448255786,25.33690503259814,25.083834162999842,25.128494262695312,7116268
2001-11-20,25.039171105538898,25.232696667020942,24.696780076994784,24.92007827758789,8569408
2001-11-21,24.93496831300255,25.336904661358506,24.890308213961447,25.202926635742188,10901210
2001-11-22,25.1731506579123,25.30712866577549,25.113603109912336,25.247583389282227,6426536
2001-11-23,25.27736021782358,25.336905504187825,25.098722087223777,25.173154830932617,6524766
2001-11-26,25.24758762805044,25.664409176496036,25.24758762805044,25.545318603515625,9557156
2001-11-27,25.58998093494386,25.88771196279199,25.366682664057763,25.64952850341797,11545666
2001-11-28,25.485770517245022,25.619750816331436,25.054061520371874,25.128494262695312,8084402
2001-11-29,24.800988552451273,25.113604680856188,24.667008264700453,24.89030647277832,5560356
2001-11-30,24.860533384737252,24.860533384737252,24.2799589627982,24.33950424194336,11346444
2001-12-03,24.02688620575244,24.339504604690646,23.982228381481406,24.265071868896484,5812096
2001-12-04,24.26507182055009,24.949853897094723,24.26507182055009,24.949853897094727,6413554
2001-12-05,25.098724908911464,25.753732218584677,25.098724908911464,25.70907211303711,6959438
2001-12-06,25.738841041431748,25.977026722273155,25.530430274325767,25.828161239624023,6413540
2001-12-07,25.828161239624023,26.111004748054572,25.75372849829946,25.828161239624023,6598422
2001-12-10,25.84304785955494,25.932365783347624,25.753727664255333,25.857933044433594,4852102
2001-12-11,25.75372923698978,25.81327452315456,25.500658363528867,25.679296493530273,6135810
2001-12-12,25.6197544700258,25.93237066946298,25.485774151832135,25.515546798706055,5619162
2001-12-13,25.38156737720265,25.75373112173641,25.3071346282959,25.3071346282959,5621100
2001-12-14,25.18804038875117,25.292245777181055,24.964742154326945,25.098722457885742,5795232
2001-12-17,25.113606601305833,25.90259411781659,25.113606601305833,25.694183349609375,6738604
2001-12-18,25.247589756892978,25.292247589772582,24.235303900655367,24.607467651367188,21250428
2001-12-19,24.354395567083724,24.428828313594973,24.056664581038728,24.086437225341797,11770228
2001-12-20,24.235299228880187,24.547915356311567,24.041773661514004,24.265071868896484,19894586
2001-12-21,24.13109939588285,24.94985967768445,24.101324477520546,24.77121925354004,14161450
2001-12-24,24.77121925354004,24.77121925354004,24.77121925354004,24.77121925354004,0
2001-12-25,24.77121925354004,24.77121925354004,24.77121925354004,24.77121925354004,0
2001-12-26,24.77121925354004,24.77121925354004,24.77121925354004,24.77121925354004,0
2001-12-27,24.81587703337581,25.188040762945054,24.81587703337581,25.024290084838867,3977004
2001-12-28,25.024286632740584,25.217809928214358,24.830761065759983,24.949853897094727,2298366
2001-12-31,24.949853897094723,24.949853897094723,24.949853897094723,24.949853897094727,0
2002-01-01,24.949853897094723,24.949853897094723,24.949853897094723,24.949853897094727,0
2002-01-02,24.726557172883535,25.11360605854727,24.413938755822056,24.47348403930664,4694286
2002-01-03,24.637241363525394,24.786106870253644,24.38417045638884,24.63724136352539,5052160
2002-01-04,24.681901312975185,25.039177618249305,24.66701385379403,24.77121925354004,4860036
2002-01-07,24.90519465934921,25.202925612188995,24.74144172668457,24.74144172668457,6536020
2002-01-08,24.577692401068067,24.711670428523515,24.503259658813477,24.503259658813477,6090600
2002-01-09,24.413938005722134,24.815874335661306,24.32461781173259,24.800989151000977,7441638
2002-01-10,24.667009721011198,24.845647843718705,24.50325905499055,24.59257698059082,5142288
2002-01-11,24.63723068327206,25.068939557034998,24.592570596312285,24.9945068359375,4976154
2002-01-14,24.77121669810447,24.83076425717871,24.384167785903937,24.4139404296875,5101948
2002-01-15,24.354392060452213,24.503257532040532,24.041773661514004,24.265071868896484,5959574
2002-01-16,24.235302055396005,24.235302055396005,23.758932945056745,23.803590774536133,6005638
2002-01-17,23.74403838664736,24.250179989108126,23.699378299016963,24.101314544677734,6568794
2002-01-18,24.399052730336983,24.399052730336983,23.744045487558886,23.803590774536133,9342150
2002-01-21,23.75893351351068,23.75893351351068,23.31233703597482,23.34210968017578,5635810
2002-01-22,23.31233735466479,23.878024416737688,23.267677251999253,23.520748138427734,7305068
2002-01-23,23.580290571117878,23.61006548362608,23.237901792342612,23.431425094604492,7143390
2002-01-24,23.55051765010033,23.93756879303585,23.535632465530117,23.878021240234375,6702136
2002-01-25,23.96734046936035,24.041773203737247,23.744042266229666,23.96734046936035,4402860
2002-01-28,24.056661117275567,24.324617148929082,24.056661117275567,24.265071868896484,6334260
2002-01-29,24.324613636753597,24.384161179695088,23.684494018554688,23.684494018554688,5385392
2002-01-30,23.297451939011037,23.297451939011037,22.53823694166076,23.01460838317871,12787330
2002-01-31,23.074153900146484,23.43143021322321,22.86574309610296,23.074153900146484,6995940
2002-02-01,23.089038888705247,23.5356353680109,23.089038888705247,23.46120262145996,6238178
2002-02-04,23.416542340832528,23.416542340832528,22.523349389025878,22.597782135009766,6907622
2002-02-05,22.2851619720459,22.419142267373008,21.82368034549332,22.2851619720459,9479980
2002-02-06,22.21072881548404,22.43402703200333,21.63015436113665,21.734359741210938,8952606
2002-02-07,21.511060077704933,22.538230895996094,21.511060077704933,22.538230895996094,8229140
2002-02-08,22.493573530146346,22.880622391041154,22.344708059454465,22.835962295532227,5563774
2002-02-11,23.074148802080455,23.163468996368685,22.642439829870096,22.806190490722656,4203696
2002-02-12,22.88062632970531,22.925286432902016,22.180958951314288,22.329824447631836,5678550
2002-02-13,22.359593580730273,22.999715568657717,22.19584292340446,22.940170288085938,6742920
2002-02-14,23.342105954895786,24.22041131194044,23.342105954895786,23.96734046936035,15621806
2002-02-15,23.9673425796962,24.324618827560926,23.90779729555441,24.205528259277344,10444810
2002-02-18,24.145980024987917,24.19064012259255,23.788703787164703,23.92268180847168,5105934
2002-02-19,23.81847565092005,23.81847565092005,23.11880838297564,23.193241119384766,9006022
2002-02-20,23.267679516191127,23.28256470419001,22.627557373046873,23.074153900146484,9878126
2002-02-21,23.44631100282244,23.624949108542594,23.163467524724425,23.356990814208984,8440070
2002-02-22,23.22301472777956,23.34210756530033,22.821078388715534,23.10392189025879,10014574
2002-02-25,23.237903455139218,23.37188148498535,22.85085227990606,23.37188148498535,6169334
2002-02-26,23.550517364220642,23.833363125703713,22.9103953762932,22.940170288085938,9356066
2002-02-27,23.07414816128667,23.386766561106835,22.984827969478953,23.327219009399414,6403980
2002-02-28,23.208129231018457,23.550520315987807,22.955058349608812,23.47608757019043,6547004
2002-03-01,23.43142626410338,23.773817331474824,23.43142626410338,23.580291748046875,6098344
2002-03-04,23.833370852984608,24.30974006652832,23.729163170937397,24.30974006652832,10467956
2002-03-05,24.39905801634475,24.51815088760757,24.190647195265495,24.30974006652832,12527470
2002-03-06,24.265073974995982,24.637237686268925,24.175753775687664,24.503259658813477,9418322
2002-03-07,24.681897279884982,24.905195502070598,24.57769189716642,24.711669921875,7988482
2002-03-08,24.607465887851028,25.143380287564906,24.533033143042953,25.098722457885742,8398122
2002-03-11,24.99451516926762,25.15826811888094,24.90519723707528,25.024290084838867,6415000
2002-03-12,24.979624027764917,24.979624027764917,24.622345569650516,24.78609848022461,6148994
2002-03-13,24.84565347873177,24.86054093879512,24.607470018270558,24.652130126953125,6718876
2002-03-14,24.592577916558756,24.771216046065046,24.592577916558756,24.68189811706543,5896214
2002-03-15,24.830766976573592,24.890312270661944,24.458603209752965,24.63724136352539,12146740
2002-03-18,24.69678077869334,25.00939917700868,24.681895594468266,24.949853897094727,7352150
2002-03-19,24.890302891509965,25.03916834214281,24.845642802018812,24.875417709350586,5082160
2002-03-20,24.845648048461737,24.96474088841713,24.681897381091687,24.83076286315918,6118068
2002-03-21,24.711669921875,25.024288341537655,24.681897279884982,24.711669921875,6736454
2002-03-22,24.711673959830136,24.905199571648346,24.681901312975185,24.77121925354004,5626864
2002-03-25,24.86054093879512,24.96474634471612,24.652130126953125,24.652130126953125,5468248
2002-03-26,24.533031798427903,24.905195502070598,24.413938958960845,24.711669921875,8316998
2002-03-27,24.756330528177674,24.815875813378536,24.503259658813477,24.503259658813477,8052738
2002-03-28,24.59258255820721,24.830768290175904,24.562809909587994,24.652130126953125,5083168
2002-03-29,24.652130126953125,24.652130126953125,24.652130126953125,24.652130126953125,0
2002-04-01,24.652130126953125,24.652130126953125,24.652130126953125,24.652130126953125,0
2002-04-02,24.741441597838982,24.845646976488855,24.577690937534005,24.800989151000977,7049144
2002-04-03,24.81587242366851,25.128490807038663,24.7563271466012,25.054058074951172,7012810
2002-04-04,25.009399778451492,25.173152709413152,24.87542175966968,24.934967041015625,7990178
2002-04-05,24.905194400342655,25.02428723454142,24.84564684748983,24.934967041015625,4433710
2002-04-08,24.890307942272326,24.890307942272326,24.518144240170447,24.59257698059082,7131208
2002-04-09,24.726556413178653,24.800989151000973,24.533030840539233,24.800989151000977,6184048
2002-04-10,24.800989151000973,24.94985462664562,24.592576122194334,24.800989151000977,6912110
2002-04-11,24.771215103298328,24.86053530040557,24.518144240170447,24.59257698059082,9685736
2002-04-12,24.56281099826958,24.652131219593596,24.041781674063863,24.30974006652832,10973930
2002-04-15,24.35439420736076,24.473484777924124,24.175753808501653,24.32461929321289,6791524
2002-04-16,24.413940058653115,24.607465647565807,24.32461985715277,24.488372802734375,7466922
2002-04-17,24.592576877782776,24.66700961789199,24.369278657455133,24.47348403930664,6332254
2002-04-18,24.443713073471063,24.547918462467084,24.250187481617235,24.4139404296875,4683536
2002-04-19,24.384167690913166,24.399052876993405,24.19064209981324,24.29484748840332,4867046
2002-04-22,24.22041390821643,24.324619293212887,24.145981165860814,24.32461929321289,3810444
2002-04-23,24.27996826171875,24.41394632686065,23.982237208952156,24.27996826171875,6722946
2002-04-24,24.190640096124735,24.32461811728512,24.026887162255893,24.175752639770508,4567872
2002-04-25,24.041774671782484,24.071547313049873,23.53563295571615,23.66961097717285,8626186
2002-04-26,23.595182565107606,23.669615317678925,22.98483308541987,23.089040756225586,11606830
2002-04-29,22.999717767071573,23.446314228568106,22.82107963677437,23.37188148498535,5378452
2002-04-30,23.19324516015116,23.401655949803654,23.133697597745275,23.252790451049805,4643386
2002-05-01,23.252790451049805,23.252790451049805,23.252790451049805,23.252790451049805,0
2002-05-02,23.312336994056032,23.40165492649831,22.95505844976549,22.969945907592773,8190500
2002-05-03,22.95505747362172,23.19324315968678,22.925284830740353,23.133695602416992,5918190
2002-05-06,23.133692023677508,23.178352116844252,22.835961097908136,22.86573600769043,3277226
2002-05-07,22.523350047146085,22.523350047146085,22.106526203155514,22.329824447631836,10538104
2002-05-08,22.434027334887872,23.282560114815936,22.40425469325139,23.22301483154297,10069524
2002-05-09,23.312335027959374,23.461200507648755,23.163469548269997,23.22301483154297,2443918
2002-05-10,23.089041136977468,23.14858643141352,22.92528817001725,23.01460838317871,4406488
2002-05-13,22.925284830740353,23.133695602416992,22.657326501793925,23.133695602416992,6185506
2002-05-14,23.71427414428672,23.90779974483412,23.4612032534973,23.818479537963867,13382762
2002-05-15,23.937572729649798,24.413941872867717,23.758934584881484,24.369281768798828,11264314
2002-05-16,24.369278657455133,24.56280423604048,24.220413177236708,24.47348403930664,7731738
2002-05-17,24.63723554786729,24.63723554786729,24.25018441313492,24.265071868896484,8208988
2002-05-20,24.38416097289678,24.38416097289678,24.07154262174809,24.13109016418457,1830014
2002-05-21,24.10132120326054,24.384166988725237,23.982230632019657,24.190641403198242,7115900
2002-05-22,24.026881093153737,24.25017925302136,23.95244837319786,23.997108459472656,7017124
2002-05-23,23.952456548474405,24.250187529917255,23.922683904631544,24.160869598388672,6953886
2002-05-24,24.265067442153732,24.30972752978413,23.982224006338555,24.101314544677734,4742774
2002-05-27,23.98223003648514,24.35439374113881,23.9673425796962,24.205528259277344,3924316
2002-05-28,24.250186589551173,24.38416688890928,24.056663276323405,24.071548461914062,5407796
2002-05-29,23.982231690851684,24.22041511535645,23.937571588911055,24.220415115356445,6783118
2002-05-30,24.131096954545814,24.205529699906524,23.937571362306535,24.160869598388672,6118648
2002-05-31,24.116210043430296,24.54791906770365,24.116210043430296,24.3990535736084,6814310
2002-06-03,24.354395742585563,24.533033881198428,24.309735640055553,24.3990535736084,4430586
2002-06-04,24.2352997425226,24.25018492709281,23.878021240234375,23.878021240234375,8707106
2002-06-05,24.041773552275323,24.235299118762185,23.937568176938342,24.145978927612305,6999842
2002-06-06,24.190639023187245,24.458597325130068,24.145978927612305,24.145978927612305,7174316
2002-06-07,23.81847889630162,23.848251540620566,23.23790438180713,23.46120262145996,13444520
2002-06-10,23.520746739383984,23.69938486791334,23.282561053673483,23.312335968017578,7526474
2002-06-11,23.312337756385023,23.87802482820589,23.19324490439376,23.818479537963867,10198804
2002-06-12,23.461202757634233,23.654726082584208,23.297449805668833,23.401655197143555,9865774
2002-06-13,23.46120032539126,23.56540570606292,22.627552737004123,22.73175811767578,10887602
2002-06-14,22.52334725258742,22.6126651763916,22.091636003926293,22.6126651763916,12432560
2002-06-17,22.627554861816975,23.446315070632718,22.627554861816975,23.34210968017578,8514038
2002-06-18,23.431429043547897,23.44631650231101,22.761534286339014,22.9252872467041,10063646
2002-06-19,22.65732742319402,22.74664762697754,22.28516369327458,22.597782135009766,9644032
2002-06-20,22.374485132416563,22.58289592407554,21.89811598611942,21.942773818969727,10670048
2002-06-21,21.704587099976415,22.329821651929045,21.451516242222603,21.734359741210938,16412124
2002-06-24,21.70458595971182,21.8683366136524,20.70718776595934,20.900711059570312,14160438
2002-06-25,21.3473087462135,21.58549442083933,21.079352701643113,21.421741485595703,12124338
2002-06-26,20.349912545464875,20.90071441815053,20.08195420235891,20.78162384033203,15316752
2002-06-27,21.12401542451697,21.421746451058475,20.632761047929453,21.198448181152344,13031232
2002-06-28,21.57060721148888,22.2851619720459,21.49617447125392,22.2851619720459,10629164
2002-07-01,22.061863051938957,22.612664857914833,21.898112391517422,22.18095588684082,10686702
2002-07-02,21.808796223123853,21.838568869468293,21.451519923975944,21.615270614624023,8452548
2002-07-03,21.689702035957307,21.793907427525337,20.602983474731445,20.602983474731445,12316178
2002-07-04,20.915598142089497,21.19844162117341,20.617867207682526,21.153783798217773,6458788
2002-07-05,21.525946618482028,22.44891202449364,21.43662643307488,22.374479293823242,12266630
2002-07-08,21.734358532408788,22.28516031488765,21.689698437287408,22.09163475036621,7525110
2002-07-09,22.166067976837176,22.37448100152514,21.764131654841115,21.883224487304688,7250730
2002-07-10,21.57060444093804,21.734357357025146,21.377081158389046,21.436626434326172,8201416
2002-07-11,20.900711072891347,21.049576542845006,20.602980132984023,20.647640228271484,9855208
2002-07-12,21.00492193459515,21.198445257954912,20.379685047870165,20.91560173034668,6951762
2002-07-15,20.707189597227792,20.975145649465215,19.650243759155273,19.650243759155273,9299380
2002-07-16,20.0224093189451,20.111729525625066,18.697506170317716,19.531152725219727,19406158
2002-07-17,19.352512301398384,20.48389085223676,19.233419463703775,19.858654022216797,17206514
2002-07-18,19.933088396435753,20.394572328530913,19.724677617009824,20.052181243896484,7949910
2002-07-19,19.531151984816006,19.709790119896752,19.05478286743164,19.05478286743164,9645342
2002-07-22,18.905915920551006,18.980348660395695,17.372601025449022,17.417261123657227,19056742
2002-07-23,17.86385882557424,18.10204338276452,16.583615836892132,16.91111946105957,15020968
2002-07-24,16.434747275074727,17.134414494009285,15.601100912837943,17.045095443725586,17908900
2002-07-25,17.83408696820373,18.62307341967045,17.581014942230418,18.533754348754883,14282966
2002-07-26,18.236022666096687,19.05478286743164,17.982951785440036,19.05478286743164,10573494
2002-07-29,19.218537761337497,20.320141598747224,19.144105008228532,20.171276092529297,10823556
2002-07-30,20.39457465612863,20.39457465612863,19.650247113934153,19.977750778198242,8204240
2002-07-31,20.11172818708693,20.33502641741799,19.12921506502744,19.44183349609375,10209802
2002-08-01,19.575811549441095,19.72467703650909,18.637958526611328,18.637958526611328,5263834
2002-08-02,18.697503999339002,18.99523495835954,17.804311122277394,18.072269439697266,10636666
2002-08-05,17.834084285418438,18.072268817281,17.491693240035517,17.685218811035156,8550104
2002-08-06,17.238624329680988,19.337626392017228,17.059985058846678,19.05478286743164,12088150
2002-08-07,18.92080161275096,19.680015306792235,18.548637925892155,18.56352424621582,9438564
2002-08-08,18.90591737627983,19.412059137593133,18.727279241199085,19.05478286743164,9033738
2002-08-09,19.248306254062268,19.56092238674591,18.712389638737637,19.50137710571289,6974802
2002-08-12,19.322740652282437,19.48649132495431,18.90591683469638,19.44183349609375,4268180
2002-08-13,20.245705991060092,20.335026190799937,19.888429735114787,20.081953048706055,11266688
2002-08-14,19.739563354472192,20.379683094711883,19.665130615234375,19.665130615234375,9492594
2002-08-15,20.096841703396912,20.677416221781066,20.096841703396912,20.602983474731445,7967096
2002-08-16,20.49877357610328,20.900709867496154,20.379680752707365,20.75184440612793,9207548
2002-08-19,20.617871179251836,21.630157005530986,20.5434384313123,21.58549690246582,8435498
2002-08-20,21.451516398554137,21.82368009546516,21.272876006831297,21.421741485595703,8360238
2002-08-21,21.436627853650787,21.942769547148146,21.243102286781742,21.645038604736328,7601972
2002-08-22,21.65993088719774,21.853456497192383,21.391972525013415,21.853456497192383,6673576
2002-08-23,21.749247197581656,21.883225218890463,21.496174068320922,21.734359741210938,6139066
2002-08-26,21.615265980407635,21.86833682733909,21.3919677734375,21.3919677734375,5344246
2002-08-27,21.37708583747741,21.95766035521584,21.332425734995873,21.779022216796875,6520496
2002-08-28,21.52595115919453,21.585496447688744,20.856056441852466,20.91560173034668,8772478
2002-08-29,20.88583082522518,20.900716012834618,20.364801557240625,20.677417755126953,7855376
2002-08-30,20.677415891065642,21.257992671671197,20.677415891065642,21.049579620361328,6290456
2002-09-02,20.900711550604697,20.960259102851282,20.46900258647452,20.69230079650879,4704302
2002-09-03,20.483891372691936,20.573209299602077,19.590698474548514,19.650243759155273,11459468
2002-09-04,19.44183004142764,19.620468139648438,18.980346205476145,19.620468139648438,9720776
2002-09-05,19.784223143469593,19.784223143469593,19.025010490831605,19.486492156982422,7551256
2002-09-06,19.41205629154903,20.052178263953554,19.29296573329341,20.02240562438965,6226190
2002-09-09,19.962858676809947,19.962858676809947,19.54603494323211,19.82887840270996,3767532
2002-09-10,20.022404667427004,20.498773692201997,19.918199298180394,20.364795684814453,5509204
2002-09-11,20.439233514991635,21.094240803526656,20.275480557104252,21.00492286682129,6096096
2002-09-12,20.82628230985345,20.82628230985345,20.096842276566168,20.141502380371094,5945976
2002-09-13,19.87354382214997,20.12661471240025,19.27808183496945,19.531152725219727,7441714
2002-09-16,19.650246130143977,19.88843184032439,19.30785502357486,19.69490623474121,5093306
2002-09-17,20.186158201897715,20.36479630771402,19.57580887955969,19.590696334838867,6985820
2002-09-18,19.20364693367002,19.2483070320032,18.34022669475401,18.444433212280273,12960134
2002-09-19,18.474205846829506,18.637957647731817,17.834084964074382,18.042495727539062,12263532
2002-09-20,17.68522292744601,18.533755874633787,17.59590271342313,17.863861083984375,14442194
2002-09-23,17.819198991671843,18.429548419309707,16.94089349483408,17.119531631469727,11433210
2002-09-24,17.164187913629203,17.566124199485596,16.390086843725303,17.37259864807129,14204518
2002-09-25,17.119529096386103,18.206247484631973,16.777138060157018,17.64055824279785,12410068
2002-09-26,17.83408424747246,18.84636878967285,17.83408424747246,18.84636878967285,10463724
2002-09-27,18.77193820709249,19.173875714654514,18.593300072011743,19.05478286743164,8801744
2002-09-30,18.236019671080992,18.3699988182641,17.58101139043843,18.250905990600586,10183864
2002-10-01,18.250904970436096,18.59329597901515,17.81919491397873,17.93828773498535,7729920
2002-10-02,18.355111424799052,18.593295930436682,18.027606735763165,18.47420310974121,8201846
2002-10-03,18.236023544159774,18.459321791639283,17.804313371882003,17.997838973999023,9590130
2002-10-04,17.789423014550998,17.878742066134475,16.166789223729985,16.598499298095703,19543272
2002-10-07,16.256110489262692,16.285884267681038,15.496896743774412,15.496896743774414,11958838
2002-10-08,15.556439796603774,16.10724151691906,15.169389846996824,15.199162483215332,14176514
2002-10-09,15.586217390525382,15.898835849024527,14.88654999505906,15.630877494812012,14060786
2002-10-10,15.348028391055017,16.404972908708043,15.080071249880712,16.375200271606445,14302526
2002-10-11,16.553837733805967,17.774535116179504,16.553837733805967,17.714988708496094,12764332
2002-10-14,17.581015387633517,17.89363271163475,17.134418885987852,17.43214988708496,7329014
2002-10-15,17.59590271342313,18.995238725485976,17.59590271342313,18.9803524017334,13146252
2002-10-16,18.60818553901352,19.78422195647636,18.384887312545356,19.33762550354004,16301796
2002-10-17,19.59069843956633,20.15638545684144,19.501378241308682,19.9033145904541,11735188
2002-10-18,19.858657027508674,20.409461201263326,19.620473587581124,20.1861629486084,11616934
2002-10-21,19.992632505147814,20.3796813532058,19.78421949018729,20.230815887451172,6568924
2002-10-22,20.379684590083556,20.469004792325634,20.06706842525048,20.24570655822754,7516874
2002-10-23,20.42434319255596,20.498775931793777,19.486490223858063,19.665130615234375,9823604
2002-10-24,19.947974624835993,20.677414579380184,19.739563858253934,20.335025787353516,8778620
2002-10-25,20.052184063320915,20.57321335665186,19.843773254591518,20.513668060302734,7354086
2002-10-28,20.751847758014673,20.945373343353406,20.617869729745497,20.63275718688965,9141380
2002-10-29,20.43922719188021,20.70718546211482,19.724672561756766,19.784217834472656,6802656
2002-10-30,20.067069378171826,20.72207665402762,19.81399848847787,20.707191467285156,7003334
2002-10-31,20.573209818214927,20.94537353515625,20.424344331438398,20.94537353515625,8811654
2002-11-01,20.93048848966242,20.93048848966242,20.32013908118516,20.8113956451416,6183820
2002-11-04,21.004917619905864,21.68969738295504,20.930484888823994,21.55571937561035,9891520
2002-11-05,21.39196634161999,21.496171710263297,21.019802688246273,21.436626434326172,7636322
2002-11-06,21.585497160968234,21.65992990979916,20.945375066720835,21.019807815551758,7753392
2002-11-07,21.183556828707385,21.377082393948506,20.647640228271484,20.647640228271484,7519870
2002-11-08,20.424343241462324,20.75184684059155,20.215932479700164,20.29036521911621,6255562
2002-11-11,20.11172870871612,20.171273996412644,19.78422281186387,19.933088302612305,6366860
2002-11-12,20.18616355175403,20.30525413952249,19.739567033100247,20.171276092529297,11807914
2002-11-13,19.992635680551114,20.379684590083556,19.992635680551114,20.24570655822754,5720640
2002-11-14,20.096838903084077,20.975144287282784,20.05217880677585,20.69230079650879,8468006
2002-11-15,20.900715200070817,21.16867355320142,20.870942554502363,21.00492286682129,6780718
2002-11-18,21.25799467278221,21.30265477880318,20.751850590390166,20.796510696411133,4954796
2002-11-19,20.588097413480227,20.870940931648473,20.52854985546628,20.8113956451416,4790446
2002-11-20,21.019804110698498,21.391967789257276,20.588095152173043,21.138896942138672,6917024
2002-11-21,21.451518077271977,22.09163786884683,21.451518077271977,21.9874324798584,10529682
2002-11-22,22.091637687698608,22.314935921488715,21.95765965602738,22.300050735473633,8005522
2002-11-25,22.3298250501891,22.478690550523694,22.076754153921744,22.314937591552734,7742460
2002-11-26,22.30005247009358,22.389370407653,21.942773905334068,22.061866760253906,6081740
2002-11-27,21.883225956384333,22.627553369866792,21.838565857273984,22.46380043029785,8104968
2002-11-28,22.49357344783402,22.657324102091778,22.195842507539762,22.21072769165039,5838934
2002-11-29,22.225617524324043,22.374483010392513,22.13629732408014,22.255390167236328,5239594
2002-12-02,22.285161477057983,22.701985267416855,22.225616194795393,22.41914176940918,6683740
2002-12-03,22.285158504780295,22.374478687768036,21.853449587188305,21.95765495300293,8212422
2002-12-04,21.80879491607983,21.883227663233686,21.332425788596588,21.525951385498047,8952600
2002-12-05,21.51106001090343,22.01720169079257,21.153783798217773,21.153783798217773,7616350
2002-12-06,21.28776252356003,21.466400635889933,20.841166106981845,21.25798988342285,7122552
2002-12-09,21.287765694082168,21.49617647758919,20.91560195817164,20.975147247314453,5183284
2002-12-10,20.990031579174573,21.27287506773802,20.841166106981845,21.25798988342285,4968228
2002-12-11,21.36219524264748,21.749246378643132,21.347307786837327,21.51106071472168,7779866
2002-12-12,21.451519909324375,21.600385412452216,20.900715730545528,21.243106842041016,6916210
2002-12-13,21.094238613133477,21.302651653485878,20.81139510234231,21.272876739501953,6967406
2002-12-16,21.109124960879743,21.868337525927295,21.109124960879743,21.674814224243164,7223886
2002-12-17,21.76413657634671,21.82368414179736,21.21333465709553,21.28776741027832,7988998
2002-12-18,21.287766165644534,21.496176953768234,20.91560242148991,21.019807815551758,6612920
2002-12-19,21.138899220173435,21.496175481489033,20.870940888433203,21.06446647644043,8874016
2002-12-20,20.990033033435278,21.198443800341764,20.826280094075184,20.96026039123535,12271468
2002-12-23,20.945371776714694,21.138897347578403,20.55832290649414,20.55832290649414,3615314
2002-12-24,20.55832290649414,20.55832290649414,20.55832290649414,20.55832290649414,0
2002-12-25,20.55832290649414,20.55832290649414,20.55832290649414,20.55832290649414,0
2002-12-26,20.55832290649414,20.55832290649414,20.55832290649414,20.55832290649414,0
2002-12-27,20.33502317381466,20.37968099555193,19.739561321246228,19.79910659790039,3916826
2002-12-30,19.82888254438683,20.439231953700034,19.769337257798405,20.00752067565918,3170488
2002-12-31,20.00752067565918,20.00752067565918,20.00752067565918,20.00752067565918,0
2003-01-01,20.00752067565918,20.00752067565918,20.00752067565918,20.00752067565918,0
2003-01-02,20.00752067565918,20.00752067565918,20.00752067565918,20.00752067565918,0
2003-01-03,20.662527994651942,21.28776252356003,20.57320780273357,21.25798988342285,7331224
2003-01-06,21.302651386508717,21.54083479484596,21.064465706664485,21.466402053833008,6449986
2003-01-07,21.570611964329228,21.570611964329228,20.930492074470962,21.198448181152344,6423456
2003-01-08,21.004919545897092,21.12401010934243,20.78162133217674,20.870939254760742,5504570
2003-01-09,20.751848087127655,20.841168288395036,20.32013908118516,20.8113956451416,8795772
2003-01-10,20.900711895622077,21.06446482761976,20.647641041040394,20.870939254760742,6622066
2003-01-13,21.049577478069235,21.28776314918031,20.76673398119338,20.990032196044922,6959090
2003-01-14,20.975148482109446,21.317539593604934,20.930490648376942,21.243106842041016,5613778
2003-01-15,21.272877816184035,21.436630765355574,21.183559884232665,21.228219985961914,2461236
2003-01-16,20.990032486293625,21.094237867030575,20.49877595252579,20.54343605041504,6380332
2003-01-17,20.841168316939598,20.841168316939598,19.918202745776544,20.00752067565918,8851650
2003-01-20,20.081950317204104,20.17127050479482,19.575808644874677,19.605581283569336,7204606
2003-01-21,19.769334703636602,20.052178185649378,19.099440094284127,19.144100189208984,10812134
2003-01-22,19.14409986097751,19.173872499914687,18.250905928068235,18.28067970275879,14390512
2003-01-23,18.518866695304126,18.78682388879314,17.997837494029714,18.295568466186523,13867576
2003-01-24,18.31045683553396,18.652847946109635,17.982953183834002,18.012725830078125,9256156
2003-01-27,17.938289183604567,18.14670106931995,17.372599941770446,17.64055824279785,10556152
2003-01-28,17.84897067057998,18.057382562624756,17.357714149028258,17.655445098876953,10665036
2003-01-29,17.536352334344585,17.62567138671875,17.074868481530224,17.62567138671875,10855150
2003-01-30,17.774538907929113,18.34022706221368,17.714992487542975,17.968063354492188,10980850
2003-01-31,17.64055914418477,17.78942462219477,17.491693666174772,17.581012725830078,10443562
2003-02-03,17.74476747086641,18.221137761047938,17.74476747086641,18.012725830078125,6527228
2003-02-04,17.893630204361845,17.968062944206533,17.372601025449022,17.417261123657227,7636614
2003-02-05,17.417261815406803,17.923404693603516,17.327942751196446,17.923404693603516,9610836
2003-02-06,17.729875367344423,18.206245502216913,17.268392686493947,17.38748550415039,7944052
2003-02-07,17.37259690017313,17.58100874939973,17.074866011493192,17.208845138549805,5645046
2003-02-10,17.268396864721765,17.342829609828325,16.64316226012809,16.91111946105957,6602892
2003-02-11,17.104644530443064,17.521467208862305,17.000438009023114,17.521467208862305,6997038
2003-02-12,17.32794088519385,17.417259939785662,16.940890891460405,17.268394470214844,6494954
2003-02-13,17.119530851859196,17.714992794532556,17.015325466192763,17.521467208862305,6760332
2003-02-14,17.700108882444518,18.518869165069546,17.68522255900207,18.310457229614258,8098544
2003-02-17,18.682620270307673,19.21853697949311,18.66773394744222,19.203649520874023,12536756
2003-02-18,18.697505203962123,18.697505203962123,18.05738428227902,18.22113609313965,26509848
2003-02-19,18.0424964087015,18.07227018728728,17.506580887446177,17.521467208862305,21991280
2003-02-20,17.62567649668199,17.968066486006137,17.521469958906525,17.863861083984375,18059442
2003-02-21,17.68522034777128,17.759653091430664,17.417262016296082,17.759653091430664,13379154
2003-02-24,17.819196253325508,17.83408370888531,17.253508150408443,17.268394470214844,11685998
2003-02-25,17.05998322214944,17.104643318988252,16.583614156051514,16.747365951538086,13164596
2003-02-26,17.030208331078533,17.045094649473267,16.449632827657606,16.538951873779297,11146120
2003-02-27,16.49429509812733,16.83668500946227,16.330542166887316,16.747365951538086,11873572
2003-02-28,16.747365696848632,16.955777586004544,16.524067487557318,16.94089126586914,22853380
2003-03-03,17.030209835499143,17.38748718730049,16.866458047184935,17.149301528930664,13626578
2003-03-04,16.9408929251807,16.985551889961126,16.24122445275202,16.330543518066406,14771718
2003-03-05,16.19656682779088,16.39009129602194,15.943494796752928,15.94349479675293,8713914
2003-03-06,16.07747139787548,16.613386883987307,16.01792498036229,16.464521408081055,12912534
2003-03-07,16.315659330151885,16.449638513521347,16.017928316332494,16.166793823242188,8741706
2003-03-10,16.226335789674728,16.315654842100244,15.422462046338334,15.437348365783691,9690050
2003-03-11,15.318259030775081,15.839288241782715,15.065187018262105,15.482010841369629,10866346
2003-03-12,15.601104755556525,15.660650046576736,14.827003479003908,14.827003479003906,12987956
2003-03-13,15.154508329496522,15.988154900981282,15.020529152565093,15.94349479675293,13254202
2003-03-14,16.300771115189892,17.56612777709961,16.25611101399754,17.56612777709961,20218430
2003-03-17,17.11953230676224,18.429549146276795,16.762254883644303,17.997838973999023,15753462
2003-03-18,18.2211333515614,18.503977965447206,17.789423270972886,18.250905990600586,15956288
2003-03-19,18.206251829763453,18.757053747409728,17.997839894308164,18.310457229614258,12302886
2003-03-20,18.131813162795087,18.384883986034318,17.536351333287904,17.819194793701172,18758598
2003-03-21,18.459317732952,18.920800449125128,18.11692670779751,18.81659507751465,38365984
2003-03-24,18.47420866138394,18.518868766503775,17.819200222230368,18.012725830078125,8459424
2003-03-25,17.640560109284415,18.07227024628259,17.521467266059567,17.893630981445312,14725492
2003-03-26,18.072273023781598,18.17647842580336,17.65544914418715,17.863861083984375,8520820
2003-03-27,17.655445664009534,17.729878403854222,17.283281964786088,17.417261123657227,8975362
2003-03-28,17.551238296917727,17.700103759765625,17.193960958932106,17.700103759765625,7038062
2003-03-31,17.283283446011332,17.31305722595299,16.911119714892422,17.119531631469727,8572586
2003-04-01,17.208851197972216,17.53635597229004,17.119532127068666,17.53635597229004,7049320
2003-04-02,17.759655681962613,18.742167814431014,17.71499557495117,18.236024856567383,11003262
2003-04-03,18.369998277416464,18.757048252297327,18.206246496015332,18.489089965820312,15796978
2003-04-04,18.474206450010954,18.96546300451086,18.28068200108184,18.831483840942383,17175820
2003-04-07,19.20364734526938,19.784221821523563,19.15898724597898,19.397172927856445,15567562
2003-04-08,19.218536230645483,19.605585153080533,18.935690428454723,19.352514266967773,23231034
2003-04-09,19.2631955001345,19.680019369771863,18.786826336909233,19.3078556060791,15563620
2003-04-10,19.084553000414576,19.322738663522344,19.01012026463175,19.06966781616211,29489434
2003-04-11,19.12921460362105,19.828881920813963,19.08455450433065,19.397172927856445,32889192
2003-04-14,19.471605270090382,19.84376897069797,19.397172529968863,19.72467613220215,10729792
2003-04-15,19.888432539318174,20.24570884563826,19.8586576208687,20.171276092529297,15230752
2003-04-16,20.335024387210368,20.57320777954618,19.84376787522668,19.947973251342773,10005844
2003-04-17,19.337627669470592,19.76933898523418,19.23342227308189,19.69490623474121,34815200
2003-04-18,19.69490623474121,19.69490623474121,19.69490623474121,19.69490623474121,0
2003-04-21,19.69490623474121,19.69490623474121,19.69490623474121,19.69490623474121,0
2003-04-22,19.7246751689415,19.813995361328125,19.44183167889527,19.813995361328125,6761244
2003-04-23,20.081952582985757,20.29036562037641,19.962862014770508,19.962862014770508,9701126
2003-04-24,19.888429440596322,20.27547833355427,19.620471116851895,19.650243759155273,10942356
2003-04-25,19.73956206418896,19.828879982531888,19.084552638806915,19.144100189208984,11153272
2003-04-28,18.950576935064007,19.47160613916981,18.846370412790726,19.44183349609375,6960562
2003-04-29,19.56092396972362,19.81399711336119,19.32274055480957,19.32274055480957,6472080
2003-04-30,19.367400082624485,19.501378107585257,19.099441761195965,19.158987045288086,7173982
2003-05-01,19.158987045288086,19.158987045288086,19.158987045288086,19.158987045288086,0
2003-05-02,19.114326580921272,19.248306874826774,18.876143177600838,19.23341941833496,6641732
2003-05-05,19.337621931901587,19.813993210920678,19.32273674912387,19.575807571411133,6180936
2003-05-06,19.605579880353023,20.245701788253527,19.54603460722549,20.156381607055664,10601770
2003-05-07,20.037294283448833,20.424343164040955,19.918201446533203,19.918201446533203,7608666
2003-05-08,19.843767669327125,19.858652853471067,19.33762370678997,19.456716537475586,12003354
2003-05-09,19.397175817968304,19.486493758350157,19.09944480701409,19.3078556060791,6542348
2003-05-12,19.29296837817968,19.516266612781266,19.12921543086901,19.367401123046875,5925596
2003-05-13,19.96286469595347,20.215935594660934,19.873544486288583,20.1861629486084,15055566
2003-05-14,20.096839642333098,20.454115882927354,19.962861619986988,20.29036521911621,13656022
2003-05-15,20.320137113118342,20.796506173556743,20.201044280132027,20.69230079650879,12731656
2003-05-16,20.811393359308312,21.198442222105346,20.781620719324977,21.138896942138672,19874162
2003-05-19,20.79650799213411,20.870940735321067,20.573209762573242,20.573209762573242,16897006
2003-05-20,20.43923279412659,20.647643577262652,20.186161908459322,20.602983474731445,11139390
2003-05-21,20.588099349085812,20.588099349085812,20.09684273894351,20.1861629486084,9897366
2003-05-22,20.335022931502237,20.78161931560691,20.17127001539452,20.75184440612793,15882698
2003-05-23,20.796508187761347,20.870940931648473,20.483892026339667,20.8113956451416,12089536
2003-05-26,20.766736757269427,21.07935520845486,20.632758719051218,20.707191467285156,4378056
2003-05-27,20.677417837524334,20.97514884898765,20.439234391258093,20.796510696411133,7633694
2003-05-28,21.03469167513376,21.347307803834383,21.004919034996583,21.25798988342285,11725388
2003-05-29,21.25798988342285,21.25798988342285,21.25798988342285,21.25798988342285,0
2003-05-30,21.079351440606295,21.496172939005444,20.900711059570312,20.900711059570312,12993898
2003-06-02,21.347308590641397,21.77901983881618,21.21333056933259,21.734359741210938,11993022
2003-06-03,21.525949344592636,21.659927368164062,21.317536309417463,21.659927368164062,10167852
2003-06-04,21.64504373005656,22.046982414692852,21.540838329839037,22.032094955444336,15131178
2003-06-05,22.046978494353397,22.255389257729348,21.898113014368583,21.91299819946289,11899968
2003-06-06,22.076751442348748,22.374482406449182,21.92788596029853,22.27027702331543,13985932
2003-06-09,22.270277023315426,22.270277023315426,22.270277023315426,22.27027702331543,0
2003-06-10,21.927885727520874,22.43402745251582,21.89811308572828,22.2851619720459,8775630
2003-06-11,22.30005068996158,22.657326954693755,22.30005068996158,22.55312156677246,13888460
2003-06-12,22.58289099059718,22.61266362982898,22.314932694497426,22.538230895996094,12472534
2003-06-13,22.434025418262646,22.538230790841155,22.061861750834577,22.166067123413086,10056840
2003-06-16,21.972545337919016,22.44891441054048,21.76413230698612,22.41914176940918,14035012
2003-06-17,22.478691101074215,22.657329251549502,22.359598243588252,22.47869110107422,12054368
2003-06-18,22.35959195629438,22.627550242413776,22.270274041925706,22.493572235107422,10915284
2003-06-19,22.419143011132643,22.553121039397535,21.957659097763276,22.13629722595215,13719710
2003-06-20,21.95766070683797,22.44891729898731,21.95766070683797,22.329824447631836,30914446
2003-06-23,22.28515935069279,22.28515935069279,21.92788314819336,21.92788314819336,9532444
2003-06-24,21.883225793970464,22.032091275562102,21.808793053174647,21.898113250732422,8850350
2003-06-25,21.898114414670605,22.136297834973064,21.838566855964665,22.046979904174805,10388212
2003-06-26,21.779021887380704,22.225618362426758,21.779021887380704,22.225618362426758,9985144
2003-06-27,22.270280304104272,22.52335120656987,22.24050538610229,22.47869110107422,14545018
2003-06-30,22.314931986137495,22.627550366914654,22.255386709564082,22.434024810791016,19591670
2003-07-01,22.329820905412944,22.419141097637336,21.808791750953308,21.883224487304688,14958792
2003-07-02,22.151185292526325,22.180957936125743,21.823681669918503,22.046979904174805,21415772
2003-07-03,22.136298848117583,22.329824447631832,21.9278880618759,22.329824447631836,10802206
2003-07-04,22.270277023315426,22.314934850724903,22.151184183373854,22.27027702331543,3345958
2003-07-07,22.38936447836022,22.62755012512207,22.35959184039166,22.62755012512207,8675736
2003-07-08,22.568009955730158,22.761533282068374,22.47868975010699,22.64244270324707,8250640
2003-07-09,22.553117511353204,22.716870428289138,22.463797325477845,22.493572235107422,7293228
2003-07-10,22.41913950404685,22.672210335351455,22.32981931817149,22.493572235107422,8230892
2003-07-11,22.35959055136547,22.910392272303625,22.30004527886112,22.791301727294922,6466812
2003-07-14,22.821081413266537,23.297450554977406,22.821081413266537,23.252790451049805,9249674
2003-07-15,23.148585602193,23.565409462836197,23.148585602193,23.41654396057129,11017008
2003-07-16,23.371885138905235,23.773821562788747,23.371885138905235,23.505863189697266,8545292
2003-07-17,23.386766323127784,23.461199058374522,23.044375286691427,23.26767349243164,8782090
2003-07-18,23.297446477980838,23.505857231161954,23.19324110139028,23.446311950683594,7254596
2003-07-21,23.535632142907982,23.55051732727415,23.297446477980838,23.446311950683594,7001486
2003-07-22,23.446312550858593,23.56540538637068,23.356992356347796,23.431425094604492,7071696
2003-07-23,23.565404433418593,23.580289617563853,23.25278603677957,23.26767349243164,7394208
2003-07-24,23.342106574093034,23.461199406556606,23.10392090916589,23.446311950683594,7525250
2003-07-25,23.267672897102287,23.654721747578158,23.22301280279556,23.356990814208984,5418470
2003-07-28,23.639836791514238,23.75892962031037,23.535631418132667,23.595176696777344,5484482
2003-07-29,23.56540298461914,23.74404108392729,23.401650068541112,23.56540298461914,6373570
2003-07-30,23.565402514562745,23.773813247680664,23.476082330936993,23.773813247680664,5560938
2003-07-31,23.788705086093454,24.08643605770537,23.654724785963865,23.937570571899414,12165344
2003-08-01,23.907792193695656,23.907792193695656,23.550513750566203,23.684494018554688,3609226
2003-08-04,23.505858570286126,23.818476989374457,23.237902521361246,23.282560348510742,8762616
2003-08-05,23.59517967320615,23.729157702810806,23.446314186308953,23.62495231628418,11145526
2003-08-06,23.297447074345204,23.580290571117878,23.282559618091103,23.431425094604492,12461340
2003-08-07,23.476087807865852,23.62495330096774,23.386769874909017,23.46120262145996,8654870
2003-08-08,23.565406064612237,23.892909668066267,23.461200682355084,23.714271545410156,7235204
2003-08-11,23.818476455016704,23.96734193286056,23.669610977172848,23.66961097717285,5232566
2003-08-12,23.714269626780265,24.175751217012944,23.684496987330864,23.96734046936035,9309956
2003-08-13,24.19064004207259,24.220412683207606,23.371879917571672,23.550518035888672,20214014
2003-08-14,23.565407447399572,23.624952734609995,23.103923521243956,23.297449111938477,15422712
2003-08-15,23.46120415045366,23.654727486892522,23.3421112939093,23.53563690185547,12307932
2003-08-18,23.535635777458563,23.758934020996094,23.47608821627757,23.758934020996094,7599702
2003-08-19,23.7738179007686,23.922683388276866,23.729157800214704,23.74404525756836,11511836
2003-08-20,23.77381719856058,23.818477297795347,23.565406430807673,23.63983917236328,7489512
2003-08-21,23.624950668373277,23.788703601140764,23.356992356347796,23.431425094604492,9849032
2003-08-22,23.34210622767838,23.37187886747571,23.059260470836687,23.26767349243164,9622510
2003-08-25,23.13369479702452,23.178354895545272,22.791306008548354,22.910396575927734,6419082
2003-08-26,22.821077111367128,23.14858069258791,22.821077111367128,22.835962295532227,7357592
2003-08-27,22.940170288085938,23.059260849229496,22.88062273600731,22.940170288085938,5591722
2003-08-28,22.910400931607,23.47609032023465,22.89551574360812,23.074153900146484,9800284
2003-08-29,23.22301209089835,23.327217460081812,22.493572235107422,22.493572235107422,13774960
2003-09-01,22.65732888951909,23.118812853088123,22.65732888951909,22.9252872467041,7544548
2003-09-02,22.999717754848984,23.01460521216045,22.657326680248847,22.746646881103516,9404802
2003-09-03,22.984828076702318,23.669610159737722,22.969942892336153,23.446311950683594,12838954
2003-09-04,23.46120368794583,23.624954374897293,23.37188347942157,23.490976333618164,7872464
2003-09-05,23.50585891052956,23.580291652198756,23.252788043155693,23.386768341064453,6082890
2003-09-08,23.356993427191167,23.520746367466202,23.327220784824892,23.386768341064453,5904606
2003-09-09,23.476085692713518,23.49097314928524,23.13369463512656,23.22301483154297,9991004
2003-09-10,23.133698972050816,23.282564479648332,22.83596795685579,23.01460838317871,7209864
2003-09-11,22.850848552799285,23.014601470575116,22.672210451639,22.86573600769043,8647584
2003-09-12,22.895511390758795,22.96994413112439,22.568007787451563,22.910396575927734,8171298
2003-09-15,22.940170288085938,23.014603024554088,22.776417359253273,22.940170288085938,4740648
2003-09-16,22.940171226236306,23.20812727127436,22.880623671722446,23.10392189025879,6744184
2003-09-17,23.267677251999253,23.61006834375881,23.223017149333714,23.520748138427734,12639762
2003-09-18,23.446313819862514,23.714272146390922,23.431426362802647,23.699384689331055,11928748
2003-09-19,23.818476455016704,23.89290919393863,23.565405596983535,23.66961097717285,18156822
2003-09-22,23.61007047899413,23.61007047899413,23.14858649556007,23.208131790161133,9926538
2003-09-23,23.23790015102949,23.28255797362376,22.89550912493069,22.984827041625977,14739860
2003-09-24,23.20812871767207,23.35699420597403,23.059263229370117,23.059263229370117,8561984
2003-09-25,22.776417849795546,23.044376161153345,22.70198511172432,22.806190490722656,12117232
2003-09-26,22.70198451471826,22.85084998694592,22.389366114437436,22.821077346801758,10757524
2003-09-29,22.70198571233444,23.089036869147517,22.64244042890487,22.716873168945312,8805152
2003-09-30,22.701988867879166,22.79130907694586,21.942773905334068,22.061866760253906,16898484
2003-10-01,22.151183948225757,22.32982207048827,22.061863751341015,22.2851619720459,11699420
2003-10-02,22.5828969635242,22.746649929870117,22.523351669311523,22.523351669311523,7604298
2003-10-03,22.59778353203945,23.17835807800293,22.523350781454017,23.17835807800293,8680624
2003-10-06,23.059261792250133,23.22301472777956,22.955056411234562,23.10392189025879,4870616
2003-10-07,23.14858649556007,23.208131790161133,22.80619537283552,23.208131790161133,10230464
2003-10-08,23.08903680842531,23.446313051077034,23.029489253645384,23.22301483154297,6823652
2003-10-09,23.22301797955264,23.535636437880292,23.118812583945846,23.490976333618164,5985074
2003-10-10,23.446312550858593,23.71427086288407,23.3272197153465,23.431425094604492,8466024
2003-10-13,23.401652662752525,23.71427107482739,23.401652662752525,23.66961097717285,4823548
2003-10-14,23.669613814978202,23.81847931066989,23.535635777458563,23.758934020996094,9414270
2003-10-15,23.78870558854537,24.02688900796145,23.714272844070262,23.803590774536133,12227586
2003-10-16,23.71426761879631,24.071543804950657,23.699380164578795,23.84824562072754,7098718
2003-10-17,23.8929109765091,24.012003821970687,23.77381813104751,23.803590774536133,12582146
2003-10-20,23.84824374344735,24.11620199772334,23.788698474277762,24.101314544677734,9701134
2003-10-21,24.1757533757231,24.220413474638402,23.892909868437847,24.026887893676758,9842540
2003-10-22,23.967340116682948,24.086432944234897,23.610063905533853,23.7887020111084,11500488
2003-10-23,23.520745394753657,23.669610871935642,23.386767373892635,23.550518035888672,7275218
2003-10-24,23.520746463072285,23.758932145984684,23.490973820584987,23.580291748046875,6139172
2003-10-27,23.699381822567748,23.848247289131,23.624949089286126,23.7887020111084,4909224
2003-10-28,23.863135095534055,24.071545843186648,23.81847500060656,23.96734046936035,7367020
2003-10-29,24.11621422316449,24.19064698311253,23.788710533694633,23.95246124267578,7437648
2003-10-30,23.892916152862227,24.324625255743932,23.818483392261413,24.30974006652832,7483844
2003-10-31,24.250187481617235,24.503260632545302,24.13109690648299,24.4139404296875,10171026
2003-11-03,24.413938005722134,24.860534432656078,24.399050549554914,24.800989151000977,9718532
2003-11-04,24.741443304576432,24.934968890565813,24.488372432824338,24.56280517578125,9450262
2003-11-05,24.51813824338411,24.592570965599307,24.01199664092335,24.101314544677734,9247634
2003-11-06,24.250187387148397,24.35439504724559,24.041776609968235,24.29484748840332,6938696
2003-11-07,24.443710773844785,24.830761921139267,24.42882558910694,24.74144172668457,10279736
2003-11-10,24.562806765232725,24.815877653360957,24.38416862487793,24.38416862487793,6110950
2003-11-11,24.339501776559043,25.143374321127173,24.339501776559043,25.113601684570312,19555214
2003-11-12,25.08383560180664,25.188040992735267,24.771217157513604,25.08383560180664,11686246
2003-11-13,25.20292522063077,25.2922431421909,24.875421631896558,25.068944931030273,8892738
2003-11-14,24.9051942724166,25.21781040513736,24.9051942724166,25.068944931030273,8261126
2003-11-17,24.726561576165288,24.786106870253644,24.637241363525394,24.63724136352539,6998434
2003-11-18,24.726559433034584,24.756332077498268,24.36928088494885,24.577693939208984,7409002
2003-11-19,24.3246206512735,24.3246206512735,23.997117020925433,24.086437225341797,12370120
2003-11-20,24.13109615774857,24.145981343424936,23.75893244323367,23.937570571899414,11339292
2003-11-21,23.833363415016866,24.116206908426523,23.803588502862688,23.878021240234375,4742690
2003-11-24,23.967343135789008,24.458599691631434,23.967343135789008,24.44371223449707,6487526
2003-11-25,24.428828445383388,24.69678451706373,24.428828445383388,24.577693939208984,6904774
2003-11-26,24.66701232813103,24.964743321280487,24.592579579843665,24.69678497314453,7168552
2003-11-27,24.741438389021983,24.830758571427232,24.577687749954485,24.78609848022461,4070500
2003-11-28,24.815871117190824,24.934963936562294,24.503255021785645,24.78609848022461,6309790
2003-12-01,24.89030857865749,25.232699647646726,24.89030857865749,25.128494262695312,6043992
2003-12-02,25.232696177659808,25.277356271213645,24.920077794289654,25.054058074951172,8722456
2003-12-03,24.979631074581036,25.51554550567554,24.949858429215883,25.426227569580078,9999362
2003-12-04,25.307131179314446,25.575089493161514,25.232698440551758,25.232698440551758,6550530
2003-12-05,25.188040668362365,25.247588227774123,24.845649584142933,24.905197143554688,5867528
2003-12-08,24.786101205008368,25.09871960628689,24.756328564769188,25.0093994140625,3478446
2003-12-09,25.06894325846464,25.202923539126154,24.890305155756,25.054058074951172,4025688
2003-12-10,24.93496730033181,24.94985475657656,24.69678162945722,24.74144172668457,4671126
2003-12-11,24.83076153536306,25.08383238704373,24.83076153536306,25.068944931030273,3479272
2003-12-12,25.143380287564906,25.18804038875117,24.815876664710796,25.098722457885742,5367626
2003-12-15,25.36667551200503,25.396450423600886,25.00939928792315,25.14337730407715,5691386
2003-12-16,25.024287941217306,25.20292606180668,24.99451302819662,25.039173126220703,5126558
2003-12-17,25.068947915181464,25.292246152923013,24.964742525203505,25.024290084838867,6675612
2003-12-18,24.99451194038587,25.351790437522094,24.964739300167896,25.262470245361328,4545304
2003-12-19,25.41133367580509,25.426221130471088,25.292240852997107,25.3220157623291,11774696
2003-12-22,25.12849224652607,25.217810167243613,25.0093994140625,25.0093994140625,4683320
2003-12-23,25.098719843057186,25.098719843057186,24.875421631896558,25.068944931030273,4283616
2003-12-24,25.068944931030273,25.068944931030273,25.068944931030273,25.068944931030273,0
2003-12-25,25.068944931030273,25.068944931030273,25.068944931030273,25.068944931030273,0
2003-12-26,25.068944931030273,25.068944931030273,25.068944931030273,25.068944931030273,0
2003-12-29,25.083835000321287,25.18804038875117,24.949856968269593,25.098722457885742,2719010
2003-12-30,25.143378843938198,25.21781158447266,25.009400819578957,25.217811584472656,3536544
2003-12-31,25.21781158447266,25.21781158447266,25.21781158447266,25.217811584472656,0
2004-01-01,25.21781158447266,25.21781158447266,25.21781158447266,25.217811584472656,0
2004-01-02,25.21781158447266,25.21781158447266,25.21781158447266,25.217811584472656,0
2004-01-05,25.21781578695216,25.545321717087326,25.15827049320432,25.515546798706055,6610170
2004-01-06,25.589972605556238,25.902590991644296,25.411334501294522,25.798385620117188,8498998
2004-01-07,25.73883605850365,25.99190914721891,25.664403331588943,25.932361602783203,8571672
2004-01-08,26.03656768684363,26.498051515091124,26.021682503952608,26.215208053588867,9140830
2004-01-09,26.25986885767813,26.542714622826775,26.17055093566293,26.244983673095703,9495190
2004-01-12,26.05145549595321,26.215208410530433,25.947250128270724,26.140775680541992,7737702
2004-01-13,26.2449836730957,26.483167069976435,26.125890838901896,26.244983673095703,7237246
2004-01-14,26.125894354239648,26.52783073615728,26.051461606791673,26.438512802124023,5531154
2004-01-15,26.42361630832745,26.617141839816483,26.31941095183533,26.557594299316406,4843166
2004-01-16,26.498058574182938,26.929767608642578,26.498058574182938,26.929767608642578,9277010
2004-01-19,26.79579032133026,27.033976032789443,26.75113021649325,26.780902862548828,6743576
2004-01-20,26.751127754697606,26.8999932427833,26.498056879253344,26.54271697998047,5895208
2004-01-21,26.4682746341392,26.706457965767168,26.40872709760251,26.676685333251953,6495208
2004-01-22,26.855332495503283,26.929765237754133,26.46828359870309,26.8106746673584,9661730
2004-01-23,26.840452033203025,27.033977651412286,26.795791925692054,26.974430084228516,7845598
2004-01-26,26.870222181178633,26.989315032958984,26.810676891042068,26.989315032958984,5709596
2004-01-27,27.093523025512695,27.272161184566237,27.0190902699481,27.093523025512695,8308648
2004-01-28,27.093516937673908,27.272155056587955,26.98931155759962,27.167949676513672,8015746
2004-01-29,26.97442509927638,26.97442509927638,26.67669413290135,26.825559616088867,7776532
2004-01-30,26.84044944670569,27.0786328779658,26.79578934349842,26.870222091674805,10820866
2004-02-02,26.840447136775854,27.31681622980622,26.840447136775854,27.197723388671875,9813954
2004-02-03,27.078625079033888,27.28703807680693,26.855326898816983,27.004192352294922,7207210
2004-02-04,26.944647555557907,27.153058285506546,26.914874918637615,27.048852920532227,9816228
2004-02-05,26.974419454290636,27.10839972402531,26.691576004028324,26.69157600402832,15923054
2004-02-06,26.661812225172646,26.959543228149414,26.661812225172646,26.959543228149414,16492726
2004-02-09,27.03397183428648,27.71875167324435,27.0041969213478,27.65920639038086,22964556
2004-02-10,28.016486915582888,28.388650669167962,27.95694162361219,28.329105377197266,20214392
2004-02-11,28.239788055419922,28.418426221106113,28.10580999903216,28.239788055419922,13960572
2004-02-12,28.299328888087985,28.998996195509793,28.299328888087985,28.582172393798828,18514172
2004-02-13,28.44819245552493,28.939446693289867,28.44819245552493,28.835241317749023,14279936
2004-02-16,28.745921737096264,28.90967238305472,28.50773608832999,28.641714096069336,8300182
2004-02-17,28.65659882187663,28.9096696298984,28.65659882187663,28.85012435913086,6277992
2004-02-18,28.835242413901657,28.924562608621724,28.55239891646629,28.6119441986084,6058776
2004-02-19,28.61194587461937,28.760811360201682,28.492853031852107,28.552400588989258,8376562
2004-02-20,28.597060822271875,28.611946007995265,28.41842042153472,28.49285316467285,19820608
2004-02-23,28.492851362817277,28.64171683967945,28.492851362817277,28.6119441986084,3198934
2004-02-24,28.537513447724074,28.641718834483783,28.10580444335938,28.105804443359375,9597406
2004-02-25,28.01648187108303,28.18023480177889,27.778298474579,28.061141967773438,7916018
2004-02-26,28.180237186974466,28.180237186974466,27.971824141947973,28.105804443359375,10959156
2004-02-27,28.12069197838933,28.477970540493164,27.763415687792758,27.778303146362305,9626420
2004-03-01,27.62943278688381,27.94204891829214,27.450792401499783,27.822956085205078,19547240
2004-03-02,27.83784150661989,28.641714096069336,27.808068868400778,28.641714096069336,17684680
2004-03-03,28.552398209657802,28.73103632316888,28.47796547306928,28.50773811340332,8593044
2004-03-04,28.522626250627077,28.865015029907227,28.49285133807497,28.865015029907227,14059454
2004-03-05,28.82035780638445,28.939448373054017,28.64171741336619,28.775697708129883,16651502
2004-03-08,28.879905099139677,29.01388313171841,28.79058489641578,28.894792556762695,16828346
2004-03-09,28.686378617410526,28.760811360201682,28.522627946174204,28.552400588989258,9086738
2004-03-10,28.329105991119846,28.745929858469612,28.3142185320509,28.686382293701172,18397554
2004-03-11,28.284440811957204,28.32910090964589,27.62943361754623,27.793184280395508,16312560
2004-03-12,27.52522372042003,27.927162295323427,27.435905803835627,27.86761474609375,10808720
2004-03-15,27.688980844858527,27.852733790715902,27.54011535644531,27.540115356445312,8373634
2004-03-16,27.406135503329338,28.165348080854866,27.406135503329338,27.912277221679688,14191448
2004-03-17,27.927167230855318,28.433308995470256,27.927167230855318,28.269556045532227,9336954
2004-03-18,28.254665021079546,28.492848396357022,27.88250136767098,27.89738655090332,26374222
2004-03-19,28.105802770233975,28.25466824860226,27.956937291865685,28.165348052978516,30784482
2004-03-22,27.897387765713223,28.076028144333684,27.16794788187117,27.28704071044922,13980670
2004-03-23,27.167948929524247,27.73363818345407,27.167948929524247,27.56988525390625,12125174
2004-03-24,27.55499469954757,27.674085238002924,27.257263810396356,27.495447158813477,12556534
2004-03-25,27.495453584808846,27.718751803859554,27.421020845125277,27.599658966064453,10537946
2004-03-26,27.733638505547482,28.001596815416455,27.64431831175553,27.92716407775879,6837700
2004-03-29,27.95694153854672,28.329105290999397,27.95694153854672,28.210012435913086,4635080
2004-03-30,28.150463104248047,28.210008387492216,27.956937526444072,28.150463104248047,4540310
2004-03-31,28.195117592273977,28.522623425856985,27.98670685409087,28.0164794921875,8445264
2004-04-01,28.120687902781285,28.59705924987793,28.105802717876344,28.59705924987793,6573216
2004-04-02,28.55239853123864,29.013880140380945,28.53751107515052,28.9394474029541,6726994
2004-04-05,28.939450244492107,29.088315733962762,28.760812111428745,29.028770446777344,6387484
2004-04-06,29.028771286421645,29.132976677763775,28.805473045756862,28.998998641967773,7337786
2004-04-07,28.998996634413,29.177634760276554,28.73103830986416,28.87990379333496,5403316
2004-04-08,28.954336166381836,29.073429005943414,28.85013078358057,28.954336166381836,3680124
2004-04-09,28.954336166381836,28.954336166381836,28.954336166381836,28.954336166381836,0
2004-04-12,28.954336166381836,28.954336166381836,28.954336166381836,28.954336166381836,0
2004-04-13,29.118079222728905,29.430695265038192,29.05853168740365,29.281829833984375,6052920
2004-04-14,28.984113303021385,29.028773408720884,28.388651284380956,28.686382293701172,8098328
2004-04-15,28.55240005429507,28.65660543794985,27.986710765374397,28.135576248168945,8933970
2004-04-16,27.465681875905684,27.733640202167145,27.421021776277602,27.688980102539062,15432976
2004-04-19,27.674091911508658,27.897390132219616,27.62943408457204,27.837844848632812,4503936
2004-04-20,27.912272575346268,28.01647793865958,27.748519667634945,27.942045211791992,7308612
2004-04-21,27.569884543224152,27.71875001297321,27.465679168701172,27.465679168701172,5929700
2004-04-22,27.584773415578535,27.718751436631187,27.272155004446454,27.674091339111328,6032832
2004-04-23,28.001594308892525,28.165344954177346,27.927161577897603,28.0164794921875,6037280
2004-04-26,28.031370562941344,28.10580330353784,27.703866958618164,27.703866958618164,5319158
2004-04-27,27.688979901923386,27.76341264359522,27.33170365050137,27.450794219970703,8002452
2004-04-28,27.51034046710448,27.718751225265382,27.361474990844727,27.361474990844727,5664438
2004-04-29,27.316815154193197,27.406135349403684,26.98931155759962,27.167949676513672,7017710
2004-04-30,27.093516318748897,27.599658022694204,27.04885622216387,27.4359073638916,8058520
2004-05-03,27.33169961492764,28.031366829034408,27.33169961492764,27.89738655090332,5199752
2004-05-04,28.284440811957204,28.388646192226187,27.778299095503897,27.793184280395508,10231814
2004-05-05,27.822957791247532,28.463079820772883,27.718752407721777,28.388647079467773,10297182
2004-05-06,28.314212950674516,28.522625979020113,27.822956427832548,27.92716407775879,10417288
2004-05-07,27.92716518040765,28.061143204878547,27.495453922043794,27.703866958618164,8776642
2004-05-10,27.18283941406198,27.272157345261085,26.468284606933594,26.468284606933594,14582126
2004-05-11,26.64692468124746,26.855335474062127,26.52783182613596,26.840450286865234,10193300
2004-05-12,26.899992021794304,27.078630145087345,26.646921157836914,26.646921157836914,7098314
2004-05-13,26.780904837347336,27.27216148376465,26.736247000724592,27.27216148376465,6531112
2004-05-14,27.13817908178011,27.30192975667194,26.840448103969045,27.033973693847656,6764478
2004-05-17,26.78089857909043,26.795786035490696,26.364077057966117,26.661808013916016,8400388
2004-05-18,26.795786035490696,26.885106230878435,26.617147916222144,26.661808013916016,6359046
2004-05-19,26.89998958544725,27.421018722907796,26.82555685152432,27.28704071044922,7309304
2004-05-20,27.287040710449222,27.287040710449222,27.287040710449222,27.28704071044922,0
2004-05-21,27.212613278231938,27.25727338158797,26.914882284534666,26.989315032958984,7469474
2004-05-24,27.093521887340078,27.674096447751573,27.063749240666446,27.31682014465332,5624096
2004-05-25,27.197723156008383,27.227495798160525,26.8851070061504,27.1381778717041,5895898
2004-05-26,27.43590954314492,27.569887572035096,27.153063756644364,27.24238395690918,5714892
2004-05-27,27.39124930406146,27.52522733227199,27.301929104249748,27.376361846923828,6059010
2004-05-28,27.421021310858716,27.49545405180649,26.706466543458685,26.766014099121094,14207386
2004-05-31,26.766014099121097,26.766014099121097,26.766014099121097,26.766014099121094,0
2004-06-01,26.795785324439052,26.82555796494261,26.378961542868627,26.63203239440918,7345100
2004-06-02,26.661802189577916,26.97441826212938,26.661802189577916,26.795780181884766,5941034
2004-06-03,26.736244975916836,27.004201061390102,26.70647005841333,26.959543228149414,5184374
2004-06-04,26.94465478203506,27.18284048429129,26.870222034018386,27.123292922973633,4950182
2004-06-07,27.182835449046294,27.52522420929443,27.182835449046294,27.4061336517334,4829336
2004-06-08,27.45079543074964,27.49545553202398,27.18283936611783,27.346590042114258,5267624
2004-06-09,27.391250610351562,27.525228644951508,27.287045219939696,27.391250610351562,4114562
2004-06-10,27.316816931216138,27.495455061751017,27.28704428804484,27.301929473876953,3881004
2004-06-11,27.287045219939696,27.450795898727726,27.16795237168022,27.391250610351562,3123734
2004-06-14,27.301922902642055,27.301922902642055,26.88510145555346,27.078624725341797,4895918
2004-06-15,27.033971655204866,27.272155056587955,26.899991362389137,27.167949676513672,4626936
2004-06-16,27.21261150827702,27.54011512574118,27.153063950506315,27.48056983947754,5867314
2004-06-17,27.421020272745867,27.540113108055053,27.27215479648611,27.361474990844727,4882134
2004-06-18,27.212612618064316,27.346590653374946,27.16795251579172,27.257272720336914,18416570
2004-06-21,27.316816931216138,27.5103425190902,27.242384187534352,27.301929473876953,4783292
2004-06-22,27.22749780856161,27.272157910840892,26.64692329345238,26.70646858215332,9896416
2004-06-23,26.706459743306983,26.885100093300803,26.42361630832745,26.557594299316406,8894026
2004-06-24,26.751127754697606,26.79578785542473,26.304531290440526,26.54271697998047,8448722
2004-06-25,26.527829752260917,26.825560731010214,26.378964262886267,26.602262496948242,6925696
2004-06-28,26.572485559162384,26.736238479614258,26.37895999994837,26.736238479614258,8041642
2004-06-29,26.632025248726006,26.721345417777904,26.51293471866515,26.676685333251953,4890592
2004-06-30,26.63203169761401,26.706464432678896,26.274755477905273,26.274755477905273,5888572
2004-07-01,26.39385374326679,26.498059139513984,26.08123528301793,26.09612274169922,7073178
2004-07-02,26.02168464660645,26.125890021450473,25.932364455879107,26.021684646606445,5519644
2004-07-05,25.977023121683214,26.215208769510493,25.962135666879004,26.066343307495117,2720242
2004-07-06,26.111001734698508,26.15566182864062,25.61974751585547,25.798385620117188,7422016
2004-07-07,25.798387893713265,25.93236591584027,25.604862317246642,25.723955154418945,5623822
2004-07-08,25.634630924141906,25.73883628845215,25.396447558790864,25.73883628845215,6734396
2004-07-09,25.63464164733887,25.679301756869712,25.45600348072302,25.634641647338867,4342116
2004-07-12,25.58997955164453,25.694187222964274,25.426228858084297,25.515546798706055,4965582
2004-07-13,25.57509138091012,25.753729512824826,25.45599853579795,25.48577117919922,6543542
2004-07-14,25.307128548272544,25.441106555513667,24.934964893150887,25.381561279296875,10862754
2004-07-15,25.2624673613482,25.27735481551103,24.60746026530229,24.66700553894043,9624446
2004-07-16,24.488372993781653,24.964742105316713,24.488372993781653,24.726558685302734,9314848
2004-07-19,24.696780076994784,25.009398466427836,24.562802065241627,24.92007827758789,6960422
2004-07-20,24.756330551078108,25.188039547951256,24.652125166126694,25.128494262695312,6343550
2004-07-21,25.336905557785748,25.783502020983526,25.336905557785748,25.545318603515625,7849574
2004-07-22,25.277356271213645,25.366674186814606,24.964737887843494,25.054058074951172,7143668
2004-07-23,25.113606202025807,25.27735913980441,24.920080622334815,25.217811584472656,4859404
2004-07-26,25.18804038875117,25.381565979553585,25.098722457885742,25.098722457885742,4170138
2004-07-27,25.17315515627601,25.38156593275148,25.02428966693436,25.35179328918457,4097980
2004-07-28,25.530434117204017,25.723959728079045,25.47088882378432,25.57509422302246,5222568
2004-07-29,25.58997629277604,25.75372923698978,25.545318463905986,25.679296493530273,5000436
2004-07-30,25.649524125166838,25.649524125166838,25.247587760481974,25.48577117919922,5751484
2004-08-02,25.351791718248723,25.604862580146456,25.17315359640956,25.53042984008789,3816206
2004-08-03,25.66440773010254,25.738840469773958,25.485769609192523,25.66440773010254,6769186
2004-08-04,25.455996203066697,25.500656299829593,24.830761662906784,24.934967041015625,10371124
2004-08-05,25.06894550667107,25.411336559280826,25.00940022426369,25.232698440551758,5353988
2004-08-06,24.89030783821963,25.039173318438056,24.413938755822056,24.47348403930664,7362314
2004-08-09,24.488373079503248,24.577693282013094,23.89291112012323,24.29484748840332,7135124
2004-08-10,24.33950424194336,24.503257166852727,24.071545942776567,24.33950424194336,9376336
2004-08-11,24.428827376449494,24.637238150083018,24.384167275954574,24.622350692749023,9418242
2004-08-12,24.63724029712268,24.80099325603879,24.577695005611698,24.607467651367188,6633120
2004-08-13,24.488374796837952,24.77121833877603,24.428829505326966,24.607467651367188,5867704
2004-08-16,24.56280578666476,25.128495101507553,24.503260499421142,25.098722457885742,5296124
2004-08-17,25.068943139887804,25.292241335094072,24.934965131366724,25.18803596496582,5930782
2004-08-18,25.143379079851716,25.27735937697503,25.024288511084762,25.202926635742188,5927786
2004-08-19,25.292241093465005,25.4857666484296,25.292241093465005,25.381561279296875,5955898
2004-08-20,25.262469645931272,25.351789835972642,25.232697006419745,25.27735710144043,5492390
2004-08-23,25.411343371192174,25.843054734646966,25.307137963291893,25.634641647338867,4430274
2004-08-24,25.619755854934652,25.75373390886332,25.575095746455936,25.64952850341797,3220686
2004-08-25,25.738842198568605,25.78350229967252,25.26247308697674,25.35179328918457,7108192
2004-08-26,25.530430737258495,25.87282180786133,25.530430737258495,25.872821807861328,5707898
2004-08-27,25.828162403707857,25.9919153506051,25.723957015458296,25.977027893066406,4941366
2004-08-30,25.932367093397893,25.962139736166172,25.723956322512883,25.872821807861328,2658688
2004-08-31,25.679293413613014,25.753726148145226,25.27735710144043,25.27735710144043,12389796
2004-09-01,25.39645168449099,25.694182643176667,25.366676771416863,25.66440773010254,5654220
2004-09-02,25.604863479932717,26.021687293209776,25.515543280120834,25.872821807861328,5284824
2004-09-03,25.76861308856197,26.21520948682816,25.61974762247324,26.170549392700195,7149374
2004-09-06,26.081229197781067,26.542713051140932,26.081229197781067,26.423620223999023,4762138
2004-09-07,26.438510392579527,26.706466441765603,26.259869997779507,26.646921157836914,7161104
2004-09-08,26.706467885209076,26.766015443863196,26.468284465113896,26.602262496948242,5706808
2004-09-09,26.43850767920679,26.557598234841954,26.364074946181443,26.423620223999023,5632336
2004-09-10,26.393856268144958,26.52783432306401,26.393856268144958,26.453401565551758,2890658
2004-09-13,26.542710903977305,26.61714363098144,26.45339072296971,26.617143630981445,3479232
2004-09-14,26.557599785689295,26.63203252306119,26.319416389003358,26.49805450439453,5433164
2004-09-15,26.45340156555176,26.706472486791906,26.423628916848358,26.453401565551758,6098270
2004-09-16,26.453392862907815,26.602258328958513,26.170549386014184,26.423620223999023,4575456
2004-09-17,26.27475462852751,26.766011118376397,26.259867173393076,26.736238479614258,10370178
2004-09-20,26.721353795837913,26.721353795837913,26.364077550624483,26.527828216552734,4428890
2004-09-21,26.46828833307158,27.093523025512695,26.408740765715446,27.093523025512695,8832436
2004-09-22,27.093517940127796,27.361476264166726,26.78089951683121,26.825559616088867,8309014
2004-09-23,26.706460684991573,26.751120774064766,26.349184515418994,26.393844604492188,5577592
2004-09-24,26.349183586332163,26.557594299316406,26.24497822984004,26.557594299316406,3941660
2004-09-27,26.51293981829988,26.542712456541718,26.200321437993868,26.25986671447754,4085592
2004-09-28,26.18543977913969,26.408738022639483,26.140781947645486,26.378965377807617,4378098
2004-09-29,26.349183586332163,26.67668710881015,26.349183586332163,26.557594299316406,4296450
2004-09-30,26.661805885094356,26.706463707715578,26.140776753783797,26.170549392700195,7584288
2004-10-01,26.1705514822973,26.691580655209616,25.872820526347404,26.661808013916016,7802060
2004-10-04,26.795790182260014,26.989315787877793,26.751130077654793,26.840450286865234,6295892
2004-10-05,26.795786741198807,26.929764766302007,26.676693901380972,26.766014099121094,5720370
2004-10-06,26.810671212272975,26.84044385103512,26.587373014296823,26.736238479614258,4002738
2004-10-07,26.78089928440646,26.855332025354233,26.676693901380972,26.766014099121094,6357054
2004-10-08,26.721355111381882,26.82556049874045,26.45339677852622,26.54271697998047,4774214
2004-10-11,26.54271697998047,26.57248962329619,26.36407884857905,26.54271697998047,2830882
2004-10-12,26.49805822864228,26.49805822864228,26.17055459247735,26.378965377807617,4929022
2004-10-13,26.43850469356538,26.602255324825112,26.393844604492188,26.393844604492188,5163192
2004-10-14,26.274753685918522,26.319413778212915,26.125888225941647,26.140775680541992,4930404
2004-10-15,25.872822135732775,26.081232909258855,25.753729291643417,26.05146026611328,6434640
2004-10-18,26.066343666481018,26.140776398513793,25.828158015373447,25.991910934448242,4325908
2004-10-19,26.185439369305673,26.408737609310577,26.06634879184212,26.081233978271484,4439678
2004-10-20,25.857937774027032,25.91748533895407,25.485774011385573,25.57509422302246,7823772
2004-10-21,25.664408435716624,25.738841177434487,25.515542952280896,25.694183349609375,5196330
2004-10-22,25.649525528941833,25.768618380571844,25.589977967373223,25.619752883911133,2631248
2004-10-25,25.307130359468005,25.322017815341017,24.949854133584136,25.0093994140625,7020578
2004-10-26,25.08383638157564,25.366679918818406,25.039176277930142,25.3071346282959,4477750
2004-10-27,25.3964489744328,25.45599425121307,25.1582633242983,25.44110679626465,4684242
2004-10-28,25.54531888252946,25.977027893066406,25.500658781420476,25.977027893066406,8188912
2004-10-29,25.887706660870215,26.03657214430594,25.664408435716624,25.694183349609375,6564088
2004-11-01,25.723956648497843,26.14078046705707,25.634636447554055,26.05146026611328,5650618
2004-11-02,26.423626566867338,26.825562967385835,26.304533711137747,26.780902862548828,12718838
2004-11-03,26.91488319502099,27.242386844865457,26.751130234345116,27.153066635131836,10478968
2004-11-04,27.04885794169132,27.182838239963683,26.840447173054777,26.944652557373047,5934336
2004-11-05,27.22749682660184,27.56988790305181,27.1530640826565,27.421022415161133,9751136
2004-11-08,27.39124930406146,27.584774889315476,27.301929104249748,27.376361846923828,5114486
2004-11-09,27.361476800093257,27.43590954314492,27.227496499696027,27.24238395690918,5529276
2004-11-10,27.316814893665416,27.391247631795295,27.227494699306803,27.361474990844727,4469628
2004-11-11,27.301930498600125,27.584776298111212,27.24238521002261,27.510343551635742,4533470
2004-11-12,27.584773030232153,28.061142096939832,27.584773030232153,27.92716407775879,8673460
2004-11-15,27.986708522439802,28.18023408886442,27.95693588256836,27.95693588256836,6283132
2004-11-16,27.95693899897998,28.090917029089667,27.703868124602195,27.852733612060547,5438284
2004-11-17,27.808073468899018,28.224897287444936,27.644320524342994,28.105804443359375,7584840
2004-11-18,27.971825803366258,28.18023886077168,27.942053158453255,28.120691299438477,5022812
2004-11-19,28.22489322695158,28.25466586581305,27.703864096602313,27.86761474609375,5873300
2004-11-22,27.793186054172963,27.852733612060547,27.614547923524356,27.852733612060547,3852412
2004-11-23,27.91227772368556,27.971823007559966,27.644319403236782,27.703866958618164,5216064
2004-11-24,27.763411901971082,27.808072000082614,27.46568094323681,27.599658966064453,4146860
2004-11-25,27.629439685906842,27.76341773689209,27.525232011243396,27.71875762939453,3899702
2004-11-26,27.644319403236782,27.79318488442977,27.569886662640286,27.703866958618164,3816772
2004-11-29,27.61454676129958,28.016483106219255,27.584774119362375,27.703866958618164,4511316
2004-11-30,27.644320646997148,27.703868205057667,27.406137229276315,27.421022415161133,5859308
2004-12-01,27.391249231648917,27.867618329202276,27.346589131861126,27.808073043823242,5194974
2004-12-02,27.882505381719618,28.210008989566216,27.778299998064835,28.135576248168945,6356314
2004-12-03,28.18024032310671,28.254673075005297,27.927169420952975,28.001602172851562,4316206
2004-12-06,27.897390132219616,27.942050230663202,27.65920672636544,27.837844848632812,4359694
2004-12-07,27.73363803672266,27.97182143029667,27.644317844440625,27.882503509521484,4844014
2004-12-08,27.65920672636544,27.867617490426216,27.644319269715258,27.837844848632812,4667042
2004-12-09,27.763408660888672,27.82295393708147,27.59965574409845,27.763408660888672,4395542
2004-12-10,27.82295925022926,28.090917587280273,27.82295925022926,28.090917587280273,5969262
2004-12-13,28.076033734381422,28.5524028720338,28.046258817678527,28.477970123291016,8708952
2004-12-14,28.507738819106255,28.716149578110535,28.492851362817277,28.6119441986084,6152272
2004-12-15,28.65660597459547,28.71615126022558,28.41842028906095,28.552400588989258,6933082
2004-12-16,28.55239891646629,28.790582316541624,28.55239891646629,28.6119441986084,5907430
2004-12-17,28.760810309941174,28.760810309941174,28.314213869502627,28.34398651123047,10897124
2004-12-20,28.43330608067517,28.686376937039483,28.314213244884048,28.6119441986084,4559736
2004-12-21,28.55239738519671,28.55239738519671,28.224893807965376,28.284439086914062,4849788
2004-12-22,28.28443908691406,28.28443908691406,28.28443908691406,28.284439086914062,0
2004-12-23,28.656612396240234,28.77570526569495,28.567292176272307,28.656612396240234,2203546
2004-12-24,28.656612396240234,28.656612396240234,28.656612396240234,28.656612396240234,0
2004-12-27,28.597058305912284,28.686376226914398,28.507738113403317,28.50773811340332,1614634
2004-12-28,28.507740621903295,28.522628079133746,28.373762592857485,28.49285316467285,1340628
2004-12-29,28.492853164672848,28.492853164672848,28.492853164672848,28.49285316467285,0
2004-12-30,28.477967277636704,28.59706011802628,28.37376189411095,28.388647079467773,1665334
2004-12-31,28.388647079467773,28.388647079467773,28.388647079467773,28.388647079467773,0
2005-01-03,28.358875650570898,29.01388289347731,28.358875650570898,28.909677505493164,6051846
2005-01-04,28.850129480946016,29.043655052557185,28.805469384188534,28.9394474029541,4533578
2005-01-05,28.775697369285705,28.835242651919323,28.537511695737383,28.59705924987793,6041526
2005-01-06,28.611949541371114,28.820362610799666,28.611949541371114,28.686382293701172,4021294
2005-01-07,28.537510753737354,28.58217084999184,28.25466726330372,28.50773811340332,8190616
2005-01-10,28.433310245492986,28.53751564025879,28.284444746825482,28.53751564025879,4525496
2005-01-11,28.477970033923008,28.59706288583918,28.1951242266837,28.358877182006836,6487494
2005-01-12,28.358875828371993,28.418421115734233,27.94205200231497,27.971824645996094,7527504
2005-01-13,28.090915711137175,28.120688352930575,27.748524651745644,27.837844848632812,7539536
2005-01-14,27.748525911102703,28.224897287444936,27.703868082139305,28.105804443359375,6408762
2005-01-17,28.120689448982205,28.611946007995265,28.120689448982205,28.49285316467285,5249502
2005-01-18,28.433307878765167,28.552400722087587,28.269554935258462,28.49285316467285,5805950
2005-01-19,28.552399488364014,28.835242991464668,28.50773939010945,28.775697708129883,10816184
2005-01-20,28.775697708129886,28.775697708129886,28.775697708129886,28.775697708129883,0
2005-01-21,28.67148935641171,28.83524000437263,28.6119418077386,28.745922088623047,7802334
2005-01-24,28.74592208862305,28.74592208862305,28.74592208862305,28.745922088623047,0
2005-01-25,28.686378210521518,28.998996634413,28.65660556812876,28.87990379333496,8405108
2005-01-26,28.894787793590698,28.998993165252728,28.716147417590943,28.80546760559082,6067390
2005-01-27,28.760813826189818,28.894794137605768,28.611948327843592,28.790586471557617,7263014
2005-01-28,28.76080692045247,28.820354468397387,28.611941457850225,28.641714096069336,3246234
2005-01-31,28.701268911385498,28.790586848658783,28.597063515479697,28.716154098510742,6220764
2005-02-01,28.701269917993915,28.954340823071476,28.701269917993915,28.92456817626953,5218514
2005-02-02,28.924558769352668,29.32649504922859,28.909671315039756,29.296722412109375,7797180
2005-02-03,29.266961352288828,29.341394110283957,29.11809583629856,29.237186431884766,7652896
2005-02-04,29.31161231896591,29.639118194580078,29.252067035130775,29.639118194580078,9383222
2005-02-07,29.713552006979135,30.011282979908756,29.594459163505874,29.66889190673828,9292060
2005-02-08,29.802863156034345,30.42809760264917,29.683770339653773,30.398324966430664,16331790
2005-02-09,30.428103096290215,30.636516130460777,30.30901252991498,30.33878517150879,13232130
2005-02-10,30.309016877141573,30.725838462253574,30.279241959770193,30.57697296142578,9149152
2005-02-11,30.57696520499609,31.142654418945316,30.57696520499609,31.142654418945312,8888174
2005-02-14,31.112884285934776,31.410615236039416,31.0533390045166,31.0533390045166,9892268
2005-02-15,31.112882385706587,31.142655024597303,30.844924092676667,30.874696731567383,6702942
2005-02-16,30.785383642308343,30.815156285867662,30.428105105075183,30.4578800201416,7620000
2005-02-17,30.51742362976074,30.666289110881525,30.368558148639956,30.517423629760742,6124154
2005-02-18,30.51742362976074,30.606743827036002,30.338785506717194,30.517423629760742,7313392
2005-02-21,30.428100831818032,30.457875742702928,30.04105197688896,30.160144805908203,6580038
2005-02-22,30.100600024939858,30.130372667057095,29.892189258612202,29.95173454284668,5799532
2005-02-23,29.713553119193488,30.13037467969145,29.639120373174972,30.070829391479492,12080766
2005-02-24,30.070826854150614,30.33878517150879,29.89218873308081,30.33878517150879,9547754
2005-02-25,30.398328432059596,30.547193901630415,30.070824853305158,30.219690322875977,6427640
2005-02-28,30.219688053041303,30.33878087405412,30.041049957275387,30.04104995727539,5563382
2005-03-01,29.8326369526263,30.160142778288208,29.80286431524975,30.04104995727539,9204212
2005-03-02,29.95173401626843,30.428103096290215,29.95173401626843,30.33878517150879,7648300
2005-03-03,30.279238914777437,30.606744800869194,30.279238914777437,30.428104400634766,7028892
2005-03-04,30.42810343248548,30.51742362976074,30.249465309441934,30.517423629760742,5579280
2005-03-07,30.54719647447226,30.844927438690327,30.457878548111033,30.7556095123291,5896412
2005-03-08,30.75561058133206,30.993793998081095,30.725835666669745,30.785383224487305,6908060
2005-03-09,30.815155867642552,31.02356664123634,30.725835666669745,30.785383224487305,7263380
2005-03-10,30.666283485460294,30.785376302811937,30.576963304569922,30.636510848999023,5302508
2005-03-11,30.725829002664774,30.9937872759597,30.696056365966797,30.696056365966797,5545198
2005-03-14,30.636510848999023,30.785376302811937,30.576963304569922,30.636510848999023,4734406
2005-03-15,30.60674509404876,30.934248711770604,30.457879606765466,30.785383224487305,7116214
2005-03-16,30.755603415572377,30.904468868171456,30.39832496643066,30.398324966430664,7522208
2005-03-17,30.398333343353656,30.57697148139887,30.011284422840212,30.249467849731445,9039262
2005-03-18,30.130371930329687,30.368557604457617,30.041054006161914,30.10059928894043,10186416
2005-03-21,30.04105474070538,30.42810363124346,29.86241661649496,29.95173454284668,7265576
2005-03-22,29.98150466295995,30.368555792446795,29.92195938373434,30.219690322875977,7645908
2005-03-23,29.92195916152421,30.100597269381208,29.80286633245062,29.981504440307617,8424044
2005-03-24,30.011290590564343,30.130381192731097,29.892197716889953,29.92197036743164,4446822
2005-03-25,29.92197036743164,29.92197036743164,29.92197036743164,29.92197036743164,0
2005-03-28,29.92197036743164,29.92197036743164,29.92197036743164,29.92197036743164,0
2005-03-29,29.862416947565794,30.21969319994759,29.77309674871684,30.130373001098633,6103256
2005-03-30,30.04106324110603,30.130381192731097,29.832650144298942,29.92197036743164,7507858
2005-03-31,30.10060203558547,30.2494675276225,29.921963899442467,30.070829391479492,9313494
2005-04-01,30.070826854150614,30.5471959341724,30.070826854150614,30.33878517150879,7782300
2005-04-04,30.160149595304567,30.21969488351652,30.011284103267542,30.070829391479492,7981360
2005-04-05,30.160146843225878,30.27923740878291,30.011281364772657,30.10059928894043,5860910
2005-04-06,30.130370369104092,30.27923583984375,30.070825089410956,30.27923583984375,4378452
2005-04-07,30.219693594841463,30.606744766235355,30.219693594841463,30.60674476623535,6685658
2005-04-08,30.636516468958764,30.72583439472705,30.42810343248548,30.517423629760742,4305746
2005-04-11,30.457882377969366,30.63652052466126,30.42810746059799,30.57697296142578,3106150
2005-04-12,30.48765149270094,30.54719677753251,30.219693167944854,30.30901336669922,5150648
2005-04-13,30.4578800201416,30.636518153004634,30.4578800201416,30.4578800201416,4725022
2005-04-14,30.36855911489465,30.51742460075198,30.279238914777437,30.428104400634766,5866548
2005-04-15,30.279246716947174,30.279246716947174,29.802877493757254,29.92197036743164,10152524
2005-04-18,29.505144963499554,29.69867058956262,29.296734148667035,29.475372314453125,49555040
2005-04-19,29.594454653429008,29.624227291883326,29.371156457761543,29.38604164123535,9222556
2005-04-20,29.37115754198184,29.549795650808797,29.147859338071445,29.162744522094727,10312098
2005-04-21,29.088312022270053,29.296725043839555,28.998994102888965,29.147859573364258,8104680
2005-04-22,28.552396530572217,28.850127459417585,28.47796379836087,28.745922088623047,8373780
2005-04-25,28.73103606780379,28.80546880373074,28.433305124095977,28.701263427734375,4337818
2005-04-26,28.73104118082202,28.85013403380045,28.582175682475793,28.790586471557617,5501422
2005-04-27,28.701269043452076,28.716154230645817,28.09091958082677,28.210012435913086,8228698
2005-04-28,28.373764322009247,28.477969714451696,28.09091851794296,28.180238723754883,9962472
2005-04-29,28.07603046417291,28.463079349648808,28.031370365827662,28.34398651123047,7182188
2005-05-02,28.492853129755208,28.850131659284617,28.492853129755208,28.671493530273438,5688294
2005-05-03,28.433313681374763,28.49285897943432,27.822964154480466,28.239788055419922,19668508
2005-05-04,28.224894729888284,28.67149115111116,28.224894729888284,28.6268310546875,8652796
2005-05-05,28.626831054687496,28.626831054687496,28.626831054687496,28.6268310546875,0
2005-05-06,28.790584660008246,28.93945014898762,28.656606628529648,28.909677505493164,7862122
2005-05-09,28.835240605510887,28.86501324471476,28.56728230966249,28.731035232543945,6073426
2005-05-10,28.79058284939719,28.894790502334914,28.150463104248047,28.150463104248047,9137962
2005-05-11,28.12069222672153,28.40353804148993,28.016486830336234,28.210012435913086,9499220
2005-05-12,28.329101795026485,28.611945303383106,28.29932915280584,28.388647079467773,6215698
2005-05-13,28.314214943365418,28.41842032911851,28.195122100430286,28.29932975769043,6589168
2005-05-16,28.29932975769043,28.29932975769043,28.29932975769043,28.29932975769043,0
2005-05-17,28.373764459967003,28.522629956039218,28.061146009612468,28.120691299438477,7466970
2005-05-18,28.224894729888284,28.701263791557977,28.224894729888284,28.6268310546875,5791666
2005-05-19,28.745925066462494,28.9245631879738,28.716150153288147,28.775697708129883,4978254
2005-05-20,28.89478719969851,28.90967238305472,28.641714096069336,28.641714096069336,5862518
2005-05-23,28.671493025078643,28.894791250284843,28.641718111178875,28.87990379333496,3008228
2005-05-24,28.835236905685733,28.894784447959754,28.671486275321755,28.85012435913086,3391260
2005-05-25,28.760807272161287,28.865012642955822,28.56728171411045,28.745922088623047,4946950
2005-05-26,28.731034399013392,29.04365278035145,28.731034399013392,28.760807037353516,6362518
2005-05-27,28.87990807031294,29.028773575830016,28.775702670752455,28.92456817626953,5059038
2005-05-30,28.96922362314215,28.9989962651558,28.805470684806608,28.954336166381836,2571634
2005-05-31,28.894798135149667,28.939455973626078,28.641724935743063,28.656612396240234,6716758
2005-06-01,28.686379686080993,29.296729108309002,28.671494499872463,29.207408905029297,8136150
2005-06-02,29.13296440293056,29.3116024658939,28.969213791675088,29.281829833984375,6025532
2005-06-03,29.326493010228994,29.35626564527819,29.13296747514954,29.177627563476562,5151208
2005-06-06,29.118086698518084,29.281837351814964,29.043653963881287,29.162744522094727,4534200
2005-06-07,29.192521316168037,29.460477360939116,29.192521316168037,29.341386795043945,6173284
2005-06-08,29.25206910051065,29.386047134352882,29.19252381247124,29.326501846313477,5001326
2005-06-09,29.281836270891876,29.386041641235348,29.1776309005484,29.38604164123535,5181196
2005-06-10,29.47536182810502,29.653999930337644,29.371156457761543,29.38604164123535,6097896
2005-06-13,29.41581655119638,29.53490710501366,29.1776309005484,29.38604164123535,5142918
2005-06-14,29.386044621501163,29.44559217595569,29.237179142625255,29.341386795043945,5563040
2005-06-15,29.34138939744354,29.609345465980663,29.34138939744354,29.445594787597656,5433816
2005-06-16,29.49025237541545,29.68377568141462,29.37115953760346,29.534910202026367,6510630
2005-06-17,29.62423431249771,29.802872457065593,29.62423431249771,29.654006958007812,14227036
2005-06-20,29.624229431152344,29.639116887207933,29.386043763304148,29.624229431152344,6241282
2005-06-21,29.68377648680197,29.83264197022928,29.594458559649794,29.758209228515625,5667580
2005-06-22,29.743322631679078,29.773095272650345,29.54979705810547,29.54979705810547,5151720
2005-06-23,29.624229431152344,29.773094905680747,29.505136597228244,29.624229431152344,5581464
2005-06-24,29.445587756379886,29.505133030390144,29.281834845591774,29.430700302124023,6767698
2005-06-27,29.28183638979592,29.326496483412107,29.192518474070273,29.252063751220703,4494038
2005-06-28,29.326504300113026,29.505142450685344,29.25207154808228,29.490257263183594,4517750
2005-06-29,29.564685551910316,29.832641601562504,29.564685551910316,29.8326416015625,6140264
2005-06-30,29.77309799194336,29.98150876928412,29.683777789364687,29.77309799194336,9694714
2005-07-01,29.683772317718308,30.04105079066831,29.668887134370408,30.01127815246582,6548850
2005-07-04,30.041054006161914,30.160146843225878,29.951733810487205,30.10059928894043,2941722
2005-07-05,30.070824616267075,30.24946272404255,30.011279337510842,30.160144805908203,5703910
2005-07-06,30.219695205308437,30.398333343353656,30.189922560885428,30.249467849731445,6241340
2005-07-07,30.189915415664753,30.279233327794397,29.326495302705105,30.04104995727539,15717246
2005-07-08,30.219686877613075,30.457872510374216,30.070821425013996,30.398324966430664,5551544
2005-07-11,30.517425025671585,30.7258358001709,30.42810482431069,30.7258358001709,7054112
2005-07-12,30.636516468958764,30.72583439472705,30.457878345915216,30.517423629760742,6882872
2005-07-13,30.54719386166758,30.90447235107422,30.54719386166758,30.90447235107422,6476560
2005-07-14,30.964025658643134,31.231984027298253,30.844932797962258,31.202211380004883,10927808
2005-07-15,31.231970647749637,31.26174328228863,30.96401239388588,31.023557662963867,8020776
2005-07-18,31.112882260013137,31.112882260013137,30.81515132929531,30.93424415588379,6550296
2005-07-19,30.874696131126555,31.142654418945316,30.874696131126555,31.142654418945312,5388924
2005-07-20,31.053341044385515,31.231979171881516,30.93424820221917,30.993793487548828,8263866
2005-07-21,31.083110809326172,31.291521560192,30.9342453382772,31.083110809326172,10648238
2005-07-22,30.99379061809406,31.14265608914303,30.96401797818563,31.083110809326172,6468636
2005-07-25,31.142656926643863,31.202204479568923,30.993791451591544,31.0533390045166,3746888
2005-07-26,30.993793816409333,31.35107234669928,30.964021173428602,31.17243194580078,5179486
2005-07-27,31.14266381391075,31.351076887979126,31.112891166617377,31.202211380004883,4750594
2005-07-28,31.172434257782154,31.648805666833358,31.172434257782154,31.470165252685547,9648136
2005-07-29,31.47015940413761,31.589252234267693,31.321293934351704,31.529706954956055,6305636
2005-08-01,31.499941771720486,31.67857992344804,31.172435843461408,31.291528701782227,3822268
2005-08-02,31.202206122786453,31.32129669189453,31.023565726110334,31.32129669189453,7120644
2005-08-03,31.410621110678953,31.61903190612793,31.3213009003395,31.61903190612793,6524772
2005-08-04,31.559487690540116,31.589260337833487,31.20221138000488,31.202211380004883,5213174
2005-08-05,31.053345034365606,31.44039398175356,31.053345034365606,31.231983184814453,4178376
2005-08-08,31.291521294695883,31.619024873923514,31.231976015384245,31.529706954956055,6700006
2005-08-09,31.202204479568923,31.23197712027801,30.81515333583014,31.0533390045166,12482160
2005-08-10,31.142654418945316,31.291519882010547,31.02356159419179,31.142654418945312,8209716
2005-08-11,30.993793816409333,31.231979503269297,30.934248530447867,31.17243194580078,6812300
2005-08-12,31.142654418945316,31.291519882010547,30.84492349281485,31.142654418945312,7648964
2005-08-15,31.083114016858584,31.29152478923076,31.053341373877853,31.17243194580078,4603404
2005-08-16,31.231984027298253,31.3808495352725,31.17243646120412,31.202211380004883,7082278
2005-08-17,31.083114016858584,31.26175214625003,31.083114016858584,31.17243194580078,5400926
2005-08-18,31.20220364046671,31.32129420010043,31.083110809326172,31.083110809326172,6188218
2005-08-19,31.083113282171375,31.41061689023259,31.083113282171375,31.32129669189453,5615328
2005-08-22,31.351074671929968,31.589258104948346,31.351074671929968,31.470165252685547,6257642
2005-08-23,31.410620489574615,31.44039313526328,31.231982343935357,31.261754989624023,5966354
2005-08-24,31.20220364046671,31.23197628037514,30.815152507136663,31.083110809326172,7517896
2005-08-25,30.874694457661224,30.904469365865776,30.517418274272373,30.696056365966797,8487374
2005-08-26,30.69606269474445,30.9044757376131,30.487651923382845,30.60674476623535,6035558
2005-08-29,30.398331723366702,30.666290051908085,30.16014830916873,30.60674476623535,4963484
2005-08-30,30.725835138401436,30.815155337838565,30.338786241023627,30.368558883666992,6367314
2005-08-31,30.3090120342084,30.874699029759753,30.3090120342084,30.547195434570312,8723362
2005-09-01,30.666286468505863,30.993790044450684,30.517421000212142,30.66628646850586,9629888
2005-09-02,30.636517870317086,30.874701288101004,30.60674522703248,30.7258358001709,6841840
2005-09-05,30.844924800419715,31.053337820450285,30.844924800419715,30.90447235107422,6502614
2005-09-06,30.964025045030485,31.321301348485594,30.964025045030485,31.291528701782227,10584170
2005-09-07,31.55948383328467,31.85721481284396,31.529711189630163,31.827442169189453,14241942
2005-09-08,31.886986616869574,31.97630681698828,31.76789377388032,31.857213973999023,7226812
2005-09-09,31.916756620012812,32.12516964588363,31.916756620012812,32.00607681274414,6045172
2005-09-12,32.0954006006967,32.214491175669465,31.678576773770683,31.946535110473633,7418166
2005-09-13,31.946529396347962,31.97630203476586,31.678571107573454,31.76788902282715,5677848
2005-09-14,31.79766605838018,32.12516964588363,31.738118506057006,32.00607681274414,6721338
2005-09-15,31.916761351968255,32.24426725953435,31.82744341750157,32.095401763916016,7363242
2005-09-16,32.214487058762536,32.48244536122129,32.09539649900916,32.39312744140625,11358180
2005-09-19,32.27403461014605,32.51221800115963,32.15494177888585,32.39312744140625,7305300
2005-09-20,32.45266962918368,32.8397207260243,32.45266962918368,32.75040054321289,9822196
2005-09-21,32.54199231347077,32.69085778192854,32.393126845013,32.482444763183594,8427194
2005-09-22,32.30380904906707,32.45267452855586,32.21448885277102,32.2740364074707,6992892
2005-09-23,32.42289746112202,32.512215373718924,32.24425936442158,32.36334991455078,5385550
2005-09-26,32.601538161886225,33.10767985488356,32.601538161886225,32.899269104003906,9410856
2005-09-27,32.78017627285547,32.92904174391431,32.750403632945066,32.899269104003906,5619580
2005-09-28,32.98859184575195,33.524506220093855,32.958816932032676,33.43518829345703,11625836
2005-09-29,33.375634658466424,33.49472747713087,33.077903747558594,33.077903747558594,7656006
2005-09-30,33.3756350083729,33.435182554082715,32.75040054321289,32.75040054321289,10462600
2005-10-03,32.89927448545183,33.3756436164601,32.89927448545183,33.34587097167969,7601696
2005-10-04,33.34587221041397,33.64360321229267,33.22677935536104,33.61383056640625,7649232
2005-10-05,33.37563669935835,33.46495688669519,33.196998596191406,33.196998596191406,6305016
2005-10-06,32.839718242634866,33.10767422779263,32.72062543172784,33.01835632324219,7861464
2005-10-07,32.83972074315748,33.34586238866856,32.809945834533735,33.25654220581055,10028742
2005-10-10,33.405406462156606,33.58404682145145,33.256541010415255,33.28631591796875,6595400
2005-10-11,33.22676956869342,33.52450048287796,33.22676956869342,33.25654220581055,6754682
2005-10-12,33.07791198779471,33.13745954771447,32.89927385104971,32.98859405517578,6733996
2005-10-13,32.98858980733035,33.07790772844806,32.095396967112094,32.5122184753418,15310532
2005-10-14,32.541996002197266,32.60154128772729,32.24426503153309,32.541996002197266,6071180
2005-10-17,32.661089469764676,32.690864386677276,32.27404053648053,32.45267868041992,6166752
2005-10-18,32.54199838976817,32.60154367966696,31.886988843345424,32.03585433959961,8726590
2005-10-19,31.827441647217633,31.827441647217633,31.41061782836914,31.41061782836914,7816712
2005-10-20,31.827444302206228,32.1251753017189,31.73812409374952,31.88698959350586,8465932
2005-10-21,31.648803940774954,31.946534919440733,31.648803940774954,31.708349227905273,5494268
2005-10-24,31.916756620012812,32.18471492669995,31.767891146465164,32.00607681274414,4347010
2005-10-25,32.33358350464227,32.45267634921604,32.12517273026848,32.154945373535156,5697308
2005-10-26,32.0953990191009,32.36335507109241,31.976306178489672,32.12517166137695,6199792
2005-10-27,31.976302874630186,32.00607551383007,31.619024389711278,31.738117218017578,9224758
2005-10-28,31.61902571192604,31.738118545212455,31.291522124018545,31.499935150146484,10411876
2005-10-31,31.946536156684306,32.75040892161191,31.8869885957407,32.60154342651367,13250344
2005-11-01,33.286325861822114,33.643602144130355,33.13746036560915,33.58405685424805,18393776
2005-11-02,33.55427931720346,34.3879269394909,33.55427931720346,34.358154296875,18729242
2005-11-03,34.35815546239117,35.13225555419922,34.23906261638059,35.13225555419922,13642496
2005-11-04,35.072711443020324,35.072711443020324,34.50702210913151,34.655887603759766,8409814
2005-11-07,34.80474960567796,34.98338772700383,34.53679128793569,34.83452224731445,8350498
2005-11-08,34.89407228128914,35.28112348977993,34.77498169852945,34.92384719848633,9367908
2005-11-09,34.894069537742084,35.22157542910286,34.83452425104399,34.953617095947266,8958060
2005-11-10,35.04293441772461,35.221574817732254,34.804751003559495,35.04293441772461,7729642
2005-11-11,35.4002145381897,35.727718167086564,35.340666978340266,35.489532470703125,6790176
2005-11-14,35.370441759166596,35.69794538681484,35.370441759166596,35.54907989501953,4908120
2005-11-15,35.60862424642421,35.72771709102906,35.3704408287216,35.45975875854492,5323836
2005-11-16,35.400212202278354,35.57885032702478,34.983388396865365,35.19179916381836,7138178
2005-11-17,35.370439960504726,35.787261499129606,35.310892403910444,35.66817092895508,8181030
2005-11-18,35.84681109773963,36.53159100127976,35.84681109773963,36.23386001586914,10936426
2005-11-21,36.20407833079561,36.62090206058324,36.20407833079561,36.53158187866211,5990390
2005-11-22,36.50180924185726,36.710222242504365,36.352943786326435,36.53158187866211,7565380
2005-11-23,36.56135703070063,36.79954039823379,36.56135703070063,36.76976776123047,6578846
2005-11-24,36.71022651280106,37.12704801956863,36.71022651280106,37.007957458496094,6414406
2005-11-25,36.91863906628035,37.06750454638632,36.79954622789418,36.88886642456055,3736418
2005-11-28,36.9781808936516,37.18659390922536,36.56135940551758,36.56135940551758,5656098
2005-11-29,36.412495859279524,36.71022680736355,36.14453755170252,36.382720947265625,6695324
2005-11-30,36.41249611743117,36.50181403958549,35.90635213919582,36.11476516723633,10520128
2005-12-01,36.29340411641076,37.21636962890625,36.17431127929688,37.21636962890625,7330818
2005-12-02,37.365233648391,37.57364440157211,37.246140815927426,37.51409912109375,9437332
2005-12-05,37.543875384246455,37.72251351442663,37.1865991238861,37.275917053222656,6655064
2005-12-06,37.33545851286274,37.90114772562713,37.305685874613395,37.78205490112305,7627474
2005-12-07,37.78205777238837,37.87137569392417,37.42477927172456,37.6927375793457,9313930
2005-12-08,37.454552050624656,37.692735432661934,37.39500450148529,37.6331901550293,5580070
2005-12-09,37.603422064810566,37.722512634481305,37.33546374003737,37.48432922363281,4870220
2005-12-12,37.6629645937965,37.93092289896283,37.246140815927426,37.51409912109375,7372914
2005-12-13,37.63319195355732,37.72250987427486,37.42477892886936,37.51409912109375,6007316
2005-12-14,37.66297068461836,37.722515974726335,37.007963407401796,37.067508697509766,8746352
2005-12-15,37.097285778666276,37.18660599601639,36.38273085438787,36.68046188354492,10341072
2005-12-16,36.91863629880279,37.42477798461914,36.829316108831996,37.42477798461914,14064506
2005-12-19,37.484325040223474,37.871373891471116,37.27591202354543,37.81182861328125,5827520
2005-12-20,37.66296734964593,37.84160547565906,37.15682561402425,37.48432922363281,8005194
2005-12-21,37.51410811773619,37.81183913454362,37.454562822977664,37.72251892089844,5152064
2005-12-22,37.75228552015654,37.782058160974685,37.15682361776611,37.365234375,4379428
2005-12-23,37.454561147934704,37.603426649680856,37.24614808258572,37.33546829223633,2341362
2005-12-26,37.33546829223633,37.33546829223633,37.33546829223633,37.33546829223633,0
2005-12-27,37.365234375,37.45455456896132,37.246141540220535,37.365234375,1869856
2005-12-28,37.45455182123561,37.662962563180166,37.365231633826966,37.39500427246094,1876624
2005-12-29,37.514100063101075,37.78205837499603,37.484327422114276,37.60342025756836,1642624
2005-12-30,37.54387430665491,37.66296714719249,36.79954689267878,37.24614334106445,2218638
2006-01-02,37.24614334106445,37.24614334106445,37.24614334106445,37.24614334106445,0
2006-01-03,37.42477927172456,38.02024116799071,37.39500663121263,37.6927375793457,7021274
2006-01-04,37.90115090522902,38.43706752470315,37.75228542998696,38.37751770019531,7515902
2006-01-05,38.258427137207185,38.40729261244923,37.99046882747011,38.37751770019531,6836072
2006-01-06,38.347749667401864,38.70502592114811,38.258429468211794,38.67525100708008,5763614
2006-01-09,38.76457187686913,38.9134373637565,38.645481304564875,38.8836669921875,6419696
2006-01-10,38.70502853393555,38.76457382307719,38.377522629134965,38.70502853393555,5680118
2006-01-11,38.8836659136165,39.92572429292307,38.85389099985928,39.8066291809082,9281892
2006-01-12,39.8066357659289,40.19368699373074,39.776865390260916,40.0745964050293,8956044
2006-01-13,39.95549178289279,39.98526669450325,39.59821555863566,39.89594650268555,9311212
2006-01-16,39.77685522119736,40.0448112487793,39.598214840800345,40.0448112487793,3559490
2006-01-17,39.71730207957107,39.806622262304394,39.44934607438431,39.65775680541992,5273980
2006-01-18,38.91343662522317,39.27071287836934,38.61570565709902,39.03253173828125,8401128
2006-01-19,39.300494227868306,40.01504685116909,39.21117401420201,39.955501556396484,8946018
2006-01-20,39.98526890188201,40.49141062610554,39.4493522644043,39.4493522644043,10331010
2006-01-23,38.70502272648598,40.1341321665282,38.64547744627873,39.89594650268555,10756084
2006-01-24,39.86617446540863,40.07458977568115,39.65776369815012,39.8066291809082,7963698
2006-01-25,39.92572334978284,39.95549371982281,39.568442565192065,39.717308044433594,7273290
2006-01-26,39.89594621865698,40.580728293699345,39.8661713072585,40.521183013916016,8859078
2006-01-27,40.78915039219405,41.295292225683994,40.640284879813784,41.02733612060547,7074954
2006-01-30,41.027331375133414,41.205967243518685,40.87846587997184,40.938011169433594,3982174
2006-01-31,41.08687064630522,41.50369215449703,40.997550453688774,41.38460159301758,9414872
2006-02-01,41.17619083892167,41.53346706637375,41.14641592704495,41.38460159301758,8808086
2006-02-02,41.5334697514134,41.771655432784165,41.057098388671875,41.057098388671875,6546418
2006-02-03,41.23573972557366,41.325059926000826,40.58073249413126,41.146419525146484,9377258
2006-02-06,41.26550699984942,42.06937956883075,41.146411906991986,41.65255355834961,5727970
2006-02-07,41.68233732219759,41.92052301549871,41.20596593559535,41.47392654418945,4998378
2006-02-08,41.027328953253004,41.53347069832148,40.78914326645192,41.146419525146484,5775702
2006-02-09,41.503687615793424,41.74187325571887,41.41437197595795,41.53346252441406,4785878
2006-02-10,41.41438051600208,41.741881863296946,41.26551502822784,41.6227912902832,5094242
2006-02-13,41.65255664928184,41.98006250017661,41.295280430223485,41.801422119140625,7668386
2006-02-14,41.50370101539235,41.682341438764354,41.08687941821058,41.354835510253906,9562694
2006-02-15,41.68233864524148,41.68233864524148,40.64028017911044,40.938011169433594,10295576
2006-02-16,41.38460772378104,41.74188400416045,41.3250624342202,41.68233871459961,7659888
2006-02-17,41.86097361598061,41.89074398533506,41.62278794607615,41.741878509521484,5412888
2006-02-20,41.68234043440689,42.42666794216415,41.68234043440689,42.367122650146484,5755946
2006-02-21,42.337349101768766,42.664855032978934,42.337349101768766,42.57553482055664,5538992
2006-02-22,42.3968954707112,43.0221324305058,42.36712509449207,42.90304183959961,5552400
2006-02-23,42.93280773978971,43.08167323440965,42.60530637743444,42.69462203979492,5001620
2006-02-24,42.66484618491478,42.81371166040784,42.33734032162453,42.60530090332031,3495790
2006-02-27,42.57553344371561,42.664853653249395,42.12893693906125,42.367122650146484,4542340
2006-02-28,42.188479081078576,42.39688985908671,41.32506105375303,41.47392654418945,6506844
2006-03-01,41.14641447118016,42.188472747802734,40.997549003091216,42.188472747802734,9914410
2006-03-02,42.009835004787945,42.39688156983763,41.59300898725339,41.86096954345703,7105072
2006-03-03,41.741880386257144,42.188476833777045,41.44414942124388,41.9205207824707,6586530
2006-03-06,41.89074586876378,42.09915663567026,41.801425670657,41.9205207824707,4699238
2006-03-07,41.593012347113486,41.712107451606656,40.81891461146959,41.38460159301758,11380722
2006-03-08,41.47392474352186,41.59301531349477,40.75936769464233,40.78914260864258,7139238
2006-03-09,40.878462341289094,41.027327823563986,40.223455127882346,40.67005157470703,7104618
2006-03-10,40.4318673880892,41.71211149155059,40.4318673880892,41.6227912902832,7139892
2006-03-13,41.89074419754646,42.337340627249546,41.86097382804121,41.980064392089844,5111306
2006-03-14,41.68233364772751,42.575526511607386,41.62278836540495,42.2182502746582,8640322
2006-03-15,42.57552434843573,42.87325528793528,42.1587028503418,42.1587028503418,6956140
2006-03-16,42.24801897278718,42.367114075734186,41.890742749973484,42.277793884277344,4951844
2006-03-17,42.12893583830352,42.39689191688907,41.98007034064167,42.039615631103516,14873130
2006-03-20,42.06938381737341,42.69461608171675,42.06938381737341,42.63507080078125,6572504
2006-03-21,42.575525519845755,42.75416590566598,42.36711476506464,42.63507080078125,6639064
2006-03-22,42.42666931419106,42.664855032978934,42.30757872630448,42.57553482055664,6295214
2006-03-23,42.783939835550015,42.8137147500028,42.45643849163984,42.75416946411133,5873432
2006-03-24,42.724396683622174,42.813716888427734,42.54575627401105,42.813716888427734,3034018
2006-03-27,42.75417722856644,42.992358415387706,42.307580688754186,42.39689636230469,4695630
2006-03-28,42.33733821589168,42.51597859480382,41.950287090257724,42.188472747802734,5549534
2006-03-29,42.039606803381346,42.27779245822758,41.831196059020954,42.06938171386719,5770648
2006-03-30,42.27780576889406,42.456446202024935,42.15871517548343,42.39689636230469,4685848
2006-03-31,42.30756948412914,42.75416590566598,42.18847437924441,42.63507080078125,6954828
2006-04-03,42.87325762450374,43.05189801514471,42.724392146640874,42.96257781982422,4371816
2006-04-04,42.813721624912546,43.0816777259589,42.60531081931929,42.90304183959961,5453680
2006-04-05,43.081674974079306,43.46872618432346,42.96258439078013,43.3794059753418,5766574
2006-04-06,43.379390016780384,43.67712090851259,43.379390016780384,43.528255462646484,6181808
2006-04-07,43.64736295805898,43.76645353141498,43.43894764016471,43.61758804321289,6088396
2006-04-10,43.468721357245286,43.647361755371094,43.34963078717078,43.647361755371094,3899518
2006-04-11,43.61759447106643,43.6473693903004,42.664856114772384,42.90304183959961,6270584
2006-04-12,42.93280290704611,43.141213667451346,42.75416705941899,42.96257781982422,5135782
2006-04-13,43.14121888855007,43.29008438442914,42.99235339267099,43.17099380493164,2959070
2006-04-14,43.17099380493164,43.17099380493164,43.17099380493164,43.17099380493164,0
2006-04-17,43.17099380493164,43.17099380493164,43.17099380493164,43.17099380493164,0
2006-04-18,43.170986649713385,43.40917231224557,42.873255707301574,43.290077209472656,4978750
2006-04-19,43.61759155480856,43.915322555182684,43.61759155480856,43.88554763793945,7276918
2006-04-20,43.02212830905257,43.37940459055947,42.66485202754567,43.17099380493164,8240486
2006-04-21,43.37940673247756,43.58781752839595,43.08167572601853,43.23054122924805,12337696
2006-04-24,43.200764169378836,43.49849512976597,43.08166905941563,43.319854736328125,5969238
2006-04-25,43.37939740079893,43.587808151884474,43.170986649713385,43.290077209472656,4575348
2006-04-26,43.37940235348671,43.67713332989089,42.84348568735635,43.61758804321289,5022532
2006-04-27,43.67713071252897,44.00463658415338,43.20076390463717,43.58781051635742,7617354
2006-04-28,43.558038221428255,43.885539535566096,43.46871802920386,43.766448974609375,5599078
2006-05-01,43.766448974609375,43.766448974609375,43.766448974609375,43.766448974609375,0
2006-05-02,43.29008652193693,43.8260032421661,43.23054122924805,43.23054122924805,9676084
2006-05-03,43.5282631258929,43.766448789814355,43.02212142944336,43.02212142944336,6722534
2006-05-04,42.87325595736916,43.17098690151756,42.06938331677122,43.02212142944336,11685422
2006-05-05,43.02212249192616,44.45123196773477,43.02212249192616,44.36191177368164,9154624
2006-05-08,44.659643149016766,45.04669429824434,44.600097866754176,44.83828353881836,8967254
2006-05-09,44.83828622102893,44.927601878258734,44.33213993398485,44.510780334472656,8791360
2006-05-10,44.54055505144816,44.54055505144816,44.24282408063103,44.2725944519043,5127234
2006-05-11,44.30236649198416,44.86805348263096,44.30236649198416,44.36191177368164,6601668
2006-05-12,44.064180916411814,44.12372619823664,43.20076297241737,43.34962844848633,7600478
2006-05-15,43.111444503302685,43.31985526953615,42.426662377380765,42.932804107666016,9594878
2006-05-16,42.90303998831611,43.20077099574921,42.605308980883,42.72439956665039,6826532
2006-05-17,42.783932685965866,42.96257305680197,40.64027095099934,40.9975471496582,9550164
2006-05-18,41.02732423013868,41.235734978466844,39.65776009595889,40.55095291137695,13682726
2006-05-19,40.37232027954054,41.53346921457026,40.37232027954054,41.444149017333984,7989554
2006-05-22,41.265512662956574,41.265512662956574,39.36003180285671,39.717308044433594,9944850
2006-05-23,40.0448112245761,40.61049819046877,39.776855197156124,40.55095291137695,9458144
2006-05-24,40.3425464968918,40.670052381599874,39.89595004120665,40.16390609741211,8449118
2006-05-25,40.16390609741211,40.16390609741211,40.16390609741211,40.16390609741211,0
2006-05-26,41.08687673296247,41.68233871459961,40.7891457421439,41.68233871459961,8728926
2006-05-29,41.65255307287018,41.83119343856757,41.503687615793424,41.53346252441406,2571648
2006-05-30,41.53347499381659,41.59302028592166,40.31277606209716,40.3723258972168,7480566
2006-05-31,40.074597749974714,41.02733612060547,39.74709180553216,41.02733612060547,8683514
2006-06-01,40.99754597033511,41.59300779864212,40.81891014765094,41.53346252441406,6963748
2006-06-02,41.86096955395028,42.18847084315236,41.29527807494301,41.50368881225586,6413606
2006-06-05,41.50368881225586,41.50368881225586,41.50368881225586,41.50368881225586,0
2006-06-06,40.34254697312834,40.81891834868828,39.895950512171204,40.13413619995117,10228508
2006-06-07,40.31277726660912,40.52119260972599,39.74709016018688,40.342552185058594,8364528
2006-06-08,39.59822196484066,39.687542171108596,38.258432499864846,38.824119567871094,12695598
2006-06-09,39.33026123046875,39.53867199173187,38.94321007782932,39.33026123046875,6675988
2006-06-12,39.12184336897908,39.330258659632925,37.87137434012384,38.28820037841797,7687778
2006-06-13,37.27591808522424,37.633196626983086,36.53159062927721,36.85909652709961,15261074
2006-06-14,37.21636449817058,37.51409541415594,36.53158248280159,36.94840621948242,9356382
2006-06-15,37.365237362000265,38.258430286988315,37.12705167340062,38.02024459838867,9464008
2006-06-16,38.675250197661946,38.94321078962413,37.573646545410156,37.573646545410156,12751266
2006-06-19,37.75228991721172,38.5561626704641,37.75228991721172,38.22865676879883,5245618
2006-06-20,37.93092540085439,38.6454801712604,37.901152758651435,38.55615997314453,5292694
2006-06-21,38.64548629477542,39.03253751926453,38.25843507028631,38.85389709472656,6717100
2006-06-22,39.360026360555224,39.687532186807985,39.121840718099875,39.27070617675781,6322118
2006-06-23,39.151620157743835,39.41957619713124,38.73479864247147,39.12184524536133,3160014
2006-06-26,39.33026513216091,39.53867591409906,38.972984313964844,38.972984313964844,3217650
2006-06-27,39.24093892721331,39.36002948639211,38.79434251577237,38.91343307495117,5210252
2006-06-28,38.46684090309438,39.062302850643874,38.10956464316751,38.8836669921875,4372178
2006-06-29,39.15161562703677,39.538666728150055,39.06229544323936,39.27070617675781,5728242
2006-06-30,39.92572141429601,40.1341321665282,39.44935008661071,39.89594650268555,5113670
2006-07-03,40.044810287994785,40.46163177490235,39.95549009993931,40.461631774902344,3650838
2006-07-04,40.49141097614786,40.58073117366863,40.22345492659953,40.43186569213867,2035416
2006-07-05,40.28300195548751,40.312772327274644,39.71731037536208,40.01504135131836,4919106
2006-07-06,40.13413572617488,40.431866696631644,40.04481552643504,40.16390609741211,4491976
2006-07-07,40.193682326525646,40.312772901398546,39.479129791259766,39.479129791259766,6510136
2006-07-10,39.38980080023316,39.71730207957107,38.88365915542861,39.65775680541992,4088057
2006-07-11,39.479128939736995,39.56844459745812,38.43707053152538,38.8836669921875,5043507
2006-07-12,39.12184793944724,39.419578911720095,38.58593582376739,38.64548110961914,5074246
2006-07-13,38.40729414871371,38.4370690621586,37.33546313839984,37.573646545410156,8906457
2006-07-14,37.21636557995502,37.514096504594654,36.7102239166703,36.978179931640625,6214542
2006-07-17,36.888871576330466,37.03773707722647,35.63840000589969,36.35295486450195,12072656
2006-07-18,36.53158318525528,36.82931410696561,36.11476171206615,36.293399810791016,6121229
2006-07-19,36.531593685959145,37.960703429557164,36.50182103953154,37.75229263305664,7588036
2006-07-20,38.10956573486328,38.675252784034456,37.782062108630726,38.10956573486328,7338088
2006-07-21,37.93093078312957,38.10956893320249,37.5141069186212,37.75229263305664,5566683
2006-07-24,37.87137784494148,38.88366585189807,37.811832560535564,38.55615997314453,4754580
2006-07-25,38.585928918430795,39.12184093820385,38.377513640726505,38.49660873413086,4469334
2006-07-26,38.64547514727038,38.824110977265114,38.31796931109326,38.58592987060547,5116314
2006-07-27,38.85389291564145,39.479129791259766,38.58593685067031,39.479129791259766,5439317
2006-07-28,39.27071391142766,40.1639068392965,38.97298293547138,40.01504135131836,5886570
2006-07-31,40.10436229902495,40.10436229902495,39.687540742135035,39.86617660522461,3739182
2006-08-01,39.86617660522461,39.86617660522461,39.86617660522461,39.86617660522461,0
2006-08-02,39.47912571925848,40.1341328995284,39.36003061365519,39.7470817565918,5571823
2006-08-03,39.95549398862783,39.95549398862783,39.33026169741544,39.4493522644043,4009439
2006-08-04,39.59822036613267,39.95549663376561,39.21116918327439,39.479129791259766,6054819
2006-08-07,39.09207943436831,39.18139963891732,38.73480315918657,38.972984313964844,4606301
2006-08-08,39.15162237408444,39.30048785839655,38.67525100708008,38.67525100708008,3004054
2006-08-09,38.824118550813495,39.151624450878266,38.079793361277325,39.092079162597656,5984009
2006-08-10,38.705026590717004,39.062302850643874,38.288205044638005,38.8836669921875,5168814
2006-08-11,39.002754681858875,39.59821658539871,38.88366411835643,39.12184524536133,5003655
2006-08-14,39.50889707883119,39.657762557306825,39.06230064340428,39.33026123046875,3790215
2006-08-15,39.47912771650787,41.08687310787115,39.121846924636934,40.67005157470703,10685172
2006-08-16,40.99754715220656,41.741874459047686,40.87845660031732,41.50368881225586,9757742
2006-08-17,42.12892841285383,42.72439029854788,42.009837852920484,42.277793884277344,10881929
2006-08-18,42.277798244534296,42.36711844520304,41.56324572521261,41.8907470703125,6705039
2006-08-21,41.71211242675781,42.188479272507315,41.62279222348783,41.71211242675781,3273680
2006-08-22,41.80142808701354,41.92052320571161,41.41438144453403,41.71211242675781,5172518
2006-08-23,41.860977535789985,41.860977535789985,40.997554969413216,41.235740661621094,4602477
2006-08-24,41.205957886958096,41.5632386286303,40.84868168829923,40.9975471496582,5761221
2006-08-25,41.11664915368017,41.325059926000826,41.027328953253004,41.146419525146484,2088890
2006-08-28,41.027322061685545,41.59300899767946,40.78913641489371,41.50368881225586,2623717
2006-08-29,41.50368881225586,41.9205148298949,41.17618752305377,41.50368881225586,5455109
2006-08-30,41.384605601241574,41.86097697932484,41.384605601241574,41.6227912902832,4734738
2006-08-31,41.71211223749057,41.74188260976931,41.26551576618131,41.47392654418945,3883082
2006-09-01,41.65256018815037,42.128931549377185,41.59301490375051,41.9205207824707,4376086
2006-09-04,41.920517190139435,42.277793408936176,41.860971910842245,42.1587028503418,2405348
2006-09-05,42.099159158089826,42.45643997192383,41.95029366666375,42.45643997192383,5014976
2006-09-06,42.57552629836062,42.57552629836062,41.68233343895445,41.980064392089844,4665493
2006-09-07,41.801423791244154,41.86097361598061,41.414377188539916,41.741878509521484,3612180
2006-09-08,41.741876839799836,41.89074230965862,41.563241001777456,41.801422119140625,2452767
2006-09-11,41.56325101748475,41.74188689855392,41.32506529971116,41.593021392822266,3910004
2006-09-12,41.59301747748338,42.128934156272024,41.23574120596237,42.099159240722656,7161768
2006-09-13,42.367122650146484,42.57553344371561,42.188482231078915,42.367122650146484,6111025
2006-09-14,42.54574896261348,42.54574896261348,42.00983691190414,42.188472747802734,4887591
2006-09-15,42.396890780339895,42.87326217729333,42.18847999780314,42.813716888427734,9276991
2006-09-18,42.754166589732264,43.14121319351262,42.6053011135048,42.992347717285156,4459898
2006-09-19,42.99234702940798,43.02212194138259,42.12892909830891,42.63507080078125,5651776
2006-09-20,42.783935515975294,43.34962703236594,42.57552476488976,43.290077209472656,5219361
2006-09-21,43.2305403457193,43.88554763793945,43.141220137004154,43.88554763793945,4857904
2006-09-22,43.677131449736756,43.70690636330113,43.260309917919336,43.43894577026367,5123005
2006-09-25,43.379400019802766,43.52826549999633,43.230534539609195,43.319854736328125,4855063
2006-09-26,43.52825880840113,43.97485518032661,43.438938625413385,43.91530990600586,5202901
2006-09-27,43.94508935905815,44.242820304463656,43.617583501906616,43.766448974609375,8611525
2006-09-28,43.67713091894097,43.88554168231692,43.61758563554983,43.82599639892578,3363606
2006-09-29,43.974862489031636,44.54055404663085,43.88554229119871,44.54055404663086,6635676
2006-10-02,44.33213860078356,44.48100408237519,43.796226501464844,43.796226501464844,6258300
2006-10-03,43.796233205615316,43.885548873831205,43.34963669247722,43.706912994384766,5374220
2006-10-04,43.82599515237669,44.45123196773477,43.7664498706792,44.36191177368164,4737511
2006-10-05,44.659640299733425,45.13601161346933,44.600095021269816,45.07646179199219,7584150
2006-10-06,45.19556278803422,45.7612498217569,45.04669730094783,45.49329376220703,6479110
2006-10-09,45.255112487000304,45.96966507748395,45.255112487000304,45.8505744934082,4632847
2006-10-10,45.9696624526564,46.92240524291992,45.91011716401851,46.92240524291992,7809552
2006-10-11,46.862855225557325,46.98195034537547,46.38648837532766,46.68421936035156,6424471
2006-10-12,46.713987971135616,47.24990463256836,46.446031911926305,47.24990463256836,5730251
2006-10-13,47.30944370623521,47.57740427327112,46.803302025852076,47.458309173583984,8401149
2006-10-16,47.39877190720322,47.45831719560514,46.65444444464345,46.68421936035156,5621912
2006-10-17,46.446029513977244,46.59489499318871,45.67192720487207,45.70170211791992,7095342
2006-10-18,46.088756468067075,46.684218426199685,45.82079586109887,46.59489822387695,5615775
2006-10-19,46.5651290883323,46.77354443395816,46.26739807231223,46.416263580322266,4898067
2006-10-20,46.505572546790525,46.684212930405955,46.32693670618877,46.65443801879883,4297432
2006-10-23,46.83308503845593,47.24990660193548,46.32694327051238,46.92240524291992,5297015
2006-10-24,47.101042897115,47.101042897115,46.4162606942444,46.50558090209961,6112871
2006-10-25,46.41625521583789,46.74376109164737,46.3269395615389,46.565120697021484,5110635
2006-10-26,46.92240337177497,47.249904717730615,46.684217683707324,46.7437629699707,6736003
2006-10-27,46.95217514038087,47.101040631975614,46.47580829308623,46.95217514038086,4894542
2006-10-30,46.684218426199685,46.77353862852242,46.32694215992296,46.59489822387695,4280834
2006-10-31,44.36191512683996,44.6596461008456,43.7962280934349,44.24282455444336,29010888
2006-11-01,44.51078460004361,44.92760618377466,44.21305359937442,44.62987518310547,9324387
2006-11-02,44.481009813760046,44.68942514925386,43.796232144615985,44.12373352050781,10824098
2006-11-03,44.33213733029181,44.74896339261117,44.24282167830765,44.48100280761719,6837687
2006-11-06,44.748960488935595,45.07646179199219,44.54054974280621,45.07646179199219,7153828
2006-11-07,45.19555236879193,45.612373819335474,45.076457280770136,45.582603454589844,7368918
2006-11-08,45.34443435270117,45.67193574237826,44.83829253737131,45.04670333862305,7380171
2006-11-09,45.22532725965796,45.37419272732374,44.98714614580355,45.07646179199219,5108861
2006-11-10,44.95738220214843,45.10624770612906,44.719196487176504,44.95738220214844,4317384
2006-11-13,44.838285205389006,45.31465202420938,44.77873537789921,44.9276008605957,5460539
2006-11-14,44.95737819864404,44.98715311399454,44.421461523434836,44.71919250488281,6048025
2006-11-15,45.01692059166974,45.076465875527624,44.68941925894438,44.808509826660156,4292700
2006-11-16,44.77873484927428,45.31465148925781,44.74896447889483,45.31465148925781,5084172
2006-11-17,45.07647860497539,45.37420965135704,44.77874755859375,44.77874755859375,6762288
2006-11-20,44.62986943207254,44.808509826660156,44.36191338320507,44.808509826660156,6303028
2006-11-21,44.71918367817298,45.25510024760253,44.71918367817298,44.748958587646484,6309696
2006-11-22,44.86806199115713,45.255113210109684,44.778741780165824,44.95738220214844,4932502
2006-11-23,45.01692059166974,45.076465875527624,44.68941925894438,44.808509826660156,3933168
2006-11-24,44.80851110797794,44.83828602226529,43.85577290996594,44.2725944519043,5917746
2006-11-27,44.06417947694884,44.361910419360655,43.290077209472656,43.290077209472656,7958446
2006-11-28,43.111445906510404,43.40917688025286,42.60530415975106,43.14121627807617,8566147
2006-11-29,43.23053380953186,43.55803967763236,42.81371228923472,43.468719482421875,7549703
2006-11-30,43.52827425637937,43.52827425637937,42.75417632945945,42.90304183959961,10583205
2006-12-01,42.992348507430016,43.2603090953725,42.099155633649495,42.33734130859375,7466928
2006-12-04,42.57552692662102,42.843482971191406,42.15870540328623,42.843482971191406,5304409
2006-12-05,43.05190043658281,43.349631409054304,42.75416946411133,42.75416946411133,9663973
2006-12-06,42.81371707150088,43.20076826530381,42.664851577193176,43.051902770996094,7586066
2006-12-07,42.932810222789016,43.49850186086994,42.932810222789016,43.23054122924805,7103741
2006-12-08,43.02211833000183,43.14120888187608,42.69461249782762,42.873252868652344,7474458
2006-12-11,42.99235293886153,43.26031355442402,42.932807649741314,43.051902770996094,6846168
2006-12-12,43.11145157817511,44.153510123365045,42.99235644720171,44.06418991088867,10985711
2006-12-13,43.766458897977266,44.60010664273216,43.706913603997926,44.06418991088867,7528980
2006-12-14,44.123724443006516,44.54055048522665,44.09395407478526,44.42145538330078,7640266
2006-12-15,44.57032590004108,44.68942101545181,44.24282455444335,44.24282455444336,16503529
2006-12-18,44.15349913266057,44.36190988121793,44.004633663260506,44.18326950073242,5170210
2006-12-19,44.00463658415338,44.064181867263116,43.438945037076124,43.58781051635742,6651197
2006-12-20,43.82599693153069,43.85577184509506,43.34963011559849,43.43894577026367,6685434
2006-12-21,43.5282678416888,43.736678616568895,43.37940235348671,43.61758804321289,4496928
2006-12-22,43.55803825766491,43.67712881872071,43.26030731201172,43.26030731201172,2823589
2006-12-27,43.4687260546215,43.88554763793945,43.31986055443444,43.88554763793945,2806860
2006-12-28,43.85577438459123,44.12373045013088,43.677133978888634,43.9748649597168,2482892
2006-12-29,44.06418489324309,44.27259566994613,43.825999201433525,44.09395980834961,2500691
2007-01-03,44.719192878516935,45.34442976198731,44.48100718276564,45.19556427001953,10129496
2007-01-04,45.01691818237305,45.07646346304408,44.77873251667519,45.01691818237305,5377335
2007-01-05,44.8680579956068,44.89783291095729,44.45123643878534,44.71919250488281,5866656
2007-01-08,44.6596461008456,44.7787366732422,44.09395906744054,44.24282455444336,7500066
2007-01-09,44.54055357380617,44.897829818331196,44.302367896451514,44.5703239440918,6887918
2007-01-10,44.39168668603728,44.45123196773477,43.9748606281273,44.36191177368164,6414574
2007-01-11,44.51077787632204,45.284880178333175,44.30236711593869,45.2253303527832,10779469
2007-01-12,45.076464617015915,45.344425201416016,44.957374052625084,45.344425201416016,6082027
2007-01-15,45.493291148263694,45.58261134398622,45.314650756818644,45.46351623535156,3395350
2007-01-16,45.52306078715708,45.70170117573355,45.28487965974019,45.61238098144531,7237752
2007-01-17,45.61237119681512,45.7612366410234,45.46350575260684,45.552825927734375,5964935
2007-01-18,45.73147466556612,46.0292056085893,45.195558059521666,45.403968811035156,7901773
2007-01-19,45.13601277951976,45.55283428254675,45.046692588010075,45.403968811035156,7670999
2007-01-22,45.255109558203785,46.029211933641925,45.10624406623601,45.19556427001953,6589306
2007-01-23,45.22533076723767,45.91011288021319,45.16578548415586,45.70170211791992,7759002
2007-01-24,45.70170916176909,46.20785096049521,45.70170916176909,46.08876037597656,6484399
2007-01-25,46.44602846287012,47.01171545386622,46.32693789940161,46.47580337524414,10444429
2007-01-26,46.29716930161155,46.35671459146733,45.85057281317156,45.910118103027344,7513235
2007-01-29,45.99943588530434,46.356712148626194,45.85057039700238,46.118526458740234,4378896
2007-01-30,46.05898515366412,46.35671615600586,45.91011965249325,46.35671615600586,4521324
2007-01-31,46.11852712281256,46.59489850944388,45.79102576964098,46.326942443847656,8002450
2007-02-01,46.862850189208984,47.279676249254756,46.80330490720639,46.862850189208984,8906365
2007-02-02,46.803302267843954,47.279673583028476,46.6842117105546,47.19035339355469,5406972
2007-02-05,46.98194529622798,47.01171566572237,46.684214343201205,46.862850189208984,3941020
2007-02-06,46.773542628839536,47.279684427937305,46.743767711180716,46.83308792114258,4554405
2007-02-07,46.95217607152439,47.130816482186546,46.713990371646304,47.04149627685547,5597817
2007-02-08,46.92240255384476,47.904911117599184,46.92240255384476,47.39876937866211,12803143
2007-02-09,47.51786589011349,48.17287313289159,47.36900040116328,47.607181549072266,6864920
2007-02-12,47.27967880821129,47.45831466388752,46.92240255384476,47.39876937866211,6060963
2007-02-13,47.48809116107587,47.5774113633986,46.029211180856656,46.59489822387695,17353128
2007-02-14,46.74376109164737,46.92240148627326,46.17807408035531,46.565120697021484,8988201
2007-02-15,46.80330985299662,46.80330985299662,45.70170611899186,45.93989181518555,11256525
2007-02-16,45.93988773547952,46.29716397653489,45.910112822469124,46.20784378051758,7399628
2007-02-19,46.38648223876953,46.773533376699724,46.207841854182156,46.38648223876953,3573644
2007-02-20,46.65443515682677,46.65443515682677,46.05897330532161,46.237613677978516,4085703
2007-02-21,46.2376190217246,46.44602978523505,45.16578574793669,45.433746337890625,7714285
2007-02-22,45.64215951771409,46.0292106950178,45.37419891357422,45.37419891357422,7337825
2007-02-23,45.43374996577082,45.49329525395508,44.89783328608398,45.19556427001953,6684799
2007-02-26,45.731490541427206,45.761260920256234,44.74897717976472,44.77874755859375,5842817
2007-02-27,44.39169488024703,44.48101054777304,42.605308841492864,43.23054122924805,17143908
2007-02-28,42.27779406907237,43.17098690151756,41.86097256447008,43.02212142944336,17276344
2007-03-01,42.873252868652344,43.49848962352553,41.354823345682235,42.873252868652344,14246284
2007-03-02,43.05190625813239,43.11145155207568,42.009847713573315,42.57553482055664,9713743
2007-03-05,41.53347218939892,42.33734493607476,41.384606697680645,42.099159240722656,12360822
2007-03-06,42.188476833777045,42.21825174748397,41.59301490375051,41.9205207824707,11363896
2007-03-07,41.98007143750979,42.57553344371561,41.80143101844222,42.367122650146484,10742378
2007-03-08,42.78393291725513,43.230529303746344,42.60529708846667,43.1114387512207,8775373
2007-03-09,43.11144787577005,43.23053845350124,42.635076478816615,42.813716888427734,9166379
2007-03-12,42.93281002176603,43.05190514960078,42.03961700657111,42.24802780151367,9332112
2007-03-13,42.15870288121259,42.545749468434536,41.771651750977036,41.801422119140625,8461651
2007-03-14,40.22345854045426,40.848690893245355,40.01504321317619,40.19368362426758,22287108
2007-03-15,40.99755403877258,41.59301598426822,40.81891818093234,41.146419525146484,16742128
2007-03-16,41.086874239199744,41.23573972557366,40.729597980505176,41.146419525146484,17088014
2007-03-19,41.56324266435348,41.98006417942595,41.53346775198525,41.741878509521484,8007975
2007-03-20,41.77165172038966,42.21824812963899,41.77165172038966,42.1587028503418,5868473
2007-03-21,42.21825851388218,43.08167663359668,42.12893830145989,42.57553482055664,7497599
2007-03-22,43.43894577026367,43.94509204277421,43.34963011559849,43.43894577026367,11587398
2007-03-23,43.37939689916587,43.76644802842816,43.23053142968142,43.677127838134766,6042322
2007-03-26,43.58781491609238,43.76645532646737,42.724396866313384,43.051902770996094,7385804
2007-03-27,43.230529067288444,43.40916943811317,42.81370759271522,42.873252868652344,6766174
2007-03-28,42.664855032978934,42.75417524540123,42.21825851388218,42.57553482055664,7246549
2007-03-29,42.72439731729442,43.29008438442914,42.66485202754567,43.17099380493164,5888008
2007-03-30,43.14121319351262,43.55803925275779,42.992347717285156,42.992347717285156,7754602
2007-04-02,42.90303727668838,43.11144806011631,42.664851577193176,43.051902770996094,5582819
2007-04-03,43.37940115818239,43.8557725245085,43.23053567408223,43.647361755371094,7709170
2007-04-04,43.91531349791261,44.064178967397055,43.64735747004603,43.677127838134766,6749341
2007-04-05,43.73667120021131,44.093951945724136,43.49849009388729,43.85576629638672,4662473
2007-04-10,43.88553856193231,44.451230071460685,43.796222914703144,44.18326950073242,6582972
2007-04-11,44.18328049884735,44.51078643025579,43.91532440443297,44.06418991088867,5729366
2007-04-12,43.88554948593594,44.21305541734438,43.6771386855009,44.06418991088867,5472691
2007-04-13,44.123724443006516,44.60009576468278,43.97485897285939,44.42145538330078,7465687
2007-04-16,44.60009667466208,45.314649128741934,44.54055139399105,45.01691818237305,10053278
2007-04-17,45.10624770612906,45.314658503099004,44.719196487176504,44.95738220214844,7350877
2007-04-18,44.86805242081421,45.642154693603516,44.570321476358885,45.642154693603516,11407241
2007-04-19,45.45824512439663,46.37783199268277,45.27432587983514,45.97934341430664,14639484
2007-04-20,46.50043533185234,48.002429817244554,46.31652078975495,47.97177505493164,21992230
2007-04-23,47.84917307706898,47.97178279157444,47.3280700972688,47.726558685302734,7738178
2007-04-24,47.91047034418918,48.03308003927041,46.99088359929979,47.481327056884766,7597365
2007-04-25,47.54263495351596,48.094383239746094,47.54263495351596,48.094383239746094,9104382
2007-04-26,48.40091538609038,49.013973236083984,48.27830568699575,49.013973236083984,14016418
2007-04-27,48.799413701325065,48.952678194531025,48.00244114301076,48.217010498046875,9086806
2007-04-30,47.91047121170744,48.738098361641775,47.87981644875203,48.523529052734375,5236281
2007-05-02,48.61548641368326,48.61548641368326,47.6345901716427,48.15569305419922,12431871
2007-05-03,46.89891433715821,47.42001244989704,45.73410376457436,46.8989143371582,33255036
2007-05-04,47.052195115522906,47.72655788856686,46.990890259293586,47.20545959472656,11707086
2007-05-07,47.32806654359935,47.69590501401784,46.99088751539633,47.511985778808594,5256975
2007-05-08,47.51197476136058,47.51197476136058,46.3165140414946,46.59238815307617,10521239
2007-05-09,47.08284363596918,47.389372553710494,46.745659955549705,47.052188873291016,6645217
2007-05-10,47.236110712832094,47.236110712832094,46.68435769486561,46.71500778198242,6069599
2007-05-11,46.255215338754056,47.726555191411975,46.13260563322442,47.266761779785156,11379203
2007-05-14,47.573291098486784,47.69590548225013,46.837623504948624,47.082847595214844,7005997
2007-05-15,46.960234353483166,47.236113215714475,46.56174578176723,47.1441535949707,5597178
2007-05-16,47.082842417653815,47.726550321897925,46.83761835435416,47.236106872558594,8843270
2007-05-18,47.66524961930287,48.55418166412848,47.63459485475286,48.43157196044922,15803598
2007-05-21,48.73810214295838,48.983326233846746,48.12504425436771,48.24765396118164,9039593
2007-05-22,48.24764522177963,48.58482887033249,47.87981149070538,47.94111633300781,5746185
2007-05-23,47.9104725669173,48.61549003949264,47.87981780309479,48.37026596069336,5597013
2007-05-24,48.063736036613896,48.43156980856871,47.78785719970265,47.818511962890625,6449849
2007-05-25,47.511985151073596,48.43157196044922,47.511985151073596,48.43157196044922,6563121
2007-05-29,48.61548830364101,48.73809800003264,48.216999774478026,48.70744323730469,7388298
2007-05-30,48.40090822440731,48.5848274230957,47.941114904945834,48.5848274230957,7649975
2007-05-31,48.922021105189906,49.32050498872345,48.86071157486738,48.98332595825195,12956954
2007-06-01,49.0752867238858,49.32050614186738,48.738103008270265,49.04463195800781,7708324
2007-06-04,48.89136144765165,49.320500053404146,48.339608470784135,48.67679214477539,5835540
2007-06-05,48.70743855493735,48.799398157020825,47.78785188862191,47.94111633300781,6999163
2007-06-06,47.75721033550157,47.97177966051182,46.6843590331898,47.082847595214844,7983003
2007-06-07,47.23610492426246,47.29740976824381,45.97933457497587,46.16325378417969,11129680
2007-06-08,45.97933457497587,46.37782307674429,45.58084607320746,46.16325378417969,9280177
2007-06-11,46.46978357805082,46.92957693267299,46.408474055626634,46.68435287475586,6026202
2007-06-12,46.68436046186525,46.86827502724786,46.1939122663237,46.40848159790039,5620785
2007-06-13,46.25521460575187,46.806967626412565,46.07130005037189,46.50043869018555,5974500
2007-06-14,46.837619496389024,47.32806295768676,46.74565988575192,47.29741287231445,8223969
2007-06-15,47.297412589954256,48.278304183954006,47.08284328458869,47.757205963134766,15915038
2007-06-18,47.75721345255949,48.21700689784615,47.54264411354455,47.726558685302734,5222451
2007-06-19,47.81851471931704,47.941124424616234,47.297416455904774,47.511985778808594,5081652
2007-06-20,47.787862499270204,48.00243651086146,47.29741897469475,47.42002868652344,6363226
2007-06-21,47.174791134085886,47.236100649779,46.13259484893398,46.59238815307617,10649503
2007-06-22,46.83761357787022,46.99087801714515,45.887372183461856,46.19390106201172,10061438
2007-06-25,45.85673127245753,45.979340977493344,45.27432348038636,45.82607650756836,10866812
2007-06-26,45.27432365676475,45.4582428922954,44.906489862963895,45.335628509521484,11654557
2007-06-27,44.81452826924314,44.967792733007485,44.10951080047509,44.75322341918945,16781298
2007-06-28,45.243666496889745,45.27431657984691,44.78387315719477,44.937137603759766,9027916
2007-06-29,45.09040551771323,45.121055603027344,44.29342846338497,45.121055603027344,11585247
2007-07-02,44.93714005557081,45.39693342035253,44.75322083875413,45.09040451049805,6694600
2007-07-03,45.30497489866319,45.672808663859705,45.243670050673785,45.396934509277344,7322799
2007-07-04,45.488891887471,45.795420821152774,45.33562742063011,45.550201416015625,4878761
2007-07-05,45.887379356458084,45.887379356458084,44.96779257706109,45.24367141723633,9298949
2007-07-06,45.243666053676264,46.10194320422464,45.059746848696086,45.61149978637695,17768232
2007-07-09,45.856731129929585,46.10195053923903,45.611507043359715,45.7954216003418,7402520
2007-07-10,45.51954413019147,45.67280858854229,44.6612622279749,45.121055603027344,12065988
2007-07-11,44.385389499119896,44.72256851196289,43.95624619560122,44.72256851196289,15398676
2007-07-12,44.66126775290826,44.93714661842405,44.32408870918095,44.78388214111328,11539791
2007-07-13,45.366280828397,45.703464516268895,45.0290971405251,45.1823616027832,12472624
2007-07-16,45.550201190748474,45.97933982487653,45.335627196424134,45.7647705078125,8652754
2007-07-17,45.5502000540108,45.7954194518156,45.121056753332006,45.1823616027832,10232929
2007-07-18,44.69192630883279,44.99845528944582,44.44670218889015,44.50800704956055,10635982
2007-07-19,44.72256904025798,44.967793119842526,43.77233216310077,44.0482063293457,14865121
2007-07-20,43.89493757466952,43.92559233559449,42.79143634026817,43.097965240478516,27493276
2007-07-23,42.97535844071351,43.09797282874227,42.36230053235166,42.82209396362305,17468672
2007-07-24,42.76079305535196,43.588420372583975,42.63818333326614,42.852752685546875,19472248
2007-07-25,42.484914351804356,42.7301337700588,41.74924206525925,42.08642578125,17118466
2007-07-26,42.20903889491406,42.270343754422456,40.768353648792385,40.82965850830078,22011248
2007-07-27,40.36986022572332,41.044222954315174,40.21659575662243,40.52312469482422,22428128
2007-07-30,40.49247469481379,40.67638925177582,39.572887878222346,40.27790069580078,21688960
2007-07-31,40.7376924047575,41.963808109066356,40.55377785546731,41.41205978393555,23147444
2007-08-02,41.07487393443559,41.504012537473464,40.52312096105834,40.79899978637695,22172058
2007-08-03,40.86031133849451,41.01357581862595,39.87941960110543,40.24725341796875,11653664
2007-08-06,39.78745399503259,39.87941360473633,39.082436556984014,39.87941360473633,20244332
2007-08-07,40.61508307996812,40.86030715854451,40.36985900139173,40.7070426940918,16279929
2007-08-08,41.074879543818085,42.20903573009825,40.89096030182211,41.871856689453125,16186843
2007-08-09,41.657276421378604,41.841195635736355,40.79899922706887,41.19748306274414,18485788
2007-08-10,40.40051146279086,40.55377591850914,39.388965119598204,40.06332778930664,19500100
2007-08-13,40.4618150265221,40.82964877312943,40.12463136373048,40.492469787597656,11960204
2007-08-14,39.235701433316926,39.45027074007836,38.50003156371623,38.92917251586914,28522524
2007-08-15,37.94828225300084,38.775909423828125,37.733710600046635,38.775909423828125,19974064
2007-08-16,38.009590198425364,38.37742400682897,37.733713672807504,37.88697814941406,20565130
2007-08-17,38.132194107325695,39.84875541115727,37.54978875282128,38.68394470214844,30827160
2007-08-20,39.41962339982395,39.48092825213068,38.56134143574842,38.74525833129883,12576410
2007-08-21,38.622646420089346,38.77591089001034,37.94828368788908,38.37742233276367,14846052
2007-08-22,38.62264096056479,39.266353514144775,38.53068135615911,38.990474700927734,12512244
2007-08-23,39.48092806286996,39.91006670422034,38.59199367690236,38.837215423583984,16809712
2007-08-24,38.53069040921655,38.99048386201689,38.316121066695224,38.86787414550781,8038137
2007-08-27,39.174399039053874,39.38896835925533,38.99047980616098,39.08243942260742,5851926
2007-08-28,39.02113376789395,39.08243861851014,38.00958736231574,38.43872833251953,11181787
2007-08-29,38.00958490614749,38.59199030388704,37.97893248282014,38.40807342529297,8770870
2007-08-30,38.68395007361445,38.74525726286079,37.88697532245321,38.43872833251953,9331688
2007-08-31,38.50003048581753,38.92917142595564,38.28546118506347,38.622642517089844,10686523
2007-09-03,38.99047758040304,39.051784767411036,38.59199138868633,38.714603424072266,6899913
2007-09-04,38.4693751353698,39.726145436990905,38.37741553425564,39.38896179199219,16073978
2007-09-05,39.358308616832026,39.54222782646369,38.68394597694895,38.89851760864258,11589641
2007-09-06,38.959821168874726,39.11308561276379,38.16284652837754,38.68394470214844,12916461
2007-09-07,38.34677434529791,38.62265089081555,36.998046386146505,37.70306396484375,21129712
2007-09-10,37.70306396484375,37.70306396484375,37.70306396484375,37.70306396484375,0
2007-09-11,37.6110954284668,37.82566706354975,37.243261680653056,37.6110954284668,10320528
2007-09-12,37.6110954284668,37.6110954284668,37.6110954284668,37.6110954284668,0
2007-09-13,37.427177134089185,38.31611138596965,37.30456510992811,38.13219451904297,13489021
2007-09-14,37.79501461165315,38.10154351413654,37.24326165173109,37.733707427978516,14383411
2007-09-17,37.39652900140749,37.580445889426095,37.12065250006452,37.33522415161133,9224432
2007-09-18,37.15130939921617,38.37742525184549,37.15130939921617,38.1015510559082,18632480
2007-09-19,39.78745928328309,40.369862426715336,39.41962547283848,39.48093032836914,29687580
2007-09-20,39.02113205644406,39.45027066919587,38.92917244592294,39.17439651489258,13191930
2007-09-21,39.1130959171564,39.266362740053616,38.683954893483325,38.86787414550781,16599846
2007-09-24,38.653297607859315,38.929174112603796,38.43872829229702,38.56134033203125,12779129
2007-09-25,38.25480654320404,38.408070988747916,37.51913673686745,38.13219451904297,18164718
2007-09-26,38.316116600053654,38.43872864089986,37.79501834974499,37.97893524169922,13431827
2007-09-27,38.37742525184549,38.683954215002814,38.1015510559082,38.1015510559082,14304651
2007-09-28,38.19350543658453,38.56134156757304,38.0708933929217,38.37742233276367,12433508
2007-10-01,37.05935218920138,39.818110524626206,36.72217079676515,39.542236328125,41669184
2007-10-02,39.94072037182825,41.47336501635535,39.94072037182825,40.7070426940918,35232044
2007-10-03,40.799000511433114,41.534668037503316,40.584426528840915,41.28944396972656,20658248
2007-10-04,41.0748770916928,41.8105446612369,40.921612624932756,41.442710876464844,16060986
2007-10-05,41.35074724977882,41.90250021204495,41.258792320451036,41.65727615356445,10170746
2007-10-08,42.02511588890288,42.086420736117546,41.749237060546875,41.749237060546875,7767899
2007-10-09,41.749235760152125,41.81054060545728,41.258792320451036,41.65727615356445,11450724
2007-10-10,41.74923972661782,42.055768659525825,41.412060706775215,41.68793487548828,9357338
2007-10-11,41.53466400629554,41.99445733477852,41.32009472178874,41.50400924682617,9807012
2007-10-12,41.228137559168516,41.65727615356445,41.136177952580844,41.65727615356445,7255003
2007-10-15,41.71859009628892,41.933159416220896,41.13618231103313,41.25879669189453,7046629
2007-10-16,41.10552470355918,41.19747962580672,40.52311702485414,40.768341064453125,12058957
2007-10-17,40.55377428344078,41.07487247642103,40.4005098339019,40.67638397216797,9306481
2007-10-18,40.58443131341051,40.82965541009717,40.09398779729782,40.18594741821289,12285224
2007-10-19,40.06332937832994,40.21659384012712,39.48092629440474,39.69549560546875,11392090
2007-10-22,39.11308687427574,39.20504647902707,38.77590555457066,39.0211296081543,15476422
2007-10-23,39.32765833102895,39.35830841430331,39.0824342785352,39.11308670043945,8972062
2007-10-24,38.99047648440252,39.05178366968721,38.2241542080689,38.40807342529297,18166468
2007-10-25,38.50002689180783,38.622638911634205,38.04023357143123,38.285457611083984,16265305
2007-10-26,38.07089251836125,38.46938106645387,37.45783465276039,37.97893524169922,16079780
2007-10-29,38.34677282325583,38.53068973342415,37.856326949930185,38.1015510559082,12183237
2007-10-30,37.67240261218904,38.00958393745662,37.15130207438466,37.6110954284668,24070050
2007-10-31,37.672406308898786,38.193504559207454,37.36587737609836,37.97893524169922,18419952
2007-11-01,37.82566665272269,37.82566665272269,35.64931193476409,36.29302215576172,54461592
2007-11-02,35.863883429042765,36.07845273632861,33.871445460762615,34.760379791259766,44541108
2007-11-05,34.02471448806691,34.08601934448516,32.89055827391683,33.47296142578125,33752480
2007-11-06,33.90209965125653,34.36189305250855,33.38100139862297,33.77948760986328,23175266
2007-11-07,34.39254327026242,34.85233664199657,33.16642761230469,33.16642761230469,24306460
2007-11-08,32.584033829925396,33.16643706249684,32.246850057008416,32.55337905883789,23904100
2007-11-09,32.95186169390375,33.074473740025724,30.419931945211513,31.235300064086914,42780276
2007-11-12,31.296605851629447,32.85990305509548,31.265953423841943,32.492069244384766,29872152
2007-11-13,32.492064007845265,33.10512181931404,31.817701350681592,32.89055252075195,18147124
2007-11-14,34.08602053392628,34.48450913044134,33.65688184676292,33.81014633178711,25160572
2007-11-15,34.024704203614625,34.05535662255861,32.982505589111305,33.442298889160156,19235972
2007-11-16,32.9825125856347,33.07447220060357,32.12423297998929,32.4614143371582,16327580
2007-11-19,32.46140934533476,32.49206176606735,30.77550048011428,30.95941734313965,17994862
2007-11-20,31.11269002644932,31.296606938189935,29.85592173448632,30.99007797241211,23701140
2007-11-21,30.44445671691997,30.468979595396636,29.50034694324198,29.549392700195312,27368740
2007-11-22,29.61069109804948,30.334099484883453,29.426774226857596,29.488079071044922,14038080
2007-11-23,29.622948944989343,30.8981101295085,29.56164410823076,30.493492126464844,17034584
2007-11-26,30.493492126464847,30.493492126464847,30.493492126464847,30.493492126464844,0
2007-11-27,30.591580396078253,31.817695805321797,30.1624395351171,31.35790252685547,21309872
2007-11-28,32.124226165531255,33.62621574145376,32.00161415112563,33.442298889160156,27291184
2007-11-29,33.90209845884445,34.607115918085924,33.411652649151726,33.84079360961914,22062564
2007-11-30,33.90210261753034,35.281482941975675,33.84079776078492,35.06691360473633,24599392
2007-12-03,34.88299594624946,35.312134611506146,34.2699380374481,34.42320251464844,14392927
2007-12-04,34.20862625102437,34.300585860451505,33.105122631048744,33.65687561035156,16941540
2007-12-05,33.56491558335436,34.14732097901071,33.197081827481924,34.08601379394531,12874888
2007-12-06,34.30059412915425,35.12822145899116,34.116677204593884,34.39255142211914,14536031
2007-12-07,34.944301552615116,35.312135370348386,34.791037072121185,35.06691360473633,11333831
2007-12-10,33.93274615564412,36.231712760731924,33.87144131496035,35.557350158691406,39128796
2007-12-11,35.679965148787495,35.679965148787495,34.30058507091141,34.91364288330078,29440688
2007-12-12,33.871443091498485,35.22017070494929,33.59556661669243,34.484500885009766,24775862
2007-12-13,33.963409881124676,34.177979218795,33.13578028161688,33.258392333984375,20710544
2007-12-14,33.7181840439188,34.08601784349126,33.043821298492524,33.8714485168457,12832786
2007-12-17,33.25838743697765,33.472956743054525,32.553369993645,32.95185852050781,15729136
2007-12-18,32.95185852050781,32.95185852050781,32.95185852050781,32.95185852050781,0
2007-12-19,32.522716730963054,32.92120524754884,32.216187822398595,32.30814743041992,14094918
2007-12-20,32.21618405304924,32.49206050620523,31.78704316354323,32.06291961669922,10396291
2007-12-21,32.36945376054047,32.46141337277736,31.78704833984375,31.78704833984375,22608010
2007-12-24,31.78704833984375,31.78704833984375,31.78704833984375,31.78704833984375,0
2007-12-27,32.06292454649208,32.706634810409064,31.78704805091906,32.24684143066406,6827907
2007-12-28,32.0322774338969,32.67598780455535,31.970972575217225,32.124237060546875,5741934
2007-12-31,32.124237060546875,32.124237060546875,32.124237060546875,32.124237060546875,0
2008-01-03,31.511173896219827,31.695090780404907,31.112685364960424,31.296602249145508,11556400
2008-01-04,31.082038803815266,31.327260582775732,30.13792899130968,30.34636878967285,13851028
2008-01-07,29.8804396748699,30.23601200032119,29.132508373616115,29.561649322509766,15862074
2008-01-08,29.610695139622727,30.959422943501302,29.2305999087962,30.10114097595215,24466128
2008-01-09,29.73330038421008,30.59158215549482,29.537122094538656,30.03982925415039,16571810
2008-01-10,30.346358950872748,30.616103521862687,29.80686747026313,30.076614379882812,14553290
2008-01-11,30.02757153936235,30.640629355205505,29.733304068393227,30.064355850219727,13537770
2008-01-14,30.346363880082734,30.83680969728734,30.06435782751885,30.383148193359375,11450098
2008-01-15,30.383147004351475,30.456713289395708,29.365471096491145,29.537126541137695,12552378
2008-01-16,29.12025618457976,29.12025618457976,28.065795633323656,28.654333114624023,20027662
2008-01-17,29.38999696904368,29.696525940789098,27.734742392522794,27.894136428833008,18945218
2008-01-18,28.053524965382653,28.32327190435951,26.31244065365479,26.484098434448242,27351824
2008-01-21,25.748424970156854,25.772947840923365,24.706226348876953,24.706226348876953,26257746
2008-01-22,24.179003397262107,27.59986769563032,23.198111665810842,26.97454833984375,44742868
2008-01-23,28.29874938073638,28.29874938073638,25.51546626718531,26.851932525634766,29914976
2008-01-24,28.200663792777654,29.402256732242115,28.05352886573103,29.02216148376465,27417898
2008-01-25,29.426776447748274,29.89269937917372,28.298749923706055,28.298749923706055,18425472
2008-01-28,27.636650427639363,28.200662556221282,27.121681713502287,27.881872177124023,14390333
2008-01-29,28.433623622848202,28.8137188334949,28.04126697461547,28.69110679626465,12235656
2008-01-30,27.58759993185556,28.74014920604721,27.526295089681145,28.237442016601562,15438398
2008-01-31,27.96769963960037,28.151616534617094,25.613557302947736,27.170724868774414,40572988
2008-02-01,27.305603899440655,28.372323510517276,26.140792763213312,27.219776153564453,25614724
2008-02-04,27.710211730081387,27.710211730081387,26.71705879540623,27.133935928344727,15035575
2008-02-05,26.717062032999113,26.864194606305908,25.68712466533121,26.03043556213379,19076316
2008-02-06,25.564514595595575,26.005914688110355,25.037284433645723,26.00591468811035,17435776
2008-02-07,25.907822288784107,25.993652347518413,25.15989334313926,25.307025909423828,12150996
2008-02-08,25.687127118380445,25.932348876853126,24.98823914322601,25.135374069213867,10519351
2008-02-11,24.890148564389687,24.890148564389687,24.215785843442102,24.3629207611084,13828309
2008-02-12,24.387440037872302,25.098587036132812,23.296197835014805,25.098587036132812,25237244
2008-02-13,24.595879556222425,25.405115707082455,24.350657826688195,25.049543380737305,13642515
2008-02-14,24.362918514832597,24.98823542602676,22.683139078407407,22.965145111083984,56220620
2008-02-15,23.100019993438924,23.112281431084277,21.457024767043475,22.08234405517578,58298552
2008-02-18,22.241741138356748,22.45018092984806,20.929797531347496,22.143651962280273,24076328
2008-02-19,21.579634788098904,22.695399784618704,21.37119504486829,22.00877571105957,24205992
2008-02-20,21.665469323369184,22.51148999904476,21.628685002294375,22.266265869140625,22709554
2008-02-21,22.621834715791753,22.940622727330584,22.253998616998466,22.290782928466797,15694962
2008-02-22,21.959732910261984,22.683141390341675,21.812600329795384,21.873905181884766,17333558
2008-02-25,22.376610616565028,22.79349012473116,21.947469671261068,22.413394927978516,15566314
2008-02-26,22.68314094988228,23.149063897152864,22.486962620649386,22.74444580078125,16373749
2008-02-27,23.05097756799566,23.124546204480154,22.278525593951983,22.9774112701416,14974918
2008-02-28,22.744445299620388,22.805752487798642,21.665464512614196,21.861642837524414,25309500
2008-02-29,21.457027258431747,21.65320560627555,20.74588016284037,21.06467056274414,29607306
2008-03-03,20.120559601913882,21.12597415929816,19.96116558078501,20.36578369140625,26630604
2008-03-04,20.218647478229872,20.647788438108886,19.311322146884862,19.66689682006836,21604456
2008-03-05,19.826294714053265,20.31674061912884,19.397153670125686,19.764989852905273,23333862
2008-03-06,19.47071722957223,19.60558953404816,18.735047350413428,18.84539794921875,24838480
2008-03-07,18.39173504174504,18.918965153789205,18.269123007074064,18.514347076416016,29348404
2008-03-10,18.269120820705147,18.42851597897569,17.508929336940568,17.778675079345703,22024594
2008-03-11,17.889030668659707,19.37263091301277,17.643807729368955,18.37947654724121,32199820
2008-03-12,19.36036872480711,19.789508559636815,18.820878279236428,19.581069946289062,30676174
2008-03-13,18.698261413187662,19.05383486214126,18.06068079061439,18.833133697509766,29099728
2008-03-14,18.661479342113743,19.519760009058505,17.153356579793513,17.43536376953125,41028632
2008-03-17,15.731061511791527,16.417686694956352,14.835997772836945,15.019914627075195,52426604
2008-03-18,15.755587215669426,17.459887290626185,15.461318558935012,17.177881240844727,40003400
2008-03-19,17.962595714994706,18.23234151408885,16.748741373043746,17.300493240356445,34712216
2008-03-20,16.577084846884112,17.22692584132315,16.209249902541526,17.116575241088867,30757982
2008-03-25,18.698263959107457,18.79635311911823,17.98711696437185,18.514347076416016,23212372
2008-03-26,18.220077308378634,18.600173657069202,17.692848398020693,17.98711585998535,15555846
2008-03-27,17.803199024295008,18.8821797203296,17.656064123702613,18.20781707763672,21762440
2008-03-28,18.023897028361144,18.318164458129246,17.705106728121624,17.76641273498535,12707914
2008-03-31,17.043007943112897,17.69285011291504,16.920397073400935,17.69285011291504,17761404
2008-04-01,17.766416195276577,20.132819868181375,17.533454726999263,19.863075256347656,52891596
2008-04-02,20.292214423057672,21.150496370652146,19.666897457919895,20.84396743774414,38136580
2008-04-03,20.574222268118465,20.611004242359822,19.51976201877102,19.863075256347656,21312088
2008-04-04,20.782661602501904,20.954317048440405,20.194124301828378,20.512914657592773,20119486
2008-04-07,21.248583806838187,22.19269340465267,21.162756086787773,21.702247619628906,30320822
2008-04-08,21.60415876651777,22.253998563828954,21.285368417110583,21.849380493164062,18975314
2008-04-09,21.616421576414506,21.83712280533015,21.211803436279297,21.211803436279297,17490564
2008-04-10,21.052406217654234,21.260845975794574,20.36578209498078,21.076929092407227,22013832
2008-04-11,21.040143812151126,21.187278715268874,20.48839084874701,20.966577529907227,12618662
2008-04-14,20.70909466100801,20.70909466100801,20.26769457292411,20.4638729095459,9454824
2008-04-15,20.647785096999268,20.954313970364897,20.304471916923063,20.67230796813965,11895177
2008-04-16,21.02788706814869,21.0769328263435,20.402567682947662,20.880754470825195,13379271
2008-04-17,21.003361317870333,21.150496233710804,20.488392620373908,20.99110221862793,12118268
2008-04-18,21.150494251641955,22.401132733879795,21.113709941471456,22.131385803222656,21062912
2008-04-21,22.315306883418685,22.683140661394656,21.714508126825073,22.03329849243164,13810455
2008-04-22,21.763556668509008,22.070085635671106,21.62868317459595,21.824861526489258,9262500
2008-04-23,21.947470297093684,21.99651604704354,20.81944377317786,21.59189796447754,13349920
2008-04-24,21.68998540457597,21.88616371154785,21.015620428058988,21.88616371154785,13657770
2008-04-25,22.13138779282916,22.842534816314597,22.094605817981897,22.670879364013672,13546271
2008-04-28,21.567375474885385,22.634094830424868,21.32215139801441,22.278522491455078,19690336
2008-04-29,22.094603455034207,22.192692608520144,21.72676737548952,21.88616371154785,13226960
2008-04-30,22.00877854841071,22.00877854841071,21.11371227759997,21.4570255279541,18539688
2008-05-02,22.070082002517076,22.79349043302332,21.91068799482945,22.560527801513672,19052746
2008-05-05,22.68314156239776,23.050975354984555,22.536006642184912,22.609575271606445,10657241
2008-05-06,22.253999218390046,22.47470041590424,21.187279881911543,21.59189796447754,22837074
2008-05-07,21.591901036580865,21.702251651038686,20.929797349833933,21.211803436279297,19436602
2008-05-08,20.61100553494252,20.721356141847238,19.94890423214448,20.120559692382812,27876656
2008-05-09,19.948903130831095,20.34125978321814,19.74046336692171,19.936641693115234,18459746
2008-05-13,20.279955803280746,20.328999217618033,19.703679899063633,19.850814819335938,16938732
2008-05-14,19.863076403075294,20.120559592150116,19.630113752033616,19.924381256103516,11785667
2008-05-15,19.93664264950891,20.230910152915694,19.67915712238408,20.046993255615234,11288288
2008-05-16,20.16960821853491,20.365786582526123,19.69142141000459,19.715944290161133,11458887
2008-05-19,19.740464498593646,19.850815105732394,19.49524040747859,19.777246475219727,9116118
2008-05-20,19.801768108386533,19.826290983683904,19.409411458149023,19.45845603942871,10749143
2008-05-21,19.568806410046328,19.568806410046328,18.563391920951172,18.78409194946289,19148316
2008-05-22,18.551131480051087,19.18871106345874,18.354953146694886,18.99253273010254,20381032
2008-05-23,18.906705639374678,19.0661008329323,18.244603157305004,18.35495376586914,20677260
2008-05-26,18.085207585133016,18.14651360742022,17.288232803344727,17.288232803344727,36599640
2008-05-27,16.22150787674769,16.25829218450026,15.596189846047595,16.08663558959961,59275168
2008-05-28,15.951768825645143,16.1111640398178,15.522627774463736,15.964030265808105,41238064
2008-05-29,16.000809551164643,16.0988987101393,15.596191478065435,15.804631233215332,40038656
2008-05-30,15.865939865735397,15.878201305861202,15.08122640672857,15.387755393981934,51973268
2008-06-02,15.191573977246481,15.191573977246481,14.56625468824045,14.885045051574707,45612812
2008-06-03,14.578515425201791,15.6820190368554,14.406858814122675,15.449057579040527,66392580
2008-06-04,15.216096010537507,15.645236983434351,15.118006845757957,15.473580360412598,50880700
2008-06-05,15.277401411099843,16.30733876881905,15.068961652070241,16.12342071533203,80127984
2008-06-06,16.160200298707956,16.331855695220135,15.019912676438457,15.093480110168457,56828672
2008-06-09,14.701125076692021,14.995392526311543,13.732493844708253,14.603035926818848,72111600
2008-06-10,14.468162895045605,15.142526642777256,14.17389546053847,15.019914627075195,36930696
2008-06-11,15.326446128347982,15.534885889238717,14.296508761432591,14.529471397399902,29771880
2008-06-12,14.529471663153657,15.25287895141865,14.247464441190132,14.909566879272461,35990284
2008-06-13,15.10574546512602,15.914981662284188,14.909567134822838,15.68202018737793,36627192
2008-06-16,15.93950548273597,16.013072945616496,15.289664432771131,15.743327140808105,19015844
2008-06-17,15.865941033396018,16.638394278441353,15.76785184380125,15.816896438598633,29135888
2008-06-18,15.755587371122516,15.816892221286794,15.105745201682586,15.191574096679688,27581640
2008-06-19,14.921829074563814,15.032179681398825,14.603038692443809,14.627561569213867,26436916
2008-06-20,14.590776187615838,14.750171367025612,13.757018316730528,14.149374961853027,46543288
2008-06-23,13.916412308228397,14.13711231761322,13.462748514386679,13.524054527282715,23910182
2008-06-24,13.340139714741474,14.333292833388533,13.278833692393047,13.9777193069458,47052144
2008-06-25,14.370076300273512,14.860522111484874,14.186158244082964,14.676605224609375,27317422
2008-06-26,14.382336446322817,14.823738841976331,13.634406298253865,14.088068962097168,34687424
2008-06-27,13.793798451658631,14.247461015973185,13.327874452529276,13.732492446899414,37912560
2008-06-30,13.646667224810049,13.818323835505488,12.849691356561577,13.143959999084473,38819176
2008-07-01,13.0336112334203,13.045872672186798,12.144676801207003,12.445075035095215,48907904
2008-07-02,12.82517132750536,13.058132815237979,12.51864237720104,12.641254425048828,32237700
2008-07-03,12.297940362217163,12.923259660969327,12.224374073725777,12.886476516723633,28487156
2008-07-04,13.940936652866538,13.940936652866538,12.457336472430514,12.555425643920898,25841144
2008-07-07,12.702558836034434,12.812909441380537,11.979151520805182,12.242765426635742,24933472
2008-07-08,11.862671883282639,12.346987068677532,11.648101361187187,12.230506896972656,31808198
2008-07-09,12.628993219873546,13.058133056644024,12.46959802245074,12.910999298095703,27795510
2008-07-10,12.383766453483334,12.96003987031984,12.297937577259857,12.604466438293457,24392132
2008-07-11,12.604468501435687,12.788386549749063,11.942366100000534,11.94849681854248,27423290
2008-07-14,12.199851309375344,12.506380242622539,11.973020553588867,11.973020553588867,16835900
2008-07-15,11.599054272800718,11.611315710123456,11.035041018419985,11.218957901000977,36867768
2008-07-16,11.12699904128408,11.727795415725296,10.740773134661863,11.605184555053711,32970856
2008-07-17,12.27341762822354,12.910997142132373,11.991410427777632,12.518640518188477,36604560
2008-07-18,12.346983493189935,13.548577367373056,12.12628348433931,13.47500991821289,40407572
2008-07-21,13.49953578857297,14.271988914358596,13.31561770949152,13.769280433654785,23488540
2008-07-22,13.389182201955146,13.609883380120705,12.898736438603832,13.47500991821289,25421938
2008-07-23,14.088069074001089,14.431382310973047,13.720234131139732,14.284247398376465,35822188
2008-07-24,14.688866312760144,14.98313498522657,14.051286722598968,14.10033130645752,30041932
2008-07-25,13.364660080295872,13.413704659387571,12.898737163582219,13.242049217224121,29037708
2008-07-28,12.996826030606332,13.094915186592306,12.481857377022479,12.518640518188477,19270924
2008-07-29,11.881061483247413,12.396030208273878,11.46418309713016,12.064979553222656,46831904
2008-07-30,12.383769940479333,12.506380817828402,11.715536741721197,12.285680770874023,30552036
2008-07-31,12.445073158461176,12.776124939345227,12.15693640678856,12.494117736816406,20578112
2008-08-04,12.212112409112684,12.38376902793032,11.911714203168108,11.991411209106445,21029246
2008-08-05,12.187590774913412,12.935522175844676,11.979152160623,12.910999298095703,25721728
2008-08-06,13.15622228935904,13.658930761682429,13.009088530135795,13.389184951782227,27712968
2008-08-07,13.278834365524478,14.137115213965116,13.217528340068323,13.327878952026367,33723328
2008-08-08,12.984566865224307,13.634407929639567,12.77612707996212,13.487274169921875,25025820
2008-08-11,13.940936119350171,14.210681915283201,13.732496345581254,14.210681915283203,22181172
2008-08-12,13.793800295040345,14.750170121421627,13.72023284563489,13.8673677444458,47319824
2008-08-13,13.548579059092603,13.658929661954117,12.849692297408044,12.861953735351562,29147948
2008-08-14,13.021349994060769,13.475012711532033,12.88647767350937,13.327878952026367,28078788
2008-08-15,13.413703937932835,13.769277409551929,13.401443670805579,13.524054527282715,21145072
2008-08-18,13.487274349437834,13.842847899150405,13.303357439671577,13.769280433654785,15777329
2008-08-19,13.524056167970583,13.560840481759705,13.033610343933104,13.033610343933105,21272312
2008-08-20,13.156222336807764,13.425968147680821,12.886477695249885,13.376923561096191,20971952
2008-08-21,13.168483775782716,13.573101907434713,12.996828307394098,13.376923561096191,22451336
2008-08-22,13.524053713634373,14.100328329282789,13.364658557420348,14.014500617980957,22506586
2008-08-25,13.9777193069458,14.19842051967409,13.830585554898649,13.9777193069458,10112138
2008-08-26,13.707974730314655,14.333292886503521,13.60988556191973,14.186159133911133,17840304
2008-08-27,14.063549068098865,14.100332216036794,13.7447586677963,14.002243041992188,13619126
2008-08-28,14.137113798897085,14.774694528917555,14.075807779577415,14.63982105255127,26583964
2008-08-29,14.885044206220384,14.958610489387187,14.492686408509137,14.799215316772461,22698292
2008-09-01,14.590778275128637,14.885046970386776,14.431384242229285,14.664345741271973,9816752
2008-09-02,14.664344859778463,15.118007560665678,14.455905082436347,14.701128005981445,25197400
2008-09-03,14.492688346748494,15.167052268979639,14.419122053742997,15.05670166015625,26640736
2008-09-04,15.203834090952983,15.326446127700605,14.247464179992678,14.247464179992676,25592042
2008-09-05,14.088065871325133,14.210677880843567,13.43822502723291,13.732492446899414,30034312
2008-09-08,15.142526530827094,15.510360236584162,14.713385648357404,14.872780799865723,56674272
2008-09-09,14.872784662403836,15.792371504247571,14.737912346553538,14.860523223876953,35280488
2008-09-10,14.566254492225593,14.836000270595058,14.259725570678711,14.259725570678711,31719526
2008-09-11,14.173898789514174,14.247465080761803,13.487273445083975,14.03902530670166,28802032
2008-09-12,14.345553332708567,14.627560549326018,13.92867381120497,14.419120788574219,20596158
2008-09-15,13.242048786987253,13.475010237775114,11.304786221834641,12.32246208190918,92567560
2008-09-16,11.090215836576727,11.6787507707898,9.306217709435261,10.201281547546387,138660032
2008-09-17,11.519356965950566,11.580661812322305,9.625007629394531,9.625007629394531,86127320
2008-09-18,9.68631324008218,11.090215561760127,9.502395785369345,9.778271675109863,61701260
2008-09-19,13.352398702050778,13.352398702050778,11.341568787892658,12.874213218688965,101666912
2008-09-22,13.425969020226056,13.48727504976988,12.751605033874512,12.751605033874512,41694620
2008-09-23,12.322463387920516,12.567686301401926,11.286395262982083,11.740057945251465,40602752
2008-09-24,12.33472452029552,12.567685990001808,11.948497417981471,12.310201644897461,25473886
2008-09-25,12.150807537074787,13.1194389839541,11.95462919380533,12.935522079467773,29905420
2008-09-26,12.432812043572994,13.082652954822453,12.236632574206547,12.874213218688965,31748940
2008-09-29,12.396031555037661,12.6412556749803,11.127001762390137,11.127001762390137,38368616
2008-09-30,10.544593495715397,11.32930664711126,10.421981481152377,11.317045211791992,32878932
2008-10-01,11.95462795375193,12.077239990234375,11.15765322456115,12.077239990234375,25959082
2008-10-02,12.690298384847527,13.548579169533788,12.641253801988743,13.05813217163086,50472264
2008-10-03,13.48727365744686,14.713389444487483,13.119438687471646,14.701128005981445,42345492
2008-10-06,13.487272006810967,13.53631658551768,12.506379263361717,12.812908172607422,33905420
2008-10-07,13.291094302261035,13.31561600808284,11.893321990966797,11.893321990966797,32695592
2008-10-08,11.218959332778452,12.555425769327886,10.93082253481185,11.16378402709961,39342200
2008-10-09,11.954627206086698,12.138544079992814,11.120868216507041,11.347700119018555,25694972
2008-10-10,10.78981867222469,11.145392187625369,10.42198371887207,10.42198371887207,44707272
2008-10-13,11.648098927680632,12.199850748286709,11.15765312476746,11.709404945373535,41323904
2008-10-14,12.261158279368289,13.254312614495797,12.230505851395938,13.119439125061035,40081384
2008-10-15,12.94778237346634,13.107176386293503,11.966889574530017,12.310201644897461,22661456
2008-10-16,11.464181599701929,13.058130982064776,11.035040661795017,11.70327377319336,53033512
2008-10-17,12.261159722594204,12.261159722594204,11.053435910872187,11.133132934570312,36713424
2008-10-20,11.096346871800758,11.218957735271841,10.728511942757502,11.035040855407715,21628000
2008-10-21,11.188307190955562,11.280265646333254,10.949214973110529,11.157654762268066,17816546
2008-10-22,10.844995056320268,10.906301082884903,10.562987801849033,10.618163108825684,14108714
2008-10-23,10.42811530533469,10.538465917451752,9.686315202602684,10.115455627441406,24148100
2008-10-24,9.606615981706646,9.919275606824467,8.950644308530327,9.588224411010742,27019020
2008-10-27,9.195867424431572,9.31847887315916,8.705421044863721,8.828032493591309,20496220
2008-10-28,9.545309280850795,9.563701434883042,9.042602097118328,9.208127975463867,18704456
2008-10-29,10.023497386400884,10.654946305752548,9.815057596717267,10.605901718139648,27513460
2008-10-30,11.035040291002625,11.458050496232577,10.67946681728736,10.943081855773926,23694444
2008-10-31,10.955344583428143,11.862669944763184,10.734643377416617,11.862669944763184,18476848
2008-11-03,11.97915014651598,12.199850162573616,11.29865560449375,11.617445945739746,14903030
2008-11-04,11.648099031860854,12.107892414697467,11.065693612541795,12.077239990234375,16326638
2008-11-05,12.107891805382026,12.107891805382026,11.507095429345501,11.825885772705078,13614443
2008-11-06,11.096346871800758,11.274133033094081,10.434244467248897,11.035040855407715,22634234
2008-11-07,10.912430683049063,11.188307219193618,10.379070938923196,10.605901718139648,13595352
2008-11-10,11.035042264641959,11.243482045408186,10.667207288624196,10.710121154785156,7029209
2008-11-11,10.41585174893487,10.569116196981554,9.808924674987793,9.808924674987793,18964068
2008-11-12,10.133848120673033,10.256459006497327,9.533051038325294,9.716968536376953,13492412
2008-11-13,9.502397466413653,9.73535953897496,8.919992577339169,9.244913101196289,17747300
2008-11-14,9.870230191706625,9.882491627569333,8.650244802267041,8.889337539672852,20452804
2008-11-17,8.637983209695085,8.969034349028515,8.28240978539834,8.429543495178223,16766151
2008-11-18,8.582809686858496,8.637984985533503,7.914576553407883,8.13527774810791,21814168
2008-11-19,8.245627515351902,8.245627515351902,7.3996076583862305,7.3996076583862305,19940036
2008-11-20,7.0501655890850365,7.387347538538005,6.541327597688895,6.927554130554199,37475904
2008-11-21,7.050165094882609,7.448652453339056,6.663938589091008,6.958206653594971,25239260
2008-11-24,7.35669420210989,8.44793701171875,7.111471295902571,8.44793701171875,22585776
2008-11-25,8.58281096335005,9.441091825822015,8.227237413069584,8.8341646194458,27942240
2008-11-26,8.644115196722854,9.183605545154535,8.09236282702242,9.07325553894043,15960222
2008-11-27,9.244912260394756,9.551441183046194,9.091647799069039,9.44109058380127,10758892
2008-11-28,9.490135589316182,9.490135589316182,8.877077716580278,9.287826538085938,14966791
2008-12-01,8.919993795248416,8.950646811418151,8.141409873962402,8.141409873962402,16021991
2008-12-02,7.859400062666943,8.564416816520751,7.742919348975968,8.435674667358398,14149611
2008-12-03,8.460199448552206,8.644116942258089,8.221106648268801,8.546027183532715,14364730
2008-12-04,8.613462600372129,9.183605982847714,8.552156583708838,8.999689102172852,17660766
2008-12-05,8.693160628811777,9.122301013234638,8.613463036972774,8.864816665649414,11029450
2008-12-08,9.29395647352126,9.784402847290039,9.11003901027578,9.784402847290039,17828428
2008-12-09,9.53305061281285,9.980583190917969,9.441091575562854,9.980583190917969,16202459
2008-12-10,9.808924185828268,9.907013334141359,9.600484453334227,9.753748893737793,11960103
2008-12-11,9.741488934231581,9.796663646715128,9.410437736042825,9.655660629272461,11155197
2008-12-12,9.195868889303625,9.251044196184662,8.625724831076369,8.8341646194458,17199864
2008-12-15,9.134561830489991,9.134561830489991,8.705421447753906,8.705421447753906,10217577
2008-12-16,8.674767094350083,8.913859831894117,8.533764089792085,8.858684539794922,11479359
2008-12-17,9.165215920742085,9.34913341635602,8.705422474036052,8.93225383758545,15805774
2008-12-18,9.128431824995946,9.183606541761835,8.748336018660432,8.981297492980957,10552681
2008-12-19,8.778988800505527,8.877077969391555,8.644116485616019,8.650246620178223,23580116
2008-12-22,8.595071734153963,8.601201868597046,8.257889784167167,8.276281356811523,11435724
2008-12-23,8.398892872650991,8.803510981523626,8.27015069394992,8.595071792602539,8327773
2008-12-24,8.595071792602539,8.595071792602539,8.595071792602539,8.595071792602539,0
2008-12-29,8.607330951038533,9.02421041609251,8.607330951038533,8.858684539794922,7719795
2008-12-30,8.962905433570068,9.171345189992689,8.84029398410309,9.0977783203125,6912608
2008-12-31,9.0977783203125,9.0977783203125,9.0977783203125,9.0977783203125,0
2009-01-05,9.50239759213064,9.790534973144531,9.441091567350634,9.790534973144531,12742989
2009-01-06,9.747619142570326,9.992842037674203,9.496265528924479,9.864100456237793,17025608
2009-01-07,9.80279627338548,9.82731915213947,9.612748640302934,9.716968536376953,9404294
2009-01-08,9.502397169058609,10.041887590609738,9.459483304417795,9.974452018737793,11969557
2009-01-09,10.054148831541756,10.421983787309825,10.041887393509299,10.348416328430176,17111742
2009-01-12,10.029626772270962,10.054148478158899,9.661791829431541,9.710836410522461,11513596
2009-01-13,9.563703465674553,9.600486612234818,8.938384127574318,9.195868492126465,13953026
2009-01-14,9.34913215286377,9.34913215286377,8.337586940679223,8.349847793579102,17184720
2009-01-15,8.423415107281471,8.656377171187664,8.153669898086566,8.276281356811523,16918614
2009-01-16,8.742205965414952,8.742205965414952,8.172061920166016,8.172061920166016,16527162
2009-01-19,8.288542032420219,8.368239034765702,7.375085433482955,7.724528789520264,19958216
2009-01-20,7.9084459529458755,8.024927270702435,7.240213394165038,7.240213394165039,21802808
2009-01-21,7.209560250961879,8.04331869273653,6.878509044777788,7.859401226043701,28234108
2009-01-22,8.39889281553648,8.619594025898953,8.06784158465032,8.276281356811523,18549682
2009-01-23,8.30693262417396,8.656375354362417,7.877792316377054,8.582808494567871,15567817
2009-01-26,8.582810476872869,9.04873461450664,8.564418903840831,8.84029483795166,14180585
2009-01-27,8.895468262746865,8.901598980681763,8.503111084775037,8.858684539794922,12203026
2009-01-28,9.073256297693522,9.815056319642123,9.054864725896085,9.759881019592285,29022518
2009-01-29,9.551442944773004,9.551442944773004,8.294674013164423,8.809642791748047,26396432
2009-01-30,8.650246187953424,8.975167274475098,8.325325686089286,8.975167274475098,14356700
2009-02-02,8.742205396988172,8.754466250408983,8.000405348316377,8.018796920776367,16290006
2009-02-03,8.129149487303032,8.270152551298306,7.957492820711799,8.116888046264648,13472600
2009-02-04,8.276280554799706,8.595070901249812,8.184322115831597,8.521503448486328,14383011
2009-02-05,8.067840994676422,8.178191591788092,7.70613677939484,7.969751834869385,21624172
2009-02-06,8.306933808865004,8.319194661583959,7.669353681726519,7.95749044418335,17911192
2009-02-09,7.785836732305856,8.178194075342619,7.72453128113797,7.908448219299316,17844836
2009-02-10,7.9697515220131185,8.7851183617234,7.693875624721085,8.355978012084961,47854360
2009-02-11,8.080102188598117,8.631853988221991,8.006535320958767,8.564417839050293,15676254
2009-02-12,8.447936945730238,8.49085139247445,8.104624879721671,8.239497184753418,14144738
2009-02-13,8.44793582005695,8.644114702007432,8.037187071606567,8.073970794677734,13891378
2009-02-16,8.061710231357539,8.178191546476155,7.896184921264648,7.896184921264648,7218924
2009-02-17,7.755180633173504,7.82261736271981,7.4302601755709246,7.460913181304932,15670904
2009-02-18,7.546743901158465,7.700008394332899,7.32604265680639,7.485437870025635,15250242
2009-02-19,7.706136239520311,7.932967551847171,7.6019163683623665,7.847139835357666,17433060
2009-02-20,7.050166043368254,7.289258841402692,6.461630419839905,6.7436370849609375,49900248
2009-02-23,6.768159186818775,6.86624835718958,6.130578994750977,6.130578994750977,32338816
2009-02-24,6.11831700031025,6.2225368805258165,5.732091073226113,6.0386199951171875,34307768
2009-02-25,6.559718371640181,6.700721970276229,6.142839463391498,6.1918840408325195,25060640
2009-02-26,7.111471750112613,7.33217237979536,6.590372310317505,7.197299480438232,34650200
2009-02-27,7.356694444226481,7.356694444226481,6.55358837681577,6.780420303344727,22693836
2009-03-02,6.19188449448212,6.461629690170672,6.057011604309082,6.057011604309082,23612548
2009-03-03,6.191883983571415,6.351278566451951,6.026358097745602,6.063141822814941,17273478
2009-03-04,6.26545199186897,6.400324310856437,6.130579088223921,6.271582126617432,17110636
2009-03-05,6.2409289406100825,6.247059074613714,5.824049426172588,5.836310863494873,18907542
2009-03-06,5.824049331621848,5.9343999271008725,5.529781856554449,5.548173427581787,22283092
2009-03-09,5.517519843548443,5.572695135529117,5.027073518301537,5.253904819488525,29307634
2009-03-10,5.302950565016994,6.0202283499040075,5.241645126229108,6.001836776733398,26562022
2009-03-11,5.775005493555724,6.265451932931665,5.76887477420735,6.148970603942871,24537632
2009-03-12,5.995705279487774,6.43710707091152,5.854702262379596,6.4125847816467285,18195130
2009-03-13,6.590371600515373,6.835594495973875,6.449368581791109,6.6210246086120605,21366716
2009-03-16,6.903031476234157,7.295388122922479,6.786550158255421,7.123732089996338,24791520
2009-03-17,6.982728143320417,7.234081733047037,6.8417245535607005,7.178906440734863,15919467
2009-03-18,7.313780265278777,7.3934778551497065,6.982729052938194,7.240213394165039,18030008
2009-03-19,7.387346805102556,8.15366907565972,7.387346805102556,7.571264266967773,43825656
2009-03-20,7.350563178725603,7.908445705724981,7.3199101705553895,7.82874870300293,28548956
2009-03-23,8.061710357666016,8.29467240689572,7.945229625379923,8.061710357666016,21712590
2009-03-24,8.386631433639229,8.392761567696116,7.791965165464922,8.061710357666016,23415524
2009-03-25,7.939100238802478,8.05558157529101,7.608048973223813,7.810358047485352,21164672
2009-03-26,7.816487152000281,7.841009441247708,7.276996203899402,7.516088962554932,18707976
2009-03-27,7.405739163643767,7.448653028269338,6.792681281986782,6.970468044281006,23198096
2009-03-30,6.565850113971253,6.58424168721555,6.167362713951908,6.216407299041748,17988812
2009-03-31,6.3267574850636095,6.688461747850188,6.308365911348681,6.559719562530518,17168778
2009-04-01,6.7865491047124324,6.878508117997444,6.54745695641775,6.841724395751953,18656820
2009-04-02,7.172776740700246,7.503827956896949,7.086949015729914,7.246343612670898,23557440
2009-04-03,7.203428835938681,7.540610728169429,7.019511387025777,7.295387268066406,16505237
2009-04-06,7.6019175139662485,7.6019175139662485,6.762028284566599,7.05016565322876,16191441
2009-04-07,6.988859546084936,7.0256432758603,6.60263359906014,6.68233060836792,13979558
2009-04-08,6.584241886271313,6.860117831906378,6.47389185881184,6.7436370849609375,12779434
2009-04-09,7.05016565322876,7.099210237087312,6.670069835996204,7.05016565322876,24870302
2009-04-14,7.460913895991737,8.202713899456523,7.405738597316731,8.13527774810791,39594700
2009-04-15,7.54061181800645,8.110755231984015,7.368955780385278,7.577394962310791,31051144
2009-04-16,7.810357161127814,8.153669827231887,7.650961973841724,7.9881439208984375,25599694
2009-04-17,8.129147751916133,8.582810449651316,8.086233302100734,8.570549011230469,34401736
2009-04-20,8.582809289761776,8.791249037486903,8.098493646082947,8.165929794311523,27083622
2009-04-21,8.031059345325687,8.306935304742117,7.620310473768347,8.227237701416016,26031880
2009-04-22,8.392761412115247,8.828032493591309,8.147538514660074,8.828032493591309,26167626
2009-04-23,8.662506933195457,8.766726807761136,8.41115332441617,8.466328620910645,14204740
2009-04-24,8.5215024857437,8.754464500755148,8.374368766154605,8.582808494567871,13577617
2009-04-27,8.423413533645165,8.938382148742676,8.294671379870787,8.938382148742676,15850253
2009-04-28,8.582809091686507,8.858684981273507,8.509242226773805,8.723812103271484,13314514
2009-04-29,8.766728102074433,9.257174539853104,8.73607509008997,9.244913101196289,20121722
2009-04-30,9.471742778807625,9.974450566310376,9.441089772245908,9.778271675109863,29883052
2009-05-04,9.704704712110793,9.91314445303567,9.367522812653347,9.63113784790039,16786580
2009-05-05,9.778273143227048,10.182891838208029,9.747620132063066,9.851840019226074,27659352
2009-05-06,9.808925158675045,9.962189614279342,9.637269132102332,9.864100456237793,20752296
2009-05-07,10.127715733248882,10.464897075385904,9.97445127422023,10.146106719970703,22216928
2009-05-08,10.23193515687617,10.483288764953613,10.115453845789194,10.483288764953613,21102638
2009-05-11,10.544596409495044,10.734644032200078,10.452636788504238,10.710121154785156,18901550
2009-05-12,10.544595477584187,10.691729221124866,9.808925590565735,9.931537628173828,25319716
2009-05-13,9.992843774018386,10.041888361561089,8.93225383758545,8.93225383758545,38680600
2009-05-14,8.889339154670619,9.385916288836022,8.656377092872068,9.287826538085938,25721176
2009-05-15,9.496265261538307,9.72922729765623,9.122300210870247,9.220389366149902,26791638
2009-05-18,9.103907993834838,9.753748893737793,8.907729112551213,9.753748893737793,13278350
2009-05-19,9.87023369057897,10.32389645448286,9.87023369057897,10.152239799499512,20358936
2009-05-20,10.115455079172273,10.47715932403334,9.998973753882662,10.1338472366333,18254468
2009-05-22,9.655661129579379,9.980582210766261,9.551441248392269,9.649530410766602,12519069
2009-05-25,9.723097291339885,9.772141872571401,9.588224985281975,9.759881019592285,3722119
2009-05-26,9.563704086927862,9.637270969484831,9.281697411464005,9.54531192779541,17090456
2009-05-27,9.686314119977002,9.845708716193728,9.606616529539876,9.710836410522461,12909170
2009-05-28,9.533050146017056,9.78440378314227,9.416568821468873,9.594355583190918,10631810
2009-05-29,9.766010284423828,9.913144006212761,9.655659700753409,9.766010284423828,13463916
2009-06-02,10.023496602515168,10.054149028882861,9.821187548269105,9.974452018737793,16948150
2009-06-03,9.974452429628704,9.986713868406929,9.465613828826443,9.55144214630127,13971351
2009-06-04,9.563704471937518,9.778274408535633,9.349133950681766,9.514659881591797,9717658
2009-06-05,9.716967411710122,9.759881275247425,9.146823409137198,9.201998710632324,23103392
2009-06-08,9.13456146282384,9.226520488417206,8.975166870845522,9.0977783203125,12268331
2009-06-09,9.183605577308853,9.2878254502397,9.042602563730343,9.122300148010254,10579646
2009-06-10,9.34913210443027,9.704705606547476,9.281695952186496,9.563702583312988,18326948
2009-06-11,9.533049621187365,9.851839397050536,9.520788183633096,9.83344841003418,12335614
2009-06-12,9.74762152300669,9.956061327076172,9.716969092126295,9.857972145080566,12178686
2009-06-15,9.80279466754761,9.808925386231808,9.300087428593633,9.306218147277832,12873079
2009-06-16,9.226520875361944,9.269434738310744,8.926122665405273,8.926122665405273,18673716
2009-06-17,8.981295797952694,9.097777097787132,8.478588630361237,8.582808494567871,19626068
2009-06-18,8.680897807266367,8.901598975535558,8.58893937692583,8.889337539672852,14593729
2009-06-19,8.981298372723925,9.159085147693268,8.595072394243104,8.754467010498047,26659124
2009-06-22,8.70542182240498,8.754466406276526,8.429545891963153,8.454068183898926,12378409
2009-06-23,8.39889201559401,8.85868538051329,8.392761297077287,8.631854057312012,18834596
2009-06-24,8.729942907666343,9.10390853881836,8.5828091763889,9.10390853881836,12459463
2009-06-25,8.938382895714696,8.95677446646016,8.478589534475638,8.564417839050293,27750990
2009-06-26,8.736074155029783,8.760596445061111,8.10462474822998,8.10462474822998,83933232
2009-06-29,8.006536587948393,8.288543250853959,7.939099843447715,8.172061920166016,43838304
2009-06-30,8.276280347240785,8.374369502255478,8.147538185119629,8.147538185119629,42647888
2009-07-01,8.061710432977458,8.300803203155137,8.037188142548274,8.239497184753418,20416304
2009-07-02,8.178192545751909,8.257890143556011,7.969752764519269,7.975883483886719,18290404
2009-07-03,7.969753255167851,8.006536988979514,7.877794797625114,7.945230960845947,12337747
2009-07-06,7.822619489236426,7.945230960845946,7.663224283815241,7.945230960845947,16669902
2009-07-07,8.000405776698935,8.239497985453664,7.902316605450065,7.975883483886719,16258359
2009-07-08,7.932968029475126,8.01879633578965,7.693875850964853,7.706136703491211,16341236
2009-07-09,7.785834399343718,7.932968139648438,7.663222949089783,7.9329681396484375,25979066
2009-07-10,7.8471397924632535,7.914575938573166,7.742919921875,7.742919921875,14355605
2009-07-13,7.755181465248771,8.11075496673584,7.730659174961991,8.11075496673584,15604857
2009-07-14,8.27628094995152,8.398892402648926,8.12301648791538,8.398892402648926,26573948
2009-07-15,8.496981682941586,8.705421447753906,8.42954552918482,8.705421447753906,17750356
2009-07-16,8.705420039792356,8.809639905342632,8.490850175456302,8.699289321899414,13193393
2009-07-17,8.76059766854912,8.797381401062012,8.582810894828269,8.797381401062012,12944201
2009-07-20,8.828033471412082,8.889339494895076,8.656377424180297,8.87707805633545,8465735
2009-07-21,8.88933991778232,8.92612365055352,8.680900129613242,8.754467010498047,11211280
2009-07-22,8.828034819476846,8.840296259908827,8.582811857413802,8.656378746032715,10358247
2009-07-23,8.699289900819174,9.122300109063671,8.570547739787042,9.10390853881836,17571816
2009-07-24,9.036472303250257,9.336870500608732,8.956774714932342,9.0977783203125,19014876
2009-07-27,9.220390760642644,9.226521479939205,9.011950981820183,9.14682388305664,9824539
2009-07-28,9.201999075260686,9.287826805736207,8.809641814926305,8.87094783782959,13078521
2009-07-29,8.85255618501112,8.90773149183912,8.711553142812978,8.754467010498047,14104832
2009-07-30,8.852553931387241,9.226519544838666,8.742203930480999,9.208127975463867,17980990
2009-07-31,9.177476153074029,9.772141844992277,9.122300853179908,9.569832801818848,40704128
2009-08-03,9.913144546432136,10.238065597244486,9.784402386686622,9.808924674987793,39380316
2009-08-04,9.88862241159462,10.090931451344694,9.165214560383676,9.385915756225586,44249440
2009-08-05,9.31847915937999,9.6066165112332,9.257173725461927,9.490135192871094,19073238
2009-08-06,9.655659210702183,9.83344651299575,9.600483921667271,9.741487503051758,21382176
2009-08-07,9.686314236937585,10.029626893376989,9.508527482171877,10.017365455627441,27504184
2009-08-10,10.017367462014807,10.054150613315715,9.815058375886869,9.992844581604004,11177415
2009-08-11,10.023497504910516,10.054149934037785,9.692446242280573,9.716968536376953,15887681
2009-08-12,9.747619671712727,10.084802193934888,9.588225073571337,10.017365455627441,32594118
2009-08-13,10.176760928833543,10.685598916809466,10.170630209783823,10.556856155395508,43816092
2009-08-14,10.661075843333116,10.78981860236476,10.452636076760035,10.495551109313965,24660296
2009-08-17,10.37906978865129,10.391331226524427,10.054148700903577,10.103193283081055,17338220
2009-08-18,10.115454806163152,10.415853020695035,10.090931930210305,10.360677719116211,19164168
2009-08-19,10.299371645400937,10.409722247989137,10.029627027202086,10.262588500976562,32953064
2009-08-20,10.483289848949166,10.808209772867952,10.23806693392128,10.72851276397705,68851656
2009-08-21,10.906302073126767,11.568404647647233,10.894040632837518,11.415140151977539,71917160
2009-08-24,11.641968598574199,11.813625219995751,11.274133649422337,11.507096290588379,36120304
2009-08-25,11.3415712821564,11.550011064130434,11.188306805370503,11.409008026123047,19925232
2009-08-26,11.329307932409556,11.58679225675136,11.163782044765187,11.29865550994873,19395924
2009-08-27,11.310917101193853,11.66649058544626,11.28639422743818,11.543878555297852,33483094
2009-08-28,11.709402735526119,11.942364155615666,11.684879865351006,11.899450302124023,23046008
2009-08-31,11.813623933924521,12.04658538041452,11.77071007556965,11.97914981842041,37538924
2009-09-01,12.040453922906872,12.040453922906872,11.286393165588379,11.286393165588379,29136930
2009-09-02,11.157652794458608,11.225088359540928,10.826601010306334,11.059563636779785,26437764
2009-09-03,11.126999391603098,11.464181900024414,11.004388527071269,11.464181900024414,22814944
2009-09-04,11.6051856559768,11.678751945495605,11.494835052383506,11.678751945495605,16570715
2009-09-07,11.887190162224401,11.887190162224401,11.740056433086947,11.819754600524902,9435554
2009-09-08,11.874931882798323,11.874931882798323,11.635838509778806,11.74618911743164,14681633
2009-09-09,11.59905428989308,11.648098869941284,11.445789831078063,11.611315727233887,15708642
2009-09-10,11.709403870894954,11.764579164824069,11.347699685944061,11.451919555664062,18465920
2009-09-11,11.543879550175845,11.5561409881104,11.329309063581444,11.42126750946045,18131532
2009-09-14,11.390613601561016,11.415136474238713,11.243479873439622,11.378352165222168,12648766
2009-09-15,11.396745164477148,11.488703605204774,11.255742144073787,11.464181900024414,12166452
2009-09-16,11.568402842854669,11.813625763805762,11.531618527725662,11.770711898803711,16612846
2009-09-17,11.930105461070086,12.009803638132386,11.654230124115783,11.764580726623535,23240466
2009-09-18,11.740057510872319,11.954627990722656,11.531617749796567,11.954627990722656,41295852
2009-09-21,11.825886773625355,11.844277761208266,11.660360869488667,11.81362533569336,12541087
2009-09-22,11.8320173267963,12.015935403429799,11.74618959262311,11.80136489868164,14760332
2009-09-23,11.856539727408544,11.96689033508301,11.84427828893024,11.966890335083008,11814900
2009-09-24,11.86266894529264,11.87493038221912,11.648098476339186,11.70327377319336,14816955
2009-09-25,11.691013689175728,11.697144408348427,11.433529330497944,11.50096607208252,15326056
2009-09-28,11.40287653946902,11.7523193359375,11.292525936517903,11.7523193359375,12027754
2009-09-29,11.832016752055141,11.88106133624536,11.60518598866855,11.770711898803711,10922370
2009-09-30,11.709405514091957,11.733927220771104,11.464182600725048,11.629707336425781,14528520
2009-10-01,11.648098366089808,11.752318240348474,11.231218869055146,11.27413272857666,16214917
2009-10-02,11.206699844089577,11.268004704168753,10.710122058378424,10.9921293258667,25360680
2009-10-05,10.992128444991385,11.022780872574582,10.83886396844508,10.918560981750488,12439091
2009-10-06,11.15765358361407,11.402876495155189,11.077955406541285,11.372222900390625,20462216
2009-10-07,11.32930986996582,11.451921919408353,11.218959259330575,11.237351417541504,13248871
2009-10-08,11.396744600809303,11.396744600809303,11.12699884127652,11.200566291809082,11628999
2009-10-09,11.231221058844138,11.31091924433595,11.12700116426537,11.157654762268066,9187544
2009-10-12,11.243480758160846,11.378353060556154,11.163782585002012,11.280263900756836,10958714
2009-10-13,11.280264428066914,11.525487339028464,11.169913825805448,11.3231782913208,15664975
2009-10-14,11.458052236097895,11.813625763805762,11.409007651907677,11.770711898803711,23572236
2009-10-15,11.825886185573236,11.856538609563923,11.53774825507466,11.672621726989746,13496393
2009-10-16,11.746188584086244,11.752319303045823,11.42739821407858,11.592924118041992,15725264
2009-10-19,11.684882643553761,11.80136396595059,11.617447073168304,11.740057945251465,9948785
2009-10-20,11.75845000767143,11.85653917227497,11.617446979718224,11.764580726623535,13406545
2009-10-21,11.832016920704714,11.832016920704714,11.359963229638536,11.78297233581543,19164872
2009-10-22,11.458052706253463,11.61744790374088,11.323179217209788,11.49483585357666,18464184
2009-10-23,11.629705180663365,11.65422805211187,11.24961002773049,11.286393165588379,14765787
2009-10-26,11.317046941470476,11.341569815857047,11.010518027528393,11.02277946472168,17321976
2009-10-27,11.084086462799503,11.108609339357422,10.851124982074845,10.961474418640137,16900896
2009-10-28,10.943082106023178,10.949212824420616,10.440374890582966,10.544594764709473,21733784
2009-10-29,10.45263542816563,10.985996249375416,10.360676988457737,10.814339637756348,17943240
2009-10-30,10.955345720361152,11.041173456354922,10.520073982145878,10.605901718139648,17866294
2009-11-02,10.489420022971427,10.72851220653628,10.42811400507107,10.636553764343262,13630426
2009-11-03,10.305502692910338,10.336156288670491,9.65566166389158,10.023496627807617,52333868
2009-11-04,10.23806727179807,10.5016811833309,10.146107652477053,10.428114891052246,18951952
2009-11-05,10.244194972151634,10.391329868774227,10.078670259752329,10.305500984191895,13797378
2009-11-06,10.372939658463965,10.57524871759314,10.176761318619326,10.354547500610352,12946527
2009-11-09,10.544595322150244,10.69172906352208,10.452635710642191,10.636553764343262,12744433
2009-11-10,10.630422483643663,10.72851163937273,10.507810454324842,10.544594764709473,9829088
2009-11-11,10.67333784074275,10.851125191269817,10.550725794219591,10.697860717773438,11671266
2009-11-12,10.6855988265953,10.783687991932524,10.562986785266226,10.691729545593262,4242249
2009-11-13,10.520071906075563,10.685597795096799,10.311632157526224,10.483288764953613,14537855
2009-11-16,10.64268603024225,10.795950512616407,10.63042459101667,10.716252326965332,13480194
2009-11-17,10.881775004479893,10.949211730801085,10.330023266284728,10.336153984069824,24320796
2009-11-18,10.483290145302057,10.526204010480686,10.323894953699204,10.330025672912598,13989824
2009-11-19,10.299370002900993,10.385198885290343,10.054147130320471,10.084800720214844,15864494
2009-11-20,10.133848700265258,10.195153562026048,9.741491387625196,9.857972145080566,25252100
2009-11-23,10.005104567297089,10.158369039637583,9.919276836967251,10.10932445526123,16172980
2009-11-24,9.919275329687128,9.980581343170618,9.729227155614293,9.907013893127441,20498188
2009-11-25,9.99897331115633,10.084802206192416,9.766011840207103,9.845708847045898,13085922
2009-11-26,9.808925930236045,9.808925930236045,9.214259632011371,9.379785537719727,24327004
2009-11-27,9.134561732692498,9.729228010997872,9.0487340078587,9.618877410888672,22202084
2009-11-30,9.766012647659544,9.79053494055841,9.404308388908067,9.55144214630127,16413772
2009-12-01,9.686314082670577,9.919276134283963,9.661791792219564,9.83344841003418,14400814
2009-12-02,9.84571019128815,9.925408378323265,9.575964954874586,9.704707145690918,11459140
2009-12-03,9.870231553381938,9.980582152740258,9.80279481614851,9.83344841003418,11526176
2009-12-04,9.78440440084456,10.21967554628571,9.686315227447837,10.054149627685547,19679820
2009-12-07,9.992841564201482,10.078670450407413,9.900883129059004,9.919275283813477,12712014
2009-12-08,9.839578006452268,9.98058220036915,9.674052691282396,9.821187019348145,16324575
2009-12-09,9.747619544830957,9.808925563465626,9.539180367719633,9.600485801696777,16331307
2009-12-10,9.68018251524228,9.980581277753458,9.625007220400278,9.808924674987793,15015980
2009-12-11,9.888622093669484,9.96218954635656,9.625007629394531,9.625007629394531,13022500
2009-12-14,9.815057762007092,9.870233070165177,9.612748688532513,9.704707145690918,9442396
2009-12-15,9.79053446165052,9.925407358325717,9.710836867463245,9.82731819152832,14976205
2009-12-16,9.808926207567817,10.17063045501709,9.802795488370272,10.17063045501709,17530556
2009-12-17,10.054150138169971,10.201283905735552,9.857971781415864,9.937668800354004,15515215
2009-12-18,9.974451922462977,9.974451922462977,9.637269973754883,9.637269973754883,29905228
2009-12-21,9.680184362403555,9.82731870494405,9.618878337623551,9.790534973144531,13297525
2009-12-22,9.870232106894633,9.986713431562242,9.857970668652756,9.925407409667969,8551698
2009-12-23,9.986712015264935,10.02962587371043,9.888621692556022,9.919275283813477,5690415
2009-12-24,9.919275283813477,9.919275283813477,9.919275283813477,9.919275283813477,0
2009-12-28,10.00510454273905,10.115455149643765,9.968321396875853,10.060279846191406,5890545
2009-12-29,10.060278406825288,10.097061547425767,9.919275393427654,10.00510311126709,6081699
2009-12-30,9.974451145431079,9.992842131915438,9.796663813982203,9.839577674865723,5870964
2009-12-31,10.00510311126709,10.00510311126709,10.00510311126709,10.00510311126709,0
2010-01-04,9.882494133550527,10.115455627441406,9.876363414064558,10.115455627441406,10537927
2010-01-05,10.164498406486812,10.250326125397477,10.072539969180392,10.201281547546387,13218797
2010-01-06,10.195152089539828,10.293242426683527,10.097062921711245,10.1338472366333,10886974
2010-01-07,10.04801796190482,10.238066740613782,9.986713111291683,10.164499282836914,13453101
2010-01-08,10.268718006746317,10.60589932431649,10.213542711970844,10.550724029541016,27061058
2010-01-11,10.654945096965518,10.728512554696353,10.428114343482664,10.44650650024414,14956080
2010-01-12,10.43424512381544,10.464897549283238,10.201282480725885,10.262588500976562,14408019
2010-01-13,10.115455627441406,10.238067678530404,10.005105015324345,10.115455627441406,17337616
2010-01-14,10.287112167129884,10.293242886557463,10.084803103280429,10.139978408813477,12769053
2010-01-15,10.213544684187665,10.219675403603764,9.83957898501179,9.870232582092285,20301976
2010-01-18,9.900883174847596,9.992841610415356,9.851838597923797,9.907013893127441,9441939
2010-01-19,9.876362441457024,9.90088414767086,9.594355219449996,9.845708847045898,19046370
2010-01-20,9.83957897639475,9.87636329285913,9.618878339526713,9.680184364318848,17854360
2010-01-21,9.753749732396964,9.845708170683013,9.502396122068102,9.526918411254883,19921412
2010-01-22,9.324611111430947,9.441091860541134,8.94451526610086,9.152955055236816,42381948
2010-01-25,9.005820713447575,9.214260502706674,8.913862258025077,9.042604446411133,26016440
2010-01-26,8.901598975535558,8.94451283174015,8.711550812265692,8.889337539672852,26802698
2010-01-27,8.729943748584185,8.97516724232539,8.588940722025457,8.674768447875977,29617948
2010-01-28,8.889339823354431,8.975168142470448,8.668639183044434,8.668639183044434,24423596
2010-01-29,8.705421898915795,8.785119494571896,8.595071876563747,8.601202011108398,21943286
2010-02-01,8.460198979166513,8.711552619934082,8.349848372133897,8.711552619934082,26507486
2010-02-02,8.71768380116541,8.901601294414677,8.644116920797222,8.797381401062012,18342832
2010-02-03,8.919992057244123,9.128431824995946,8.88320832807599,8.981297492980957,25356172
2010-02-04,9.024210242777013,9.09164638479341,8.509241639284728,8.552155494689941,24650920
2010-02-05,8.39889335290733,8.803511484916395,8.300804179651506,8.509243965148926,28611870
2010-02-08,8.607333689081964,8.71155358849842,8.337588445370775,8.680900573730469,21005624
2010-02-09,8.460196895533421,8.674766752891918,8.159798744437076,8.214973449707031,46631600
2010-02-10,8.349847784255283,8.429545374316818,8.23336705087767,8.380500793457031,30567988
2010-02-11,8.460198814969761,8.47859038756573,8.23949760518793,8.337587356567383,24782736
2010-02-12,8.392761153239904,8.429544879052337,8.190452122915248,8.355978012084961,21166776
2010-02-15,8.398892965941561,8.625724314809153,8.362109819994147,8.570549011230469,15663420
2010-02-16,8.687029883182973,8.828032909701513,8.607332291589112,8.81577205657959,20686576
2010-02-17,8.913861227615596,9.018081110197713,8.840294354850139,8.926122665405273,20676772
2010-02-18,8.919991064501511,9.03034107040952,8.858685050930136,8.993557929992676,15223973
2010-02-19,8.889338560591447,8.981297001493184,8.797380119689713,8.956774711608887,51296996
2010-02-22,8.950645943026087,9.085518265635347,8.889339916634533,9.054865837097168,13915080
2010-02-23,9.122301013234638,9.128431732143223,8.754466063925022,8.864816665649414,21508662
2010-02-24,8.889338134465364,9.073255592109936,8.78511826128869,9.030341148376465,16681971
2010-02-25,8.969039476825577,9.159087147781342,8.938386456932081,9.011953353881836,16797824
2010-02-26,9.073255039478134,9.128430331876649,9.011949029111461,9.079385757446289,16725685
2010-03-01,9.146823954688154,9.195868540129572,9.060995637836884,9.18360710144043,18324512
2010-03-02,9.226521987183316,9.373655750444259,9.134562946652025,9.330741882324219,20093944
2010-03-03,9.244914050032703,9.545312312064647,9.232653194775091,9.514659881591797,17776760
2010-03-04,9.44109115201039,9.753750812249985,9.392046568207029,9.723097801208496,21774908
2010-03-05,9.76601088518113,10.115453642090218,9.723096441859724,10.078670501708984,25689364
2010-03-08,10.084801215298064,10.115453637382334,9.876361471043172,9.907013893127441,17525452
2010-03-09,9.839577674865723,9.91927584734798,9.680183083873722,9.839577674865723,17363804
2010-03-10,9.888624477115219,9.92540879698234,9.753752145548253,9.882494926452637,12239669
2010-03-11,9.808926154391033,9.882493615047618,9.766012289555992,9.851840019226074,14843936
2010-03-12,9.913146140489877,10.14610762448303,9.870232275226542,10.048018455505371,18534652
2010-03-15,9.949930562822779,10.121587215209944,9.93153957210238,10.02962875366211,16274175
2010-03-16,10.097062946654749,10.225805710569754,10.066410520125762,10.182891845703125,16115685
2010-03-17,10.256456782910185,10.403590515590057,10.219673642068958,10.274848937988281,16763989
2010-03-18,10.158366997331555,10.207411571847658,10.03575614569874,10.084800720214844,13646565
2010-03-19,10.207412748626096,10.391330801250952,10.158368168455807,10.256457328796387,40787664
2010-03-22,10.17063095958735,10.213544826784018,9.913146587092156,10.054149627685547,16544113
2010-03-23,10.017363957271721,10.176759116228975,9.949927229051182,10.03575611114502,11907313
2010-03-24,10.139977617193468,10.146107166827349,9.882493267912562,10.041887283325195,10418509
2010-03-25,10.054149199207389,10.127716660777294,9.937667872269678,10.097063064575195,13032647
2010-03-26,10.11545470075736,10.189022158534227,10.066410118677807,10.164499282836914,10579510
2010-03-29,10.17676067352295,10.250326961643813,10.10319321608702,10.17676067352295,7963440
2010-03-30,10.520073365603935,10.710120985301538,10.421984196126775,10.47715950012207,36213064
2010-03-31,10.538463228585693,10.575246366801181,10.354545198878482,10.50780963897705,17000088
2010-04-01,10.593639555107341,10.88790702819824,10.538464257738424,10.887907028198242,22609040
2010-04-06,10.973734296434708,11.096346323158427,10.92468971960821,11.05343246459961,17646058
2010-04-07,11.004388341456512,11.028910046223256,10.765294996419536,10.887907028198242,14683620
2010-04-08,10.795948081571984,10.826600503418385,10.50167945299781,10.550724029541016,22462530
2010-04-09,10.691726801536165,10.844991229204284,10.673334649262667,10.838860511779785,12987626
2010-04-12,11.053434537384385,11.30478818691941,11.04117309854971,11.176045417785645,26908598
2010-04-13,11.126998915913862,11.218957352710182,11.010517605670543,11.065692901611328,14411021
2010-04-14,11.163780734264511,11.34156803774899,11.090214461268388,11.329306602478027,16550713
2010-04-15,11.366093154618106,11.40287629838577,11.169913659455432,11.310917854309082,18202846
2010-04-16,11.28026614391069,11.353833613047057,10.912431136859366,10.9921293258667,29721324
2010-04-19,10.734643057399703,10.86951536298872,10.556855720231635,10.7714262008667,29446854
2010-04-20,10.83886248183725,10.906299216449167,10.728511886768658,10.765295028686523,15525828
2010-04-21,10.851124823206659,10.863385091991006,10.50168085326311,10.556856155395508,19212160
2010-04-22,10.520073775115033,10.630424387401199,10.29324300036252,10.385201454162598,18993662
2010-04-23,10.501677469659741,10.562983471089284,10.372935919040952,10.513938903808594,14844261
2010-04-26,10.667205330173287,10.795948074334735,10.581377613608948,10.783686637878418,14463421
2010-04-27,10.79594993457593,10.844994519537089,10.354547500610352,10.354547500610352,17903836
2010-04-28,10.176762197320997,10.403592983858646,9.99897483066397,10.207414627075195,25477898
2010-04-29,10.293243022481624,10.483290649985534,10.182892409958326,10.434246063232422,14958406
2010-04-30,10.428113831971112,10.61816143192402,10.268718655802054,10.342286109924316,17753394
2010-05-03,10.409722186721188,10.483289644452023,10.225805296366707,10.44650650024414,9604744
2010-05-04,10.544594513686242,10.618160794074248,9.882492143619475,9.919275283813477,32062030
2010-05-05,9.980581343170618,9.9989723286952,9.569831988283202,9.907013893127441,33794120
2010-05-06,9.80279580745669,10.08480305314762,9.367524669441249,9.52078914642334,27677344
2010-05-07,9.140692222202082,9.60661631691076,9.073256070859054,9.257173538208008,41384228
2010-05-10,9.93153872012309,10.366809279790191,9.716968215374933,10.115455627441406,38100536
2010-05-11,9.900882688793285,10.127714576752075,9.839576678319432,10.084800720214844,19049062
2010-05-12,10.02349618959882,10.330025117908784,9.962190170073814,10.238066673278809,21461318
2010-05-14,10.066409944618028,10.09093165057626,9.65566113831093,9.759881019592285,26662438
2010-05-17,9.62500620738752,9.962188074533998,9.520786346912109,9.741487503051758,18892502
2010-05-18,9.931537796668776,10.10319324905429,9.90088420208917,9.943798065185547,16252997
2010-05-19,9.723098230878794,9.83957897639475,9.569833753556038,9.680184364318848,22582910
2010-05-20,9.796662579585359,9.931536033156421,9.22651926876659,9.447219848632812,26243752
2010-05-21,9.398178094053174,9.51465942907767,9.183607583002328,9.508528709411621,32159370
2010-05-25,9.195868540129572,9.257174564260133,8.926123320201771,9.18360710144043,26717000
2010-05-26,9.45335290526671,9.526919783422931,9.293957710266113,9.293957710266113,19211352
2010-05-27,9.428828345711182,9.625006640296792,9.3368693316311,9.57596206665039,16193031
2010-05-28,9.704706061464918,9.704706061464918,9.41656869808477,9.45948314666748,12713373
2010-05-31,9.471744560561676,9.60661746401004,9.471744560561676,9.52078914642334,4730613
2010-06-01,9.502396021233574,9.502396021233574,9.177475546792264,9.41043758392334,14999143
2010-06-02,9.287826094570482,9.392045974731445,9.214259223514068,9.392045974731445,13485461
2010-06-03,9.56370203587872,9.594354458543807,9.41043758392334,9.41043758392334,13536649
2010-06-04,9.453352329908034,9.52691920358676,8.981297492980957,8.981297492980957,21635398
2010-06-07,8.938382627867874,9.214258519412937,8.834162755670798,9.024210929870605,17614480
2010-06-08,8.99355838786668,9.06712525710323,8.674768036517449,8.828032493591309,25763740
2010-06-09,8.913859831894117,8.950643554846062,8.711550817302026,8.858684539794922,18623152
2010-06-10,8.82190333678984,8.95064551837807,8.687030435921795,8.87707805633545,16935744
2010-06-11,8.95677522351044,9.238781865625974,8.92612279789634,9.171345710754395,18861576
2010-06-14,9.27556517611237,9.404307345714813,9.238781448515594,9.324609756469727,11639883
2010-06-15,9.459484121398447,9.600487165771922,9.434961827391858,9.508528709411621,21359618
2010-06-16,9.61274860510402,9.625009459778509,9.392047374387126,9.508528709411621,11616683
2010-06-17,9.526919368992129,9.784403723666854,9.453352494036144,9.637269973754883,19873468
2010-06-18,9.74148997264263,9.821187567602138,9.63727008574616,9.80279541015625,34796456
2010-06-21,9.907017174214232,9.962192487691288,9.796666547260122,9.815058708190918,11610383
2010-06-22,9.747618175803865,9.79666274996041,9.600484453334227,9.753748893737793,12131460
2010-06-23,9.594356012709891,9.735359635371564,9.496266841114423,9.55144214630127,12738481
2010-06-24,9.582095063243834,9.606617355898695,9.330741417367111,9.355263710021973,12136501
2010-06-25,9.349131552864675,9.48400443405272,9.226520108447128,9.300086975097656,13270746
2010-06-28,9.34300227182051,9.34300227182051,9.15908478457131,9.244913101196289,12333959
2010-06-29,9.103907995273854,9.152952569438153,8.760595391466325,8.858684539794922,17321908
2010-06-30,8.828032936855438,9.060994993463858,8.754466063925022,8.864816665649414,19089234
2010-07-01,8.742205544073032,8.791250127896529,8.546026624121485,8.595071792602539,18684598
2010-07-02,8.687030734396865,8.785119907613815,8.582810841689458,8.61959457397461,11287656
2010-07-05,8.625722845781421,8.687028858129636,8.56441741809067,8.607331275939941,5499928
2010-07-06,8.631855996779434,8.975168710306429,8.619595141648627,8.91999340057373,14013172
2010-07-07,8.828032106435787,9.097777866464215,8.717682099749139,9.091647148132324,13651748
2010-07-08,9.195868492126465,9.330741393715108,9.152954626253631,9.195868492126465,14528102
2010-07-09,9.300087437502674,9.330740446295515,9.201998277091592,9.275565147399902,7594694
2010-07-12,9.324610293688796,9.398177168463242,9.18360667854461,9.336871147155762,8010123
2010-07-13,9.367522747937771,9.533048629760742,9.31234745399678,9.533048629760742,10240094
2010-07-14,9.625009530063197,9.686315557856144,9.447222751052784,9.54531192779541,9339730
2010-07-15,9.502396564340163,9.655661025055327,9.39204596553484,9.422698974609375,13619657
2010-07-16,9.447220683898477,9.514657416646354,9.146822499690161,9.220389366149902,15075530
2010-07-19,9.134562432572089,9.324610637915038,9.060995555081856,9.17747688293457,8209466
2010-07-20,9.232652271539424,9.2694354182917,8.987428759674756,9.18360710144043,9320882
2010-07-21,9.287826527430727,9.447221714477013,9.269434954973864,9.318479537963867,14004614
2010-07-22,9.269435904354188,9.563704017090844,9.23878289068155,9.508528709411621,11156885
2010-07-23,9.441090527881103,9.53304955492637,9.373654375773924,9.484004974365234,7322533
2010-07-26,9.637269066394875,9.655660637237895,9.508526901178737,9.625007629394531,10787151
2010-07-27,10.078671836075195,10.759165285139241,10.078671836075195,10.70398998260498,58183428
2010-07-28,10.777558353778035,11.035042730939224,10.64268603024225,10.716252326965332,26874748
2010-07-29,10.728513669222645,10.967605885384458,10.691730521193564,10.740775108337402,14479661
2010-07-30,10.667207823377993,11.010519939191283,10.636555394387868,10.912430763244629,19948508
2010-08-02,10.992126978246162,11.126999278656635,10.943082399068262,11.096346855163574,14511357
2010-08-03,11.151522122729162,11.157652841274187,10.943082369458336,11.04730224609375,12646026
2010-08-04,11.016648683177609,11.169913139272921,10.930820961945036,11.096346855163574,14536535
2010-08-05,11.096346855163574,11.243480592697273,11.028910120300836,11.096346855163574,13001231
2010-08-06,11.145390867328453,11.243480020694046,10.936951124097838,11.004387855529785,12508066
2010-08-09,11.15152323495721,11.237350964517816,11.127000358331257,11.231220245361328,8623251
2010-08-10,11.218957641021627,11.24348051509883,11.02891004418328,11.059563636779785,11530476
2010-08-11,11.004389763570119,11.004389763570119,10.489421034453375,10.562987327575684,17280646
2010-08-12,10.483290833765006,10.697861343064636,10.39746192845603,10.605901718139648,12774565
2010-08-13,10.697859857786375,10.746904438589981,10.477158659512625,10.67333698272705,10260034
2010-08-16,10.697859403068081,10.777556404993238,10.513941355885812,10.667205810546875,7652838
2010-08-17,10.722382096563658,10.838863420255903,10.661076075182732,10.8266019821167,8635231
2010-08-18,10.820471764522,10.826602483875732,10.612031983755774,10.710121154785156,7272402
2010-08-19,10.832733033496803,10.906300495273726,10.661076402227408,10.697860717773438,12809798
2010-08-20,10.673338277489446,10.753036461785243,10.434246063232422,10.434246063232422,11530700
2010-08-23,10.471027866806809,10.697859782243619,10.434244723792608,10.636553764343262,10178917
2010-08-24,10.544595300955372,10.59363988131407,10.323894104683713,10.415852546691895,15035979
2010-08-25,10.37906982252134,10.452636111370088,10.121585472920561,10.262588500976562,19353446
2010-08-26,10.391332340895486,10.458767917799419,10.238067858990332,10.397461891174316,11049245
2010-08-27,10.385201097364783,10.471028828720769,10.244196892446196,10.464898109436035,8949454
2010-08-30,10.54459674689983,10.550726297134538,10.434246133631998,10.471029281616211,4992107
2010-08-31,10.33002621399375,10.544596720441106,10.299372616321163,10.53233528137207,11416652
2010-09-01,10.59977078780498,10.930821418762207,10.544595487759599,10.930821418762207,15623414
2010-09-02,10.918558608866668,11.03503991313572,10.869514033803107,10.973733901977539,14597667
2010-09-03,10.979867073691496,11.206699014872335,10.973736354274159,11.176045417785645,15970893
2010-09-06,11.280264752564525,11.29865690990888,11.084086418151855,11.084086418151855,9577240
2010-09-07,11.041171560656773,11.084085421285625,10.838862525324329,10.924690246582031,10205711
2010-09-08,10.85725259770849,10.979864620024848,10.63655259457991,10.973733901977539,18442260
2010-09-09,10.90017141433976,11.24348355916411,10.88790997398149,11.133132934570312,14273019
2010-09-10,11.00438859442816,11.261872931630561,10.949213295790859,11.218957901000977,12967933
2010-09-13,11.310917039007936,11.359961616934662,11.231218869055146,11.27413272857666,13515402
2010-09-14,11.231219338323715,11.292525355622386,11.114738022387742,11.218957901000977,11915348
2010-09-15,11.225089478655807,11.280264781515367,11.145392468589282,11.243481636047363,9927089
2010-09-16,11.280263291347312,11.298655446309192,11.157652432879653,11.200566291809082,9082381
2010-09-17,11.310917809210366,11.310917809210366,11.028910589942539,11.04117202758789,21930408
2010-09-20,11.035042354481941,11.274134564648199,11.035042354481941,11.237351417541504,10285165
2010-09-21,11.176043525157382,11.317046539932234,11.114737510681152,11.114737510681152,10835782
2010-09-22,11.059563576871682,11.090215999987151,10.783687091572503,10.789817810058594,15140880
2010-09-23,10.887907355926828,10.912429061431682,10.507810981423846,10.587509155273438,20543548
2010-09-24,10.550725326755005,10.75916509502008,10.434245173965468,10.753035545349121,17315568
2010-09-27,10.820471306767876,10.91856047364765,10.697860432825712,10.70398998260498,11898382
2010-09-28,10.612031983755774,10.802080775775963,10.458767507857969,10.710121154785156,14282947
2010-09-29,10.759165153308821,10.894038633102255,10.428114511474673,10.45876693725586,19088608
2010-09-30,10.391330216166374,10.501679638350023,10.170629033169153,10.225804328918457,23902374
2010-10-01,10.2687182342302,10.397459812015036,10.158367642234644,10.213542938232422,18602300
2010-10-04,10.26871916592035,10.311633029075576,10.139977576454672,10.164499282836914,12986541
2010-10-05,10.115455642942546,10.421984601819593,10.072541775790189,10.385201454162598,17505620
2010-10-06,10.458767437889792,10.636554790013138,10.452636718577075,10.562987327575684,16051593
2010-10-07,10.593640924139267,10.679468655887009,10.458767437889792,10.562987327575684,10493987
2010-10-08,10.513942096807718,10.550725241110298,10.403591494584902,10.495551109313965,8872877
2010-10-11,10.483289739316689,10.513942164881456,10.366808417403425,10.42198371887207,7035384
2010-10-12,10.372938157526118,10.587508624176568,10.287110438591927,10.544594764709473,11351874
2010-10-13,10.6242920397847,10.875645653999943,10.587508897764543,10.814339637756348,14742265
2010-10-14,10.869516154899994,10.930822178021542,10.630423950972608,10.648816108703613,10144082
2010-10-15,10.673338910561451,10.691731070177964,10.421985242378716,10.452637672424316,12124925
2010-10-18,10.379069840854772,10.599771046421019,10.366808402919963,10.593640327453613,8848806
2010-10-19,10.60589980896975,10.887907013966151,10.569116667210217,10.777556419372559,15667794
2010-10-20,10.67333746193139,10.863385074913614,10.587509734000404,10.72851276397705,11381934
2010-10-21,10.69172820308592,10.851123369073221,10.605899317206642,10.783686637878418,10009776
2010-10-22,10.73464295400169,10.820470677702987,10.67946765467513,10.685598373413086,8047835
2010-10-25,10.826601074868067,10.863384216888223,10.753034790827753,10.814339637756348,11114798
2010-10-26,10.391330248186293,10.415851952308788,10.170629064509,10.274848937988281,42824960
2010-10-27,10.268719199547855,10.452636090619697,10.170630035067528,10.323894500732422,16719707
2010-10-28,10.440375333955535,10.45876632061389,10.256457282166837,10.268718719482422,12189996
2010-10-29,10.2687182342302,10.323893530227975,10.176759797338892,10.213542938232422,10583421
2010-11-01,10.311633898765734,10.336156776531324,10.121586273343102,10.1890230178833,10970589
2010-11-02,10.195151741530072,10.35454692613937,10.152237878234315,10.323894500732422,9799255
2010-11-03,10.342287061451485,10.38520092642311,10.182891870617501,10.23193645477295,12011952
2010-11-04,10.415853476870062,10.556856511829086,10.360678172874767,10.47715950012207,12472455
2010-11-05,10.575248265103761,10.661075992784644,10.409722359449123,10.569117546081543,15228604
2010-11-08,10.562986759062719,10.691729519070385,10.562986759062719,10.642684936523438,9479450
2010-11-09,10.612032459126167,10.703990914921137,10.575249310671222,10.654946327209473,7207399
2010-11-10,10.612031261157982,10.66720656226939,10.440375808202557,10.495551109313965,10816735
2010-11-11,10.532333910847642,10.562986335216381,10.262588133005604,10.40359115600586,11187980
2010-11-12,10.219675184295948,10.495551705524434,10.176761318619326,10.354547500610352,14362388
2010-11-15,10.299372550542701,10.51394305561967,10.274850841876432,10.385201454162598,9670737
2010-11-16,10.360677196473821,10.409721776590388,10.121585014569932,10.146106719970703,15971814
2010-11-17,10.115455104161212,10.268719575436382,10.10319366582357,10.182891845703125,9376673
2010-11-18,10.244195938110352,10.31163267464496,10.213543513857365,10.244195938110352,11053882
2010-11-19,10.256456654647403,10.268718091212797,9.974450629533033,10.078670501708984,15916583
2010-11-22,10.195152525939369,10.219675403603764,9.851840423843989,9.870232582092285,14163916
2010-11-23,9.808925515604496,9.833448390664728,9.612747192382812,9.612747192382812,18571748
2010-11-24,9.686315037028802,9.686315037028802,9.514658986959049,9.5820951461792,14862053
2010-11-25,9.625008045255408,9.704705635228597,9.508527312006914,9.612747192382812,10431024
2010-11-26,9.52691977037466,9.563703501731178,9.318479990222064,9.434961318969727,14284410
2010-11-29,9.563701112325795,9.674051109510238,9.32460837988755,9.398175239562988,15024035
2010-11-30,9.392045897397526,9.441090477697971,9.146822995895313,9.214259147644043,22930172
2010-12-01,9.306218223666743,9.53304955492637,9.269434495917134,9.484004974365234,16886976
2010-12-02,9.625009058937444,9.716968096125646,9.410439141480138,9.680184364318848,17195056
2010-12-03,9.667921572334325,9.723096281999029,9.520787259256053,9.63113784790039,9196196
2010-12-06,9.594355494675376,9.612747651849652,9.398177162076827,9.477874755859375,10073389
2010-12-07,9.459484571288455,9.67405450788657,9.40430926098511,9.514659881591797,9869754
2010-12-08,9.471744055979496,9.753750701989686,9.46561333690899,9.667922973632812,12925011
2010-12-09,9.759880162356037,9.943797033491554,9.74148859217398,9.907013893127441,18275970
2010-12-10,9.94992825402104,9.962189691199658,9.808925234411971,9.900883674621582,7851051
2010-12-13,9.949928756893065,9.974451632489691,9.864101030935007,9.894753456115723,7633026
2010-12-14,9.925407050611506,9.943798037993908,9.85797031203585,9.894753456115723,7654652
2010-12-15,9.845708754089236,9.845708754089236,9.704705729074512,9.729228019714355,10142495
2010-12-16,9.716968096125646,9.75988196268559,9.575964472966769,9.680184364318848,10763176
2010-12-17,9.686314563983252,9.686314563983252,9.465613354299975,9.49626636505127,25953306
2010-12-20,9.441089130805503,9.582092717546443,9.441089130805503,9.447219848632812,6459132
2010-12-21,9.502396122068102,9.526918411254883,9.447220825233476,9.526918411254883,8097715
2010-12-22,9.545310529579492,9.674052701360184,9.533049676611464,9.649530410766602,8094867
2010-12-23,9.649530363886651,9.759880963350426,9.63726951097819,9.661791801452637,6145690
2010-12-27,9.649530885907684,9.692445335052698,9.514658573330651,9.594355583190918,3982913
2010-12-28,9.600486719665135,9.64953130539935,9.575964426798027,9.5820951461792,2277669
2010-12-29,9.618876841721175,9.64339913088802,9.557571411132812,9.557571411132812,4273748
2010-12-30,9.557571317482708,9.594354458543807,9.392045428735305,9.41043758392334,6060111
2011-01-03,9.471744548215556,9.569833719811024,9.459483694094914,9.55144214630127,5209463
2011-01-04,9.60661609675411,9.716966691566057,9.533049228431976,9.643399238586426,9622487
2011-01-05,9.631137458346428,9.772140462882136,9.496264587087206,9.753748893737793,13649257
2011-01-06,9.808924693916525,10.017364437207448,9.784402405568033,9.919275283813477,15599036
2011-01-07,9.919274220687916,9.943795921750754,9.710834499737095,9.741487503051758,12459621
2011-01-10,9.686314063590943,9.710836353993654,9.520788164879509,9.612747192382812,10888174
2011-01-11,9.674051803594505,9.815055399915419,9.594354220397026,9.778271675109863,9912259
2011-01-12,9.839577347401487,10.244195407001719,9.839577347401487,10.201281547546387,22225628
2011-01-13,10.250326064550821,10.348415219670736,10.097061613511583,10.274848937988281,17073734
2011-01-14,10.238067247684494,10.379070281982422,10.207413651544643,10.379070281982422,10881918
2011-01-17,10.348417773227919,10.50168226208643,10.33615750279883,10.452637672424316,11036965
2011-01-18,10.428114469843335,10.746904841681381,10.428114469843335,10.581378936767578,17203504
2011-01-19,10.562986169065484,10.605900030232718,10.103192794876522,10.219674110412598,21376092
2011-01-20,10.16449971306604,10.299372027164736,10.02349667978352,10.23193645477295,17948850
2011-01-21,10.238066381384751,10.483289283178241,10.238066381384751,10.415852546691895,19865912
2011-01-24,10.452634844079892,10.54459444796415,10.35454569129729,10.501679420471191,13795219
2011-01-25,10.526205052350278,10.550726762315852,10.336157415184925,10.366809844970703,12375246
2011-01-26,10.391332173657961,10.421984601819593,10.244197244399619,10.385201454162598,11008129
2011-01-27,10.330025304557026,10.612031362426393,10.287111440908651,10.581378936767578,14744446
2011-01-28,10.550724843043612,10.771426039162442,10.501680262718875,10.587509155273438,15035263
2011-01-31,10.50781187782441,10.526204035508322,10.33002569747379,10.379070281982422,13284307
2011-02-01,10.477158585528347,10.654944751192845,10.33615556287805,10.636553764343262,15212413
2011-02-02,10.654946305752548,10.765296920210368,10.544596860609929,10.605901718139648,9789171
2011-02-03,10.60589961005391,10.710119484180415,10.507810454324842,10.544594764709473,11128155
2011-02-04,10.605901712565508,10.802081232229199,10.569118564203967,10.716252326965332,13800341
2011-02-07,10.802080223142964,10.91242965791919,10.716251325896883,10.72851276397705,14327777
2011-02-08,10.783687764004691,11.188305854797363,10.685598600740713,11.188305854797363,34641872
2011-02-09,11.218959704940458,11.476444083544758,11.17604583672561,11.353833198547363,27647312
2011-02-10,11.329308480656495,11.353831355263834,11.151522317013363,11.280263900756836,18151636
2011-02-11,11.249611430372202,11.366092745646169,11.096346972654093,11.292525291442871,13715312
2011-02-14,11.402875935163495,11.507095813614647,11.280263900756836,11.280263900756836,11250710
2011-02-15,11.237350518030572,11.372222826169166,11.176044498216642,11.335439682006836,9813020
2011-02-16,11.32317977916392,11.556142452174527,11.310919508991175,11.52548885345459,13973451
2011-02-17,11.451921986813735,11.55614187865877,11.396746681171352,11.49483585357666,9656472
2011-02-18,11.562270695352906,11.605184555053711,11.439658665366341,11.605184555053711,32149960
2011-02-21,11.648101278883894,11.727798299451225,11.445792198181152,11.445792198181152,14403637
2011-02-22,11.341569400646355,11.433527837599414,11.249610963693296,11.347700119018555,14185749
2011-02-23,11.28026426007348,11.445790161000554,11.255742554000058,11.310917854309082,13034393
2011-02-24,11.255741694770972,11.335438695069593,11.04117122876165,11.114737510681152,11936203
2011-02-25,11.157653363723819,11.310917826580932,11.120869050731272,11.261873245239258,9816110
2011-02-28,11.243481116305817,11.445790161000554,11.15152267222913,11.310917854309082,10117477
2011-03-01,11.30478809085484,11.335440518365889,11.022780846629535,11.090217590332031,17414566
2011-03-02,10.912429352295513,11.255742593034496,10.832732345636678,11.188305854797363,18280060
2011-03-03,11.274133709128492,11.402876468205227,11.21282885837441,11.3231782913208,13686530
2011-03-04,11.304786721342412,11.335439145140088,11.010518074035645,11.010518074035645,15724709
2011-03-07,10.924690351950138,11.188305406144213,10.86338433503977,11.010518074035645,11675084
2011-03-08,11.071825857175714,11.194437910556102,11.02891198928714,11.157654762268066,11641793
2011-03-09,11.182176510057534,11.188307229679292,10.87564754486084,10.87564754486084,16995466
2011-03-10,10.783687629246296,10.802079785621602,10.636553886188988,10.661075592041016,19728084
2011-03-11,10.544595368556543,10.72851225375199,10.501680337316904,10.624292373657227,16128943
2011-03-14,10.513942694398763,10.67946860714114,10.440376401612243,10.464898109436035,18294412
2011-03-15,10.299371114106743,10.360677131194942,9.9683204927345,10.219674110412598,27529424
2011-03-16,10.274848809495493,10.287110246060887,9.992841615066174,10.078670501708984,18068938
2011-03-17,10.090931845207916,10.225805323182286,9.968320974421758,10.103193283081055,19326248
2011-03-18,10.10319277076797,10.158368069084187,9.98058190619917,9.99897289276123,32632156
2011-03-21,10.164497358358128,10.3300232300302,10.066408212770572,10.287109375,12271198
2011-03-22,10.287110389334446,10.397459812015036,10.15223692386656,10.213542938232422,10322768
2011-03-23,10.1277169927845,10.262589312549727,10.109324834460306,10.1890230178833,7670129
2011-03-24,10.139976763689935,10.348415343834445,10.139976763689935,10.299370765686035,7804331
2011-03-25,10.366807908637993,10.489419943509871,10.274849467141596,10.317763328552246,8796310
2011-03-28,10.317765343182318,10.477160551912998,10.317765343182318,10.452637672424316,7589065
2011-03-29,10.464895650223728,10.526201659349233,10.213542065192538,10.250325202941895,12332804
2011-03-30,10.366805909086661,10.385198061564468,10.268716767834619,10.280978202819824,7571182
2011-03-31,10.274849905359764,10.280980624296333,10.090931845207916,10.103193283081055,10805236
2011-04-01,10.18902176188413,10.3484157704513,10.146106731084478,10.256457328796387,9220892
2011-04-04,10.287110498135167,10.336155076283577,10.13384604525701,10.299370765686035,9164563
2011-04-05,10.280981470873918,10.305503179324337,10.176761579000507,10.1890230178833,8595891
2011-04-06,10.21354535741133,10.409723714396888,10.182892927625554,10.366809844970703,9822616
2011-04-07,10.397457618023937,10.636550906667678,10.397457618023937,10.513938903808594,14680031
2011-04-08,10.556856028398162,10.569117466350102,10.397460842968192,10.42198371887207,7651355
2011-04-11,10.397461294840197,10.477159475676393,10.366808867943279,10.428114891052246,6569513
2011-04-12,10.323894112072168,10.403591116718951,10.219674232570968,10.244195938110352,9699524
2011-04-13,10.299372196364654,10.446507120563274,10.195152307157798,10.354547500610352,11048732
2011-04-14,10.268718690220153,10.39133072439655,10.170629530605042,10.219674110412598,10232369
2011-04-15,10.268719090735067,10.268719090735067,10.054148607214904,10.127716064453125,23598518
2011-04-18,10.13997689641519,10.146106445613366,9.766011252316748,9.876361846923828,13754921
2011-04-19,9.919276190550008,10.072540652902598,9.870231609369782,9.931537628173828,11945201
2011-04-20,10.035757639555069,10.139977522079633,10.01123476398926,10.066410064697266,8537553
2011-04-21,10.158369016622,10.262588904350013,10.072541286486622,10.17063045501709,9281036
2011-04-26,10.728513241073598,10.789819264885619,10.538465619639963,10.562987327575684,25498232
2011-04-27,10.562986308999827,10.759164630828943,10.50168029109947,10.636553764343262,11593760
2011-04-28,10.685597478677286,10.728511336934634,10.544594467456015,10.612030029296875,9095632
2011-04-29,10.612031768777728,10.661076353298876,10.581379341945183,10.599771499633789,4538707
2011-05-02,10.673336358284491,10.685597795096799,10.47715804654746,10.483288764953613,5999040
2011-05-03,10.513942239114066,10.532334396171832,10.348416333539445,10.45876693725586,9964096
2011-05-04,10.409722186721188,10.59364024639074,10.409722186721188,10.44650650024414,7181937
2011-05-05,10.397460810075987,10.44650656172859,10.231936075508763,10.262588500976562,9601611
2011-05-06,10.299373019232984,10.464898945194768,10.219676000796886,10.440377235412598,8593134
2011-05-09,10.354546824129747,10.372938980781768,10.158368497101781,10.238066673278809,10102928
2011-05-10,10.238066894083335,10.391331361543774,10.103193414356491,10.348416328430176,12373331
2011-05-11,10.39746083703079,10.440375869838073,10.287111403471593,10.311633110046387,8603565
2011-05-12,10.207413199682462,10.39133126043449,10.19515176176931,10.262588500976562,9638801
2011-05-13,10.336156412527977,10.342287131753473,10.023496747918523,10.048018455505371,12280817
2011-05-16,9.949928313070707,10.029626485889693,9.845708435063969,9.99897289276123,9617687
2011-05-17,9.949930507578483,10.078673288482866,9.876364206474785,9.882494926452637,9359742
2011-05-18,9.97444829004746,10.011231421801288,9.907011574069879,9.949925422668457,7202727
2011-05-19,9.992842580128348,10.09706246236937,9.876362429452842,10.017365455627441,12153226
2011-05-20,10.084802672738443,10.170630402430051,9.962190628051758,9.962190628051758,21405320
2011-05-23,9.808924688397406,9.815055406645447,9.71696625330667,9.747618675231934,10623546
2011-05-24,9.747618642667653,9.772140930920425,9.600484913151021,9.69857406616211,10914633
2011-05-25,9.625007220400278,9.839577096871153,9.600484932099107,9.808924674987793,11220820
2011-05-26,9.937666740111455,9.992842037674203,9.821186595758988,9.864100456237793,15787086
2011-05-27,9.974452471503119,10.03575849633645,9.913146446669789,9.980583190917969,9992912
2011-05-30,9.937668157039042,9.992843462468766,9.857971143260087,9.870232582092285,2674665
2011-05-31,9.968320873944318,10.115454618993692,9.968320873944318,10.017365455627441,10145863
2011-06-01,10.078671597018952,10.146107166827349,9.980582432465756,10.041887283325195,12352730
2011-06-03,9.864103301357709,9.894755733593701,9.692447225273943,9.815058708190918,13138411
2011-06-06,9.778271140591984,9.833447017112928,9.7108349975685,9.735357284545898,8871138
2011-06-07,9.680183896823392,9.766012210455866,9.594355583190918,9.594355583190918,10850553
2011-06-08,9.502396573644823,9.5514411543491,9.367523684379307,9.392045974731445,15105340
2011-06-09,9.324610251200118,9.514658448661292,9.324610251200118,9.45948314666748,13266497
2011-06-10,9.465612760660148,9.575963358581104,9.336870591304873,9.385915756225586,10239697
2011-06-14,9.416569232229943,9.58209514760066,9.343002353617706,9.471744537353516,12338036
2011-06-15,9.410438569563283,9.434960861058286,9.318479537963867,9.318479537963867,12683611
2011-06-16,9.269434457403321,9.324609756469727,9.165214577979556,9.324609756469727,15119398
2011-06-17,9.25104288593369,9.441090488654073,9.220389877045964,9.324609756469727,21330892
2011-06-20,9.195867062842538,9.318478506748942,9.152953203639667,9.281695365905762,9361672
2011-06-21,9.318477702099742,9.422697566585187,9.171343982117033,9.416566848754883,12160363
2011-06-22,9.453351887753506,9.459482606437703,9.306218147277832,9.306218147277832,8003890
2011-06-23,9.238780276555817,9.28169471741785,8.858684534673525,8.889337539672852,21596418
2011-06-24,9.018079231798428,9.0732545210443,8.840292513482513,8.883206367492676,13681441
2011-06-27,8.828032899808948,8.981297363935196,8.809641327817907,8.84642505645752,9187357
2011-06-28,8.889339916634533,9.140693572456225,8.877078477493184,9.054865837097168,15035145
2011-06-29,9.140693187628495,9.34913296699524,9.091648602443094,9.195868492126465,12544707
2011-06-30,9.226519233653633,9.428828243925444,9.201996947095154,9.398175239562988,11826883
2011-07-01,9.385915942347623,9.655661139144247,9.379785223528774,9.618877410888672,12860106
2011-07-04,9.631139744386983,9.643400598507627,9.453352974705801,9.55144214630127,7377039
2011-07-05,9.490135572524,9.56370303162078,9.41656869808477,9.45948314666748,6220984
2011-07-06,9.385916278068281,9.404307850525147,9.189737361450721,9.318479537963867,12216192
2011-07-07,9.355263278267717,9.465613297793048,9.201998810083742,9.287826538085938,10355926
2011-07-08,9.336870049564926,9.34300076790649,8.987427289300474,9.030341148376465,15991206
2011-07-11,8.956773064321876,9.011948352578344,8.668636357338496,8.748333930969238,14870475
2011-07-12,8.552155490155785,8.63798378557814,8.288541055389683,8.582808494567871,25643224
2011-07-13,8.582811857413802,8.79125166749622,8.552158840991506,8.656378746032715,16067858
2011-07-14,8.54602622013129,8.662507539698927,8.460198494826221,8.576679229736328,10364687
2011-07-15,8.423414693188407,8.515373721204606,8.331456249829733,8.398892402648926,15763397
2011-07-18,8.282411583400819,8.34371701678901,8.092363395185135,8.11075496673584,13379453
2011-07-19,8.116885216571198,8.337586401060149,8.116885216571198,8.165929794311523,14268964
2011-07-20,8.294673018568213,8.527635084977193,8.25175915371783,8.50311279296875,12116393
2011-07-21,8.570548562908277,8.962905801987857,8.337587091673953,8.81577205657959,20684348
2011-07-22,8.98129585747863,9.1468217316065,8.711550703110815,8.772856712341309,13628027
2011-07-25,8.644115479987136,8.69316005872446,8.46632873589996,8.521503448486328,10535367
2011-07-26,8.276281356811523,8.472459690771453,8.159800617187203,8.276281356811523,20853256
2011-07-27,8.184320873342822,8.20271244141286,8.031056441891888,8.080101013183594,19672212
2011-07-28,7.939098407443402,8.116885146379012,7.883923111798302,8.098493576049805,17488720
2011-07-29,7.85940270220092,8.073973217752888,7.785835818637918,8.037189483642578,24386960
2011-08-02,7.620310244728615,7.822619314530472,7.375086722328643,7.418001174926758,25075272
2011-08-03,7.332170968909153,7.7245281530593,7.258604106504273,7.301517963409424,28367274
2011-08-04,7.5222194218291705,7.540610991966627,6.835594177246095,6.835594177246094,27805606
2011-08-05,6.314495723625844,7.019511989539396,6.314495723625844,6.755897521972656,32223378
2011-08-08,6.651678024612537,7.129862992409314,6.443238258361816,6.443238258361816,30046614
2011-08-09,6.36354066960257,6.663938881281621,6.084599389520947,6.498413562774658,39583196
2011-08-10,6.743636933610859,6.792681519082696,6.115252816841969,6.148970603942871,41982184
2011-08-11,6.541326186631525,6.872377345581106,6.130577450664415,6.768157482147217,42744260
2011-08-12,6.878510093766378,7.295389085899953,6.694592599025707,7.154386043548584,30746417
2011-08-15,7.350564412317104,7.350564412317104,7.16051678215098,7.25860595703125,15364646
2011-08-16,7.185038080561858,7.258604951531193,7.001120610809764,7.215691089630127,13926717
2011-08-17,7.172776670832379,7.25860497962421,7.025642928324258,7.123732089996338,16643113
2011-08-18,7.00725164567489,7.050165509511939,6.449369077163065,6.52906608581543,22382388
2011-08-19,6.498413660021849,6.663938981005858,6.210276297233335,6.52906608581543,27207918
2011-08-22,6.4187165017395635,6.58424183394203,6.375802050336448,6.455499649047852,15110092
2011-08-23,6.559718125979914,6.676199431533247,6.492281980688351,6.590371131896973,14869801
2011-08-24,6.670070261792517,6.847857035793507,6.522936500824305,6.811073303222656,15250281
2011-08-25,6.97659914865615,7.025643735124296,6.755898509549489,6.829465389251709,16589229
2011-08-26,6.853986651626387,6.853986651626387,6.504543294776147,6.6210246086120605,14035172
2011-08-29,6.8172021223595545,6.958205709140343,6.725243693553663,6.896899700164795,9592914
2011-08-30,6.958205735487307,7.074686451392981,6.884638290575116,7.0072503089904785,13082606
2011-08-31,7.050166149350791,7.191169191702159,7.001121562040959,7.154386043548584,15799623
2011-09-01,7.191168736382958,7.234083186055071,7.019512691667195,7.148254871368408,14099091
2011-09-02,7.007250213199803,7.01951106407927,6.719112909314496,6.768157482147217,13744090
2011-09-05,6.449368508346416,6.541326946931767,6.240928757251629,6.326756477355957,17433932
2011-09-06,6.3512787661560015,6.768158268314956,6.3083649061069895,6.4125847816467285,26510904
2011-09-07,6.651678195119957,6.719114351070727,6.5535884437494465,6.706852912902832,14919629
2011-09-08,6.743634757595115,6.958205188290641,6.712981755401841,6.8478546142578125,15246026
2011-09-09,6.804943005721451,6.829465298630133,6.467761039733887,6.467761039733887,15988105
2011-09-12,6.283843030580631,6.418715922745983,6.1489701384152795,6.314496040344238,20478220
2011-09-13,6.455499701942305,6.743637086620202,6.265452075091259,6.688461780548096,27514844
2011-09-14,6.596502809907798,6.780420287515608,6.553588361516198,6.700722694396973,18551900
2011-09-15,6.1305784567808495,6.42484594207072,5.977313995361328,5.977313995361328,89223504
2011-09-16,6.130578553110642,6.39419361798481,5.980379448718335,6.289973735809326,72347272
2011-09-19,6.148969190865787,6.381931210649461,6.1367083396442474,6.173491477966309,28411724
2011-09-20,6.124447377284779,6.277711829677236,6.106055806701781,6.259320259094238,18930462
2011-09-21,6.302234626094115,6.4003237899776755,6.228667753181444,6.308365345001221,15692052
2011-09-22,6.124448226213783,6.161231957135976,5.9221391677856445,5.9221391677856445,25741966
2011-09-23,6.011032002165405,6.228667243646245,5.725960027538119,6.2041449546813965,26493622
2011-09-26,6.023293403789107,6.516805171966552,6.023293403789107,6.516805171966553,30326304
2011-09-27,6.743635706243246,6.945944730657946,6.694591129697711,6.903030872344971,28091308
2011-09-28,6.743636584435862,6.909162490325819,6.639416699540159,6.749767303466797,21524148
2011-09-29,6.706852920541138,7.105340891588302,6.688461347925901,6.927554130554199,21440116
2011-09-30,6.841725673332454,6.884639536751131,6.412585285173069,6.461629867553711,22001608
2011-10-03,6.265452379234147,6.375802412077476,6.130579467250503,6.185754776000977,21235880
2011-10-04,6.112187514663372,6.332888151362703,6.029424556654529,6.271582126617432,28664084
2011-10-05,6.437106609344482,6.486151184357368,6.2715807301829045,6.437106609344482,18767448
2011-10-06,6.535195875220538,6.7252440452575675,6.49841273563754,6.725244045257568,19153096
2011-10-07,6.7436350545179335,6.774288058060861,6.473889909586478,6.5106730461120605,18435566
2011-10-10,6.584241382258281,6.712983558320651,6.4064546233776305,6.670069694519043,11868035
2011-10-11,6.645546904897129,6.712983055052229,6.529065590943092,6.676199913024902,11149677
2011-10-12,6.633285602691523,6.964336810957925,6.633285602691523,6.952075958251953,20621552
2011-10-13,6.915293114725981,7.0317744459375735,6.645547889483365,6.694592475891113,19722216
2011-10-14,6.694592020466,6.755898041633903,6.486152250084184,6.633285999298096,13840716
2011-10-17,6.6332844756263585,6.706851333334937,6.480020042569133,6.5106730461120605,13653278
2011-10-18,6.437106609344482,6.510673471863811,6.339017459318711,6.437106609344482,15567247
2011-10-19,6.584240913391113,6.621024640214207,6.4800210361594335,6.584240913391113,11059681
2011-10-20,6.50454470073329,6.6578091896873435,6.486153125762939,6.4861531257629395,14480807
2011-10-21,6.571979660139744,6.75589711372522,6.553587505520969,6.737504959106445,21706502
2011-10-24,6.774290083310647,6.866248536774025,6.7252454968425,6.829465389251709,11374190
2011-10-25,6.896901622782911,7.037904664213049,6.786551009727954,6.811073303222656,21818326
2011-10-26,6.774288700083553,6.89690014121816,6.682329680739496,6.762027263641357,15015418
2011-10-27,7.050166648985289,7.41187094452193,7.0011220581997415,7.307651042938232,35348140
2011-10-28,7.356694184060733,7.497697208619618,7.25860502181846,7.3383026123046875,15725562
2011-10-31,7.264734565806459,7.276995416775217,6.872377395629883,6.872377395629883,19085808
2011-11-01,6.676200394859717,6.676200394859717,6.473891345135867,6.535196781158447,22857682
2011-11-02,6.633285437826949,6.712983024736242,6.492282419596467,6.627155303955078,13912531
2011-11-03,6.553588875111567,6.817203966497148,6.529066581819251,6.688461780548096,21849016
2011-11-04,6.7620282023332505,6.8110727855953686,6.584241441843683,6.68233060836792,10141068
2011-11-07,6.6700702051020935,6.847856977592032,6.633286472843876,6.7436370849609375,13314948
2011-11-08,6.786550559847959,6.952076468457693,6.780420425373846,6.860117435455322,11842323
2011-11-09,6.976598106430575,6.994989677444238,6.5658493176279205,6.676199913024902,17826784
2011-11-10,6.504544256728146,6.731375614737549,6.46776110929829,6.559719562530518,15361425
2011-11-11,6.571980544172517,6.768158875902055,6.559719106110648,6.749767303466797,9849309
2011-11-14,6.817203009434062,6.896900597609787,6.6639385517094,6.712983131408691,10799438
2011-11-15,6.633285909011068,6.657808200212942,6.473891308527658,6.516805171966553,14530840
2011-11-16,6.4984131608828095,6.657807750602085,6.473890871336959,6.6210246086120605,12295832
2011-11-17,6.553588323823274,6.565849761766794,6.430976867675782,6.430976867675781,16135905
2011-11-18,6.375801556058819,6.516805168896318,6.375801556058819,6.461629867553711,16665334
2011-11-21,6.41871542990019,6.455498571066187,6.240928688511239,6.259320259094238,12972063
2011-11-22,6.296104908244889,6.351279628085286,6.130578994750977,6.130578994750977,14594658
2011-11-23,6.0999259222207085,6.204145810868277,6.007967472076416,6.007967472076416,13653886
2011-11-24,6.069273418831449,6.253190919177958,6.0416857645465925,6.136710166931152,12848416
2011-11-25,6.130578087786853,6.271581103170357,6.072337432248782,6.2041449546813965,10918794
2011-11-28,6.30836589049953,6.498414100450968,6.2654520237539995,6.455499649047852,11810771
2011-11-29,6.473890826875023,6.682329994254463,6.381931803216523,6.547457695007324,13235412
2011-11-30,6.430976509163392,6.890769882577205,6.345148786973619,6.853986740112305,25684612
2011-12-01,6.890769342695982,6.921422348786789,6.694591039166761,6.725244045257568,12542263
2011-12-02,6.835593297874375,7.025641447037404,6.792679444855181,6.9643354415893555,16849996
2011-12-05,7.037904237488618,7.074687967829186,6.964337361465042,6.9888596534729,11192740
2011-12-06,6.9091621165026895,7.080818147478513,6.884639241705772,7.031773567199707,12511604
2011-12-07,7.093078956195839,7.117601246183043,6.823333766336591,6.958206653594971,12062552
2011-12-08,7.056297291344426,7.123733456768019,6.7742906051021485,6.817204475402832,18303760
2011-12-09,6.682331120693529,7.025643814507245,6.657808827182378,7.001121520996094,12220234
2011-12-12,6.9398149581923425,7.00112097955786,6.847856510801615,6.878509521484375,8698863
2011-12-13,6.884640183706763,6.903032342320985,6.755898581352772,6.811073303222656,9011344
2011-12-14,6.743636139885125,6.835594580656919,6.700722278812623,6.712983131408691,10131446
2011-12-15,6.71911429296967,6.804942605430116,6.694592001503478,6.749767303466797,9738710
2011-12-16,6.860116864234846,6.860116864234846,6.608763247341397,6.65780782699585,25207676
2011-12-19,6.578110163413697,6.774289064437999,6.559718592418685,6.6210246086120605,8780762
2011-12-20,6.559719570941011,6.694592475891113,6.4984141302601195,6.694592475891113,10731815
2011-12-21,6.743636063180002,6.798811360878493,6.645546904897129,6.676199913024902,8816045
2011-12-22,6.6884618679260015,6.884640216827393,6.6884618679260015,6.884640216827393,10523384
2011-12-23,6.945945752401029,6.976598763415389,6.896901168641074,6.970468044281006,5501624
2011-12-27,6.982729407011225,6.9888595414217365,6.841725791733554,6.878509521484375,3009675
2011-12-28,6.866247633706521,6.9091620797151165,6.755897620995518,6.786550045013428,5295762
2011-12-29,6.774291038513184,6.786551894530256,6.719115724792179,6.774291038513184,4446569
2011-12-30,6.829464450249867,6.860116874084782,6.7988114417574455,6.853986740112305,4747252
2012-01-03,6.958207709892357,7.111472191743223,6.933685416182523,7.0685577392578125,10975746
2012-01-04,7.074687994045909,7.135994016621518,6.9827295448400575,7.093079566955566,9559721
2012-01-05,7.086949366066636,7.12373251154154,6.835595143586201,6.860117435455322,12197820
2012-01-06,6.890769876437284,6.939814456118457,6.780419864483401,6.798811435699463,8581203
2012-01-09,6.780420785740002,6.792681639997426,6.522936415100661,6.559719562530518,17865528
2012-01-10,6.608763737519326,6.82946494699148,6.578110726797355,6.7926812171936035,10100853
2012-01-11,6.804943620170194,6.8601183457035155,6.72524601485633,6.817204475402832,9292315
2012-01-12,6.884639683457993,7.050165591013055,6.853987257310065,6.982729434967041,11338876
2012-01-13,7.0317726005053505,7.135992465434546,6.890769013095142,6.976597309112549,11242950
2012-01-16,6.909162107736446,7.068556701111573,6.903031389044996,7.062426567077637,6170714
2012-01-17,7.129862718711054,7.191168151653022,7.025642839586444,7.062426567077637,11781570
2012-01-18,7.001120614903365,7.148254356928063,6.945945315479723,7.1298627853393555,10623268
2012-01-19,7.234082480405091,7.706136703491211,7.197298753511007,7.706136703491211,34946640
2012-01-20,7.773574902311216,7.853272505039428,7.583526682781231,7.75518274307251,19424274
2012-01-23,7.779703583231841,7.969751767238366,7.742920440945097,7.902315616607666,15637187
2012-01-24,7.816487786188928,7.877793806610288,7.620309456292638,7.761312484741211,12475602
2012-01-25,7.798095703125001,7.859401134873116,7.650961380683017,7.798095703125,10958515
2012-01-26,7.853271126749214,7.963621139526367,7.755181381997561,7.963621139526367,15149021
2012-01-27,7.883922554351902,7.9636201330199485,7.79196412455047,7.8900532722473145,9906757
2012-01-30,7.767440777210726,7.804223910246669,7.589654075117378,7.650959491729736,9207405
2012-01-31,7.730658498400482,7.791964511080892,7.644830782236867,7.681613922119141,8268779
2012-02-01,7.700008017626905,7.945230960845946,7.700008017626905,7.945230960845947,11540311
2012-02-02,7.9329681308325695,7.969751858196629,7.736789810644288,7.963621139526367,11368453
2012-02-03,7.939099417384705,8.337587389592793,7.865532542051879,8.245628356933594,21565398
2012-02-06,8.165929723695216,8.190452012353317,8.067840569062808,8.098493576049805,10875475
2012-02-07,7.939100676991325,8.123018186832264,7.865533789986478,7.982015132904053,19392050
2012-02-08,8.000406251139266,8.110756283009437,8.000406251139266,8.031059265136719,13839127
2012-02-09,8.055579190591585,8.141406902956948,7.975881611497005,8.02492618560791,12778613
2012-02-10,7.982014717302539,8.018797866560941,7.761313483121659,7.804227352142334,13641832
2012-02-13,7.877793815450627,8.024927563037956,7.877793815450627,7.926838397979736,9549580
2012-02-14,7.8532734886455255,8.055582588349157,7.8164897502186435,7.908448219299316,11194100
2012-02-15,8.024927133425221,8.086232565975862,7.93296810761299,7.969751834869385,12295019
2012-02-16,7.890055634611482,8.031059265136719,7.8226194715431765,8.031059265136719,12000993
2012-02-17,8.141406902956948,8.147537620885172,8.000403898552458,8.02492618560791,33103684
2012-02-20,8.073970823897405,8.178190690875864,8.06784010592045,8.153668403625488,7971822
2012-02-21,8.147540121495554,8.178193135887131,8.000406354005133,8.086234092712402,9739271
2012-02-22,8.0494508304206,8.067842404934888,7.816488742828369,7.816488742828369,11497367
2012-02-23,7.773573016057854,7.957489886556657,7.761311579540614,7.834878444671631,9519138
2012-02-24,7.8839234840279495,7.957490353475624,7.853271060251215,7.896184921264648,9679815
2012-02-27,7.822619462552336,7.86553333130488,7.693877271637094,7.816488742828369,7477622
2012-02-28,7.847140748691088,7.914576903018559,7.675484711075458,7.773573875427246,8709994
2012-02-29,7.822619490965867,7.908447228782699,7.730660448745184,7.75518274307251,9520733
2012-03-01,7.687745597816524,7.7735739093274,7.6325702964636415,7.736790180206299,18183812
2012-03-02,7.724530333863256,7.853272525582897,7.724530333863256,7.804227352142334,13356187
2012-03-05,7.742920899169405,7.785834762596074,7.681614878853416,7.736790180206299,10385376
2012-03-06,7.663223719129012,7.681615292350801,7.44865322113037,7.448653221130371,15318883
2012-03-07,7.387347758960202,7.614179110174789,7.387347758960202,7.565134525299072,13851087
2012-03-08,7.638702385740139,7.7490530082417965,7.608049370083274,7.693877696990967,12103189
2012-03-09,7.68774463030687,7.742919924715892,7.589655477871929,7.626438617706299,13250300
2012-03-12,7.54061131236148,7.724528775522979,7.54061131236148,7.61417818069458,10204180
2012-03-13,7.66935352824382,7.8348788369109705,7.6632228096782775,7.82874870300293,13427030
2012-03-14,7.896186805736243,8.0923651710825,7.8777952301494425,7.982015132904053,17919396
2012-03-15,7.994275634195294,8.086234092712402,7.94523104503182,8.086234092712402,9951483
2012-03-16,8.12301876678384,8.184324802660377,8.043321154007415,8.116888046264648,33104488
2012-03-19,8.09236330210651,8.16593017212068,8.024927150757897,8.13527774810791,10003490
2012-03-20,8.086231656502957,8.10462381039131,8.00040394365375,8.012664794921875,8315419
2012-03-21,8.031057899127129,8.086232613348693,7.920707301368973,7.95749044418335,11162962
2012-03-22,7.92070770263672,7.957490847314552,7.8471408286235125,7.920707702636719,10915082
2012-03-23,7.883922554351902,7.957489415124536,7.798094842445882,7.8900532722473145,9760977
2012-03-26,7.939098826265308,7.988143406168827,7.871662675062348,7.969751834869385,8933602
2012-03-27,8.031058369572413,8.092363806073378,7.963621629366543,7.9881439208984375,10236527
2012-03-28,7.939098790914421,7.975882518007026,7.84714035016917,7.865531921386719,7977156
2012-03-29,7.816487299515955,7.902315605830479,7.669353561254632,7.706136703491211,13394459
2012-03-30,7.724530313656564,7.779705037399836,7.681615860090534,7.75518274307251,11559969
2012-04-02,7.816487297485834,7.816487297485834,7.620308979855022,7.791965007781982,11473323
2012-04-03,7.767442166357386,7.841009030243492,7.638700008392333,7.638700008392334,8464031
2012-04-04,7.61417711979755,7.63256868815392,7.405737396233967,7.436390399932861,15258538
2012-04-05,7.448651250617969,7.528348826372128,7.283125966095805,7.436390399932861,11480814
2012-04-10,7.2953891022381825,7.319911395948018,7.056296884731696,7.0685577392578125,17536724
2012-04-11,7.056295974602767,7.2034297178843,7.044034537000544,7.142123699188232,13683929
2012-04-12,7.19729849640479,7.252473792446158,7.050164763399467,7.234082221984863,14285365
2012-04-13,7.234082597835664,7.307649468160534,7.025642839586444,7.062426567077637,13823858
2012-04-16,7.0133819089065765,7.093079503680891,6.927554179655435,6.970468044281006,13709748
2012-04-17,6.988859268444849,7.264735769156707,6.976598415445171,7.246343612670898,11883775
2012-04-18,7.24634445389801,7.24634445389801,7.037904666787984,7.0562968254089355,10632618
2012-04-19,7.093078020292311,7.129861742748407,6.964335868682127,7.0072503089904785,12966019
2012-04-20,7.0195135824002595,7.123733483224084,6.970468991972299,7.025644302368164,14686973
2012-04-23,6.988857648310749,7.001119083125549,6.804940803347881,6.866246223449707,13393353
2012-04-24,6.927554167034008,6.976598750704607,6.80494270785751,6.945945739746094,14101284
2012-04-25,7.0440349453192255,7.07468795644411,6.9275542046337355,7.01951265335083,14407506
2012-04-26,7.0133818611149685,7.056296310105662,6.8907704025506,6.982729434967041,8608251
2012-04-27,6.8969007299410015,7.1359934990556635,6.853986868045109,7.074687480926514,11281317
2012-04-30,7.062427064456933,7.093079490757891,6.927554167034008,6.945945739746094,10066677
2012-05-02,7.29538814208888,7.4118694603736355,7.1850381272466395,7.203429698944092,22139760
2012-05-03,7.142123651853126,7.264735688432638,7.013381481170654,7.013381481170654,16450687
2012-05-04,6.99498844431338,7.148252873276101,6.927552306046446,6.9643354415893555,13050145
2012-05-07,6.859192243928777,7.088038078947919,6.834452169598327,7.081852912902832,10692548
2012-05-08,7.02000347911216,7.0942237069363925,6.933412918392252,6.945782661437988,13102718
2012-05-09,6.96433866141833,6.982893572245738,6.747862538981977,6.834453105926514,16221604
2012-05-10,6.902485471183766,7.149886741421922,6.896300306711619,7.069481372833252,17812296
2012-05-11,6.989078612273038,7.106593831846801,6.896302880120095,7.088038921356201,16080018
2012-05-14,6.976708919680686,7.001448999224411,6.840638777115211,6.8653788566589355,13759353
2012-05-15,6.853008016753922,7.001448483073145,6.809713028206644,6.834453105926514,15361391
2012-05-16,6.772601127624511,6.859191675530569,6.747861055344187,6.772601127624512,15831152
2012-05-18,6.5870510587153435,6.772601917379843,6.525201165727123,6.611791133880615,20515956
2012-05-21,6.580865388122397,6.735490979658498,6.556125317070613,6.686010837554932,11475770
2012-05-22,6.7416751015292,6.927225916860691,6.692194962754106,6.9024858474731445,14318645
2012-05-23,6.784971384289789,6.964337053817785,6.76023131228075,6.809711456298828,14333440
2012-05-24,6.8963008704070585,7.050926455751162,6.840636155157012,6.958151340484619,14977472
2012-05-25,6.927226027384382,7.0694818710198,6.8468206531295435,6.896300792694092,10091975
2012-05-29,6.970522846917243,7.032372737583962,6.883932292163959,6.9395976066589355,8910943
2012-05-30,6.9024870576532615,7.075667573729002,6.877746983928155,6.921041965484619,14158538
2012-05-31,6.939597057904084,6.9828920369321885,6.741675889811644,6.772601127624512,14875156
2012-06-01,6.8406376998440175,6.877747518390498,6.686012079583844,6.7416768074035645,12138892
2012-06-04,6.636531209045887,6.772601917379843,6.611791133880615,6.611791133880615,8594516
2012-06-05,6.605606922156247,6.679827151749581,6.568496512434604,6.617976665496826,6811754
2012-06-06,6.698380234435901,6.896300792694092,6.648900094871353,6.896300792694092,12677419
2012-06-07,6.927226726348737,7.057112253273707,6.896301488538058,6.982892036437988,15522389
2012-06-08,6.939596135956549,6.951965875528426,6.791155132145618,6.908670902252197,8196635
2012-06-11,7.10040715494258,7.112777485872021,6.803526290834108,6.809711456298828,12677965
2012-06-12,6.803526692810657,6.865377171412523,6.741676214208789,6.853006839752197,11051592
2012-06-13,6.859190982945576,6.896300792694092,6.784970773598754,6.896300792694092,13657873
2012-06-14,6.890117868485491,6.951967762835311,6.568496294406666,6.877747535705566,20238644
2012-06-15,7.0014469431844555,7.032372180995134,6.927226726348737,6.982892036437988,27058560
2012-06-18,7.081852774539556,7.112778014310885,6.902487091685711,6.951967239379883,10074455
2012-06-19,6.921042928122041,7.069483980969004,6.89011827405181,7.0571136474609375,10175155
2012-06-20,7.0571132822786975,7.100408267616624,7.013818296940771,7.050928115844727,8695629
2012-06-21,7.026187563023302,7.125148449699599,6.982892580624226,7.044743061065674,7494073
2012-06-22,6.989077746638349,7.149888523906199,6.958152506417625,7.044743061065674,6201408
2012-06-25,6.982893572245738,7.026188560793016,6.797342694421718,6.834453105926514,7915442
2012-06-26,6.828267074323857,6.853007148910722,6.6921963691711435,6.692196369171143,10946465
2012-06-27,6.747862538981977,6.834453105926515,6.6612725618874205,6.834453105926514,11134346
2012-06-28,6.8468216848611485,6.896301831881744,6.549940802737574,6.642715930938721,13933222
2012-06-29,6.815898195099106,6.859193183646385,6.692197216649774,6.834453105926514,10918758
2012-07-02,6.877745453313591,6.995261219742597,6.834450481392249,6.927225589752197,7892853
2012-07-03,6.995262108767673,7.020002180131183,6.921041304827318,6.96433687210083,7759579
2012-07-04,6.939596357200414,6.964336426982688,6.8158960082890445,6.896300792694092,6714098
2012-07-05,6.89630244502552,7.013818247035064,6.828267384285738,6.877747535705566,9496262
2012-07-06,6.840636542196277,6.865376613657121,6.679825782775879,6.679825782775879,9326618
2012-07-09,6.648902132726795,6.661272466334274,6.562311567024364,6.599421977996826,10737719
2012-07-10,6.617976120320718,6.735491916550237,6.543755896841502,6.549941062927246,8994691
2012-07-11,6.512829450094994,6.59941998970924,6.50045971006427,6.5313849449157715,6632838
2012-07-12,6.506645387324374,6.574680437474782,6.438609747324125,6.46334981918335,8736124
2012-07-13,6.531385571103639,6.531385571103639,6.376759971871402,6.457164764404297,8647568
2012-07-16,6.463351076659018,6.494276319962162,6.370575936599541,6.40768575668335,4663481
2012-07-17,6.432426311329719,6.494276802531927,6.3705764099775095,6.401501655578613,7722910
2012-07-18,6.432424837833318,6.481904983520508,6.345834877805668,6.481904983520508,11980994
2012-07-19,6.512830110720299,6.549940514276333,6.413869821037347,6.4880900382995605,11488801
2012-07-20,6.494275743288362,6.50664607545115,6.197394849580276,6.203579425811768,16875100
2012-07-23,6.166469397064103,6.1850243048205975,6.005658623574796,6.058231353759766,18108932
2012-07-24,6.0984333838517255,6.154098693608815,5.990195936934991,6.104618549346924,12637199
2012-07-25,6.086063892909919,6.222134590148926,6.086063892909919,6.222134590148926,12378639
2012-07-26,6.197394228173019,6.420054876128097,6.098433350343141,6.389129638671875,18450608
2012-07-27,6.426240294858721,6.53757032829905,6.296354764303448,6.506645679473877,13782674
2012-07-30,6.574681118647537,6.7664165479589045,6.519015803734592,6.760231971740723,14349621
2012-07-31,6.53756991951743,6.53756991951743,6.290169205286335,6.364389419555664,21324080
2012-08-02,6.426240640216539,6.506646029152827,6.234504622006946,6.271615028381348,18063088
2012-08-03,6.3334643301622275,6.494275093078613,6.271614445090433,6.494275093078613,11899005
2012-08-06,6.469535673362287,6.593236045827647,6.382945117711584,6.549941062927246,8424560
2012-08-07,6.568495674116215,6.611790655057557,6.4447953072481825,6.6056060791015625,7894127
2012-08-08,6.599420619885589,6.6489007644329154,6.488089999729179,6.556125640869141,6736862
2012-08-09,6.556126818268668,6.587051471777046,6.488091164910341,6.543756484985352,7105555
2012-08-10,6.50664615794303,6.5932361247807325,6.463350584674268,6.51283073425293,10132401
2012-08-13,6.5128299996151675,6.574680474536806,6.481904762154348,6.494275093078613,5182107
2012-08-14,6.537570183141037,6.562310255561775,6.463349965878823,6.4880900382995605,4829710
2012-08-15,6.444794912751392,6.5128299629018,6.438609747324125,6.46334981918335,3116407
2012-08-16,6.4942756039176395,6.549940917755773,6.426240548032082,6.525200843811035,6693956
2012-08-17,6.587050252751414,6.636530397027775,6.562310180613234,6.630345821380615,11123952
2012-08-20,6.630346531889685,6.661271772838825,6.475720916993889,6.51283073425293,7611033
2012-08-21,6.53138585421798,6.710751533508301,6.52520068841662,6.710751533508301,11862263
2012-08-22,6.642715419977108,6.828266251956602,6.624160513734109,6.815896511077881,14387096
2012-08-23,6.840637811844719,6.921042616628525,6.65508694652453,6.729307174682617,10246842
2012-08-24,6.698380872298149,6.710751203292163,6.580865677104255,6.630345821380615,6521394
2012-08-27,6.630345678914883,6.729305965341251,6.630345678914883,6.716935634613037,5334570
2012-08-28,6.67364221009178,6.686012543699258,6.593236811193087,6.599421977996826,6874158
2012-08-29,6.605605276911266,6.667455157909242,6.580865206542115,6.636529922485352,5468935
2012-08-30,6.587050733747936,6.66127154543204,6.506645935814954,6.525200843811035,10253768
2012-08-31,6.494275453995395,6.716936114357853,6.488090288189524,6.6056060791015625,10395116
2012-09-03,6.562309711377898,6.667455157909242,6.537569641008746,6.636529922485352,4457083
2012-09-04,6.630345224560742,6.661270459412243,6.525199779975512,6.5313849449157715,5711217
2012-09-05,6.537571142886769,6.7354923411582766,6.537571142886769,6.729307174682617,11573571
2012-09-06,6.729305867118881,7.038557052612305,6.729305867118881,7.038557052612305,17174090
2012-09-07,7.094223378605339,7.329254384096133,7.094223378605339,7.211738586425781,20082044
2012-09-10,7.217923455046981,7.341623823929772,7.217923455046981,7.267403602600098,9146972
2012-09-11,7.205553409490212,7.3168840408325195,7.100407944300233,7.3168840408325195,8609309
2012-09-12,7.353994940307816,7.514805142086621,7.267404377926959,7.45295524597168,16552740
2012-09-13,7.446768871465283,7.465323778304979,7.360178323130274,7.4405837059021,7158488
2012-09-14,7.595209877793934,7.762205821475388,7.5766549695570715,7.743650913238525,20408870
2012-09-17,7.638505604818894,7.793131219573528,7.626135272510567,7.669430255889893,9148911
2012-09-18,7.58283967542131,7.58283967542131,7.3787339276522905,7.428214073181152,14333422
2012-09-19,7.428215138617134,7.490065034474469,7.316884500284004,7.422029972076416,9441435
2012-09-20,7.323068179260844,7.415843299126042,7.298328107973469,7.3539934158325195,8146840
2012-09-21,7.415844428421441,7.533360227319315,7.360179112085597,7.520989894866943,21307676
2012-09-24,7.465323778304979,7.477694109431346,7.372548654256641,7.4405837059021,8032073
2012-09-25,7.4158437792401335,7.4653239250183105,7.360178467777219,7.4653239250183105,6252092
2012-09-26,7.3478097137585365,7.372549789972541,7.1251490278325,7.143703937530518,11863669
2012-09-27,7.174628625084716,7.26121859020839,7.118963310448126,7.18699836730957,8295907
2012-09-28,7.2364785249306225,7.248848857020798,7.063298004617469,7.081852912902832,8930462
2012-10-01,7.050927481332939,7.236478328704834,7.044742905305453,7.236478328704834,7298218
2012-10-02,7.162257922919953,7.341623599786347,7.149888181334271,7.279773712158203,8826461
2012-10-03,7.261218396322327,7.372549022622802,7.242663488555542,7.341623783111572,7245855
2012-10-04,7.378734843546198,7.4344001616381545,7.285959116776293,7.397289752960205,7941974
2012-10-05,7.422028907527579,7.477694218710013,7.347808689234286,7.428214073181152,7717784
2012-10-08,7.341622899013137,7.347808064140525,7.273587852161305,7.298327922821045,5196705
2012-10-09,7.304513973656129,7.329254047315723,7.230293162827464,7.236478328704834,7042781
2012-10-10,7.224108695983887,7.273588844050908,7.193183455979525,7.224108695983887,5598532
2012-10-11,7.174627208939605,7.3292527902542535,7.149887139523253,7.292142391204834,11916466
2012-10-12,7.248848872462118,7.397289318761025,7.242663706403855,7.323069095611572,11442321
2012-10-15,7.298328543705425,7.440583814638437,7.298328543705425,7.428214073181152,8364245
2012-10-16,7.471510339343069,7.6570612119454555,7.465325172624665,7.650876045227051,12184816
2012-10-17,7.638504109227676,7.712724318995865,7.626133779341414,7.706539154052734,10718179
2012-10-18,7.731282121709576,7.793132614623259,7.632321804927696,7.737467288970947,12154483
2012-10-19,7.669429635002646,7.718909780530416,7.508619456962326,7.539544105529785,12624393
2012-10-22,7.527174359696937,7.694169703293612,7.508619452597275,7.638504981994629,9872463
2012-10-23,7.63232038086227,7.644690123227007,7.465324435064032,7.496249675750732,11058056
2012-10-24,7.5333595253467776,7.681799961843792,7.508619452597275,7.638504981994629,14005438
2012-10-25,7.607579743595285,7.749835014442459,7.564284173896259,7.638504981994629,10926934
2012-10-26,7.576655133809168,7.595210042448276,7.4715096684377,7.564284801483154,10975230
2012-10-29,7.793129942844258,8.127121192403308,7.793129942844258,8.114750862121582,43395040
2012-10-30,8.349783425305572,8.683774738723798,8.300303274417681,8.590999603271484,57840920
2012-10-31,8.560074284225902,8.671404917643553,8.516779300052335,8.634294509887695,25114860
2012-11-01,8.597183788902198,8.906435012817383,8.590999212709818,8.906435012817383,20785044
2012-11-02,8.968284091728819,9.0919844439896,8.826028834091373,8.937358856201172,29999672
2012-11-05,8.869325196263505,8.98684040181732,8.838399955902005,8.906435012817383,14265193
2012-11-06,8.93736059385511,9.12291145324707,8.906435352314798,9.12291145324707,15739891
2012-11-07,9.215686000376225,9.240426074060931,9.017765410898578,9.023950576782227,22595042
2012-11-08,8.931175076562544,9.017765631502241,8.875510351797631,9.005395889282227,20641232
2012-11-09,8.95591634489728,9.023952000652839,8.764180891049742,8.8878812789917,13176965
2012-11-12,8.856955227469621,8.993025936731563,8.807475076801628,8.912620544433594,7380339
2012-11-13,8.856955652582073,9.01776644489654,8.788920589610544,8.986841201782227,8678997
2012-11-14,8.949728208929372,8.974468276679602,8.826027870178223,8.826027870178223,10539265
2012-11-15,8.751808970423358,8.937359813616583,8.68377391685412,8.83221435546875,11978451
2012-11-16,8.764178188478063,8.85076872826087,8.597182273864746,8.597182273864746,13383757
2012-11-19,8.689957726817738,8.968283653259277,8.665217657575152,8.968283653259277,8965218
2012-11-20,8.906434644983069,8.93735988406736,8.77036453677199,8.894064903259277,9531973
2012-11-21,8.8693251191791,8.949730507480224,8.807474638993654,8.9435453414917,8571379
2012-11-22,8.949729773021458,9.04869006131709,8.93735944205958,9.030135154724121,7956878
2012-11-23,9.03632053278813,9.13528141972142,9.005395882336995,9.11672592163086,7944317
2012-11-26,9.091986673247064,9.11672674976522,8.974471457248304,8.980656623840332,8595871
2012-11-27,9.030137226936107,9.079617382438498,8.875511593528639,8.949731826782227,9611162
2012-11-28,8.881694938498164,8.924990510944221,8.75180940085979,8.906435012817383,7697493
2012-11-29,8.980653982805459,8.999208887274955,8.894063445531518,8.968283653259277,8856178
2012-11-30,8.955913323713094,8.980653982805459,8.81984323780376,8.968283653259277,12945061
2012-12-03,8.968285482922385,9.067245780082096,8.900250426087558,9.005395889282227,9308374
2012-12-04,8.95591434865255,9.06724496791006,8.95591434865255,9.030135154724121,7823681
2012-12-05,9.079614499945064,9.178574779533054,9.06105900513497,9.160019874572754,10828106
2012-12-06,9.21568576857713,9.27753624615813,9.184761119636496,9.252796173095703,8784160
2012-12-07,9.252797857232732,9.308463179217517,9.209502868955667,9.271352767944336,9670255
2012-12-10,9.271351303070732,9.302276542603867,9.135281192884754,9.240426063537598,6263171
2012-12-11,9.209502284362376,9.289907678808717,9.147651799449827,9.27753734588623,6299824
2012-12-12,9.246611074762475,9.456901992250765,9.246611074762475,9.425976753234863,11812259
2012-12-13,9.419791961324327,9.425977127342966,9.246611441751725,9.327016830444336,12948713
2012-12-14,9.277536537488817,9.35794192492904,9.258981629571808,9.302276611328125,10988853
2012-12-17,9.16620504055576,9.258980751037598,9.160020465070168,9.258980751037598,8111216
2012-12-18,9.29609064189691,9.46927173365302,9.271350570196013,9.432161331176758,11786644
2012-12-19,9.376497412424433,9.661008574087571,9.376497412424433,9.401237487792969,16270135
2012-12-20,9.258981265337738,9.333201483935953,9.228056026792682,9.296091079711914,11884092
2012-12-21,9.271350937612064,9.271350937612064,8.949729992754836,9.017765045166016,23359640
2012-12-27,8.875511535122492,9.073432155829622,8.863141201403307,8.8878812789917,7852751
2012-12-28,8.91880297677915,8.955912783479624,8.826027870178223,8.826027870178223,6027451
2013-01-03,9.246610934607729,9.271351007475479,9.110540238910161,9.184761047363281,14330374
2013-01-04,9.11672459881409,9.141464669495207,9.023949481222353,9.104354858398438,7757864
2013-01-07,9.153836965911069,9.31464775480375,9.13528205637728,9.27753734588623,12355593
2013-01-08,9.23424017416053,9.432160735263299,9.23424017416053,9.333200454711914,9745669
2013-01-09,9.376495533139606,9.72904168394465,9.376495533139606,9.71667194366455,17255882
2013-01-10,9.71048935369139,9.778525007748406,9.661009199749902,9.667194366455078,11505828
2013-01-11,9.735228967102538,9.803264617919922,9.685748815517131,9.803264617919922,11826861
2013-01-14,9.80326460290622,9.926964391830355,9.78470910370266,9.90841007232666,12400916
2013-01-15,9.834188235234192,10.044479152264211,9.803263586135555,9.951704025268555,13252419
2013-01-16,10.013554871067273,10.013554871067273,9.741413466141662,9.957889556884766,13941003
2013-01-17,9.957888896528555,10.013554207019624,9.90840875161424,10.007369041442871,13548537
2013-01-18,10.044480194053168,10.044480194053168,9.883669406721914,9.90841007232666,15714421
2013-01-21,9.933148968670997,10.001184615346077,9.846559003593477,9.914594650268555,5821001
2013-01-22,9.914593474344818,9.933147790546618,9.747597550330669,9.8280029296875,9710022
2013-01-23,9.87748484529803,9.93933473985482,9.778524542127219,9.803264617919922,7416401
2013-01-24,9.7723389147323,10.06303523397118,9.729043341749973,10.050664901733398,15198017
2013-01-25,10.019739668925249,10.137254279259867,9.945518859508878,9.951704025268555,12304128
2013-01-28,10.013554645958402,10.106329774277027,9.939333835483646,10.087774276733398,8023243
2013-01-29,10.00118438856018,10.063034867798663,9.883668595977039,10.044479370117188,8967761
2013-01-30,9.994999685267452,10.032109502648197,9.766153845253148,9.797079086303711,12928558
2013-01-31,9.766152969580586,9.815633114884932,9.57441696413885,9.759967803955078,12173385
2013-02-01,9.710486786214057,9.858927208790496,9.679561550714846,9.821817398071289,11612436
2013-02-04,9.858927496705455,9.95788837116289,9.661006927490234,9.661006927490234,11511476
2013-02-05,9.444533673718384,9.89604022589695,9.308462955454312,9.667194366455078,15639432
2013-02-06,9.611527803932212,9.809448394125447,9.574417398346037,9.729043006896973,13213705
2013-02-07,9.648638591679067,9.809448782655455,9.518753051757812,9.518753051757812,10740752
2013-02-08,9.555861766144071,9.586787003480104,9.494011881321846,9.50019645690918,10651045
2013-02-11,9.487827453116346,9.494012619034125,9.395051733899303,9.407422065734863,8981732
2013-02-12,9.419790791371817,9.685746998642138,9.357940908416971,9.661006927490234,11400140
2013-02-13,9.679561385203053,9.698116880095181,9.543491295092897,9.586786270141602,9053598
2013-02-14,9.568232538385194,9.65482249910053,9.524936968177657,9.574417114257812,7650604
2013-02-15,9.52493667627919,9.586787151908865,9.419791221618652,9.419791221618652,15853494
2013-02-18,9.382681408120728,9.487826862781265,9.376496242587791,9.419791221618652,4182103
2013-02-19,9.345572455048051,9.45071792602539,9.333202711912453,9.45071792602539,7477973
2013-02-20,9.45690228160059,9.531122503599724,9.413607299563568,9.46927261352539,6729041
2013-02-21,9.413607316773346,9.45071713291581,9.240426208608868,9.265166282653809,15240992
2013-02-22,9.265166282653809,9.327016762691107,9.246611374582576,9.265166282653809,7445733
2013-02-25,9.265167092140626,9.345572487274083,9.22187210624182,9.23424243927002,11496112
2013-02-26,9.030137344966786,9.166207479451911,8.875511709538245,9.08580207824707,19786922
2013-02-27,9.153835808816124,9.184761047363281,8.99921020593021,9.184761047363281,9977499
2013-02-28,9.221870125918295,9.252795361997899,9.10435493663559,9.17238998413086,11293295
2013-03-01,9.085800901770357,9.141466217692795,8.813660078188327,9.09817123413086,21917192
2013-03-04,8.906436189720498,8.943546601028073,8.801290712507342,8.8878812789917,14129402
2013-03-05,9.023950570638085,9.160021270736262,9.023950570638085,9.129096031188965,17051252
2013-03-06,9.104356102183248,9.271351454632283,9.098170936205532,9.153836250305176,13260758
2013-03-07,9.129095738046514,9.228056029540264,9.129095738046514,9.190945625305176,9504855
2013-03-08,9.234241842635175,9.463087680221356,9.234241842635175,9.351757049560547,17781436
2013-03-11,9.296090054580244,9.339385619708825,9.203314939025772,9.333200454711914,11754856
2013-03-12,9.296090566431802,9.419790923932092,9.28372082560669,9.364126205444336,10862623
2013-03-13,9.339385619708825,9.401235500128541,9.283720314436222,9.333200454711914,10447269
2013-03-14,9.357940758675129,9.543491584270203,9.35175559352367,9.531121253967285,11048368
2013-03-15,9.56823136509927,9.586786270141602,9.444531015067403,9.586786270141602,25388128
2013-03-18,9.277534866716948,9.425975283020472,9.252794797333028,9.395050048828125,13505500
2013-03-19,9.370312205869734,9.370312205869734,9.110541120690975,9.12291145324707,12592825
2013-03-20,9.166205259154621,9.246610640883151,9.129095445956743,9.141465187072754,9154936
2013-03-21,9.122910277538814,9.147650349612721,9.017764823762244,9.030135154724121,10143590
2013-03-22,8.999210063307627,9.11672526010456,8.937359587193543,9.054875373840332,8916636
2013-03-25,9.215687635601045,9.258983214619029,9.061062000172504,9.08580207824707,13420551
2013-03-26,9.04250562210589,9.19713123244939,8.980655731878425,9.153836250305176,8771441
2013-03-27,9.172392215757494,9.203317459361152,8.955916100381843,9.011581420898438,10839377
2013-03-28,8.974471235433656,9.141466600341241,8.974471235433656,8.999211311340332,8431565
2013-04-02,8.955915143945402,9.172391236202742,8.881694921132858,9.11672592163086,12603296
2013-04-03,9.09817198501869,9.184762549138942,8.986841343985503,9.011581420898438,7089075
2013-04-04,8.968285347331713,9.061060477053811,8.881694793701172,8.881694793701172,8544043
2013-04-05,8.881695170775567,8.999210969252598,8.71469981221599,8.782734870910645,10476300
2013-04-08,8.819845950256516,8.887881014134665,8.720885642851947,8.733255386352539,7590527
2013-04-09,8.782734354054067,8.894064979775347,8.770364612223858,8.856954574584961,7655842
2013-04-10,8.906434277687124,9.240425548354144,8.900249702005214,9.203315734863281,10006053
2013-04-11,9.172392078395365,9.401237933875397,9.141466835254832,9.370312690734863,10712188
2013-04-12,9.283720527575486,9.351755574554089,9.166204749335394,9.21568489074707,10782303
2013-04-15,9.234242073923197,9.289907390647837,9.042506048521643,9.228056907653809,8682442
2013-04-16,9.135280538842249,9.388866423128622,9.079615229637955,9.283720970153809,11693741
2013-04-17,9.314645212505262,9.339385281747848,8.894063445531518,8.968283653259277,14478246
2013-04-18,8.999210142105165,9.011579883526379,8.739439083911211,8.807474136352539,13559075
2013-04-19,8.937361968233464,9.178578181521985,8.937361968233464,9.091987609863281,12839609
2013-04-22,9.141465479558299,9.28990650664879,9.122910572365688,9.190945625305176,9615322
2013-04-23,9.19094718668351,9.487828701449514,9.178577443070326,9.456903457641602,12640327
2013-04-24,9.463087298185846,9.59297283209653,9.432162058711896,9.555862426757812,13826513
2013-04-25,9.586788528701737,9.75996905954611,9.518753467618218,9.704303741455078,9956249
2013-04-26,9.661008179759866,9.661008179759866,9.500197401503131,9.605342864990234,8115914
2013-04-29,9.654821472714632,9.797077319959524,9.605341331894618,9.71667194366455,7288054
2013-04-30,10.205289910665996,10.452690642257345,10.161994930099977,10.26714038848877,44000760
2013-05-02,10.174363746531313,10.390838617125945,10.112513277918746,10.378469467163086,17746348
2013-05-03,10.390841908482114,10.483618230638157,10.291881599235614,10.458877563476562,13000279
2013-05-06,10.656454385420718,10.70744215891481,10.611840235568936,10.675575256347656,5487382
2013-05-07,10.707440587165351,10.866777507900814,10.694694557396131,10.828536987304688,13499279
2013-05-08,10.83491227416494,10.987875595687587,10.815791403107953,10.962382316589355,15560351
2013-05-10,11.013368301853326,11.108970210323625,10.956006913642302,11.057982444763184,14401069
2013-05-13,11.000622856152752,11.057984253747572,10.771177265773469,10.89864730834961,11078495
2013-05-14,10.930512858020847,10.987874248514574,10.828537322841838,10.981500625610352,9542312
2013-05-15,11.051609071753909,11.261933761397215,10.987874059452611,11.249186515808105,13697104
2013-05-16,11.204572549162293,11.27468118536736,11.128090290061833,11.17270565032959,8322837
2013-05-17,11.11534471421561,11.383030808541543,11.09622384474793,11.357536315917969,13813079
2013-05-21,11.408522172634648,11.4276430388963,11.230065616769016,11.421269416809082,15393435
2013-05-22,11.389402955139303,11.485004858794937,11.35753484349132,11.472257614135742,18947196
2013-05-23,11.057983097473935,11.230067272264483,10.994248082850293,11.038862228393555,19089070
2013-05-24,11.115344891970976,11.204573186291777,10.905020187040277,10.956007957458496,15026617
2013-05-27,10.975127437854193,10.994248307324973,10.91776604508617,10.968753814697266,5944013
2013-05-28,11.045236917888408,11.17270695944351,11.045236917888408,11.134465217590332,12242111
2013-05-29,11.096225770300354,11.096225770300354,10.783925475333328,10.83491325378418,18135560
2013-05-30,10.764802624942211,10.949634047648933,10.637333810054686,10.809416770935059,13802478
2013-05-31,10.905018807086414,10.943259326149924,10.758427921995287,10.841283798217773,14585042
2013-06-03,10.739308140321162,10.885897807994112,10.662825887475528,10.745681762695312,12326254
2013-06-04,10.815789954579474,10.930512734268062,10.777549433231364,10.88589859008789,10483266
2013-06-05,10.803043455769702,10.847657598013878,10.605464803482352,10.637332916259766,11306580
2013-06-06,10.611840368735546,10.650080895424889,10.44612979888916,10.44612979888916,13403236
2013-06-07,10.4652495905808,10.847658464962585,10.363274052831565,10.803044319152832,14853353
2013-06-10,10.777548658921896,10.905018675116564,10.713813650824562,10.745681762695312,7452726
2013-06-11,10.681948031189796,10.688321654325653,10.407888314569501,10.50986385345459,11700588
2013-06-12,10.452503101817435,10.528985368493256,10.261299258594464,10.293166160583496,11933627
2013-06-13,10.133830432120515,10.427011071212574,10.038228499067824,10.376023292541504,13656024
2013-06-14,10.433383970648151,10.630961447316393,10.427010346801504,10.503491401672363,9949811
2013-06-17,10.528984932306276,10.65645375062611,10.401514898342105,10.567225456237793,9559574
2013-06-18,10.56085213250808,10.707441824773502,10.541732477822208,10.586346626281738,7953990
2013-06-19,10.586346408426028,10.675574703508866,10.509864144323348,10.592720031738281,7856441
2013-06-20,10.509863392808754,10.586345651442521,10.235803688200455,10.261298179626465,13113711
2013-06-21,10.159320694700327,10.401512860839349,10.063718795776367,10.063718795776367,22442049
2013-06-24,10.012732829406989,10.140202253419822,9.834275635789023,9.840648651123047,12644414
2013-06-25,9.910758025080378,10.114709118623903,9.885264138387438,10.108335494995117,9742743
2013-06-26,10.082840895795071,10.305912844461506,10.012732864299242,10.274045944213867,9189659
2013-06-27,10.31228659475354,10.40151488906225,10.223058300444828,10.305912971496582,8831732
2013-06-28,10.356900530582164,10.401514676826197,10.191189976215533,10.248551368713379,9678437
2013-07-01,10.274045328661316,10.439754658794019,10.235803591882155,10.427008628845215,7425993
2013-07-02,10.446130526145256,10.45250415031128,10.229432167078471,10.3186616897583,7291757
2013-07-03,10.203936878151694,10.223057746887207,9.955371054989254,10.223057746887207,12032362
2013-07-04,10.254926149875399,10.509865025519009,10.235805278335459,10.503491401672363,8637073
2013-07-05,10.47799705198521,10.630960361751756,10.407888412475586,10.407888412475586,8605090
2013-07-08,10.465250439574447,10.605466511443604,10.458876815992523,10.51623821258545,5423129
2013-07-09,10.630959643672695,10.707440685567814,10.541731356246972,10.599091529846191,8327670
2013-07-10,10.599092794360214,10.701069555127013,10.5098644962892,10.554478645324707,6561885
2013-07-11,10.707440114682754,10.758427878442419,10.599090964737947,10.643706321716309,8618215
2013-07-12,10.68194823489241,10.72656238204988,10.573599070805265,10.630960464477539,6665677
2013-07-15,10.656454167755689,10.726562810744706,10.61821364232731,10.6819486618042,5272397
2013-07-16,10.713814953104928,10.739309445700423,10.662827183558255,10.707441329956055,6318266
2013-07-17,10.69469579528897,10.892273259489814,10.643708023377645,10.84765911102295,10596562
2013-07-18,10.854031000755215,11.10896981959052,10.834910133476,11.077101707458496,9506094
2013-07-19,11.051608730771136,11.223692893981934,11.04523510817323,11.223692893981934,9989907
2013-07-22,11.472257745050985,11.695329666555812,11.472257745050985,11.504124641418457,22403651
2013-07-23,11.535992183090768,11.599727188318827,11.36390803366824,11.421269416809082,10120798
2013-07-24,11.440392712185634,11.54236825594514,11.414898218423572,11.434019088745117,9331615
2013-07-25,11.472260506116053,11.472260506116053,11.26830940273266,11.3447904586792,7463828
2013-07-26,11.370284530089254,11.414898680333827,11.217321208260246,11.293802261352539,7245104
2013-07-29,11.23643948217299,11.383030377924406,11.185451714499017,11.306548118591309,6785642
2013-07-30,11.43401816878354,11.663462515959543,11.414897300000424,11.56786060333252,14099252
2013-07-31,11.548742325071006,11.676211151867438,11.478633680164094,11.618849754333496,9301749
2013-08-02,11.790933485314428,12.020379066467285,11.765438991566612,12.020379066467285,16462995
2013-08-05,12.033123837142409,12.071365573758042,11.956642795199631,12.06499195098877,6899718
2013-08-06,12.026753799701869,12.122355728789334,11.89291012646383,11.924777030944824,12210149
2013-08-07,11.892908749805807,11.937522897172704,11.803680455072017,11.873787879943848,7434598
2013-08-08,11.899283084480892,12.077740900261754,11.822800816104976,12.0076322555542,7840591
2013-08-09,12.026753126559282,12.141474705656533,11.988511384549115,12.0076322555542,8747818
2013-08-12,12.026753671878962,12.12235559995035,12.026753671878962,12.090487480163574,6088832
2013-08-13,12.109609146175224,12.186091423034668,12.064994991192442,12.186091423034668,10610943
2013-08-14,12.173340408101236,12.40915835880855,12.135099889324623,12.383665084838867,9488287
2013-08-15,12.319930164117123,12.364544305614674,12.090484618536362,12.154219627380371,7506847
2013-08-16,12.09686148858534,12.275319318129648,12.052247335110389,12.268945693969727,10251711
2013-08-19,12.198837294206337,12.230705415659965,11.982138930899795,12.001259803771973,8337874
2013-08-20,11.854669287148578,11.886536190794077,11.682585089916206,11.77181339263916,10738458
2013-08-21,11.790932532350867,11.886534444889723,11.657090097925325,11.695330619812012,6181333
2013-08-22,11.676210615157288,12.033125015683515,11.669836991763773,11.994884490966797,8214675
2013-08-23,12.052244271742202,12.154219801092411,11.988509261987272,12.077738761901855,6201335
2013-08-26,12.05224501727732,12.07136588607985,11.905655336724086,11.956643104553223,3572478
2013-08-27,11.880162552463764,11.918404295565118,11.606102805126312,11.637970924377441,8816198
2013-08-28,11.535995090657236,11.61247614369213,11.325670371344652,11.55511474609375,10311775
2013-08-29,11.580607938765022,11.631595706936782,11.414897388295731,11.529620170593262,7522062
2013-08-30,11.548741348226896,11.625222394706762,11.408524070273277,11.485006332397461,9581219
2013-09-02,11.58060931152381,11.880162333086208,11.57423568779128,11.84192180633545,9231747
2013-09-03,11.943897008531488,11.950270632079256,11.78456006677043,11.816428184509277,7970701
2013-09-04,11.88653395438489,11.88653395438489,11.669835646562056,11.880160331726074,7672513
2013-09-05,11.92477636350992,12.071367276593392,11.873788589807448,12.0076322555542,7790484
2013-09-06,11.969391013609302,12.026752407550836,11.688957667188948,11.873787879943848,8524655
2013-09-09,11.90565619474633,12.045872262470542,11.886535324565788,11.994884490966797,6660269
2013-09-10,12.0904834600897,12.268941224625204,12.052242944704973,12.224327087402344,10622038
2013-09-11,12.262569639845438,12.319931030273438,12.192461003623603,12.319931030273438,6711674
2013-09-12,12.332680061432173,12.358173341066164,12.084113595045203,12.288065910339355,9417480
2013-09-13,12.224330565121035,12.396414756774902,12.179716415205826,12.396414756774902,8484217
2013-09-16,12.434654453609536,12.485642223775079,12.339052536504685,12.4282808303833,9604801
2013-09-17,12.453775323288239,12.453775323288239,12.307184420373513,12.4282808303833,9909544
2013-09-18,12.415534343218216,12.44740246129832,12.256197399750905,12.307185173034668,9643083
2013-09-19,12.479269351350442,12.492016598569835,12.351799310445324,12.370920181274414,10750119
2013-09-20,12.428282651034268,12.453777147673959,12.217957916334854,12.268945693969727,13578978
2013-09-23,12.230704997087868,12.275319149951581,12.064994418133722,12.084114074707031,6382125
2013-09-24,12.11598058385238,12.141473861108123,11.912029503229117,12.103233337402344,8563282
2013-09-25,12.084114074707031,12.16059634793375,12.014006641197406,12.084114074707031,7702508
2013-09-26,12.0841133082857,12.09686055562242,11.950270858183366,12.0076322555542,5793945
2013-09-27,12.033126288033092,12.064994408370307,11.905657453617703,11.950271606445312,5873357
2013-09-30,11.816428103024059,11.873788283269647,11.746319460126452,11.790933609008789,9906671
2013-10-01,11.790932895414185,12.033124495679738,11.784559272296104,11.982136726379395,11057435
2013-10-02,11.982133503656152,11.994880746463808,11.797303345521076,11.892905235290527,7109122
2013-10-03,11.91840259917854,11.969390367078635,11.71445031193389,11.765438079833984,6342007
2013-10-04,11.727197552321359,11.86104120277402,11.6379692624491,11.82917308807373,6182450
2013-10-07,11.784558698874383,11.784558698874383,11.52324624196972,11.574234008789062,11438687
2013-10-08,11.599730111949262,11.701705659758732,11.548742338044526,11.55511474609375,6635158
2013-10-09,11.472257614135742,11.567859517791376,11.440390718131919,11.472257614135742,10703227
2013-10-10,11.567859352327892,11.848292652598111,11.535992456779882,11.803678512573242,10579403
2013-10-11,11.931150654969919,11.988512055551295,11.810055445426556,11.924777030944824,7548888
2013-10-14,11.886535126518488,11.892908749805807,11.790933208497378,11.873787879943848,5619602
2013-10-15,11.937521926891815,12.115979717498703,11.937521926891815,12.06499195098877,7975071
2013-10-16,11.988509261987272,12.10960565895722,11.931147874772254,12.077738761901855,6247321
2013-10-17,12.06499151682203,12.084111168797568,11.956642364931907,12.077738761901855,5617313
2013-10-18,12.128727821962606,12.179715592083362,12.084112459418156,12.16696834564209,11635603
2013-10-21,12.16059337896023,12.249821662902832,12.115979236988931,12.249821662902832,6079102
2013-10-22,12.23070369777035,12.300811123832178,12.192461957397322,12.256196975708008,8118491
2013-10-23,12.166967484008635,12.205208004980024,12.020377807248108,12.06499195098877,7092207
2013-10-24,12.001258631885838,12.05224640558831,11.943897234515005,12.0076322555542,6878549
2013-10-25,11.988508961321358,12.09048448811407,11.943894820305067,12.05861759185791,8000861
2013-10-28,12.109604325604097,12.224327087402344,12.096857081927832,12.224327087402344,7062314
2013-10-29,11.535995277772587,11.631597203439089,11.255561908925667,11.28105640411377,46675427
2013-10-30,11.261934470047713,11.281055339634547,11.05160976716985,11.121718406677246,29443011
2013-10-31,11.153584392630552,11.325668557871467,11.12808990193817,11.191824913024902,16939860
2013-11-01,11.230068576763948,11.274682727489648,11.102598532709575,11.128091812133789,10847071
2013-11-04,11.089851048263696,11.089851048263696,10.541732788085938,10.541732788085938,41563314
2013-11-05,10.579973314227548,10.66282799014177,10.433383617647706,10.541732788085938,24220007
2013-11-06,10.675574820496546,10.847659004880093,10.662827573732352,10.688322067260742,19618456
2013-11-07,10.771175123293379,10.822162887053041,10.573597690680204,10.643706321716309,16167585
2013-11-08,10.560852462074843,10.675575256347656,10.503491064938437,10.675575256347656,12363619
2013-11-11,10.75205486752027,10.834909523107685,10.69469348455817,10.796669006347656,11049810
2013-11-12,10.73930965529055,10.84765881964733,10.707441538924236,10.764802932739258,9167394
2013-11-13,10.707441329956055,10.75842909950273,10.579972513911528,10.707441329956055,9480325
2013-11-14,10.924141562162035,10.930515186423957,10.713816824096712,10.83491325378418,12577302
2013-11-15,10.860405755663235,10.924139555284846,10.790297117306299,10.809416770935059,9515017
2013-11-18,10.828538240689562,10.87952601260089,10.739309943755835,10.84765911102295,8206795
2013-11-19,10.790297610085577,10.809417264587509,10.66920119711445,10.688322067260742,7135897
2013-11-20,10.650079385277925,10.675573876552066,10.516236953021439,10.560851097106934,11866214
2013-11-21,10.516236520655815,10.643706540497202,10.414260991040386,10.57359790802002,10994419
2013-11-22,10.567225246032992,10.579972492304707,10.458876084012045,10.50986385345459,8297020
2013-11-25,10.567223684729841,10.777548354560489,10.567223684729841,10.726560592651367,8254232
2013-11-26,10.72018697045721,10.783921976754646,10.688320075130557,10.726560592651367,8413465
2013-11-27,10.803044146110338,10.847658291205464,10.764802408333704,10.815790176391602,7706948
2013-11-28,10.847657334235546,11.15358391559439,10.822162844633556,11.07072925567627,13683823
2013-11-29,11.057983708249175,11.108971479635482,11.000622313484033,11.0133695602417,7302846
2013-12-02,10.98150092641787,11.096223710547832,10.97512730333906,11.000621795654297,6608864
2013-12-03,10.962381177085504,10.968753584464357,10.650079727172852,10.650079727172852,12139629
2013-12-04,10.656453516316317,10.732935778142027,10.57997247013492,10.701068878173828,11991952
2013-12-05,10.662828241035685,10.803045532928213,10.586347186952885,10.605466842651367,9643868
2013-12-06,10.618213859211249,10.72656302984175,10.484371409655909,10.675575256347656,11099281
2013-12-09,10.739309756113093,10.790297527133536,10.579972819718668,10.662827491760254,8979830
2013-12-10,10.618213664937311,10.694695931601313,10.535358990391996,10.554478645324707,7604596
2013-12-11,10.490743490274891,10.624587151297854,10.477997459032434,10.586346626281738,7841429
2013-12-12,10.50986461315198,10.535359107538259,10.37602216455722,10.388768196105957,10875470
2013-12-13,10.356900215148926,10.407887982966965,10.344152969283348,10.356900215148926,8293678
2013-12-16,10.325033095389282,10.522610539504619,10.274045328661316,10.427008628845215,8935118
2013-12-17,10.36327436516485,10.395141265805293,10.305912971496582,10.305912971496582,8468450
2013-12-18,10.331405723417769,10.446128504919425,10.312286070263676,10.356900215148926,10088428
2013-12-19,10.516236520655815,10.57997153057651,10.47799600096108,10.57359790802002,11883990
2013-12-20,10.694695299302623,10.713814953104928,10.605465790862706,10.707441329956055,22094687
2013-12-23,10.73293399810791,10.7711745148565,10.694693481359318,10.73293399810791,4004709
2013-12-27,10.790295002782665,10.879523277282715,10.771174137256626,10.879523277282715,4689981
2013-12-30,10.892272306900269,10.898645929787323,10.739309004543777,10.783923149108887,5845823
2014-01-03,10.688322724301083,10.917767101939354,10.68194910052718,10.866779327392578,8057543
2014-01-06,10.866778572735646,11.006995854735042,10.860406165048719,10.987874984741211,9144519
2014-01-07,11.019743187951184,11.281055668364248,10.968754200900477,11.27468204498291,13078963
2014-01-08,11.434019530003122,11.618849754333496,11.357537261409727,11.618849754333496,22185738
2014-01-09,11.61247578735714,11.682584430191488,11.478633340830894,11.593356132507324,15852883
2014-01-10,11.663463559697288,11.720824955535504,11.523247489672976,11.593356132507324,13522942
2014-01-13,11.79093255519746,11.982136380645654,11.75906565617085,11.956643104553223,21122226
2014-01-14,11.816426533751041,11.988509482923206,11.733570654849421,11.94389533996582,11744960
2014-01-15,11.982138930899795,12.045873958162518,11.91203149499088,12.001259803771973,11039504
2014-01-16,12.014004184478836,12.10960609472943,11.988509693401747,12.06499195098877,15003464
2014-01-17,12.14147458674326,12.17334270477295,12.064993534760813,12.17334270477295,21632147
2014-01-20,12.115980592271631,12.14147386954509,12.026752298348034,12.039498329162598,10055422
2014-01-21,12.064993351978412,12.141474402802187,11.963017807117124,11.988511085510254,12116548
2014-01-22,11.988509482923206,12.09048501415272,11.924774471993704,11.94389533996582,11049324
2014-01-23,11.835547026327024,11.956643434125725,11.676210095513479,11.720824241638184,13065969
2014-01-24,11.682584324703368,11.72082484970209,11.414898218423572,11.434019088745117,15654122
2014-01-27,11.363909415180157,11.497753063994884,11.312921647927942,11.408523559570312,13827505
2014-01-28,11.440392938929316,11.657091277624229,11.402151197528287,11.625223159790039,12846684
2014-01-29,11.708076777754187,11.752690918417203,11.344787598832127,11.472257614135742,10530362
2014-01-30,11.42127248207959,11.586983053888732,11.376658331139522,11.478633880615234,7733037
2014-01-31,11.446766197580562,11.504127598300833,11.23644146682106,11.465887069702148,13032399
2014-02-03,11.421271403005013,11.491380042512409,11.089850290699193,11.121718406677246,12743947
2014-02-04,11.54874128024923,11.790932880202321,11.344788987666673,11.720824241638184,29156295
2014-02-05,11.72719974727175,11.829175302110631,11.612476944166884,11.650718688964844,12865146
2014-02-06,11.67620936189514,11.778184893957123,11.599728320670769,11.714449882507324,15035017
2014-02-07,11.739945411682129,11.771812312403373,11.637969870600939,11.739945411682129,12453455
2014-02-10,11.771813567661425,11.790934439519683,11.644344735539786,11.75906753540039,7980769
2014-02-11,11.822799772869363,11.905655657602495,11.714450611356712,11.78455924987793,9926818
2014-02-12,11.867416802791992,12.014006507901922,11.848295930786335,11.918404579162598,10583874
2014-02-13,11.912031173706055,11.950271702774472,11.78456112261866,11.912031173706055,7325191
2014-02-14,11.918402067678967,11.969389833305268,11.854667056735035,11.880160331726074,6826729
2014-02-17,11.86104067939385,11.943895342670006,11.84829343407622,11.880160331726074,4353147
2014-02-18,11.89928370715694,11.937524235523775,11.848295930786335,11.918404579162598,5227462
2014-02-19,11.86104067939385,11.95026896532882,11.803679291108734,11.880160331726074,4930435
2014-02-20,11.759063638044553,11.803677775282699,11.701702257125774,11.797304153442383,5874753
2014-02-21,11.886532427918675,11.912026915279942,11.746316394363921,11.797304153442383,13799051
2014-02-24,11.759064934799468,11.82917235148605,11.708077170098225,11.822798728942871,5031486
2014-02-25,11.784559038374537,11.810053530340802,11.631595733509805,11.727197647094727,6776541
2014-02-26,11.688958887564583,11.75906753540039,11.491381407607138,11.75906753540039,9839003
2014-02-27,11.76543964641529,11.93752384185791,11.746319990684626,11.93752384185791,11548780
2014-02-28,11.950271155320538,12.052246705261052,11.937523907666863,12.026753425598145,10645312
2014-03-03,11.695332036065087,11.778186712793625,11.535995090657236,11.55511474609375,18423241
2014-03-04,11.631595639509044,11.87378723300986,11.631595639509044,11.82917308807373,12166067
2014-03-05,11.771811177814657,11.943895342670006,11.771811177814657,11.880160331726074,10799652
2014-03-06,11.950272025090701,12.045873958162518,11.943898400799975,12.001259803771973,10294092
2014-03-07,11.969391013609302,12.077740178205051,11.861041849013551,11.873787879943848,11269961
2014-03-10,11.784557645857952,11.975762666078431,11.739943505833082,11.803678512573242,9021608
2014-03-11,11.797306496089844,11.905655657602495,11.73994510378054,11.78455924987793,7117793
2014-03-12,11.733571661571965,11.854668071163482,11.663463021969877,11.708078384399414,10291741
2014-03-13,11.708078384399414,11.810053924378273,11.663463021969877,11.708078384399414,10767994
2014-03-14,11.625223579642064,11.752693624293693,11.242814661331616,11.28105640411377,23011488
2014-03-17,11.28105672973469,11.376658658160684,11.198200833626213,11.370285034179688,14254979
2014-03-18,11.35116365047481,11.669837541290509,11.287428629182784,11.55511474609375,13133736
2014-03-19,11.542366375832433,11.714449318118625,11.491378612257973,11.504124641418457,11659459
2014-03-20,11.472258592963096,11.73357105255127,11.472258592963096,11.73357105255127,10834796
2014-03-21,11.790932412101526,11.797306034958352,11.535993576049805,11.535993576049805,24078597
2014-03-24,11.548741363661817,11.580608263796966,11.338416662094607,11.357536315917969,9161759
2014-03-25,11.40215097154254,11.567861534062832,11.40215097154254,11.434019088745117,9638986
2014-03-26,11.472259945457003,11.663463791623524,11.472259945457003,11.523247718811035,11249742
2014-03-27,11.472257177862707,11.542365805177985,11.38940252201711,11.421269416809082,8514581
2014-03-28,11.472260693742676,11.497755189904792,11.434020165143991,11.465887069702148,7185826
2014-03-31,11.510500878661828,11.69533232338502,11.510500878661828,11.637970924377441,10678202
2014-04-01,11.657090723039715,11.886535082308125,11.650717099776102,11.867415428161621,16664312
2014-04-02,11.861041714041669,11.918403107330462,11.82279997475292,11.905655860900879,10889352
2014-04-03,11.88653395438489,11.943895342670006,11.841919811417403,11.880160331726074,7556134
2014-04-04,11.841923275550567,11.91840555418559,11.790935495008746,11.854670524597168,9222378
2014-04-07,11.701703944515605,11.765437740821069,11.567860297856798,11.61247444152832,8901346
2014-04-08,11.644340500057728,11.650714121692156,11.408521362160007,11.516870498657227,9094634
2014-04-09,11.50412567868524,11.593355184719032,11.485006025398507,11.529620170593262,6505359
2014-04-10,11.60610130540054,11.644343043560344,11.4531379996942,11.491379737854004,6414183
2014-04-11,11.395776193150114,11.453137582656858,11.13446373679462,11.249186515808105,13407598
2014-04-14,11.28105502793557,11.306548304369302,11.077102738244257,11.166332244873047,10393195
2014-04-15,11.185450857419022,11.210945347124643,11.038861188544244,11.077101707458496,16747675
2014-04-16,11.153584480285645,11.191825000980524,11.096223091421209,11.153584480285645,9681409
2014-04-17,11.191823754053365,11.408522039921491,11.172704103658242,11.389402389526367,9697969
2014-04-22,11.453139185418156,11.663463904494469,11.408525035257183,11.618849754333496,9255691
2014-04-23,11.612474748182178,11.650716485748408,11.548740950193679,11.56786060333252,5279648
2014-04-24,11.574235617174683,11.695332036065087,11.446765574590636,11.55511474609375,6332270
2014-04-25,11.504123938829405,11.523244804868629,11.351160657447922,11.389402389526367,12804545
2014-04-28,11.408523471078095,11.529619873229397,11.408523471078095,11.44676399230957,5789375
2014-04-29,11.504127765195012,11.688959218118297,11.478634484307543,11.650718688964844,9423471
2014-04-30,11.631595733509805,11.727197647094727,11.612474864535105,11.727197647094727,8365458
2014-05-02,11.657088628720313,11.829171563344014,11.650715006601787,11.682581901550293,10615126
2014-05-05,11.695331146184818,11.695331146184818,11.516873343274623,11.644343376159668,7449753
2014-05-06,11.759068211294766,11.886537050743131,11.586984001612706,11.676212310791016,12822047
2014-05-07,11.644342768451583,11.752691926055924,11.548740856599343,11.669836044311523,8693304
2014-05-08,11.695331137990975,11.752692531184623,11.586981974807896,11.708078384399414,7221361
2014-05-09,11.695330625175488,11.727197524154963,11.548740944839066,11.631595611572266,9610319
2014-05-12,11.663905985988217,11.812532877843802,11.638058634705711,11.715601921081543,8131441
2014-05-13,11.734989117057554,11.793147201860782,11.689755324994685,11.741451263427734,7436563
2014-05-14,11.747912248703562,11.825455532425018,11.734987957240563,11.806070327758789,6806534
2014-05-15,11.754374439803474,11.818994664839616,11.405425964125273,11.45065975189209,14292866
2014-05-16,11.450659654824703,11.502355587909735,11.308496146972935,11.463583946228027,12888263
2014-05-19,11.405424984997309,11.457120914082596,11.205103413857836,11.37957763671875,9821148
2014-05-20,11.360191335408079,11.508816979219239,11.340804899573854,11.39896297454834,7944199
2014-05-21,11.37311527417716,11.566974696410302,11.314957201001588,11.521740913391113,7155245
2014-05-22,11.566977419788195,11.605749066857754,11.508819332919638,11.541130065917969,5774104
2014-05-23,11.534665905523815,11.631595622539333,11.50881732363796,11.59282398223877,6301293
2014-05-26,11.618671128094466,11.683291349149055,11.618671128094466,11.65744400024414,3591328
2014-05-27,11.663905805304317,11.73498817715463,11.64452060027481,11.702678680419922,7747715
2014-05-28,11.702679503851806,11.812533526019052,11.676830918622628,11.793147087097168,7124225
2014-05-30,11.734988534745275,11.760837118943341,11.573438581092363,11.618672370910645,9333266
2014-06-02,11.650982891777403,11.728526177921397,11.631596453977249,11.683292388916016,7094574
2014-06-03,11.64452010799154,11.657444399150355,11.502355370301064,11.566975593566895,6660486
2014-06-04,11.579898890370476,11.625132673013901,11.495893470108134,11.53466510772705,7109211
2014-06-05,11.521741009319163,11.67682879490254,11.463582935659376,11.508816719055176,9506187
2014-06-06,11.482969810387074,11.689753532409668,11.482969810387074,11.689753532409668,9767305
2014-06-10,11.709142449358499,11.825457393243653,11.683293862365042,11.81253433227539,10203195
2014-06-11,11.799609681084334,11.825457034765785,11.579901628414069,11.62513542175293,14271666
2014-06-12,11.59282430933683,11.605747368116166,11.386040578528348,11.437736511230469,13463502
2014-06-13,11.411886419603668,11.424810709202264,11.256798642004808,11.308494567871094,16527763
2014-06-16,11.256799951234097,11.321420174214676,11.134021650823822,11.185717582702637,13455664
2014-06-17,11.192180521670798,11.263262895241311,11.06294129907607,11.243876457214355,16695481
2014-06-18,11.263262895241311,11.340806182292484,11.230952165196385,11.243876457214355,7709765
2014-06-19,11.321421234817219,11.340806440757651,11.024168674270923,11.062941551208496,13272688
2014-06-20,11.127560646378548,11.146947085019228,11.03063091823188,11.050017356872559,24556210
2014-06-23,11.024168125002982,11.037092416671566,10.914314110876594,10.972472190856934,10363294
2014-06-24,11.011245240299349,11.05001688339102,10.804460267911047,10.875542640686035,16848810
2014-06-25,10.791535262002531,11.00478110933417,10.785073117231502,10.920774459838867,15817099
2014-06-26,10.95308585537799,10.95308585537799,10.62352384701402,10.642909049987793,20726343
2014-06-27,10.642911072300333,10.642911072300333,10.494285402795526,10.591215133666992,18572529
2014-06-30,10.545981374549159,10.636448959309526,10.474898996506926,10.513671875,14384117
2014-07-01,10.571830710744285,10.68168474255013,10.558906416995717,10.649374008178711,14563632
2014-07-02,10.642910585344465,10.778613188378296,10.617063233474614,10.7656888961792,13281784
2014-07-03,10.785075813134764,10.940163628821916,10.701069142640641,10.901391983032227,13621039
2014-07-04,10.907852447328262,10.907852447328262,10.785075368633047,10.797998428344727,5303549
2014-07-07,10.77215030629613,10.862617880452133,10.642909858191905,10.662296295166016,14183863
2014-07-08,10.675222856761353,10.675222856761353,10.494286437441689,10.507210731506348,12557965
2014-07-09,10.552443487824085,10.617063719247861,10.487823256400308,10.591215133666992,11050655
2014-07-10,10.58475119718955,10.58475119718955,10.326271547736654,10.50074577331543,19657404
2014-07-11,10.520135025571006,10.565368822268793,10.397356697013786,10.507210731506348,10929102
2014-07-14,10.539519976372866,10.707532097518776,10.49428618078137,10.649374008178711,11947995
2014-07-15,10.623523647452457,10.797996633579793,10.57828986465914,10.707529067993164,11644284
2014-07-16,10.733380183733047,10.907853211076306,10.688146390254111,10.823847770690918,10299394
2014-07-17,10.810920875360532,10.85615465795171,10.681681672604045,10.713991165161133,7650981
2014-07-18,10.649371059971182,10.662295350141747,10.565365638918815,10.623523712158203,12988834
2014-07-21,10.655834356685467,10.726916727777645,10.55244248920318,10.597676277160645,10683079
2014-07-22,10.629985992181332,10.65583334032242,10.539517192367116,10.642909049987793,9428248
2014-07-23,10.629986799404088,10.70106793658598,10.58475177979783,10.662296295166016,9471290
2014-07-24,10.642911479232417,10.810923594346827,10.59121553862248,10.772151947021484,8841845
2014-07-25,10.739840604239205,10.862617671798786,10.701067731035748,10.726916313171387,10049737
2014-07-28,10.72691716908258,10.74630237470284,10.591214567099103,10.73984146118164,7858130
2014-07-29,10.843233000001515,10.85615605917547,10.4942845192105,10.545980453491211,16114115
2014-07-30,10.539518378807664,10.552442670597184,10.248728592449089,10.306886672973633,21742464
2014-07-31,10.313348728755066,10.313348728755066,10.061330587438773,10.125950813293457,16813520
2014-08-04,10.087178924638396,10.113026892675833,9.925628970338373,10.003172874450684,20986661
2014-08-05,10.003170974327874,10.022557408871585,9.880393303537959,9.964399337768555,17042164
2014-08-06,9.932090697686348,10.029021035938374,9.82223668409254,9.977324485778809,18031475
2014-08-07,9.893318166795934,10.074253919178576,9.835160092321207,9.932089805603027,16362183
2014-08-08,9.82869836848069,10.184108359524872,9.822236222981097,10.151798248291016,23866944
2014-08-11,10.248729451179488,10.319811829449474,10.151799719693038,10.16472339630127,12560632
2014-08-12,10.158259921319155,10.300423418113361,10.13241195678711,10.13241195678711,13318429
2014-08-13,10.164722606255358,10.30688673548152,10.158261076585562,10.261652946472168,8079951
2014-08-14,10.26165315701042,10.371506558820684,10.164722814804891,10.352121353149414,13420548
2014-08-15,10.403817238880197,10.436126736528413,10.203495025634766,10.203495025634766,14059912
2014-08-18,10.319811239080904,10.371506558820684,10.268115303076955,10.352121353149414,8751734
2014-08-19,10.390891836102249,10.423201330296825,10.319810086104441,10.416740417480469,7293886
2014-08-20,10.410279469666614,10.42320252931411,10.332734949139937,10.384430885314941,11082356
2014-08-21,10.403816058836618,10.545979557903664,10.339195838341347,10.50074577331543,10584515
2014-08-22,10.5007458316535,10.539517471154786,10.403816116636184,10.455512046813965,7850090
2014-08-25,10.507208810912752,10.545980453491211,10.416741234053584,10.545980453491211,5239370
2014-08-26,10.545980186368036,10.66229634368549,10.494284253396753,10.655834197998047,6749460
2014-08-27,10.655833157022638,10.713991229999865,10.604137229101562,10.629985809326172,6467046
2014-08-28,10.597676290048083,10.62352487321423,10.50720871402314,10.558904647827148,7991109
2014-08-29,10.565366768016053,10.668758635373527,10.565366768016053,10.63644790649414,7295572
2014-09-01,10.64291098975382,10.649373136098918,10.500747467746853,10.565367698669434,8282762
2014-09-02,10.597677280062209,10.649373218695551,10.533057048638433,10.591215133666992,10581139
2014-09-03,10.623524762945506,10.785074708472232,10.610600471496582,10.610600471496582,13269045
2014-09-04,10.591214567099103,10.785075251000023,10.565367215429314,10.73984146118164,15162232
2014-09-05,10.746301772565728,10.78507464669039,10.610600410714207,10.655834197998047,11350846
2014-09-08,10.649374008178711,10.662298301927278,10.591215918838646,10.649374008178711,6734210
2014-09-09,10.597676374510787,10.668758746255927,10.545980440294764,10.584752082824707,7124186
2014-09-10,10.520131808427871,10.655833157022638,10.513669663371719,10.629985809326172,9249854
2014-09-11,10.681683950671639,10.70753130372411,10.558905634219302,10.591215133666992,6713468
2014-09-12,10.61706270169479,10.675220781149404,10.539518184912545,10.63644790649414,6860226
2014-09-15,10.558905650738824,10.59767729664239,10.507209712024604,10.552443504333496,6481446
2014-09-16,10.558903655379886,10.565365800564035,10.474897000514106,10.526594161987305,5744012
2014-09-17,10.578290927023373,10.642909918915915,10.52659499399238,10.61706256866455,7485517
2014-09-18,10.655833140153925,10.765687140878322,10.629985792498378,10.707529067993164,10936762
2014-09-19,10.817384748719343,10.849695478966996,10.720455023033049,10.73984146118164,15292346
2014-09-22,10.726916592902052,10.752763943183488,10.55244235652135,10.578290939331055,7941431
2014-09-23,10.545980453491211,10.604138533623047,10.449050730780916,10.545980453491211,9406414
2014-09-24,10.552442081340528,10.75276366277879,10.487821858529667,10.726916313171387,10950360
2014-09-25,10.720454216003418,10.810921788829834,10.655833992901018,10.720454216003418,11060335
2014-09-26,10.701067527947204,10.82384582570489,10.642909451773995,10.791536331176758,13667645
2014-09-29,10.920775677304382,10.940162113778705,10.726916242674076,10.810921669006348,13886701
2014-09-30,10.810922686347697,10.856156476516194,10.668759169742659,10.7656888961792,11645684
2014-10-01,10.733380299696144,10.79799930106223,10.720456006411547,10.772151947021484,11822323
2014-10-02,10.733378985588969,10.759226336465176,10.545980453491211,10.545980453491211,13550136
2014-10-03,10.403816116636184,10.526594413006489,10.209956070337453,10.455512046813965,17659601
2014-10-06,10.461975936204304,10.623525899006903,10.397355704577583,10.513671875,13050269
2014-10-07,10.442589081279557,10.468437665912676,10.287501271065903,10.332735061645508,14627219
2014-10-08,10.29396492313904,10.384432517532847,10.209958859584598,10.26811695098877,11172736
2014-10-09,10.339196363501069,10.371505859125708,10.035482297769269,10.087178230285645,14133335
2014-10-10,10.009634709688378,10.04840696867259,9.841622614530374,9.925628662109375,16831538
2014-10-13,9.822235859028288,9.97732364768724,9.78992574899165,9.886856079101562,16448092
2014-10-14,9.82223632701334,9.925628191045462,9.66068638539712,9.906242370605469,19267524
2014-10-15,9.87393324660358,9.88685753903232,9.434517780517469,9.518523216247559,25178012
2014-10-16,9.557293829109204,9.602527612280843,9.014485965993211,9.369895935058594,34631538
2014-10-17,9.389280498483007,9.770538380699271,9.356970393568002,9.72530460357666,25345566
2014-10-20,9.744691800771415,9.796387729454757,9.654223617443524,9.751153945922852,16778795
2014-10-21,9.725307338642553,9.990249164180472,9.692997224640918,9.970863342285156,14710861
2014-10-22,10.016096429051363,10.100102473053166,9.990248462917279,10.093640327453613,11765409
2014-10-23,10.022557151121,10.17764492589798,9.932088974369075,10.113024711608887,12963005
2014-10-24,10.067791938781738,10.119487868880265,10.00317171802653,10.067791938781738,11380747
2014-10-27,10.119489003922851,10.164722793766641,9.854547178384932,9.970863342285156,12210917
2014-10-28,10.113026541692154,10.578291182746838,10.113026541692154,10.545980453491211,32144084
2014-10-29,10.610600679474171,10.707530402184466,10.500746665061627,10.545980453491211,15057243
2014-10-30,10.597675293956616,10.642909077717498,10.345657794415613,10.526594161987305,16220968
2014-10-31,10.694605382535936,10.82384582570489,10.597675666423326,10.791536331176758,17203443
2014-11-03,10.791537510333384,10.823847008391871,10.675221345277473,10.688145637512207,11472832
2014-11-04,10.681681737247247,10.785073593089395,10.571827736348945,10.629985809326172,13553259
2014-11-05,10.713993057421444,10.791537578793433,10.69460661894636,10.752764701843262,10698460
2014-11-06,10.707529876569657,10.959547389750963,10.655833944826615,10.726916313171387,16099587
2014-11-07,10.726918538141627,10.746303746235988,10.610602359461497,10.649374008178711,15533747
2014-11-10,10.642909653758796,10.739840604239205,10.597675867549663,10.726916313171387,8941726
2014-11-11,10.720455890588084,10.888468003887295,10.688146390254111,10.823847770690918,8063482
2014-11-12,10.920775628519037,10.972471559691398,10.791536416852246,10.817383766174316,9284295
2014-11-13,10.862617194545358,10.972471198738873,10.823845555573582,10.94016170501709,6954855
2014-11-14,10.914312410330362,10.92723669998523,10.797996268492765,10.90785026550293,5658552
2014-11-17,10.804459464387422,10.882003977332118,10.752763533267032,10.856155395507812,5649137
2014-11-18,10.862618264933703,10.914314199499515,10.817384476254656,10.849695205688477,4938643
2014-11-19,10.856155309601807,10.88846603662651,10.804459378890492,10.830307960510254,5550562
2014-11-20,10.81738306871756,10.836769503855328,10.662295285199848,10.707529067993164,5313283
2014-11-21,10.73983933636238,10.953085183694018,10.713990757278259,10.920774459838867,6389371
2014-11-24,10.901390171973226,11.030629380644346,10.875541590722086,10.888465881347656,4272387
2014-11-25,10.901389970335137,11.05001561219555,10.89492782514188,10.953085899353027,2736260
2014-11-26,10.920775375383387,10.985395595983045,10.875541590722086,10.888465881347656,1865940
2014-11-27,10.907849822347146,11.082324028015137,10.9013889103103,11.082324028015137,2612739
2014-11-28,11.017706277013172,11.276187187259282,11.017706277013172,11.243876457214355,2202902
2014-12-01,11.146946697687008,11.308496649827399,11.114637200270257,11.211566925048828,2327045
2014-12-02,11.211564860937818,11.373114783335977,11.211564860937818,11.308494567871094,1582102
2014-12-03,11.30849606321104,11.502355502711927,11.30849606321104,11.437736511230469,1772204
2014-12-04,11.437736001671297,11.534665717103453,11.30849555940962,11.340805053710938,1382456
2014-12-05,11.340806537894794,11.50235649560001,11.340806537894794,11.470046997070312,951945
2014-12-08,11.405425782961483,11.470046006971199,11.373116287220755,11.437736511230469,470770
2014-12-09,11.308496684775882,11.40542640985401,11.179256229652829,11.243876457214355,747932
2014-12-10,11.243874557507157,11.295570484316436,11.17279342847447,11.205102920532227,6313126
2014-12-11,11.140484614445716,11.205104842171504,11.101712970821575,11.166333198547363,8590128
2014-12-12,11.134022139129367,11.153408576632245,10.972472190856934,10.972472190856934,7507022
2014-12-15,11.004784296030428,11.011246442672725,10.746303360452293,10.772151947021484,9639016
2014-12-16,10.739840427140777,10.862617492675781,10.623524274504907,10.862617492675781,14606852
2014-12-17,10.75276354407681,10.843232348024607,10.733378340217312,10.817383766174316,9389583
2014-12-18,10.966008843370048,11.095249280837177,10.959546698243877,11.043553352355957,11825068
2014-12-19,11.295572766163662,11.295572766163662,10.914314766728294,11.011245727539062,30629548
2014-12-22,11.017704754225909,11.12109661102295,11.004781696522395,11.12109661102295,7046733
2014-12-23,11.09525090749791,11.192180633544922,11.082326615350752,11.192180633544922,4890212
2014-12-29,11.205103128733029,11.230950476353877,11.030628910311783,11.10171127319336,6161092
2014-12-30,11.0564776426083,11.108173571089521,11.011243859253252,11.043553352355957,4474547
2015-01-05,11.088787762497155,11.140483693900451,10.772150028585932,10.810921669006348,12631226
2015-01-06,10.76568795384661,10.888466253934425,10.720454167637477,10.726916313171387,9635592
2015-01-07,10.823845815105313,10.978933607239258,10.810921524295432,10.830307960510254,12725784
2015-01-08,10.953085842265619,11.01770482880506,10.888465623198012,10.998319625854492,12222790
2015-01-09,10.96600951226225,10.978933803302937,10.765687931244555,10.804459571838379,9678240
2015-01-12,10.849696474200615,10.882005974883658,10.681684359086205,10.772151947021484,9579492
2015-01-13,10.75922419493873,11.082324028015137,10.746299905808941,11.082324028015137,11015776
2015-01-14,10.914314410329984,11.004783221963956,10.759226603636735,10.785075187683105,15366421
2015-01-15,10.875543108056299,10.907852606599787,9.059721927782517,9.518523216247559,66219761
2015-01-16,9.234194046696974,9.285889975401991,8.77539221724188,8.930480003356934,39033268
2015-01-19,9.09203141159428,9.428055619026916,9.040335474491442,9.292353630065918,20458555
2015-01-20,9.402207063040887,9.479750963850329,9.298815195294965,9.324663162231445,14201156
2015-01-21,9.356973129722082,9.369897421972984,9.092031301220285,9.344049453735352,16064547
2015-01-22,9.344049314380799,9.667149220664694,9.331125022322645,9.628376960754395,18531425
2015-01-23,9.718845413663631,9.880395371082418,9.67361162279091,9.867471694946289,22423137
2015-01-26,9.81577382724676,10.07425409426402,9.796388007506298,10.029020309448242,12698786
2015-01-27,10.04194412882094,10.184108246919532,9.828698259805106,10.009634017944336,16486683
2015-01-28,10.035481397156257,10.087177325033291,9.802849721709606,9.809311866760254,13887075
2015-01-29,9.809313008750754,10.016096744332447,9.73823063744644,9.977324485778809,10910582
2015-01-30,10.029020999957996,10.100102754743153,9.938552807833501,9.945014953613281,12199847
2015-02-02,9.932091484311014,10.035483360290527,9.841623284696842,10.035483360290527,12589170
2015-02-03,10.087176882337388,10.21641731262207,10.04840524626322,10.21641731262207,10714381
2015-02-04,10.293964117367473,10.481361438589989,10.197033767193096,10.474899291992188,14088917
2015-02-05,10.281040006195013,10.390894035245715,10.151800153271903,10.377969741821289,12515826
2015-02-06,10.326273391519416,10.520134087619558,10.209957836629219,10.468438148498535,9414224
2015-02-09,10.41027741428226,10.4296626161903,10.235803201941328,10.403815269470215,11765399
2015-02-10,10.145335630921089,10.190570031050234,9.85454587586956,10.13241195678711,32467555
2015-02-11,10.100103991999125,10.119489815449075,9.828699998642971,9.873933792114258,14852954
2015-02-12,9.899780214567627,10.287500320542158,9.893318685270543,10.138874053955078,16857731
2015-02-13,10.203495219800795,10.365045792436906,10.190571543748412,10.332735061645508,13174027
2015-02-16,10.326273617828047,10.487823585187792,10.30688779429886,10.474899291992188,9545716
2015-02-17,10.39735500281091,10.494284727444542,10.352121213483768,10.48136043548584,13507623
2015-02-18,10.520132944582492,10.662296453586803,10.520132944582492,10.604138374328613,10271092
2015-02-19,10.591213121177455,10.662295485489732,10.520131989393342,10.642909049987793,9426645
2015-02-20,10.597676022946908,10.701067887949064,10.5330557991885,10.668758392333984,13878418
2015-02-23,10.675219527587,10.726915455195222,10.623523599978778,10.713991165161133,8088047
2015-02-24,10.681683491394839,10.701068697218593,10.507209243810973,10.688145637512207,9996825
2015-02-25,10.69460678100586,10.726917512287285,10.629987783499752,10.69460678100586,6438049
2015-02-26,10.67522035901622,10.804459571838379,10.67522035901622,10.804459571838379,11820661
2015-02-27,10.785076123784464,10.84323421040836,10.746303244349576,10.823847770690918,10642923
2015-03-02,10.72691699534641,10.836771011352539,10.713992703456675,10.836771011352539,33574637
2015-03-03,10.849695289467691,10.94016286752436,10.765688624819376,10.875542640686035,13947220
2015-03-04,10.84323301987741,10.985396531277877,10.830308728151469,10.966010093688965,35363351
2015-03-05,10.972470035468037,11.095248317144925,10.94662268973651,11.082324028015137,11511258
2015-03-06,11.06940213017294,11.289110162729965,11.056479070779474,11.218029022216797,14864606
2015-03-09,11.159871199264222,11.192180697287794,11.114637409019887,11.146946907043457,11669983
2015-03-10,11.108175311709976,11.205105038734864,11.101713165571203,11.140484809875488,15318171
2015-03-11,11.114636387492547,11.243875600237018,11.10171209645963,11.230951309204102,10090290
2015-03-12,11.192179668633583,11.243875600237018,11.166332319095982,11.230951309204102,8991862
2015-03-13,11.224490039410673,11.373115683979993,11.211565748788596,11.353729248046875,12302472
2015-03-16,11.379579870618569,11.70267979896069,11.373117724148317,11.644521713256836,18239594
2015-03-17,11.612210451146714,11.676830680372792,11.457122640521142,11.515280723571777,15238883
2015-03-18,11.49589431314959,11.625133525533002,11.476507876654376,11.5863618850708,14767642
2015-03-19,11.573437343114712,11.71560084341225,11.573437343114712,11.65744400024414,11817028
2015-03-20,11.657446587201777,11.877153415498418,11.650984440409454,11.83838176727295,25500111
2015-03-23,11.76083646734876,11.909462120668218,11.76083646734876,11.89007568359375,10242703
2015-03-24,11.85776618766457,11.974082345054846,11.825455459207124,11.89007568359375,12726920
2015-03-25,11.85776820764992,11.954697944477829,11.831919620480624,11.83838176727295,13200676
2015-03-26,11.741450102972063,11.806070327758789,11.56697586580638,11.806070327758789,12400435
2015-03-27,11.864228553463107,11.909462341614452,11.767297598820754,11.786684036254883,9814754
2015-03-30,11.80607008708422,11.987005233764648,11.72852557241529,11.987005233764648,7733889
2015-03-31,11.922388443044683,12.01285603308027,11.74145203044504,11.83838176727295,12777202
2015-04-01,11.79314778782145,12.032242285284322,11.773761347747664,11.935311317443848,11204633
2015-04-02,11.928848825585417,12.032241937125423,11.909463618601007,11.980545997619629,8941428
2015-04-07,11.993467951408505,12.15501790152322,11.993467951408505,12.148555755615234,9177852
2015-04-08,12.109783377229,12.174403599855951,12.012853659552691,12.04516315460205,7488680
2015-04-09,12.038702571686851,12.232563264730445,12.038702571686851,12.200252532958984,8451173
2015-04-10,12.2454861025474,12.335953675702216,12.21317537461479,12.303644180297852,10560083
2015-04-13,12.213176711393826,12.394113110035887,12.180867212453062,12.251948356628418,18247937
2015-04-14,12.226099014282227,12.32949087310053,12.167940939630908,12.226099014282227,8010369
2015-04-15,12.245486940212542,12.374726163198988,12.245486940212542,12.355340957641602,16859981
2015-04-16,12.348876189404306,12.394109969470861,12.226097905989326,12.323027610778809,9448882
2015-04-17,12.355339512560699,12.374724715850789,12.142093648672393,12.180865287780762,17967713
2015-04-20,12.245486331773158,12.348878198036433,12.213175603235717,12.310105323791504,8968260
2015-04-21,12.381189363925866,12.529815037658784,12.329493423821875,12.34241771697998,13509489
2015-04-22,12.323031277242823,12.400575803663026,12.226101543613893,12.34241771697998,9991632
2015-04-23,12.387650329506094,12.452270556607505,12.277796313192189,12.445808410644531,10478346
2015-04-24,12.439345300596964,12.626743821414308,12.432883155134826,12.484579086303711,11400217
2015-04-27,12.503966491782972,12.555662426958436,12.271334167229215,12.445808410644531,10560136
2015-04-28,12.407036276875557,12.432883627177242,12.264871536367355,12.310105323791504,7849791
2015-04-29,12.303643582906812,12.374724715850789,12.180865287780762,12.180865287780762,12045777
2015-04-30,12.155016658712471,12.239023314398567,12.116245019757137,12.18732738494873,12889306
2015-05-04,12.148555378689105,12.342416052328945,12.148555378689105,12.310105323791504,8313737
2015-05-05,12.794753893166918,13.201860404761076,12.775368690490723,12.775368690490723,39857130
2015-05-06,12.60089819771903,12.827068411876098,12.381190130541135,12.439348220825195,24241085
2015-05-07,12.43288249901211,12.7301350119424,12.219636640128094,12.723672866821289,20064432
2015-05-08,12.833526851049083,12.911070127338695,12.633204050156584,12.801216125488281,14934773
2015-05-11,12.827736073647017,13.192348213938047,12.821106601076304,13.139313697814941,15343541
2015-05-12,13.039875316648502,13.099539310734594,12.933806274816053,13.066391944885254,9263913
2015-05-13,12.894031564279903,12.986841665991902,12.787962515339673,12.854254722595215,10238048
2015-05-15,12.927174012848594,13.026613560058939,12.794587106939835,12.83436393737793,12104287
2015-05-18,12.89402893240001,12.966950598385173,12.827735474233233,12.947063446044922,7744532
2015-05-19,13.013356247856587,13.139313697814941,12.960321731733481,13.139313697814941,8227269
2015-05-20,13.324934418594042,13.623253081548793,13.324934418594042,13.563589096069336,25308194
2015-05-21,13.523814384293425,13.58347837355405,13.424374823673258,13.503927230834961,11964716
2015-05-22,13.550329420939445,13.590104983921698,13.450889881262633,13.47740650177002,7208377
2015-05-26,13.45089247043749,13.556961501769061,13.371340064717515,13.4243745803833,8606009
2015-05-27,13.457520388486781,13.72932243347168,13.431003763446641,13.72932243347168,10687489
2015-05-28,13.643141043827576,13.775727954798016,13.583477060335127,13.72269344329834,9193944
2015-05-29,13.629883672174843,13.716065553580252,13.404486656188965,13.404486656188965,16701778
2015-06-01,13.490665444244888,13.616622868871435,13.450889881262633,13.47740650177002,9771248
2015-06-02,13.490665232615422,13.74257881347437,13.464147348081674,13.550329208374023,11082547
2015-06-03,13.590107211118788,13.722694128711604,13.543702169294068,13.669659614562988,10846843
2015-06-04,13.629882791225771,13.709435194731876,13.484038193314229,13.656400680541992,12391190
2015-06-05,13.570219658573148,13.590108076811735,13.371340533957836,13.431004524230957,9465652
2015-06-08,13.437630382136481,13.51055203384279,13.331561375616124,13.371336936950684,6617835
2015-06-09,13.324933070191767,13.45089050061811,13.19234616822273,13.298415184020996,8395769
2015-06-10,13.258641400512799,13.6365124781166,13.245382455646068,13.596736907958984,10963714
2015-06-11,13.53044127546296,13.643139759848845,13.47740676895445,13.543700218200684,8200113
2015-06-12,13.490664885396658,13.517181504805599,13.298414020802078,13.371336936950684,9039338
2015-06-15,13.31167286922268,13.417741874997978,13.192344921614898,13.28515625,7256377
2015-06-16,13.19234750573299,13.311675476714743,13.07964900696606,13.218865394592285,7265862
2015-06-17,13.238750779095925,13.31167369927945,13.01998328298772,13.033242225646973,8876286
2015-06-18,12.993469260861454,13.086279349153909,12.78133119365435,12.966951370239258,10934461
2015-06-19,13.019986897138898,13.119427730244196,12.986840795732277,13.066391944885254,20287791
2015-06-22,13.258640089864917,13.324933543202732,13.13931212674534,13.305045127868652,11422272
2015-06-23,13.391227876287054,13.590106984923555,13.351451043005724,13.563589096069336,11145511
2015-06-24,13.563590740704834,13.596738105791848,13.391229500023115,13.5105562210083,8853846
2015-06-25,13.424372739635423,13.643140244814747,13.404484324821878,13.537071228027344,7231224
2015-06-26,13.437632896760677,13.649770949499414,13.391227855779395,13.590106964111328,7749949
2015-06-29,13.059762819461914,13.477409484306216,13.026615455939268,13.19234848022461,13807469
2015-06-30,13.159202587279353,13.35808171376009,13.066391232404714,13.145943641662598,13277745
2015-07-01,13.2586397428498,13.537071228027344,13.212234706060613,13.537071228027344,15511933
2015-07-02,13.503925686517782,13.656399746327853,13.497296214642239,13.629881858825684,7365536
2015-07-03,13.543700226925951,13.60336420484176,13.377967235924785,13.530441284179688,6807579
2015-07-06,13.318305932725405,13.431004439817142,13.179089534815551,13.19234848022461,8873876
2015-07-07,13.225496772076646,13.371341388485583,13.039875316648502,13.066391944885254,11713358
2015-07-08,13.073017026785141,13.145939942715918,12.860879014378108,12.986836433410645,10329687
2015-07-09,12.98020887185366,13.371338863930125,12.98020887185366,13.344820976257324,8427666
2015-07-10,13.543701923130046,13.649770949499414,13.424373952353873,13.590106964111328,8270877
2015-07-13,13.656400819137229,13.88179782284237,13.596736832012775,13.842020988464355,10769548
2015-07-14,13.769099564432205,13.921573638916016,13.722694521279966,13.921573638916016,7610903
2015-07-15,13.921570732345264,14.253036702163008,13.868536227752118,14.19337272644043,14970594
2015-07-16,14.253039903074251,14.425402397821285,14.246410430455986,14.345849990844727,12017525
2015-07-17,14.272927082942518,14.33921927448997,14.19337468286607,14.319332122802734,8250826
2015-07-20,14.306074419577753,14.398884507348228,14.253039903074251,14.345849990844727,6650253
2015-07-21,14.339220457248848,14.412143391297038,14.20663479877522,14.246410369873047,5836987
2015-07-22,14.16685842477369,14.2464095624608,13.994495940528234,14.087306022644043,9311978
2015-07-23,14.332589914581574,14.432029458350542,14.233149106370204,14.36573600769043,12458826
2015-07-24,14.398884228428715,14.451918743904889,14.259669099469725,14.306074142456055,8232315
2015-07-27,14.38562791028971,14.398885592082388,13.99449784744478,14.07404899597168,14607835
2015-07-28,14.160228577147894,14.345848736458407,14.100564593243085,14.33259105682373,9654870
2015-07-29,14.425398711303387,14.584502220153809,14.385623150201354,14.584502220153809,10342314
2015-07-30,14.58450400221328,14.730348587036133,14.571245058745081,14.730348587036133,11251755
2015-07-31,14.783384515989894,14.783384515989894,14.611023292122697,14.750238418579102,9771526
2015-08-03,14.763495061196254,14.876193545039065,14.75686558985934,14.843046188354492,7838960
2015-08-04,14.86293549283323,14.86293549283323,14.63753851164363,14.730348587036133,6233558
2015-08-05,14.783384377750354,14.896082878112793,14.74360880834083,14.896082878112793,6982694
2015-08-06,14.829789245862049,14.962374885851103,14.823159774196231,14.915969848632812,6013463
2015-08-07,14.876196311848705,14.915971882825644,14.604394258694846,14.61765193939209,7074131
2015-08-10,14.71709070045734,14.81653024618156,14.584503796530097,14.79001235961914,6059438
2015-08-11,14.809900899167951,14.896081502336182,14.637538428389055,14.64416790008545,7830606
2015-08-12,14.584506034377469,14.584506034377469,14.02764297554583,14.100565910339355,14116991
2015-08-13,14.345848292973454,14.485064672595131,14.266297159854606,14.286184310913086,7691009
2015-08-14,14.32596084908435,14.39888250887899,14.213262359100883,14.25966739654541,8155061
2015-08-17,14.319329819851077,14.4386577685532,14.233147961591856,14.425398826599121,5809677
2015-08-18,14.385622504989508,14.471803094252328,14.339216210602508,14.378993034362793,4804295
2015-08-19,14.312703792116922,14.372367780821499,14.100565727586252,14.120452880859375,7481053
2015-08-20,14.080677133759071,14.180116692208776,13.78235845840996,13.80887508392334,10395997
2015-08-21,13.49066558605996,13.762467587440211,13.29178524017334,13.29178524017334,13045545
2015-08-24,12.66863255721585,13.106167632445171,12.27750252565591,12.781331062316895,28246429
2015-08-25,12.920545999692324,13.497297461728959,12.880770429206464,13.311676025390625,16207414
2015-08-26,13.225494292015398,13.265269859133122,12.920544905599561,12.960320472717285,17471485
2015-08-27,13.358081212312454,13.364710684871968,13.106167577263903,13.165831565856934,13757266
2015-08-28,13.232122592296328,13.27852889610868,13.106166418133125,13.225494384765625,11666149
2015-08-31,13.225493704884258,13.324933250485302,13.172459196267539,13.278528213500977,6901328
2015-09-01,13.126052789413281,13.225493598658048,12.867509720038681,13.013354301452637,10629157
2015-09-02,13.15257258113043,13.179089206846035,12.966951143350801,13.039874076843262,7766735
2015-09-03,13.126053371009055,13.344820885044456,13.059761181165122,13.271899223327637,9592147
2015-09-04,13.152573753762036,13.238754375574526,12.887401150751252,12.993470191955566,8164748
2015-09-07,13.033243842794215,13.132683396192203,12.91391587293962,13.00672721862793,3999820
2015-09-08,13.046503874052856,13.364710977214479,13.033244928643798,13.19234848022461,6355715
2015-09-09,13.517183988101014,13.616624806369526,13.417744434275033,13.464149475097656,8043904
2015-09-10,13.331562068016082,13.437631080045334,13.212234113372583,13.29178524017334,5854396
2015-09-11,13.318303125401835,13.338191539323205,13.152570136050834,13.29178524017334,4512137
2015-09-14,13.35145169954656,13.371340117165213,13.013356186685058,13.039874076843262,7630950
2015-09-15,12.927174558158596,12.973579597851442,12.695148095251865,12.940433502197266,9999001
2015-09-16,13.026614810765563,13.04650322789413,12.741553820802272,12.874140739440918,7327506
2015-09-17,12.880772083018023,12.900659238593049,12.62885715389721,12.761444091796875,8131844
2015-09-18,12.761441920825725,12.761441920825725,12.365165463955794,12.539795875549316,25834701
2015-09-21,12.526363107181504,12.694276825189514,12.47263076866214,12.62039566040039,7107386
2015-09-22,12.566661507155494,12.593528315814272,12.23755078756514,12.250984191894531,10751337
2015-09-23,12.230833925516892,12.338299877667245,12.056204795837402,12.056204795837402,10995459
2015-09-24,12.083071273804629,12.089787976410017,11.693511490252396,11.733810424804688,12058841
2015-09-25,11.962171801139135,12.284567083391174,11.901722765784372,12.177101135253906,10557591
2015-09-28,12.109936957321798,12.156952590104382,11.921873145111553,11.935306549072266,7878219
2015-09-29,11.753960352709138,12.022622047412202,11.700228013768525,11.928590774536133,8477418
2015-09-30,12.12336878393645,12.203967924651165,12.056204327934047,12.096503257751465,10006322
2015-10-01,12.25098413974584,12.345015407491408,12.156952872000272,12.237550735473633,9556981
2015-10-02,12.3181509496948,12.57337924763022,12.150237224950956,12.345016479492188,9334456
2015-10-05,12.613676772811589,12.80845598579657,12.45247978517857,12.781590461730957,9248088
2015-10-06,12.795024037856702,12.94278892079581,12.667410542147381,12.902488708496094,7167378
2015-10-07,13.01666837519839,13.177866641110478,12.936070523322105,12.956220626831055,9477828
2015-10-08,12.949504671386144,13.124135068614237,12.788307677270943,12.828606605529785,8929897
2015-10-09,12.96293627214324,12.976369674715936,12.761440357871912,12.781590461730957,7785610
2015-10-12,12.788307163017304,12.92263734550493,12.674125803308943,12.781590461730957,7399409
2015-10-13,12.754726300264144,12.754726300264144,12.338300982836103,12.647261619567871,10803003
2015-10-14,12.526361951142087,12.808457022604607,12.45919621392151,12.56666088104248,9234130
2015-10-15,12.627110169940153,12.707709312438965,12.539795606556357,12.707709312438965,6056174
2015-10-16,12.909204306478596,13.124134910455233,12.8420398538832,13.097268104553223,10452714
2015-10-19,13.063685802478952,13.218166092279995,12.949504440217355,13.003236770629883,5458218
2015-10-20,13.02338725842275,13.02338725842275,12.774875678906632,12.862190246582031,8226551
2015-10-21,12.96293627214324,12.96293627214324,12.714424729947254,12.781590461730957,6694646
2015-10-22,12.74800683607397,13.130849838256838,12.721141312259615,13.130849838256836,8661103
2015-10-23,13.23160149567069,13.580861055617609,13.23160149567069,13.493546485900879,11837511
2015-10-26,13.5204086577971,13.614441187699597,13.439810810543172,13.527125358581543,6054986
2015-10-27,13.500263610444389,13.567429355984915,13.412947756917688,13.439814567565918,5608894
2015-10-28,13.30548208076124,13.426380157470703,13.070402629501723,13.426380157470703,7831713
2015-10-29,13.459962558404602,13.52712701230064,13.198016320106655,13.3121976852417,8760155
2015-10-30,13.29876575704396,13.406230432492722,13.218167890997382,13.285333633422852,9294855
2015-11-02,13.285333332579182,13.5405616107204,13.285333332579182,13.44653034210205,7765991
2015-11-03,13.097267815128667,13.097267815128667,12.70770810571675,12.875621795654297,23175842
2015-11-04,12.868908454216358,13.05025559415522,12.80174270448936,12.842042922973633,12005651
2015-11-05,12.868906583479006,12.996521361301088,12.815174247724435,12.92935562133789,8896308
2015-11-06,12.895776248942685,13.365933970688168,12.889059545350293,13.345785140991211,13436923
2015-11-09,13.37264667108673,13.419662301078805,13.224883079528809,13.224883079528809,8024341
2015-11-10,13.164432580388198,13.2248816068121,13.090550152296831,13.177865982055664,6189811
2015-11-11,13.130848994257088,13.298762670813211,13.050251146914771,13.157715797424316,7114839
2015-11-12,13.124137081154526,13.191301544858755,12.821891870165388,12.922639846801758,10586184
2015-11-13,12.882338550720101,12.989803210242037,12.835322922314228,12.889055252075195,10770306
2015-11-16,12.82189156788352,12.855473798943919,12.647261147993458,12.687560081481934,10036362
2015-11-17,12.801739243593065,13.151000022888184,12.727858091838934,13.151000022888184,9533672
2015-11-18,13.07711868716221,13.32563153049272,13.07711868716221,13.265182495117188,7412927
2015-11-19,13.365929247224905,13.493544008221399,13.318913619773504,13.43309497833252,9832175
2015-11-20,13.48011049859673,13.48682719976206,13.33234691619873,13.33234691619873,9854317
2015-11-23,13.332347715817587,13.332347715817587,13.15100061671649,13.21816635131836,6015530
2015-11-24,13.164433319176323,13.171150020386998,12.902487096279096,13.050251960754395,9125325
2015-11-25,13.110701688387302,13.285332085920228,13.036819252217263,13.21816635131836,8016889
2015-11-26,13.21816635131836,13.325631014249415,13.177867422989172,13.21816635131836,3589792
2015-11-27,13.164434040486352,13.332347736714292,13.117418410515302,13.2987642288208,4894436
2015-11-30,13.231600267055173,13.339064934149478,13.198016757913274,13.265182495117188,8145614
2015-12-01,13.386084081465345,13.39951748865013,13.218170334896197,13.345785140991211,8052979
2015-12-02,13.33906600836929,13.527128550389408,13.33906600836929,13.372648239135742,7934767
2015-12-03,13.31219734580341,13.480111038421676,13.05696909669876,13.077117919921875,13745844
2015-12-04,13.030103215001873,13.103985654938883,12.89577302002901,13.070402145385742,12772627
2015-12-07,13.097269975684998,13.251750288451825,12.996522001318805,13.009955406188965,7210992
2015-12-08,12.996520198123866,13.016669021553568,12.647259406437726,12.727858543395996,10795614
2015-12-09,12.734572844356954,12.842038777880878,12.519643539468522,12.613676071166992,10572667
2015-12-10,12.620395505342076,12.714426776325663,12.51292954854371,12.580095291137695,10445661
2015-12-11,12.526362495222013,12.573378128994566,12.190535075612415,12.230834007263184,12549914
2015-12-14,12.190535802589615,12.32486729087623,12.002473256284375,12.015905380249023,12798168
2015-12-15,12.089786461258406,12.472629494225476,12.089786461258406,12.459196090698242,12164384
2015-12-16,12.492780163730039,12.566661324306793,12.311433051161782,12.519645690917969,9748804
2015-12-17,12.781593278330911,13.016671469756917,12.748009764498581,12.84875774383545,15016351
2015-12-18,12.84875547651032,12.996520349137473,12.815173249684058,12.915921211242676,19400601
2015-12-21,12.78830700087658,12.9763695101908,12.741290092468262,12.741290092468262,8918767
2015-12-22,12.848756699172943,12.92263914251703,12.667410863542848,12.748008728027344,6712311
2015-12-23,12.862189415634115,12.996520890696358,12.774874853599577,12.969654083251953,6327573
2015-12-28,12.996521479768846,13.110702854423105,12.949505845690027,13.036820411682129,4668543
2015-12-29,13.110704005965031,13.245034217834473,13.090553897698587,13.245034217834473,6062649
2015-12-30,13.265181852301257,13.278615255307049,13.110701560974121,13.110701560974121,5341533
2016-01-04,12.895775114653274,12.922640645579579,12.647262227914387,12.801742553710938,9678574
2016-01-05,12.929355516695903,12.976371149965646,12.70770947336717,12.902488708496094,5979544
2016-01-06,12.895771821439316,12.949504150650323,12.653975699449898,12.781590461730957,6968895
2016-01-07,12.345014213116574,12.445763454330741,12.1032193650101,12.412179946899414,13749789
2016-01-08,12.36516433970478,12.425613372109536,11.727091789245605,11.727091789245605,18349220
2016-01-11,11.7069440999831,12.015904712357024,11.626344955275151,11.774109840393066,13948508
2016-01-12,11.740525810299253,11.968888548943417,11.693510178416023,11.80097484588623,11855265
2016-01-13,11.955454753113978,12.096502925217333,11.807691160458898,11.86142349243164,10472553
2016-01-14,11.753959997007907,11.760676699307224,11.377833635806047,11.68007755279541,13038692
2016-01-15,11.619627926674188,11.700227069117714,11.176335845934565,11.22335147857666,15064649
2016-01-18,11.20991946036053,11.411415396730087,11.169619248222682,11.250218391418457,10221560
2016-01-19,11.444998741149902,11.686793605076799,11.404698529595501,11.444998741149902,9404336
2016-01-20,11.277084428780686,11.2905165508287,10.927823633935676,10.988272666931152,14298089
2016-01-21,11.035287339703029,11.169617516091474,10.8875224802721,11.062152862548828,13472486
2016-01-22,11.270369983638824,11.40470019857182,11.223353063278182,11.30395221710205,9990417
2016-01-25,11.364400120890846,11.377833525359076,11.02857269566485,11.102455139160156,8674361
2016-01-26,10.887523999893908,11.142753548491044,10.75319380475638,11.12932014465332,10262728
2016-01-27,11.156187540525515,11.236785405641479,10.994990529213618,11.196486473083496,9228832
2016-01-28,11.196485829797588,11.384549639396383,11.008422020198795,11.115886688232422,13501328
2016-01-29,11.243503172004171,11.391266792754493,11.189770829814956,11.30395221710205,15963146
2016-02-01,11.36440021297904,11.418132550207407,11.055438313105961,11.203203201293945,12709960
2016-02-02,10.74647746520976,10.753194167355108,10.215870165986626,10.437516212463379,46916396
2016-02-03,10.612145047324532,10.612145047324532,10.16885302027402,10.370348930358887,23870539
2016-02-04,10.444233973275564,10.497966314804929,9.967358961797437,10.303186416625977,29018069
2016-02-05,10.343485969522881,10.390502251570762,10.182288935318905,10.215871810913086,17479199
2016-02-08,10.309901243848943,10.309901243848943,9.70541155080384,9.772577285766602,20027687
2016-02-09,9.644964463311542,9.678547337568249,9.121073802743071,9.221821784973145,31943376
2016-02-10,9.369584555632326,9.947208107371202,9.248687124312518,9.71884536743164,28751906
2016-02-11,9.409884517956055,9.544215358645012,9.074057095963676,9.268836975097656,31313443
2016-02-12,9.436750066546665,9.738994598388672,9.436750066546665,9.738994598388672,24040056
2016-02-15,10.296468559179237,10.323334726931213,9.893475402359634,9.940491676330566,17738022
2016-02-16,10.04795598628107,10.04795598628107,9.651679545774018,9.85317611694336,16081972
2016-02-17,9.745711803777565,10.202436655738481,9.712128933939566,10.175570487976074,11738821
2016-02-18,10.309902516776612,10.363634855165,9.96735837914565,9.994224548339844,16898054
2016-02-19,9.906907829343753,10.121837150160138,9.79944316893556,9.9337739944458,18066371
2016-02-22,10.074821168840309,10.27631772032509,10.027805541691816,10.229301452636719,10821812
2016-02-23,10.12183699556869,10.28975068502691,9.960640007418375,9.97407341003418,11214102
2016-02-24,9.933773842726655,9.994222873417996,9.618095927194032,9.97407341003418,12780449
2016-02-25,9.967356785720305,10.162136641374845,9.940490620821056,10.06810474395752,14392682
2016-02-26,10.20915284031381,10.316617505916069,10.128554341112112,10.283035278320312,10267011
2016-02-29,10.14870545432403,10.303186416625977,10.081540347682344,10.303186416625977,11001923
2016-03-01,10.269602642456821,10.578563899426756,10.215870305639438,10.551697731018066,14286611
2016-03-02,10.612146856763694,10.8942413070894,10.59871345217962,10.887524604797363,16741190
2016-03-03,10.867375440761757,10.981556814012626,10.793492998928862,10.961406707763672,14911872
2016-03-04,10.941256088123144,11.068869563530209,10.800207929673597,11.062152862548828,12694520
2016-03-07,10.947972984294893,11.12260339011951,10.880808527583797,11.115886688232422,13401175
2016-03-08,10.98827396247339,11.055438423871797,10.88752470821581,10.91439151763916,20327040
2016-03-09,10.900956748229934,11.209918612519413,10.86737452173491,10.968122482299805,15970303
2016-03-10,10.94125616970006,11.283798954746379,10.780057907104492,10.780057907104492,21017692
2016-03-11,10.934540002723313,11.169618144907211,10.921106600004292,11.136035919189453,17868118
2016-03-14,11.18976979671686,11.270368943099394,11.115887352622869,11.203203201293945,14053207
2016-03-15,11.102454618057775,11.162903654247629,10.994989949515793,11.12932014465332,14372730
2016-03-16,11.142752606652062,11.176334832327937,10.471097844496203,10.598711967468262,21693442
2016-03-17,10.672596458576265,10.746478266061027,10.417367522892514,10.712895393371582,15193758
2016-03-18,10.840507667675539,10.907673401448013,10.686027376754716,10.880807876586914,29429574
2016-03-21,10.853940659149725,11.075586675439945,10.82035843407657,11.008420944213867,14866578
2016-03-22,10.968123540164763,11.001705769898761,10.706177920675755,10.994990348815918,11464531
2016-03-23,10.968123659797037,11.035289401077575,10.712894739686968,10.786776542663574,15747550
2016-03-24,10.712895307962892,10.712895307962892,10.50468265192035,10.612147331237793,12083878
2016-03-29,10.679310383612298,10.75990951815403,10.464381066274054,10.504680633544922,10449494
2016-03-30,10.551694523874003,10.645726404993809,10.518111663435516,10.618860244750977,11508359
2016-03-31,10.54498010331288,10.585279672659063,10.30990131050325,10.403932571411133,18372426
2016-04-01,10.276317404959059,10.43751438498402,10.108403723964761,10.15541934967041,14423214
2016-04-04,10.108405689532427,10.15542132438021,9.96735814444909,10.014373779296875,14459079
2016-04-05,9.906909723856106,9.913626426551037,9.651680786308908,9.691980361938477,18962561
2016-04-06,9.671829368980182,9.826310314130069,9.571081399933709,9.7860107421875,16129403
2016-04-07,9.812875849415342,9.83302595347883,9.60466323174513,9.685261726379395,20064385
2016-04-08,9.71884566893606,9.920342248106628,9.71884566893606,9.79272747039795,20859717
2016-04-11,9.806160848428767,9.980790618739992,9.745711810784897,9.7860107421875,11718364
2016-04-12,9.80616051143689,9.893475073321925,9.69197914215345,9.859892845153809,12128471
2016-04-13,10.00093973206483,10.35691657996546,9.994223030651257,10.316617012023926,18931153
2016-04-14,10.410649066575127,10.464381397611032,10.229301968924016,10.430798530578613,14320510
2016-04-15,10.390497959214589,10.44423028175221,10.309899475408155,10.417364120483398,13505783
2016-04-18,10.296468490350827,10.491248365385607,10.215869987633674,10.471098899841309,7436025
2016-04-19,10.511398273226611,10.706178156457302,10.491248806834466,10.659162521362305,8974585
2016-04-20,10.625578344467469,10.880807876586914,10.571846013665452,10.880807876586914,14036552
2016-04-21,10.9143913229886,10.934541429696749,10.753194312563286,10.786776542663574,19701895
2016-04-22,10.753194970241848,10.900958585232464,10.753194970241848,10.874093055725098,22238183
2016-04-25,10.900956699962784,10.97483913522049,10.753193110527192,10.880807876586914,11363262
2016-04-26,10.947974887607275,11.18305437020451,10.894242544249058,11.122605323791504,15390361
2016-04-27,11.10917044833898,11.250217334328678,11.089020344163394,11.149469375610352,11332157
2016-04-28,11.109171943425372,11.317384590275408,10.96812375737343,11.283801078796387,11757487
2016-04-29,11.156186077002213,11.196485004273583,11.095737045555257,11.149469375610352,16916569
2016-05-02,11.142754071484887,11.149470773719003,11.048722802367196,11.102455139160156,8255061
2016-05-03,10.746476753455603,10.773343560257574,10.14870375345026,10.269601821899414,28139880
2016-05-04,10.209153316434007,10.283035757886136,10.047956310512934,10.088255882263184,19281842
2016-05-06,10.081537817737864,10.215868637851186,9.953923058225302,10.141986846923828,14857149
2016-05-09,10.262884317974162,10.31661664629812,10.16213636250171,10.229301452636719,12809199
2016-05-10,10.336768978160485,10.491249295258795,10.316618870290258,10.464383125305176,10440932
2016-05-11,10.450948842404998,10.477815008455812,10.23601887345857,10.403932571411133,12093139
2016-05-12,10.411040008263312,10.531850768795033,10.304442597314056,10.354187965393066,14023437
2016-05-13,10.283122365405443,10.446571805153729,10.176524285903309,10.339974403381348,10567760
2016-05-17,10.19784453607436,10.32576128551058,9.956223030418501,10.062820434570312,18696393
2016-05-18,10.034394575556679,10.247590065002441,9.991755884305393,10.247590065002441,17656879
2016-05-19,10.375509051109637,10.474999797444875,10.311550326905623,10.361295700073242,14187065
2016-05-20,10.482105042211582,10.617128469977947,10.425253001285768,10.467891693115234,13931686
2016-05-23,10.446572771013068,10.574490207150598,10.382614052944305,10.496318817138672,8973172
2016-05-24,10.446572355727604,10.652661173684352,10.368400968823245,10.624235153198242,12232604
2016-05-25,10.68819427746788,10.880070431384295,10.68108760264213,10.844537734985352,12229129
2016-05-26,10.851643906093175,10.958241312612095,10.759259170836213,10.929815292358398,12333039
2016-05-27,10.872964053334517,10.944028770342294,10.75215328891848,10.901390075683594,10210486
2016-05-30,10.894283039513633,10.94402840754298,10.858750343322754,10.858750343322754,5188514
2016-05-31,10.894282385004903,10.922708404703862,10.809004325908028,10.91560173034668,19104255
2016-06-01,10.872962016406328,10.90849470711848,10.666873223551496,10.737937927246094,12734139
2016-06-02,10.70951499100185,10.77347371713663,10.574491540729461,10.595810890197754,13945963
2016-06-03,10.638448238669762,10.666874258451433,10.155205224651565,10.240483283996582,17260664
2016-06-06,10.290228058923587,10.403932809257821,10.204950004470211,10.283122062683105,8901038
2016-06-07,10.325761355675638,10.49631815229917,10.31154868463271,10.39682674407959,12313931
2016-06-08,10.311548171034605,10.439464914968756,10.283122152634824,10.325760841369629,10391252
2016-06-09,10.361293201916704,10.375506549526193,10.091245696903862,10.112565040588379,11684354
2016-06-10,10.041501892005247,10.041501892005247,9.821199714022804,9.8780517578125,18916304
2016-06-13,9.764346621897438,9.785666644326945,9.600897182983038,9.679068565368652,13879075
2016-06-14,9.579577801237988,9.650643191963052,9.423235026010515,9.465873718261719,22143296
2016-06-15,9.58668264287969,9.714600050635042,9.522723939002015,9.608002662658691,14780946
2016-06-16,9.416129002660014,9.572472466430801,9.387702979949857,9.5653657913208,16271935
2016-06-17,9.799880827773457,9.99175699288207,9.743028781310873,9.9277982711792,35621833
2016-06-20,10.219165786154942,10.432361311926805,10.19073976123402,10.375509262084961,13047501
2016-06-21,10.332867894282032,10.574489398404696,10.30444187483994,10.524744033813477,17979633
2016-06-22,10.538956657142554,10.766364811653759,10.460785273461768,10.695300102233887,13824281
2016-06-23,10.68819359107189,10.951134443170314,10.631341551576542,10.880069732666016,14495603
2016-06-24,9.59379057060156,10.304441723979453,9.409021108068167,9.66485595703125,45298678
2016-06-27,9.629324506883858,9.629324506883858,8.790755820772029,8.883140563964844,32943709
2016-06-28,9.131867730447475,9.16029374990437,8.698370086567593,8.705476760864258,30422964
2016-06-29,8.918673048904653,9.025270462036133,8.790755610963016,9.025270462036133,21338874
2016-06-30,9.025269905271609,9.046589251036758,8.847607109192522,8.93288516998291,24304862
2016-07-01,9.053697176385983,9.16740127314909,8.961312428333487,9.146081924438477,17722783
2016-07-04,9.181613618278433,9.181613618278433,8.911566079184386,8.96841812133789,7710005
2016-07-05,8.890246742891515,8.918672764000505,8.59887985709192,8.620199203491211,15096121
2016-07-06,8.52781339141504,8.584665426472762,8.229339868497135,8.456748008728027,22582636
2016-07-07,8.56334756259624,8.66994497731821,8.478069495272697,8.527814865112305,14757913
2016-07-08,8.485175597931113,8.634412387032581,8.428323552342919,8.534921646118164,19619224
2016-07-11,8.64862522964426,8.783648660558258,8.527814470428144,8.776542663574219,14250986
2016-07-12,8.66994447769394,9.046589422767068,8.598879764551164,8.925779342651367,21944570
2016-07-13,8.95420650712521,9.096336629294049,8.897354458257675,8.975525856018066,20781393
2016-07-14,9.067908102177752,9.273996891875896,9.039482085589377,9.210038185119629,23709900
2016-07-15,9.231359227164244,9.352169989332538,9.17450718352385,9.195826530456543,22789557
2016-07-18,9.224252552276742,9.345063314445033,9.12476181477096,9.195826530456543,12604601
2016-07-19,9.160294426591667,9.224252466797058,9.039483665542908,9.15318775177002,10150013
2016-07-20,9.202933059931034,9.337957169740857,9.138974342413729,9.32374382019043,9917452
2016-07-21,9.309529351367061,9.416126741499715,9.259783315272768,9.330848693847656,8138552
2016-07-22,9.273998599956375,9.423235383964126,9.266891925067952,9.35216999053955,12156154
2016-07-25,9.359277212139752,9.572472727137235,9.316637838048312,9.444555282592773,11623083
2016-07-26,9.409021091666062,9.579577205524298,9.302423689937104,9.508512496948242,11104461
2016-07-27,9.57247280096827,9.750135618548152,9.551152774893183,9.643537521362305,12708228
2016-07-28,9.700389493951837,9.721709519862488,9.423235934411982,9.444555282592773,15814325
2016-07-29,9.465873085175486,9.792772640733816,9.43034106991916,9.48719310760498,14040390
2016-08-02,9.273998156310828,9.302424176774862,8.840500497072073,8.918672561645508,23540219
2016-08-03,8.95420650712521,9.032377904885601,8.868927756094028,8.975525856018066,11623723
2016-08-04,9.067909327629204,9.224252101128828,9.06080265308928,9.11054801940918,9485625
2016-08-05,9.146080273725605,9.409021119466386,9.117654254665243,9.373488426208496,10142574
2016-08-08,9.487193045478874,9.615109790569438,9.47297969728562,9.501405715942383,8214913
2016-08-09,9.51561942855782,9.565364793679832,9.437447365960635,9.544045448303223,7671290
2016-08-10,9.458767177383285,9.572471253820238,9.458767177383285,9.529831886291504,6164102
2016-08-11,9.487193346607953,9.558258056640625,9.423234633167711,9.558258056640625,8287382
2016-08-12,9.522726605953075,9.643537374283229,9.522726605953075,9.615111351013184,5682855
2016-08-15,9.608003356111253,9.643535369514764,9.522724626299627,9.572470664978027,5596406
2016-08-16,9.480087981380663,9.522726677742245,9.380596560320543,9.444555282592773,8890363
2016-08-17,9.451660179959092,9.494298868299975,9.266890723202646,9.316636085510254,7247045
2016-08-18,9.380595712587676,9.401915058841817,9.217146261756255,9.295317649841309,7031982
2016-08-19,9.337957230753982,9.345063227845817,9.110548380569947,9.15318775177002,10275606
2016-08-22,9.153185783900929,9.259783172388719,9.117653095161774,9.167398452758789,6884061
2016-08-23,9.22425220307225,9.515619762861181,9.202932856946648,9.465873718261719,9907992
2016-08-24,9.444554959559902,9.806987254886337,9.409022261987339,9.735921859741211,14959074
2016-08-25,9.664856995138235,9.735921711471267,9.593791601075376,9.70749568939209,7406872
2016-08-26,9.721707755097363,9.806985810070003,9.657749044435448,9.785666465759277,7350079
2016-08-29,9.743027099408089,9.842518502407705,9.69328173677315,9.785666465759277,5027343
2016-08-30,9.806985452235407,9.977541555957485,9.778559434948393,9.93490219116211,7885302
2016-08-31,9.927795494641975,10.18362963217368,9.920688821389234,10.10545825958252,12752779
2016-09-01,10.105460611503181,10.318656114596378,9.970436499194566,10.034395217895508,14194836
2016-09-02,10.119672635789028,10.247590065002441,9.97754253540178,10.247590065002441,13946755
2016-09-05,10.240485005199432,10.276017705331238,10.140994258106234,10.190739631652832,8591476
2016-09-06,10.17652457646613,10.226270619412723,10.020181806433332,10.04860782623291,9134862
2016-09-07,9.99886256320511,10.091247304192263,9.870945802994285,10.05571460723877,13025822
2016-09-08,10.027288039311058,10.13388612436807,9.927797306533591,10.119672775268555,11379414
2016-09-09,10.16231131610839,10.325760751044927,10.12677862398705,10.283122062683105,16351073
2016-09-12,10.077032781982698,10.119671468314895,9.949115367526709,10.041500091552734,10880157
2016-09-13,10.112567125349285,10.1623131745082,9.949117660522461,9.949117660522461,11661209
2016-09-14,9.95622369741679,9.97043636931529,9.764347543813429,9.814093589782715,15166815
2016-09-15,9.785667399117246,9.899371483259207,9.721708682354942,9.821199417114258,9177560
2016-09-16,9.700387404236038,9.728813421596675,9.515618630256753,9.572470664978027,26209210
2016-09-19,9.643536159718607,9.66485618278336,9.536938755313917,9.579577445983887,8240177
2016-09-20,9.458767741385264,9.5653651499686,9.352169655072133,9.430341720581055,11034994
2016-09-21,9.657749266006636,9.671961936629947,9.472979803795338,9.508512496948242,10412157
2016-09-22,9.60089746904864,9.679068853763427,9.536938755313917,9.579577445983887,12098306
2016-09-23,9.636430973278383,9.650643645453384,9.508513535054256,9.551152229309082,7924537
2016-09-26,9.480086215147653,9.480086215147653,9.20293202951448,9.28110408782959,15320928
2016-09-27,9.31663649786466,9.423234578894364,9.089228342702246,9.188719749450684,15486526
2016-09-28,9.252678808128545,9.387702235867183,9.245572133581831,9.266891479492188,9047900
2016-09-29,9.373489744392174,9.401915767450054,9.202933606044882,9.259785652160645,11403907
2016-09-30,9.039482100227051,9.423233663656376,8.840499306056516,9.4019136428833,23755789
2016-10-03,9.366381844082289,9.508511930497027,9.302423135763231,9.41612720489502,8828574
2016-10-04,9.423234781386894,9.615110246995885,9.387702086946776,9.586684226989746,14904116
2016-10-05,9.629323650059368,9.792773096582142,9.579577606471313,9.764347076416016,11920299
2016-10-06,9.80698640159243,9.913583807305374,9.686175646995215,9.743027687072754,10626721
2016-10-07,9.73592060305451,9.799879314883535,9.608003857126207,9.679068565368652,10412291
2016-10-10,9.600897288904898,9.721708039752624,9.472979863835599,9.686175346374512,10433681
2016-10-11,9.693283718109766,9.757241764115165,9.664857693975188,9.671963691711426,10030762
2016-10-12,9.65775087207903,9.700389568769477,9.615111497658718,9.643537521362305,10271602
2016-10-13,9.551150904574307,9.558257578541031,9.281104071136095,9.316636085510254,13556394
2016-10-14,9.37348883281989,9.558258303592206,9.34506281252644,9.437447547912598,10884663
2016-10-17,9.387701622624498,9.472979678425002,9.309530240906472,9.345062255859375,10980369
2016-10-18,9.41612845714096,9.508513195029165,9.409021782442682,9.472980499267578,12814233
2016-10-19,9.465873472531213,9.63643027029782,9.416128106952915,9.586684226989746,12366616
2016-10-20,9.643537332745769,9.657750683184497,9.46587451864077,9.593791961669922,13508652
2016-10-21,9.62932300567627,9.664855697938563,9.565364295150085,9.62932300567627,9642479
2016-10-24,9.657749732510453,9.821199180087348,9.657749732510453,9.750134468078613,11222756
2016-10-25,9.806986186752484,9.856731551298124,9.6932821090883,9.728814125061035,11393466
2016-10-26,9.671963139656565,9.75013520986217,9.608005097301756,9.735921859741211,10311384
2016-10-27,9.771455600676513,9.906479052593792,9.671964172395949,9.899373054504395,14552884
2016-10-28,9.949115925197159,10.204950090719523,9.84962452196248,10.133885383605957,22255536
2016-10-31,10.055715078650403,10.112567125349285,9.906478286633371,9.949117660522461,15806450
2016-11-01,9.927799246771214,10.027289998992638,9.771455764770508,9.771455764770508,17933129
2016-11-02,9.63643011872526,9.643536115317692,9.444553978404537,9.558258056640625,16932816
2016-11-03,9.494299739005786,9.643536517344588,9.458767721373048,9.465873718261719,20169431
2016-11-04,9.387702330647983,9.41612835139205,9.217146206183578,9.465873718261719,21299995
2016-11-07,9.522725523474957,9.764347032669388,9.515619526762597,9.743027687072754,17299950
2016-11-08,9.764347375043277,9.85673211284107,9.700388658280973,9.821199417114258,11757422
2016-11-09,9.37348818675888,9.97754192352295,9.366382190472631,9.97754192352295,24933519
2016-11-10,10.133886517925704,11.057733235649208,10.133886517925704,10.844537734985352,54718244
2016-11-11,10.94402821972685,11.043519631807929,10.837430810713391,10.965348243713379,33246116
2016-11-14,11.07194537100963,11.569401741027832,11.07194537100963,11.569401741027832,35617074
2016-11-15,11.569403037254299,11.5978283829049,11.278035450442275,11.491230964660645,26145469
2016-11-16,11.49833586610268,11.604933267902272,11.349099096945398,11.363311767578125,16035358
2016-11-17,11.263821039959772,11.46280249519648,11.242501017416052,11.363311767578125,13828566
2016-11-18,11.469910431232565,11.505443806047948,11.356206342742649,11.420165061950684,21085219
2016-11-21,11.40595091832262,11.413057592791167,11.235395475185957,11.256714820861816,11196894
2016-11-22,11.341992968959408,11.405951006481333,11.26382158239053,11.29935359954834,7963367
2016-11-23,11.341992073777734,11.341992073777734,11.06483788880501,11.285140037536621,11579933
2016-11-24,11.24250185578666,11.377525964380169,11.178543138845503,11.356205940246582,8271940
2016-11-25,11.349100006660072,11.377526027933838,11.285141289361649,11.34199333190918,7244358
2016-11-28,11.299354021033924,11.313567370611057,11.17143726348877,11.17143726348877,8328592
2016-11-29,11.100371117224825,11.256714563306797,11.064838423424863,11.221181869506836,10835817
2016-11-30,11.100372634881943,11.51255099049338,11.093265959604365,11.491230964660645,13464078
2016-12-01,11.427269717627418,11.512548446655273,11.356204336014105,11.512548446655273,14318155
2016-12-02,11.370420161825113,11.434378883672156,11.221183370091964,11.313568115234375,10966056
2016-12-05,11.178543018031382,11.47701657537777,11.12169097641586,11.448591232299805,11633617
2016-12-06,11.583614641037272,11.953153610229492,11.484123901431545,11.953153610229492,21630796
2016-12-07,12.081069761987639,12.379543304443361,12.073963087707796,12.37954330444336,25910571
2016-12-08,12.379542974946776,12.599844449920175,12.294264241318,12.457715034484863,18506785
2016-12-09,12.471926878845222,12.514566922882123,12.088175970729408,12.137921333312988,16332189
2016-12-12,12.123709101057845,12.237413184701607,11.974472999572754,11.974472999572754,12503241
2016-12-13,11.946046935191989,11.988686985417015,11.832342845511254,11.953153610229492,12981352
2016-12-14,11.960258307496886,11.974471655221551,11.725743491877711,11.77548885345459,17193686
2016-12-15,11.82523535170373,11.946046108057129,11.775489985345198,11.924727439880371,22006844
2016-12-16,11.867876287277882,11.910514982282445,11.761277516576962,11.782597541809082,24897718
2016-12-19,11.796810380873266,11.874981092418315,11.683106295480817,11.711531639099121,11645789
2016-12-20,11.69021318207921,11.73995855090735,11.661786482486193,11.72574520111084,13966778
2016-12-21,11.747063949174496,11.84655467601846,11.661785215122888,11.704423904418945,10608626
2016-12-22,11.654679955826461,11.704425325287325,11.555189216904736,11.597827911376953,10254894
2016-12-23,11.548081643773935,11.640465700521924,11.341992829240393,11.427270889282227,9116603
2016-12-27,11.448591424177327,11.540975485053554,11.448591424177327,11.498336791992188,3319644
2016-12-28,11.484124183654785,11.583614925705504,11.384633441604066,11.484124183654785,6269608
2016-12-29,11.441485487841577,11.45569883826588,11.327780717636704,11.484124183654785,7606893
2016-12-30,11.292247858257277,11.41305793924093,11.221182466874138,11.33488655090332,6754750
2017-01-03,11.491229490545491,11.93183381301589,11.491229490545491,11.867875099182129,16667802
2017-01-04,12.045537705900824,12.201880473157683,12.038431031644668,12.166348457336426,20663781
2017-01-05,12.130814989809686,12.173453679548803,11.995790890933055,12.059749603271484,12338081
2017-01-06,12.052645151596687,12.109498555678703,11.931835734301679,12.081071853637695,9489850
2017-01-09,12.095284185348158,12.145029554267955,11.83944931037818,11.938940048217773,8834052
2017-01-10,11.853662049885505,11.946046108057129,11.683105927173576,11.924727439880371,13745741
2017-01-11,11.967366769394678,12.017112138403975,11.85366268152781,11.90340805053711,11366866
2017-01-12,11.974472503751883,12.045537891951565,11.825235052986596,11.867875099182129,11418311
2017-01-13,11.938939618768226,12.344011941386588,11.938939618768226,12.322691917419434,17946929
2017-01-16,12.208987804332851,12.208987804332851,11.995791631555479,12.1094970703125,9010371
2017-01-17,12.010005103548124,12.152135886851967,11.938939711896204,12.017111778259277,11841115
2017-01-18,11.938938068385871,11.946044742118723,11.661784570101805,11.761275291442871,14698543
2017-01-19,11.789703229118361,12.002898041738904,11.789703229118361,11.917620658874512,11098035
2017-01-20,11.889193659924846,11.96025904748558,11.761276233407429,11.86076831817627,15936783
2017-01-23,11.761277007025866,11.768383681795346,11.604934228476154,11.711531639099121,8833592
2017-01-24,11.796810721138854,12.03843224843201,11.796810721138854,11.946046829223633,10818182
2017-01-25,12.066856442655821,12.258732582297723,11.98868573630727,12.244519233703613,11871874
2017-01-26,12.25873392229538,12.429290057689547,12.095284461975098,12.095284461975098,12895279
2017-01-27,11.874981263019322,11.910514637377211,11.441484939530177,11.54808235168457,25379835
2017-01-30,11.548081731900986,11.71153117879606,11.46990966796875,11.46990966796875,16924924
2017-01-31,11.469908268510084,11.654677716331683,11.299352167934623,11.349098205566406,16518507
2017-02-01,11.33488640118603,11.391739120179478,11.143010931353631,11.3064603805542,21942823
2017-02-02,11.299352948323794,11.35620498577543,11.121690161854993,11.164329528808594,14775858
2017-02-03,11.206970047223649,11.413058195863073,11.100371957752088,11.3704195022583,14648995
2017-02-06,11.341993628448726,11.42727169449964,11.214076190507443,11.242502212524414,11900582
2017-02-07,11.249607889000853,11.3917386642007,11.19275585001282,11.221181869506836,16690434
2017-02-08,11.256713498900698,11.363310892491242,11.036411360355954,11.21407413482666,18088758
2017-02-09,11.270927876901641,11.356205940246582,11.235395858805267,11.356205940246582,10595929
2017-02-10,11.413057982476543,11.427271331898934,11.178543138845503,11.356205940246582,9338088
2017-02-13,11.341994097043589,11.370420120234982,11.214076653817392,11.292248725891113,7986728
2017-02-14,11.334887398787652,11.356206746705427,11.199863958335282,11.327780723571777,11199448
2017-02-15,11.363312366995855,11.548081839076223,11.356205692439737,11.47701644897461,11297309
2017-02-16,11.455698844267973,11.498337540103522,11.270928677304479,11.327780723571777,9631240
2017-02-17,11.327779488331485,11.398845555010968,11.128797348093995,11.235395431518555,17597426
2017-02-20,11.356206003681159,11.427271395730475,11.292247964112542,11.34199333190918,7160545
2017-02-21,11.3277799191316,11.413057982476543,11.221182509382876,11.356205940246582,8841703
2017-02-22,11.349099850736158,11.405951214772807,11.100371659710603,11.15722370147705,11985099
2017-02-23,11.093263840270609,11.19986191587949,11.071944496240725,11.107477188110352,10527758
2017-02-24,11.079052263558655,11.121690955826462,10.851644097517564,10.979560852050781,13347423
2017-02-27,10.922707755287512,11.015092483248779,10.872962393204418,10.972453117370605,9899992
2017-02-28,11.007986130943017,11.043518823924726,10.908495403869932,10.993773460388184,10367813
2017-03-01,11.100370182119654,11.548080459732223,11.086157512434816,11.512548446655273,19027128
2017-03-02,11.477015280954316,11.519653968492097,11.427269919583662,11.462801933288574,11437787
2017-03-03,11.242501798954166,11.711531483845228,11.235395802008695,11.526762008666992,18982358
2017-03-06,11.320672448307041,11.455696539321707,11.278033083320906,11.384631156921387,12656212
2017-03-07,11.320673623118767,11.349099643482884,11.242501558820104,11.29935359954834,13232266
2017-03-08,11.263822743899944,11.484124255006588,11.249609393387333,11.313568115234375,16581960
2017-03-09,11.235395737376699,11.533868616993292,11.235395737376699,11.448591232299805,16483424
2017-03-10,11.420165567344569,11.633361759292795,11.420165567344569,11.491230964660645,15168130
2017-03-13,11.462802056792075,11.505442100248711,11.356204659069387,11.43437671661377,11143193
2017-03-14,11.384632639091365,11.420164657187739,11.320673922150208,11.356205940246582,13146119
2017-03-15,11.384633546416389,11.569403037254299,11.384633546416389,11.491230964660645,15995119
2017-03-16,11.477016342458914,11.55518840639115,11.413057627507005,11.46990966796875,13960742
2017-03-17,11.44859103874755,11.56229512005629,11.384632323578938,11.398845672607422,30085175
2017-03-20,11.27092870020018,11.313568073852196,11.192757305856311,11.292248725891113,13955327
2017-03-21,11.270927341294025,11.498336177136936,11.199862630748552,11.228288650512695,15340813
2017-03-22,11.135903644682497,11.135903644682497,10.922708162797093,11.036412239074707,25274723
2017-03-23,11.06483968077519,11.086159706115723,10.96534894010541,11.086159706115723,18437380
2017-03-24,11.057731413715883,11.086157430605446,10.979559358972303,11.04351806640625,13460519
2017-03-27,10.908495085147939,10.979559791305256,10.737938299364977,10.972453117370605,13656344
2017-03-28,11.0150943104403,11.114585728839923,10.922709567154188,11.086159706115723,12681238
2017-03-29,11.164328774848366,11.278032842072866,11.093263393968204,11.21407413482666,12925413
2017-03-30,11.228289141558413,11.349099900271867,11.214075792189865,11.33488655090332,12311123
2017-03-31,11.320673502583038,11.434377582828855,11.292247482521583,11.391738891601562,13097936
2017-04-03,11.370418749333409,11.391738772453843,11.178542607628117,11.228288650512695,13080255
2017-04-04,11.19275739506854,11.249609441904466,11.114586000101603,11.178544044494629,15054434
2017-04-05,11.221183335430796,11.327780753026694,11.135905265808105,11.135905265808105,19802463
2017-04-06,11.029306841167156,11.150116920471191,10.92270875557448,11.150116920471191,12291369
2017-04-07,11.079051428156554,11.157222809906315,11.043518735459484,11.143010139465332,14228539
2017-04-10,11.221182865444142,11.256715562397812,11.157224146473501,11.242502212524414,9592804
2017-04-11,11.192756397013529,11.242501764126722,11.079052313480636,11.15722370147705,9173921
2017-04-12,11.206968171818522,11.313565565721964,11.0221987231715,11.04351806640625,9583803
2017-04-13,11.007986872805917,11.01509354742715,10.8800701182727,10.979560852050781,12723123
2017-04-18,11.007987793441936,11.007987793441936,10.752153585249411,10.801898956298828,14390549
2017-04-19,10.823217356355688,11.000880154807199,10.809004684899058,10.95824146270752,10209219
2017-04-20,10.915602389585816,11.043519824821487,10.88717636817009,11.015093803405762,11437703
2017-04-21,11.050625907686566,11.157223312853247,11.00798653898203,11.057732582092285,12936739
2017-04-24,11.34909955737256,11.754171191650016,11.334886208433451,11.604933738708496,25963758
2017-04-25,11.63336050915111,11.825235299187678,11.548081770444082,11.747064590454102,13580068
2017-04-26,11.732850891658853,11.924727031434978,11.7186375430548,11.86076831817627,12953231
2017-04-27,11.832344055175781,11.910516133120485,11.7257466296347,11.832344055175781,14617015
2017-04-28,12.180562599861707,12.344013425677986,12.017113129505185,12.081071853637695,24324555
2017-05-02,12.159239768981934,12.187665105838565,12.024215691399876,12.159239768981934,17151282
2017-05-03,12.15213539032276,12.258732795715332,12.11660201821887,12.258732795715332,16613056
2017-05-04,12.258733286446171,12.365330696105957,12.187667894853114,12.365330696105957,12016270
2017-05-05,12.315585328628696,12.429289412993748,12.152135876786387,12.365330696105957,17098368
2017-05-08,12.010004239332597,12.073962951671026,11.903406837255051,12.059749603271484,17785109
2017-05-09,12.095283313944295,12.180560695817388,12.0313245998097,12.045537948608398,13998516
2017-05-10,11.995791190475915,12.137921967101414,11.995791190475915,12.116601943969727,10172454
2017-05-11,12.166349794975622,12.187668464628466,11.924728265539143,11.953153610229492,12294709
2017-05-12,11.910514915464134,12.059751024872723,11.775490800670886,11.953153610229492,18422497
2017-05-15,11.967366382747711,12.010005075455284,11.775490232374226,11.803916931152344,16881665
2017-05-16,11.54808235168457,11.61914774494071,11.512550332786317,11.54808235168457,33628311
2017-05-17,11.505443094350422,11.569401809602132,11.214075538455987,11.29935359954834,24691564
2017-05-18,11.242501277437931,11.263821300474753,11.00087977152545,11.206969261169434,23481386
2017-05-19,11.292247858257277,11.384632595963437,11.24250181319716,11.33488655090332,18317289
2017-05-22,11.398846009070441,11.462803370667332,11.278034571951649,11.320673942565918,11259734
2017-05-23,11.334886890266782,11.427271630738916,11.25671549958874,11.413058280944824,10963788
2017-05-24,11.398845599313633,11.413057592791167,11.24960814639327,11.256714820861816,11085863
2017-05-26,11.292247622280946,11.313566968158455,11.107478150729792,11.263821601867676,13306401
2017-05-29,11.228288887502938,11.306460274071815,11.135904151887111,11.29935359954834,5880469
2017-05-30,11.221183335430796,11.270928706611567,11.071946544158624,11.135905265808105,13015504
2017-05-31,11.114584698967123,11.128797370147364,10.929815229515562,10.9440279006958,16725462
2017-06-01,10.96534759227699,11.107477688427776,10.887175531096737,11.022199630737305,14700780
2017-06-02,11.15011589935849,11.192755265236661,10.922707755287512,10.972453117370605,12967290
2017-06-06,10.972453940033072,11.000879960173192,10.894282554080187,10.908495903015137,11364244
2017-06-07,10.929815590995865,11.079052370837848,10.887176220585383,10.98666763305664,10151721
2017-06-08,11.015094165079903,11.029307515119358,10.823218005926257,10.901390075683594,13435716
2017-06-09,10.91560228425779,11.07194573940058,10.844537570269106,11.007987022399902,11528950
2017-06-12,11.015092805085308,11.043518823924726,10.86585603674593,10.993773460388184,16176537
2017-06-13,11.022199584492357,11.214075044058445,10.993773565381465,11.192755699157715,14603132
2017-06-14,11.235396494850235,11.256715842460926,11.0150943104403,11.086159706115723,17103815
2017-06-15,11.107477188110352,11.128796532140237,10.972453094551716,11.107477188110352,13459831
2017-06-16,11.164328774848366,11.341991549319074,11.107476741236116,11.21407413482666,41297127
2017-06-19,11.299353619086926,11.37752568352076,11.221182232382876,11.263821601867676,10549098
2017-06-20,11.349098943832649,11.370418288358994,11.143010139465332,11.143010139465332,10521406
2017-06-21,11.128797829300053,11.192756546574389,11.022200418996029,11.185649871826172,11878216
2017-06-22,11.206968200162047,11.206968200162047,11.057731441681973,11.199861526489258,9547297
2017-06-23,11.150116619462349,11.221182007938982,11.043519214477168,11.09326457977295,9028129
2017-06-26,11.228288240374122,11.26382093321383,11.150116180580811,11.164329528808594,10761343
2017-06-27,11.17854334784738,11.405951521019006,11.128797979398541,11.3704195022583,14299253
2017-06-28,11.363312352010007,11.576508522033691,11.334886331552807,11.576508522033691,18904664
2017-06-29,11.654680380932135,11.789704499722106,11.62625503540039,11.62625503540039,17262813
2017-06-30,11.633360987699978,11.704425024842957,11.505443552107222,11.540975570678711,11470969
2017-07-03,11.597827291568102,11.960259563862053,11.597827291568102,11.93183422088623,14472364
2017-07-04,11.867875607303077,12.010005034328147,11.839448908622304,11.874980926513672,8869263
2017-07-05,11.839448908622304,11.960259667096393,11.775490192050164,11.874980926513672,12364463
2017-07-06,11.874980926513672,11.967366341766585,11.761276842709776,11.874980926513672,14957986
2017-07-07,11.86076786535096,11.967365264892578,11.86076786535096,11.967365264892578,10216191
2017-07-10,12.010003518834498,12.059748879789089,11.924726144472181,12.038430213928223,12514219
2017-07-11,12.045537323770853,12.137921375251063,11.967365264892578,11.967365264892578,11549300
2017-07-12,11.974473422774517,12.073964160614112,11.889194679297978,11.938940048217773,11184498
2017-07-13,11.91051354693929,12.06685631342151,11.91051354693929,11.988685607910156,8997797
2017-07-14,11.988685501061902,12.137921591993123,11.882086744157316,11.981578826904297,11046995
2017-07-17,12.010005845071808,12.017112520221742,11.89630175359224,12.002899169921875,6903742
2017-07-18,11.924727439880371,12.03132484714288,11.867875398976393,11.924727439880371,11110211
2017-07-19,11.967365885675108,12.130815330481493,11.903407171540515,12.045537948608398,13374798
2017-07-20,12.052643355040235,12.145028767442863,12.010004663794167,12.088176727294922,9656816
2017-07-21,12.095284877811677,12.109498228448098,11.81812996224034,11.846556663513184,12029166
2017-07-24,11.93893812100843,12.116600898734506,11.896299433882811,12.073962211608887,12352696
2017-07-25,12.07396353686776,12.35822374133848,12.07396353686776,12.27294635772705,13512137
2017-07-26,12.230305130454203,12.365329222847704,12.223199812055098,12.29426383972168,9087732
2017-07-27,12.251626611740905,12.37954404551649,12.16634922619692,12.365330696105957,9654478
2017-07-28,12.095281816680853,12.116600481780337,11.83234031829241,12.010003089904785,22158083
2017-07-31,12.045539030257382,12.08817772502274,11.882088215314116,11.953153610229492,13604356
2017-08-02,12.045537628221798,12.045537628221798,11.93893887052642,12.02421760559082,10098110
2017-08-03,12.010003518834498,12.073962227335949,11.974471505426772,12.038430213928223,7179821
2017-08-04,12.04553896458289,12.15924305364369,11.96736689505622,12.123709678649902,10813258
2017-08-07,12.095283824134633,12.137922516869718,11.967366390469769,12.052643775939941,6520978
2017-08-08,12.05974962118294,12.07396296960359,11.974472241578049,12.02421760559082,6487215
2017-08-09,11.910512401399307,11.910512401399307,11.711529608729373,11.839447021484375,10339965
2017-08-10,11.796808660107123,11.938938068385871,11.761275291442871,11.761275291442871,8711165
2017-08-11,11.654678130466037,11.711530166011356,11.555187407126589,11.640464782714844,8853401
2017-08-14,11.711533278106607,11.85366408246792,11.711533278106607,11.832344055175781,7523532
2017-08-15,11.839450730939829,11.896302781592393,11.732853305398747,11.832344055175781,6681672
2017-08-16,11.867875647943505,11.89630099126202,11.803916931152344,11.803916931152344,5333798
2017-08-17,11.711531515583065,11.711531515583065,11.555188738682226,11.803916931152344,11879908
2017-08-18,11.498334869955803,11.533866882324219,11.39884415095673,11.533866882324219,9520087
2017-08-21,11.491229924646548,11.54808196626207,11.391739190684282,11.448591232299805,9307822
2017-08-22,11.548080663823578,11.555187337656449,11.384631232045878,11.462801933288574,9023937
2017-08-23,11.42727004270433,11.491228752429834,11.306459297162764,11.43437671661377,9833407
2017-08-24,11.441484557665415,11.484123250012159,11.391739190684282,11.448591232299805,7513348
2017-08-25,11.427270889282227,11.526761620466145,11.413057540410366,11.427270889282227,7117699
2017-08-28,11.37752628326416,11.413058302356408,11.349100261352469,11.37752628326416,4198095
2017-08-29,11.299352948323794,11.299352948323794,11.064838124403357,11.164329528808594,13614530
2017-08-30,11.256714714257201,11.299353405205121,11.192756000105549,11.249608039855957,9273931
2017-08-31,11.334886055195788,11.356205400586452,11.199862630748552,11.228288650512695,11538962
2017-09-01,11.235395324886174,11.278034015667503,11.17143661098441,11.228288650512695,0
2017-09-04,11.143011029900338,11.185649722360274,11.128797680593827,11.15722370147705,6643072
2017-09-05,11.185649071878272,11.221181765348408,11.015092956497325,11.022199630737305,10333021
2017-09-06,10.965347848007266,11.114584621878485,10.91560180489701,11.057732582092285,11893463
2017-09-07,11.114584451772734,11.114584451772734,10.936921660727497,11.064838409423828,12151107
2017-09-08,11.00087986457631,11.15011663844753,10.986667193494648,11.057732582092285,11175285
2017-09-11,11.150115427580454,11.242500151632786,11.128796084408286,11.21407413482666,13475009
2017-09-12,11.228289582056407,11.469910431232565,11.19986355993393,11.420165061950684,13991328
2017-09-13,11.377525735638658,11.491229817812595,11.37041906107034,11.441484451293945,11939815
2017-09-14,11.398845022220797,11.484122400606877,11.391738348112042,11.455697059631348,8313297
2017-09-15,11.413057220501377,11.441483917448297,11.356205182067056,11.405950546264648,24960565
2017-09-18,11.477017508442634,11.484124183654785,11.420165462205123,11.484124183654785,7071642
2017-09-19,11.477017147489292,11.64046660584917,11.477017147489292,11.597827911376953,10998871
2017-09-20,11.519655333991722,11.583614050609556,11.484123316074967,11.526762008666992,7447950
2017-09-21,11.612041113658051,11.73995855090735,11.576509094626422,11.72574520111084,14618438
2017-09-22,11.704423180675724,11.725743201735176,11.626252481043222,11.683104515075684,8283491
2017-09-25,11.626253888401346,11.683105929315747,11.540975149299957,11.576508522033691,8800410
2017-09-26,11.519655227661133,11.604933967517626,11.50544323390137,11.519655227661133,7208450
2017-09-27,11.533866866423239,11.768381671925876,11.533866866423239,11.668890953063965,11789619
2017-09-28,11.711529006463827,11.796807729068162,11.640463630203433,11.690210342407227,10210892
2017-09-29,11.668891243834656,11.761275291442871,11.604932535698422,11.761275291442871,9999174
2017-10-02,11.796810256457814,11.853662298554447,11.761276882985168,11.803916931152344,9524230
2017-10-03,11.832341727352519,11.896300441186279,11.818128378620674,11.867875099182129,6951975
2017-10-04,11.8820867894116,11.889193463596273,11.697317326988635,11.811022758483887,9435323
2017-10-05,11.768383310799754,11.924727439880371,11.75417131716844,11.924727439880371,11016250
2017-10-06,11.924728075309513,11.988686794167082,11.85366268152781,11.90340805053711,10103055
2017-10-09,11.931834537309285,11.960259881038928,11.839449120403803,11.88919448852539,6153025
2017-10-10,11.874981244948959,11.931834643835066,11.84655590096554,11.89630126953125,6504995
2017-10-11,11.931833705737004,11.96025904748558,11.818128272364111,11.86076831817627,6229164
2017-10-12,11.853662975647664,11.960260391235352,11.811024280504526,11.960260391235352,11667266
2017-10-13,11.98157976016312,12.052643796355435,11.931834392644657,12.017111778259277,12454268
2017-10-16,11.98158031037951,12.017112330107365,11.910514915464134,11.953153610229492,6486079
2017-10-17,12.010003089904785,12.066855122602371,11.96736440424644,12.010003089904785,6987456
2017-10-18,11.995792893225806,12.073964967011966,11.953154196369598,12.066858291625977,7734572
2017-10-19,12.052642857561354,12.066856205876565,11.917620114945345,11.981578826904297,7630398
2017-10-20,12.059749698953617,12.166348457336426,12.002897660363892,12.166348457336426,11195660
2017-10-23,12.152135934710312,12.194774627685547,12.11660256101461,12.194774627685547,6032727
2017-10-24,12.159243851928336,12.258734597523434,12.152137176463008,12.251627922058105,9087084
2017-10-25,12.22320091905,12.31558497665899,12.11660215697712,12.130815505981445,9018096
2017-10-26,12.116600651034103,12.27294475973093,12.088175312017933,12.230304718017578,12373674
2017-10-27,12.372436153678061,12.507460248875974,12.059749274704808,12.137921333312988,20272682
2017-10-30,12.052642857561354,12.102389576664594,11.97447215274669,11.981578826904297,10927495
2017-10-31,11.98158089791356,12.116603663868174,11.967367547141578,12.066858291625977,8668325
2017-11-01,12.088176318024242,12.10949634065522,11.981578915788376,12.02421760559082,9521923
2017-11-02,11.974473236896841,12.201881408691406,11.974473236896841,12.201881408691406,10234857
2017-11-03,12.201880895543512,12.201880895543512,12.102390163432359,12.130815505981445,7792723
2017-11-06,12.095282248656241,12.109495596203104,11.988684852973632,12.038430213928223,7063685
2017-11-07,12.081068901109381,12.116600914517107,12.038430213928223,12.038430213928223,6075658
2017-11-08,12.0313245998097,12.045537948608398,11.917620520339211,12.045537948608398,10159760
2017-11-09,12.045537538863249,12.137921591993123,11.938938781958662,11.981578826904297,8689178
2017-11-10,12.095283401745858,12.145028767442863,12.031324687146979,12.088176727294922,12380322
2017-11-13,12.081069643813917,12.123708333616362,11.93893887052642,12.02421760559082,7956606
2017-11-14,12.024217623555362,12.088176336084342,11.953152236805439,11.988685607910156,6865430
2017-11-15,11.938940048217773,11.953153398040472,11.704425197981841,11.938940048217773,11199081
2017-11-16,11.946045862477062,12.109496662742991,11.92472719473856,12.045537948608398,8808727
2017-11-17,12.002899568611797,12.095284993169937,11.946047520983607,12.066858291625977,11092383
2017-11-20,11.974471505426772,12.088175574882811,11.96736483165334,12.038430213928223,7106394
2017-11-21,12.024218432603085,12.145029191568833,11.995791733806625,12.052643775939941,8019132
2017-11-22,12.038429783983267,12.109495163720094,12.010003089904785,12.010003089904785,6891421
2017-11-23,11.974473085451967,12.052643796355435,11.924727717933504,12.017111778259277,4963244
2017-11-24,12.002896845061068,12.066855553562519,11.988684852973632,12.038430213928223,5936905
2017-11-27,12.00289887355969,12.045538923406474,11.924728159759896,11.946046829223633,8310049
2017-11-28,11.924728265539143,11.995792304994852,11.882088215314116,11.953153610229492,8036071
2017-11-29,12.073963378393046,12.159242116344737,12.038431361597915,12.088176727294922,13710189
2017-11-30,12.073962211608887,12.208986302209341,12.059748864080538,12.073962211608887,15691549
2017-12-01,12.024217925410353,12.166348702478237,12.017111251011004,12.045537948608398,14550100
2017-12-04,12.216095524434229,12.258734220454919,12.145030127426606,12.15213680267334,10669183
2017-12-05,12.180562599861707,12.25873467501472,12.052645151596687,12.081071853637695,9247105
2017-12-06,11.96026047448196,12.024219195371677,11.924728454191976,12.002899169921875,7355821
2017-12-07,11.981578163593474,12.073962211608887,11.95315146853678,12.073962211608887,9823764
2017-12-08,12.095284790137448,12.379545023506779,12.095284790137448,12.32979965209961,18991361
2017-12-11,12.336904057351097,12.507460165990027,12.336904057351097,12.479033470153809,15136881
2017-12-12,12.507462478301765,12.564314525025239,12.450610431578289,12.542994499206543,9832452
2017-12-13,12.514567328308923,12.713548785089525,12.4861406313634,12.685123443603516,11358810
2017-12-14,12.57142050116262,12.791722000531973,12.528780451896575,12.734869956970215,14298269
2017-12-15,12.699337391910403,12.798828125,12.635378676221498,12.798828125,30460851
2017-12-18,12.82014695621849,12.940956346327285,12.798826934485463,12.919637680053711,14655898
2017-12-19,12.905425919169659,12.948064612419401,12.877000575489705,12.898319244384766,11851832
2017-12-20,12.898318320290702,12.962277033312832,12.763294219970703,12.763294219970703,9144340
2017-12-21,12.734869041241396,12.962277199136137,12.713549018141437,12.948063850402832,10119284
2017-12-22,12.89831841588976,12.948063780729111,12.862786399707232,12.869893074035645,6122327
2017-12-27,12.841466388868369,12.926745125430445,12.770401000976562,12.770401000976562,6798487
2017-12-28,12.78461660054777,12.798829951720487,12.727764551316676,12.75619125366211,4217630
2017-12-29,12.749082565307617,12.78461458217,12.720655867450064,12.749082565307617,5904769
2018-01-03,12.873443589133997,13.036893005083023,12.820145573738083,13.026233673095703,14017613
2018-01-04,13.075981440654447,13.164812838152724,13.015576740976204,13.132833480834961,11245984
2018-01-05,13.211005367358293,13.282070755496578,12.972936520413969,13.047555923461914,11882537
2018-01-08,13.097301676314846,13.14704704284668,13.012022936932004,13.14704704284668,9340831
2018-01-09,13.132835888773005,13.203901290893556,13.118622537256934,13.203901290893555,8171418
2018-01-10,13.207452149426661,13.246538183034266,13.125727422546952,13.211006164550781,10374375
2018-01-11,13.182577238878332,13.314048667073056,13.136385893743379,13.289175987243652,10172332
2018-01-12,13.36024167241192,13.452627085080842,13.232325598305014,13.427754402160645,12012666
2018-01-15,13.438412888774105,13.481051577454476,13.399326859375648,13.434860229492188,5404718
2018-01-16,13.3815628689112,13.466841614584597,13.349583508716135,13.36024284362793,8779652
2018-01-17,13.260752572257406,13.314051959620935,13.196793849605061,13.253645896911621,10445530
2018-01-18,13.441966156699971,13.498818190268345,13.402880129473077,13.466838836669922,11197702
2018-01-19,13.48815995434597,13.768867514138067,13.466841285044058,13.733335494995117,19017919
2018-01-22,13.715567149178064,13.786632537841797,13.278516838766498,13.786632537841797,21043001
2018-01-23,13.857697566657382,14.046019689585425,13.822165550977964,13.918102264404297,17380828
2018-01-24,13.928763637747732,13.996275013039034,13.807952880859375,13.807952880859375,10545812
2018-01-25,13.78663417421803,13.839933560906978,13.662270745890098,13.694250106811523,10865437
2018-01-26,13.729782198544328,13.921658365063916,13.71201618804282,13.754654884338379,9832596
2018-01-29,13.839934110773962,13.90744549519714,13.633844586545688,13.64805793762207,9001928
2018-01-30,13.619631033554612,13.67648307589948,13.530799632674531,13.552118301391602,9558589
2018-01-31,13.537906165860468,13.623184914754367,13.43130874633789,13.43130874633789,13806351
2018-02-01,13.537905068433963,13.640949819651862,13.491713715509762,13.541459083557129,9202016
2018-02-02,13.509479329605048,13.60541740323012,13.452627288433847,13.459733963012695,8848161
2018-02-05,13.23232727667732,13.260752622708884,13.09374914009686,13.118621826171875,15780625
2018-02-06,12.52522772742523,12.933852720291041,12.436396325103066,12.59273910522461,21186990
2018-02-07,12.685125279395077,12.884106764972284,12.621166557471057,12.855681419372559,16529905
2018-02-08,12.841467694845514,12.905426414906788,12.443503379821777,12.443503379821777,12597976
2018-02-09,12.47192869579303,12.514568746041862,12.145029776643337,12.248074531555176,18290721
2018-02-12,12.521674500121305,12.567865851304022,12.340457688541338,12.425736427307129,11293703
2018-02-13,12.407967910539542,12.457714627549368,12.276497832805035,12.29426383972168,9532882
2018-02-14,12.418628889605102,12.468374252319336,12.25517945341277,12.468374252319336,13440021
2018-02-15,12.58563319538422,12.75974335092095,12.475483117303577,12.542994499206543,11640907
2018-02-16,12.606951800874631,12.670910515665268,12.539440426577652,12.649590492248535,9656438
2018-02-19,12.731316600090112,12.734869259604585,12.567865797773498,12.596292495727539,4537120
2018-02-20,12.649590679664614,12.781062126159668,12.610506002677536,12.781062126159668,7717549
2018-02-21,12.745527971584679,12.88410472869873,12.68156925976904,12.88410472869873,6155543
2018-02-22,12.791721526878227,12.912532284406018,12.749082834650652,12.859232902526855,6975028
2018-02-23,12.820148341436438,12.852126344302025,12.745528935037937,12.848573684692383,4954582
2018-02-26,12.87699971154321,12.940957069396973,12.834359665694665,12.940957069396973,6833037
2018-02-27,12.969384086898135,13.00847011882807,12.862786680563486,12.96227741241455,10158205
2018-02-28,12.93385135775215,12.948063350477192,12.837913290695818,12.841465950012207,7540803
2018-03-01,12.720656648624935,12.763295342570148,12.553654532564673,12.599845886230469,10120327
2018-03-02,12.447054635427204,12.47192731759399,12.123708411799495,12.166348457336426,17056642
2018-03-05,12.123709008323912,12.28005313873291,12.102390339966021,12.28005313873291,14434575
2018-03-06,12.44350286931545,12.507461586752758,12.354671467925813,12.372437477111816,16410180
2018-03-07,12.255181594988857,12.358224997706687,12.130816811011224,12.32979965209961,10591363
2018-03-08,12.301372379868264,12.432843833008247,12.265840360644274,12.429289817810059,9914151
2018-03-09,12.347564063569665,12.400863443437952,12.265839341775283,12.368884086608887,11186961
2018-03-12,12.436396366944848,12.59984582245724,12.42218301721517,12.521675109863281,8138335
2018-03-13,12.486141280463519,12.546547336883247,12.244519765703782,12.28005313873291,11840160
2018-03-14,12.265840647485575,12.418630773549147,12.216095277224817,12.255181312561035,8698700
2018-03-15,12.319135873515409,12.46837330578829,12.255178523066313,12.450607299804688,11640012
2018-03-16,12.461268713656471,12.550100113870995,12.39375733745889,12.535886764526367,25156189
2018-03-19,12.471926720106762,12.550098777719995,12.294263938592652,12.319136619567871,8995762
2018-03-20,12.365329715399431,12.511013146654083,12.319137011208593,12.500353813171387,7094082
2018-03-21,12.511012648299305,12.511012648299305,12.18055976890382,12.29426383972168,10828412
2018-03-22,12.230306003627383,12.240966692906037,11.786149021703794,11.867875099182129,16960071
2018-03-23,11.761277516576962,11.878535622164105,11.715086161763551,11.782597541809082,17592135
2018-03-26,11.832341758911575,11.935386504302976,11.683105663207787,11.732851028442383,14555043
2018-03-27,11.960259350306709,12.010004716220864,11.850107929025675,11.917620658874512,18739709
2018-03-28,11.72574282832946,12.00289631597934,11.658231463646874,11.985130310058594,12864318
2018-03-29,11.981577449349999,12.04908881289604,11.864319372420232,11.935384750366211,10376275
2018-04-03,11.796809742446733,11.84300244821866,11.67599898882291,11.732851028442383,14443953
2018-04-04,11.747065095009837,11.76838376400759,11.45925086440354,11.505443572998047,16701747
2018-04-05,11.725745055187325,11.874981159814544,11.661786337358624,11.853662490844727,17713932
2018-04-06,11.828789206876648,11.85010787476535,11.722191801054473,11.739957809448242,8805085
2018-04-09,11.782597541809082,11.896301632127699,11.700872811608805,11.782597541809082,7733534
2018-04-10,11.86787403048304,11.910512717379431,11.757722620919663,11.878533363342285,8606628
2018-04-11,11.835895217464941,11.906959247054125,11.803915861966017,11.8145751953125,7069235
2018-04-12,11.85721541446313,12.049091572220425,11.821683395082738,11.963812828063965,7962865
2018-04-13,12.002898332664603,12.166349138792267,11.899854938827533,11.992238998413086,10982130
2018-04-16,12.038430864705642,12.091728887698435,11.935386122609609,11.981578826904297,9637443
2018-04-17,11.978024998216206,12.088176416181433,11.95670633087163,12.049090385437012,7017324
2018-04-18,12.08817620176035,12.205432936454176,11.99934480817492,12.034876823425293,13265244
2018-04-19,12.034877016786831,12.180560450389217,11.96025897028648,12.166348457336426,15599696
2018-04-20,12.20898744917106,12.287159512461349,12.173454077012043,12.223200798034668,19456971
2018-04-23,11.93893932686083,12.010004716220864,11.690212497290048,11.917620658874512,28143046
2018-04-24,11.903406043653463,11.988684772905662,11.66889123253419,11.878533363342285,18503839
2018-04-25,11.811022552929453,11.83589523441318,11.654678434506625,11.697317123413086,26914613
2018-04-26,11.697317625319076,11.899854456099009,11.661785608949005,11.867875099182129,13666056
2018-04-27,11.867875316960463,11.874980635997229,11.707978529441919,11.800362586975098,10683892
2018-04-30,11.80391657808228,11.92827999286767,11.80391657808228,11.917620658874512,10745828
2018-05-02,11.860767898913052,11.9247266099109,11.743509810263836,11.8145751953125,14648311
2018-05-03,11.77548887543227,11.853660932604377,11.619146116547503,11.640464782714844,13023785
2018-05-04,11.67955193681224,11.835896066222706,11.64401991946963,11.807469367980957,13656052
2018-05-07,11.870334669114461,11.892522719439294,11.740907902167846,11.837053298950195,14510503
2018-05-08,11.840752012850018,11.92210678672974,11.763095247357825,11.888825416564941,13070661
2018-05-09,11.862937194101946,11.992363929748535,11.862937194101946,11.992363929748535,11977564
2018-05-11,12.051532621471878,12.151376724243164,11.999761918696954,12.151376724243164,17600187
2018-05-14,12.195750477160276,12.195750477160276,12.014553031319755,12.047834396362305,10854821
2018-05-15,12.0441375021228,12.132888292521294,11.970178745231713,12.062626838684082,12087894
2018-05-16,12.01824924222996,12.084811966269344,11.814863767952115,11.870331764221191,17210657
2018-05-17,11.881427370114837,11.962780719451205,11.84814600563541,11.936895370483398,8589518
2018-05-18,11.93319870769632,11.970177376590833,11.800073242642798,11.829656600952148,12865746
2018-05-22,11.907312568399737,12.095906024299417,11.840749840283214,12.07002067565918,14751543
2018-05-23,12.03304366363805,12.03304366363805,11.788980058546874,11.851844787597656,15652716
2018-05-24,11.866635515978704,11.888823562844301,11.652156000204686,11.700228691101074,16422073
2018-05-25,11.770490955254852,11.848147718709196,11.62997016683108,11.659553527832031,15078092
2018-05-28,11.729812032659344,11.796374762521836,11.592989270451218,11.629968643188477,8275268
2018-05-29,11.567105057593885,11.567105057593885,11.178822663688438,11.271270751953125,24913544
2018-05-30,11.326739343360073,11.33413535962008,11.145541176927521,11.223197937011719,16675398
2018-05-31,11.36371659838448,11.39329995258006,10.971736978962346,10.982831001281738,33875537
2018-06-01,11.278666616310502,11.4191873982372,11.093770442272625,11.326739311218262,24267374
2018-06-04,11.445072786651094,11.49314547875128,11.341530681320762,11.441374778747559,12276749
2018-06-05,11.422885986895727,11.470959389569623,11.123354367221857,11.13814640045166,14624978
2018-06-06,11.167730063073243,11.245386123657227,11.112260642286989,11.245386123657227,13704861
2018-06-07,11.35632257805132,11.456166680493384,11.201010470238675,11.323041915893555,13258817
2018-06-08,11.241688387830445,11.304553121632582,11.13814697120787,11.237990379333496,14998063
2018-06-11,11.393301278463362,11.663250210401198,11.374811944435498,11.611478805541992,16968267
2018-06-12,11.685437552299211,11.685437552299211,11.570802129616114,11.611478805541992,10825929
2018-06-13,11.615176276217243,11.685437011854798,11.507936874234202,11.548613548278809,10372268
2018-06-14,11.515332747016872,11.685437582874409,11.441374705389022,11.655854225158691,13681454
2018-06-15,11.659552861832834,11.659552861832834,11.326739187928924,11.426583290100098,29109832
2018-06-18,11.374811706280155,11.4598637695442,11.164030199354974,11.212102890014648,11546070
2018-06-19,11.093771098027025,11.175125165496286,10.96064561914735,11.141843795776367,19605593
2018-06-20,11.223196460068815,11.393300579726107,11.17512306602804,11.308248519897461,22850052
2018-06-21,11.315646384634723,11.315646384634723,11.115958171193174,11.149239540100098,15555224
2018-06-22,11.175125116506848,11.467261426029255,11.167729805186042,11.445074081420898,11611441
2018-06-25,11.334133267451682,11.371112636602755,11.093768425953906,11.13074779510498,12891494
2018-06-26,11.15293682567004,11.223197567178962,11.082676084161116,11.175124168395996,11355990
2018-06-27,11.156634038236668,11.330436170290314,10.990227216349131,11.267571449279785,15174529
2018-06-28,11.204706711522245,11.249082099066882,11.127050664972703,11.197311401367188,11534492
2018-06-29,11.330436094148041,11.396998822455744,11.249082040284657,11.334134101867676,18105265
2018-07-02,11.186217758072157,11.230593147123933,11.012415620375373,11.167728424072266,9554022
2018-07-03,11.197313122724944,11.245385820075876,11.101167022700118,11.13814640045166,11009977
2018-07-04,11.115955694358446,11.16033107812103,11.05678898622353,11.119653701782227,7902587
2018-07-05,11.134447450762732,11.341530961210985,11.130749442767936,11.208405494689941,9832633
2018-07-06,11.226894649745008,11.256478006048674,11.112258526910813,11.219498634338379,7633806
2018-07-09,11.234290874285003,11.260176930315295,11.112259431433834,11.25278091430664,10976602
2018-07-10,11.271269604052494,11.330436318090339,11.145540160391356,11.212102890014648,9345759
2018-07-11,11.115956216397612,11.115956216397612,10.960643423918798,11.034602165222168,11169313
2018-07-12,11.067883725166514,11.1011650888128,10.968039634227654,11.093769073486328,11635075
2018-07-13,11.119656451070746,11.252781929950421,11.042000391939583,11.141843795776367,11910888
2018-07-16,11.115957858488937,11.308250050025565,11.082676490518255,11.189916610717773,13359241
2018-07-17,11.164030037039424,11.256478114544798,11.101165316122856,11.197311401367188,8814673
2018-07-18,11.212104176231131,11.397000355140808,11.141843430755028,11.36371898651123,12150508
2018-07-19,11.337833023018339,11.456166458288727,11.337833023018339,11.367416381835938,10918870
2018-07-20,11.360022479177967,11.360022479177967,11.178824284545373,11.278668403625488,13695035
2018-07-23,11.27866516407346,11.341529883364815,11.112258346736683,11.308248519897461,14675541
2018-07-24,11.611479108267565,11.814865314491009,11.552312391448393,11.796375274658203,22010226
2018-07-25,11.970176321137657,12.007156397417301,11.711322135085672,11.74830150604248,15177914
2018-07-26,11.892521668275094,11.951688386599017,11.8000735827286,11.833354949951172,12448435
2018-07-27,11.866635925034382,12.029344042386933,11.859239909157568,11.940594673156738,11922539
2018-07-30,11.907313537612497,12.021948259308486,11.862938852138107,11.966480255126953,8720081
2018-07-31,11.992365485198489,12.14028298281909,11.929500054983702,12.066324234008789,14005841
2018-08-02,12.051532628834579,12.051532628834579,11.70762563373866,11.85554313659668,16551205
2018-08-03,11.88512647384645,11.977574565784453,11.822261743115687,11.862939834594727,8100363
2018-08-06,11.911011888881829,11.911011888881829,11.722418401028547,11.752001762390137,9352583
2018-08-07,11.766792893123771,11.88142903363551,11.759396876576636,11.840751647949219,7130088
2018-08-08,11.788979558546771,11.848146982193612,11.726114832162239,11.833354949951172,5909577
2018-08-09,11.833354649000912,11.848146680867155,11.766791916248618,11.796375274658203,5055484
2018-08-10,11.715020643281601,11.715020643281601,11.437676407239225,11.541217803955078,10863640
2018-08-13,11.389604525599696,11.46356328050634,11.356323156424002,11.42288589477539,8585150
2018-08-14,11.485749159212363,11.541217865652792,11.337832373596926,11.40439510345459,6522085
2018-08-15,11.441375353459147,11.500542072241942,11.245385156664309,11.323041915893555,9510284
2018-08-16,11.415489699790037,11.474656417005656,11.371114309216868,11.433979034423828,6764836
2018-08-17,11.493145944384427,11.493145944384427,11.263874382336732,11.345229148864746,8427013
2018-08-20,11.389603141978613,11.44876985658711,11.360019784674364,11.415489196777344,6312015
2018-08-21,11.389603564017847,11.574499730351402,11.363718213582812,11.500541687011719,9564236
2018-08-22,11.463562090572946,11.511634782546182,11.356321977622278,11.39699935913086,9889997
2018-08-23,11.419187304923405,11.419187304923405,11.234291132396438,11.323041915893555,8978800
2018-08-24,11.319343757163303,11.51903125406701,11.319343757163303,11.378510475158691,5657976
2018-08-27,11.44137555293196,11.47835492914665,11.341531448749182,11.452468872070312,5831410
2018-08-28,11.482052000643108,11.530125400350528,11.341531220245951,11.426583290100098,7575091
2018-08-29,11.430282091483544,11.456167444511962,11.341532007390557,11.411792755126953,4989514
2018-08-30,11.363717223902107,11.385905269762235,11.267571141143396,11.308248519897461,7902358
2018-08-31,11.278667033643814,11.282365041900157,11.149239565963638,11.193614959716797,8791581
2018-09-03,11.20840586311602,11.319343990637787,11.189916527857191,11.256479263305664,6224072
2018-09-04,11.308248829146262,11.345228201268254,11.164030053725636,11.267571449279785,7510966
2018-09-05,11.208404990324734,11.581895317117661,11.208404990324734,11.415489196777344,16325748
2018-09-06,11.382207948846174,11.463562005939833,11.282363852420174,11.315645217895508,9613446
2018-09-07,11.282364243940055,11.31194760257552,11.086374052153285,11.208405494689941,14161403
2018-09-10,11.201010414667506,11.278666468188556,11.101166312720794,11.234291076660156,9099996
2018-09-11,11.241687012524919,11.326739081580499,11.097468225402597,11.152936935424805,8507831
2018-09-12,11.204708021932888,11.204708021932888,11.060489229861172,11.123353958129883,6496389
2018-09-13,11.127049787657592,11.223195865321262,11.123351780210205,11.13074779510498,8138728
2018-09-14,11.145541600340898,11.204708322022796,11.09377089519998,11.160333633422852,6655567
2018-09-17,11.1085625475244,11.201010635148979,11.09377051494946,11.189916610717773,7411782
2018-09-18,11.167728424072266,11.26017650471749,11.112259011426826,11.167728424072266,7942714
2018-09-19,11.182521108553512,11.437678039618767,11.182521108553512,11.4006986618042,14353595
2018-09-20,11.389604637785,11.788980366504136,11.371115301537701,11.740907669067383,21549752
2018-09-21,11.870332960010451,11.914709054270794,11.666947465244032,11.722416877746582,33403535
2018-09-24,11.71132332779468,11.803771411940415,11.678041961076383,11.696531295776367,11111711
2018-09-25,11.76309565078758,11.881429807278048,11.726116270966997,11.781585693359375,12456559
2018-09-26,11.707624429788506,11.800072506906433,11.592989011652675,11.78528118133545,11552026
2018-09-27,11.648458331964843,11.748302429802035,11.496843533911132,11.703927040100098,13521991
2018-09-28,11.589290493816552,11.611477833857862,11.300852251988251,11.463561058044434,15629568
2018-10-01,11.445073413304655,11.467260756617806,11.311947942779891,11.360020637512207,9988107
2018-10-02,11.289759916336925,11.311947258307546,11.171425780073543,11.204707145690918,12607436
2018-10-03,11.304551958172379,11.360020669271798,11.24908324707296,11.256479263305664,9626332
2018-10-04,11.24168602484539,11.430280186609595,11.223196691570074,11.334134101867676,10590077
2018-10-05,11.345229745293883,11.345229745293883,11.078978794038484,11.149239540100098,13505178
2018-10-08,11.097468239338605,11.115957574261587,10.82751999965473,10.927363395690918,15686242
2018-10-09,10.934759863810141,11.00502060900316,10.849707791131875,10.90887451171875,11781534
2018-10-10,10.860801217120379,11.030905353101238,10.809029810468152,10.834915161132812,9593106
2018-10-11,10.531684788295482,10.62043485779359,10.405955346842449,10.45033073425293,23145377
2018-10-12,10.535383483634112,10.6500189093857,10.435539384436165,10.457727432250977,12970373
2018-10-15,10.44663330919709,10.465122643544387,10.320903860731363,10.402257919311523,10354804
2018-10-16,10.457726749708486,10.468820067568965,10.368976680210377,10.45033073425293,9728651
2018-10-17,10.502102552475703,10.594550639566727,10.42444649787425,10.465123176574707,10263611
2018-10-18,10.472518300267074,10.564966379478928,10.328299522399902,10.328299522399902,12653856
2018-10-19,10.265434807728804,10.335695545470903,10.124913332244601,10.250642776489258,18344068
2018-10-22,10.354185651049177,10.461425769561474,10.16559147062346,10.191476821899414,11815496
2018-10-23,10.03986251465927,10.069445875487158,9.884549693982114,9.991789817810059,17363533
2018-10-24,9.984392466253645,9.999184497351218,9.777308968147675,9.795798301696777,14081149
2018-10-25,9.803193934856893,10.132308855388748,9.681162504353399,9.903038024902344,19456552
2018-10-26,9.799496386730567,9.825381736032535,9.614600228490367,9.729235649108887,22929409
2018-10-29,9.847569116828463,10.050955314898033,9.806892441472847,9.921527862548828,21573917
2018-10-30,10.013976924739453,10.158195717191628,9.921528836178222,10.113821029663086,26729015
2018-10-31,10.243247611502673,10.44663310667155,10.184080896350894,10.420747756958008,22435155
2018-11-01,10.420748288003455,10.590852426402673,10.365279577887316,10.483613014221191,17983351
2018-11-02,10.650019457331258,10.786842937937251,10.539082033841053,10.590852737426758,17875461
2018-11-05,10.572361569909024,10.620434257005,10.472517482875674,10.524288177490234,9909914
2018-11-06,10.539080803751038,10.576060175705964,10.380069998070857,10.45033073425293,8226936
2018-11-07,10.498404649410608,10.650019457331258,10.468821289458358,10.590852737426758,12141013
2018-11-08,10.54647822079696,10.81642647289425,10.539082204358499,10.727676391601562,16088862
2018-11-09,10.557572339461405,10.557572339461405,10.235853358582958,10.442936897277832,20981096
2018-11-12,10.498404159939883,10.568664901046787,10.191476550249176,10.198872566223145,16284659
2018-11-13,10.22845543495281,10.276528831158462,10.028767950479036,10.250642776489258,15029092
2018-11-14,10.13231040011904,10.306113258619021,9.99548762355836,10.228456497192383,15791025
2018-11-15,10.206268124462586,10.29871620402235,10.00288192623738,10.06944465637207,14196747
2018-11-16,10.239550182903576,10.283924869116296,10.065747330155476,10.076841354370117,16102824
2018-11-19,10.132309762135543,10.224757845193938,10.017674336633545,10.039861679077148,10210863
2018-11-20,9.969599536820107,9.969599536820107,9.71814137872542,9.806891441345215,18870842
2018-11-21,9.862362157029477,10.08053970336914,9.862362157029477,10.08053970336914,19956217
2018-11-22,10.01397563036574,10.036162971262149,9.86236084114839,9.962204933166504,11706100
2018-11-23,9.910434640025128,10.010278743219859,9.877153272293553,9.976997375488281,7666160
2018-11-26,10.087935485085662,10.309810329137498,10.087935485085662,10.202570915222168,13671823
2018-11-27,10.158194992222509,10.232153739922387,10.025070233814773,10.139705657958984,12872236
2018-11-28,10.169287932801037,10.221058627482904,9.969599758474718,10.013975143432617,13770339
2018-11-29,10.08423682727291,10.165590884495616,9.988090738560867,10.091632843017578,10874044
2018-11-30,10.073143814605181,10.073143814605181,9.9215290032377,9.980695724487305,15949731
2018-12-03,10.27283112168961,10.306112487622267,10.124913626289851,10.139705657958984,13085202
2018-12-04,10.110122068962546,10.165590775808743,9.869757202413776,9.888246536254883,13980567
2018-12-05,9.762517535826943,9.847569603886,9.62569476639679,9.721840858459473,13184059
2018-12-06,9.618300517225434,9.66267521074551,9.244810104370117,9.244810104370117,20898420
2018-12-07,9.426006383414114,9.466683765315393,9.289183616638184,9.289183616638184,14895536
2018-12-10,9.226319958856722,9.296580001668598,8.98595435292007,8.997048377990723,16536206
2018-12-11,9.15975727351558,9.263298686831792,9.030329801547339,9.156059265136719,18340344
2018-12-12,9.111682511360803,9.42230811564109,9.019234431642213,9.366839408874512,19250724
2018-12-13,9.38902767976903,9.46298643299291,9.281788263449645,9.322464942932129,14706782
2018-12-14,9.207827263790515,9.296577322813036,9.130171226641847,9.248504638671875,14175406
2018-12-17,9.189339992603994,9.25590272812275,9.089495889325862,9.115381240844727,14327065
2018-12-18,9.067308246879785,9.241110390862115,9.000745513556325,9.078401565551758,14606038
2018-12-19,9.059912288125814,9.263297792056616,9.01553689718883,9.167152404785156,15229237
2018-12-20,8.919391686755983,8.930485005717985,8.771474184248657,8.808453559875488,25611551
2018-12-21,8.771475448335492,8.982257708188095,8.734496772702464,8.889809608459473,40695317
2018-12-27,9.15605852236041,9.174547857431811,8.627255357572476,8.693818092346191,18270070
2018-12-28,8.786266357218755,9.089495972629527,8.77887034091046,9.048818588256836,14007090
2019-01-03,9.037724045960774,9.13756743131832,8.900900584066594,9.05621337890625,18307867
2019-01-04,9.122776572796926,9.374235463529297,9.093193215376816,9.333558082580566,13659952
2019-01-07,9.459288288677548,9.481475632196252,9.244808753802253,9.352048873901367,11618218
2019-01-08,9.444498723494155,9.5073627576385,9.333560574557099,9.407519340515137,13601094
2019-01-09,9.499966368979479,9.499966368979479,9.329861508677663,9.429705619812012,10547375
2019-01-10,9.248506980525878,9.544340585510241,9.167152915485916,9.525851249694824,12539386
2019-01-11,9.540642263569966,9.5665283203125,9.470382225523293,9.5665283203125,8569264
2019-01-14,9.536945232044168,9.596111952778404,9.41491307704149,9.55913257598877,9140987
2019-01-15,9.732933924268039,9.769913297996446,9.51475639512562,9.573923110961914,10297933
2019-01-16,9.688559492153827,9.91043432965179,9.651580117463197,9.869757652282715,15414279
2019-01-17,9.806893076901748,9.910434481231686,9.740330342505121,9.814289093017578,10262610
2019-01-18,9.969599524279786,10.013974908195266,9.906735513827288,9.988089561462402,15700836
2019-01-21,10.00658027037851,10.00658027037851,9.866059495066846,9.925226211547852,9710384
2019-01-22,9.429703689461036,9.614599840234781,9.429703689461036,9.610901832580566,29925228
2019-01-23,9.548039346230116,9.725539523209731,9.507361957842827,9.614602088928223,12236140
2019-01-24,9.614601407444182,9.68856016193832,9.522153316987987,9.607205390930176,16795409
2019-01-25,9.666372112396305,9.718143522671383,9.603507382673174,9.607205390930176,12418421
2019-01-28,9.614601443558588,9.636788787860986,9.485173975369168,9.503664016723633,14362818
2019-01-29,9.429704466076904,9.677465356731842,9.41861044220057,9.596111297607422,12457824
2019-01-30,9.681162563185971,9.699651896126229,9.585016480186386,9.688558578491211,10318614
2019-01-31,9.725538870393542,9.784705592081911,9.46298663106677,9.503664016723633,20282717
2019-02-01,9.585017394889396,9.585017394889396,9.348350525119233,9.496267318725586,14989304
2019-02-04,9.44819281070377,9.518453543913857,9.374234775245151,9.403818130493164,11029133
2019-02-05,9.448194362610481,9.662673899718463,9.414912994324506,9.62569522857666,13382009
2019-02-06,9.599807842516775,9.69225591822047,9.573922494171395,9.655277252197266,8374367
2019-02-07,9.629393103489987,9.740330526025964,9.44819423185273,9.45559024810791,14168039
2019-02-08,9.426005615451368,9.433401630707735,9.266994814053668,9.348349571228027,11069586
2019-02-11,9.403817987676042,9.555432769184861,9.374234632877318,9.4592866897583,9184956
2019-02-12,9.481473617769385,9.555432354215757,9.448192256900795,9.522150993347168,9136704
2019-02-13,9.58501784393315,9.684861948791074,9.522153115539968,9.62569522857666,12048432
2019-02-14,9.692255557670315,9.692255557670315,9.407516031140553,9.426005363464355,12202636
2019-02-15,9.440797712423683,9.640485188491452,9.385328302933287,9.610901832580566,19794146
2019-02-18,9.596110544629655,9.666370574364647,9.562829180935038,9.577620506286621,10920212
2019-02-19,9.614600133536674,9.621996149070728,9.403818628076182,9.499964714050293,11126530
2019-02-20,9.507362372779172,9.621998525905946,9.048819876241177,9.244810104370117,34827949
2019-02-21,9.222620811023189,9.222620811023189,9.022932616361238,9.130172729492188,23405835
2019-02-22,9.100590821102209,9.24850763404653,9.100590821102209,9.148663520812988,15640990
2019-02-25,9.174548630482997,9.303976102857176,9.170850622092537,9.270694732666016,13222726
2019-02-26,9.170849933995475,9.370538140159647,9.141266574414443,9.340954780578613,12974527
2019-02-27,9.25220348886377,9.363140896417924,9.25220348886377,9.348349571228027,14086595
2019-02-28,9.278089566646479,9.444496396388201,9.248506208617162,9.392724990844727,15642168
2019-03-01,9.451892049996815,9.50736076014988,9.39642333984375,9.39642333984375,11979970
2019-03-04,9.429704022154393,9.511058077448904,9.389026641845703,9.389026641845703,15072320
2019-03-05,9.348351498219714,9.389028179868813,9.196736680825758,9.270694732666016,18333360
2019-03-06,9.230017345693936,9.352049506610175,9.230017345693936,9.270694732666016,10459250
2019-03-07,9.207828480916675,9.248505861174928,8.934182253094932,9.015536308288574,24429366
2019-03-08,8.915692187620404,8.948973549586361,8.789962754709645,8.89350414276123,17249271
2019-03-11,8.971161388456192,9.089494813000316,8.930484009273084,9.067307472229004,8905447
2019-03-12,9.130173511722038,9.130173511722038,8.945277332819009,8.9933500289917,6063991
2019-03-13,9.008143038804956,9.119080476048918,8.997049012951349,9.107986450195312,4236113
2019-03-14,9.093192299905544,9.20412970273144,9.07840027002326,9.152359008789062,6361834
2019-03-15,9.096893129521634,9.096893129521634,8.971163657808175,9.037726402282715,22806268
2019-03-18,9.045119561723814,9.274391104207034,9.030328236095496,9.263297080993652,11210937
2019-03-19,9.27439189537784,9.440798731159953,9.259600568487718,9.39642333984375,11629163
2019-03-20,9.318766900454179,9.348350258331184,9.063609997938205,9.130172729492188,15659109
2019-03-21,9.022932323848778,9.041422362749286,8.937880260875033,9.015536308288574,12677036
2019-03-22,9.045120899647221,9.059912932786384,8.764079323232748,8.78996467590332,17054216
2019-03-25,8.76037999224548,8.808452682043491,8.608765202075716,8.741889953613281,14870116
2019-03-26,8.76777564451389,8.841734391283016,8.660536237553826,8.745588302612305,11237254
2019-03-27,8.815848654058533,8.967463443481254,8.693817220978712,8.852828025817871,15370546
2019-03-28,8.823245661322165,8.89350569970791,8.786266285405866,8.819547653198242,9201606
2019-03-29,8.8787144776773,8.978558582236788,8.852829125826235,8.945277214050293,13040335
2019-04-01,9.0118387304808,9.16345351821816,8.978557366799638,9.10058879852295,16729799
2019-04-02,9.170849952002714,9.18564198448374,9.074704562167767,9.115381240844727,13822568
2019-04-03,9.14126454319293,9.285484006261953,9.133869233933133,9.248504638671875,20237727
2019-04-04,9.218922660743,9.35574542431493,9.159755945902782,9.333558082580566,14298466
2019-04-05,9.377934584631236,9.429705289931434,9.278090476989746,9.278090476989746,12388079
2019-04-08,9.266993969805528,9.303973337395604,9.215223278373085,9.248504638671875,8858366
2019-04-09,9.21152784942506,9.377934697496958,9.193038513116168,9.255903244018555,9028286
2019-04-10,9.270693930135776,9.311371313586562,9.200433187445213,9.215225219726562,10494937
2019-04-11,9.255903389509143,9.448194888242275,9.211527994218125,9.418611526489258,14152394
2019-04-12,9.377933135158433,9.610901978324135,9.303974391598258,9.55543327331543,17448250
2019-04-15,9.577621350288135,9.692256776825495,9.562830023633106,9.599808692932129,15035311
2019-04-16,9.599809786737618,9.747727302079099,9.570226424733919,9.69225788116455,14643674
2019-04-17,9.762518301576643,9.943716475911152,9.725538923986894,9.880851745605469,17382097
2019-04-18,9.94741371620684,9.962205748229898,9.781007587884893,9.940017700195312,15863344
2019-04-23,9.980695373878163,9.980695373878163,9.829080567836714,9.906737327575684,13818994
2019-04-24,9.984392076797063,10.095329484410117,9.880849979121464,9.903038024902344,17558742
2019-04-25,10.021372182528408,10.132309598275237,9.917830077261252,10.025070190429688,18989216
2019-04-26,9.976998124834507,10.062050201948606,9.936321443136407,9.995488166809082,14457081
2019-04-29,10.032465275882986,10.165590736051511,9.99178860052706,10.147101402282715,15476395
2019-04-30,10.169289055859632,10.209966437786397,10.076840973533637,10.106424331665039,17411867
2019-05-02,10.021372643942756,10.180383464404667,9.962205925443847,10.076841354370117,16547279
2019-05-03,10.124914982776884,10.132310999602334,9.96220684455493,10.032466888427734,18974526
2019-05-06,9.884298896805461,9.958382606506348,9.771223721804091,9.958382606506348,14845657
2019-05-07,9.942786746077013,9.942786746077013,9.71273789520116,9.75562858581543,15913896
2019-05-08,9.70883667388657,9.794618037444211,9.646450633317519,9.76732349395752,13864808
2019-05-09,9.701039217784805,9.728333764042565,9.400806645952853,9.470991134643555,21778124
2019-05-10,9.560671590325894,9.619158420043226,9.420302604043988,9.467092514038086,14367270
2019-05-13,9.470991546597828,9.470991546597828,9.225345825495664,9.272135734558105,17440712
2019-05-14,9.33452093596907,9.369613178652061,9.194151965237108,9.30722713470459,14565100
2019-05-15,9.350117075105784,9.385209317788775,9.174656605391137,9.30722713470459,13800547
2019-05-16,9.287731474056047,9.509981859179753,9.252639229699636,9.494385719299316,19170235
2019-05-17,9.502184301919915,9.506082779172544,9.365714543366872,9.474889755249023,15292800
2019-05-20,9.51777997192229,9.552872215065495,9.326722616865018,9.412503242492676,11907638
2019-05-21,9.517780901473003,9.517780901473003,9.412504161761573,9.467092514038086,9738750
2019-05-22,9.435899876406634,9.470992124419336,9.338421574971443,9.393009185791016,10513022
2019-05-23,9.276034740522862,9.299429322661407,9.116169655425127,9.225345611572266,13946958
2019-05-24,9.24484037135544,9.307227159167192,9.198051210122014,9.229244232177734,8512113
2019-05-27,9.303327092272516,9.365713130709697,9.260436411959365,9.264335632324219,5535485
2019-05-28,9.276035093986664,9.276035093986664,9.170758354801102,9.205850601196289,14034772
2019-05-29,9.174657500329543,9.174657500329543,9.014793154157706,9.092775344848633,14026165
2019-05-31,9.061580893020682,9.061580893020682,8.956304171279113,9.006993293762207,15067894
2019-06-03,8.905617962091362,8.909517183516938,8.765248965572443,8.874424934387207,18050341
2019-06-04,8.851030171399914,9.112272052052171,8.800341037588046,9.065482139587402,19097765
2019-06-05,9.081078072393035,9.201950946672147,9.010893582908277,9.088875770568848,14963012
2019-06-06,9.088876723969571,9.22534649631635,9.014793749475963,9.065482139587402,11597463
2019-06-07,9.123968368035612,9.155161393045805,9.053783875837585,9.069380760192871,10990798
2019-06-11,9.123970574784586,9.311128770112342,9.077181397802926,9.244843482971191,15622088
2019-06-12,9.162958637687975,9.182453996883794,9.069379574887535,9.147361755371094,12707507
2019-06-13,9.084976549630767,9.186354062919824,9.02259050202217,9.088875770568848,12547092
2019-06-14,9.053784368773904,9.065482032677252,8.901718456532485,8.983600616455078,16592960
2019-06-17,9.038187160510333,9.100573206564045,8.971901893615723,8.971901893615723,13968112
2019-06-18,8.929011430609275,9.147362597239363,8.82763391732022,9.088875770568848,18178902
2019-06-19,9.131766182651871,9.205849890847475,9.11616929936845,9.174656867980957,12535614
2019-06-20,9.182454863191312,9.20195096792675,8.940709114074707,8.940709114074707,20031677
2019-06-21,8.956306104103387,9.08497743276659,8.921213855949748,8.929012298583984,31805459
2019-06-24,8.874423874427409,8.956305283483246,8.82373474564968,8.862726211547852,21788842
2019-06-25,8.84322978057788,8.84322978057788,8.765246858216065,8.804238319396973,18860075
2019-06-26,8.7769457934985,8.94850780137352,8.77304657244448,8.909516334533691,17435387
2019-06-27,8.971902602800023,9.135666172560795,8.971902602800023,9.026490211486816,21714303
2019-06-28,8.9874976554087,9.084975941231788,8.960203854370283,9.045985221862793,13195769
2019-07-01,9.240941561871814,9.318923742355373,9.147361755371094,9.147361755371094,19336753
2019-07-02,9.155160165191187,9.209748509413132,9.081077205540437,9.178555488586426,13185662
2019-07-03,9.151262005742044,9.256538742126937,9.08887595685478,9.237043380737305,12549142
2019-07-04,9.25263938788035,9.342319238901947,9.25263938788035,9.326723098754883,9740424
2019-07-05,9.354016057681388,9.478788142399894,9.287730794712147,9.361814498901367,15623569
2019-07-08,9.396907124835984,9.509981552346998,9.29163039516343,9.311125755310059,15043909
2019-07-09,9.240942601755304,9.264337184162937,9.123968202316412,9.237043380737305,13962027
2019-07-10,9.209748848074128,9.381310097079519,9.209748848074128,9.30722713470459,16610496
2019-07-11,9.27603401026788,9.338420053526235,9.201950305010971,9.318923950195312,12084487
2019-07-12,9.36571477963802,9.47488999427436,9.350117895432616,9.373513221740723,14367452
2019-07-15,9.311125508862943,9.369613075155412,9.240941767972517,9.318923950195312,14562573
2019-07-16,9.318924277536443,9.443696368435958,9.311125835930142,9.400806427001953,17623682
2019-07-17,9.350118637084961,9.435900019618128,9.31892560990029,9.350118637084961,13540375
2019-07-18,9.27603495759226,9.334521786157456,9.221446606391085,9.295530319213867,15430677
2019-07-19,9.34231890802764,9.35401657049891,9.13176618944705,9.22144603729248,14488241
2019-07-22,9.252641080174591,9.33452324794896,9.182456577425274,9.20975112915039,14709319
2019-07-23,9.287731609115394,9.498285078315662,9.170757955359925,9.451495170593262,23636009
2019-07-24,9.39300743080837,9.424200451691533,8.987497415626969,9.077178001403809,39893381
2019-07-25,9.077179733832779,9.131767344871584,8.858827802276705,8.929012298583984,32156736
2019-07-26,8.858826139853331,8.999195106126628,8.800339318472885,8.851028442382812,25730649
2019-07-29,8.81203863297235,8.925113076355535,8.741854136672236,8.882223129272461,16236418
2019-07-30,8.823734659664808,8.823734659664808,8.640475738539678,8.702861785888672,25466008
2019-07-31,8.69506490006104,8.827635460326764,8.63657806316745,8.652174949645996,23866218
2019-08-02,8.414326284565862,8.531299939555327,8.297352629576396,8.488409996032715,33054031
2019-08-05,8.383132334613324,8.476711397011485,8.305149410764717,8.387031555175781,21593791
2019-08-06,8.305149669945392,8.40262795594804,8.211570604626887,8.254461288452148,24144483
2019-08-07,8.320747073844588,8.34024243478607,8.05950522124683,8.114092826843262,30699521
2019-08-08,8.31684804386142,8.324646485897194,8.125790676187103,8.262260437011719,20794229
2019-08-09,8.219369638696065,8.293453349636357,8.141386706790456,8.203773498535156,19103045
2019-08-12,8.277856022781535,8.312948265891043,8.07900022639442,8.086798667907715,23517746
2019-08-13,8.016614669231531,8.102396043694066,7.891842572231876,8.047807693481445,36751648
2019-08-14,8.06340490242691,8.102396370235823,7.689087852641903,7.751473903656006,43456765
2019-08-15,7.8021620945661665,7.841153557675653,7.703124269110271,7.773308753967285,32799572
2019-08-16,7.781107793537195,7.926935548613584,7.7733100945307685,7.907440185546875,21651160
2019-08-19,8.012715797076392,8.090698732946395,7.965926630514707,8.004918098449707,20579565
2019-08-20,8.016613827424344,8.02831148917735,7.950328564891202,7.973723888397217,18550393
2019-08-21,7.977622955193935,8.102395792018271,7.977622955193935,8.032211303710938,13369003
2019-08-22,8.02441332761231,8.19987455856244,7.985421860323349,8.141386985778809,15644574
2019-08-23,8.203772445321857,8.227167024409964,8.067302703857422,8.067302703857422,18521281
2019-08-26,8.016613474267006,8.086797954292633,7.969824316716755,8.055604934692383,15967130
2019-08-27,8.055606135469015,8.156983650206326,7.997119307962971,8.047807693481445,13125798
2019-08-28,8.047808045226112,8.055606487554526,7.926935163937262,8.028312683105469,13681677
2019-08-29,8.040009021955509,8.172578801194872,8.008816001481492,8.125789642333984,13935795
2019-08-30,8.117993106543512,8.227169075675768,8.098497743059388,8.149186134338379,17557324
2019-09-02,8.16478216868517,8.188176751166687,8.102396119600883,8.13748836517334,9383711
2019-09-03,8.172580865903523,8.172580865903523,8.012716502623762,8.036111831665039,13497335
2019-09-04,8.16478183858027,8.1803779783706,8.032211303710938,8.032211303710938,17118379
2019-09-05,8.125790680585506,8.340242630782866,8.094597656125885,8.309049606323242,22637084
2019-09-06,8.351940404214073,8.402628790743172,8.285655133398867,8.367536544799805,18890032
2019-09-09,8.422125081123003,8.58588865122291,8.41042741765144,8.562493324279785,18864120
2019-09-10,8.589786847907574,8.964103109949514,8.589786847907574,8.819835662841797,45082470
2019-09-11,8.917313227936715,8.975800046188633,8.866624106738206,8.936808586120605,22041267
2019-09-12,8.776945231477935,9.003094832227287,8.714559186009172,8.858826637268066,24981813
2019-09-13,8.948508473976123,9.084977502622472,8.944609252629023,9.065482139587402,18530641
2019-09-16,9.018691766252946,9.081078560918048,8.948508016692937,8.979701042175293,14935788
2019-09-17,8.956304919099852,8.96410336070228,8.784743666048366,8.812037467956543,16974679
2019-09-18,8.78864264518224,8.89001940842489,8.77304576240626,8.843230247497559,13147482
2019-09-19,8.866626698356255,8.97970189123415,8.851030555990608,8.96800422668457,19223434
2019-09-20,9.026489991352802,9.038187654514863,8.897818671371631,8.909516334533691,44240583
2019-09-23,8.905617642478028,8.929012226491427,8.683367235099704,8.745753288269043,17795735
2019-09-24,8.765248650351284,8.847130809942772,8.663871128033469,8.722358703613281,20579894
2019-09-25,8.644376506406724,8.675569535663335,8.472814473645112,8.652174949645996,16567767
2019-09-26,8.652173049847923,8.726256013252835,8.597584702859708,8.698962211608887,10379192
2019-09-27,8.737954002114721,8.81983615380714,8.695063315813913,8.780844688415527,15560578
2019-09-30,8.706761680707706,8.897819058464252,8.706761680707706,8.835433006286621,14544063
2019-10-01,8.847129982316396,8.95630519329143,8.675567980312325,8.67946720123291,17421906
2019-10-02,8.632677231572963,8.656072556927608,8.40652762571379,8.418225288391113,26712539
2019-10-03,8.375335837998565,8.375335837998565,8.172580783878564,8.285655975341797,20842939
2019-10-04,8.273957252502441,8.30125179928503,8.156983598235628,8.273957252502441,14278472
2019-10-07,8.28175545061892,8.336343055176284,8.188176381220442,8.305150032043457,10896462
2019-10-08,8.332444961108727,8.351940322575423,8.117992266473237,8.207672119140625,14643390
2019-10-09,8.16088330406083,8.258361602974695,8.114093393353999,8.188177108764648,12413514
2019-10-10,8.21937031213799,8.375335445027622,8.211571869568404,8.359739303588867,12853516
2019-10-11,8.39872827475588,8.687263870709492,8.39872827475588,8.659969329833984,18486758
2019-10-14,8.652173182363002,8.663870101132233,8.55469489288433,8.63267707824707,12543121
2019-10-15,8.69506440170581,8.804240369696807,8.617082204884047,8.76134967803955,14650473
2019-10-16,8.741854068260729,8.854928510759022,8.65217420977925,8.792542457580566,17179939
2019-10-17,8.702862597186538,8.870525393954447,8.679468013174862,8.722358703613281,15122286
2019-10-18,8.702862597186538,8.765248650351284,8.69506415461584,8.722358703613281,14824560
2019-10-21,8.76914665928058,8.968002455138558,8.753550519995805,8.925111770629883,22204140
2019-10-22,9.084976102725458,9.17075747174281,8.82763348307403,8.925111770629883,22893707
2019-10-23,8.874423850654829,9.030388970129358,8.874423850654829,8.98749828338623,23652698
2019-10-24,9.006994008045854,9.159059900153927,8.987497904121536,9.0615816116333,23915740
2019-10-25,9.053782798763233,9.159059524536133,9.01479207991427,9.159059524536133,16221510
2019-10-28,9.16295908457486,9.322823417618226,9.15905986380547,9.311125755310059,20517193
2019-10-29,9.29942940155797,9.38131081158774,9.244841051171095,9.338420867919922,19052646
2019-10-30,9.311127495890577,9.365715853166211,9.112272405380876,9.116170883178711,18541676
2019-10-31,9.116168719732551,9.120067940305482,8.960203615316736,9.077178001403809,18312157
2019-11-01,9.07718011659425,9.209750672164732,9.038188645479321,9.170759201049805,14627539
2019-11-04,9.217546774657611,9.470990921149898,9.201950635133656,9.447595596313477,23624208
2019-11-05,9.506084296122868,9.591865683376536,9.4904881535225,9.572369575500488,19838113
2019-11-06,9.576266503240106,9.712736250881495,9.568468805657968,9.599661827087402,22252715
2019-11-07,9.59966345226411,9.7634270284181,9.580167345757433,9.75562858581543,18074642
2019-11-08,9.724435594447948,9.740031736009554,9.591865044522404,9.63085651397705,14451157
2019-11-11,9.591864479969452,9.619158283871133,9.494386183920373,9.580166816711426,9830576
2019-11-12,9.599661473305133,9.646450631874789,9.537274689045148,9.595762252807617,12937815
2019-11-13,9.533378177841824,9.556772761950153,9.326723911067068,9.393009185791016,13432167
2019-11-14,9.3657133599479,9.385208718549105,9.264335859081074,9.33452033996582,12306991
2019-11-15,9.404707307154204,9.447597256155634,9.338422029206045,9.432001113891602,12704062
2019-11-18,9.435899770533474,9.498285823255975,9.322824585161182,9.381311416625977,11818696
2019-11-19,9.412504086942857,9.459293996565028,9.342319594359791,9.35401725769043,15899346
2019-11-20,9.318924905829522,9.34231948852539,9.170758223821853,9.34231948852539,13841727
2019-11-21,9.268236163137408,9.354016792192109,9.20585011587938,9.291630744934082,16732174
2019-11-22,9.33452151944335,9.506082779172544,9.33452151944335,9.474889755249023,21114450
2019-11-25,9.502183085215446,9.642551303047709,9.498283864761737,9.584064483642578,14850250
2019-11-26,9.56457106252245,9.626957115018527,9.482688903808594,9.482688903808594,15588708
2019-11-27,9.506084050752277,9.552873964746581,9.470992544882114,9.533378601074219,11302897
2019-11-28,9.506082288172124,9.525578391930049,9.443696243547391,9.513880729675293,7760086
2019-11-29,9.49048663641187,9.521679660326685,9.451495170593262,9.451495170593262,8824851
2019-12-02,9.474888921789905,9.58796408837873,9.361814498901367,9.361814498901367,16883318
2019-12-03,9.346218874777842,9.369614201587577,9.096674671743761,9.104473114013672,23156484
2019-12-04,9.104472387381078,9.229244478939995,9.069380143667592,9.22144603729248,14352200
2019-12-05,9.229244475514871,9.307227404560418,9.190253010992098,9.198051452636719,11042681
2019-12-06,9.244842733455561,9.330624123801568,9.198053560267283,9.315027236938477,11495033
2019-12-09,9.307226780985872,9.400805843350629,9.295529119302671,9.303327560424805,8447820
2019-12-10,9.264337075069129,9.264337075069129,9.100573512743399,9.201951026916504,14107789
2019-12-11,9.186355343275503,9.248741399579206,9.143465394379492,9.170759201049805,10193909
2019-12-12,9.155162031255664,9.381311664269631,9.116170561349719,9.350118637084961,17614649
2019-12-13,9.5138807511619,9.607459818310339,9.365714080768614,9.412503242492676,28012783
2019-12-16,9.490487067622034,9.599663028134588,9.459294042289931,9.591864585876465,15516326
2019-12-17,9.56457162770276,9.615260019463399,9.509983270767705,9.603562355041504,16873338
2019-12-18,9.587965258883443,9.63085594712916,9.56846989715378,9.580166816711426,13113714
2019-12-19,9.552873152577604,9.552873152577604,9.482688659403339,9.537276268005371,12397369
2019-12-20,9.556771525089717,9.580166106170262,9.467091677864024,9.548973083496094,30087215
2019-12-23,9.494385128135551,9.564569612478365,9.439796782702086,9.545073509216309,9172315
2019-12-27,9.54897463823043,9.61525991516794,9.498286247019601,9.52168083190918,8225098
2019-12-30,9.50998327222684,9.576268549893507,9.506084050752277,9.533378601074219,8591745
2020-01-03,9.564570889646477,9.658149966699186,9.502184838278003,9.650351524353027,14352040
2020-01-06,9.568468345527997,9.587963704096287,9.393007143612346,9.584064483642578,13962544
2020-01-07,9.685443256112606,9.841408376239146,9.669846372249774,9.837509155273438,26718851
2020-01-08,9.78682098512409,9.927189224471512,9.732232634105296,9.907693862915039,20694911
2020-01-09,9.981777824752529,10.016870071390791,9.88040030598648,9.899895668029785,14721030
2020-01-10,9.970079803210414,10.009071269596957,9.872601509094238,9.872601509094238,15848855
2020-01-13,9.907693040851598,9.942785283701864,9.794618614545424,9.841407775878906,13326441
2020-01-14,9.860903614715587,9.950583457946777,9.740030006499333,9.950583457946777,17829404
2020-01-15,9.958383845800741,9.973979987641627,9.818014850730586,9.849207878112793,16825880
2020-01-16,9.8920977203604,9.90379463981171,9.747829516291127,9.884299278259277,12018729
2020-01-17,9.958382994936013,9.966180693339986,9.860904699732803,9.9310884475708,15217027
2020-01-20,9.942786077710789,10.04416359362953,9.911593053097357,9.985676765441895,13286619
2020-01-21,9.568470850644834,9.599663878740886,9.393009602791757,9.533378601074219,48932534
2020-01-22,9.51388186212257,9.743930707946838,9.494386499744406,9.662049293518066,27573661
2020-01-23,9.665948799306825,9.685444162258948,9.513882142218655,9.576268196105957,21296966
2020-01-24,9.65035103022982,9.743930102491035,9.630855669063035,9.665947914123535,18296993
2020-01-27,9.560670765017905,9.564569985822517,9.416402570048488,9.424201011657715,19542766
2020-01-28,9.451495030173726,9.482688053625111,9.303328354704734,9.470991134643555,21545170
2020-01-29,9.521680936161168,9.615260020444516,9.455395658497906,9.55677318572998,16006976
2020-01-30,9.435898068341597,9.467091089075772,9.354015924101713,9.404705047607422,19676273
2020-01-31,9.470991052134801,9.517780215054092,9.33842051769625,9.357915878295898,20076690
2020-02-03,9.36961474388815,9.428101576896852,9.279934139994344,9.350118637084961,13582282
2020-02-04,9.361817309584065,9.513883240526708,9.354018866022773,9.486589431762695,15452801
2020-02-05,9.428100195216807,9.697140480069733,9.385209510235818,9.673745155334473,24866809
2020-02-06,9.747829195939486,9.84530748789888,9.74392997501707,9.802416801452637,18844163
2020-02-07,9.786820880282699,9.89599609375,9.685443365134228,9.89599609375,19713066
2020-02-10,9.895996201801616,9.993474497004826,9.868702398136778,9.9310884475708,13231441
2020-02-11,9.981776247807092,10.055859950528433,9.911591765618484,10.028565406799316,13602417
2020-02-12,10.04806279253546,10.18453255380625,10.032465908412915,10.157238006591797,18853636
2020-02-13,10.161136977794778,10.184532303403383,10.04416332455315,10.141641616821289,19071265
2020-02-14,10.168935665313946,10.227422493347618,10.110448837280273,10.110448837280273,15587258
2020-02-17,10.098750442968997,10.223522532059839,10.083154303682798,10.180632591247559,9802444
2020-02-18,10.137742887194534,10.16893591248404,10.079256057739258,10.079256057739258,17014686
2020-02-19,10.137741820340462,10.172834063060742,10.067557334899902,10.067557334899902,21134083
2020-02-20,10.21572557835097,10.35609381695203,10.15333952926153,10.157238006591797,40036653
2020-02-21,10.059759511926343,10.10265019871025,9.857005228266852,9.892097473144531,34375568
2020-02-24,9.607459457319127,9.646450919757656,9.330621487036122,9.40860366821289,37705753
2020-02-25,9.463192546467585,9.498284790270088,9.096673968808306,9.120068550109863,31174910
2020-02-26,9.049885605108658,9.13176776917188,8.874425099888251,9.116170883178711,29054695
2020-02-27,8.968002632037805,8.968002632037805,8.50010654506005,8.63267707824707,41111174
2020-02-28,8.39093114632532,8.457216411414054,8.129689306705052,8.266159057617188,45511886
2020-03-02,8.504004720396175,8.51960160177143,7.9503280744786196,8.199872970581055,44114657
2020-03-03,8.422125174898005,8.531300393713277,8.188177108764648,8.188177108764648,36883752
2020-03-04,8.188176048011705,8.309048914770079,8.075100878943969,8.176478385925293,29935676
2020-03-05,8.19987534996201,8.281756769841154,7.856751297143476,7.9464311599731445,30694889
2020-03-06,7.720280645121122,7.798263578385121,7.5845910254461035,7.69688606262207,41503408
2020-03-09,6.996602085657118,7.303853708249792,6.856233105109091,6.895224571228027,67164731
2020-03-10,7.057430091103765,7.556518583435184,7.02155769668216,7.063668251037598,51432256
2020-03-11,7.213393373053003,7.439542973379083,7.018436795402922,7.099538803100586,41019005
2020-03-12,6.784488873052815,6.839077221473125,6.101361069448688,6.162187576293945,73124440
2020-03-13,6.4335670261777205,6.915499707209807,6.1044803785063255,6.27916145324707,60033324
2020-03-16,5.926679483186988,6.034295515656505,5.4603433424857455,5.814384460449219,56942910
2020-03-17,6.213656287982747,6.216775739138859,5.463463424780036,6.05145263671875,41724690
2020-03-18,5.848697711390343,6.300996941575166,5.823743217250119,6.056131362915039,56325191
2020-03-19,6.031178002314548,6.541183983592401,6.014021576260695,6.524028301239014,44365159
2020-03-20,6.901464095774938,7.018437760977729,6.385218495468238,6.442925930023193,63620238
2020-03-23,6.1965007251455715,6.637882460874758,6.07484769821167,6.07484769821167,45793417
2020-03-24,6.410172714934175,6.8359575271606445,6.355584365486931,6.8359575271606445,36577712
2020-03-25,7.096419149369261,7.341283948514782,6.69558850577146,7.055868148803711,48045315
2020-03-26,6.940454022182199,7.437983600253916,6.865590914824512,7.434864521026611,37712051
2020-03-27,7.266421307538204,7.327247812225797,6.940453742986792,7.073024272918701,30985613
2020-03-30,7.057428502432448,7.080823084319087,6.801645410210764,7.06834602355957,25495787
2020-03-31,7.135411868857657,7.244587841867127,6.942015535881582,7.054309844970703,25551600
2020-04-01,6.789168958743065,6.86247253394673,6.722103542628824,6.731461524963379,24219326
2020-04-02,6.825040182844004,7.01687769329684,6.6893505629287455,6.853114128112793,22862451
2020-04-03,6.840636415645312,6.901462919418992,6.706506348177781,6.750176429748535,21535227
2020-04-06,7.026234749831918,7.252384334477883,6.985683748794696,7.200915813446045,25439983
2020-04-07,7.408349883342152,7.650096364658298,7.211833767900155,7.4036712646484375,27765420
2020-04-08,7.213392596621795,7.31944871356452,7.12917151883197,7.225869655609131,19705909
2020-04-09,7.447342239792327,7.5487197606423235,7.191559128040125,7.545599937438965,33885781
2020-04-14,7.607985205462962,7.611105028344726,7.338165520060309,7.3927531242370605,20880718
2020-04-15,7.408350260385115,7.431744842444968,7.049630112765821,7.058988094329834,22008551
2020-04-16,7.099538342417321,7.2289897871579,6.8032042743740355,6.912380218505859,25201518
2020-04-17,7.166603763180576,7.302294123940704,7.130732120286767,7.22899055480957,32737286
2020-04-20,7.291376685227391,7.402111438148266,7.171283206940952,7.358441352844238,18822180
2020-04-21,7.249265513369275,7.249265513369275,6.98724425359829,7.013758659362793,18313621
2020-04-22,7.0340333301080085,7.101097990873717,6.966967925642013,7.0028395652771,13310940
2020-04-23,7.063666861660549,7.27577987540047,7.005960175120539,7.1775221824646,17404052
2020-04-24,7.05742917334071,7.172843297813602,7.0215567835840265,7.093300819396973,14076364
2020-04-27,7.3288067658867,7.419266745910949,7.236787246436209,7.386514186859131,19063819
2020-04-28,7.626702197703522,7.9464309116802925,7.564316143449538,7.907440185546875,38919315
2020-04-29,7.919136734623419,8.519603408291074,7.887943708958891,8.414326667785645,38748378
2020-04-30,8.402629102011238,8.484511260145805,8.06340503692627,8.06340503692627,31878110
2020-05-04,7.796703036447392,7.798262575920134,7.595507570458145,7.604865550994873,31056832
2020-05-05,7.837933335269081,7.928545660429836,7.62273012390199,7.6842169761657715,20372249
2020-05-06,7.682598811742766,7.724668680918769,7.540208129198086,7.574188232421875,15964661
2020-05-07,7.64376454346614,7.782918542512549,7.588750279409107,7.779682636260986,15856159
2020-05-08,7.860586130035522,7.886475696154263,7.689070744278895,7.781301021575928,10220683
2020-05-11,7.867059966609274,7.867059966609274,7.535355586366182,7.671273708343506,15353154
2020-05-12,7.577423833029153,7.742466625136142,7.577423833029153,7.642146587371826,12065219
2020-05-13,7.504611105265986,7.549916882398099,7.384874077892765,7.451214790344238,19512987
2020-05-14,7.350894059268948,7.37192899262593,7.0806758318196845,7.297497749328613,21598034
2020-05-15,7.402672039299196,7.506228758510436,7.2068858162631795,7.257046222686768,15376412
2020-05-18,7.362220476455572,7.771591927364855,7.352511986359297,7.755411624908447,18277229
2020-05-19,7.93663544763098,7.988413032476601,7.702015276519479,7.85087776184082,20563282
2020-05-20,7.761882452837005,7.896182572505601,7.637290822033367,7.881619453430176,12958420
2020-05-22,7.685833797412719,7.862203790497132,7.598458163146839,7.690687656402588,15893069
2020-05-25,7.781301232713605,7.807190027978675,7.6955435375083425,7.797481536865234,8935386
2020-05-26,7.862205763981543,8.13080531774261,7.862205763981543,8.118669509887695,19563897
2020-05-27,8.207662791057889,8.519140768694331,8.207662791057889,8.430147171020508,32691374
2020-05-28,8.527231346704191,8.620270213562991,8.397785832543054,8.490824699401855,25747896
2020-05-29,8.32497258803756,8.462508640550483,8.240024258191648,8.333063125610352,42188122
2020-06-02,8.535322096703581,8.70521953115847,8.474644606874579,8.632406234741211,22171583
2020-06-03,8.737582315871707,9.057150891867668,8.713311470347573,9.036925315856934,30736414
2020-06-04,8.931748955820892,8.988381175324003,8.73353541600388,8.903432846069336,29065738
2020-06-05,9.061193307687986,9.231090715962711,9.004561095448418,9.174458503723145,30061209
2020-06-08,9.097602008231144,9.405035519965134,9.061195357397105,9.198731422424316,22372715
2020-06-09,9.138054354452795,9.16637046829866,8.798259445189926,8.95197582244873,25992762
2020-06-10,9.032879156984388,9.125918031963375,8.83466559968108,8.879162788391113,18467242
2020-06-11,8.616225707207038,8.65667762685081,8.312837467213042,8.349244117736816,31269278
2020-06-12,8.18743666429941,8.523186263289709,8.151030016205366,8.296656608581543,18857936
2020-06-15,8.090353327493826,8.30474796843265,8.020775930875294,8.2764310836792,21427222
2020-06-16,8.575773367572245,8.725444446435338,8.418010980037199,8.539366722106934,21898700
2020-06-17,8.583864999426362,8.693084959568779,8.494871386471202,8.55959415435791,14407718
2020-06-18,8.47868871691946,8.628360571780512,8.434192304573832,8.547456741333008,16606347
2020-06-19,8.656676596061162,8.66072186469947,8.409921381573183,8.426101684570312,39772411
2020-06-22,8.333063632459922,8.604090485184287,8.28856644465921,8.462509155273438,14594449
2020-06-23,8.486779041434854,8.798257777823205,8.462508201531735,8.680947303771973,16357583
2020-06-24,8.6162241056413,8.71330900336289,8.45441722869873,8.45441722869873,21354737
2020-06-25,8.357334789577688,8.668813572790997,8.31688286928725,8.648587226867676,21901746
2020-06-26,8.737580949254031,8.867026467211607,8.65263184587178,8.693083763122559,25145542
2020-06-29,8.608134745400678,8.842754920893297,8.579817865492116,8.757805824279785,16114870
2020-06-30,8.745671994263184,8.826575061900963,8.680948459974292,8.822529792785645,13585526
2020-07-01,8.782076445477243,8.875116076891615,8.705218659449633,8.75376033782959,15818203
2020-07-02,8.818484212615834,9.012653265521198,8.794213370336227,8.972201347351074,17512285
2020-07-03,8.980292758381179,9.028834447659731,8.887253106077512,8.931750297546387,9674430
2020-07-06,9.061193991585368,9.198730035881498,8.980290935359227,9.109736442565918,17443692
2020-07-07,9.061194685270179,9.129962712682818,8.980291622850459,9.045014381408691,13468763
2020-07-08,8.91152385587397,9.000517458603312,8.871071937703846,8.972201347351074,14160337
2020-07-09,9.020742333173322,9.077375322847233,8.846800410160622,8.89938735961914,12804579
2020-07-10,8.80634998031552,9.02478912386405,8.80634998031552,9.0086088180542,8838772
2020-07-13,9.142099213656266,9.142099213656266,8.976247035808573,9.061195373535156,15852882
2020-07-14,9.004561095448418,9.255361553843093,8.947928883208851,9.174458503723145,18711103
2020-07-15,9.243228526816248,9.279635177316473,9.129963306198189,9.214912414550781,12348134
2020-07-16,9.17041496110611,9.251318798005983,9.146144118658617,9.23109245300293,11029998
2020-07-17,9.214912063303036,9.267499016712115,9.109737384928714,9.190640449523926,10272332
2020-07-20,9.117827197657553,9.202775524459481,9.024787562016643,9.113781929016113,12140932
2020-07-21,9.303905056940376,9.526389434462159,9.235137032179008,9.352447509765625,20855120
2020-07-22,9.35244789401543,9.429305687775319,9.279634597564044,9.32413101196289,15668048
2020-07-23,9.340311928932929,9.35244773532095,9.065239823253469,9.0814208984375,15297035
2020-07-24,9.020742293375204,9.178504684166944,8.960064806865812,9.113781929016113,10821183
2020-07-27,9.00456189839672,9.18659435606569,8.984335555396104,9.1542329788208,9840943
2020-07-28,9.158279791547702,9.239183634078723,8.927704843357386,8.988382339477539,17196106
2020-07-29,9.00860791935821,9.057149603501497,8.72139999721182,8.79421329498291,19769604
2020-07-30,8.83466495969346,8.83466495969346,8.519140935577216,8.591954231262207,18977958
2020-07-31,8.652631759643555,8.838710268520307,8.604090076671282,8.652631759643555,16076104
2020-08-03,8.656677368807161,8.846801153998701,8.600045145927727,8.81443977355957,12745137
2020-08-04,8.871071250560238,9.00456203009228,8.842755141501335,8.89938735961914,11287913
2020-08-05,8.956019619322417,9.00456207190315,8.903432669619724,8.960064888000488,7778693
2020-08-06,8.94793197480728,9.073332247331646,8.826576200363707,8.964112281799316,13219958
2020-08-07,8.939838754681144,8.992425701081007,8.810393251337427,8.907477378845215,8215562
2020-08-10,9.000515767870127,9.113780963158549,8.984334695019202,9.057147979736328,10800730
2020-08-11,9.101646549099094,9.227046796628741,9.08142097650133,9.202775955200195,12959160
2020-08-12,9.18254969196854,9.368627414852424,9.18254969196854,9.267498016357422,11721212
2020-08-13,9.20681987808233,9.344355911997871,9.150187665842763,9.174458503723145,8672910
2020-08-14,9.117828066953534,9.125917833451592,8.92770428045993,9.073330879211426,8180649
2020-08-17,9.069284614203745,9.150188442748943,8.968155214300294,9.012652397155762,6578484
2020-08-18,8.935793787215294,8.984335466826046,8.854889959122595,8.895341873168945,10043922
2020-08-19,8.858935491286474,9.016697883605957,8.846800456800743,9.016697883605957,10914706
2020-08-20,8.887251027461726,8.89534156430129,8.78612163163535,8.850844383239746,9750606
2020-08-21,8.834664081116676,8.879161262178222,8.745670490549648,8.850844383239746,10259881
2020-08-24,8.923657939861503,9.05310344696045,8.915568174334881,9.05310344696045,10554988
2020-08-25,9.113781797059213,9.166368745524329,8.992426054241417,9.012652397155762,9620634
2020-08-26,8.976245747808418,9.113781793345556,8.939839102133524,9.093555450439453,6594168
2020-08-27,9.077374320799985,9.113780963158549,9.012651572508322,9.057147979736328,6660014
2020-08-28,9.093554968280058,9.113781310113719,8.992425573779908,9.024786949157715,6951619
2020-08-31,9.045014250761449,9.105691739588842,8.887251853942871,8.887251853942871,8748758
2020-09-01,8.943886020345513,8.984337170506441,8.830620793848711,8.947931289672852,12996039
2020-09-02,8.98838121231141,9.174459718175543,8.98838121231141,9.101646423339844,15317639
2020-09-03,9.142099213656266,9.348403311564512,8.99647261006075,9.061195373535156,15332513
2020-09-04,9.024787431348278,9.170414014107196,8.992426054241417,9.012652397155762,11134164
2020-09-07,9.061195323507874,9.182551083019527,9.053104785229193,9.138053894042969,8055058
2020-09-08,9.182549812677319,9.223000955362204,8.891296647387168,8.956019401550293,12552378
2020-09-09,8.939839615480183,9.142098426818848,8.891297161274204,9.142098426818848,11376932
2020-09-10,9.085466083257515,9.170415191290285,9.020743320735496,9.097601890563965,8036709
2020-09-11,9.049058559358107,9.089509699913327,9.008606647246836,9.024786949157715,8284895
2020-09-14,9.093556310725138,9.263453749428907,9.073330737461708,9.247273445129395,14896081
2020-09-15,9.186593476319654,9.251316996167336,9.028831873803227,9.057147979736328,13375703
2020-09-16,9.032877883328414,9.125916745188713,8.960064592635629,9.109736442565918,9478598
2020-09-17,9.02478863918042,9.065240558866899,8.956020607180264,9.020743370056152,9839486
2020-09-18,9.03287725330944,9.03287725330944,8.858934575798951,8.88320541381836,26549539
2020-09-21,8.830619843543339,8.830619843543339,8.308792501372636,8.337108612060547,21873058
2020-09-22,8.397786186540676,8.44632787061925,8.280475702164498,8.320927619934082,12158001
2020-09-23,8.373515306482066,8.446327832269327,8.235979249623647,8.260250091552734,14793179
2020-09-24,8.110577368074328,8.14698401288623,7.993267668224031,8.069316864013672,20490982
2020-09-25,8.110577092470336,8.118667629166074,7.8104255879964954,7.829842567443848,23205281
2020-09-28,8.009447483329136,8.32901673022359,7.985176645449819,8.308791160583496,18882367
2020-09-29,8.252160038107741,8.268341114714362,8.15103062398496,8.191482543945312,11865977
2020-09-30,8.142939350430419,8.385650076721232,8.134849584413757,8.333063125610352,14289262
2020-10-01,8.401830015417568,8.474643300611547,8.272384517986508,8.308791160583496,12793588
2020-10-02,8.23597860083672,8.385649681091309,8.21575225785901,8.385649681091309,8345723
2020-10-05,8.535321706855159,8.612180268624677,8.49082452295342,8.547456741333008,12558551
2020-10-06,8.575774908745931,8.769943205084667,8.55554856232134,8.70926570892334,12673261
2020-10-07,8.697128295898438,8.761851049399242,8.636450810935944,8.697128295898438,8939808
2020-10-08,8.75376051232262,8.862980448188758,8.689037758821817,8.697128295898438,17759488
2020-10-09,8.721399968146835,8.822529376590511,8.555547800023701,8.595999717712402,13558059
2020-10-12,8.612180878959553,8.70926501944313,8.600045072065544,8.636451721191406,11600310
2020-10-13,8.680947966219348,8.729490421285972,8.604090172068405,8.612180709838867,13088435
2020-10-14,8.616224765746553,8.676903024360236,8.5231859008212,8.547456741333008,11731987
2020-10-15,8.401830409510106,8.450372087545615,8.244068027004545,8.418010711669922,13265328
2020-10-16,8.494869663457221,8.64049624744301,8.393740262701778,8.583863258361816,10622248
2020-10-19,8.64454177877028,8.871071427311072,8.64454177877028,8.842755317687988,15296194
2020-10-20,9.020743369481679,9.303906035712806,9.016698871913864,9.077376365661621,26739633
2020-10-21,9.097600805856816,9.23918212132656,8.996471405029297,8.996471405029297,21111846
2020-10-22,8.931749715156768,9.117828236074715,8.822529764067287,9.097601890563965,15852463
2020-10-23,9.125916745188713,9.271543326574283,9.069284528674807,9.109736442565918,15369210
2020-10-26,8.988379963231933,9.194684012745117,8.891295840794438,9.057147979736328,15664937
2020-10-27,9.061195610700635,9.109738070355078,8.90343396704708,8.927704811096191,13049537
2020-10-28,8.802303182266265,8.802303182266265,8.502960246987056,8.563637733459473,23394760
2020-10-29,8.600044462590718,8.71735416802788,8.47868871691946,8.547456741333008,17427996
2020-10-30,8.462508847309916,8.676903468890266,8.442283274439909,8.612180709838867,16640430
2020-11-02,8.672857211145713,8.960064325245078,8.640495835309784,8.907477378845215,15105840
2020-11-03,8.947931256941509,9.425261462477991,8.931750179691342,9.42121696472168,28554719
2020-11-04,9.182551266319239,9.425261247075065,9.129963538014255,9.360538482666016,22495598
2020-11-05,9.384809567266084,9.558751504556177,9.376719029283429,9.50616455078125,16661954
2020-11-06,9.48189422626231,9.599203947193256,9.384810079836498,9.498074531555176,12800769
2020-11-09,9.676061488667107,10.096759411710307,9.587067890143155,9.930907249450684,34729961
2020-11-10,9.967315217879175,10.161484287341986,9.89450191327515,10.096760749816895,34061660
2020-11-11,10.068444069699462,10.193845096820768,9.987541002568108,10.181709289550781,15468248
2020-11-12,10.023947015201818,10.11294061485231,9.983495098431181,10.032036781311035,16043317
2020-11-13,9.98349566372752,10.129122263725185,9.947089013728103,10.060354232788086,14830236
2020-11-16,10.129121461895954,10.57813549041748,10.07653373981249,10.57813549041748,38682877
2020-11-17,10.5174583899894,10.711626667400346,10.468915934858591,10.663084983825684,26164408
2020-11-18,10.55386490544623,10.687355690928491,10.4891421471249,10.642858505249023,16860493
2020-11-19,10.481050545547639,10.687354606089162,10.432508867512022,10.598361015319824,17541829
2020-11-20,10.634768262284464,10.703535514805871,10.53768335759942,10.574090003967285,20348974
2020-11-23,10.711626357831394,10.800620727739894,10.638813063017578,10.756123542785645,17934405
2020-11-24,10.930816827267599,11.167900620758065,10.897541922801153,11.147103309631348,20944059
2020-11-25,11.230291006700048,11.230291006700048,10.905860092016532,11.022322654724121,30408943
2020-11-26,11.043119448982956,11.047278911326938,10.810195111074274,10.926657676696777,10399993
2020-11-27,10.855948658804232,10.993207746038028,10.826833215048024,10.947454452514648,12717735
2020-11-30,10.81435372289954,10.872584604462935,10.706210090470194,10.722847938537598,17959505
2020-12-01,10.623024839522545,10.826833749207587,10.539837173255172,10.818514823913574,16136505
2020-12-02,10.785238282117843,10.789397744134694,10.577269941292853,10.722847938537598,21336266
2020-12-03,10.781079989156892,10.839310877034604,10.693732864003978,10.760283470153809,14090168
2020-12-04,10.814354708644725,10.830992558228694,10.697892141565932,10.714529991149902,11762893
2020-12-07,10.689574497316482,10.801876813781428,10.618865220034508,10.764442443847656,11755403
2020-12-08,10.693732702872255,10.781079826709036,10.6022269099666,10.70621109008789,11179926
2020-12-09,10.668776188479942,10.78939821219258,10.664616726282649,10.727007865905762,8366264
2020-12-10,10.623024335413838,10.702051741947628,10.39009919825306,10.448330879211426,17113669
2020-12-11,10.398418007215648,10.452489431785182,10.207087496684322,10.323549270629883,12803933
2020-12-14,10.35266513192793,10.50240261114255,10.33186861240873,10.34434700012207,12503632
2020-12-15,10.319391141011861,10.485765691947897,10.286116230824655,10.460809707641602,17945201
2020-12-16,10.606386486846622,10.689574149176035,10.452489549538111,10.502402305603027,21110837
2020-12-17,10.523199625238902,10.581431310634942,10.385940527286618,10.394259452819824,14947746
2020-12-18,10.37762190735461,10.42753387153524,10.306912630318415,10.34434700012207,22869151
2020-12-21,10.190449269150085,10.198768193648064,9.945046549813853,10.123899459838867,15900912
2020-12-22,10.119740207763327,10.223724386138755,10.103103151758145,10.161334037780762,8227646
2020-12-23,10.14885599915769,10.448330950894345,10.14053707420137,10.42337417602539,10054222
2020-12-28,10.464968940216444,10.506562775368955,10.365144211852266,10.431694030761719,5227381
2020-12-29,10.452490110381452,10.489924481104648,10.356824848905012,10.419215202331543,5976587
2020-12-30,10.415056510307833,10.523199366232186,10.373462677001953,10.373462677001953,6975396
2021-01-04,10.506561302766666,10.58974816807578,10.41505551292575,10.498242378234863,11917394
2021-01-05,10.48992359609249,10.760283093691791,10.481605464784085,10.614705085754395,16856020
2021-01-06,10.797717090432661,11.072236061096191,10.785239496313649,11.072236061096191,21432545
2021-01-07,11.147105486935173,11.421623700737586,11.09303405411683,11.371711730957031,23851468
2021-01-08,11.459055745297698,11.488171980643353,11.155422145291094,11.234450340270996,15084607
2021-01-11,11.21781225636999,11.271884470399382,11.076393718143349,11.205334663391113,9316944
2021-01-12,11.30099938181427,11.421620603858866,11.234449577926995,11.280202865600586,12798259
2021-01-13,11.305160383403447,11.367550733877842,11.105510944550844,11.134626388549805,11374537
2021-01-14,11.209494154236102,11.300999940773014,11.155421940068075,11.251087188720703,8980839
2021-01-15,11.296841904095274,11.375870107593112,11.117988977233185,11.201176643371582,16020637
2021-01-18,11.147103750891533,11.172060525231512,11.068076345490597,11.159582138061523,7427653
2021-01-19,11.180379457131233,11.226132753360556,10.968252413408564,10.997367858886719,11539174
2021-01-20,10.976568626452048,11.15958098603753,10.947453186064045,11.0597562789917,10628638
2021-01-21,11.059756087425733,11.134624814747369,11.00568387621067,11.014002799987793,8336355
2021-01-22,10.947454476354338,11.022323213796962,10.860108144895506,10.939135551452637,9128521
2021-01-25,10.99736682620181,11.093032079028614,10.718689198979504,10.747804641723633,12762254
2021-01-26,11.230292027628442,11.230292027628442,10.868426713225743,11.005685806274414,21909875
2021-01-27,11.022323236736396,11.022323236736396,10.810195411319597,10.876745223999023,19616917
2021-01-28,10.810196481281116,11.088874146960036,10.61470648635332,11.047280311584473,15311609
2021-01-29,10.905860998969693,10.955773756662735,10.639661740170462,10.710371017456055,17592564
2021-02-01,10.756125413007965,10.885065593013492,10.69789372418575,10.872587203979492,11664986
2021-02-02,10.955773975353571,11.080554682072394,10.92665853000827,11.068077087402344,12054004
2021-02-03,11.101351993789317,11.267726533835493,11.068077085780082,11.122148513793945,10978428
2021-02-04,11.155422421315164,11.276044447865745,11.014003876625118,11.192856788635254,9560428
2021-02-05,11.217812533785668,11.263565824736434,11.109668896388778,11.163741111755371,8976362
2021-02-08,11.205336284396758,11.359232437865467,11.188698433569659,11.355072975158691,12093084
2021-02-09,11.363392779904459,11.413305542911758,11.238612062390889,11.380030632019043,11838530
2021-02-10,11.41330412066323,11.57551919188402,11.346754307170785,11.429941177368164,14149436
2021-02-11,11.454898729411454,11.47569525003733,11.325957762854516,11.330117225646973,7521480
2021-02-12,11.305160729519557,11.417463839813523,11.23029198932358,11.396666526794434,6997983
2021-02-15,11.463216679299295,11.63791014712136,11.459057216573008,11.604635238647461,9894959
2021-02-16,11.579678214592272,11.783487109839163,11.56719982753524,11.746052742004395,11454023
2021-02-17,11.795965353206652,11.808442946775367,11.596315129407769,11.629590034484863,10640567
2021-02-18,11.646229414506392,11.725257621953311,11.41746451119887,11.438261032104492,11858910
2021-02-19,11.52144767135792,11.64206890982182,11.471534914980078,11.571359634399414,11719783
2021-02-22,11.542243135372477,11.758530404345928,11.48401225270127,11.72109603881836,9557011
2021-02-23,11.787646081976218,11.850036427994084,11.542243366747831,11.750211715698242,11948945
2021-02-24,11.758532569244963,12.041369697155588,11.733575792074198,12.008094787597656,17080590
2021-02-25,12.045527458190918,12.182787342268533,11.983137106642415,12.045527458190918,13167221
2021-02-26,11.854196592988451,11.974818623332583,11.69198152505729,11.729415893554688,17370528
2021-03-01,11.854196964832953,12.012252575296058,11.83340044538709,11.983137130737305,12934412
2021-03-02,11.912428167977769,12.207743670579386,11.912428167977769,12.145353317260742,15296742
2021-03-03,12.1079184831738,12.199424278316352,11.991455912989897,12.141193389892578,12425496
2021-03-04,12.128715850515556,12.19110620580909,11.912428545050659,12.016412734985352,13219455
2021-03-05,11.895790773262835,12.112078065747118,11.8167625715212,11.937384605407715,14338311
2021-03-08,11.96234015090087,12.307567596435547,11.954021226108146,12.307567596435547,14598190
2021-03-09,12.23269951710022,12.23269951710022,11.941543480405011,12.082962036132812,16105350
2021-03-10,12.028890792564491,12.195265333217145,12.008094272484055,12.074644088745117,10681557
2021-03-11,11.995615801722618,12.045527766906071,11.80428448628903,11.887472152709961,12729190
2021-03-12,11.895790749376111,12.091280728727229,11.820922010332938,11.999774932861328,10423695
2021-03-15,11.89994939449063,12.024730088766974,11.741893002181866,11.787646293640137,9216912
2021-03-16,11.858356683292495,12.04968720499971,11.82924123810543,11.895791053771973,10564404
2021-03-17,11.891631515640126,12.10375934923183,11.870834995877487,12.082962036132812,12547840
2021-03-18,12.211902864396277,12.602882826364969,12.128715199578565,12.56128978729248,25072938
2021-03-19,12.386595025531834,12.453144833065231,12.216061044560469,12.353320121765137,39047538
2021-03-22,12.228539652667374,12.419870960209554,12.178627689542529,12.328364372253418,13029423
2021-03-23,12.382435817869133,12.482260531220756,12.29092923562792,12.320045471191406,10900862
2021-03-24,12.21190204535632,12.415710937820455,12.141192773004576,12.411551475524902,10358440
2021-03-25,12.320046606883666,12.473942756652832,12.253495998511484,12.473942756652832,14464496
2021-03-26,12.55297016636454,12.673591400994493,12.482260893189627,12.582085609436035,10714827
2021-03-29,12.378277510696355,12.378277510696355,11.958181306972772,12.091280937194824,22574782
2021-03-30,12.166149140904313,12.320046077395707,12.087120941444606,12.220220565795898,13756974
2021-03-31,12.27429275852238,12.390755326255965,12.166149115627553,12.174468040466309,14741952
2021-04-01,12.195264446866384,12.40739226828223,12.103758654492154,12.378276824951172,11133410
2021-04-06,12.428189872953812,12.652796101141222,12.378277906691988,12.548811912536621,15757542
2021-04-07,12.55713068146532,12.561290144158013,12.399074272488567,12.440668106079102,10895533
2021-04-08,12.461464628158524,12.461464628158524,12.290930624413365,12.3865966796875,9222640
2021-04-09,12.453145747722372,12.478101729046289,12.324204791986727,12.424030303955078,9696156
2021-04-12,12.444827410890372,12.444827410890372,12.261815021415643,12.332524299621582,7603950
2021-04-13,12.434904560476573,12.464765264963455,12.208815904422655,12.2983980178833,8710660
2021-04-14,12.238676963372141,12.53301889924757,12.140562171103799,12.490361213684082,11927339
2021-04-15,12.520220484462318,12.584207819119047,12.387979884352662,12.400776863098145,10669018
2021-04-16,12.49035923945508,12.65246053444689,12.396510393305498,12.639662742614746,15475614
2021-04-19,12.66952535971901,12.707917924914286,12.456233692475546,12.460498809814453,7509458
2021-04-20,12.44343417546716,12.541548133530918,12.10216788061799,12.132028579711914,10681516
2021-04-21,12.123497307839568,12.170421730776859,11.863281236849955,11.991256713867188,14320349
2021-04-22,11.98272555497977,12.016852188122586,11.812092389265699,11.923004150390625,15588393
2021-04-23,11.863282161791354,11.948599153121396,11.760902260381181,11.940067291259766,10520136
2021-04-26,11.961396699437325,12.1277639340953,11.884611571551147,12.046712875366211,13745867
2021-04-27,11.696915229676545,11.83768769950329,11.568940552977013,11.80782699584961,14615838
2021-04-28,11.880346354274316,12.09790395847122,11.880346354274316,12.029650688171387,12633502
2021-04-29,12.097903231838034,12.136295795781123,11.999788449737299,12.046712875366211,9935471
2021-04-30,12.038180713580937,12.04671257505407,11.880345344543457,11.880345344543457,10500012
2021-05-03,11.910207103077463,12.050979575305213,11.876080467799316,11.952865600585938,7818586
2021-05-04,11.957131631118541,12.055245606653585,11.624396324157715,11.624396324157715,12834805
2021-05-05,11.731041330435346,11.957130783533438,11.71397760704238,11.923004150390625,10811469
2021-05-06,11.974194771392359,12.042448043823242,11.93153627271226,12.042448043823242,10394451
2021-05-07,12.157624342627845,12.170422134847389,11.969927458290016,12.055244445800781,9672766
2021-05-10,12.119232426890708,12.157624991956759,11.888877850137536,12.01258659362793,8979199
2021-05-11,11.829156137529067,11.867548704241592,11.586003757445189,11.624396324157715,14021756
2021-05-12,11.624395436143248,11.820623372223027,11.586002872363618,11.773699760437012,10449930
2021-05-14,11.824889263160307,11.905940321270913,11.756635997480778,11.850484848022461,8436965
2021-05-17,11.876079724703086,11.978459624131531,11.846219022408514,11.923004150390625,9743557
2021-05-18,11.995523227024988,12.089371263814211,11.948598801808824,11.974193572998047,6977075
2021-05-19,11.9102064841834,12.055244879989635,11.752370295696688,11.867547988891602,10876950
2021-05-20,11.96139779133856,12.093638404967999,11.905941498961475,12.042448043823242,9911483
2021-05-21,12.050980019052085,12.191752496463426,11.940068246903273,12.166157722473145,10226838
2021-05-25,12.260004936306345,12.400777404150366,12.174688757589351,12.285599708557129,12416306
2021-05-26,12.264269460979387,12.264269460979387,11.944331996779924,12.123497009277344,11143447
2021-05-27,12.217345742961532,12.434903328786445,12.187485041432383,12.353852272033691,14818229
2021-05-28,12.422107015850457,12.597006117301502,12.353852934013895,12.537283897399902,9850357
2021-05-31,12.533018737518809,12.592740961094783,12.443436622619629,12.443436622619629,4850633
2021-06-01,12.550081358178158,12.686587890952511,12.524486586693744,12.622600555419922,8551460
2021-06-02,12.669526294709993,12.707918862738579,12.562880453217966,12.588475227355957,6462662
2021-06-03,12.545815837124037,12.742044594629187,12.533018044142242,12.737778663635254,8300792
2021-06-04,12.690853068124005,12.720713768689642,12.53301689045027,12.59273910522461,7415889
2021-06-07,12.62686750253283,12.750576252699972,12.579943072998821,12.597006797790527,6325192
2021-06-08,12.558614298796254,12.652462344730317,12.498892075344408,12.567145347595215,7365176
2021-06-09,12.558613595115233,12.584208367364369,12.405043334334133,12.460498809814453,6686228
2021-06-10,12.422106080042221,12.554346675499364,12.375181656578075,12.41357421875,6124159
2021-06-11,12.294131485899998,12.45623360753986,12.26000485191947,12.439169883728027,7315435
2021-06-14,12.422106767829884,12.524486668075898,12.405043044300655,12.469030380249023,5263793
2021-06-15,12.490360344798177,12.537283958382437,12.400777421331606,12.511689186096191,5437664
2021-06-16,12.58420857662829,12.643929984083767,12.396511678512734,12.430638313293457,11799899
2021-06-17,12.515954222257754,12.750574714334313,12.451966889295335,12.486093521118164,14148701
2021-06-18,12.58420849355372,12.58420849355372,12.183219927294978,12.234410285949707,31158582
2021-06-21,12.123498932512177,12.21734697732029,12.046713798740459,12.174689292907715,9862690
2021-06-22,12.20028419722016,12.208816059651511,12.059511721675602,12.119233131408691,8231168
2021-06-23,12.123498770730295,12.174689130442724,12.05524550020917,12.127764701843262,10221559
2021-06-24,12.161890717051321,12.264270617613352,12.140561062573946,12.21734619140625,5363841
2021-06-25,12.22587784745193,12.264270411221986,12.166156443206557,12.247206687927246,5292811
2021-06-28,12.217346520546013,12.302663513467738,12.136296272277832,12.136296272277832,6697634
2021-06-29,12.14909312981984,12.341055955146912,12.127764288624894,12.187485694885254,6623661
2021-06-30,12.080840110778809,12.136296400858418,11.948599502627912,12.080840110778809,7978468
2021-07-01,12.15762513719921,12.204549564761223,12.102169661243039,12.183219909667969,6412112
2021-07-02,12.20028262941448,12.238675191778713,12.07230715031934,12.085104942321777,5893274
2021-07-05,12.063777173647534,12.21734662309526,12.042447518416495,12.208815574645996,3887499
2021-07-06,12.200282705373748,12.204548636067788,11.893142204547612,11.931534767150879,7190366
2021-07-07,11.96139671438168,12.063776613810123,11.829155299015548,11.923004150390625,7857224
2021-07-08,11.773700833704849,11.773700833704849,11.40257295455151,11.496421813964844,12030291
2021-07-09,11.504952056150424,11.709712671832873,11.453762512462157,11.667054176330566,9734776
2021-07-12,11.675586370811704,11.795029185249486,11.517750177049155,11.756636619567871,8354018
2021-07-13,11.769433889722869,11.876079719956934,11.71397760236101,11.7481050491333,7012531
2021-07-14,11.73957341806353,11.88034588419224,11.718243763411829,11.765168190002441,5651588
2021-07-15,11.841953776845129,11.850485639035343,11.70544723637434,11.803561210632324,7032595
2021-07-16,11.824889950618738,11.893143220266278,11.645724914383159,11.73104190826416,6616328
2021-07-19,11.556142515098559,11.556142515098559,11.283129443312108,11.389775276184082,11968985
2021-07-20,11.645724442922331,12.076573698657066,11.641459325679788,11.995523452758789,15060706
2021-07-21,12.02965023435548,12.379448434856853,11.935801381001264,12.341055870056152,13884722
2021-07-22,12.409309345829373,12.503157387113864,12.272802808090786,12.311195373535156,8298060
2021-07-23,12.37518314342118,12.533018528075388,12.336790576636497,12.473297119140625,7517138
2021-07-26,12.43490340513651,12.682321694009714,12.341055369233947,12.678055763244629,10127906
2021-07-27,12.712182974533347,12.712182974533347,12.524486894182047,12.66525936126709,8049977
2021-07-28,12.660993766339043,12.707918194493843,12.537284206164813,12.57994270324707,6522039
2021-07-29,12.614068698081974,12.827360359026594,12.562879155095409,12.797499656677246,11101216
2021-07-30,12.690853806638378,12.861486972402373,12.665259035184558,12.746309280395508,9423170
2021-08-02,12.771904989483998,12.968132928606822,12.75057533502948,12.87001895904541,8215960
2021-08-03,12.852955733728054,12.946804589679747,12.733512918725033,12.831626892089844,6723221
2021-08-04,12.7975002744182,12.921209834286289,12.784702481232245,12.882817268371582,7461097
2021-08-05,12.823095069951904,12.968133471744704,12.823095069951904,12.929740905761719,7913328
2021-08-06,12.895614712639574,13.164362683727516,12.891348781423856,13.143033027648926,10865390
2021-08-09,13.168626523392959,13.224081993103027,13.138765009625786,13.224081993103027,5493819
2021-08-10,13.198488364410679,13.326463037045773,13.11743730446545,13.317931175231934,6304105
2021-08-11,13.343526118241734,13.437374152746228,13.296601694167943,13.360589027404785,6360903
2021-08-12,13.386184315687403,13.48429909833115,13.364855474997915,13.373387336730957,5541436
2021-08-13,13.403248702585062,13.458704179308524,13.30940065980568,13.381919860839844,3730438
2021-08-16,13.296602662990267,13.317931504408923,13.138766470105523,13.236881256103516,7573042
2021-08-17,13.189956228236362,13.258209494041113,13.108905169977055,13.202754020690918,4957268
2021-08-18,13.125969574534862,13.279539023744805,13.07477921570278,13.258210182189941,5444254
2021-08-19,13.006525305343619,13.08757636381526,12.878550635035227,12.951069831848145,8673737
2021-08-20,12.908412226142318,13.002260269921825,12.865753728554116,12.976665496826172,6809496
2021-08-23,13.027854343171557,13.087575744671105,13.00652469003381,13.040651321411133,4552550
2021-08-24,13.040651864142383,13.125968852957985,12.985196390962416,13.100373268127441,5046260
2021-08-25,13.096108216544318,13.253943588907505,13.06198158357581,13.249677658081055,5840198
2021-08-26,13.198488009674211,13.27527313664876,13.151563584602409,13.17715835571289,5360540
2021-08-27,13.147298436710084,13.147298436710084,13.032120739389617,13.134501457214355,4775221
2021-08-30,13.147297314740863,13.147297314740863,13.01932264884582,13.087575912475586,3767304
2021-08-31,13.053451168739596,13.08331187419135,12.951071258486499,13.03638744354248,9951668
2021-09-01,13.061983274193853,13.194223892357396,13.015058842672538,13.10464096069336,7588436
2021-09-02,13.134501232319865,13.143032280623228,13.015057605998269,13.113171577453613,5453806
2021-09-03,13.032119169715797,13.091841383527418,12.989461491677137,13.049182891845703,5710951
2021-09-06,13.049182655500944,13.215549875039052,13.010790095047067,13.155828475952148,4389617
2021-09-07,13.147297653810144,13.2112849884079,13.117436951907397,13.17715835571289,5042804
2021-09-08,13.091842425967206,13.185690464225196,12.972398802476302,13.070512771606445,7123839
2021-09-09,12.89987950089942,13.061981618161386,12.814563325073802,12.997993469238281,7265643
2021-09-10,12.96386689621956,13.113171221659762,12.887081768070708,12.97239875793457,5663359
2021-09-13,13.010791897801303,13.189956933529865,13.010791897801303,13.134501457214355,5487438
2021-09-14,13.215551314006367,13.249677947720889,13.044918145433757,13.06624698638916,6947200
2021-09-15,13.044917794947475,13.219816889740663,13.032120002532201,13.100373268127441,8492229
2021-09-16,13.13023525889293,13.300868429055548,13.125969327933472,13.189956665039062,7635443
2021-09-17,13.258210099586439,13.317931506482488,13.032120637755021,13.061982154846191,18485163
2021-09-20,12.79750038000304,12.79750038000304,12.17468908539161,12.204549789428711,16171436
2021-09-21,12.225878722329039,12.285600130848042,12.021118909998311,12.050979614257812,11394616
2021-09-22,12.191751030999146,12.353852331643736,12.085105202941547,12.32825756072998,8354944
2021-09-23,12.49889226261086,12.524487850320792,12.38798130377395,12.490361213684082,5938037
2021-09-24,12.405043514153443,12.558613777160645,12.370916879445526,12.558613777160645,5848645
2021-09-27,12.588474255174704,12.784702197817028,12.554347621078513,12.712182998657227,8082265
2021-09-28,12.784702173555528,12.840158462383563,12.622600865317018,12.66525936126709,9704943
2021-09-29,12.71218225982922,12.88708135111252,12.68232155843594,12.857220649719238,7640228
2021-09-30,12.942538051211038,13.002259455909734,12.737778251978549,12.797499656677246,9193180
2021-10-01,12.584209296059091,12.614070001493948,12.417842043697355,12.588475227355957,9358180
2021-10-04,12.528752352858042,12.737778080126521,12.498890837268455,12.575675964355469,7044135
2021-10-05,12.571409774395727,12.835891782949432,12.541549073064827,12.810297012329102,6986542
2021-10-06,12.793234625127278,12.85722196518006,12.503157815668619,12.64819622039795,8400016
2021-10-07,12.797499503753954,13.125968852957985,12.729246238158716,13.100373268127441,10713750
2021-10-08,13.096108583007211,13.266741752624512,13.066247066386442,13.266741752624512,11361812
2021-10-11,13.232615510826115,13.386184961210878,13.22408364868164,13.330729484558105,7704642
2021-10-12,13.232615058245797,13.300868325780892,13.104639571385146,13.292336463928223,5864292
2021-10-13,13.249677345850046,13.28806990874028,13.0790441850285,13.207018852233887,7121453
2021-10-14,13.236881133902411,13.475767572887195,13.211285548064545,13.462969779968262,8758502
2021-10-15,13.531223812803267,13.650667445866143,13.526957881589253,13.544021606445312,8975663
2021-10-18,13.637868338466063,13.693323811619777,13.544020301727812,13.578146934509277,5996599
2021-10-19,13.565348561036021,13.629336706698087,13.505627159637369,13.595210075378418,4378741
2021-10-20,13.552552636644814,13.667730331420898,13.544020774740703,13.667730331420898,5903754
2021-10-21,13.548285652197722,13.629336706698087,13.441639827618372,13.595210075378418,5503199
2021-10-22,13.595211301033196,13.770109590376492,13.50562837721594,13.71038818359375,6820254
2021-10-25,13.735983068149858,13.957806587219238,13.671994919986808,13.957806587219238,9555229
2021-10-26,14.24788434030353,14.324669472405299,13.923680087587995,14.132706642150879,12157181
2021-10-27,14.090045886919231,14.264944974935167,14.038856346527924,14.171097755432129,11547741
2021-10-28,14.20095924654509,14.226553204521961,13.936476414018319,14.124174118041992,9896503
2021-10-29,14.1113780460524,14.256414823340117,14.017529188008492,14.200960159301758,10602046
2021-11-01,14.239353084361056,14.435581040403445,14.239353084361056,14.392923355102539,10132103
2021-11-02,14.264944835787043,14.482503228078675,14.256412974590692,14.473971366882324,7287436
2021-11-03,14.473971489988193,14.53369289158447,14.354528686795637,14.4185152053833,10213114
2021-11-04,14.473972952468985,14.53369436009964,14.179631031738051,14.205224990844727,9726604
2021-11-05,14.17536329649996,14.358794251283005,14.115641893042447,14.28200912475586,8574075
2021-11-08,14.303338050842285,14.350262475922456,14.22655292385404,14.303338050842285,6235640
2021-11-09,14.179630035432758,14.345997267081904,14.15829956796086,14.286275863647461,7204483
2021-11-10,14.277744797399485,14.35026318352745,14.154035239231007,14.235085487365723,7742757
2021-11-11,14.260679360995194,14.316135643736875,14.136969817681484,14.209489822387695,6405266
2021-11-12,14.218023390638505,14.286276659406237,14.081515225816755,14.235085487365723,6846323
2021-11-15,14.111377556483532,14.299073638773223,14.081515225816755,14.235085487365723,4825629
2021-11-16,14.20949156408122,14.3374662399292,14.17536411596907,14.3374662399292,7603017
2021-11-17,14.337464756265598,14.469704535800068,14.294805450539863,14.452642440795898,7950233
2021-11-18,14.431315559616976,14.439845794633381,14.175364572393507,14.200960159301758,9345404
2021-11-19,14.24361756545168,14.260681289724046,13.774376538965809,13.855426788330078,12155195
2021-11-22,13.90661550866097,14.051653901797069,13.804236423674437,13.974868774414062,9778013
2021-11-23,13.85969302960215,13.970603978771175,13.727451612224318,13.898085594177246,8632875
2021-11-24,13.881021956403377,14.132706186333618,13.87249009452432,14.094313621520996,7408562
2021-11-25,14.128438653163778,14.19669191710037,14.026059570901978,14.141237258911133,4642606
2021-11-26,13.552552345045008,13.633602590460757,13.313665098728682,13.322196960449219,15528145
2021-11-29,13.514160052678326,13.616539954453994,13.3136653664299,13.441640853881836,11216608
2021-11-30,13.228349756112278,13.620806469915571,13.15583055420374,13.59947681427002,27901092
2021-12-01,13.727451858867207,13.898085843885937,13.693324410948946,13.7914400100708,7291789
2021-12-02,13.61654042682572,13.915148280619649,13.569615998434507,13.876755714416504,8639474
2021-12-03,13.991931731331189,14.072983598733023,13.718918683271829,13.770108222961426,8127799
2021-12-06,13.851161295010657,14.094313663791077,13.791439888964415,14.017528533935547,9008689
2021-12-07,14.11990770705064,14.307605415507956,14.055921183310781,14.213756561279297,9062786
2021-12-08,14.149768040846562,14.264945733314907,14.008996390464963,14.19669246673584,7042280
2021-12-09,14.111377806230092,14.226553877143942,14.081515475034802,14.128439903259277,5194371
2021-12-10,14.04312199484444,14.124173866423927,13.991932452516384,14.055920600891113,5361951
2021-12-13,14.05165301969898,14.473971193794329,13.945007196949117,14.004730224609375,12053750
2021-12-14,14.07724948668681,14.132705773638142,13.927945976378862,13.974868774414062,7023930
2021-12-15,14.047388940925519,14.047388940925519,13.77864099209473,13.851161003112793,7981630
2021-12-16,14.043121302128522,14.20949015423897,14.004730367740876,14.119906425476074,9135843
2021-12-17,14.00046552572881,14.08151577703623,13.69332499060789,13.77437686920166,17016659
2021-12-20,13.556819153600705,13.654932315166452,13.334995616364155,13.475768089294434,8746649
2021-12-21,13.608007781520005,13.795704670640058,13.595210802617508,13.753046989440918,7669179
2021-12-22,13.710388798648399,13.795705795288086,13.629338546848194,13.795705795288086,4883796
2021-12-23,13.838362688510555,14.017528533935547,13.799970123582792,14.017528533935547,5098748
2021-12-27,13.97486918250047,14.124174324454561,13.949275224149563,14.094313621520996,3544890
2021-12-28,14.077249197735862,14.179629907907135,14.038856634832408,14.162566184997559,3299091
2021-12-29,14.162566223427373,14.171098084905312,13.99193224844097,14.08578109741211,3308073
2021-12-30,14.017527871328003,14.098578114661482,14.00899600982666,14.00899600982666,3997515
2022-01-03,14.013260853477885,14.205223665296657,13.97486829111413,14.188159942626953,4570356
2022-01-04,14.2478851394698,14.584884763389574,14.2478851394698,14.537961959838867,9988997
2022-01-05,14.5550212519897,14.640338234584256,14.503831713347404,14.631806373596191,6879678
2022-01-06,14.5550218374593,14.86642745326241,14.47823671276416,14.793909072875977,11622944
2022-01-07,14.93041664194873,15.25035414141906,14.900555938847734,15.169303894042969,15152280
2022-01-10,15.220493438318064,15.322872526868258,15.037062475105506,15.169303894042969,10876949
2022-01-11,15.211961083757526,15.293011328508838,15.12664409453781,15.203429222106934,8193928
2022-01-12,15.267417822743104,15.33567109068186,15.101050583847778,15.246088981628418,8162261
2022-01-13,15.211961123554573,15.356999517421672,15.199164144688314,15.30580997467041,5993146
2022-01-14,15.203429507826307,15.339936042228747,15.11811251700322,15.199164390563965,6290114
2022-01-17,15.258886009002554,15.348468118338749,15.246089029750603,15.339936256408691,6323774
2022-01-18,15.254618218303069,15.31007450340237,15.122378435671251,15.143707275390625,8239961
2022-01-19,15.126643590081471,15.22049243782203,14.994403807122865,15.066922187805176,7293279
2022-01-20,14.973074655803961,15.122379801900859,14.934682089926051,15.08398723602295,6547998
2022-01-21,14.879226855090431,15.113847358752954,14.823770567112883,14.921884536743164,12795643
2022-01-24,14.990139802181929,14.990139802181929,14.141239782202529,14.2222900390625,13021542
2022-01-25,14.290541564764906,14.555022773905478,14.222288297009719,14.444111824035645,10147253
2022-01-26,14.546490632958266,14.930416273769694,14.542225515743132,14.798174858093262,7017701
2022-01-27,14.65740373899741,14.896289366568922,14.589150470078934,14.687264442443848,9858531
2022-01-28,14.700061850851231,14.729922555169138,14.252149658796313,14.44837760925293,9976661
2022-01-31,14.631808111492882,14.74698580758288,14.529429022048186,14.589150428771973,12006326
2022-02-01,15.399656036662687,15.762252807617188,15.322870914685785,15.762252807617188,23528059
2022-02-02,15.783582374231152,16.150444278970962,15.745189811472656,16.039531707763672,19878444
2022-02-03,16.065128326416016,16.295483717798874,15.99687505792698,16.065128326416016,14798979
2022-02-04,16.124850569174935,16.19737058605399,15.745191641809994,15.945686340332031,10302209
2022-02-07,16.001138214050275,16.21442985534668,15.907290998434394,16.21442985534668,11354111
2022-02-08,16.22722844758886,16.495974743764528,16.2186965866694,16.466114044189453,12372440
2022-02-09,16.551432657302428,16.884168756809455,16.47038241150887,16.824445724487305,13024990
2022-02-10,16.653814392477123,16.97801702282015,16.64528253019358,16.85004234313965,14427270
2022-02-11,16.606888895481568,16.83724428046287,16.568496331318016,16.73059844970703,10909790
2022-02-14,16.244294251262296,16.350940085493946,16.039532817525593,16.265623092651367,13577591
2022-02-15,15.954215637910652,16.402127765296907,15.830506093719501,16.359468460083008,10354149
2022-02-16,16.46611476761882,16.500242212796035,15.958481225253891,16.146177291870117,9755735
2022-02-17,16.124848814358035,16.15470951591554,15.851835755954466,15.98834228515625,9238626
2022-02-18,15.975548217755199,16.116319889709306,15.864635625513554,15.91156005859375,10102466
2022-02-21,15.885965597697405,16.02673726522914,15.412457791180195,15.502039909362793,8574739
2022-02-22,15.002933895124404,15.514834181101,14.759781544060598,15.374062538146973,14867844
2022-02-23,15.433784894862766,15.531898864759128,15.190632528753031,15.199164390563965,8327922
2022-02-24,14.405719043168139,14.589150002625376,13.706122652348098,13.949275016784668,24469646
2022-02-25,14.017527398506344,14.91761841545997,14.004730420329075,14.823769569396973,21185973
2022-02-28,14.333199742235374,14.49530186898855,13.855426851437214,14.405719757080078,21163712
2022-03-01,14.333199293061961,14.47823769091984,13.650666613310923,13.663463592529297,18705934
2022-03-02,13.488564893836822,13.881021579544061,13.091842277305869,13.72745132446289,22825315
2022-03-03,13.650665866629716,13.774375416594731,13.322196523939596,13.334994316101074,18557966
2022-03-04,13.02358877457214,13.070512385493418,12.387979738973991,12.40504264831543,24562012
2022-03-07,11.748105082887728,12.3837141352718,11.176483366099317,12.144826889038086,26609643
2022-03-08,11.918738804380009,12.823095033861785,11.91020694226488,12.65672779083252,27610926
2022-03-09,13.249678438361386,13.548287104653388,13.044918628491923,13.381919860839844,24580352
2022-03-10,13.518426853913411,13.556819421256314,13.015058360878179,13.194223403930664,14220862
2022-03-11,13.245412325651003,13.778641498400933,13.19848871172635,13.458703994750977,16527030
2022-03-14,13.578148026592379,13.89808635341034,13.531223597627594,13.748781204223633,13318635
2022-03-15,13.595211138197326,13.765844308135087,13.43737494747794,13.663463592529297,11559457
2022-03-16,14.03459190077179,14.572086168802938,13.949274911181673,14.525161743164062,16070467
2022-03-17,14.397187518221742,14.708593156674851,14.320402387941655,14.567821502685547,17638025
2022-03-18,14.55502273880563,14.73418858328485,14.49103621578797,14.691529273986816,27132997
2022-03-21,14.74271986914538,14.951744781037215,14.734188007619114,14.883491516113281,9100878
2022-03-22,15.019998636794346,15.344202878400717,15.007201657644657,15.216226577758789,11000145
2022-03-23,15.356999517837746,15.391126964530327,15.105315293981732,15.126644134521484,8735102
2022-03-24,15.101051872218976,15.194899106587581,14.985874167629573,15.156506538391113,10125165
2022-03-25,15.147974130167402,15.314343004550835,15.032798057012764,15.271683692932129,7511724
2022-03-28,15.297277406055416,15.587354180384123,15.147972274608675,15.194896697998047,10584670
2022-03-29,15.356999078470855,15.73239284491805,15.271682091466559,15.617215156555176,11856803
2022-03-30,15.583090053939538,15.59588866165062,15.374065113000146,15.37833023071289,8188765
2022-03-31,15.548961384168662,15.800645592597274,15.480708122253418,15.480708122253418,15896548
2022-04-01,15.570289814894513,15.676935635544476,15.497771437949858,15.54042911529541,8101803
2022-04-04,15.595888541240765,15.762255794622556,15.386861974628763,15.711066246032715,8167997
2022-04-05,15.612949668911588,15.694001545368458,15.024265828498713,15.08398723602295,11962459
2022-04-06,15.062657217940284,15.199163746558792,14.59768134630656,14.76404857635498,13180695
2022-04-07,14.74272002637873,14.934681217265329,14.572086048605962,14.576351165771484,12586548
2022-04-08,14.887758752543247,14.926151317037178,14.657403365579661,14.849366188049316,8599197
2022-04-11,14.913352131602345,14.97307353465478,14.725656060968094,14.862162590026855,9465625
2022-04-12,14.884121405525772,14.928041329822305,14.594256606663873,14.76554012298584,11368964
2022-04-13,14.734797430076783,14.769933370506966,14.497634858294605,14.611824989318848,9444874
2022-04-14,14.629392366383263,14.699662569020662,14.598649257440261,14.655742645263672,11047928
2022-04-19,14.80067541686848,14.949999802216066,14.664526170548296,14.774323463439941,9792223
2022-04-20,14.84459390257744,15.125674708840046,14.787498840251049,15.00709342956543,6858331
2022-04-21,14.980743718596804,15.112500142101961,14.897296699256941,14.901689529418945,7621031
2022-04-22,14.690878687639572,14.892905312221902,14.64256760885384,14.668919563293457,7307582
2022-04-25,14.449325255556648,14.572297694631976,14.247296951595112,14.264864921569824,9919709
2022-04-26,14.44932609000977,14.726014093908079,14.278040885925293,14.278040885925293,11997214
2022-04-27,14.365877951046164,14.677701872732865,14.155067341650627,14.668919563293457,11701309
2022-04-28,14.888514499865176,15.020270924345414,14.458107610989849,14.56351375579834,9887380
2022-04-29,14.651352416762494,14.870947023307798,14.59865018029631,14.682095527648926,7317782
2022-05-02,14.52398775876415,14.594257968823491,14.247298073679392,14.374663352966309,6335173
2022-05-03,14.537162322269532,14.958785241255274,14.523987181961004,14.892906188964844,10376974
2022-05-04,14.9324334095825,15.011487602839615,14.80946096468206,14.967569351196289,8159672
2022-05-05,15.187163650741207,15.332095218510512,14.848987758781,14.870946884155273,13694329
2022-05-06,14.870945955798383,15.029054329221031,14.712837582375737,14.84459400177002,9697806
2022-05-09,14.800675931109526,15.046620803492836,14.370270729064941,14.370270729064941,10980464
2022-05-10,14.581081570573177,14.866553541345091,14.51081136657368,14.60304069519043,8772067
2022-05-11,14.8138513552909,14.958784593908248,14.611824727558073,14.901689529418945,10273299
2022-05-12,14.59425642814225,14.835810145010102,14.431756898667336,14.74358081817627,10283305
2022-05-13,14.818243475678788,15.21790555721298,14.813850645727193,15.134458541870117,7947271
2022-05-16,15.152027705833765,15.327704059529214,14.958785057067871,14.958785057067871,7505003
2022-05-17,15.116893099388996,15.402366780500824,15.051015717468282,15.301353454589844,7439371
2022-05-18,15.305742962737169,15.402365122938148,15.187163352966309,15.187163352966309,6522577
2022-05-19,15.02026975227623,15.116890229156155,14.708445847751502,14.976349830627441,8964870
2022-05-20,15.235474212611056,15.441893692616597,15.068583506802408,15.130069732666016,8926335
2022-05-23,15.371624489133692,15.643921368122168,15.305745428316333,15.613178253173828,8945227
2022-05-24,15.455067755143556,15.832770745230068,15.433108629635386,15.617568969726562,9404610
2022-05-25,15.854728404130261,15.92499860448054,15.48580943344786,15.586824417114258,9259254
2022-05-27,15.88108137682193,15.898649346880497,15.626352512468056,15.797636032104492,9145034
2022-05-30,15.898647963434394,16.12702652820153,15.88547114935015,16.065540313720703,8874180
2022-05-31,15.942566351044167,16.012836550414317,15.810809936646852,15.850337028503418,9691299
2022-06-01,16.00405368443226,16.043580779050973,15.828379011417622,15.898649215698242,6991564
2022-06-02,15.876690117159859,15.964526616125033,15.819595052533437,15.872297286987305,4332313
2022-06-03,15.924999521441174,16.01723052595273,15.845947007447284,15.872297286987305,5181599
2022-06-07,15.986486125069938,16.113849708432276,15.942566203760778,15.977702140808105,7028402
2022-06-08,15.898650300480877,15.97770449511226,15.389190865841938,15.560474395751953,12380229
2022-06-09,15.292569283216121,15.494595932589117,15.130069732666016,15.130069732666016,10264215
2022-06-10,14.932433038811329,14.954392164087748,14.532770927434568,14.598649978637695,10760470
2022-06-13,14.414189634927771,14.493243826191453,14.058445774241207,14.097972869873047,10874034
2022-06-14,14.14189308339243,14.216554445896621,13.926689630492644,14.045270919799805,9961307
2022-06-15,14.24729738944419,14.41418975858525,14.155068057303295,14.26047420501709,10878787
2022-06-16,14.09797337329137,14.155068441325893,13.34696020484267,13.408447265625,15252550
2022-06-17,13.355743873758414,13.636824701459688,13.210811467264076,13.325000762939453,28018354
2022-06-20,13.33378412831217,13.505067645018448,13.210810853066667,13.483108520507812,6343186
2022-06-21,13.527027425348635,13.71148692831643,13.48750032916361,13.54898738861084,6107072
2022-06-22,13.342568388098844,13.71587939971718,13.215203947480221,13.592906951904297,8280839
2022-06-23,13.557772313538615,13.63682567370052,13.25033950805664,13.25033950805664,8070819
2022-06-24,13.276689487461073,14.137499928555986,13.232770399353043,14.049662590026855,12273831
2022-06-27,14.177027702331543,14.335136092009789,14.032096128709114,14.177027702331543,8406859
2022-06-28,14.300002573166056,14.440542999038161,14.032096862792969,14.032096862792969,7613504
2022-06-29,13.821283948090642,13.98378432215028,13.73344660990421,13.764189720153809,8015583
2022-06-30,13.491891834709607,13.540202914455307,13.285473213619014,13.518243789672852,12529603
2022-07-01,13.325000309955534,13.61047312059585,13.263514090407842,13.430405616760254,6043090
2022-07-04,13.483108897658141,13.786148845278683,13.43918980972146,13.764189720153809,6702704
2022-07-05,13.860810780303233,13.860810780303233,13.000000358910158,13.131756782531738,9970180
2022-07-06,13.307432462059042,13.346959557184295,12.951689443618696,13.166892051696777,10548261
2022-07-07,13.19324512557501,13.518245061516588,13.175677153946657,13.439190864562988,8853533
2022-07-08,13.395271476232939,13.751014516951033,13.386487490613485,13.742231369018555,7936221
2022-07-11,13.456757559365382,13.724663254146144,13.351352246095974,13.60608196258545,5383422
2022-07-12,13.491892078168044,13.900338172912598,13.474324945562469,13.900338172912598,6990128
2022-07-13,13.768582315649763,13.77736630115914,13.285474002564566,13.46993350982666,9655062
2022-07-14,13.478717136331518,13.606081572077285,13.087838168444916,13.175676345825195,11669387
2022-07-15,13.061486937617802,13.48310901264388,12.890203414659643,13.426013946533203,12818410
2022-07-18,13.570947323186337,13.895947259658575,13.557772182130554,13.812501907348633,7425772
2022-07-19,13.417229706136638,13.957433058022232,13.399662573758437,13.878378868103027,8898712
2022-07-20,14.01013513624535,14.119933272551245,13.751013444489587,13.917905807495117,5213117
2022-07-21,13.904730702735737,14.185811536780788,13.821284515996002,14.128716468811035,8333150
2022-07-22,14.137500868697723,14.141893699256272,13.926690236984614,13.988177299499512,5625819
2022-07-25,14.054055355965787,14.291217942187458,13.78175766486168,14.190204620361328,7964825
2022-07-26,13.439189154561213,13.51385134910771,12.749662271936625,12.850675582885742,24229874
2022-07-27,12.68817553490462,12.960473203515864,12.573986244047447,12.846283912658691,15078836
2022-07-28,12.877027385530136,13.245946385574777,12.855068260305522,13.140541076660156,10735979
2022-07-29,13.28108142098876,13.698311499629524,13.237162333076007,13.601689338684082,10871018
2022-08-02,13.522635446511558,13.62804075068745,13.333783962397167,13.447973251342773,7549701
2022-08-03,13.426014271107954,13.632433739854847,13.355744063185977,13.584122657775879,5332576
2022-08-04,13.654392439510987,14.080406504138862,13.632433314353376,13.913514137268066,10039687
2022-08-05,13.83885205232065,13.88277114068253,13.663176536560059,13.663176536560059,7841379
2022-08-08,13.825675795594584,13.992568160465556,13.729054473297179,13.878378868103027,6982887
2022-08-09,13.834459420299721,13.865202529426039,13.645607935453029,13.658783912658691,5856128
2022-08-10,13.698311504164346,13.904730128429614,13.584122210628156,13.852027893066406,7602430
2022-08-11,13.961825370788574,14.1067569387156,13.931081422469422,13.961825370788574,7395848
2022-08-12,14.106757342783878,14.163852410753629,14.071623076215207,14.128716468811035,6678618
2022-08-15,14.19459464245276,14.203378627393956,14.01013514712218,14.080406188964844,4061914
2022-08-16,14.124324283092369,14.220946441009984,14.058445234444212,14.119933128356934,5058874
2022-08-17,14.229731253103306,14.326351741264173,13.948649585541292,13.970608711242676,4351274
2022-08-18,13.983783876325186,14.128715437827806,13.926688812521704,14.119933128356934,3363449
2022-08-19,14.071622634257768,14.071622634257768,13.663176536560059,13.663176536560059,6908931
2022-08-22,13.628042698454212,13.65000182583008,13.320609889070003,13.434799194335938,5698684
2022-08-23,13.412839128582492,13.584122655654696,13.316216964439645,13.421622276306152,4072361
2022-08-24,13.404054668310977,13.43918977102176,13.19324405204628,13.377702713012695,5979884
2022-08-25,13.474325353186922,13.597297798206904,13.377703189028987,13.584122657775879,3760261
2022-08-26,13.65000100294562,13.702704078232335,13.390879294633773,13.408447265625,3930054
2022-08-29,13.338177246791705,13.610474099533882,13.28986616356549,13.579730987548828,4808253
2022-08-30,13.663177030827397,13.878379650129974,13.60608196258545,13.60608196258545,4621222
2022-08-31,13.689528315048355,13.75540653192646,13.588514993322796,13.641217231750488,7174022
2022-09-01,13.483109275704447,13.535811512556613,13.144933378103069,13.149325370788574,6539005
2022-09-02,13.311824828680939,13.733446909303026,13.303041681051667,13.698311805725098,5909659
2022-09-05,13.368919560258256,13.606081294039543,13.325000472465595,13.55337905883789,5232491
2022-09-06,13.548986899443054,13.777365483003019,13.452364739951655,13.518243789672852,5523427
2022-09-07,13.390879616837497,13.557771994521964,13.237163217713482,13.40405559539795,6203474
2022-09-08,13.483108405017662,13.693919014186898,13.355743138423605,13.658783912658691,7634032
2022-09-09,13.74662146492015,14.018919134332961,13.733446325193132,13.904729843139648,8501870
2022-09-12,14.018919973509142,14.278040843332157,14.014527980774927,14.155068397521973,7913941
2022-09-13,14.335135255963785,14.673311141858468,14.220946800841324,14.251689910888672,14135985
2022-09-14,14.036486289059722,14.177026697619548,13.93986496759657,14.141892433166504,12525528
2022-09-15,14.11993338374553,14.291216902880192,14.062838318909364,14.238512992858887,8316418
2022-09-16,14.168244482705271,14.190205285527544,13.847637368600687,13.856420516967773,20667666
2022-09-19,13.878378881308937,13.913513983785691,13.579730091413058,13.865202903747559,7158009
2022-09-20,13.88716297481759,14.005743423048504,13.645608410427148,13.702703475952148,7351644
2022-09-21,13.584122203240657,13.68952751159668,13.483108887443668,13.68952751159668,6475281
2022-09-22,13.360136518722463,13.777366625689243,13.325001413544301,13.39087963104248,8575948
2022-09-23,13.351352151835249,13.351352151835249,12.749663388126114,12.7979736328125,10617889
2022-09-26,12.784798628808367,12.964866144339164,12.61790625392955,12.859460830688477,7732758
2022-09-27,12.956081041981221,13.048310369342902,12.736486448049336,12.811148643493652,7119138
2022-09-28,12.53885114206731,12.881419014638828,12.358783639708244,12.846283912658691,12085630
2022-09-29,12.824325406263315,12.828716561246468,12.4378384281639,12.613513946533203,9036535
2022-09-30,12.68378413515595,12.819933394667242,12.538851728004369,12.71452808380127,9158483
2022-10-03,12.516892167111802,12.942905388425158,12.328040677578104,12.8945951461792,9272781
2022-10-04,12.982432906343096,13.461149215698242,12.942905810144088,13.461149215698242,11421797
2022-10-05,13.48310915203765,13.527027403115987,13.122973294311903,13.237162590026855,8815322
2022-10-06,13.105405629438145,13.232770060231795,12.802364850714497,12.907770156860352,11142661
2022-10-07,12.811148963846117,13.171283972869954,12.758445891402351,12.8945951461792,7137834
2022-10-10,12.701350843771317,12.973648498050757,12.661823751413223,12.705742835998535,6779611
2022-10-11,12.560810552017534,12.648647884261916,12.407094173481276,12.530067443847656,5819699
2022-10-12,12.455406327760311,12.455406327760311,12.183108647576706,12.266554832458496,7167493
2022-10-13,12.227027503730412,12.718918942999343,12.200676386048452,12.692567825317383,9516409
2022-10-14,13.004392080617272,13.079054275831426,12.670608198347338,12.675000190734863,13294035
2022-10-17,12.644258048304012,12.96486597792036,12.578378995141867,12.824325561523438,10039615
2022-10-18,12.991217790926706,13.245947518682641,12.894596458911353,13.013176918029785,7940761
2022-10-19,13.193243827639156,13.263514031865478,13.008784332123332,13.05709457397461,6630753
2022-10-20,13.00439345285543,13.166892999906558,12.94729838347975,13.092230796813965,7022482
2022-10-21,13.00878365914451,13.07466186748777,12.732094011341207,12.916553497314453,9529611
2022-10-24,13.057096469393628,13.382096420540357,13.05270447628106,13.294259071350098,9457329
2022-10-25,13.614864644342948,14.321959495544434,13.527026472853077,14.321959495544434,17848116
2022-10-26,14.2604743397761,14.405405909456531,13.939865576350243,14.15946102142334,11952465
2022-10-27,13.887162569043502,14.128715451002071,13.869594599337773,14.018918991088867,8429097
2022-10-28,13.878378584190639,14.08479720211155,13.852027467318946,14.018918991088867,5236350
2022-10-31,14.027703908683103,14.093582124086213,13.939865729687652,13.957433700561523,6203722
2022-11-01,14.027703156136798,14.190203527254614,13.988176061478057,14.040878295898438,4748759
2022-11-02,14.058445857615299,14.11114976901956,13.860811215970951,13.961825370788574,6122115
2022-11-03,13.935472964633147,14.032095123710514,13.860810767931053,13.979392051696777,4900712
2022-11-04,14.010135524178734,14.36148739210039,13.948649303309391,14.273649215698242,8312341
2022-11-07,14.159460578393645,14.440541398993465,14.14628376310851,14.33952808380127,6682955
2022-11-08,14.36148648730422,14.422972704299834,14.058444881577602,14.396620750427246,10006775
2022-11-09,14.374662528687109,14.519595771021516,14.229730961726567,14.36148738861084,7488910
2022-11-10,14.273648103085817,14.844593692134502,14.23412101055463,14.835809707641602,12760296
2022-11-11,14.923650906260873,15.437503213463271,14.844596705152812,15.332097053527832,13277087
2022-11-14,15.415540835893438,15.450676777408622,15.152027976025172,15.226689338684082,7967662
2022-11-15,15.257434141492702,15.542906127425908,15.239866170716345,15.37601375579834,7955736
2022-11-16,15.37601400177395,15.433109070023525,15.116892292486108,15.200339317321777,6183712
2022-11-17,15.213514616276493,15.257434544377123,14.941217763548389,15.160812377929688,5798318
2022-11-18,15.310135994154747,15.402365325354747,15.200338692619356,15.358447074890137,8189938
2022-11-21,15.28817738174814,15.424324967979679,15.22668948351173,15.362838745117188,5838262
2022-11-22,15.415541921810162,15.424325907807727,15.275001496597145,15.301353454589844,3721950
2022-11-23,15.318921426584977,15.362839681198786,15.217908100673997,15.301353454589844,4349093
2022-11-24,15.296959676545278,15.49898629372886,15.279391707562253,15.446282386779785,5642751
2022-11-25,15.569257902055122,15.595608182538511,15.29696105969217,15.35405445098877,6808399
2022-11-28,15.231081163426895,15.358446429949279,15.108108726990823,15.191554069519043,7139940
2022-11-29,15.160812063148075,15.323311605311575,15.072973884144536,15.239866256713867,7066390
2022-11-30,15.283785297325034,15.389191452644077,15.099326619734212,15.130069732666016,23651698
2022-12-01,15.213513399481084,15.459459951051654,15.19594542964594,15.274999618530273,7283566
2022-12-02,15.195945739746094,15.305743040395628,15.090541269331895,15.195945739746094,7010116
2022-12-05,15.195946365848032,15.586826179579404,15.195946365848032,15.450676918029785,9942339
2022-12-06,15.305743454501311,15.332095410504753,15.112500803264425,15.217906951904297,8930591
2022-12-07,15.08175721220626,15.160811402326278,14.971959912081104,15.011487007141113,6587633
2022-12-08,15.033446004318217,15.06418911406206,14.910473565342848,14.936823844909668,6366746
2022-12-09,14.844595124355108,15.068582562100266,14.76554093166551,15.042230606079102,7338669
2022-12-12,15.015878113184963,15.042230068263947,14.818244313901001,14.888514518737793,4754302
2022-12-13,14.932434892536666,15.384799295808513,14.932434892536666,15.332097053527832,7192774
2022-12-14,15.310135612578183,15.314526767365656,15.046621090236533,15.07736587524414,5729312
2022-12-15,15.108109282493748,15.125675577363506,14.572297917680512,14.673311233520508,9333594
2022-12-16,14.625000470481215,14.673311552012844,14.401014708821895,14.50641918182373,23559574
2022-12-19,14.537163274186096,14.78750100868401,14.519596977749089,14.717230796813965,5655539
2022-12-20,14.537161825074934,14.70844702009704,14.466891620209648,14.625,7043157
2022-12-21,14.67331144188442,15.191554843813202,14.638177176272135,15.169595718383789,7518426
2022-12-22,15.160812025892527,15.24425737428518,14.976351682900988,15.02905559539795,6203501
2022-12-23,15.029055049027972,15.270608775382179,15.029055049027972,15.195945739746094,4758955
2022-12-27,15.28378424865295,15.314527359475363,15.191554916185703,15.266216278076172,2869565
2022-12-28,15.283783526570941,15.30135149631772,15.156418258967514,15.17837905883789,3598831
2022-12-29,15.134459978055341,15.283784378478577,15.08614889624578,15.25304126739502,3292258
2022-12-30,15.19594649390957,15.222298450507873,15.11250114440918,15.11250114440918,4987280
2023-01-03,15.283783473897717,15.709797524232945,15.2749994890546,15.639527320861816,8202203
2023-01-04,15.639528328074238,16.056758420436683,15.639528328074238,15.999663352966309,9498738
2023-01-05,15.977704535257937,16.074325025870444,15.898650340427922,16.008447647094727,6098539
2023-01-06,16.074324092469222,16.109460032741826,15.802027256851943,16.06993293762207,7324971
2023-01-09,16.113851538624036,16.372973239970896,16.109460383681224,16.289527893066406,9568401
2023-01-10,16.21047370110473,16.32466215873055,16.10506755336453,16.289527893066406,5672840
2023-01-11,16.33783921401441,16.67601511228464,16.333446383633262,16.583784103393555,9651843
2023-01-12,16.689190855791367,16.88243351519748,16.605745504647036,16.777029037475586,9282853
2023-01-13,16.82533810642159,16.89999946291978,16.575000407591308,16.851688385009766,8265716
2023-01-16,16.851689329159804,17.115203857421875,16.77702796847856,17.115203857421875,8783384
2023-01-17,17.049325313973075,17.207433700561523,17.044934158956245,17.207433700561523,8750978
2023-01-18,17.128377968918375,17.343581403641032,17.128377968918375,17.25135040283203,7969545
2023-01-19,17.058108305815008,17.150337634161644,16.759459520848335,16.820945739746094,11910272
2023-01-20,16.98344432184389,17.08445930480957,16.930742090790197,17.08445930480957,6363815
2023-01-23,17.102026321214424,17.225000432703265,16.99662185465118,17.17229652404785,6283188
2023-01-24,17.216216577020013,17.304054750063884,17.123987249242163,17.246959686279297,5655318
2023-01-25,17.23378467639041,17.246959816065306,16.974662985416657,17.145946502685547,5969450
2023-01-26,17.21621578546537,17.383108139038086,17.150336739867956,17.383108139038086,6234969
2023-01-27,17.374326088507047,17.453380281873844,17.273312769288125,17.35675811767578,6045527
2023-01-30,17.286487597836164,17.43581199645996,17.22060854609448,17.43581199645996,8559623
2023-01-31,17.260136545639096,17.317231615112583,16.72871797506565,17.0756778717041,15019890
2023-02-01,17.233785863642638,17.334799183981303,17.08446146066941,17.203041076660156,9989872
2023-02-02,17.216217391152842,17.563177269627822,17.18108145012424,17.43581199645996,10245153
2023-02-03,17.391891525820604,17.716892268667358,17.321621321336686,17.690540313720703,10877735
2023-02-06,17.585136603318148,17.611486884027745,17.26013584645061,17.431419372558594,7723967
2023-02-07,17.396283615102302,17.549999157309905,17.242566397520946,17.453378677368164,6189851
2023-02-08,17.56756730845743,17.63783751067631,17.453378858116917,17.475337982177734,9766522
2023-02-09,17.567569415052542,17.787164032740698,17.506083190159693,17.646623611450195,11056613
2023-02-10,17.593921541070113,17.6202718232061,17.400677203411597,17.519258499145508,6694189
2023-02-13,17.48851489260767,17.602705029886035,17.462162935841754,17.576353073120117,4731371
2023-02-14,17.63783838422926,17.927703192160052,17.602704119066605,17.78716278076172,7560172
2023-02-15,17.637838102103107,17.85743270082221,17.602703837502442,17.83986473083496,5675238
2023-02-16,17.910135886501706,17.99797406572863,17.73446120342178,17.927703857421875,6303225
2023-02-17,17.804731985788795,17.962840378420204,17.716893803729793,17.82229995727539,6386744
2023-02-20,17.83986695884121,17.936489130464302,17.699326532138915,17.760812759399414,5001294
2023-02-21,17.699327788861538,17.787165980630842,17.497301120554045,17.76959800720215,5303906
2023-02-22,17.567569554725054,17.655407737573476,17.396286019626324,17.545610427856445,6933411
2023-02-23,17.56756848810263,17.769595123626075,17.50168943612269,17.70810890197754,5434703
2023-02-24,17.716893202270402,17.80473138134744,17.523650548600042,17.62905502319336,5004387
2023-02-27,17.67297340388194,17.954054212032354,17.664189419205517,17.848648071289062,6476023
2023-02-28,17.752028719151205,18.12094775696275,17.708110464205987,17.962841033935547,9223278
2023-03-01,17.954054860378236,17.997973109972524,17.78716249624705,17.83986473083496,7889351
2023-03-02,17.725678751816922,17.73446273803711,17.576354336821844,17.73446273803711,7977364
2023-03-03,17.655406091209365,18.182433463780686,17.637838121203092,18.164865493774414,11502374
2023-03-06,18.147297240294073,18.314189601999008,18.120945285696305,18.217567443847656,8679727
2023-03-07,18.147298467802226,18.217568676108982,17.90135190104162,17.927703857421875,8744319
2023-03-08,17.725678751816922,17.86621918059181,17.681758820715977,17.73446273803711,7747709
2023-03-09,17.646623611450195,17.725677807847852,17.510474345348907,17.646623611450195,6957535
2023-03-10,16.86486563822182,17.203039841638066,16.654053351791966,16.84729766845703,20062017
2023-03-13,16.781418071945154,16.80777002573247,15.406757152495098,15.556079864501953,28661545
2023-03-14,15.53851517596893,16.157771913269364,15.261825496425438,16.109460830688477,16324574
2023-03-15,16.074323682351757,16.074323682351757,14.677701924252068,14.70405387878418,27980977
2023-03-16,15.793242653745144,15.793242653745144,14.853378068092864,15.204729080200195,26206237
2023-03-17,15.551690162355134,15.578042118603614,14.818244971531843,15.02905559539795,37003360
2023-03-20,13.737838930522228,16.061149439527686,12.631081908986108,15.217906951904297,76860811
2023-03-21,15.617567038274752,17.10641801360994,15.485808950772714,17.062498092651367,36408215
2023-03-22,17.001012658022525,17.6729732388156,16.33783773719758,16.43006706237793,23188490
2023-03-23,16.250001678722562,16.469596296002596,15.687839994605342,15.718583106994629,21221680
2023-03-24,15.055406225862125,15.248650558756996,14.40101521321527,15.160812377929688,26368230
2023-03-27,15.52094632624993,15.542905451077875,14.945607873664366,15.323310852050781,11845594
2023-03-28,15.652703910442197,15.815203456658637,15.384798211717767,15.582433700561523,11483023
2023-03-29,15.889864061287765,16.364187486429497,15.753714817538253,16.162160873413086,19840899
2023-03-30,16.337839054884405,16.75506914221239,16.263176017497305,16.711149215698242,13803591
2023-03-31,16.51351138638953,17.00540444115121,16.469593141495004,16.943918228149414,12542840
2023-04-03,17.02297372890003,17.097636768805295,16.214865482897487,16.4564208984375,13417539
2023-04-04,16.425677321621794,16.733108432018682,16.38615022523164,16.487163543701172,9452482
2023-04-05,16.601350989986948,16.680405177945715,16.24121598945202,16.276351928710938,6212465
2023-04-06,16.31587879291107,16.52668939937431,16.271958869455958,16.4520263671875,5693459
2023-04-11,16.53108055676922,16.812161365433393,16.526689402109866,16.627702713012695,9473519
2023-04-12,17.00766127264033,17.32881790300524,16.85386851565815,17.197641372680664,13703792
2023-04-13,17.165978578817683,17.310724502299855,17.13431551590018,17.247398376464844,7765553
2023-04-14,17.188594104259508,17.835428178328815,17.18407154924482,17.609262466430664,8604111
2023-04-17,17.613784543424323,17.640925049298215,16.727215390965984,16.93981170654297,9478115
2023-04-18,17.089080166746633,17.233826080321997,16.998615264892578,16.998615264892578,6995148
2023-04-19,16.93076540368201,17.00766091781511,16.677459184082036,16.808635711669922,7705868
2023-04-20,16.849345509044927,16.96242836481033,16.469387044652876,16.52819061279297,8192262
2023-04-21,16.356304963084003,16.40606169805712,16.1165698496763,16.333688735961914,8932035
2023-04-24,16.283931517849094,16.68650621540361,16.22965222926502,16.46034049987793,8354864
2023-04-25,15.831600557031548,16.47391037995893,15.578294326936335,16.102998733520508,11475574
2023-04-26,15.700423008269306,16.428676862859557,15.673284227680668,16.247743606567383,10537053
2023-04-27,16.080382202680294,16.356304654686863,16.03062546864534,16.229652404785156,5025913
2023-04-28,16.288454275759893,16.392492024643758,16.075859673863608,16.342735290527344,6061569
2023-05-02,16.33821064159226,16.50557451175806,15.97634584550362,16.01253318786621,7969553
2023-05-03,16.102997898823936,16.1075221793185,15.564724128968917,15.587340354919434,8248750
2023-05-04,15.433547192199843,15.578293105041709,14.972168947951127,15.144055366516113,10923284
2023-05-05,15.22095357173001,15.786367868963554,15.157625721013554,15.741133689880371,8358191
2023-05-08,15.736610843110958,15.863263091181881,15.677807274146257,15.80898380279541,4358231
2023-05-09,15.83159891225388,15.95372859663786,15.650665663053754,15.78636646270752,4607869
2023-05-10,15.849694202394407,15.908496047713792,15.546631237831903,15.623528480529785,5525111
2023-05-11,15.66423835442984,15.759227543339234,15.361175390352106,15.510445594787598,7644085
2023-05-12,15.537583573158761,15.727563666655868,15.465210615042583,15.591864585876465,4202974
2023-05-15,15.605433976302177,15.63257448266103,15.469734895522773,15.591864585876465,4553210
2023-05-16,15.533060305009256,15.67780621459582,15.469734185253552,15.52853775024414,4957628
2023-05-17,15.533061375793338,15.70947035741865,15.410931682627936,15.691376686096191,4642080
2023-05-19,16.01253383687982,16.455818445743866,15.876833023027384,16.274885177612305,10589285
2023-05-22,16.256790703588052,16.369873559213893,16.229651922562613,16.356304168701172,4374259
2023-05-23,16.356303327260807,16.424153727348767,16.24774303222155,16.38344383239746,4105537
2023-05-24,16.18441880090508,16.247744928105853,16.039672874301143,16.152755737304688,6934403
2023-05-25,16.23869878875882,16.23869878875882,15.985392570495605,15.985392570495605,5067875
2023-05-26,16.039673090182625,16.247745146787825,15.668761432579416,16.2070369720459,6010796
2023-05-30,16.102998794552466,16.229652772833866,15.885879907436891,15.903973579406738,5469362
2023-05-31,15.795413075819193,15.931113888390689,15.533061737563154,15.59638786315918,23652677
2023-06-01,15.677807567504209,15.971823692321777,15.619003997439195,15.971823692321777,5489503
2023-06-02,16.071334889381973,16.40153662074853,16.02610243733461,16.356304168701172,5721747
2023-06-05,16.40153694152832,16.686506226420924,16.3427350978182,16.40153694152832,6538826
2023-06-06,16.320118621253688,16.55532944350462,16.30202495015517,16.523666381835938,3860479
2023-06-07,16.555329393851903,16.62317979751412,16.36987357941694,16.52819061279297,4294789
2023-06-08,16.668414508320534,16.776974823789384,16.437726210522282,16.51462173461914,4751307
2023-06-09,16.392491771105227,16.591516978985126,16.36082698356022,16.46486473083496,5042072
2023-06-12,16.573422543603694,16.704599066287386,16.482955916735378,16.600563049316406,7239703
2023-06-13,16.672935485839844,16.76340210988737,16.60056253170329,16.672935485839844,4632141
2023-06-14,16.69103133325138,16.84482409654367,16.64579715257273,16.722694396972656,10123822
2023-06-15,16.776974823789384,16.804115334033515,16.397016307909922,16.51462173461914,5835136
2023-06-16,16.43772264354171,16.62317844286357,16.36082541062385,16.510095596313477,16220594
2023-06-19,16.528190998302357,16.822205394845632,16.528190998302357,16.740785598754883,4271272
2023-06-20,16.591517235601927,16.65032080551292,16.342735290527344,16.342735290527344,6589717
2023-06-21,16.32916530055851,16.492004905079455,16.26583917113539,16.306549072265625,4243280
2023-06-22,16.08490761614225,16.216082430418393,15.931114848070026,16.134662628173828,4695690
2023-06-23,15.994438725215769,16.112044131059694,15.899449544475596,16.03514862060547,4088015
2023-06-26,15.976346148717546,15.989915539607322,15.614481345761103,15.885879516601562,6798371
2023-06-27,16.017055763536852,16.121091784702113,15.754704433099992,15.894926071166992,4708312
2023-06-28,16.130138688853627,16.130138688853627,15.876832467435117,16.062288284301758,5206429
2023-06-29,16.107522211124294,16.274884354097512,15.99443935564098,16.184417724609375,4099023
2023-06-30,16.256792088961085,16.433202808197034,16.15275605998045,16.369874954223633,7128951
2023-07-03,16.49200299051627,16.67745880180046,16.460339929480487,16.5372371673584,4666347
2023-07-04,16.60056498626924,16.6910316236932,16.4648658928871,16.48295783996582,1991875
2023-07-05,16.419630027494208,16.451293088519225,16.166325539294057,16.247743606567383,4349393
2023-07-06,16.01705501627874,16.053242356999657,15.63257401140956,15.659712791442871,6316889
2023-07-07,15.691376682319921,16.003486473281104,15.691376682319921,15.980870246887207,4362921
2023-07-10,15.967298548614716,16.12561557861606,15.881356201247634,16.021577835083008,3300355
2023-07-11,16.039672277796388,16.18441819901732,15.872310129917341,16.11656951904297,4177509
2023-07-12,16.166326584649415,16.378921190206096,16.152755467970138,16.333688735961914,5078996
2023-07-13,16.274885761524914,16.419631691020367,16.238700141904843,16.369874954223633,2810519
2023-07-14,16.34273477818845,16.546284263416453,16.23869875807357,16.356304168701172,5696946
2023-07-17,16.40153694152832,16.555329697207625,16.338210817220514,16.40153694152832,4807696
2023-07-18,16.36535156974966,16.56890106201172,16.31107228031561,16.56890106201172,3833553
2023-07-19,16.60960988455398,16.808635083258363,16.564375708366125,16.600563049316406,5027077
2023-07-20,16.532713526232165,16.722693625300707,16.532713526232165,16.627702713012695,4468142
2023-07-21,16.672935808521483,16.844822224987674,16.659366418579307,16.718168258666992,4262226
2023-07-24,16.636749603072037,16.881008991740508,16.6186576570839,16.85386848449707,4818418
2023-07-25,16.917197651567257,17.15693277826907,16.881010305759183,16.98957061767578,5519354
2023-07-26,16.88100766596263,17.070987750731312,16.835775216283462,17.066463470458984,6553096
2023-07-27,17.14336100621398,17.396665489672007,16.890054797248574,17.28810691833496,6808095
2023-07-28,17.270012774101428,17.514272141169045,17.21120920969463,17.414758682250977,4348403
2023-07-31,17.48713275498085,17.514273261560323,17.301676940456385,17.437376022338867,5510248
2023-08-02,17.098126537010376,17.20216255171896,16.939811237564136,17.007659912109375,7137246
2023-08-03,16.93528855209649,17.134315490722656,16.92624171620371,17.134315490722656,4141926
2023-08-04,17.17502437740182,17.410236920231064,17.170500096968276,17.39214324951172,4833273
2023-08-07,17.369526498933006,17.523319244384766,17.279059873577733,17.523319244384766,4370392
2023-08-08,17.360479128962346,17.59569165743611,17.19311527328407,17.306198120117188,5854609
2023-08-09,17.459992799933087,17.627356674198754,17.414760346379257,17.478086471557617,5856324
2023-08-10,17.509748961456232,17.708775891801512,17.496179570935393,17.554983139038086,4432752
2023-08-11,18.09325583290124,18.581774568633094,18.052545938256916,18.382747650146484,16654353
2023-08-14,18.36465591057751,18.72652244567871,18.310376620515342,18.72652244567871,8819919
2023-08-15,18.726522187681137,18.907453727231502,18.40084300077999,18.617961883544922,9454489
2023-08-16,18.48226180476615,18.816986083984375,18.38274834177875,18.816986083984375,7917490
2023-08-17,18.654148683598695,19.06124592986401,18.61796134143781,18.807941436767578,9772909
2023-08-18,18.726521943932365,18.735567054110778,18.400842761270333,18.68128776550293,7238928
2023-08-21,18.65414866373696,18.8531738688876,18.55463519840792,18.63605499267578,5947910
2023-08-22,18.717474865384165,19.13361894849058,18.70842802981566,19.034107208251953,7328686
2023-08-23,18.997920793142132,19.287412643432617,18.988873957132114,19.287412643432617,6562873
2023-08-24,19.450252308760717,19.94781621250274,19.441205472718995,19.857351303100586,11644706
2023-08-25,19.76688468437537,19.830210811211746,19.40501986994784,19.56785774230957,7362456
2023-08-28,19.803069264782472,19.929723237322253,19.640229675450936,19.884489059448242,7703054
2023-08-29,19.81211530297014,19.96590805053711,19.640228884981788,19.96590805053711,8040972
2023-08-30,19.974954088337004,20.201119783053457,19.857348686307667,20.047327041625977,10669651
2023-08-31,20.988178634954473,21.49478934358225,20.915805676579073,21.25957679748535,24714247
2023-09-01,21.26862415682808,21.350043952694243,20.472519869582804,21.187204360961914,12481366
2023-09-04,21.042459084429726,21.494790530632837,21.042459084429726,21.449556350708008,7270102
2023-09-05,21.368137679296037,21.52193043571737,21.178157579948518,21.41337013244629,7232132
2023-09-06,21.08769004907748,21.17815667702847,20.78010454934857,20.924850463867188,8681038
2023-09-07,20.807247408983788,20.87057353806035,20.62631413261567,20.743921279907227,7425794
2023-09-08,20.680592664907117,20.78010440199087,20.3639603320777,20.590126037597656,7136407
2023-09-11,20.535846833186255,20.843432331958756,20.472518985962292,20.698684692382812,6962550
2023-09-12,20.662499018979656,20.762012481689453,20.55393872097739,20.762012481689453,5256347
2023-09-13,20.807245594036925,21.16006355412125,20.77105825171676,21.024364471435547,6381861
2023-09-14,21.024363475068476,21.295763353085412,20.879617563662393,21.223388671875,5746535
2023-09-15,21.395275046294216,21.53097412227982,21.087689553789588,21.169109344482422,31682988
2023-09-18,21.268624439171788,21.322903728633968,20.95199208721198,21.178157806396484,8574799
2023-09-19,21.1057832240563,21.340995761001448,21.06055077389689,21.169109344482422,5786353
2023-09-20,21.169110505036905,21.49478968566296,21.05150509287053,21.476696014404297,8020751
2023-09-21,21.268624362594405,21.38622977692361,21.006271301041377,21.069599151611328,6403614
2023-09-22,20.988179339904224,21.1148315899383,20.834386582502493,20.89771270751953,6236580
2023-09-25,20.843433698906537,20.98817962246776,20.743920229392877,20.8886661529541,6051891
2023-09-26,20.87057300775887,20.915807188455346,20.61726849788886,20.816293716430664,7861002
2023-09-27,20.74391811699669,21.00626942967031,19.17885189942269,20.210166931152344,12939959
2023-09-28,20.083516675679533,20.508707609144306,20.083516675679533,20.49061393737793,5236987
2023-09-29,20.427288589989228,20.74392095593456,20.400148081305602,20.52680206298828,5409095
2023-10-02,20.64440607186769,20.698685360017315,20.21016831565576,20.282541275024414,5416197
2023-10-03,20.21016823811132,20.382054663017662,19.78497731914032,19.884489059448242,5746298
2023-10-04,19.61309057742661,19.956861696178958,19.540717619504676,19.839256286621094,5755218
2023-10-05,19.902582973148256,19.902582973148256,19.549765008968475,19.821163177490234,4197945
2023-10-06,20.01114285054302,20.291587848789238,19.947815002093613,20.173980712890625,6240900
2023-10-09,20.02923583984375,20.074470019664993,19.821163789188617,20.02923583984375,4891397
2023-10-10,20.246354531775605,20.382055344426913,20.183028406142334,20.318727493286133,4384264
2023-10-11,20.246355316446877,20.617268699759457,20.246355316446877,20.52680206298828,5064852
2023-10-12,20.61726787630119,20.662500330126395,20.30968235886877,20.43633460998535,5385935
2023-10-13,20.309682215804802,20.336820997705754,19.866395889004313,19.929723739624023,5665188
2023-10-16,20.083517120502897,20.382055809230295,19.94781630475699,20.309682846069336,5371398
2023-10-17,20.183027330584018,20.40919303894043,20.164935385301145,20.40919303894043,4492090
2023-10-18,20.499658917768155,20.508705752832483,19.875441102388315,19.92067527770996,5783596
2023-10-19,19.721649975585578,19.893536404897393,19.495484256941214,19.640230178833008,5885014
2023-10-20,19.215038500098306,19.377878087257116,19.0521989129395,19.09743309020996,7205419
2023-10-23,19.178852683629255,19.242178805639572,18.90745279936123,19.215038299560547,4145305
2023-10-24,19.26931698103962,19.26931698103962,19.02505933602918,19.178852081298828,3558357
2023-10-25,19.27836416561088,19.405018133457332,19.1788524289905,19.395971298217773,4651589
2023-10-26,19.12457119675597,19.386924239152123,18.889358659765154,19.341690063476562,4876188
2023-10-27,19.386925571499926,19.45929853204722,19.106480565067606,19.187898635864258,3441839
2023-10-30,19.12457300963528,19.323599950459414,19.061246883193977,19.23313331604004,4178374
2023-10-31,19.233132532927016,19.359784780652742,19.106480285201293,19.196945190429688,6314443
2023-11-01,19.26931771164942,19.80306892279297,19.26931771164942,19.667369842529297,5185350
2023-11-02,19.80306866468326,19.89353529218239,19.622137135192396,19.848302841186523,5567764
2023-11-03,19.90258273059785,19.974955689688816,19.495483757269003,19.884489059448242,4622915
2023-11-06,19.993048529803268,20.092560265974864,19.739742320760133,19.794021606445312,7165053
2023-11-07,19.902583284486777,20.789152489401204,19.748790526449987,20.1558895111084,9113453
2023-11-08,20.038282129727264,20.345867642099318,19.80306957758937,20.219215393066406,9535238
2023-11-09,20.29158831446434,20.309681985865122,19.92067667828572,20.164936065673828,5450957
2023-11-10,20.065421187724507,20.09255996741014,19.812114982445372,19.92067527770996,5645186
2023-11-13,19.929724796080055,20.002097760831507,19.667371720413797,19.78497886657715,5730787
2023-11-14,19.55881213651896,19.9840030670166,19.35073836367267,19.9840030670166,8599292
2023-11-15,20.01114367730289,20.653453494259853,19.956862662103635,20.43633460998535,7998523
2023-11-16,20.54489292937848,20.599173943890825,20.309682101854936,20.327774047851562,5407696
2023-11-17,20.463473665310477,20.95199068888161,20.463473665310477,20.933897018432617,10302325
2023-11-20,20.897711387444943,21.10578342093092,20.716778134104818,21.051504135131836,7193405
2023-11-21,20.8796174244909,21.096736290152837,20.76201201932261,20.77105712890625,4595789
2023-11-22,20.83438556142361,20.970084640596383,20.752965768818463,20.924850463867188,4591318
2023-11-23,20.88866566807087,21.051505259674173,20.852478325266812,21.015317916870117,2314071
2023-11-24,20.897711984911577,21.277670447382967,20.852477807529606,21.087690353393555,4531318
2023-11-27,20.988180152062142,21.07864506243997,20.780106371873483,20.816293716430664,6009338
2023-11-28,20.689639589617386,20.988178253173828,20.689639589617386,20.988178253173828,5217260
2023-11-29,20.94294562513763,21.657630138758737,20.94294562513763,21.621442794799805,9264542
2023-11-30,21.69381458916206,22.399452228800175,21.69381458916206,22.281845092773438,31532728
2023-12-01,22.31803435103802,22.942252250256033,22.31803435103802,22.453733444213867,14051982
2023-12-04,22.480871158590638,22.553244114322016,22.191379335665115,22.426591873168945,7935285
2023-12-05,21.99235259733566,22.11900656505612,21.70286077198727,22.019493103027344,7204137
2023-12-06,22.091867814758686,22.571339767032356,22.091867814758686,22.363265991210938,6701619
2023-12-07,22.02854056120246,22.281845052791798,22.019493725716064,22.22756576538086,4938675
2023-12-08,22.272800023250582,22.688944104083067,22.164239722529203,22.62561798095703,6363607
2023-12-11,22.652759552001953,22.815597422474855,22.63466588011357,22.652759552001953,5704996
2023-12-12,22.725133644965535,22.752272428641152,22.489921075233724,22.616573333740234,7139680
2023-12-13,22.616571145437963,22.86083052793048,22.607524309918894,22.62561798095703,6265715
2023-12-14,22.8427370518227,23.59360715123855,22.752270421367452,23.476001739501953,11108832
2023-12-15,23.421722085582548,23.77454179228885,23.177464412333638,23.20460319519043,20633655
2023-12-18,23.1412747772049,23.295067525031225,22.869876622456033,22.933202743530273,5474007
2023-12-19,23.27697673758941,23.70216941833496,23.195556935978882,23.70216941833496,11299542
2023-12-20,23.729307186561403,24.018799035231194,23.566467590307763,23.901193618774414,6950069
2023-12-21,23.792632494475033,23.8740522898016,23.69312075335948,23.810726165771484,4694293
2023-12-22,23.837868018409914,23.8740536375381,23.70216892704098,23.828821182250977,3974254
2023-12-27,23.973566260833717,24.01879871451908,23.801679830915827,23.855960845947266,3480880
2023-12-28,23.729306518340344,23.828819985583593,23.466955184936523,23.466955184936523,4693838
2023-12-29,23.638840747927013,23.711213710692856,23.46695603980034,23.61170196533203,4258697
2024-01-03,23.521233949795526,23.521233949795526,22.417545901026262,22.571338653564453,10582269
2024-01-04,22.607524447374942,22.996529749522857,22.5713388305861,22.960342407226562,5792549
2024-01-05,22.734176674442523,23.123181976248993,22.66180371542091,23.07794952392578,4443266
2024-01-08,22.933204698952522,23.249837056829094,22.851784900484045,23.15937042236328,4488646
2024-01-09,23.177462726435202,23.22269517824474,22.969388961791992,22.969388961791992,4544425
2024-01-10,23.10509144004258,23.34030227708018,22.92415816869783,23.032716751098633,5991268
2024-01-11,23.177462581376957,23.322208496870502,22.589430358488592,22.63466453552246,5522499
2024-01-12,22.752270605571276,22.996529992125737,22.544198561694866,22.897016525268555,4195902
2024-01-15,22.761317720789364,22.89701680648375,22.725132103174357,22.887969970703125,2569007
2024-01-16,22.652757753555463,22.96034152370073,22.589429906973834,22.933202743530273,5458088
2024-01-17,22.688943327752554,22.878923416137695,22.544197415415006,22.878923416137695,5816115
2024-01-18,22.91511077278968,23.123182821897892,22.78845852124686,23.050809860229492,4919605
2024-01-19,22.824644037150478,22.96034312398282,22.43563872285893,22.598478317260742,9107726
2024-01-22,22.97843682340643,23.04176294897072,22.79750528258095,22.942251205444336,4268688
2024-01-23,22.96034281560502,23.01462383001492,22.670850974115492,22.72513198852539,3975698
2024-01-24,22.978436097446362,23.13222885131836,22.878924357063863,23.13222885131836,4433009
2024-01-25,23.068902248490367,23.3855345852378,22.96034194927421,23.258880615234375,3538308
2024-01-26,23.02367088743616,23.530281614920803,23.014624051614067,23.340301513671875,4248376
2024-01-29,23.295067352737565,23.439813264267382,23.21364756181362,23.222694396972656,3707892
2024-01-30,23.430767880641724,23.602654308296994,23.267928288705942,23.5212345123291,5213794
2024-01-31,23.611699510939165,23.783585926706095,23.485045545133726,23.51218605041504,7077971
2024-02-01,23.267928328564516,23.3312561787094,22.589431178008123,22.72513198852539,8723481
2024-02-02,22.987484277819096,23.412675221982855,22.869878859393392,23.32221031188965,6344660
2024-02-05,23.340302787509412,23.503142390179317,23.077951436380467,23.24983787536621,5466687
2024-02-06,23.15936940720705,23.186508188501932,22.109960634620986,22.21851921081543,18029176
2024-02-07,22.26375434601058,22.462779561262106,21.56716350436894,21.621442794799805,15946894
2024-02-08,21.94712040289677,22.21851856095229,21.730001531350872,21.838560104370117,9125755
2024-02-09,21.93807326999438,22.109959688035374,21.77523368716685,21.965213775634766,5216276
2024-02-12,22.03758763625139,22.28184529500957,21.99235345832769,22.16423988342285,4257385
2024-02-13,22.164240029537016,22.182333700825776,21.666676147648356,21.82046890258789,7023353
2024-02-14,21.675721057201617,22.09186686545484,21.65762911158774,21.938074111938477,4269304
2024-02-15,22.019492584916595,22.191378999238044,21.99235207986352,22.09186553955078,4850537
2024-02-16,22.137098031908184,22.381357401335816,22.109959252310016,22.14614486694336,5138728
2024-02-19,22.05567958191342,22.21851917142384,22.02854080066665,22.16423988342285,3200710
2024-02-20,22.182332727883445,22.182332727883445,21.956167023216217,22.073772430419922,4894039
2024-02-21,22.119007431006604,22.263753349347542,21.99235345832769,22.16423988342285,4192914
2024-02-22,22.25470631177299,22.544198145827362,22.173286517756768,22.281845092773438,6366466
2024-02-23,22.336127208870227,22.426593842856818,22.2004281206441,22.363265991210938,5759615
2024-02-26,22.308986194306545,22.743223956970095,22.29993935856262,22.607524871826172,5195353
2024-02-27,22.61657284190401,22.806551225532367,22.535153041632547,22.74322509765625,4198041
2024-02-28,22.62561883857577,22.815597215154966,22.589431495127826,22.77036476135254,3924434
2024-02-29,22.61657070657396,23.014622834151737,22.598477035886923,22.806549072265625,9498884
2024-03-01,22.797504801100278,23.24078939619572,22.76131745839495,23.06890296936035,6358371
2024-03-04,22.95129755658298,23.123182257910873,22.878924596679795,23.06890296936035,5944349
2024-03-05,22.978436595401213,23.21364914909718,22.779411384815774,23.17746353149414,5505712
2024-03-06,23.04176144796223,23.548373870489357,23.0236695029135,23.385534286499023,7062100
2024-03-07,23.240790351504433,23.729307419554473,23.213649843359832,23.66598129272461,9072806
2024-03-08,24.018798940510766,24.977742842332173,24.018798940510766,24.643016815185547,15516635
2024-03-11,24.244962980821835,24.606829490646035,24.217824200440198,24.525409698486328,9287639
2024-03-12,24.57969019855337,25.15867388205167,24.50731723811608,25.059162139892578,7465944
2024-03-13,25.203905946847474,25.312464515644564,25.0410663681445,25.17676544189453,7115633
2024-03-14,25.240094037451463,25.384839960386078,24.977742699197794,25.158674240112305,6053379
2024-03-15,25.249141178758226,25.54767986411068,25.222000670814353,25.49340057373047,28855521
2024-03-18,25.439119115510135,25.511492071685534,25.167719235721847,25.384838104248047,5549257
2024-03-19,25.303418160311587,25.321511830623198,25.022973172511097,25.050113677978516,6173645
2024-03-20,24.91441481398328,25.06820583642051,24.670155439217,24.81490135192871,5996991
2024-03-21,24.995835429464325,25.411981265084986,24.977743482660653,25.366748809814453,6806760
2024-03-22,25.33055961964862,25.55672533053834,25.221999319198286,25.30341911315918,4640125
2024-03-25,25.19486057883411,25.647192001342773,25.19486057883411,25.647192001342773,6519727
2024-03-26,25.76479658186827,25.891450549435156,25.457211086431734,25.556724548339844,6110700
2024-03-27,25.421025471060755,25.70147046083852,25.357699350031005,25.556724548339844,4454903
2024-03-28,25.55672469663771,25.656238159123266,24.552548413032234,25.095346450805664,8291360
2024-04-02,25.3305612007176,25.457213454558772,24.887276586765946,25.086301803588867,5441447
2024-04-03,25.10439412830597,25.43912014257333,24.88727525101395,25.35770034790039,5686312
2024-04-04,25.53863287104919,25.83717155456543,25.493400416928484,25.83717155456543,4916333
2024-04-05,25.267233238640483,25.484352111816406,25.15867293929881,25.484352111816406,5565362
2024-04-08,25.4572129488886,25.647193051384228,25.330560697563186,25.5024471282959,4607140
2024-04-09,25.421024809948992,25.529583378746082,25.167718606910217,25.17676544189453,3706588
2024-04-10,25.321513385070595,25.37579267383018,24.190684803785697,24.48922348022461,8801535
2024-04-11,24.34447714362255,24.453037444793043,23.68407367756544,23.874052047729492,9099088
2024-04-12,24.18163694440236,24.335429693966955,23.747399201693177,23.837865829467773,6439685
2024-04-15,23.96451916506173,24.15449926459613,23.720259776592137,23.747400283813477,4518736
2024-04-16,23.13222824893321,23.34934712071485,22.788457133322467,23.09604263305664,7569420
2024-04-17,23.032716759898,23.376489630482855,23.032716759898,23.20460319519043,5077529
2024-04-18,23.421721028434764,23.43076786414788,22.960342760110656,23.349348068237305,4338174
2024-04-19,22.897018161078883,23.24983787536621,22.851785705007284,23.24983787536621,6426690
2024-04-22,22.806549374465753,23.096042932772082,22.725131306310065,22.969388961791992,7262131
2024-04-23,23.15936909783169,23.403628479267425,23.041761962100068,23.313161849975586,4979234
2024-04-24,23.24983553912373,23.36744094839695,22.607524029302137,22.63466453552246,11837477
2024-04-25,22.94225174937524,22.978437368195248,22.44468611791665,22.580385208129883,8690371
2024-04-26,22.88796963279121,22.91511013973239,22.408499422049314,22.67085075378418,5917152
2024-04-29,22.887970422052508,23.01462439997137,22.61657224531178,22.70703887939453,4207023
2024-04-30,22.818711734213984,22.98622294951562,22.5767512871127,22.586057662963867,6587029
2024-05-02,22.520915866679758,22.744263572587766,22.5116094903907,22.604671478271484,7990441
2024-05-03,22.79079193160798,22.90246666350455,22.688423575286926,22.883853912353516,5388423
2024-05-06,23.051364876592828,23.228180685611015,22.883853668041173,23.172344207763672,5297880
2024-05-07,24.50312517694069,25.517497006000163,24.27977749554359,24.931209564208984,17757103
2024-05-08,24.484513393138794,24.93121054857973,24.419370538702108,24.50312614440918,10645292
2024-05-10,24.3914510557049,25.080108642578125,24.30769722623021,25.080108642578125,9087750
2024-05-13,25.08010884021078,25.43374223692374,25.08010884021078,25.238313674926758,6567082
2024-05-14,25.098720098845234,25.43374252319336,25.042883619790434,25.43374252319336,6066889
2024-05-15,25.517498517445286,25.861827322708653,25.489579389988357,25.750152587890625,5595036
2024-05-16,25.77807120914281,25.899050542394445,25.42443603500481,25.517498016357422,6005278
2024-05-17,25.5174985438749,25.66639700711336,25.294150849017203,25.629173278808594,6049281
2024-05-21,25.405824415189095,25.778072357177734,25.312764204701672,25.778072357177734,6924359
2024-05-22,25.833907037675402,25.954886367881823,25.601252977654923,25.69431495666504,5217741
2024-05-23,25.750152248610174,26.103785650023404,25.712926745824745,26.001419067382812,6674486
2024-05-24,25.74084573732014,26.280603099797922,25.629172779571448,26.206153869628906,5412048
2024-05-27,26.20615542411612,26.457422256469727,26.159625318129052,26.457422256469727,4521457
2024-05-28,26.382970588033306,26.578399145162262,26.1782338805539,26.345745086669922,5607187
2024-05-29,26.21545973518948,26.234072486121992,25.861826342519883,25.973499298095703,4724364
2024-05-30,25.96419375866654,26.21546057931727,25.871131776017048,26.159624099731445,5253387
2024-05-31,26.215461050523338,26.550483484079454,26.11309269026792,26.51325798034668,15443159
2024-06-03,26.615625695958943,26.7831369086798,26.47603361036145,26.48533821105957,7356104
2024-06-04,26.299215452154705,26.420194783715576,25.787375449373467,25.88974380493164,6849615
2024-06-05,25.945580392544006,26.047948748534548,25.852520187108574,26.010725021362305,3671336
2024-06-06,26.28990933910637,26.485337901657925,26.09448077655481,26.410888671875,5206397
2024-06-07,26.336439662029782,26.643542959325195,26.224766703927635,26.4481143951416,5506495
2024-06-10,26.234073021023697,26.261990372982062,25.89905059744602,26.085174560546875,4494707
2024-06-11,26.1410109550258,26.22476656064965,25.666396448160533,25.84321403503418,4045205
2024-06-12,25.880437738569896,26.113091803974182,25.731539278711928,25.96419334411621,4254300
2024-06-13,25.89905011561276,25.964192968983227,25.294149909303204,25.322067260742188,5613840
2024-06-14,25.312763982744894,25.461662448230825,24.6892509928939,25.05219078063965,5876982
2024-06-17,25.229007776393765,25.610560307039254,25.19178227339924,25.591947555541992,4024437
2024-06-18,25.82460108598625,26.00141867150561,25.508191417166184,25.685009002685547,5314306
2024-06-19,25.722232307861344,25.78737516066554,25.582640226850977,25.69431495666504,3618271
2024-06-20,25.433741533540253,25.982805252075195,25.424435158224963,25.982805252075195,5090807
2024-06-21,25.833907626504523,25.908356856407604,25.154558181762695,25.154558181762695,19679625
2024-06-24,25.21970087757228,25.59194702474851,25.0801087942574,25.48027229309082,4100392
2024-06-25,25.443048551314472,25.480272278505968,24.558962399143535,24.670637130737305,7581949
2024-06-26,24.92190602580859,24.968436132434256,24.31700398961617,24.465904235839844,6059542
2024-06-27,24.437983509777585,24.652024826283206,24.307697799732367,24.54035186767578,3751670
2024-06-28,24.773006246044694,24.931211085229037,24.52173942351491,24.61480140686035,5075563
2024-07-01,25.126639255893657,25.396518825831972,24.977740794896544,25.1080265045166,4090434
2024-07-02,25.06149640108363,25.1080265045166,24.70786122495823,25.1080265045166,4143583
2024-07-03,25.27553704773543,25.489578357875953,25.08941308891173,25.40582275390625,3464353
2024-07-04,25.433742945045637,25.647784264147244,25.424436569213867,25.424436569213867,2979154
2024-07-05,25.564029197759822,25.573335573788572,25.182476655629806,25.331375122070312,2750658
2024-07-08,25.080109954778322,25.582641832967262,24.9777415939394,25.415130615234375,3082551
2024-07-09,25.21970134521909,25.331374303937878,24.968434525587295,25.229007720947266,5009795
2024-07-10,25.396518659164276,25.638477325439453,25.266231175389578,25.638477325439453,3016378
2024-07-11,25.740845037601822,25.92696899546975,25.619865707494398,25.81529426574707,3512901
2024-07-12,25.936276939207847,26.131705509277914,25.81529582677519,26.06656265258789,3267276
2024-07-15,25.98280567356196,26.224766110655736,25.871130942976514,25.973499298095703,2842574
2024-07-16,25.833907216121116,25.98280567356196,25.76876436286695,25.973499298095703,3302296
2024-07-17,25.889743939859265,26.159623505915643,25.573334271039204,25.685009002685547,4566323
2024-07-18,25.74084646980638,25.74084646980638,25.294151076081036,25.46166229248047,4203133
2024-07-19,25.145253376846068,25.387213832897547,25.033578637510857,25.20108985900879,7348837
2024-07-22,25.238314377607566,25.554722280839247,25.191782498448717,25.424436569213867,2951533
2024-07-23,25.480272935007736,25.53611118974812,25.052190298722923,25.50819206237793,4406512
2024-07-24,25.219701262850144,25.34068059690199,24.968434444039005,24.98704719543457,4416935
2024-07-25,24.47520688209163,24.75439282457379,24.1587972122843,24.707860946655273,5350531
2024-07-26,24.726475138418397,25.14525318903536,24.614802174927043,25.042884826660156,3476822
2024-07-29,25.266230309876935,25.452354266030895,24.810228569810292,24.847454071044922,3763929
2024-07-30,24.689249240816935,24.912596923195927,24.652023739582305,24.847454071044922,3712012
2024-07-31,24.773006526373376,24.921904991407125,24.67063816603403,24.810230255126953,4811156
2024-08-02,23.693490098048645,23.898226819640563,22.446465891581102,22.45577049255371,15733066
2024-08-05,21.385562355555795,22.223116678682754,20.966786081497187,22.167280197143555,16849696
2024-08-06,22.418547026584566,22.502302636398237,21.813646780715636,22.167280197143555,7655376
2024-08-07,22.47438223923765,23.116507953218623,22.446464887549112,23.004833221435547,6219052
2024-08-08,22.70703557952426,23.004832488106672,22.44646417201944,22.93968963623047,4947301
2024-08-09,23.163039126666913,23.28402023960796,22.902467698811844,23.023447036743164,2838836
2024-08-12,23.246795688102992,23.358470429623424,23.097897216082288,23.125816345214844,3092641
2024-08-13,23.358468166406762,23.451530146155317,23.079282227161087,23.3770809173584,5391261
2024-08-14,24.009899402619826,24.91259833355801,23.51667390840547,24.61480140686035,8828847
2024-08-15,24.88467955642676,24.88467955642676,24.14949360516674,24.363534927368164,6326431
2024-08-16,24.568270064902116,24.782311388770154,24.335615988956054,24.521739959716797,4342583
2024-08-19,24.354229059673315,24.484514775904593,24.261167073075367,24.39145278930664,3406717
2024-08-20,24.428676294222047,24.596187501383966,24.298390588655938,24.35422706604004,3545174
2024-08-21,24.223943288167106,24.363535380240627,24.15879865519036,24.23324966430664,4397625
2024-08-22,24.270472522497744,24.493820216798714,24.19602329106409,24.372840881347656,2510784
2024-08-23,24.428678278135447,24.614802251210858,24.372841796216726,24.596189498901367,3576031
2024-08-26,24.447290392777617,24.661331713724593,24.437984016865613,24.568269729614258,2463104
2024-08-27,24.614801828875926,24.73578116679238,24.39145235501371,24.60549545288086,2779195
2024-08-28,24.69855617020124,24.69855617020124,24.382146502647085,24.42867660522461,2916198
2024-08-29,24.354227599916435,24.512432435147456,24.233248267097256,24.261165618896484,4738906
2024-08-30,24.27047253063717,24.42867736936296,24.130880443528465,24.16810417175293,5703082
2024-09-02,24.177409815753027,24.20532894233358,23.888919274459184,24.10296058654785,4274453
2024-09-03,23.991287139654062,24.205328447365865,23.498059896874626,23.749326705932617,6558741
2024-09-04,23.153733128498402,23.488755569790147,22.81871246221641,23.33985710144043,6804740
2024-09-05,23.153731367716784,23.479447408090586,23.051364787892165,23.135120391845703,3809815
2024-09-06,23.023446248046312,23.153731957510747,22.558138114233714,22.59536361694336,8098950
2024-09-09,22.530219485245365,22.939691149054774,22.530219485245365,22.828018188476562,5319415
2024-09-10,22.734955816128544,23.04205911498497,22.399933390099836,22.511608123779297,3970185
2024-09-11,22.623280214718886,22.893159775337207,22.43715803240485,22.651199340820312,5312694
2024-09-12,23.051365010279145,23.34916192720488,22.772179069404043,22.967609405517578,5038934
2024-09-13,22.96760988367372,23.423611644085824,22.96760988367372,23.321243286132812,4261914
2024-09-16,23.246793635121097,23.43291759621481,23.200263532352487,23.330549240112305,3003680
2024-09-17,23.47014098953505,23.78655065388725,23.4422236382749,23.581815719604492,3900217
2024-09-18,23.52597999572754,23.553897347882017,23.37708153420474,23.52597999572754,3542986
2024-09-19,23.740022207371034,23.991289036293004,23.64696022165811,23.87030792236328,5021260
2024-09-20,23.69348907470703,23.98198139267001,23.48875413696751,23.69348907470703,15986889
2024-09-23,23.730714685540896,23.972675126708353,23.498060619996377,23.814470291137695,4365989
2024-09-24,24.19602183046543,24.698555443564313,23.842388446255153,24.037817001342773,7772970
2024-09-25,23.935449200596715,24.112266784283857,23.777244367826032,23.823776245117188,3664856
2024-09-26,24.08434813973493,24.558962647542003,23.879613200586842,24.38214683532715,6744698
2024-09-27,24.400757478672315,24.54965593693196,24.279778146964965,24.42867660522461,4194629
2024-09-30,24.233246782512243,24.37283885798561,24.102959307062164,24.25185775756836,5118384
2024-10-01,24.289086263892873,24.642719683860935,23.74002249406659,24.149494171142578,5645443
2024-10-02,24.326307500197807,24.754391885764857,24.233247297909372,24.484512329101562,8058231
2024-10-03,24.51243296840955,24.577575824037787,24.158797787842417,24.372840881347656,2960423
2024-10-04,24.270472383808595,24.72647414561021,24.270472383808595,24.57757568359375,4049923
2024-10-07,24.717167513716962,25.070802688598633,24.68925016175923,25.070802688598633,5603103
2024-10-08,24.72647528524981,24.921905635034815,24.36353548923306,24.838150024414062,5499221
2024-10-09,24.791616719917634,25.191781997680664,24.642718259588555,25.191781997680664,3108965
2024-10-10,25.201088707394366,25.387212672777814,25.0801093724019,25.145252227783203,3636515
2024-10-11,25.163864004009454,25.46166091707306,25.126638502371694,25.36859893798828,3970758
2024-10-14,25.517497659733234,25.95488665846516,25.517497659733234,25.88974380493164,5318478
2024-10-15,25.82460097392567,26.020029534696697,25.405822950831126,25.76876449584961,5837720
2024-10-16,25.685009480690486,26.09448113766794,25.564028371237985,26.03864288330078,5641488
2024-10-17,26.094480492158286,26.448113886020607,26.01072488768912,26.2154598236084,6171152
2024-10-18,26.308522397640594,26.48533821105957,26.168930312043106,26.48533821105957,7614719
2024-10-21,26.289909925087898,26.42019563635957,26.075868606567383,26.075868606567383,3622992
2024-10-22,26.01072681121201,26.159625280166267,25.843215589886032,26.094482421875,2645288
2024-10-23,26.066561299890495,26.131704153199994,25.84321361353951,25.852519989013672,2854509
2024-10-24,25.861827488534715,26.094481560471834,25.843214736777416,26.02933692932129,3843143
2024-10-25,26.085175857405872,26.17823606857325,25.936277389526367,25.936277389526367,3030748
2024-10-28,25.98280481294379,26.122396890294723,25.768763509338385,26.11309051513672,4064685
2024-10-29,26.38297120834249,26.63423802342424,26.36435845722318,26.494644165039062,6965482
2024-10-30,26.876195923759827,27.518321619041156,25.29414939880371,25.29414939880371,13681571
2024-10-31,25.117331220936894,25.25692329702393,24.61479939202165,24.69855499267578,9445684
2024-11-01,24.875371077998384,25.322066436579714,24.735779000317915,25.21969985961914,5356052
2024-11-04,25.20108860021384,25.26623145531809,24.959128156248287,25.02427101135254,3454693
2024-11-05,25.03357837567178,25.536112034909316,24.977741894093082,25.489580154418945,3944428
2024-11-06,26.150317119153833,26.82036018371582,26.150317119153833,26.82036018371582,13255592
2024-11-07,26.92272853976363,27.080933374105857,26.69007447602562,26.82036018371582,6698034
2024-11-08,26.82036207033068,26.84828119894662,26.07586972400337,26.252685546875,6062099
2024-11-11,26.503950956559404,26.848279757632053,26.448114477334805,26.690074920654297,4097760
2024-11-12,26.49464430112806,26.634238160230257,26.21546013294297,26.28990936279297,5034364
2024-11-13,26.02003001891236,26.178234855579984,25.79668232744213,26.122398376464844,5037924
2024-11-14,26.131705165406633,26.345746484574306,26.010725829575684,26.317829132080078,4390782
2024-11-15,26.0665618973497,26.252684086070058,25.899050684994613,26.122398376464844,5254235
2024-11-18,26.047948504428387,26.29921531677246,26.01072477760498,26.29921531677246,3983667
2024-11-19,26.252685241457037,26.37366635570886,25.67570412351828,26.17823600769043,5730224
2024-11-20,26.345746378384135,26.569094072486216,26.001419348938725,26.196847915649414,4964258
2024-11-21,26.0572543505715,26.28060203200382,25.92696864682171,26.18754005432129,3727845
2024-11-22,26.215459801343066,26.4760329900269,26.047948592547005,26.33643913269043,4250271
2024-11-25,26.541177560828338,26.755218885913305,26.34574721291747,26.382972717285156,8380255
2024-11-26,26.168930509018136,26.224766988675484,25.6757032428508,25.833908081054688,6899318
2024-11-27,25.59194774898741,25.750152587890625,25.53611126908324,25.750152587890625,4741321
2024-11-28,25.964193120792505,26.178234433121116,25.83390741328981,26.131704330444336,2622625
2024-11-29,26.18754045506178,26.559788371488303,26.150316728424894,26.503950119018555,5382767
2024-12-02,26.327134619188545,26.894809325861107,26.308521868147572,26.578399658203125,4469536
2024-12-03,26.66215576860353,26.959952690869127,26.66215576860353,26.811054229736328,4667404
2024-12-04,26.904115788662274,26.959952266956694,26.717991827668012,26.82036018371582,3481980
2024-12-05,26.77382963926049,27.006483699160196,26.77382963926049,26.950645446777344,4811374
2024-12-06,26.82966762310375,27.146077304334334,26.745912014836257,26.838973999023438,3800434
2024-12-09,26.98787257982337,27.099547316330362,26.67146289723156,26.755218505859375,3965997
2024-12-10,26.671463855879157,26.708689361056052,26.16893196105957,26.16893196105957,6820263
2024-12-11,26.113091445965555,26.513256716976233,26.085174094505966,26.33643913269043,5894794
2024-12-12,26.438806958080985,26.699380141541422,26.401583231877833,26.63423728942871,4687138
2024-12-13,26.643542200173695,26.736604179280324,26.420194515323548,26.503950119018555,2687428
2024-12-16,26.429502400027243,26.699381977347347,26.364359543435416,26.39227867126465,6240048
2024-12-17,26.52256311499213,26.56909321747072,26.113091468143942,26.2154598236084,4764505
2024-12-18,26.057255014023333,26.1782343455842,25.871131053919314,25.88974380493164,6572646
2024-12-19,25.26623145531809,25.312763333970892,24.81022969457867,25.02427101135254,10039006
2024-12-20,24.596188602229862,25.00566026306233,24.428677387570684,24.856760025024414,25831663
2024-12-23,24.940515180246717,25.210394748974213,24.912597828316052,25.191781997680664,3373259
2024-12-27,25.396520014512372,25.815296290038894,25.396520014512372,25.73154067993164,3595670
2024-12-30,25.712928231784222,25.889745830214025,25.61056164322783,25.80599021911621,3636053
2025-01-03,25.89905074154624,26.876197115738346,25.85252063801697,26.48533821105957,7843941
2025-01-06,26.606318932904948,27.248444647316667,26.606318932904948,27.183300018310547,8271414
2025-01-07,27.173994996639596,27.555547514142958,27.108850368643008,27.397342681884766,7406728
2025-01-08,27.499709572659782,27.769589138098333,27.285668260421396,27.471792221069336,5517502
2025-01-09,27.68583263615985,28.45824403030275,27.639302535010472,28.262815475463867,9545269
2025-01-10,28.011549664542382,28.262816479700042,27.611384390404545,27.71375274658203,6106295
2025-01-13,27.434566721068855,27.546241452468227,27.155382555084874,27.26705551147461,5805314
2025-01-14,27.32289407438969,27.397343304496623,27.12746373597795,27.34150505065918,3722195
2025-01-15,27.37873184964506,27.955714741552125,27.31358899209308,27.881263732910156,6010301
2025-01-16,28.151142120361328,28.272121454254496,27.95571355599321,28.151142120361328,4792157
2025-01-17,28.383795777057713,28.970083236694336,28.30934654765926,28.970083236694336,8456220
2025-01-20,29.03522751087737,29.54706573486328,29.03522751087737,29.54706573486328,5113366
2025-01-21,29.48192450723173,29.547067363874937,29.24927043350043,29.351638793945312,4608315
2025-01-22,29.519146407731718,29.63082113721035,29.24926862192356,29.38886070251465,4302155
2025-01-23,29.323720275600714,29.547067978023975,29.19343455960625,29.500537872314453,3958779
2025-01-24,29.649435887379177,29.807638954377182,29.45400554136505,29.630823135375977,5590761
2025-01-27,29.630822713486374,29.723884697167605,29.379555890049968,29.64012908935547,5059800
2025-01-28,29.882088550684433,29.993761507408454,29.630821735540916,29.863475799560547,6099080
2025-01-29,29.993761393377433,30.23572360704875,29.81694558340168,30.151968002319336,4896635
2025-01-30,30.245028497755936,30.245028497755936,29.93792342746176,30.14266014099121,5240876
2025-01-31,30.207803329700923,30.28225433545194,30.00307016392433,30.09613037109375,6760439
2025-02-03,29.18412806792572,29.59359796657578,28.75604364205189,29.584293365478516,8392751
2025-02-04,30.384622651541797,30.598663967752426,27.47179273089927,27.499710083007812,19067971
2025-02-05,27.453178753762018,27.47179150434314,27.01578976516316,27.0809326171875,10741761
2025-02-06,27.267056065112264,28.151142233694983,27.267056065112264,28.067386627197266,7380423
2025-02-07,28.346570880699943,28.486164741938996,27.99293747725155,28.30934715270996,6511094
2025-02-10,28.281427072719893,28.476857406865133,28.123222240320267,28.20697784423828,4281948
2025-02-11,28.355876725023023,28.38379585174953,28.03946705549455,28.19767189025879,5046927
2025-02-12,28.22559191612774,28.346571252443837,27.816120252809945,27.937101364135742,4991500
2025-02-13,28.048773431070053,28.327959373306165,27.937100474183328,28.19767189025879,4404697
2025-02-14,28.262818037920987,28.318654519364586,27.97432570460794,28.086000442504883,4453044
2025-02-17,28.300040355466834,28.718818382927466,28.290733979855524,28.318653106689453,3713782
2025-02-18,28.272120042883827,28.746734529097054,28.225589941788435,28.709510803222656,3969221
2025-02-19,28.78396197843755,29.053839778076746,28.22559185244752,28.38379669189453,4622789
2025-02-20,28.058080365109397,28.42102191973931,27.79750894384756,27.983631134033203,4982994
2025-02-21,28.234898457419376,28.290734937968573,28.002244384286396,28.216285705566406,6530938
2025-02-24,28.058080585625614,28.374490263938608,27.806813763140052,28.020856857299805,4732254
2025-02-25,27.890569151435542,28.225591578783252,27.602078602891503,27.983631134033203,8888873
2025-02-26,28.11391697814781,28.588531494140625,28.11391697814781,28.588531494140625,7656368
2025-02-27,28.421021063561216,28.49547029239464,27.723058877619255,28.002243041992188,8427352
2025-02-28,28.002243796347468,28.839798087038854,27.918488189777364,28.75604248046875,17255630
2025-03-03,28.486164653086103,29.249269712102134,28.30934706440859,29.081758499145508,8026345
2025-03-04,28.625758001297573,28.793269221641573,26.857587361573803,26.987873077392578,15560460
2025-03-05,28.07669433196284,28.18836907091594,27.59277342151567,27.797510147094727,10705831
2025-03-06,28.0580801102903,28.1976721954142,27.006484509013287,27.462486267089844,11110835
2025-03-07,26.987871540616723,27.816119444032562,26.987871540616723,27.425260543823242,10887625
2025-03-10,27.66722164993687,27.741670881528986,26.252684474676972,26.43880844116211,11703600
2025-03-11,26.336438544527635,26.392276796219058,25.591946272071215,25.7408447265625,9344717
2025-03-12,25.805988286677962,26.420194872061575,25.805988286677962,26.131704330444336,7341038
2025-03-13,26.010723938417804,26.299214468277675,25.85251911075086,26.11309051513672,5893868
2025-03-14,25.992113427259028,26.94134247503446,25.8246022100034,26.755218505859375,8057698
2025-03-17,26.680768595073353,27.388037174949137,26.52256375779838,27.25775146484375,6767614
2025-03-18,27.304282068523563,27.657915477433356,27.304282068523563,27.490406036376953,6442445
2025-03-19,27.26705649713228,27.425261336911277,26.61562616128502,27.04370880126953,8229821
2025-03-20,27.053015935301968,27.211220779514658,26.578401402663893,26.987873077392578,11141258
2025-03-21,26.82966740328716,27.05301509850067,26.5504832280227,26.801748275756836,21109756
2025-03-24,27.118156765375367,27.220525120155095,26.866891728658167,27.071626663208008,3773173
2025-03-25,27.080934043084493,27.685834268744195,27.034402164181635,27.536935806274414,6578718
2025-03-26,27.555547825859946,27.825425616288857,27.42526034340253,27.471792221069336,5379155
2025-03-27,26.38297207559476,26.615626147204928,25.94558128496144,26.355052947998047,9854010
2025-03-28,26.103785650023404,26.308522365323924,25.796682352082293,26.001419067382812,5952425
2025-03-31,25.59194655250117,25.657089405178727,24.707860416138196,25.005659103393555,10937796
2025-04-01,25.45235553563853,25.498885639493228,24.912598165879533,24.940515518188477,11215420
2025-04-02,25.033576565311005,25.08941304285176,24.521738341999903,24.921903610229492,6552337
2025-04-03,23.814469939464423,24.084347728505705,22.72564885779454,22.846628189086914,16015075
2025-04-04,22.269648321601416,22.39062765948088,20.92956035388646,21.646135330200195,19402329
2025-04-07,19.561554716564967,22.465076528770545,19.226532286306746,21.004009246826172,20704568
2025-04-08,21.869482611186015,22.092830305703348,20.994702809735863,21.45070457458496,14401569
2025-04-09,20.47355769481657,20.910946697475087,20.08269879509696,20.408414840698242,12041660
2025-04-10,23.842388748216152,23.85169334856805,21.301805074833812,21.311111450195312,12517795
2025-04-11,21.41348034051913,21.618215278571455,20.71551814601072,21.218050003051758,6222500
2025-04-14,21.869481819048058,22.06491037904344,21.59029765476619,21.832256317138672,7923338
2025-04-15,22.064514241839223,22.49999882846047,21.967741529986643,22.45161247253418,7403488
2025-04-16,22.083869449366336,22.21935272216797,21.783869982810796,22.21935272216797,6488368
2025-04-17,22.577418781507408,22.654838060800458,22.103225465109823,22.24838638305664,9315873
2025-04-22,22.13225748107528,22.451612225814433,21.82257853075813,22.44193458557129,6767540
2025-04-23,23.070967889601185,23.77741905950731,22.954838045181766,23.429031372070312,9066581
2025-04-24,23.409676537247826,23.76773999831947,23.187094502563642,23.68064308166504,4335010
2025-04-25,24.0870948244683,24.22257994295004,23.84515935424802,23.99032211303711,5833670
2025-04-28,23.990322550381617,24.28064438161007,23.94193434796275,24.164514541625977,4544310
2025-04-29,24.212902744044843,24.38709658111039,24.1161281850283,24.164514541625977,5345806
2025-04-30,24.00967598258062,24.7645153278316,23.680643589457468,24.087095260620117,10554600
2025-05-02,24.570966286483454,24.78387068612222,23.990322622286225,24.474193572998047,7925615
2025-05-05,24.3774190190854,24.72580484851659,24.270966819242464,24.629032135009766,4220629
2025-05-06,24.677419416584012,24.78387162041639,24.387097573540938,24.590322494506836,4606362
2025-05-07,24.648385076547193,24.793547835542416,24.51290180369422,24.609676361083984,5181717
2025-05-08,24.890321056437585,25.141934172471224,24.822579418624912,24.938709259033203,7110599
2025-05-09,25.05483793493021,25.219354136586574,24.987096295275453,25.12257957458496,6316398
2025-05-12,25.645160027320607,26.37096644318817,25.616127106190284,26.235483169555664,12596591
2025-05-13,26.09032018227133,26.6129016831343,26.05161146692286,26.53548240661621,7920045
2025-05-14,26.593546899654626,26.670966177619892,26.254836866373648,26.63225746154785,4674701
2025-05-15,26.477419398552026,26.84516051427804,26.477419398552026,26.80645179748535,6206333
2025-05-16,26.87419269837807,26.951611975659034,26.699998863040616,26.85483741760254,8215805
2025-05-19,26.564516083496272,27.193547953835093,26.55483844292845,27.1064510345459,7189927
2025-05-20,26.94193575799825,26.970968680694696,26.061290740240008,26.216129302978516,10965077
2025-05-21,25.76129027690349,26.08064503114596,25.412902601067636,25.867740631103516,8053413
2025-05-22,25.654838317522568,25.85806323311892,25.53870847588093,25.722579956054688,4373094
2025-05-23,25.8677406099734,25.974192809907663,24.66774087241158,25.24838638305664,7829646
2025-05-26,25.54838678958334,25.683871916038186,25.354839509509826,25.36451530456543,2830951
2025-05-27,25.17096784274572,25.7129028071883,25.13225727951777,25.66451644897461,3839600
2025-05-28,25.635483277213357,25.75161311994644,25.335483798399636,25.42258071899414,3632958
2025-05-30,25.32580615656342,25.461289434894983,25.103225957641218,25.34516143798828,13255354
2025-06-02,25.219354383242276,25.412903509138488,25.03548474404426,25.28709602355957,4331588
2025-06-03,26.061289594371075,26.63225746154785,25.790321198582056,26.63225746154785,8246429
2025-06-04,26.516127537526227,26.574191534360583,26.090320587158203,26.090320587158203,5488356
2025-06-05,26.216127628568064,26.351610900855693,25.770965404761178,25.993547439575195,5874578
2025-06-06,26.138709779703095,27.851613440694347,25.935483014351316,26.98064422607422,12705028
2025-06-10,26.32258150965222,26.3806455092296,24.996774239523457,25.6741943359375,15769918
2025-06-11,25.683871244885797,26.15806456053333,25.683871244885797,25.954837799072266,4636762
2025-06-12,25.645161413238178,25.84838633466963,25.451612286885233,25.6741943359375,5381761
2025-06-13,25.064515149309013,25.422580468877108,25.006451151424343,25.25806427001953,5360289
2025-06-16,25.229031839913926,25.519355526638495,25.074193278655986,25.277420043945312,4056878
2025-06-17,25.17096684865514,25.248386126232234,24.95806429677343,25.006450653076172,4037633
2025-06-18,24.58064386225973,24.735482418414026,24.26128910946384,24.396772384643555,7599516
2025-06-19,24.290322762692636,24.35806440232327,23.845160515972243,23.96129035949707,6926439
2025-06-20,24.03870964109549,24.45483896549995,24.03870964109549,24.11612892150879,28557660
2025-06-23,23.961290361269057,24.36774204490415,23.91290215737128,24.19354820251465,6132866
2025-06-24,24.774193061850486,25.006450896845877,24.56128866207215,24.938709259033203,6511660
2025-06-25,25.016128540039062,25.180644737239366,24.958064542739308,25.016128540039062,5181922
2025-06-26,25.229031355610235,25.712902311708078,25.20000027956994,25.56774139404297,5768144
2025-06-27,25.75161196546866,26.022578509996023,25.74193432518966,25.916128158569336,4609258
2025-06-30,25.906452178588435,26.29354858545095,25.88709689678999,25.983871459960938,5568112
2025-07-01,25.983870220683155,26.032256577050248,25.558063270532244,25.780643463134766,4899678
2025-07-02,26.12903213751015,26.719355306094478,26.090321574275197,26.67096710205078,9835990
2025-07-03,26.767740745620692,27.193547697484828,26.641935111067365,26.86451530456543,7820789
2025-07-04,26.661288779136026,26.84516025815537,26.341934023903054,26.487096786499023,4261835
2025-07-07,26.516127867014983,26.709676986629443,26.37096695021474,26.641935348510742,3588135
2025-07-08,26.54516146493181,27.058063507080078,26.487097465896795,27.058063507080078,8036376
2025-07-09,27.09677291922301,27.72580477854074,27.087095278824748,27.474191665649414,8131973
2025-07-10,27.55161053865526,27.958062200311197,27.54193289839903,27.919353485107422,6238526
2025-07-11,27.822579091303158,27.89032072767234,27.43548270789274,27.541933059692383,4276417
2025-07-14,27.212903733685387,27.512903213500977,27.12580681280002,27.512903213500977,4171944
2025-07-15,27.63870786442998,27.832256980778475,27.503224590478734,27.551610946655273,4717599
2025-07-16,27.425805801393498,27.88064383334289,27.367741803783645,27.493547439575195,4767723
2025-07-17,27.958062200311197,28.04515911679612,27.73548201188134,27.919353485107422,6073477
2025-07-18,28.054836761839425,28.161288958854975,27.84193421362947,27.99677276611328,6640019
2025-07-21,27.958063864508556,28.2193546295166,27.890322224503784,28.2193546295166,5605592
2025-07-22,28.451611054384827,28.509675050664185,28.1419339464667,28.39354705810547,7603770
2025-07-23,28.548386126155176,29.003224155872864,28.538708485630817,28.954837799072266,8923880
2025-07-24,29.0322564321161,29.593546649304166,29.022578791806858,29.5451602935791,9853665
2025-07-25,29.3612892417234,29.651611071892535,29.33225632037802,29.40967559814453,7014609
2025-07-28,29.17741898567446,29.729031593568866,29.138710268082157,29.380645751953125,8723125
2025-07-29,29.40967542419212,29.719352533426495,29.380644348839628,29.63225746154785,9005875
2025-07-30,29.7677411789038,30.72580544205517,29.06129003220954,29.961288452148438,13093086
2025-07-31,29.81612851542811,29.99032235914661,29.293548830093876,29.458065032958984,9309176
2025-08-04,28.57741857639315,29.477416980460255,28.461288737837403,29.245159149169922,10798275
2025-08-05,29.467741928631618,29.545161207679698,29.129031890613316,29.196773529052734,4784813
2025-08-06,29.535482661927755,29.738707571017986,29.341933547328452,29.69999885559082,6012341
2025-08-07,29.90322543728736,30.687095888199345,29.83548379713489,30.464515686035156,12300870
2025-08-08,30.503225824420536,30.92903094110902,30.416128903774883,30.909677505493164,8628776
2025-08-11,30.967740763166592,31.064513476394538,30.735482928941384,30.880643844604492,7268431
2025-08-12,30.44515997904407,30.987096784336103,30.44515997904407,30.832258224487305,5195119
2025-08-13,30.783870020896284,30.88064458225709,30.64838674248389,30.832258224487305,4744117
2025-08-14,30.774191956193715,31.045162200927734,30.677419241987405,31.045162200927734,5391164
2025-08-15,31.25806291481427,31.596774797867827,31.074193281139994,31.200000762939453,6353392
2025-08-18,31.151611080635444,31.17096636203554,30.822580525939994,31.06451416015625,4902025
2025-08-19,31.122578896290232,31.248386375090455,30.97741613677903,31.093547821044922,2720604
2025-08-20,30.929030201218463,30.996771838806502,30.55161145133015,30.880643844604492,5561036
2025-08-21,30.967741935483872,31.03548357563634,30.561290248747795,30.851612091064453,4914760
2025-08-22,30.754838466682333,31.374190850632566,30.706450263843188,31.27741813659668,5064311
2025-08-25,31.277417708413328,31.403225188251618,31.07419279673465,31.33548355102539,3284305
2025-08-26,31.11290470246346,31.25806377780053,30.909677936184792,31.23870849609375,10029324
2025-08-27,31.45161247040336,31.645161593165106,31.20000119496282,31.29677391052246,4736663
2025-08-28,31.35483981920976,31.529033660888672,31.277418693289146,31.529033660888672,5179366
2025-08-29,31.441935749992993,31.451611544607157,31.15161022857504,31.33548355102539,5317079
2025-09-01,31.267742649582054,31.470967566042958,31.132255680299007,31.287097930908203,3732484
2025-09-02,31.29677434121409,31.37419177639869,30.503226249448716,30.619354248046875,6580636
2025-09-03,30.725805039596366,30.95806287194044,30.580644125108964,30.793546676635742,3743383
2025-09-04,30.861289731917843,31.403226544780118,30.716128810759514,31.39354705810547,3974557
2025-09-05,31.529033530473587,31.722578961189612,30.9387085226981,31.06451416015625,6371923
2025-09-08,31.37419128173843,31.393546563140045,31.09354893052116,31.21935272216797,2972782
2025-09-09,31.161290874882717,31.161290874882717,30.541934784712012,30.919355392456055,5328184
2025-09-10,30.967741257199002,31.074193458433413,30.706450497344292,30.899999618530273,2847015
2025-09-11,31.122579885457153,31.335484288402355,30.967741326490398,31.287097930908203,4084428
2025-09-12,31.59677380784242,31.616125396766073,31.180644504780265,31.31612777709961,3632386
2025-09-15,31.67419030845801,32.09999539347966,31.480641200123735,32.05160903930664,8760819
2025-09-16,32.080645507260996,32.080645507260996,31.393545951636046,31.42258071899414,5331888
2025-09-17,31.412901911758055,31.741934313004645,31.36451555397171,31.6064510345459,4632277
2025-09-18,31.606451342819984,31.9354837472758,31.51935442129808,31.77096939086914,3566257
2025-09-19,32.032254036849395,32.63225664704853,31.722576937488263,32.44838333129883,21907300
2025-09-22,32.41935533210697,32.68064610166135,32.14838876737319,32.34193420410156,3881000
2025-09-23,32.48709389162953,32.64193244131009,32.148385717841485,32.44838333129883,5106319
2025-09-24,32.25483912194415,32.303225478350086,31.72257812655178,32.109676361083984,6034836
2025-09-25,31.93548292863943,31.974193490910746,31.103224298018166,31.27741813659668,6756071
2025-09-26,31.277418447452938,31.519353926589574,31.14193516979921,31.441936492919922,4814199
2025-09-29,31.751612556678833,31.76128835120037,31.403224887626315,31.480642318725586,4862644
2025-09-30,31.780645060348316,32.05161161883853,31.3451604544587,31.461288452148438,6291976
2025-10-01,31.180645481767044,31.519353673178188,31.045162205202583,31.200000762939453,5240856
2025-10-02,31.16129062779639,31.374191340326814,30.861289302974825,30.987096786499023,4977008
2025-10-03,31.219352547304673,31.761289348587063,31.180645676360704,31.674192428588867,4442133
2025-10-06,31.64516178231557,31.75161398505294,31.354839942258863,31.616127014160156,3603152
2025-10-07,31.45161247253418,31.7225790294335,31.37419134676725,31.45161247253418,3071394
2025-10-08,31.577419960300308,31.916128156469682,31.5483851923126,31.761289596557617,4604063
2025-10-09,31.44193686101907,31.693548137944177,31.025807536700924,31.30644989013672,5532419
2025-10-10,31.316128011757726,31.693546756516064,31.093547821044922,31.093547821044922,4292617
2025-10-13,31.074193226652692,31.509677823162285,31.05483794551422,31.4322566986084,2947288
2025-10-14,31.11290470246346,31.26774326447518,30.251613124724358,30.774192810058594,7449302
2025-10-15,31.112903250758944,31.112903250758944,30.11612843922366,30.329030990600586,8320661
2025-10-16,30.048385686835786,30.49354792703562,29.90322476892194,30.2806453704834,4730162
2025-10-17,29.516129032258064,29.612903594970703,29.061290987076298,29.303226470947266,9902756
2025-10-20,29.670967594269783,29.670967594269783,28.89677478421119,29.303226470947266,9534626
2025-10-21,29.380645254159354,29.380645254159354,28.916127730173223,29.051612854003906,6507069
2025-10-22,29.01290253841178,29.361290222914043,28.887096900019987,29.216129302978516,5577600
2025-10-23,29.53548332564087,29.603224963526554,29.26451492827695,29.419353485107422,3561366
2025-10-24,29.4677414408353,29.574191794126023,29.10967612752694,29.40967559814453,4503458
2025-10-27,29.65161182194524,29.903224942506387,29.390322906512058,29.74838638305664,5056546
2025-10-28,29.90322543728736,30.13548328030494,29.748386875275642,29.92258071899414,5651351
2025-10-29,31.10322521578881,31.10322521578881,29.206451908234627,29.612903594970703,9097768
2025-10-30,29.612903594970703,29.81612851542811,29.41935446954543,29.690322875976562,5606046
2025-10-31,29.6129028597656,29.864515978243112,29.448386660984966,29.73870849609375,4496027
2025-11-03,29.864515479907343,29.88386891498943,29.477417245126684,29.64193344116211,3069876
2025-11-04,29.119353592097397,29.61290217706088,28.906451040980688,29.554838180541992,4766622
2025-11-05,29.467741291814367,30.51290245928742,29.41935308981676,30.174192428588867,6321924
2025-11-06,29.999998574755764,30.096773132870823,29.777418383165948,29.78709602355957,3967803
2025-11-07,29.70967790873567,29.80645062481616,29.177418741186774,29.370967864990234,4287004
2025-11-10,30.0,30.0,29.700000516829952,29.84516143798828,3909461
2025-11-11,29.835482641607804,30.251611953080598,29.816127360650654,30.183870315551758,3990769
2025-11-12,30.387096160709394,30.745161486120846,30.29032159877485,30.609676361083984,4081280
2025-11-13,30.590321743986706,30.745160298773776,30.280644634412567,30.329030990600586,3937433
2025-11-14,29.79677409797368,29.91290209274634,29.322578940884874,29.883869171142578,7373013
2025-11-17,29.79677409797368,30.077418290191936,29.70967717898359,29.883869171142578,4627046
2025-11-18,29.032258064516128,29.438709751252205,28.98387170607044,29.303226470947266,6082709
2025-11-19,29.283871189240486,29.758064516129032,29.23548298497354,29.612903594970703,3787653
2025-11-20,30.11612984441942,30.2129025613108,29.225807189941406,29.380645751953125,4592991
2025-11-21,28.664516206585265,29.061290242299506,28.558064005747372,28.809677124023438,6086591
2025-11-24,29.080643180005463,29.225805940780546,28.480644239310347,28.790321350097656,6172941
2025-11-25,29.099998970733463,29.332256807893234,28.722580216076487,29.274192810058594,3830586
2025-11-26,29.438708529141326,29.825804918100804,29.31290289491244,29.64193344116211,4101909
2025-11-27,29.738708989745938,29.94193575435255,29.554839352508104,29.91290283203125,2230647
2025-11-28,29.74838547291962,30.08709550353624,29.74838547291962,30.01935386657715,4611920
2025-12-01,29.90322494633942,30.222579705973114,29.700000029218536,29.98064422607422,4704054
2025-12-02,29.903224947603935,30.1741933495978,29.78709695090744,30.058063507080078,2964893
2025-12-03,29.941934334615375,29.980643050053775,29.69032122389175,29.85483741760254,6306431
2025-12-04,30.145160247385423,30.309676446573437,29.951612972107366,30.2806453704834,4696827
2025-12-05,30.45483739123853,31.625806067857376,30.396773393186233,31.51935386657715,13020512
2025-12-08,31.451610610337763,32.24515864425182,31.374189489154805,32.07096481323242,8094338
2025-12-09,32.129033119299685,32.34193383560366,31.99354983847647,32.16774368286133,5279267
2025-12-10,32.38064439976443,32.487096603739644,31.896773430162533,32.01290512084961,5808644
2025-12-11,32.04193643950922,32.59354905368681,32.01290536243963,32.4096794128418,5709862
2025-12-12,33.14515883496285,34.03547957766555,33.14515883496285,33.22257995605469,14294331
2025-12-15,33.319354265849455,33.5225791810115,32.922580230305385,33.05806350708008,5041532
2025-12-16,33.75483780721116,34.3258056640625,33.474191776024064,34.3258056640625,9812533
2025-12-17,34.66451435663156,35.022577823843456,34.606448513985434,34.65483856201172,8449127
2025-12-18,34.69354570839276,35.729029248152116,34.69354570839276,35.51612854003906,7425994
2025-12-19,35.903223833697794,35.903223833697794,34.964516679566046,35.622581481933594,17012649
2025-12-22,35.66128946236838,35.86451807798134,35.42903346115726,35.59354782104492,4083593
2025-12-23,35.41935397166337,35.85483858845484,35.36129181718623,35.74838638305664,3566320
2025-12-29,35.9225786138946,35.9225786138946,35.33225545898051,35.448387145996094,4039368
2025-12-30,35.55483764290974,35.845159463252386,35.41935068121708,35.767738342285156,3368395
2026-01-05,36.09677105021998,36.93870544433594,35.9225772181074,36.93870544433594,7650308
2026-01-06,36.77419429496724,37.01612978374992,36.08709839281865,36.36774444580078,4451693
2026-01-07,36.73548223478754,36.82257915486816,36.000000003162,36.15483856201172,5203433
2026-01-08,36.19355010674469,36.80322487221006,36.019356261856714,36.65806579589844,3831820
2026-01-09,36.716124888587125,36.95806035391117,36.48386890919568,36.91935348510742,4265781
2026-01-12,36.77419132989863,36.88064352704268,36.18386819420328,36.71612548828125,5284673
2026-01-13,36.59032390963647,37.151612312563,36.541933859548266,36.725807189941406,4005086
2026-01-14,36.73548199505922,36.870965271713274,36.48387072293631,36.532257080078125,7480363
2026-01-15,36.66773914204409,36.948385172469095,36.1838682033702,36.87096405029297,5653737
2026-01-16,36.81290386556169,36.90967658180576,36.51290253857707,36.793548583984375,6102564
2026-01-19,36.08709814978088,36.638710765159004,36.048387585842136,36.28064727783203,3270034
2026-01-20,35.903223096587965,35.961288939713846,35.49677326963391,35.8258056640625,3849730
2026-01-21,35.70000001589651,36.2129020690918,35.37096760457588,36.2129020690918,4038364
2026-01-22,36.658065058218774,36.996773254439184,36.54193336953538,36.706451416015625,3964709
2026-01-23,36.677419074422154,36.677419074422154,35.63225606218089,35.96128845214844,5987324
2026-01-26,36.00967653336063,36.39677478421119,35.93225909817603,36.10645294189453,3568449
2026-01-27,36.38709333440377,36.77419156436986,36.17419263040051,36.49354553222656,4062378
2026-01-28,36.48387019206528,36.48387019206528,35.58386993408203,35.58386993408203,4288596
2026-01-29,35.84516192711242,35.91290356679393,35.24515927330118,35.400001525878906,4434548
2026-01-30,35.64193426683595,35.72902748974883,35.04193165917109,35.21612548828125,11473244
2026-02-02,34.838707051897664,35.97096325909607,34.674192707251976,35.922576904296875,8360753
2026-02-03,36.22258156123926,36.52258289537169,35.71935530316675,35.90322494506836,4458401
2026-02-04,35.89354709125731,36.06774092797038,33.59032034377302,33.65806198120117,15793297
2026-02-05,33.87096685521743,34.0838712567758,32.79677274428918,32.90322494506836,7349041
2026-02-06,32.419352281279224,32.87419213640179,32.12903046186487,32.758060455322266,6050079
2026-02-09,33.12580514140556,33.1645157038057,32.31290178921464,32.90322494506836,4620548
2026-02-10,32.93225550817312,32.99032135086904,32.30322549135794,32.41935348510742,4456251
2026-02-11,32.283870865187474,32.438709423874414,31.1903214679121,31.51935386657715,9344431
2026-02-12,31.72257777319867,32.312900913045695,31.17096519470215,31.17096519470215,6565990
2026-02-13,31.548385120231224,31.71290316631079,30.6677419663817,31.06451416015625,6893686
2026-02-16,31.393546195658853,31.780644435875008,31.31612876260107,31.354839324951172,3136373
2026-02-17,31.258063533280776,31.625806499547842,31.141935535591042,31.461288452148438,4231352
2026-02-18,31.490321427962215,32.43870802034095,31.461286661460495,32.31290054321289,5079606
2026-02-19,32.51612635477331,32.62257855440804,31.6258055789963,31.654836654663086,4949134
2026-02-20,31.809675460814688,32.206449495160996,31.683871670842194,31.741933822631836,8086896
2026-02-23,31.732258511654564,31.925807634403064,31.006452070079533,31.141935348510742,7610682
2026-02-24,30.958063365036317,31.054837924843056,30.629030969186132,30.735483169555664,9342021
2026-02-25,30.967741012573242,31.15161064584413,30.725805535912514,30.967741012573242,4720158
2026-02-26,31.30644902738248,31.40322543248859,31.083868833102006,31.267742156982422,4167452
2026-02-27,31.141935036952674,31.538709073378485,30.561289520337443,30.9774169921875,8146986
2026-03-02,30.04838521807264,30.803224563598633,29.680644108706346,30.803224563598633,6551580
2026-03-03,30.14516092115833,30.18387148457189,29.24516062582693,29.690322875976562,9437020
2026-03-04,29.54516171236185,30.183871236874065,29.34193494775092,29.99032211303711,6954991
2026-03-05,29.941935751775517,30.251612873224424,29.583870426461946,29.603225708007812,5946328
2026-03-06,29.758063501669632,29.816127498989296,28.65483832349003,28.877418518066406,7794839
2026-03-09,28.267740564083986,28.66451644897461,28.035482725054678,28.66451644897461,7715057
2026-03-10,29.729031344459024,29.84516118790535,29.129032383146527,29.370967864990234,7042678
2026-03-11,28.916126511624647,29.34193345490925,28.858062515756206,29.158061981201172,6690970
2026-03-12,29.03225681353596,29.129031372078646,28.306450393197558,28.558063507080078,7171548
2026-03-13,28.383870154572307,28.683869629928033,28.016129040828627,28.34516143798828,5546858
2026-03-16,28.122578916548566,28.74193498372907,27.725804887762603,28.558063507080078,5881305
2026-03-17,28.383870652894345,29.23548273672754,28.345161935630728,28.983871459960938,4916355
2026-03-18,29.23548199099389,29.31290311518876,28.7322576044756,28.954837799072266,4274401
2026-03-19,28.567741137423155,28.674191490543443,28.103225471567782,28.3258056640625,7548246
2026-03-20,28.63548395602701,28.73225851852807,27.890322224336494,28.141935348510742,23333150
2026-03-23,27.590321132097,29.0903203029733,27.338708022602827,28.461288452148438,8497605
2026-03-24,28.441934337760856,28.56774182057675,28.045160299626836,28.35483741760254,5388144
2026-03-25,28.86774137514033,29.351612334727545,28.72258045642841,29.206451416015625,7012746
2026-03-26,28.83870844253955,29.01290228325874,28.54838660522172,28.58709716796875,5029626
2026-03-27,28.674192177767434,28.77096673859529,28.190321219449363,28.4322566986084,4676517
2026-03-30,28.13225770867726,28.625806316211047,28.054838427837915,28.6064510345459,4086035
2026-03-31,28.693547305552432,29.806450134564386,28.500000030753647,29.73870849609375,9894833
2026-04-01,30.629031888900265,31.045163062310987,30.493548608595326,30.541934967041016,7653888
2026-04-02,29.806449728987108,30.648385992660266,29.71935281047536,30.416128158569336,5528036
2026-04-07,30.735484092466294,30.919355577038182,30.07741928100586,30.15483856201172,4995880
2026-04-08,31.935482993632988,32.12903211374106,31.354839324951172,31.354839324951172,9497027
2026-04-09,31.36451530456543,31.519353863235953,31.10322454462596,31.36451530456543,4819766
2026-04-10,31.79999972559394,31.974193564573767,31.383870409324615,31.66451644897461,5798064
2026-04-13,31.451612237687616,32.06129067780113,31.325804755076984,31.983869552612305,5675529
2026-04-14,32.25483864411425,32.4967741142022,31.858060929193396,32.39999771118164,4737394
2026-04-15,32.35161064647062,32.758060455322266,32.26451373148209,32.758060455322266,4724550
2026-04-16,32.767740668253985,32.98064506331461,32.55483627319336,32.55483627319336,4347789
2026-04-17,32.53548319757783,33.48386986185655,32.438710479614876,33.33871078491211,6817280
2026-04-20,33.09677258698005,33.09677258698005,32.651612214191154,32.999996185302734,6390152
2026-04-21,33.33000183105469,33.68000030517578,33.290000915527344,33.4900016784668,4842070
2026-04-22,33.439998626708984,34.380001068115234,33.04999923706055,33.540000915527344,7516439
2026-04-23,33.040000915527344,33.13999938964844,32.25,32.619998931884766,6755651
2026-04-24,32.2599983215332,32.70000076293945,32.119998931884766,32.540000915527344,4433377
2026-04-27,32.540000915527344,33.150001525878906,32.439998626708984,33.13999938964844,5347597
2026-04-28,33.220001220703125,33.54999923706055,33.119998931884766,33.279998779296875,5289376
2026-04-29,34.75,35.25,34.33000183105469,34.349998474121094,11773528
2026-04-30,33.79999923706055,34.58000183105469,33.540000915527344,34.5,6878945
2026-05-04,34.45000076293945,34.7400016784668,33.95000076293945,34.220001220703125,5595603
2026-05-05,33.90999984741211,34.560001373291016,33.75,34.560001373291016,4928889
2026-05-06,34.779998779296875,35.95000076293945,34.75,35.25,8710246
2026-05-07,35.40999984741211,35.61000061035156,34.939998626708984,34.939998626708984,4498563
2026-05-08,34.709999084472656,35.189998626708984,34.65999984741211,35.029998779296875,3433097
2026-05-11,35.20000076293945,35.4900016784668,35.0,35.040000915527344,5319465
2026-05-12,34.86000061035156,34.959999084472656,34.38999938964844,34.869998931884766,5180163
2026-05-13,35.400001525878906,36.2400016784668,35.400001525878906,36.220001220703125,7295036
2026-05-15,36.40999984741211,36.41999816894531,35.56999969482422,35.970001220703125,6977377
2026-05-18,35.68000030517578,36.630001068115234,35.63999938964844,36.2599983215332,4417284
2026-05-19,36.41999816894531,36.7400016784668,36.150001525878906,36.150001525878906,4336556
2026-05-20,36.25,37.11000061035156,35.970001220703125,36.900001525878906,6371016
2026-05-21,37.060001373291016,37.22999954223633,36.5,37.08000183105469,5158289
2026-05-22,37.25,37.279998779296875,36.77000045776367,37.09000015258789,4205177
2026-05-26,37.56999969482422,37.75,37.27000045776367,37.41999816894531,4947649
2026-05-27,37.5099983215332,37.68000030517578,36.86000061035156,37.029998779296875,4187954
2026-05-28,37.0099983215332,37.060001373291016,36.58000183105469,36.689998626708984,3714416
2026-05-29,36.9900016784668,37.11000061035156,36.70000076293945,37.040000915527344,8421986
2026-06-01,37.0099983215332,37.54999923706055,36.88999938964844,37.54999923706055,5115873
2026-06-02,37.619998931884766,38.119998931884766,37.619998931884766,37.9900016784668,5824952
2026-06-03,37.83000183105469,37.86000061035156,37.33000183105469,37.45000076293945,4709013
2026-06-04,37.5099983215332,37.86000061035156,36.310001373291016,37.58000183105469,8112853
2026-06-05,37.58000183105469,37.959999084472656,37.27000045776367,37.630001068115234,4110278
2026-06-08,37.33000183105469,37.90999984741211,37.0099983215332,37.84000015258789,4037126
2026-06-09,38.0099983215332,38.779998779296875,37.91999816894531,37.91999816894531,13178271
2026-06-10,37.91999816894531,38.04999923706055,37.189998626708984,37.779998779296875,5046420
2026-06-11,37.650001525878906,38.0,37.459999084472656,37.529998779296875,4538892
2026-06-12,37.95000076293945,38.90999984741211,37.88999938964844,38.900001525878906,7415774
2026-06-15,39.36000061035156,39.66999816894531,39.0,39.5099983215332,8379492
2026-06-16,39.540000915527344,40.349998474121094,39.540000915527344,40.18000030517578,9531657
2026-06-17,40.220001220703125,40.470001220703125,39.93000030517578,40.0,7966884
2026-06-18,40.5,41.060001373291016,40.349998474121094,41.060001373291016,12065003
2026-06-19,40.47999954223633,41.0,40.11000061035156,41.0,18803016
2026-06-22,41.0,41.41999816894531,40.75,41.349998474121094,5585986
2026-06-23,40.970001220703125,41.06999969482422,40.650001525878906,40.880001068115234,4197241
2026-06-24,40.630001068115234,40.779998779296875,40.150001525878906,40.36000061035156,4736694
2026-06-25,40.349998474121094,41.0,40.20000076293945,40.79999923706055,4977211
2026-06-26,40.20000076293945,40.529998779296875,39.540000915527344,39.970001220703125,7160440
2026-06-29,39.95000076293945,40.119998931884766,39.689998626708984,39.97999954223633,3878081
2026-06-30,40.209999084472656,40.31999969482422,39.880001068115234,40.060001373291016,5860195
2026-07-01,40.060001373291016,40.27000045776367,39.84000015258789,40.2599983215332,4518993
2026-07-02,40.349998474121094,41.4900016784668,40.279998779296875,41.04999923706055,8627863
2026-07-03,41.189998626708984,41.38999938964844,40.97999954223633,41.189998626708984,3819798
2026-07-06,41.220001220703125,41.939998626708984,41.220001220703125,41.900001525878906,6647654
2026-07-07,41.959999084472656,42.099998474121094,41.599998474121094,41.65999984741211,3337212
2026-07-08,41.52000045776367,41.77000045776367,40.880001068115234,41.099998474121094,4988567
2026-07-09,41.630001068115234,41.97999954223633,41.36000061035156,41.880001068115234,4311277
2026-07-10,41.90999984741211,42.220001220703125,41.72999954223633,42.060001373291016,5475259
2026-07-13,41.9900016784668,42.279998779296875,41.77000045776367,42.2400016784668,4847068
2026-07-14,42.16999816894531,43.83000183105469,42.09000015258789,43.81999969482422,6745055
2026-07-15,44.0,44.439998626708984,43.45000076293945,44.279998779296875,5853296
2026-07-16,44.209999084472656,44.400001525878906,43.060001373291016,43.36000061035156,4210334
2026-07-17,42.970001220703125,43.0,42.08000183105469,42.540000915527344,5289689
2026-07-20,42.5,42.70000076293945,41.75,42.04999923706055,6238153
2026-07-21,42.16999816894531,42.709999084472656,42.11000061035156,42.59000015258789,4051379
2026-07-22,42.52000045776367,43.119998931884766,42.5099983215332,42.88999938964844,3857237
2026-07-23,42.97999954223633,42.97999954223633,41.939998626708984,42.2400016784668,5026102
