Date,Open,High,Low,Close,Volume
1995-04-03,54.92488098144531,55.04125574136272,54.80850622152791,54.92488098144531,0
1995-04-04,54.92488098144531,55.04125574136272,54.92488098144531,54.92488098144531,0
1995-04-05,55.04125574136272,55.04125574136272,54.92488098144531,54.92488098144531,0
1995-04-06,54.80851890745148,54.80851890745148,54.5758171081543,54.5758171081543,0
1995-04-07,54.92488098144531,54.92488098144531,54.80850622152791,54.92488098144531,0
1995-04-10,54.92488098144531,54.92488098144531,54.80850622152791,54.92488098144531,0
1995-04-11,54.80850601196289,54.924880771435326,54.80850601196289,54.80850601196289,0
1995-04-12,54.924880771435326,54.924880771435326,54.692131252490455,54.80850601196289,0
1995-04-13,54.924880771435326,54.924880771435326,54.692131252490455,54.80850601196289,0
1995-04-14,54.80850601196289,54.80850601196289,54.80850601196289,54.80850601196289,0
1995-04-17,54.80850601196289,54.80850601196289,54.80850601196289,54.80850601196289,0
1995-04-18,54.459429716174235,54.92488098144531,54.459429716174235,54.92488098144531,0
1995-04-19,54.69213049553756,55.39033126831055,54.69213049553756,55.39033126831055,0
1995-04-20,54.924881606169365,55.390332876734554,54.924881606169365,55.27400588989258,0
1995-04-21,55.27400588989258,55.390332876734554,55.15763112865151,55.27400588989258,0
1995-04-24,55.27400588989258,55.390332876734554,55.15763112865151,55.27400588989258,0
1995-04-25,55.8558349609375,56.437661024402196,55.8558349609375,55.8558349609375,0
1995-04-26,55.855830935945086,56.43765695748318,55.623081417570546,55.73945617675781,0
1995-04-27,55.73945617675781,55.97220569513235,55.623081417570546,55.73945617675781,0
1995-04-28,55.97220872573849,56.321285247802734,55.97220872573849,56.321285247802734,0
1995-05-01,56.321285247802734,56.321285247802734,56.321285247802734,56.321285247802734,0
1995-05-02,56.554038805757344,56.554038805757344,56.32128925820749,56.43766403198242,0
1995-05-03,56.437661024402196,56.437661024402196,55.62308542579094,55.8558349609375,0
1995-05-04,56.437660013291094,56.437660013291094,56.321285247802734,56.321285247802734,0
1995-05-05,56.32128709110051,57.48493556031273,56.32128709110051,57.368560791015625,0
1995-05-08,57.01948769037019,58.0667651282904,56.90311291406677,58.04349899291992,0
1995-05-09,58.04351030622576,58.18315124511719,57.71769982358729,58.18315124511719,0
1995-05-10,58.18314889668469,58.18314889668469,57.95044708251953,57.95044708251953,0
1995-05-11,57.950434423610055,58.29951095581055,57.950434423610055,58.29951095581055,0
1995-05-12,58.4158821105957,58.64863163393107,58.29950734892802,58.4158821105957,0
1995-05-15,58.41587492545877,58.76538503762013,58.41587492545877,58.648624420166016,0
1995-05-16,58.648624420166016,58.648624420166016,58.648624420166016,58.648624420166016,0
1995-05-17,58.5322496728124,58.648624420166016,58.299500178105156,58.648624420166016,0
1995-05-18,58.55551580239511,58.648624420166016,58.41587492545877,58.648624420166016,0
1995-05-19,58.997727063605446,58.997727063605446,58.18315124511719,58.18315124511719,0
1995-05-22,58.648624420166016,58.648624420166016,58.5322496728124,58.648624420166016,0
1995-05-23,58.53225326538086,58.53225326538086,58.53225326538086,58.53225326538086,0
1995-05-24,58.648624420166016,58.648624420166016,58.299500178105156,58.648624420166016,0
1995-05-25,58.648624420166016,58.648624420166016,58.648624420166016,58.648624420166016,0
1995-05-26,58.5322496728124,58.69515667933144,58.48566963925358,58.648624420166016,0
1995-05-29,58.41587492545877,58.648624420166016,58.41587492545877,58.648624420166016,0
1995-05-30,58.64863163393107,58.64863163393107,58.4158821105957,58.4158821105957,0
1995-05-31,58.648624420166016,58.648624420166016,57.95042371043769,58.648624420166016,0
1995-06-01,58.53225687226338,58.53225687226338,58.29950734892802,58.4158821105957,0
1995-06-02,58.21445781717201,59.17297376594755,58.21445781717201,58.682029724121094,0
1995-06-05,58.682029724121094,58.682029724121094,58.682029724121094,58.682029724121094,0
1995-06-06,58.915824622622225,58.915824622622225,58.68201473284652,58.798919677734375,0
1995-06-07,58.79893469887421,58.79893469887421,58.44821977461485,58.682029724121094,0
1995-06-08,58.58849688424535,58.79893469887421,58.44821977461485,58.682029724121094,0
1995-06-09,58.3313183626291,58.798938290202926,58.3313183626291,58.565128326416016,0
1995-06-12,58.44820484307081,58.798919677734375,58.44820484307081,58.798919677734375,0
1995-06-13,58.68201473284652,58.798919677734375,58.56510978795867,58.798919677734375,0
1995-06-14,58.79893469887421,58.79893469887421,58.56512474936797,58.682029724121094,0
1995-06-15,58.682029724121094,58.682029724121094,58.682029724121094,58.682029724121094,0
1995-06-16,58.68203307687848,58.68203307687848,58.44822311401367,58.44822311401367,0
1995-06-19,58.44822334452255,58.68203330830947,58.44822334452255,58.565128326416016,0
1995-06-20,58.682029724121094,58.682029724121094,58.682029724121094,58.682029724121094,0
1995-06-21,58.56512809544608,58.56512809544608,58.331318132581266,58.44822311401367,0
1995-06-22,58.44820484307081,58.915824622622225,58.44820484307081,58.798919677734375,0
1995-06-23,59.03312831230436,59.38340759277344,58.82230288362876,59.38340759277344,0
1995-06-26,59.38340759277344,59.38340759277344,59.38340759277344,59.38340759277344,0
1995-06-27,59.38338129987315,59.43012554579214,58.915809631347656,58.915809631347656,0
1995-06-28,59.033131867447366,59.33666689958046,59.033131867447366,59.26650619506836,0
1995-06-29,59.266485868441805,60.084772413331265,59.266485868441805,59.80421829223633,0
1995-06-30,59.734085307359415,59.850990295410156,59.61718031930868,59.850990295410156,0
1995-07-03,59.73407175669884,60.084786641291466,59.73407175669884,60.037994384765625,0
1995-07-04,60.20169387535458,60.66926574707031,60.0847889094107,60.66926574707031,0
1995-07-05,60.786170959472656,61.01993290024842,60.55236102663691,60.786170959472656,0
1995-07-06,60.903075678958075,60.903075678958075,60.55236078112643,60.66926574707031,0
1995-07-07,61.25374283308417,61.25374283308417,60.66926599305478,60.786170959472656,0
1995-07-10,61.01991875825983,61.01991875825983,60.73936462402344,60.73936462402344,0
1995-07-11,60.739373801886835,61.019927978515625,60.739373801886835,61.019927978515625,0
1995-07-12,61.25374300370673,62.375952420469496,61.25374300370673,62.00186538696289,0
1995-07-13,62.18891918153583,62.3291962547754,61.48754119873047,61.48754119873047,0
1995-07-14,61.72128977495702,63.12405290512106,61.72128977495702,63.077308654785156,0
1995-07-17,63.591692899996666,63.942359798402805,63.591692899996666,63.82545852661133,0
1995-07-18,63.82545852661133,64.29302669680895,63.70854987142619,63.82545852661133,0
1995-07-19,63.591694911737484,63.82546054574739,63.54490634464482,63.6384391784668,0
1995-07-20,63.59171263697923,63.59171263697923,62.539615631103516,62.539615631103516,0
1995-07-21,62.42269185463267,63.007168651043436,62.42269185463267,62.65650177001953,0
1995-07-24,62.65649467651305,63.12406277059913,62.65649467651305,62.89030456542969,0
1995-07-25,62.89031098483733,63.24097786195496,62.53959242396722,63.12406921386719,0
1995-07-26,63.591693382118386,63.825459010505355,63.35788345336914,63.35788345336914,0
1995-07-27,63.47479198395107,63.47479198395107,63.00717212737705,63.24098205566406,0
1995-07-28,63.12406921386719,63.591689039431856,63.12406921386719,63.12406921386719,0
1995-07-31,63.00717225194212,63.35788345336914,62.773406623555154,63.35788345336914,0
1995-08-01,63.35788345336914,63.35788345336914,63.35788345336914,63.35788345336914,0
1995-08-02,63.59170913696289,63.59170913696289,63.59170913696289,63.59170913696289,0
1995-08-03,64.05926893925461,64.05926893925461,63.35788345336914,63.35788345336914,1000000
1995-08-04,63.35788345336914,63.35788345336914,63.35788345336914,63.35788345336914,0
1995-08-07,63.35788345336914,63.35788345336914,63.35788345336914,63.35788345336914,0
1995-08-08,63.35788345336914,63.35788345336914,63.35788345336914,63.35788345336914,0
1995-08-09,63.35788345336914,63.35788345336914,63.35788345336914,63.35788345336914,0
1995-08-10,63.35788345336914,63.35788345336914,63.35788345336914,63.35788345336914,0
1995-08-11,64.29301348171673,64.52682336063494,64.15273641443636,64.24626922607422,5000000
1995-08-14,64.24626922607422,64.24626922607422,64.24626922607422,64.24626922607422,0
1995-08-15,64.24626922607422,64.24626922607422,64.24626922607422,64.24626922607422,0
1995-08-16,64.24626922607422,64.24626922607422,64.24626922607422,64.24626922607422,0
1995-08-17,64.24626922607422,64.24626922607422,64.24626922607422,64.24626922607422,0
1995-08-18,64.24626922607422,64.24626922607422,64.24626922607422,64.24626922607422,0
1995-08-21,64.24626922607422,64.24626922607422,64.24626922607422,64.24626922607422,0
1995-08-22,64.24626922607422,64.24626922607422,64.24626922607422,64.24626922607422,0
1995-08-23,64.24626922607422,64.24626922607422,64.24626922607422,64.24626922607422,0
1995-08-24,64.24626922607422,64.24626922607422,64.24626922607422,64.24626922607422,0
1995-08-25,64.24626922607422,64.24626922607422,64.24626922607422,64.24626922607422,0
1995-08-28,64.52684096778799,64.76065091050489,63.94236410305775,64.05927276611328,160327270400
1995-08-29,64.05927276611328,64.05927276611328,64.05927276611328,64.05927276611328,0
1995-08-30,64.05927276611328,64.05927276611328,64.05927276611328,64.05927276611328,0
1995-08-31,64.05927276611328,64.05927276611328,64.05927276611328,64.05927276611328,0
1995-09-01,64.05927276611328,64.05927276611328,64.05927276611328,64.05927276611328,0
1995-09-04,64.05927276611328,64.05927276611328,64.05927276611328,64.05927276611328,0
1995-09-05,64.05927276611328,64.05927276611328,64.05927276611328,64.05927276611328,0
1995-09-06,64.05927276611328,64.05927276611328,64.05927276611328,64.05927276611328,0
1995-09-07,63.94236410305775,64.64374224744937,63.94236410305775,64.05927276611328,30000000
1995-09-08,64.52683652136282,64.87754771957424,64.52683652136282,64.64373779296875,28000000
1995-09-11,64.64373779296875,64.64373779296875,64.64373779296875,64.64373779296875,0
1995-09-12,64.94767965935124,64.94767965935124,64.6437495878295,64.76065826416016,7000000
1995-09-13,64.76065826416016,64.76065826416016,64.76065826416016,64.76065826416016,0
1995-09-14,64.76065826416016,64.76065826416016,64.76065826416016,64.76065826416016,0
1995-09-15,64.76065826416016,64.76065826416016,64.76065826416016,64.76065826416016,0
1995-09-18,64.76065826416016,64.76065826416016,64.76065826416016,64.76065826416016,0
1995-09-19,64.76065826416016,64.76065826416016,64.76065826416016,64.76065826416016,0
1995-09-20,64.76065826416016,64.76065826416016,64.76065826416016,64.76065826416016,0
1995-09-21,64.76065826416016,64.76065826416016,64.76065826416016,64.76065826416016,0
1995-09-22,66.39716878957337,66.39716878957337,65.46202505989946,65.57893371582031,160327270400
1995-09-25,65.57893371582031,65.57893371582031,65.57893371582031,65.57893371582031,0
1995-09-26,65.57893371582031,65.57893371582031,65.57893371582031,65.57893371582031,0
1995-09-27,65.57893371582031,65.57893371582031,65.57893371582031,65.57893371582031,0
1995-09-28,65.57893371582031,65.57893371582031,65.57893371582031,65.57893371582031,0
1995-09-29,65.57893371582031,65.57893371582031,65.57893371582031,65.57893371582031,0
1995-10-02,65.57893371582031,65.57893371582031,65.57893371582031,65.57893371582031,0
1995-10-03,66.39716460201967,66.39716460201967,66.16340637207031,66.16340637207031,6630000
1995-10-04,66.16340637207031,66.16340637207031,66.16340637207031,66.16340637207031,0
1995-10-05,66.16340637207031,66.16340637207031,66.16340637207031,66.16340637207031,0
1995-10-06,66.16340637207031,66.16340637207031,66.16340637207031,66.16340637207031,0
1995-10-09,66.16340637207031,66.16340637207031,66.16340637207031,66.16340637207031,0
1995-10-10,66.16340637207031,66.16340637207031,66.16340637207031,66.16340637207031,0
1995-10-11,66.16340637207031,66.16340637207031,66.16340637207031,66.16340637207031,0
1995-10-12,66.16340637207031,66.16340637207031,66.16340637207031,66.16340637207031,0
1995-10-13,66.16340637207031,66.16340637207031,66.16340637207031,66.16340637207031,0
1995-10-16,67.79992427998809,67.79992427998809,67.56616606320965,67.68306732177734,6620000
1995-10-17,67.68306732177734,67.68306732177734,67.68306732177734,67.68306732177734,0
1995-10-18,67.68306732177734,67.68306732177734,67.68306732177734,67.68306732177734,0
1995-10-19,67.68306732177734,67.68306732177734,67.68306732177734,67.68306732177734,0
1995-10-20,67.68306732177734,67.68306732177734,67.68306732177734,67.68306732177734,0
1995-10-23,67.68306732177734,67.68306732177734,67.68306732177734,67.68306732177734,0
1995-10-24,67.68306732177734,67.68306732177734,67.68306732177734,67.68306732177734,0
1995-10-25,67.68306732177734,67.68306732177734,67.68306732177734,67.68306732177734,0
1995-10-26,67.68306732177734,67.68306732177734,67.68306732177734,67.68306732177734,0
1995-10-27,67.68306732177734,67.68306732177734,67.68306732177734,67.68306732177734,0
1995-10-30,67.68306732177734,67.68306732177734,67.68306732177734,67.68306732177734,0
1995-10-31,67.68306732177734,67.68306732177734,67.68306732177734,67.68306732177734,0
1995-11-01,67.68306732177734,67.68306732177734,67.68306732177734,67.68306732177734,0
1995-11-02,67.68306732177734,67.68306732177734,67.68306732177734,67.68306732177734,0
1995-11-03,67.68306732177734,67.68306732177734,67.68306732177734,67.68306732177734,0
1995-11-06,67.68306732177734,67.68306732177734,67.68306732177734,67.68306732177734,0
1995-11-07,67.68306732177734,67.68306732177734,67.68306732177734,67.68306732177734,0
1995-11-08,67.68306732177734,67.68306732177734,67.68306732177734,67.68306732177734,0
1995-11-09,67.68306732177734,67.68306732177734,67.68306732177734,67.68306732177734,0
1995-11-10,67.68306732177734,67.68306732177734,67.68306732177734,67.68306732177734,0
1995-11-13,67.68306732177734,67.68306732177734,67.68306732177734,67.68306732177734,0
1995-11-14,67.68306732177734,67.68306732177734,67.68306732177734,67.68306732177734,0
1995-11-15,67.68306732177734,67.68306732177734,67.68306732177734,67.68306732177734,0
1995-11-16,68.03372192382812,68.15063054472684,67.44924526985798,68.03372192382812,1650000
1995-11-17,68.2675552368164,68.38441221412305,68.15065395914559,68.2675552368164,3520000
1995-11-20,68.61820587640632,68.61820587640632,68.38439599313108,68.50130462646484,7670000
1995-11-21,68.50130462646484,68.50130462646484,68.50130462646484,68.50130462646484,0
1995-11-22,68.38439599313108,68.61820587640632,68.38439599313108,68.50130462646484,2860000
1995-11-23,68.50130462646484,68.50130462646484,68.50130462646484,68.50130462646484,0
1995-11-24,68.50130462646484,68.50130462646484,68.50130462646484,68.50130462646484,0
1995-11-27,68.50130462646484,68.50130462646484,68.50130462646484,68.50130462646484,0
1995-11-28,68.50130462646484,68.50130462646484,68.50130462646484,68.50130462646484,0
1995-11-29,71.77439520049262,71.77439520049262,71.1899185180664,71.1899185180664,15570000
1995-11-30,71.1899185180664,71.1899185180664,71.1899185180664,71.1899185180664,0
1995-12-01,71.1899185180664,71.1899185180664,71.1899185180664,71.1899185180664,0
1995-12-04,71.1899185180664,71.1899185180664,71.1899185180664,71.1899185180664,0
1995-12-05,71.1899185180664,71.1899185180664,71.1899185180664,71.1899185180664,0
1995-12-06,71.1899185180664,71.1899185180664,71.1899185180664,71.1899185180664,0
1995-12-07,71.1899185180664,71.1899185180664,71.1899185180664,71.1899185180664,0
1995-12-08,71.1899185180664,71.1899185180664,71.1899185180664,71.1899185180664,0
1995-12-11,71.1899185180664,71.1899185180664,71.1899185180664,71.1899185180664,0
1995-12-12,71.1899185180664,71.1899185180664,71.1899185180664,71.1899185180664,0
1995-12-13,71.1899185180664,71.1899185180664,71.1899185180664,71.1899185180664,0
1995-12-14,71.1899185180664,71.1899185180664,71.1899185180664,71.1899185180664,0
1995-12-15,71.1899185180664,71.1899185180664,71.1899185180664,71.1899185180664,0
1995-12-18,71.1899185180664,71.1899185180664,71.1899185180664,71.1899185180664,0
1995-12-19,71.1899185180664,71.1899185180664,71.1899185180664,71.1899185180664,0
1995-12-20,71.1899185180664,71.1899185180664,71.1899185180664,71.1899185180664,0
1995-12-21,71.1899185180664,71.1899185180664,71.1899185180664,71.1899185180664,0
1995-12-22,71.1899185180664,71.1899185180664,71.1899185180664,71.1899185180664,0
1995-12-25,71.1899185180664,71.1899185180664,71.1899185180664,71.1899185180664,0
1995-12-26,71.1899185180664,71.1899185180664,71.1899185180664,71.1899185180664,0
1995-12-27,71.1899185180664,71.1899185180664,71.1899185180664,71.1899185180664,0
1995-12-28,71.1899185180664,71.1899185180664,71.1899185180664,71.1899185180664,0
1995-12-29,71.1899185180664,71.1899185180664,71.1899185180664,71.1899185180664,0
1996-01-01,71.1899185180664,71.1899185180664,71.1899185180664,71.1899185180664,0
1996-01-02,71.1899185180664,71.1899185180664,71.1899185180664,71.1899185180664,0
1996-01-03,71.1899185180664,71.1899185180664,71.1899185180664,71.1899185180664,0
1996-01-04,77.15164288301865,77.73611965633145,76.91788466062273,77.6192626953125,16010000
1996-01-05,77.6192626953125,77.6192626953125,77.6192626953125,77.6192626953125,0
1996-01-08,77.6192626953125,77.6192626953125,77.6192626953125,77.6192626953125,0
1996-01-09,77.6192626953125,77.6192626953125,77.6192626953125,77.6192626953125,0
1996-01-10,77.6192626953125,77.6192626953125,77.6192626953125,77.6192626953125,0
1996-01-11,77.6192626953125,77.6192626953125,77.6192626953125,77.6192626953125,0
1996-01-12,77.6192626953125,77.6192626953125,77.6192626953125,77.6192626953125,0
1996-01-15,79.48960159650288,79.95717715149587,77.85303547027169,78.08684539794922,11920000
1996-01-16,78.08684539794922,78.08684539794922,78.08684539794922,78.08684539794922,0
1996-01-17,78.08684539794922,78.08684539794922,78.08684539794922,78.08684539794922,0
1996-01-18,78.08684539794922,78.08684539794922,78.08684539794922,78.08684539794922,0
1996-01-19,78.08684539794922,78.08684539794922,78.08684539794922,78.08684539794922,0
1996-01-22,78.08684539794922,78.08684539794922,78.08684539794922,78.08684539794922,0
1996-01-23,78.08684539794922,78.08684539794922,78.08684539794922,78.08684539794922,0
1996-01-24,78.08684539794922,78.08684539794922,78.08684539794922,78.08684539794922,0
1996-01-25,78.08684539794922,78.08684539794922,78.08684539794922,78.08684539794922,0
1996-01-26,78.08684539794922,78.08684539794922,78.08684539794922,78.08684539794922,0
1996-01-29,78.08684539794922,78.08684539794922,78.08684539794922,78.08684539794922,0
1996-01-30,78.08684539794922,78.08684539794922,78.08684539794922,78.08684539794922,0
1996-01-31,78.08684539794922,78.08684539794922,78.08684539794922,78.08684539794922,0
1996-02-01,78.08684539794922,78.08684539794922,78.08684539794922,78.08684539794922,0
1996-02-02,78.08684539794922,78.08684539794922,78.08684539794922,78.08684539794922,0
1996-02-05,78.08684539794922,78.08684539794922,78.08684539794922,78.08684539794922,0
1996-02-06,78.08684539794922,78.08684539794922,78.08684539794922,78.08684539794922,0
1996-02-07,78.08684539794922,78.08684539794922,78.08684539794922,78.08684539794922,0
1996-02-08,78.08684539794922,78.08684539794922,78.08684539794922,78.08684539794922,0
1996-02-09,78.08684539794922,78.08684539794922,78.08684539794922,78.08684539794922,0
1996-02-12,78.08684539794922,78.08684539794922,78.08684539794922,78.08684539794922,0
1996-02-13,78.08684539794922,78.08684539794922,78.08684539794922,78.08684539794922,0
1996-02-14,78.08684539794922,78.08684539794922,78.08684539794922,78.08684539794922,0
1996-02-15,78.08684539794922,78.08684539794922,78.08684539794922,78.08684539794922,0
1996-02-16,78.08684539794922,78.08684539794922,78.08684539794922,78.08684539794922,0
1996-02-19,74.9306640625,75.04752105412946,74.9306640625,74.9306640625,2330000
1996-02-20,74.9306640625,74.9306640625,74.9306640625,74.9306640625,0
1996-02-21,74.9306640625,74.9306640625,74.9306640625,74.9306640625,0
1996-02-22,74.9306640625,74.9306640625,74.9306640625,74.9306640625,0
1996-02-23,74.9306640625,74.9306640625,74.9306640625,74.9306640625,0
1996-02-26,74.9306640625,74.9306640625,74.9306640625,74.9306640625,0
1996-02-27,74.9306640625,74.9306640625,74.9306640625,74.9306640625,0
1996-02-28,74.9306640625,74.9306640625,74.9306640625,74.9306640625,0
1996-02-29,74.9306640625,74.9306640625,74.9306640625,74.9306640625,0
1996-03-01,74.9306640625,74.9306640625,74.9306640625,74.9306640625,0
1996-03-04,74.9306640625,74.9306640625,74.9306640625,74.9306640625,0
1996-03-05,74.9306640625,74.9306640625,74.9306640625,74.9306640625,0
1996-03-06,74.9306640625,74.9306640625,74.9306640625,74.9306640625,0
1996-03-07,74.9306640625,74.9306640625,74.9306640625,74.9306640625,0
1996-03-08,74.9306640625,74.9306640625,74.9306640625,74.9306640625,0
1996-03-11,74.9306640625,74.9306640625,74.9306640625,74.9306640625,0
1996-03-12,74.9306640625,74.9306640625,74.9306640625,74.9306640625,0
1996-03-13,74.9306640625,74.9306640625,74.9306640625,74.9306640625,0
1996-03-14,74.9306640625,74.9306640625,74.9306640625,74.9306640625,0
1996-03-15,74.9306640625,74.9306640625,74.9306640625,74.9306640625,0
1996-03-18,74.9306640625,74.9306640625,74.9306640625,74.9306640625,0
1996-03-19,74.9306640625,74.9306640625,74.9306640625,74.9306640625,0
1996-03-20,74.9306640625,74.9306640625,74.9306640625,74.9306640625,0
1996-03-21,74.9306640625,74.9306640625,74.9306640625,74.9306640625,0
1996-03-22,74.9306640625,74.9306640625,74.9306640625,74.9306640625,0
1996-03-25,74.9306640625,74.9306640625,74.9306640625,74.9306640625,0
1996-03-26,74.9306640625,74.9306640625,74.9306640625,74.9306640625,0
1996-03-27,74.9306640625,74.9306640625,74.9306640625,74.9306640625,0
1996-03-28,74.9306640625,74.9306640625,74.9306640625,74.9306640625,0
1996-03-29,74.9306640625,74.9306640625,74.9306640625,74.9306640625,0
1996-04-01,74.9306640625,74.9306640625,74.9306640625,74.9306640625,0
1996-04-02,74.9306640625,74.9306640625,74.9306640625,74.9306640625,0
1996-04-03,74.9306640625,74.9306640625,74.9306640625,74.9306640625,0
1996-04-04,74.9306640625,74.9306640625,74.9306640625,74.9306640625,0
1996-04-05,74.9306640625,74.9306640625,74.9306640625,74.9306640625,0
1996-04-08,74.9306640625,74.9306640625,74.9306640625,74.9306640625,0
1996-04-09,74.9306640625,74.9306640625,74.9306640625,74.9306640625,0
1996-04-10,74.9306640625,74.9306640625,74.9306640625,74.9306640625,0
1996-04-11,74.9306640625,74.9306640625,74.9306640625,74.9306640625,0
1996-04-12,74.9306640625,74.9306640625,74.9306640625,74.9306640625,0
1996-04-15,74.9306640625,74.9306640625,74.9306640625,74.9306640625,0
1996-04-16,74.9306640625,74.9306640625,74.9306640625,74.9306640625,0
1996-04-17,74.9306640625,74.9306640625,74.9306640625,74.9306640625,0
1996-04-18,74.9306640625,74.9306640625,74.9306640625,74.9306640625,0
1996-04-19,74.9306640625,74.9306640625,74.9306640625,74.9306640625,0
1996-04-22,74.9306640625,74.9306640625,74.9306640625,74.9306640625,0
1996-04-23,74.9306640625,74.9306640625,74.9306640625,74.9306640625,0
1996-04-24,74.9306640625,74.9306640625,74.9306640625,74.9306640625,0
1996-04-25,74.9306640625,74.9306640625,74.9306640625,74.9306640625,0
1996-04-26,74.9306640625,74.9306640625,74.9306640625,74.9306640625,0
1996-04-29,74.9306640625,74.9306640625,74.9306640625,74.9306640625,0
1996-04-30,74.9306640625,74.9306640625,74.9306640625,74.9306640625,0
1996-05-01,74.9306640625,74.9306640625,74.9306640625,74.9306640625,0
1996-05-02,74.9306640625,74.9306640625,74.9306640625,74.9306640625,0
1996-05-03,74.9306640625,74.9306640625,74.9306640625,74.9306640625,0
1996-05-06,74.9306640625,74.9306640625,74.9306640625,74.9306640625,0
1996-05-07,74.9306640625,74.9306640625,74.9306640625,74.9306640625,0
1996-05-08,74.9306640625,74.9306640625,74.9306640625,74.9306640625,0
1996-05-09,74.9306640625,74.9306640625,74.9306640625,74.9306640625,0
1996-05-10,74.9306640625,74.9306640625,74.9306640625,74.9306640625,0
1996-05-13,74.9306640625,74.9306640625,74.9306640625,74.9306640625,0
1996-05-14,74.9306640625,74.9306640625,74.9306640625,74.9306640625,0
1996-05-15,74.9306640625,74.9306640625,74.9306640625,74.9306640625,0
1996-05-16,74.9306640625,74.9306640625,74.9306640625,74.9306640625,0
1996-05-17,74.9306640625,74.9306640625,74.9306640625,74.9306640625,0
1996-05-20,74.9306640625,74.9306640625,74.9306640625,74.9306640625,0
1996-05-21,74.9306640625,74.9306640625,74.9306640625,74.9306640625,0
1996-05-22,74.9306640625,74.9306640625,74.9306640625,74.9306640625,0
1996-05-23,74.9306640625,74.9306640625,74.9306640625,74.9306640625,0
1996-05-24,74.9306640625,74.9306640625,74.9306640625,74.9306640625,0
1996-05-27,74.9306640625,74.9306640625,74.9306640625,74.9306640625,0
1996-05-28,74.9306640625,74.9306640625,74.9306640625,74.9306640625,0
1996-05-29,74.9306640625,74.9306640625,74.9306640625,74.9306640625,0
1996-05-30,70.95613197931031,71.07303326094726,70.37165510470268,70.72236633300781,8030000
1996-05-31,70.60544183564019,71.30681976126513,70.60544183564019,71.1899185180664,18560000
1996-06-03,71.1899185180664,71.1899185180664,71.1899185180664,71.1899185180664,0
1996-06-04,71.18992957981486,71.18992957981486,70.7223540679338,71.0730209350586,2220000
1996-06-05,71.56021118164062,71.56021118164062,71.56021118164062,71.56021118164062,0
1996-06-06,71.56021118164062,71.56021118164062,71.56021118164062,71.56021118164062,0
1996-06-07,71.56021118164062,71.56021118164062,71.56021118164062,71.56021118164062,0
1996-06-10,71.56021118164062,71.56021118164062,71.56021118164062,71.56021118164062,0
1996-06-11,71.56021118164062,71.56021118164062,71.56021118164062,71.56021118164062,0
1996-06-12,71.56021118164062,71.56021118164062,71.56021118164062,71.56021118164062,0
1996-06-13,71.56021118164062,71.56021118164062,71.56021118164062,71.56021118164062,0
1996-06-14,71.56021118164062,71.56021118164062,71.56021118164062,71.56021118164062,0
1996-06-17,71.56021118164062,71.56021118164062,71.56021118164062,71.56021118164062,0
1996-06-18,71.56021118164062,71.56021118164062,71.56021118164062,71.56021118164062,0
1996-06-19,71.56021118164062,71.56021118164062,71.56021118164062,71.56021118164062,0
1996-06-20,71.56021118164062,71.56021118164062,71.56021118164062,71.56021118164062,0
1996-06-21,71.56021118164062,71.56021118164062,71.56021118164062,71.56021118164062,0
1996-06-24,71.56021118164062,71.56021118164062,71.56021118164062,71.56021118164062,0
1996-06-25,71.56021118164062,71.56021118164062,71.56021118164062,71.56021118164062,0
1996-06-26,71.56021118164062,71.56021118164062,71.56021118164062,71.56021118164062,0
1996-06-27,71.56021118164062,71.56021118164062,71.56021118164062,71.56021118164062,0
1996-06-28,71.56021118164062,71.56021118164062,71.56021118164062,71.56021118164062,0
1996-07-01,71.56021118164062,71.56021118164062,71.56021118164062,71.56021118164062,0
1996-07-02,71.56021118164062,71.56021118164062,71.56021118164062,71.56021118164062,0
1996-07-03,71.56021118164062,71.56021118164062,71.56021118164062,71.56021118164062,0
1996-07-04,74.28679602704497,75.11614092902109,74.28679602704497,74.9976577758789,2900000
1996-07-05,74.9976577758789,74.9976577758789,74.9976577758789,74.9976577758789,0
1996-07-08,74.9976577758789,74.9976577758789,74.9976577758789,74.9976577758789,0
1996-07-09,74.9976577758789,74.9976577758789,74.9976577758789,74.9976577758789,0
1996-07-10,74.9976577758789,74.9976577758789,74.9976577758789,74.9976577758789,0
1996-07-11,74.9976577758789,74.9976577758789,74.9976577758789,74.9976577758789,0
1996-07-12,74.9976577758789,74.9976577758789,74.9976577758789,74.9976577758789,0
1996-07-15,74.9976577758789,74.9976577758789,74.9976577758789,74.9976577758789,0
1996-07-16,74.9976577758789,74.9976577758789,74.9976577758789,74.9976577758789,0
1996-07-17,74.9976577758789,74.9976577758789,74.9976577758789,74.9976577758789,0
1996-07-18,74.9976577758789,74.9976577758789,74.9976577758789,74.9976577758789,0
1996-07-19,72.5095443725586,73.45737970754564,72.5095443725586,72.5095443725586,8240000
1996-07-22,72.5095443725586,72.5095443725586,72.5095443725586,72.5095443725586,0
1996-07-23,72.5095443725586,72.5095443725586,72.5095443725586,72.5095443725586,0
1996-07-24,72.5095443725586,72.5095443725586,72.5095443725586,72.5095443725586,0
1996-07-25,72.5095443725586,72.5095443725586,72.5095443725586,72.5095443725586,0
1996-07-26,72.5095443725586,72.5095443725586,72.5095443725586,72.5095443725586,0
1996-07-29,72.5095443725586,72.5095443725586,72.5095443725586,72.5095443725586,0
1996-07-30,72.5095443725586,72.5095443725586,72.5095443725586,72.5095443725586,0
1996-07-31,72.5095443725586,72.5095443725586,72.5095443725586,72.5095443725586,0
1996-08-01,72.5095443725586,72.5095443725586,72.5095443725586,72.5095443725586,0
1996-08-02,72.5095443725586,72.5095443725586,72.5095443725586,72.5095443725586,0
1996-08-05,69.66605164981945,70.6139393046932,68.95518237119437,70.1399917602539,3310000
1996-08-06,70.59022471130007,72.27265930175781,70.59022471130007,72.27265930175781,3690000
1996-08-07,72.8886883787222,74.4052251201038,72.7465204932213,73.33895111083984,12800000
1996-08-08,73.69437363758617,74.87918299954227,73.33896130841848,73.50480651855469,5740000
1996-08-09,73.38632182023058,74.64221523582607,73.38632182023058,74.16831970214844,2370000
1996-08-12,73.36264038085938,73.9313417516559,73.36264038085938,73.36264038085938,1210000
1996-08-13,73.93134522360074,74.1683190072377,73.45740509033203,73.45740509033203,1230000
1996-08-14,73.45737970754564,73.93131967704704,72.5095443725586,72.5095443725586,1700000
1996-08-15,73.1020126597097,73.22049585476894,71.68022918701172,71.68022918701172,2140000
1996-08-16,71.44328308105469,72.39111858285182,71.44328308105469,71.44328308105469,2920000
1996-08-19,71.27740519809896,72.74653560345931,71.27740519809896,71.91719055175781,6200000
1996-08-20,71.79867530532094,72.8650012081853,71.79867530532094,72.5095443725586,3320000
1996-08-21,72.84134761517899,73.2204818725586,72.03567245023721,73.2204818725586,4060000
1996-08-22,73.48114417012658,74.64222442551038,73.45741482239674,74.28681945800781,4290000
1996-08-23,73.81287868323271,74.40525752078443,73.5759048461914,73.5759048461914,5660000
1996-08-26,72.77026234029734,73.90766509182599,72.77026234029734,73.10199737548828,1210000
1996-08-27,73.69437605689717,73.7891819215393,73.00718407684124,73.10199737548828,3690000
1996-08-28,73.45739307132827,73.50479971470736,72.50955756390566,72.9834976196289,2970000
1996-08-29,72.98350677119667,73.41004767102974,72.50956665604501,73.10199737548828,5440000
1996-08-30,72.98349526690691,73.12566315443335,72.03565979003906,72.03565979003906,1180000
1996-09-02,72.98349526690691,72.98349526690691,72.03565979003906,72.03565979003906,730000
1996-09-03,72.50957328880077,72.50957328880077,70.85086822509766,70.85086822509766,2440000
1996-09-04,70.85085057594677,72.62803837807212,70.73236742433642,72.03565979003906,9310000
1996-09-05,72.39111428301811,72.39111428301811,71.08782196044922,71.08782196044922,1820000
1996-09-06,71.56179059599127,71.98827954696057,71.08785038174784,71.68022918701172,3520000
1996-09-09,71.08782196044922,71.91717425825848,71.08782196044922,71.08782196044922,1200000
1996-09-10,71.68021857591123,71.79870175343095,71.3248062133789,71.3248062133789,1110000
1996-09-11,71.79870734815661,71.79870734815661,70.3769760131836,70.3769760131836,1640000
1996-09-12,70.73237786977158,70.73237786977158,70.1399917602539,70.1399917602539,330000
1996-09-13,70.85087159016271,71.08784539767308,70.3769760131836,70.3769760131836,1080000
1996-09-16,70.85086103887899,71.08783481109865,69.42912991563367,70.1399917602539,1960000
1996-09-17,70.61394432874211,70.89827273200899,69.90303039550781,69.90303039550781,1260000
1996-09-18,69.66605660642793,70.37697053966222,69.66605660642793,69.90303039550781,2240000
1996-09-19,69.42912442712148,70.54279773584847,69.42912442712148,69.66604614257812,2310000
1996-09-20,70.13998621554667,70.13998621554667,69.42912442712148,69.66604614257812,5140000
1996-09-23,69.1921627781273,69.42913657306994,67.77043151855469,67.77043151855469,2850000
1996-09-24,68.2443155469175,69.42912484952379,68.2443155469175,69.4053955078125,6350000
1996-09-25,69.47647196708814,71.51435534492695,69.42911736483069,71.08782196044922,2770000
1996-09-26,71.20633709627631,72.03568976665701,70.75611877441406,70.75611877441406,5220000
1996-09-27,70.61394500732422,71.2063237306763,69.429135522582,70.61394500732422,3600000
1996-09-30,71.08784055200044,71.84610910670851,70.61394500732422,70.61394500732422,10140000
1996-10-01,70.61392653971056,71.32478825582729,70.61392653971056,71.08782196044922,6450000
1996-10-02,70.96935308438471,71.60913848876953,70.6139481366397,71.60913848876953,4060000
1996-10-03,71.56178782167324,72.86503601074219,71.44330463120737,72.86503601074219,7130000
1996-10-04,72.74652387476529,74.16830687191514,72.50955756390566,72.9834976196289,6220000
1996-10-07,73.93133544921875,74.87917842041689,73.81285229006741,73.93133544921875,12400000
1996-10-08,74.4052368126083,74.52372741515454,73.97874795709177,74.0735092163086,4830000
1996-10-09,73.97875187473645,74.40524075283827,73.45740509033203,73.45740509033203,3950000
1996-10-10,73.86026939194507,74.4526481015487,73.33896720668757,74.16831970214844,5030000
1996-10-11,74.40523091580307,74.76068782726134,73.93133544921875,73.93133544921875,2760000
1996-10-14,73.74176511613122,74.5237182491053,73.74176511613122,74.40522766113281,1480000
1996-10-15,74.76069792843242,75.70854102769685,74.64221475327241,74.87918853759766,6630000
1996-10-16,75.11614663570572,75.82701587254927,74.87918031141866,75.59004211425781,1560000
1996-10-17,75.49529443761305,75.70853887120926,75.23464335409378,75.3531265258789,6020000
1996-10-18,75.75593808712732,75.75593808712732,74.64221262715813,75.3531265258789,1620000
1996-10-21,74.92657383119666,75.70852695871666,74.45263378462408,74.9976577758789,3340000
1996-10-22,74.99766165477175,75.35311856658645,74.83177185058594,74.83177185058594,3090000
1996-10-23,74.64222442551038,75.35313843660205,74.28681945800781,74.28681945800781,2590000
1996-10-24,74.28679986917193,75.35311856658645,74.28679986917193,74.83177185058594,2210000
1996-10-25,74.73702059868539,75.35312864892366,74.40524094592126,75.32940673828125,3090000
1996-10-28,75.3294216891536,76.06401306031191,75.11616977321931,75.77963256835938,3350000
1996-10-29,75.35312367094068,75.82701917010145,75.06875068822153,75.11614990234375,5610000
1996-10-30,75.1872388458095,75.70854102769685,74.87918853759766,74.87918853759766,1380000
1996-10-31,74.87918832011218,75.35312845338088,73.45740509033203,73.45740509033203,7540000
1996-11-01,74.40523099041253,75.09242290657353,74.40523099041253,74.83177185058594,4720000
1996-11-04,74.64221262715813,75.59004826541913,74.64221262715813,75.3531265258789,2070000
1996-11-05,75.47156724337161,75.47156724337161,74.87918853759766,74.87918853759766,7410000
1996-11-06,75.11613763387422,75.23462821582237,74.87917133798493,75.02133178710938,2120000
1996-11-07,74.97398047366045,75.23463151616711,74.68960752491229,74.9976577758789,3080000
1996-11-08,74.87918853759766,74.99767171275766,74.83178188632425,74.87918853759766,2930000
1996-11-11,74.42897031360214,74.87918853759766,74.40524096894718,74.87918853759766,2300000
1996-11-12,74.59479802324186,74.64220466810998,73.93133544921875,73.93133544921875,1660000
1996-11-13,74.16830920152566,74.40523091580307,73.93133544921875,73.93133544921875,2560000
1996-11-14,73.93136529636669,74.6422348022461,73.93136529636669,74.6422348022461,2990000
1996-11-15,74.8791864047334,75.471565093634,74.76069579894326,75.3531265258789,14240000
1996-11-18,75.23465267935002,75.49530379517672,74.76070506545419,75.13984680175781,6460000
1996-11-19,74.99767819956622,75.56637964791071,74.99767819956622,75.4004898071289,8920000
1996-11-20,75.59004826541913,75.63745491534219,75.11615274830365,75.3531265258789,3980000
1996-11-21,75.11615488791767,75.40048328547978,74.59480810199902,74.87918853759766,11190000
1996-11-22,75.06874459745063,75.35311755709692,74.76068690067437,75.23463439941406,4430000
1996-11-25,75.28201394762786,75.28201394762786,74.76071166992188,74.76071166992188,2210000
1996-11-26,74.76068934664906,74.76068934664906,73.599609375,73.599609375,3800000
1996-11-27,73.81285922718386,73.93134239747056,72.50956665604501,73.10199737548828,14870000
1996-11-28,72.50956383365451,73.31523895263672,72.50956383365451,73.31523895263672,7460000
1996-11-29,73.4100341796875,73.45738878227377,72.93609415163682,73.4100341796875,4470000
1996-12-02,73.4100504772327,73.93134522360074,73.17307669359575,73.45740509033203,2070000
1996-12-03,73.45738415195302,74.28678844126537,73.33894561492818,74.21565246582031,5760000
1996-12-04,74.16831794205315,74.21567255447239,73.8128609887053,73.86026763916016,2450000
1996-12-05,73.93133544921875,74.2156638083643,73.5758785377605,73.93133544921875,12830000
1996-12-06,72.74652152968247,73.45739070332962,72.03565979003906,72.03565979003906,10130000
1996-12-09,73.22049301614597,73.22049301614597,72.05936072318293,72.86503601074219,5010000
1996-12-10,72.98351769432247,72.98351769432247,72.50957750823824,72.74654388427734,6410000
1996-12-11,72.08306643188993,72.27263352726351,71.32479061639191,72.03565979003906,5060000
1996-12-12,71.91717425825848,72.03565740594752,70.61392653971056,71.08782196044922,2880000
1996-12-13,70.42432336786301,72.0356737262903,69.42913309463778,71.91719055175781,10540000
1996-12-16,71.79868605281462,72.03565979003906,71.08782431317121,72.03565979003906,4830000
1996-12-17,71.86980952459908,71.86980952459908,70.37699384650445,71.0641860961914,7190000
1996-12-18,71.0641632446794,71.0641632446794,70.37697121596707,70.61394500732422,14800000
1996-12-19,70.61394431828742,71.44329682490398,69.87935307806839,71.3248062133789,25570000
1996-12-20,71.08784225415512,72.5095735262589,71.08784225415512,71.3722152709961,8710000
1996-12-23,72.03566559839646,72.03566559839646,71.08783004510303,71.27739715576172,1330000
1996-12-24,71.32480290720775,71.79869842529297,70.85086278509242,71.79869842529297,3210000
1996-12-25,71.79869842529297,71.79869842529297,71.79869842529297,71.79869842529297,0
1996-12-26,71.79869842529297,71.79869842529297,71.79869842529297,71.79869842529297,0
1996-12-27,71.79867530532094,73.45737970754564,71.56175364158732,72.5095443725586,4910000
1996-12-30,73.22045804381202,73.22045804381202,72.5095443725586,72.5095443725586,3330000
1996-12-31,72.15413850030048,72.60435660709828,71.56175994873047,71.56175994873047,5230000
1997-01-01,71.56175994873047,71.56175994873047,71.56175994873047,71.56175994873047,0
1997-01-02,71.56175994873047,71.56175994873047,71.56175994873047,71.56175994873047,0
1997-01-03,71.96457141659545,72.3437055840055,71.56175994873047,71.56175994873047,5560000
1997-01-06,71.206298828125,71.96456711764844,71.1352148929836,71.206298828125,11780000
1997-01-07,71.32481605285825,72.27265930175781,71.08784966512857,72.27265930175781,5600000
1997-01-08,72.0356621122063,73.22047136449252,71.79868836734268,72.9834976196289,10480000
1997-01-09,72.3911404189096,73.33897620661183,72.32005645183501,72.86503601074219,4550000
1997-01-10,73.220495116651,73.45741690034232,72.27265930175781,72.27265930175781,4500000
1997-01-13,72.98352600863969,73.5759048461914,72.86504280712246,73.5759048461914,6490000
1997-01-14,73.4573898003866,74.23938751220703,72.86501121963508,74.23938751220703,5930000
1997-01-15,74.16830342428109,74.4052251201038,72.86501107714719,73.33895111083984,5740000
1997-01-16,73.31524313488836,74.64221303571699,72.98350809368624,73.2204818725586,7730000
1997-01-17,73.93134174994113,74.28680612569768,73.45740163894047,74.26307678222656,3700000
1997-01-20,73.93133221527786,74.6422014030739,73.93133221527786,74.40522766113281,5770000
1997-01-21,74.5237182491053,74.6422014030739,74.16830595721895,74.40522766113281,6580000
1997-01-22,74.40524876035461,77.24876348789847,74.28681761082952,76.94075775146484,27180000
1997-01-23,76.06398476082828,78.31506805537198,76.06398476082828,77.95965576171875,30120000
1997-01-24,76.7748684544724,77.72271165974182,76.4194114552335,77.24876403808594,5080000
1997-01-27,77.24874300304208,78.67052600880594,77.13030445091857,78.00701141357422,3920000
1997-01-28,77.72270090963886,81.27707712625207,77.72270090963886,79.1444320678711,27750000
1997-01-29,79.85536481255758,80.0922866084833,78.6705551147461,78.6705551147461,6690000
1997-01-30,79.14442800765237,80.56620369697566,79.14442800765237,80.21074676513672,7070000
1997-01-31,80.56620661303798,84.12059020996094,80.0922664981002,84.12059020996094,15560000
1997-02-03,82.46188467144054,85.30539896135296,82.22491089877188,84.83145141601562,16170000
1997-02-04,84.83145970963871,84.87886636321495,84.3575715900101,84.57081604003906,7640000
1997-02-05,84.3575633427171,85.47128877962636,83.9073451408675,84.83145141601562,12790000
1997-02-06,84.59454290141711,85.30541229248047,84.35757652572131,85.30541229248047,4800000
1997-02-07,84.87887132942681,85.30541229248047,84.87887132942681,85.30541229248047,3740000
1997-02-10,85.28173216243792,85.28173216243792,84.94995248501651,85.06843566894531,5890000
1997-02-11,85.06842518868429,85.4002048252311,84.3575633427171,84.83145141601562,20130000
1997-02-12,85.35280561029445,85.44755943613863,84.83145141601562,84.83145141601562,9180000
1997-02-13,85.06844307202579,85.40022277832031,84.83146924953977,85.40022277832031,7790000
1997-02-14,85.30539896135296,85.77929446865633,84.83145141601562,84.83145141601562,8240000
1997-02-17,84.94995529493075,85.779307873842,84.94995529493075,85.30541229248047,2540000
1997-02-18,85.11583183762579,85.58972734492916,84.83145141601562,84.83145141601562,8710000
1997-02-19,85.25799231241146,85.4002048252311,84.83145141601562,84.83145141601562,4410000
1997-02-20,84.78409680510809,85.35280561029445,84.73669759017145,84.83145141601562,6760000
1997-02-21,84.83146186708194,85.30540947080868,84.49973422770093,85.06843566894531,2830000
1997-02-24,84.5945307812203,84.926265818051,82.9357812570174,83.40972137451172,2860000
1997-02-25,83.17275458411481,85.3053996102784,82.8173422434397,84.12059020996094,7160000
1997-02-26,84.3575650909436,85.28172342327794,83.14907836914062,83.14907836914062,4730000
1997-02-27,83.83626227645314,85.5423738461842,83.40972137451172,83.40972137451172,12020000
1997-02-28,83.40972202924634,85.06842696243977,82.69886016845703,82.69886016845703,4670000
1997-03-03,83.69411448523222,83.88368164015647,82.93579382749269,83.17276763916016,2810000
1997-03-04,83.64670713465796,85.30541229248047,83.52822394681006,85.30541229248047,8650000
1997-03-05,84.83146888595238,86.01627852125301,84.59454710252672,85.77931213378906,8170000
1997-03-06,86.25323878748188,86.25323878748188,85.30540312260995,85.63713073730469,1870000
1997-03-07,85.54237273402163,85.66085590335354,84.83145141601562,84.83145141601562,8550000
1997-03-10,85.44755943613863,85.54237273402163,84.83145141601562,84.83145141601562,6530000
1997-03-11,86.49021463664472,86.49021463664472,84.59453582763672,84.59453582763672,6310000
1997-03-12,85.06842433354848,85.06842433354848,83.8836669921875,83.8836669921875,6090000
1997-03-13,84.59454010325895,85.06843566894531,83.883678169715,85.06843566894531,5440000
1997-03-14,84.49972381750278,86.49020835265748,83.88366783541373,84.83145141601562,6050000
1997-03-17,86.01625975124415,86.01625975124415,83.67037034092482,84.78409576416016,1390000
1997-03-18,84.16800785575967,85.30541075537597,83.6467056274414,83.6467056274414,7310000
1997-03-19,83.62295098320511,85.3053849489412,83.59927368164062,83.59927368164062,10700000
1997-03-20,84.80777587888252,84.87885983475995,82.69886016845703,82.69886016845703,5750000
1997-03-21,84.12060272652649,84.35757653625791,83.40973333537434,83.43341064453125,2630000
1997-03-24,84.12060398658672,84.12060398658672,82.46189880371094,82.46189880371094,2880000
1997-03-25,82.46187168092605,83.40970715024598,82.10641479492188,82.10641479492188,3850000
1997-03-26,83.40970578049414,85.30538412200691,81.98793029785156,81.98793029785156,10640000
1997-03-27,83.17274571630803,84.12058124109674,83.17274571630803,84.0020980834961,910000
1997-03-28,84.0020980834961,84.0020980834961,84.0020980834961,84.0020980834961,0
1997-03-31,84.0020980834961,84.0020980834961,84.0020980834961,84.0020980834961,0
1997-04-01,83.4097076567974,83.5281982421875,82.4618721817212,83.5281982421875,2420000
1997-04-02,83.83626227645314,84.00210749285364,83.17275503276703,83.40972137451172,890000
1997-04-03,83.43337856139658,83.43337856139658,79.14441221452849,81.51403045654297,2610000
1997-04-04,80.58989828477833,82.10643541658011,80.56621354310225,81.0401611328125,590000
1997-04-07,80.11601170475828,83.88368508251402,80.11601170475828,83.78887176513672,2590000
1997-04-08,83.52821871366646,84.4997317287131,81.0401611328125,81.0401611328125,8940000
1997-04-09,81.51404274888284,83.17274751921413,81.06382458185105,82.05906677246094,8040000
1997-04-10,82.67511471882543,82.6988440581853,81.70360196373585,81.98793029785156,2970000
1997-04-11,82.43822632584099,82.46190363674027,81.04017218381898,82.22492980957031,1690000
1997-04-14,82.6988440581853,82.6988440581853,81.70360196373585,81.98793029785156,2800000
1997-04-15,81.75101997755208,82.46188929740259,79.19183392765018,79.38140106201172,10880000
1997-04-16,80.5662105197819,80.5662105197819,79.38140106201172,79.38140106201172,1110000
1997-04-17,79.42881263844497,80.56621551513672,79.14443961725483,80.56621551513672,2180000
1997-04-18,79.1444262457968,80.23447432182465,78.67053076259045,79.90269470214844,2830000
1997-04-21,80.09224972860895,80.25813951341075,79.28662678534337,79.42878723144531,980000
1997-04-22,79.85534815096827,80.32924368199018,79.49989119117703,80.09226989746094,700000
1997-04-23,80.566212879895,80.94535459372996,80.3292465209961,80.3292465209961,4420000
1997-04-24,81.04015410744914,81.04015410744914,80.28183356924816,80.44772338867188,1470000
1997-04-25,80.75579291648141,81.04016594760618,80.35297386792243,80.80319213867188,3000000
1997-04-28,81.27706114153916,82.0827361452377,80.80316571667254,81.98793029785156,1860000
1997-04-29,82.46188574355276,84.35756443947562,82.01166753584972,83.40972137451172,1890000
1997-04-30,84.00210749285364,85.06842629468494,83.40972137451172,83.40972137451172,4540000
1997-05-01,83.40972137451172,83.40972137451172,83.40972137451172,83.40972137451172,0
1997-05-02,83.52820262311408,84.35755499030215,83.43338933461875,84.0020980834961,2320000
1997-05-05,83.93103515584443,85.1158447265625,83.93103515584443,85.1158447265625,1900000
1997-05-06,85.28173498332652,85.44757278948231,82.46189755819698,85.30541229248047,6260000
1997-05-07,85.3053988031978,87.20107003695496,85.3053988031978,86.96410369873047,10590000
1997-05-08,86.96410369873047,86.96410369873047,86.96410369873047,86.96410369873047,0
1997-05-09,86.85515622835527,90.42453015467758,86.85515622835527,88.6160659790039,5890000
1997-05-12,88.04490380295798,90.42452101848417,87.09306886134284,88.5208511352539,4910000
1997-05-13,88.75883310866864,91.75711370755734,88.75883310866864,90.37693786621094,7360000
1997-05-14,90.376908686531,90.90040289768247,89.68681725597851,90.47211456298828,3940000
1997-05-15,89.11572023437893,91.85224914550781,89.11572023437893,91.85224914550781,4030000
1997-05-16,91.73334503173828,92.80411857145491,91.4001653850935,91.73334503173828,3700000
1997-05-19,91.73334503173828,91.73334503173828,91.73334503173828,91.73334503173828,0
1997-05-20,90.9004166052607,92.32819888721515,89.94858165828343,92.09022521972656,4100000
1997-05-21,91.85228498179235,93.04209393258535,91.85228498179235,92.92310333251953,4850000
1997-05-22,92.32821604426381,93.04208492178054,90.92426296926642,91.37638092041016,11860000
1997-05-23,92.32819004976507,92.56616369447535,90.66248651736444,92.30441284179688,1690000
1997-05-26,95.18372288400009,95.65966281206015,93.77976989746094,93.77976989746094,5400000
1997-05-27,93.2800265182692,94.94573007946668,92.80408668599198,93.75597381591797,3000000
1997-05-28,93.75597586574087,93.75597586574087,91.25736821171579,92.32819366455078,2560000
1997-05-29,90.94800737252143,92.20919965468616,90.94800737252143,91.13837432861328,2390000
1997-05-30,90.90041609317547,91.61432962624727,88.5208511352539,88.5208511352539,7510000
1997-06-02,89.1633314468177,92.80408871500339,89.1633314468177,92.32819366455078,2740000
1997-06-03,92.8040771484375,93.04205077280513,92.09020853293006,92.8040771484375,1860000
1997-06-04,92.80408668599198,93.75597381591797,91.99505690600178,93.75597381591797,7470000
1997-06-05,93.75600075647368,95.42170479630711,93.3990439133522,95.18373107910156,7000000
1997-06-06,95.35033692750252,95.77862548828125,94.89816663226448,95.77862548828125,4080000
1997-06-09,95.75483216660115,95.75483216660115,93.99392221606338,95.18373107910156,4370000
1997-06-10,95.4692877625818,95.4692877625818,94.58883666992188,94.58883666992188,2820000
1997-06-11,94.82675493209311,95.3026948042434,94.23187675048132,94.30325317382812,4750000
1997-06-12,95.18371747070645,95.42169115388896,94.54123257181219,95.37408447265625,2790000
1997-06-13,95.3740928385172,95.42169952392578,94.70777841175577,95.42169952392578,2320000
1997-06-16,95.13608054422288,95.63580496352982,93.87488835919928,95.01709747314453,1570000
1997-06-17,95.18369101787864,95.42166463492507,93.7559612961583,95.35028076171875,9610000
1997-06-18,94.70775627402104,95.54066031084321,94.70775627402104,95.46927642822266,3800000
1997-06-19,94.94575736189601,95.65967104813897,94.94575736189601,95.18373107910156,1260000
1997-06-20,95.87378868608427,97.08737442754556,95.3502944319013,96.51627349853516,6170000
1997-06-23,95.92138812947343,97.80123575027842,95.89755866505551,96.6114273071289,5330000
1997-06-24,97.56327056884766,97.70608312956352,96.13554062638936,97.56327056884766,4930000
1997-06-25,97.80124144082059,99.91910761030307,97.80124144082059,98.03921508789062,3220000
1997-06-26,98.03923687678343,100.89474957270771,98.03923687678343,99.70494079589844,3220000
1997-06-27,101.08509567381228,101.08509567381228,99.37178542458825,99.94288635253906,3270000
1997-06-30,99.9666859653424,99.9666859653424,95.06473523515413,95.42169952392578,6540000
1997-07-01,95.3026895998971,97.08737630487846,94.96956231560942,95.89756774902344,910000
1997-07-02,96.92081616680301,98.03924864516199,95.65967559814453,95.65967559814453,2240000
1997-07-03,95.65967104813897,96.13556622493421,94.23189593326892,95.18373107910156,3160000
1997-07-04,94.94573450138114,96.32591006127474,94.75536751805014,96.08793640136719,2570000
1997-07-07,96.37355252182618,96.37355252182618,94.94576975521326,95.75484466552734,1500000
1997-07-08,95.73102673757545,98.99104995319884,95.42167667366454,98.03921508789062,4550000
1997-07-09,98.99105466613044,99.94288957675519,98.27718594853371,98.5151596069336,2610000
1997-07-10,98.2771840649929,98.99105276890789,95.89756697255038,97.56327056884766,960000
1997-07-11,99.22902642274687,99.22902642274687,96.63526514294762,97.56327056884766,1970000
1997-07-14,98.99105276890789,99.94288766129017,97.56327056884766,97.56327056884766,3870000
1997-07-15,98.15819968537859,99.94288635253906,98.15819968537859,99.94288635253906,10000000
1997-07-16,100.41878122014991,100.89472852076007,99.94288617714092,100.75196075439453,5330000
1997-07-17,101.98935375343218,103.27432375233977,101.13272450669932,101.6086196899414,2240000
1997-07-18,100.1808836394478,102.32252755529548,99.94290993257873,100.8947525024414,2020000
1997-07-21,102.32252042054951,103.27431066643217,100.41879808670008,101.8465805053711,3520000
1997-07-22,102.79842856909768,102.79842856909768,100.5377939383129,101.6086196899414,1950000
1997-07-23,103.27431307815924,104.70209553017273,101.60860918792396,102.08455657958984,3070000
1997-07-24,101.84660106028036,106.60578467676105,101.84660106028036,106.12984466552734,2110000
1997-07-25,106.3677960676545,107.08165740966797,105.65392726026823,107.08165740966797,2320000
1997-07-28,106.3677765172315,109.46125472801758,104.70207298565656,108.27144622802734,3190000
1997-07-29,109.34228246257585,109.69923923211499,106.60575324972268,109.46126556396484,1540000
1997-07-30,109.46126161571634,110.41309653100716,108.62840979752282,109.9371566772461,1370000
1997-07-31,109.5326364792707,110.53207798874399,109.50885927177673,110.50830078125,2410000
1997-08-01,110.50830078125,110.50830078125,110.50830078125,110.50830078125,0
1997-08-04,110.17513033681257,110.41309653100716,108.98532176195528,109.9371566772461,3330000
1997-08-05,110.41309356689453,110.41309356689453,109.46125867715635,110.41309356689453,2270000
1997-08-06,108.98532569303671,110.41310051358819,108.98532569303671,109.46126556396484,1350000
1997-08-07,109.55642666281072,109.93716064266006,109.46126556396484,109.46126556396484,1290000
1997-08-08,109.69923923211499,110.36550130073486,109.46126556396484,109.46126556396484,1050000
1997-08-11,109.41367176086104,109.58026156007875,108.98533851775478,109.22330474853516,1190000
1997-08-12,109.4612808459211,109.5802639639214,102.4414635182333,108.55704498291016,2050000
1997-08-13,108.74741224111784,109.58025668493134,103.75024852839172,104.72586822509766,1990000
1997-08-14,107.08164832841788,109.46126556396484,107.08164832841788,109.46126556396484,4530000
1997-08-15,108.53320782465171,110.41310051358819,108.50943061434151,109.46126556396484,2240000
1997-08-18,102.44146297729337,109.46128026791315,101.37063731706473,108.50944519042969,6460000
1997-08-19,108.62840688132128,110.41309356689453,107.79555508548623,110.41309356689453,5160000
1997-08-20,110.41309814321956,110.41309814321956,109.4612632140304,109.67540740966797,2530000
1997-08-21,109.58027231258987,110.41312434055226,109.46128918552452,109.50889587402344,4680000
1997-08-22,108.98533297914321,109.81822967529297,108.98533297914321,109.81822967529297,2120000
1997-08-25,109.34229442516359,109.93717267033041,108.74741617999676,109.0805435180664,4390000
1997-08-26,109.08053158411552,109.69923923211499,106.12981337879455,109.46126556396484,3270000
1997-08-27,109.46127049432599,109.72302138457611,108.50943550183004,109.58025360107422,4690000
1997-08-28,108.50944463067884,109.46127970325223,107.1292688447012,107.55760955810547,2710000
1997-08-29,107.08166653550916,107.31964024412196,103.75025857613262,106.72476196289062,4900000
1997-09-01,105.89188753400643,106.60574878558656,104.70207896605642,106.36778259277344,830000
1997-09-02,106.3677870469447,109.67540976419971,106.3677870469447,109.46126556396484,27100000
1997-09-03,109.93720128365486,109.93720128365486,108.86642762903759,109.69927978515625,2550000
1997-09-04,109.22328067597955,109.6992279633887,108.7473931115415,109.4374771118164,4020000
1997-09-05,109.46126556396484,109.58024866535385,108.98532569303671,109.46126556396484,5000000
1997-09-08,109.46126689090272,109.69924056193769,108.79496002197266,108.79496002197266,1750000
1997-09-09,109.41367301887733,109.46127970325223,107.55760955810547,107.55760955810547,3080000
1997-09-10,108.50944958908771,108.50944958908771,107.08166705349171,107.67659759521484,2860000
1997-09-11,107.6765926748637,107.6765926748637,106.12982708775291,107.55760955810547,2260000
1997-09-12,107.31963568942236,108.17630964950239,106.12982691984182,108.00971984863281,2570000
1997-09-15,106.60578467676105,108.2714888642739,106.12984466552734,106.12984466552734,880000
1997-09-16,107.55760955810547,108.0335494905115,106.36780078664249,107.55760955810547,980000
1997-09-17,107.08164832841788,109.46126556396484,107.08164832841788,109.46126556396484,2960000
1997-09-18,108.39044004758037,109.46126556396484,108.39044004758037,109.46126556396484,1760000
1997-09-19,109.22328502397843,110.41309356689453,109.00914083721656,110.41309356689453,2650000
1997-09-22,110.17514427847277,113.48276729497196,110.17514427847277,111.95983123779297,10400000
1997-09-23,111.12695531810485,111.84086876761334,110.74622138602356,111.72188568115234,710000
1997-09-24,110.48452005104745,113.17349571090485,110.48452005104745,112.79270935058594,1920000
1997-09-25,111.81703440703946,112.7926463367189,110.88896942138672,110.88896942138672,740000
1997-09-26,110.88898658832458,113.26860363065151,110.88898658832458,111.84087371826172,2260000
1997-09-29,111.84091888609092,113.03068309552066,111.84091888609092,112.79270935058594,380000
1997-09-30,112.31678501983797,112.79268012879284,105.89189870135587,105.939453125,6520000
1997-10-01,106.843725405678,110.17513275146484,106.60575174089597,110.17513275146484,2040000
1997-10-02,110.84145256304456,111.3649543737665,106.12982428595335,110.38928985595703,2190000
1997-10-03,111.1269726241668,111.1269726241668,108.98532899194397,109.84200286865234,1680000
1997-10-06,110.41309356689453,110.88898861564857,108.74739744059609,110.41309356689453,2650000
1997-10-07,109.69925742184545,110.65109252929688,108.50944860678437,110.65109252929688,2870000
1997-10-08,109.22329819370047,110.65108056195095,109.22329819370047,109.3660659790039,3910000
1997-10-09,108.033511859679,109.58022465041836,107.08162486106035,108.86636352539062,2880000
1997-10-10,108.74743658751929,110.88902853350247,107.08168013860805,109.29470825195312,3740000
1997-10-13,109.22329189581471,109.69923923211499,108.03353553564631,109.46126556396484,950000
1997-10-14,108.50943328749814,109.81822503890302,108.27145961348546,109.34228515625,3230000
1997-10-15,108.8901786597082,109.19952879098112,107.55760955810547,107.55760955810547,7060000
1997-10-16,107.08166271271186,109.29469046592065,107.08166271271186,108.50944519042969,1320000
1997-10-17,107.55760478633181,108.46183313441436,105.2494160358034,107.08165740966797,2590000
1997-10-20,106.84371351303037,108.29527282714844,106.0108617692874,108.29527282714844,1690000
1997-10-21,108.48565340403131,109.46126556396484,107.08164832841788,109.46126556396484,1520000
1997-10-22,108.86636762726768,109.46124569939589,107.2958253146603,108.03351593017578,1420000
1997-10-23,107.31959458110312,108.72354704046298,106.12978626727364,107.27198791503906,1720000
1997-10-24,107.79557037353516,107.93833816187217,106.60576166187508,107.79557037353516,510000
1997-10-27,105.20179683711291,107.0340902505891,104.70207977294922,104.70207977294922,2290000
1997-10-28,98.99104995319884,101.84656201449496,92.80408600183799,98.03921508789062,3900000
1997-10-29,104.46411106996325,104.46411106996325,97.80125140335022,97.82508087158203,3840000
1997-10-30,98.30097904337401,99.94290572759596,97.56328820499887,97.80126190185547,3990000
1997-10-31,99.22904731233537,100.65677755535785,97.56329110776302,98.99107360839844,5080000
1997-11-03,100.89473113859407,101.84656604153811,99.94288877027823,100.18086242675781,2560000
1997-11-04,100.41880508870328,101.37064019319259,99.70494369108303,100.8947525024414,3910000
1997-11-05,100.89475541085633,100.89475541085633,98.9910776816285,100.41880798339844,1880000
1997-11-06,99.94288635253906,100.89472869782867,99.94288635253906,99.94288635253906,1360000
1997-11-07,99.94290870115998,99.94290870115998,97.56329110776302,98.99107360839844,1450000
1997-11-10,98.99107883974115,99.22905255625419,98.51518366433076,99.2052230834961,1410000
1997-11-11,98.99107360839844,99.13383394156611,97.80126481169995,98.99107360839844,1930000
1997-11-12,98.15820097075925,98.15820097075925,96.61143567646539,97.56327056884766,2020000
1997-11-13,97.5632918246386,98.22960625596072,97.3729248046875,97.3729248046875,3490000
1997-11-14,97.32534917261061,98.03921787652561,95.70719999407393,97.56327056884766,4070000
1997-11-17,98.39616753504116,98.39616753504116,97.20641070027261,97.87267303466797,700000
1997-11-18,98.13444316447944,98.13444316447944,96.94463438301575,97.08739471435547,1370000
1997-11-19,97.77749162110821,100.41880798339844,97.77749162110821,100.41880798339844,4220000
1997-11-20,100.41878567381339,106.12981012733097,100.41878567381339,105.55875396728516,7960000
1997-11-21,105.17804193943327,107.08166738522605,103.75025939941406,103.75025939941406,1650000
1997-11-24,103.27429753581096,104.84484007977049,103.27429753581096,104.70207977294922,1710000
1997-11-25,104.70209201109039,105.6539270394464,104.22614463542129,105.17803192138672,2620000
1997-11-26,104.91621976607185,105.53492736816406,104.41649525654023,105.53492736816406,4610000
1997-11-27,105.22557404661066,105.98704198029102,104.70207977294922,104.70207977294922,2200000
1997-11-28,104.70209735730042,105.15420782079565,103.2743148803711,103.2743148803711,2210000
1997-12-01,103.27429753581096,104.70207977294922,103.27429753581096,104.70207977294922,860000
1997-12-02,104.46410611293031,105.65391469004966,103.77401459997465,104.70207977294922,3200000
1997-12-03,104.70211117136338,105.39219542589188,104.36897631584854,104.8448715209961,4440000
1997-12-04,104.27373912951022,105.82050446397199,104.2261324529114,104.70207977294922,6300000
1997-12-05,104.70209232786226,106.79612939658091,104.46411863930773,104.82107543945312,3970000
1997-12-08,104.70207906062268,104.70207906062268,97.80124609710579,98.5151596069336,17950000
1997-12-09,99.70493475957298,99.9429009797518,98.51517084703318,98.53894805908203,7940000
1997-12-10,100.18085311334387,100.18085311334387,98.51514965341738,98.72929382324219,740000
1997-12-11,98.03923600526326,98.72932016253186,98.03923600526326,98.20582580566406,1290000
1997-12-12,99.68116509588457,99.94291603290924,98.27721196375482,99.34803771972656,1540000
1997-12-15,98.80070421842166,99.89530708345139,98.13444206560011,98.75309753417969,1120000
1997-12-16,100.41878139638324,100.89472869782867,98.70552340476047,99.94288635253906,1330000
1997-12-17,100.34739879683963,101.10887417588735,99.27658081054688,99.27658081054688,5070000
1997-12-18,99.94290993257873,101.37064019319259,99.22904853495848,100.8947525024414,5060000
1997-12-19,100.89472869782867,102.32250341382051,99.22902512334377,99.94288635253906,3540000
1997-12-22,100.89472553459191,102.08453402792993,100.89472553459191,101.37061309814453,2710000
1997-12-23,101.84657345447351,102.25108465423774,101.25169526026457,101.89417266845703,10120000
1997-12-24,101.89416151487238,102.32250213623047,101.34683780232434,102.32250213623047,2870000
1997-12-25,102.32250213623047,102.32250213623047,102.32250213623047,102.32250213623047,0
1997-12-26,102.32250213623047,102.32250213623047,102.32250213623047,102.32250213623047,0
1997-12-29,102.32252459565218,104.70209735730042,102.32252459565218,103.2743148803711,1070000
1997-12-30,104.46410072781974,104.46410072781974,102.32250213623047,102.32250213623047,490000
1997-12-31,104.22614485325899,107.08165740966797,103.75024973420466,107.08165740966797,2520000
1998-01-01,107.08165740966797,107.08165740966797,107.08165740966797,107.08165740966797,0
1998-01-02,107.08165740966797,107.08165740966797,107.08165740966797,107.08165740966797,0
1998-01-05,107.01027351507845,107.08165740966797,106.12982237932258,107.08165740966797,3700000
1998-01-06,107.08161583494167,107.08161583494167,104.7020515790688,105.74909210205078,3210000
1998-01-07,105.60631279026991,106.84372809995925,105.60631279026991,106.08226013183594,810000
1998-01-08,104.70209737560106,104.74969659483041,102.0845583788827,102.37007904052734,10000000
1998-01-09,102.3700795681107,105.89190669848634,101.48962838454669,104.22615051269531,5450000
1998-01-12,101.25168226679892,103.72640808476886,100.89472553459191,101.37061309814453,8690000
1998-01-13,101.94174399367259,102.58427371895885,100.9423470417997,102.08455657958984,3950000
1998-01-14,101.22787279984756,102.32252042054951,100.89474546725134,101.8465805053711,1890000
1998-01-15,100.9423247424671,101.60858674140633,100.9423247424671,101.37061309814453,3780000
1998-01-16,101.60859846212716,102.08454580355209,100.84713049422959,101.79896545410156,5010000
1998-01-19,102.27494475099618,105.17805721641807,101.3706564643425,104.65451049804688,2670000
1998-01-20,103.03639398702423,104.7020979152029,102.08455890499458,104.22615051269531,4000000
1998-01-21,104.70208963011765,105.17802952959089,103.2505300468247,104.94005584716797,16270000
1998-01-22,104.65448532892705,105.17803192138672,103.86924009396526,105.17803192138672,1710000
1998-01-23,105.13043679206412,105.60633196242019,103.77403813342394,105.29698181152344,2430000
1998-01-26,104.4165116550692,105.65392705358875,103.58365973783259,105.6301498413086,1680000
1998-01-27,103.51228612083985,105.15420532226562,103.51228612083985,105.15420532226562,6490000
1998-01-28,105.60629245688571,108.03351593017578,105.46353217109406,108.03351593017578,12110000
1998-01-29,108.03352484103495,108.74739351721196,107.55758501722174,108.27144622802734,14700000
1998-01-30,108.74744448366354,109.79444091918077,108.50947072754053,109.69927978515625,17940000
1998-02-02,110.05618065523832,111.60294656131299,109.46130227564086,111.12700653076172,21560000
1998-02-03,111.60293137202218,112.74514100456626,110.88901769067245,112.43578338623047,7420000
1998-02-04,112.67375454574105,112.79269287590144,111.84090255042645,112.55477142333984,2100000
1998-02-05,112.79266379836872,116.60001075308544,111.84087371826172,111.84087371826172,21710000
1998-02-06,113.76832080597262,115.17227341951856,112.55473515462755,114.10144805908203,2340000
1998-02-09,114.22047234374733,125.28555155707997,113.98249863996811,123.73883819580078,11510000
1998-02-10,124.21472508116474,124.21472508116474,121.3592125293899,122.78699493408203,9690000
1998-02-11,122.78698402999963,124.80964448463816,122.02551607458115,124.21471405029297,11220000
1998-02-12,124.45268771710546,124.45268771710546,121.35920175210151,124.21471405029297,4860000
1998-02-13,124.21471405029297,124.33370461638528,122.31104416174674,124.21471405029297,1330000
1998-02-16,123.73880835699718,125.047607421875,123.2628685295818,125.047607421875,5930000
1998-02-17,124.69062521122326,125.16656494140625,124.04814054290948,125.16656494140625,4500000
1998-02-18,124.5716746737182,124.5716746737182,122.7869878306504,124.09578704833984,3690000
1998-02-19,123.71505504766142,123.73883226039098,121.35921478271484,121.35921478271484,3050000
1998-02-20,123.26288765219059,123.28671712162408,121.35921016628481,122.54901885986328,2180000
1998-02-23,122.9773573069355,123.97679898026996,122.9773573069355,123.5246810913086,4430000
1998-02-24,123.31050840580775,123.97681538515207,122.07314514736956,123.21534729003906,3530000
1998-02-25,122.66801998446712,123.85782878037702,122.66801998446712,123.73883819580078,11560000
1998-02-26,123.78642570831227,123.92918601927369,123.31048583984375,123.31048583984375,1600000
1998-02-27,123.85782878037702,125.1666206954899,123.73883819580078,123.73883819580078,3210000
1998-03-02,125.11899233270479,125.1665990098098,124.7382583618164,124.7382583618164,2340000
1998-03-03,125.11900706116793,125.2617748516851,124.02435943914678,124.690673828125,2040000
1998-03-04,125.11902044580593,125.11902044580593,121.35922684625992,123.19152069091797,2180000
1998-03-05,121.35919771858413,122.76320273964191,121.35919771858413,122.43002319335938,1100000
1998-03-06,121.35921756954248,122.43004321947473,116.6714634521901,121.54963684082031,7390000
1998-03-09,120.88331463669178,125.07139587402344,119.81248912193936,125.07139587402344,20740000
1998-03-10,123.97680794918664,126.23739755753249,123.97680794918664,124.97624969482422,5690000
1998-03-11,124.97624969482422,124.97624969482422,124.97624969482422,124.97624969482422,0
1998-03-12,123.97680301232282,128.02207946777344,123.97680301232282,128.02207946777344,7980000
1998-03-13,123.97682202471803,128.49803161621094,123.97682202471803,128.49803161621094,4580000
1998-03-16,127.07023520034456,127.54616760841833,124.69066274444202,126.1183853149414,1610000
1998-03-17,126.26121404594673,127.54618393383502,125.6425137808551,127.07025146484375,2920000
1998-03-18,126.59433681701607,126.95130106555511,122.54901573056289,125.64250183105469,5760000
1998-03-19,123.85780954036505,125.14277924976165,123.50085277283236,124.21471405029297,2070000
1998-03-20,123.73884412476544,124.90483097043405,123.50087787495731,124.45271301269531,4340000
1998-03-23,124.21471405029297,124.69066138391797,123.07251211716523,124.21471405029297,2490000
1998-03-24,124.69065319894587,124.92861938476562,123.7388108517817,124.92861938476562,2960000
1998-03-25,123.73881897427275,124.21471405029297,119.4555318635553,124.21471405029297,5130000
1998-03-26,122.12071320955384,123.9767837524414,118.97962825716746,123.9767837524414,4870000
1998-03-27,123.2628829214011,124.09578704833984,123.14394460923205,124.09578704833984,2130000
1998-03-30,124.21472076783598,124.21472076783598,123.26288577208754,124.07196044921875,1910000
1998-03-31,123.73881278458641,124.09577699963509,121.35919568144885,123.85780334472656,3120000
1998-04-01,124.09577431000255,124.09577431000255,123.73881010269066,123.9767837524414,2360000
1998-04-02,123.97681189958,124.09580248415624,122.31106316148492,123.73883819580078,2520000
1998-04-03,123.9767906371493,124.00056784694154,123.02495570826147,123.92918395996094,2650000
1998-04-06,123.73881010269066,124.09577431000255,123.0487260848829,123.9767837524414,1950000
1998-04-07,123.97678931027014,123.97678931027014,123.50084945480404,123.83397674560547,1870000
1998-04-08,122.8107821218433,123.97681372101414,122.215903843955,123.47709655761719,4660000
1998-04-09,122.78697522666035,123.9767837524414,122.19209709257034,123.9767837524414,4650000
1998-04-10,123.9767837524414,123.9767837524414,123.9767837524414,123.9767837524414,0
1998-04-13,123.9767837524414,123.9767837524414,123.9767837524414,123.9767837524414,0
1998-04-14,123.95297795446866,123.95297795446866,120.64534759521484,120.64534759521484,2730000
1998-04-15,122.31104586453759,123.7388206969408,122.31104586453759,123.5008544921875,4680000
1998-04-16,123.71507936042754,123.97683031696126,121.35923863250584,123.2629165649414,7920000
1998-04-17,122.78699493408203,123.6912307460699,120.90710208876872,122.78699493408203,2150000
1998-04-20,123.26289309674296,123.61984990479137,122.3110580444336,122.3110580444336,3510000
1998-04-21,122.43002451930437,122.54900761735864,121.35919903293183,122.52523040771484,1430000
1998-04-22,122.54899567635911,122.78696931465177,121.04988941296315,122.00172424316406,4040000
1998-04-23,121.07368638208128,122.04929857884974,120.52636260195288,121.71617126464844,2080000
1998-04-24,121.35920456765405,121.5496238185312,118.97963954788132,119.21761322021484,4100000
1998-04-27,119.47937685447792,120.88333740009683,118.2895680144663,119.33661651611328,1680000
1998-04-28,119.4555709015034,119.93151092529297,118.50373564617158,119.93151092529297,1190000
1998-04-29,118.50372121811789,120.88333892822266,118.50372121811789,120.88333892822266,1250000
1998-04-30,118.97961533870327,121.00227542871046,118.50367555624955,119.57449340820312,1630000
1998-05-01,119.57449340820312,119.57449340820312,119.57449340820312,119.57449340820312,0
1998-05-04,121.00231023446528,121.35921478271484,119.93148460912289,121.35921478271484,1480000
1998-05-05,120.88332159842342,121.95413970947266,120.21705949244866,121.95413970947266,890000
1998-05-06,121.95411186507357,123.26285856656854,120.40739900179084,121.83512878417969,1760000
1998-05-07,121.83512878417969,121.83512878417969,121.3591815298624,121.83512878417969,550000
1998-05-08,122.19484359297634,123.05438995361328,121.07272339899043,123.05438995361328,2100000
1998-05-11,123.6512451171875,123.6512451171875,122.72008371957635,123.6512451171875,940000
1998-05-12,122.24259561423354,122.40974250986446,121.76505659635082,122.36197662353516,2120000
1998-05-13,123.14985171295811,123.19761760078923,119.97440515168508,121.76506042480469,3250000
1998-05-14,122.00382903240148,122.72008514404297,121.1681919085942,122.72008514404297,1320000
1998-05-15,122.7200735481204,122.79174109840721,118.42250732299884,119.61629486083984,3390000
1998-05-18,119.61629184063402,119.61629184063402,112.93115070862437,118.30311584472656,1760000
1998-05-19,118.66125411862535,119.85499656146555,114.60241296371689,119.37751007080078,2460000
1998-05-20,119.37751386179154,119.37751386179154,116.9899390162507,119.01936340332031,1220000
1998-05-21,119.01936340332031,119.01936340332031,119.01936340332031,119.01936340332031,0
1998-05-22,117.53906489078403,118.32698822021484,114.12485030861203,118.32698822021484,1300000
1998-05-25,117.53909086755112,118.32701437111726,114.1248755308193,116.98993682861328,1730000
1998-05-26,117.46749988467693,117.46749988467693,115.07997687352209,116.75125122070312,2490000
1998-05-27,116.75125347029146,116.75125347029146,109.82734147722866,114.12490844726562,1390000
1998-05-28,114.60241307320568,116.79893182799798,113.88571519048297,114.48302459716797,1010000
1998-05-29,113.16985759500021,116.98993682861328,112.9311405627292,116.98993682861328,2080000
1998-06-01,116.98993682861328,116.98993682861328,116.98993682861328,116.98993682861328,0
1998-06-02,117.01384775471317,117.4674700455884,114.86503489558432,115.79620361328125,2570000
1998-06-03,115.79625838108873,115.79625838108873,114.60247039794922,114.60247039794922,1430000
1998-06-04,114.60244964914394,115.43807936406341,112.23877578704932,112.6924057006836,2660000
1998-06-05,114.60243126496084,115.55744934082031,112.23875778203974,115.55744934082031,1510000
1998-06-08,113.16990735410744,113.16990735410744,104.57471968155063,106.96229553222656,7130000
1998-06-09,106.24601072618195,109.23045331153952,104.8134537169033,105.0522232055664,8690000
1998-06-10,105.74461502390066,106.00724123751883,104.8134537169033,105.0522232055664,5120000
1998-06-11,104.8134670554135,104.8134670554135,103.2615737915039,103.2615737915039,2120000
1998-06-12,103.26158430148416,105.05224726669653,103.14220327497837,103.85845947265625,1880000
1998-06-15,104.09719944459565,104.45534993848146,102.30654434955582,103.14218139648438,1680000
1998-06-16,103.23767775384421,103.97783558902417,102.9511947631836,102.9511947631836,2080000
1998-06-17,103.14218863621294,104.33597626082131,102.25879313453413,103.11833190917969,3940000
1998-06-18,103.61968552992488,103.61968552992488,100.51590630831814,101.23216247558594,4020000
1998-06-19,100.77853257093781,101.94841115251482,100.3965252868809,101.23216247558594,2200000
1998-06-22,102.04393544454577,102.1633239563219,100.7546234091592,101.23216247558594,2330000
1998-06-23,102.1871609887688,103.59580883203702,100.9933734755202,101.32766723632812,4870000
1998-06-24,101.23215535233538,107.43975830078125,101.23215535233538,107.43975830078125,3810000
1998-06-25,107.43978223906957,108.87233973401919,105.05225882077397,106.96229553222656,2950000
1998-06-26,106.84286052808051,108.75289627480656,105.07606248168639,108.3947982788086,1140000
1998-06-29,108.87233973401919,108.87233973401919,106.96229553222656,106.96229553222656,610000
1998-06-30,107.9173174146033,108.63356617441086,106.77128793948415,107.32044219970703,1090000
1998-07-01,109.58857075250856,109.58857075250856,107.70243602193884,108.87232208251953,3720000
1998-07-02,108.1560453737201,108.77682206703476,107.43974440744864,107.46365356445312,2260000
1998-07-03,108.20379470413599,109.58853316883106,108.15602882979532,108.3947982788086,1230000
1998-07-06,108.39481929677305,110.06609340888537,107.70241996882291,109.82732391357422,3570000
1998-07-07,109.9467031578304,109.9467031578304,108.63353462248942,109.77955627441406,1620000
1998-07-08,109.94670491606092,110.30481047183251,108.6335363597202,109.82732391357422,6620000
1998-07-09,110.42419057182352,110.78234106669422,108.87230496521919,110.3048095703125,2010000
1998-07-10,108.41867602239235,111.25982853037537,108.15604980146192,109.82732391357422,2080000
1998-07-13,110.30481047183251,110.54357996714364,108.87230585503134,109.82732391357422,920000
1998-07-14,109.82733916959168,109.94672018866152,107.4397637302277,109.58856964111328,1150000
1998-07-15,109.58853996629144,109.8273094301149,107.43973463726793,108.6335220336914,1710000
1998-07-16,107.91728779648848,109.94670491606092,107.91728779648848,109.82732391357422,3230000
1998-07-17,109.58854636009555,109.77954995775941,107.91727986121104,109.56468963623047,1200000
1998-07-20,109.58855313377872,110.28095245361328,108.75291608751705,110.28095245361328,3630000
1998-07-21,110.78229891817821,111.4030753956507,110.42414855957031,110.42414855957031,2460000
1998-07-22,110.78234197211708,110.78234197211708,108.87230585503134,109.82732391357422,670000
1998-07-23,109.82730099291021,110.01830456475685,107.94112199508427,109.34976959228516,2740000
1998-07-24,109.34980214047182,109.89895629882812,108.39482893900586,109.89895629882812,1300000
1998-07-27,109.34980426865651,109.9705810546875,107.22490009352968,109.9705810546875,5410000
1998-07-28,109.34980480859679,111.21212768554688,109.34980480859679,111.21212768554688,3010000
1998-07-29,109.9466804498647,111.73734265632925,109.9466804498647,111.25980377197266,2120000
1998-07-30,111.7373610002731,114.12488353628703,111.02110498850264,113.05052947998047,5610000
1998-07-31,111.737363941909,114.12488654077765,110.87787018776423,113.40863800048828,3680000
1998-08-03,112.6924057006836,112.8117867244857,112.21491905717043,112.6924057006836,1660000
1998-08-04,112.8117867244857,113.16989234419677,112.33425513893823,112.6924057006836,2140000
1998-08-05,109.82735583948153,112.57303730110809,109.58858627476204,111.61801147460938,4860000
1998-08-06,111.6179781541793,111.64183487961178,108.87230500253665,110.5435791015625,4960000
1998-08-07,111.25984193329627,111.73738098144531,109.82733714392836,111.73738098144531,1260000
1998-08-10,111.85673905887376,112.21488952636719,110.32871029449731,112.21488952636719,450000
1998-08-11,112.21489810415109,112.21489810415109,109.8273230159567,110.3048095703125,1490000
1998-08-12,110.30480191080127,112.21489031200427,109.82731538960189,110.78233337402344,3310000
1998-08-13,110.97336570066899,111.25984869915129,107.43976828215199,108.49031829833984,2900000
1998-08-14,108.49031591910848,110.73460122396432,107.91730499267578,107.91730499267578,4690000
1998-08-17,107.91732294282525,111.4986343383789,107.4397837966788,111.4986343383789,2790000
1998-08-18,111.9761200512592,113.40863203718796,111.25981911627234,112.21488952636719,6850000
1998-08-19,112.21493320875157,113.40867618426576,112.21493320875157,113.16990661621094,3480000
1998-08-20,113.16988089513366,113.40865040892132,112.33424377441406,112.33424377441406,3140000
1998-08-21,112.334248614092,113.40865529488774,111.73738098144531,111.73738098144531,3390000
1998-08-24,111.73738747162295,113.40866188214002,110.78236175222327,112.6924057006836,2900000
1998-08-25,112.69239297334752,113.64741109454964,112.3581516116032,112.78787231445312,3910000
1998-08-26,113.16987601509308,113.64740753173828,110.78234576761255,113.64740753173828,3630000
1998-08-27,112.69236050235406,113.6473783483789,109.82729947394357,111.25980377197266,3020000
1998-08-28,109.82733714392836,112.21491253925575,106.96227513282226,111.73738098144531,2780000
1998-08-31,111.73736660776937,112.45361516514721,109.94670401746771,110.3048095703125,2320000
1998-09-01,109.82732588602816,111.14044952392578,108.39482124349982,111.14044952392578,2990000
1998-09-02,111.25986242687227,113.16990661621094,111.11662465512737,113.16990661621094,3190000
1998-09-03,113.16986851282522,114.12488654077765,111.737363941909,113.40863800048828,1850000
1998-09-04,113.40862568720505,114.60241307320568,112.9311391960841,114.48302459716797,1730000
1998-09-07,113.64738765860717,114.60241307320568,112.21488324322438,114.48302459716797,1530000
1998-09-08,114.57861366375107,116.03502047192089,113.88577215673037,114.60247039794922,13420000
1998-09-09,115.3186646767964,116.03496559118682,115.3186646767964,115.79620361328125,5700000
1998-09-10,114.60243311333883,114.60243311333883,111.04497199754078,113.64740753173828,2560000
1998-09-11,113.16985622546626,116.03496243060845,111.49858234834467,114.48302459716797,7930000
1998-09-14,114.48308186219275,115.79625838108873,114.12493123560411,114.60247039794922,4140000
1998-09-15,115.31868594459351,115.55745545687132,114.2681884765625,114.2681884765625,1890000
1998-09-16,114.84117518348587,115.65291045874343,114.26816442823582,114.96056365966797,3010000
1998-09-17,114.96056575010635,115.50966736069081,114.12487636298218,114.79341888427734,1590000
1998-09-18,114.79344590164467,116.51247860323893,113.64741661024325,114.69791412353516,3120000
1998-09-21,114.69791172008338,114.84120189390649,110.3048207510595,114.3636703491211,3790000
1998-09-22,114.36370081677667,115.31871921874362,112.21493937371264,114.60247039794922,2490000
1998-09-23,114.60244472550961,114.60244472550961,112.45363133142492,113.76680755615234,1640000
1998-09-24,114.12490083155919,114.67405499224091,113.16988268401887,114.3636703491211,4010000
1998-09-25,113.0505650052031,114.74569627669217,108.87233371375227,114.45921325683594,10190000
1998-09-28,114.55470449717006,114.69794227678429,113.64744450564186,114.60247039794922,3880000
1998-09-29,114.6024422681342,114.84120430036086,113.64741661024325,114.69791412353516,4460000
1998-09-30,114.12490844726562,114.36367798076093,112.21491696675919,114.12490844726562,5260000
1998-10-01,114.12486480038315,114.60240368473976,108.39479517591448,111.25980377197266,3070000
1998-10-02,111.25983233845785,112.9072497813369,100.7546108639117,109.94670867919922,3660000
1998-10-05,106.00723647719944,110.66295291906846,105.98337975331569,109.325927734375,3240000
1998-10-06,109.15879321737256,112.19100189208984,109.15879321737256,112.19100189208984,4480000
1998-10-07,111.9045343875562,112.6924057006836,109.85120025304151,112.6924057006836,2490000
1998-10-08,112.69237604422358,113.1460058384793,109.27816055764018,112.21488952636719,2970000
1998-10-09,111.85673905887376,114.12488053981527,109.99446149262704,112.21488952636719,2940000
1998-10-12,113.16991283363716,114.60247039794922,112.93119568484745,114.60247039794922,1920000
1998-10-13,114.60247039794922,114.69794227678429,113.64744450564186,114.60247039794922,930000
1998-10-14,114.60244384908827,118.18375453647569,114.1249047973701,117.44364166259766,5060000
1998-10-15,116.75124265764994,117.22872924804688,116.27370363488546,117.22872924804688,3800000
1998-10-16,116.98996307969604,117.08548736572266,116.51247647565474,117.08548736572266,2860000
1998-10-19,117.08546193749838,117.18094126075853,112.9311413770657,116.512451171875,4780000
1998-10-20,116.51247647565474,117.2287325979012,114.65019857327245,117.08548736572266,1670000
1998-10-21,116.63183131885975,117.22870629324156,116.51245033171399,116.98993682861328,2240000
1998-10-22,117.08548216182774,117.20487066079329,114.841197099148,115.19930267333984,3470000
1998-10-23,115.55743239589492,117.03770270607774,115.19928194412088,116.98993682861328,3270000
1998-10-26,116.98996307969604,117.08548736572266,116.51247647565474,117.08548736572266,2910000
1998-10-27,116.9899600441132,118.04050994333242,116.60795279398,117.96888732910156,7570000
1998-10-28,116.98993857664581,118.06434500600089,115.67681511145287,117.5152359008789,5640000
1998-10-29,117.94504006579398,118.51799855460062,112.69240250329665,115.31869506835938,5500000
1998-10-30,116.5124731462677,117.80174012174079,115.91560554534875,117.22872924804688,3470000
1998-11-02,117.9450360918032,118.01660627699776,117.70626656867947,117.89727020263672,2020000
1998-11-03,117.89723382039794,118.18371671191149,117.46746079594183,117.94499969482422,2140000
1998-11-04,118.18375384181796,118.90000998281451,117.70626722527706,118.66128540039062,2910000
1998-11-05,118.87615325428324,118.87615325428324,118.30313485887646,118.66128540039062,590000
1998-11-06,117.99275020679524,118.78067390778777,117.99275020679524,118.66128540039062,490000
1998-11-09,118.78063659034633,118.87611590684496,117.94499969482422,117.94499969482422,500000
1998-11-10,118.1837387084961,118.42250820237753,117.46748265921549,118.1837387084961,630000
1998-11-11,118.42255401611328,118.4703124275683,117.94506727599041,118.42255401611328,720000
1998-11-12,117.94506727599041,118.5419350640697,117.94506727599041,118.42255401611328,1370000
1998-11-13,118.42251288851067,118.54189389500661,117.46748730755702,117.82563781738281,2130000
1998-11-16,117.94503445666825,118.42252106392596,117.3719711303711,117.3719711303711,1900000
1998-11-17,117.37200379023297,118.66131611202613,117.08552073456792,118.42255401611328,1270000
1998-11-18,118.42255101699764,120.33258781320319,118.42255101699764,120.30873107910156,4750000
1998-11-19,119.37752270926816,123.17374557266565,119.37752270926816,122.48135375976562,12570000
1998-11-20,122.24258081372267,123.19759881115428,122.24258081372267,122.62458801269531,5410000
1998-11-23,122.62460569605713,123.19761657714844,122.05159481496582,123.19761657714844,3700000
1998-11-24,123.19759245590673,123.19759245590673,121.76503557231,122.40972137451172,2370000
1998-11-25,122.48136897415047,122.48136897415047,121.28758131461451,121.76506042480469,2420000
1998-11-26,122.24258418388074,122.67235727524802,121.28756616011984,122.00381469726562,830000
1998-11-27,122.48133842662473,122.48133842662473,120.81006458338521,122.24256896972656,2070000
1998-11-30,122.24259080746799,122.48136030702058,119.49691009521484,119.49691009521484,2150000
1998-12-01,119.49689659653063,121.28755903099828,119.49689659653063,119.54466247558594,1110000
1998-12-02,121.76505997900892,121.76505997900892,119.5207748413086,119.5207748413086,560000
1998-12-03,120.33252799415024,121.28755340783634,119.37751007080078,119.37751007080078,1640000
1998-12-04,119.37753197616213,120.81008908540217,118.92390212449997,120.57131958007812,2780000
1998-12-07,121.28756037061498,121.28756037061498,119.85500344200513,120.81007385253906,970000
1998-12-08,120.81008816567591,121.2875747403227,120.42808092914736,121.0488052368164,1460000
1998-12-09,121.74119324500447,121.74119324500447,120.81008434195718,121.40695190429688,1380000
1998-12-10,121.40696446143261,121.5024438064043,119.37753963619667,119.85502624511719,4130000
1998-12-11,119.85502200009068,120.33255353412903,119.3775354080818,120.18931579589844,1480000
1998-12-14,119.37753963619667,119.85502624511719,119.37753963619667,119.85502624511719,440000
1998-12-15,120.33255779606876,120.33255779606876,119.37753963619667,119.85502624511719,940000
1998-12-16,119.37750838092454,120.332526290755,119.37750838092454,119.56851196289062,1350000
1998-12-17,119.61630915684171,120.5474181561937,118.15989522752902,119.85502624511719,7580000
1998-12-18,119.37752536873145,119.85501192058493,118.54188832388422,119.61629486083984,1590000
1998-12-21,119.61627486300704,120.5712927490767,119.3775054108169,119.97437286376953,4220000
1998-12-22,119.56851365547068,120.26091288540401,119.37751007080078,119.37751007080078,2630000
1998-12-23,118.92388030237812,120.81006691717157,118.92388030237812,119.37751007080078,1600000
1998-12-24,119.37751007080078,119.37751007080078,119.37751007080078,119.37751007080078,0
1998-12-25,119.37751007080078,119.37751007080078,119.37751007080078,119.37751007080078,0
1998-12-28,119.4014143222121,119.49693862358161,119.25817655736549,119.42532348632812,3820000
1998-12-29,118.9955423005313,119.49693062146626,118.92391967773438,118.92391967773438,4100000
1998-12-30,118.92389262990355,119.25814144738709,118.4702628144581,118.78065490722656,1430000
1998-12-31,118.78065490722656,118.78065490722656,118.78065490722656,118.78065490722656,0
1999-01-01,118.78065490722656,118.78065490722656,118.78065490722656,118.78065490722656,0
1999-01-04,118.75675618522939,119.37753293497616,114.72181592177772,119.13876342773438,5810000
1999-01-05,117.73009291751801,119.37751007080078,117.73009291751801,119.37751007080078,5960000
1999-01-06,120.21316906726108,121.28757566368405,120.1415464550357,120.57131958007812,6390000
1999-01-07,121.28758344627934,121.28758344627934,118.9000080852451,119.85502624511719,2840000
1999-01-08,121.28756037061498,121.76503939835384,119.37751692392919,120.81007385253906,4250000
1999-01-11,120.81006691717157,120.81006691717157,119.25812908521378,119.37751007080078,1860000
1999-01-12,119.37753106734193,121.0488052368164,119.37753106734193,121.0488052368164,2570000
1999-01-13,120.81006691717157,121.04878394632567,118.8999786381161,119.37751007080078,3850000
1999-01-14,120.81006691717157,120.81006691717157,118.44634886969344,119.37751007080078,1340000
1999-01-15,118.90003058450351,122.24262473792346,118.90003058450351,120.33258056640625,4530000
1999-01-18,119.61633179164463,120.57135013223326,119.56856589393534,120.33258056640625,3600000
1999-01-19,120.33258056640625,120.57135013223326,119.4253281235269,120.33258056640625,3550000
1999-01-20,121.5024438064043,121.5024438064043,119.32977374752605,119.85502624511719,5720000
1999-01-21,119.37753197616213,120.90556093390924,119.37753197616213,120.57131958007812,4460000
1999-01-22,119.85504892509215,120.57135013223326,119.18655855769988,120.33258056640625,3700000
1999-01-25,119.37756222581761,120.52358423452398,119.37756222581761,120.33258056640625,3510000
1999-01-26,120.33258056640625,120.64297276260746,119.85504892509215,120.33258056640625,7920000
1999-01-27,120.33253490210355,121.00102501581435,120.33253490210355,120.81007385253906,2420000
1999-01-28,120.92945579376426,121.04883683150781,120.02219586054498,120.33258056640625,4720000
1999-01-29,121.21595212864258,121.21595212864258,120.69065472672595,121.0488052368164,1190000
1999-02-01,120.81008908540217,121.52633767867007,120.45193857258512,120.57131958007812,1040000
1999-02-02,120.81008816567591,121.0488052368164,120.33254915866333,121.0488052368164,2740000
1999-02-03,121.04877092635971,121.04877092635971,120.33251505122452,120.92938995361328,1480000
1999-02-04,120.92942423023224,121.0488052368164,120.81008816567591,121.0488052368164,4600000
1999-02-05,121.0488052368164,121.0488052368164,120.81008816567591,121.0488052368164,1720000
1999-02-08,120.81008816567591,121.0488052368164,120.81008816567591,121.0488052368164,560000
1999-02-09,121.0488052368164,121.0488052368164,120.81008816567591,121.0488052368164,1620000
1999-02-10,121.04882010827528,121.04882010827528,120.28480554135511,121.02496337890625,3490000
1999-02-11,120.81008816567591,121.0488052368164,120.71455639519189,121.0488052368164,2240000
1999-02-12,121.04880140554212,121.40695190429688,120.92942040273645,121.40695190429688,2170000
1999-02-15,121.4069464245812,121.47856903076172,121.0487959419916,121.47856903076172,2550000
1999-02-16,121.19206199141298,121.40697480221259,121.04882423590898,121.16820526123047,1490000
1999-02-17,121.28757465691774,121.52633666992188,121.19204288649941,121.52633666992188,1250000
1999-02-18,121.23978416435305,121.28755003986745,121.00101470947266,121.00101470947266,1510000
1999-02-19,120.92940990295689,121.40694136305532,120.57130437732131,120.81007385253906,2340000
1999-02-22,121.04881179816591,121.97997321352204,121.04881179816591,121.76506042480469,5680000
1999-02-23,121.52631056523205,123.65121412501004,121.52631056523205,123.38858795166016,3330000
1999-02-24,123.19761525303494,123.6512451171875,123.19761525303494,123.6512451171875,2330000
1999-02-25,123.43638619771438,123.43638619771438,122.2425985470714,122.72008514404297,3850000
1999-02-26,122.95884574113653,123.6512451171875,122.26645385542379,123.6512451171875,6230000
1999-03-01,123.43639983881533,124.24812789240586,123.19763029775872,124.12879180908203,2540000
1999-03-02,122.38586327672773,124.17651893140405,122.38586327672773,124.08104705810547,2650000
1999-03-03,123.38860652542245,124.27200943801239,123.38860652542245,124.24810028076172,2770000
1999-03-04,124.29587800333749,125.58518991737247,124.15263277563747,125.10765838623047,12430000
1999-03-05,125.13146940470828,125.58514404296875,124.86884326274078,125.58514404296875,4110000
1999-03-08,125.34642040663238,125.8000502685843,124.98826988569132,125.10765838623047,5630000
1999-03-09,125.10764303818598,125.44188435859448,125.10764303818598,125.34640502929688,2400000
1999-03-10,125.34642966642285,125.5851991948017,124.98827911902393,125.39419555664062,2870000
1999-03-11,125.56127284448719,125.82389905016953,125.13149976242015,125.34640502929688,1670000
1999-03-12,125.34640131256921,125.82389531928338,125.10763932853801,125.46578979492188,2160000
1999-03-15,125.53737817372777,125.58514404296875,124.86884326274078,125.58514404296875,1270000
1999-03-16,125.56127211128096,125.94327931028802,125.10764230762868,125.82389831542969,1700000
1999-03-17,126.0626497387445,126.54012873613274,125.10763182127516,126.46852111816406,990000
1999-03-18,126.4685417540096,126.87444316100644,126.30143231702678,126.63568115234375,2690000
1999-03-19,126.9460394528601,127.06542043244137,126.68341328231938,127.01766204833984,1020000
1999-03-22,127.01768485877976,127.06544325145796,125.10764876515644,126.54014587402344,1060000
1999-03-23,124.89279803501864,126.54015560525988,124.89279803501864,125.10765838623047,1700000
1999-03-24,124.98825452399264,126.82667541503906,124.15261751664288,126.82667541503906,2520000
1999-03-25,126.898322532164,126.96994515104608,126.54016449572129,126.87445831298828,1930000
1999-03-26,126.87444877598048,127.01769400297705,126.06267588741218,126.32530212402344,2410000
1999-03-29,126.32528560486894,127.25645436196227,126.06265940260047,126.77891540527344,1640000
1999-03-30,127.20868099141671,127.32806198542033,126.77891540527344,126.77891540527344,2310000
1999-03-31,126.7789315700726,126.7789315700726,125.94329446684907,126.06267547607422,3760000
1999-04-01,126.7789315700726,126.7789315700726,125.5851888908643,126.06267547607422,2750000
1999-04-02,126.06267547607422,126.06267547607422,126.06267547607422,126.06267547607422,0
1999-04-05,126.06267547607422,126.06267547607422,126.06267547607422,126.06267547607422,0
1999-04-06,126.99385014639414,128.92773569615892,126.30144325743024,127.49519348144531,5020000
1999-04-07,127.49520726421164,129.40524378274344,127.49520726421164,128.92774963378906,2760000
1999-04-08,128.9277255510988,129.14259338378906,128.02048084528028,129.14259338378906,2310000
1999-04-09,129.1425928541125,129.2619738589013,128.21148393559784,129.1187286376953,3550000
1999-04-12,129.11875328564224,129.11875328564224,127.61458829178953,128.92774963378906,3560000
1999-04-13,128.92772502230352,129.16650201255683,128.4502010031483,129.1187286376953,2000000
1999-04-14,129.11873047483422,129.16650385037548,128.4502028307752,128.68896484375,4700000
1999-04-15,128.68897366681432,128.8083546814866,127.30418985024043,127.49519348144531,2310000
1999-04-16,127.32805301959523,128.33079936818936,126.06265052587888,127.47129821777344,3820000
1999-04-19,128.92771749784384,129.1664944741617,127.97269947662147,128.8799591064453,1820000
1999-04-20,128.8799912304865,129.1665266696234,126.54017402426717,128.92774963378906,4520000
1999-04-21,128.92774963378906,129.30975693749542,128.04435399879847,128.92774963378906,2130000
1999-04-22,127.97273137452318,129.40524378274344,127.28033939138575,128.92774963378906,2140000
1999-04-23,129.3562469482422,129.3562469482422,128.3980546418025,129.3562469482422,5070000
1999-04-26,129.35621100046345,129.35621100046345,128.398018960303,128.7812957763672,1680000
1999-04-27,129.33231376188238,129.3562422653589,127.82313463055611,129.09275817871094,1350000
1999-04-28,129.09274020102768,129.3562242509824,127.43983997435795,129.11666870117188,1140000
1999-04-29,129.23642371553316,129.23642371553316,127.46376105661656,128.87709045410156,2630000
1999-04-30,127.91891879979305,128.8771109215266,127.91891879979305,128.82923889160156,4870000
1999-05-03,128.82923660786298,129.47601252095166,128.15847207361074,129.16458129882812,2280000
1999-05-04,129.35621349277682,129.4999347863383,126.98469190530334,129.06874084472656,5190000
1999-05-05,129.11666317223708,130.79353691863994,126.9846970286345,129.0208740234375,5160000
1999-05-06,127.53563035169307,129.71555856414952,127.53563035169307,127.91890716552734,3920000
1999-05-07,127.43981753022427,128.9729246815198,127.43981753022427,128.87709045410156,4300000
1999-05-10,128.99689962546623,129.7155813538286,128.39804077148438,128.39804077148438,2560000
1999-05-11,128.39802109518914,129.83529414886408,128.39802109518914,129.5478515625,3270000
1999-05-12,129.42810292812354,129.59581287899735,127.43985772185542,129.09275817871094,1890000
1999-05-13,129.09275817871094,129.09275817871094,129.09275817871094,129.09275817871094,0
1999-05-14,129.35621024786914,129.35621024786914,127.43982617869779,127.91890716552734,2170000
1999-05-17,128.75731270029104,129.3562014693437,127.91889848454186,128.87709045410156,1390000
1999-05-18,128.87709286280557,129.45200805528654,127.43981991206574,129.332275390625,2250000
1999-05-19,128.8771104171407,129.45202568793079,126.4816451526466,127.17633819580078,6180000
1999-05-20,126.12232799631363,127.7992172241211,126.12232799631363,127.7992172241211,3390000
1999-05-21,127.4637399701852,128.15843279080795,126.96067048131172,127.4397964477539,3600000
1999-05-24,127.4397964477539,127.4397964477539,127.4397964477539,127.4397964477539,0
1999-05-25,126.57723366773737,126.57723366773737,122.55311108407683,124.32573699951172,1970000
1999-05-26,124.56527550123391,126.48166759243047,123.60708321325245,126.00259399414062,7970000
1999-05-27,126.36187510757819,126.96071891462539,122.64887666571836,123.94242858886719,4260000
1999-05-28,123.94242684632938,127.91892432322547,123.60706710447441,126.72120666503906,2030000
1999-05-31,125.7630114272704,127.91892119585648,125.52345587711754,127.77519989013672,1150000
1999-06-01,127.75121254395856,128.39798825879916,126.02646728407711,127.4397964477539,1210000
1999-06-02,127.4398485685543,128.39804077148438,126.96072240615739,128.39804077148438,700000
1999-06-03,127.63146547859914,129.11665562736655,126.52955214634763,126.96070098876953,1780000
1999-06-04,126.96069335921332,127.67938995361328,124.85267099505505,127.67938995361328,1730000
1999-06-07,128.37404757954093,129.3562283711407,124.90061975560727,128.75733947753906,970000
1999-06-08,127.70330566106321,129.59576094267675,127.70330566106321,129.3082733154297,2690000
1999-06-09,129.30828677239757,129.7155521856123,128.398011899534,129.332275390625,2760000
1999-06-10,129.33228499462268,129.33228499462268,127.91891037438019,129.06874084472656,1190000
1999-06-11,128.63760205560183,128.87711251283093,114.98331906090911,123.60706329345703,2410000
1999-06-14,123.63099930871509,126.00257368829867,122.64887115989224,123.60706329345703,890000
1999-06-15,124.20592489234525,124.51734863443656,123.84663663099963,124.44548797607422,780000
1999-06-16,124.4454602278296,127.91890246803361,124.08611943997673,125.5234375,1580000
1999-06-17,126.48168512416244,126.48168512416244,124.08617401123047,124.08617401123047,1000000
1999-06-18,125.04432772783576,125.04432772783576,124.0861356036217,124.56525421142578,4740000
1999-06-21,124.56525421142578,125.52345385087219,124.0861356036217,124.56525421142578,3610000
1999-06-22,124.56525913378196,126.55351162771068,124.0861405070449,125.93067169189453,1400000
1999-06-23,124.56525550333035,125.52345515271455,123.36750030517578,123.36750030517578,1740000
1999-06-24,124.44545457791206,124.44545457791206,123.36747735468263,123.84660339355469,840000
1999-06-25,123.1519293069763,123.1519293069763,120.9720458984375,120.9720458984375,18100000
1999-06-28,120.9720135763367,122.16971588134766,120.9720135763367,122.16971588134766,2970000
1999-06-29,122.16975124696638,123.1279509445073,121.54696390463013,122.67281341552734,1920000
1999-06-30,122.67279312921664,124.3256856432097,122.64885711669922,122.64885711669922,4140000
1999-07-01,123.60705845703843,125.04432405545194,123.36749540255586,124.2059097290039,5460000
1999-07-02,125.04431807992641,126.24208068847656,124.2059037935439,126.24208068847656,1950000
1999-07-05,126.24207862023404,127.91890716552734,126.21813509221687,127.91890716552734,1890000
1999-07-06,127.91887462272157,127.9428482055664,126.57715059776288,127.9428482055664,3740000
1999-07-07,127.9428947874297,128.15847674600934,126.5771966823984,127.77519989013672,4800000
1999-07-08,128.39804862260573,128.39804862260573,127.77521613738402,128.1584930419922,820000
1999-07-09,128.15845399216292,128.87709045410156,127.43981753022427,128.87709045410156,1760000
1999-07-12,128.87711315136136,129.3562242509824,127.91892101304914,129.11666870117188,2480000
1999-07-13,129.26037574600807,129.3562099797313,128.63758850097656,128.63758850097656,1210000
1999-07-14,128.3980179471318,129.38015350769882,128.03868466205955,128.63758850097656,1930000
1999-07-15,128.63762435006714,129.8353271484375,128.63762435006714,129.8353271484375,2720000
1999-07-16,129.21254064797756,129.85931669720748,128.3980546418025,129.3562469482422,1010000
1999-07-19,129.83530902614322,129.85929764883744,128.15848025107263,129.2364501953125,2050000
1999-07-20,129.23646915232032,129.59581757055344,128.51783243772434,129.3562469482422,1500000
1999-07-21,129.3562469482422,129.3801904830525,128.3980546418025,129.3562469482422,800000
1999-07-22,129.3562014693437,129.38014499573598,128.87709045410156,128.87709045410156,1290000
1999-07-23,129.3562014693437,129.3562014693437,128.39800949978397,128.87709045410156,450000
1999-07-26,128.85314692770928,128.87709045410156,127.43981753022427,128.87709045410156,990000
1999-07-27,128.87707945071156,129.3082733154297,128.3979985372974,129.3082733154297,2000000
1999-07-28,128.87709045410156,128.87709045410156,126.98468010229898,128.87709045410156,680000
1999-07-29,128.87712972289907,129.3083237558167,128.1584930419922,128.1584930419922,1520000
1999-07-30,128.3740660155895,129.3562469482422,127.05658541278692,129.3562469482422,2580000
1999-08-02,128.94899642992087,129.49996827897436,128.8771357645548,129.3562469482422,1140000
1999-08-03,128.8771357645548,129.3801904830525,128.8771357645548,129.3562469482422,680000
1999-08-04,129.35625517479042,129.42811584472656,128.87714396063345,129.42811584472656,2360000
1999-08-05,129.4281076136083,129.4281076136083,128.8771357645548,129.3562469482422,1380000
1999-08-06,129.3562014693437,129.40413361351509,128.18238248809294,128.87709045410156,3830000
1999-08-09,128.8771357645548,129.83532807099448,128.8771357645548,129.3562469482422,2310000
1999-08-10,129.3562469482422,129.59581757055344,128.3980546418025,129.3562469482422,2900000
1999-08-11,129.35618844997003,130.02695282207563,128.39799657684992,129.6436309814453,2370000
1999-08-12,129.76346648358202,129.8353271484375,128.87713484880632,129.8353271484375,480000
1999-08-13,129.7634674056284,130.17073295441725,128.3980546418025,129.3562469482422,3670000
1999-08-16,129.45203157781424,129.45203157781424,128.03870189710025,129.40415954589844,3510000
1999-08-17,129.35625517479042,129.42811584472656,128.92506109423653,129.42811584472656,900000
1999-08-18,129.35619916973766,129.83528011553847,129.35619916973766,129.69155883789062,2510000
1999-08-19,129.69160581872654,130.00302207372354,129.69160581872654,129.8353271484375,3600000
1999-08-20,129.8353051358664,129.8832222579577,129.4280847504148,129.59579467773438,1870000
1999-08-23,129.73948669433594,129.73948669433594,129.45201405431095,129.73948669433594,310000
1999-08-24,129.47602404354163,131.2726306422149,129.45203542024322,130.146728515625,6110000
1999-08-25,130.1466852032237,131.22465481586912,130.1466852032237,130.60186767578125,3650000
1999-08-26,130.76952420651472,131.99123017832648,130.60187443892053,131.3205108642578,2260000
1999-08-27,131.27261318141515,132.23080524398551,130.7935321805937,131.75172424316406,1440000
1999-08-30,131.75172564898986,134.09927368164062,131.05703263859783,134.09927368164062,930000
1999-08-31,134.09930638035246,134.09930638035246,129.3562469482422,129.3562469482422,3320000
1999-09-01,130.79351429068763,134.50651929813165,130.79351429068763,134.1471710205078,4130000
1999-09-02,134.1471710205078,135.10536295201692,133.21292261444017,134.1471710205078,2880000
1999-09-03,133.6920336106564,134.62625195580068,133.6920336106564,134.1471710205078,2010000
1999-09-06,134.14720425774445,134.5065526244029,132.7099460652991,134.12327575683594,1540000
1999-09-07,134.1950881323141,134.57837993537942,133.9076155223997,134.1471710205078,1660000
1999-09-08,134.1471908005123,134.2669685672276,134.09927368164062,134.09927368164062,1240000
1999-09-09,134.4346173192621,134.62625571090925,134.0992576491106,134.26695251464844,6570000
1999-09-10,134.26695251464844,134.48253443240492,132.08706956727752,134.26695251464844,1090000
1999-09-13,134.57841219752606,134.6262842294236,134.1472031792818,134.6023406982422,700000
1999-09-14,134.60231999345015,134.60231999345015,133.90762702581262,134.02740478515625,1400000
1999-09-15,134.00345348374913,134.26695251464844,134.00345348374913,134.26695251464844,2010000
1999-09-16,134.26698203647547,134.26698203647547,134.09928713406586,134.12327575683594,1600000
1999-09-17,134.1232721967311,136.54266602524845,134.1232721967311,134.62628173828125,4800000
1999-09-20,134.14721800622007,135.10541027334065,134.14721800622007,134.2909393310547,1110000
1999-09-21,133.97952110746408,134.74607490983695,133.52438354492188,133.52438354492188,2840000
1999-09-22,131.77563987627073,134.53043771538094,131.77563987627073,133.6201629638672,2590000
1999-09-23,133.9794876692336,134.21904318792087,133.428546049364,134.02740478515625,520000
1999-09-24,133.35671890087943,134.1472011184229,132.63802218438147,132.73387145996094,1940000
1999-09-27,132.73386125075632,134.09927368164062,132.73386125075632,134.09927368164062,620000
1999-09-28,134.1471710205078,134.55439131855292,134.02739327145375,134.1471710205078,1080000
1999-09-29,134.02739327145375,134.55439131855292,133.95553263420598,134.1471710205078,460000
1999-09-30,134.26696266557576,134.26696266557576,133.2129364013672,133.2129364013672,2110000
1999-10-01,134.21904920353862,134.3627704968221,131.27261238659062,132.23080444335938,5580000
1999-10-04,132.23079914633095,134.12325468595077,131.7517181676017,132.75779724121094,740000
1999-10-05,132.7578269370107,133.54836934755147,132.23082872424965,132.92552185058594,2440000
1999-10-06,132.92553402171967,132.92553402171967,132.37456216460876,132.63804626464844,1880000
1999-10-07,132.80573538902792,133.66807828121216,131.27262791682338,133.64414978027344,710000
1999-10-08,133.644166786593,133.644166786593,132.9973907470703,132.9973907470703,1860000
1999-10-11,132.99737054263045,133.6202029530839,132.25474532578397,132.73387145996094,340000
1999-10-12,133.1410749716755,133.90762859169791,132.470355584619,133.38063049316406,2330000
1999-10-13,132.25470397301376,133.42852280399083,130.79350274027112,133.16502380371094,720000
1999-10-14,133.1650832492073,133.90766347396345,131.27264223395832,131.296630859375,1890000
1999-10-15,131.2966018015228,132.25473374223824,131.03304262007697,131.75172424316406,1550000
1999-10-18,131.22468103259104,131.75172424316406,130.7935321805937,131.75172424316406,270000
1999-10-19,131.75172424316406,134.14718936912627,131.75172424316406,131.75172424316406,1740000
1999-10-20,131.20072306991023,132.08705428635577,130.3143918534647,130.7935028076172,4250000
1999-10-21,130.79355133974147,131.75174354267153,128.18241370727677,128.39804077148438,1690000
1999-10-22,128.3980179471318,128.82922690749646,126.48163388193285,128.63758850097656,2640000
1999-10-25,128.63758294387594,129.35620439158646,126.48162841796875,126.48162841796875,1890000
1999-10-26,126.4816341441121,128.39801821328345,126.4816341441121,127.91890716552734,600000
1999-10-27,127.91887732281675,129.5957505682954,127.20024097976271,127.4397964477539,2740000
1999-10-28,127.4398042008268,127.4398042008268,126.62533359665838,127.20024871826172,450000
1999-10-29,126.79302073291332,127.4397964477539,126.79302073291332,127.4397964477539,3480000
1999-11-01,127.4397964477539,128.03865505681236,126.72116010469986,127.4397964477539,2790000
1999-11-02,127.43982707034118,127.6793976263587,126.96070098876953,126.96070098876953,1730000
1999-11-03,127.43981941199246,127.79916770919243,127.24818101525081,127.67938995361328,4490000
1999-11-04,127.6793669462049,127.7991446802005,127.20024097976271,127.4397964477539,1870000
1999-11-05,127.4397964477539,127.55957418174951,127.32001871375832,127.4397964477539,1530000
1999-11-08,127.39187934197176,127.6793669462049,127.20024097976271,127.4397964477539,530000
1999-11-09,127.4398526745749,129.33230863965076,126.98471512113538,128.03871154785156,4300000
1999-11-10,128.15843279080795,128.15843279080795,127.4397964477539,127.4397964477539,1900000
1999-11-11,127.4397964477539,127.4397964477539,127.4397964477539,127.4397964477539,0
1999-11-12,127.4397964477539,127.4397964477539,127.4397964477539,127.4397964477539,0
1999-11-15,127.43983069329047,129.1166592979859,126.84098695377097,127.55960845947266,2640000
1999-11-16,127.4397964477539,127.53560059839866,126.84095286915525,127.4397964477539,2050000
1999-11-17,127.4397964477539,127.60750631799145,126.4336875309265,127.4397964477539,4700000
1999-11-18,127.39187934197176,127.65537833239425,126.96067048131172,127.4397964477539,4390000
1999-11-19,127.4397964477539,127.4397964477539,127.20024097976271,127.4397964477539,2250000
1999-11-22,127.43984797126647,127.53565216064453,126.96072181111515,127.53565216064453,4510000
1999-11-23,127.53561211651252,127.58352922662222,126.9846705634791,127.32003021240234,1710000
1999-11-24,127.32008574735018,127.43986354440838,126.98472595214844,126.98472595214844,1600000
1999-11-25,128.39801139570076,128.39801139570076,127.20026390083414,127.67938995361328,890000
1999-11-26,127.43982758664986,128.39801963182163,127.32004982338752,127.51168823242188,1450000
1999-11-29,127.89493380038546,128.39798825879916,126.86488136112676,127.4397964477539,4260000
1999-11-30,127.4398042008268,127.67937471385257,126.72116781405298,127.20024871826172,4200000
1999-12-01,127.51168105089944,127.65540233434902,126.48162841796875,126.48162841796875,3980000
1999-12-02,126.29000511856995,127.91891666790501,126.29000511856995,127.82311248779297,1470000
1999-12-03,127.82309204569665,134.1471739628278,127.82309204569665,129.69155883789062,5040000
1999-12-06,129.83529214310218,131.6798155802008,126.00256155410165,126.96070098876953,1960000
1999-12-07,127.91891913094267,127.91891913094267,124.0861356036217,124.56525421142578,1520000
1999-12-08,123.6070620872117,125.52345385087219,122.21766847663662,124.56525421142578,2580000
1999-12-09,124.0861356036217,126.00257245867627,124.0861356036217,124.56525421142578,2770000
1999-12-10,124.56525845986985,126.60142806611921,124.56525845986985,124.9964599609375,1690000
1999-12-13,124.99642244924296,127.20024871826172,124.56522107757975,127.20024871826172,1710000
1999-12-14,127.20030078047178,128.35013149429628,126.09838719495673,128.1584930419922,3090000
1999-12-15,127.43982617869779,128.27824045134443,127.43982617869779,127.91890716552734,3800000
1999-12-16,127.91889848454186,129.3562014693437,126.52954267437369,128.87709045410156,5350000
1999-12-17,128.87709045410156,128.94895109420298,128.39800949978397,128.87709045410156,1000000
1999-12-20,129.11664596172264,129.11664596172264,128.39800949978397,128.87709045410156,1510000
1999-12-21,128.39801399004756,129.1645675925028,128.39801399004756,128.51779174804688,1740000
1999-12-22,128.5178185544671,128.92503896786297,127.91892963955341,128.39804077148438,2560000
1999-12-23,128.8771172562594,128.9011058790273,128.06269148891582,128.75733947753906,770000
1999-12-24,128.75733947753906,128.75733947753906,128.75733947753906,128.75733947753906,0
1999-12-27,128.8770987058834,128.94895935058594,128.1584621979317,128.94895935058594,790000
1999-12-28,128.94892976207547,128.94892976207547,127.4397964477539,127.4397964477539,580000
1999-12-29,127.43983809930033,127.43983809930033,124.56525421142578,124.56525421142578,2430000
1999-12-30,124.56525421142578,125.04432772783576,124.37361578658296,124.56525421142578,990000
1999-12-31,124.56525421142578,124.56525421142578,124.56525421142578,124.56525421142578,0
2000-01-03,124.56525421142578,124.56525421142578,124.56525421142578,124.56525421142578,0
2000-01-04,124.56523233001455,124.56523233001455,122.74469015950542,123.84660339355469,2800000
2000-01-05,123.63099810223619,126.19421839875143,123.63099810223619,124.56525421142578,4420000
2000-01-06,125.09225236451117,125.09225236451117,124.32569866513991,124.56525421142578,3180000
2000-01-07,125.52347683056468,129.8353271484375,125.0443506198142,129.8353271484375,8190000
2000-01-10,129.23646309381937,129.3323123809051,126.9607301693914,128.1584930419922,2260000
2000-01-11,128.5178065754012,128.5178065754012,126.72120011998437,128.20639038085938,1210000
2000-01-12,128.20639218617654,128.63760118907325,127.43983848448836,128.18240356445312,1750000
2000-01-13,128.1584852055189,129.42809363201775,127.91892963955341,128.39804077148438,2840000
2000-01-14,128.39803196056565,129.59579467773438,128.39803196056565,129.59579467773438,2330000
2000-01-17,129.59580357084587,130.79355133974147,127.4398485685543,128.39804077148438,4570000
2000-01-18,129.8353033793708,130.67376282183602,124.44547643828284,124.56525421142578,4000000
2000-01-19,124.56521929765559,126.48161052418024,124.44544155808457,124.61314392089844,2150000
2000-01-20,125.52345385087219,126.45770244482942,124.44547643828284,124.56525421142578,5920000
2000-01-21,124.56525421142578,125.71509227571501,123.4154236623689,124.56525421142578,3960000
2000-01-24,124.56525421142578,126.96071197626391,123.84662514872991,124.56525421142578,2520000
2000-01-25,123.6070620872117,125.04432772783576,123.6070620872117,124.56525421142578,1570000
2000-01-26,124.68503949980105,126.96071197626391,124.32569866513991,124.56525421142578,1090000
2000-01-27,124.56525421142578,124.56525421142578,123.84662514872991,124.56525421142578,1470000
2000-01-28,124.56522570459835,128.87708176155843,122.16971588134766,122.16971588134766,520000
2000-01-31,119.84614407788419,124.51733433779744,119.77428342777263,120.25335693359375,4240000
2000-02-01,119.7742812911298,120.732473377072,114.9833133461867,115.9415054321289,2490000
2000-02-02,117.25903388495917,119.05564022025087,111.5817272032918,113.30648040771484,3220000
2000-02-03,113.30648363846048,116.6601333618164,112.10872851190658,116.6601333618164,1900000
2000-02-04,118.3370243176944,119.77429000548192,105.88049623322473,109.2341537475586,6230000
2000-02-07,108.99458342444248,108.99458342444248,100.61039510519134,102.52678680419922,8660000
2000-02-08,102.14350215949958,103.82033067689297,102.04765289670922,103.00589752197266,6170000
2000-02-09,103.00589663327985,103.48497009277344,102.0716406350847,103.48497009277344,5580000
2000-02-10,103.00589663327985,103.48497009277344,102.09557664726546,103.48497009277344,2660000
2000-02-11,103.48497009277344,107.79681910900213,102.62257473774076,103.48497009277344,2250000
2000-02-14,103.48497009277344,103.48497009277344,103.00589663327985,103.48497009277344,4150000
2000-02-15,103.48497009277344,103.48497009277344,103.00589663327985,103.48497009277344,2640000
2000-02-16,103.96404355226704,104.44316210314935,101.1134486247088,103.48497009277344,2500000
2000-02-17,101.80815539882205,105.40137592510615,101.80815539882205,104.44317626953125,2790000
2000-02-18,101.83209141424942,105.40137592510615,101.83209141424942,104.44317626953125,3120000
2000-02-21,103.96405670869892,105.16181190370511,102.04766493020031,104.92224884033203,1970000
2000-02-22,105.11388290660024,105.40137059509499,102.0476606973269,102.52678680419922,940000
2000-02-23,104.92224884033203,105.4013749670782,103.00590966846025,104.92224884033203,1890000
2000-02-24,105.4013697908898,105.4013697908898,102.09558455340321,105.37743377685547,2380000
2000-02-25,103.72453457788285,104.44316356526205,100.39481353759766,100.39481353759766,2960000
2000-02-28,100.61038970947266,103.48497334620497,100.61038970947266,100.61038970947266,2670000
2000-02-29,101.08948508295595,101.08948508295595,95.81944274902344,95.81944274902344,2230000
2000-03-01,100.61039199812893,100.61039199812893,95.81942417141263,98.69400787353516,1510000
2000-03-02,98.21489937149066,98.69402554937679,96.77763356633037,97.01719665527344,1330000
2000-03-03,97.25670333485728,100.8020445226221,97.25670333485728,97.75975799560547,1680000
2000-03-06,99.65219766897245,101.99978319866133,98.4544425878838,100.61038970947266,8070000
2000-03-07,100.61038970947266,100.84995275006109,99.22099622028396,100.61038970947266,2670000
2000-03-08,98.47841641568849,100.61037459749578,98.47841641568849,100.13125610351562,3970000
2000-03-09,100.1312809690418,100.61039958200112,98.9335708618164,98.9335708618164,5140000
2000-03-10,98.93356112371266,100.25104887568848,96.8255386352539,96.8255386352539,3330000
2000-03-13,99.60425700151593,99.60425700151593,92.46570490330679,93.42389678955078,12150000
2000-03-14,95.26850850969832,96.777634997096,95.26850850969832,95.81944274902344,4630000
2000-03-15,95.22059138206137,97.25670857543234,95.22059138206137,95.81944274902344,7720000
2000-03-16,93.92698536714198,97.25670713758404,93.92698536714198,97.01719665527344,3670000
2000-03-17,98.3346680985718,99.17312749569442,97.73580932617188,97.73580932617188,8460000
2000-03-20,97.01716206145555,98.09513169784091,96.08290617844514,97.68787384033203,2340000
2000-03-21,97.97537906806525,100.61039993193904,96.77762386527934,98.21488952636719,14260000
2000-03-22,98.69400562847224,101.56858926520455,98.69400562847224,100.61038970947266,7660000
2000-03-23,101.56859265740941,105.40136846264961,100.6103930696754,103.96405029296875,33750000
2000-03-24,103.00589460968845,105.64091507122474,103.00589460968845,105.40135955810547,20310000
2000-03-27,105.59299795641584,105.59299795641584,105.04201877319527,105.40135955810547,5510000
2000-03-28,105.40135955810547,105.40135955810547,103.24540503141989,105.40135955810547,2010000
2000-03-29,103.58076471323173,105.40135955810547,103.58076471323173,105.40135955810547,3290000
2000-03-30,104.20361213778584,105.40136724504069,103.0059021219221,105.16180419921875,1360000
2000-03-31,104.68273906352786,104.68273906352786,98.21488952636719,98.21488952636719,3950000
2000-04-03,98.69401531295296,100.61039958200112,95.8194313941483,98.9335708618164,23700000
2000-04-04,99.4366203422646,101.08946023005493,95.98712158203125,95.98712158203125,2190000
2000-04-05,97.73582724516858,97.73582724516858,94.86125050095086,95.81944274902344,2310000
2000-04-06,96.68177903058928,99.65220462439336,91.26801616959399,94.86123657226562,9250000
2000-04-07,95.79548713576649,96.29854172072054,92.94483947753906,92.94483947753906,2620000
2000-04-10,93.44791263511665,95.81944219295012,92.99278259277344,92.99278259277344,6130000
2000-04-11,93.90305073764497,96.777634997096,92.56158159034337,95.81944274902344,4510000
2000-04-12,95.8194387824967,96.29855743239942,93.18441772460938,93.18441772460938,2390000
2000-04-13,95.02890751330315,96.29851539280585,93.78322812524902,95.34027099609375,4430000
2000-04-14,95.81943777205784,98.21489572211662,93.47184434051663,93.66349029541016,5490000
2000-04-17,93.39998833717974,99.62827501151017,93.39998833717974,96.29855346679688,2470000
2000-04-18,98.21487534915218,98.35864172524043,95.81941789598929,97.25668334960938,1060000
2000-04-19,96.29853639990439,99.41263033614935,95.81941785464561,97.49624633789062,2920000
2000-04-20,97.25669302088771,98.21488511571386,95.34030131600333,96.05899047851562,2030000
2000-04-21,96.05899047851562,96.05899047851562,96.05899047851562,96.05899047851562,0
2000-04-24,96.05899047851562,96.05899047851562,96.05899047851562,96.05899047851562,0
2000-04-25,97.97537237473489,98.21488281667432,96.2985437632729,97.73580932617188,1410000
2000-04-26,97.73581986828013,101.76024203689688,97.4483396698568,101.32904052734375,2770000
2000-04-27,101.32902622461611,101.56858926520455,98.93356115382898,100.61038970947266,1380000
2000-04-28,100.61039958200112,105.40137528508637,98.67007929767092,98.9335708618164,4100000
2000-05-01,98.9335708618164,98.9335708618164,98.9335708618164,98.9335708618164,0
2000-05-02,98.23886816685048,101.4488039872945,98.23886816685048,100.61038970947266,13040000
2000-05-03,100.61040019292906,105.40137592510615,99.43663360909078,104.44317626953125,22210000
2000-05-04,104.44316210314935,106.35955363913263,100.61038654641426,103.48497009277344,13090000
2000-05-05,103.00591441107052,104.44318012899771,100.13128527719037,101.32904052734375,3260000
2000-05-08,101.32902622461611,101.4488039872945,98.21487954729537,100.61038970947266,1290000
2000-05-09,100.61038970947266,103.96404682076,100.13127114352748,100.61038970947266,1980000
2000-05-10,100.6104031966009,100.8499662693035,95.86735196030453,96.29855346679688,2840000
2000-05-11,98.2148773069065,104.92223646786914,96.29853836101002,103.00589752197266,4790000
2000-05-12,102.53793734890066,103.50078582763672,101.09376657386213,103.50078582763672,3820000
2000-05-15,103.50078582763672,103.9821609833065,101.57514172953192,103.50078582763672,1730000
2000-05-16,103.50078179079142,103.50078179079142,101.09376263089791,102.53793334960938,1930000
2000-05-17,102.53794724061231,103.01937530209221,100.37169464474786,102.05657958984375,1090000
2000-05-18,102.05657698747935,102.5379446259734,99.16818237304688,99.16818237304688,3680000
2000-05-19,101.04561792710875,102.53793601504115,99.16817404510056,101.09376525878906,2510000
2000-05-22,99.24038691469174,101.09378005616024,98.80712127685547,98.80712127685547,670000
2000-05-23,99.62552788295937,99.64963176316473,96.27981567382812,96.27981567382812,4710000
2000-05-24,98.15724650189661,98.68676910677362,96.32794952392578,96.32794952392578,1150000
2000-05-25,96.32793442145147,98.68675363447922,96.32793442145147,96.7612075805664,1400000
2000-05-26,97.2425780837834,99.64959737564587,96.90561471434873,97.72395324707031,1710000
2000-05-29,97.72394099815749,99.62548101650275,96.3519762691578,96.4001235961914,1130000
2000-05-30,96.64083676273069,99.64958404539063,96.59268188476562,96.59268188476562,980000
2000-05-31,96.66489066847876,97.24256798927372,94.83560180664062,94.83560180664062,2360000
2000-06-01,96.66489066847876,97.24256798927372,94.83560180664062,94.83560180664062,2630000
2000-06-02,95.31701970697871,96.76123631127558,95.31701970697871,96.27981567382812,3780000
2000-06-05,98.66273191610996,98.66273191610996,96.27981567382812,96.27981567382812,2910000
2000-06-06,97.24257370748447,97.24257370748447,92.90996334139916,94.35417938232422,3180000
2000-06-07,95.79838748503975,96.27981567382812,93.4154712427579,96.27981567382812,1150000
2000-06-08,96.50248878880551,101.42658862955624,94.02806599934895,98.7294692993164,3350000
2000-06-09,98.72946355819701,99.71923261642456,96.99736770629882,98.9769058227539,1000000
2000-06-12,98.9769058227539,98.9769058227539,98.9769058227539,98.9769058227539,0
2000-06-13,98.97692696480819,98.97692696480819,95.14157104492188,95.14157104492188,2800000
2000-06-14,95.19105802927362,96.99738384046053,94.028076171875,94.028076171875,2390000
2000-06-15,94.5971904544846,96.50249922902961,94.028076171875,94.028076171875,2770000
2000-06-16,94.52296877921896,94.52296877921896,91.55366085945292,93.03831481933594,9250000
2000-06-19,94.47345824315228,95.1415554109167,89.8215464607614,90.56387329101562,12670000
2000-06-20,91.05875784451844,93.53318061203254,90.56387329101562,90.56387329101562,2140000
2000-06-21,91.5536497039094,92.04853429690351,89.67308674026388,90.51438903808594,2830000
2000-06-22,90.81132768780998,90.81132768780998,86.85225073139318,88.08946228027344,6800000
2000-06-23,88.33688163757324,89.57409286499023,87.09967041015625,89.07920837402344,4860000
2000-06-26,89.57408891950335,89.99474373883169,86.60478210449219,86.60478210449219,2390000
2000-06-27,88.08943542123538,88.83176212422332,84.13035967196637,84.625244140625,7820000
2000-06-28,84.13036913635432,85.6150227093488,84.13036913635432,84.87269592285156,5300000
2000-06-29,84.87267927137214,86.5552833034476,84.87267927137214,85.66449737548828,3410000
2000-06-30,85.73875933313036,90.48965464571857,85.39234161376953,85.39234161376953,6130000
2000-07-03,86.60478591918945,89.07920837402344,86.60478591918945,89.07920837402344,4810000
2000-07-04,89.07920837402344,89.82153511047363,88.83176612854004,89.07920837402344,3070000
2000-07-05,89.54932867377165,93.53314951524378,88.11416696629458,92.54338073730469,3780000
2000-07-06,92.79082507130968,94.77036267283096,91.55361407035888,93.78059387207031,3880000
2000-07-07,93.78060911051432,94.02805135091145,91.80107118733724,92.79084014892578,5700000
2000-07-10,92.7908536550161,93.53318048425623,91.55364227294922,91.55364227294922,1610000
2000-07-11,93.33519878019055,93.53314951524378,90.6875642786689,92.54338073730469,1430000
2000-07-12,92.32073358232725,93.03831481933594,91.60315234531856,93.03831481933594,1230000
2000-07-13,93.87956707725516,94.02803390421332,92.04849634833515,92.54338073730469,1650000
2000-07-14,94.02806737412855,94.02806737412855,90.56387541823962,91.85057830810547,2360000
2000-07-17,93.43421747367577,96.25505828857422,89.5741159394958,96.25505828857422,2100000
2000-07-18,95.98285064353684,95.98285064353684,89.02972166350398,89.20293426513672,10020000
2000-07-19,89.32664658617341,89.82153105479487,89.05445861816406,89.05445861816406,4630000
2000-07-20,89.07918897725769,89.57407336046467,87.59453582763672,87.59453582763672,4870000
2000-07-21,89.07918897725769,91.55361089329261,87.59453582763672,87.59453582763672,3230000
2000-07-24,89.0792213560454,89.0792213560454,87.12442884211112,88.78228759765625,5620000
2000-07-25,87.71826029932777,90.46487024209874,87.71826029932777,90.44012451171875,1320000
2000-07-26,90.16796226494894,91.30619822462944,90.0194953917143,90.3164291381836,610000
2000-07-27,90.06897735595703,90.88553374551702,88.58432388305664,89.07920837402344,930000
2000-07-28,89.97002534483941,89.97002534483941,88.08946228027344,88.08946228027344,2480000
2000-07-31,88.23791577570539,90.06898707969516,88.23791577570539,88.3368911743164,1520000
2000-08-01,88.3368911743164,88.3368911743164,88.3368911743164,88.3368911743164,0
2000-08-02,87.59456596999873,91.05875784451844,87.59456596999873,90.56387329101562,9500000
2000-08-03,90.81131544370909,93.43420508395867,90.81131544370909,91.55364227294922,2540000
2000-08-04,91.08349781190311,92.54340564197676,90.26693381955315,90.81130981445312,5160000
2000-08-07,91.35566122431239,93.01351939655845,91.33091549459661,92.54338073730469,5640000
2000-08-08,91.55364239802127,92.4196903666512,89.20294076888288,90.56387329101562,2770000
2000-08-09,90.5638695182381,92.5434076497843,90.06898498535156,90.06898498535156,3080000
2000-08-10,91.05875396728516,93.03829209700875,90.31642716863881,91.05875396728516,2990000
2000-08-11,91.05875784451844,92.9640663960399,90.56387329101562,90.56387329101562,1890000
2000-08-14,91.92482467364239,92.9640854697622,90.06900721724315,92.04854583740234,2600000
2000-08-15,91.57838423660533,91.8010807659315,91.05875396728516,91.05875396728516,630000
2000-08-16,91.30620113419897,91.30620113419897,89.20294175847894,90.19271087646484,1840000
2000-08-17,89.57411613892972,89.82155844870577,88.08946228027344,88.08946228027344,3830000
2000-08-18,87.8667428814224,89.57409286499023,85.68924659036566,86.10990142822266,8250000
2000-08-21,86.60478591918945,88.83176612854004,85.86245918273926,86.10990142822266,6620000
2000-08-22,86.15939289785456,89.20292949676514,86.15939289785456,89.07920837402344,2670000
2000-08-23,89.72255069441846,89.72255069441846,88.08943052828945,89.40087127685547,2170000
2000-08-24,89.40088006886461,92.29595735495747,89.40088006886461,90.53911590576172,15060000
2000-08-25,90.56386184692383,91.05874633789062,89.07920837402344,89.07920837402344,5140000
2000-08-28,90.51436897842007,90.78655695451283,88.4111099243164,88.4111099243164,1140000
2000-08-29,89.54934713017428,89.54934713017428,87.09967041015625,87.09967041015625,1570000
2000-08-30,86.67899669816923,89.57407336046467,86.67899669816923,87.59453582763672,1220000
2000-08-31,88.03994986696975,89.07921034148907,86.35734558105469,86.35734558105469,3960000
2000-09-01,87.47086114946867,88.03997547163061,86.65430450439453,86.65430450439453,4440000
2000-09-04,88.78227098189504,88.8317624494772,87.1244125366211,87.1244125366211,2970000
2000-09-05,88.53485065046698,88.55959639038024,86.65429523849333,87.96573638916016,2290000
2000-09-06,88.58432388305664,88.83176612854004,86.60478591918945,87.09967041015625,7700000
2000-09-07,86.85222816467285,88.08943939208984,85.61501693725586,86.10990142822266,5700000
2000-09-08,87.00069862750557,87.59455853100744,86.60478950805819,87.0749282836914,2920000
2000-09-11,88.31213187041563,88.58431983828685,86.75324881558421,88.06468963623047,11430000
2000-09-12,87.86674577174747,87.86674577174747,86.35734651438034,86.9759521484375,1710000
2000-09-13,86.1593891027756,87.84199327741351,86.1593891027756,86.60478210449219,9470000
2000-09-14,87.84200719273055,87.84200719273055,82.89316171708376,83.38804626464844,6920000
2000-09-15,85.83772006025643,85.83772006025643,83.38804315153254,83.98190307617188,22900000
2000-09-18,84.40256693505079,86.10991723196848,83.14060974121094,83.14060974121094,1560000
2000-09-19,83.63547897338867,86.10990142822266,83.63547897338867,85.12013244628906,4750000
2000-09-20,86.08516907947599,86.35735710210002,83.66023771720201,85.86247253417969,4790000
2000-09-21,86.10989754660088,86.58003628155903,84.13035967196637,84.625244140625,5430000
2000-09-22,85.09538671147311,87.34711265563965,85.09538671147311,86.10990142822266,8190000
2000-09-25,87.09967383355757,87.09967383355757,85.56552883072662,86.5552978515625,3980000
2000-09-26,85.4170584153247,86.40682730750072,84.13035583496094,84.13035583496094,1760000
2000-09-27,85.49128806170296,86.10989361931296,84.13035583496094,84.13035583496094,880000
2000-09-28,84.13035967196637,85.78822566250786,84.13035967196637,84.625244140625,3850000
2000-09-29,85.1201322386755,86.60478570795472,84.60050201416016,84.60050201416016,8520000
2000-10-02,84.82319873117376,85.61501693725586,84.13036346435547,85.12013244628906,2300000
2000-10-03,86.30784489092612,86.30784489092612,84.89742874198278,85.16961669921875,2770000
2000-10-04,86.0604118593811,86.48106670652898,84.9964132008375,86.35734558105469,810000
2000-10-05,85.71400853296578,87.84201375677817,85.71400853296578,85.73875427246094,3200000
2000-10-06,86.60478210449219,87.49557565926308,86.50580672092603,86.60478210449219,1900000
2000-10-09,86.50581960227048,86.6047950005748,85.78823852539062,85.78823852539062,590000
2000-10-10,86.5058105312637,89.57409286499023,86.5058105312637,89.07920837402344,1750000
2000-10-11,88.33690671407467,90.26695375619904,87.34713745117188,87.34713745117188,14050000
2000-10-12,87.59456175222387,88.95549420882622,87.34711948738709,87.99047088623047,1440000
2000-10-13,88.58430459405069,88.58430459405069,87.09965144442974,87.59453582763672,3760000
2000-10-16,87.59454695757698,89.07920029584099,84.13035583496094,84.13035583496094,7460000
2000-10-17,85.73872786384143,88.3368711324427,85.6150067558128,88.21315002441406,4870000
2000-10-18,89.07923366125176,90.06900292415456,87.34713745117188,87.34713745117188,4620000
2000-10-19,88.08946163308369,89.07923086491608,87.34713470920939,88.51011657714844,4590000
2000-10-20,87.96573506847324,89.07922538579568,87.37187507616916,88.80703735351562,1160000
2000-10-23,88.83177561244807,89.32666015625,88.83177561244807,89.32666015625,1120000
2000-10-24,89.5741040616422,91.55364227294922,89.5741040616422,91.55364227294922,4310000
2000-10-25,91.50412049993405,92.54338073730469,89.57407440348743,92.54338073730469,2800000
2000-10-26,92.51865290814615,92.51865290814615,90.83604868063317,91.9000473022461,3420000
2000-10-27,91.77631088753425,92.29594102016715,90.44012451171875,90.44012451171875,4200000
2000-10-30,91.42991689759857,98.95216024169349,90.34117244210329,96.99736785888672,13250000
2000-10-31,98.0365944215057,98.9768716819498,94.0775195542277,96.13128662109375,9920000
2000-11-01,96.00760186107092,96.79942015468748,94.89411163330078,94.89411163330078,1560000
2000-11-02,96.00760619808929,97.98714447021484,96.00760619808929,97.98714447021484,7760000
2000-11-03,98.01188250124979,100.41206793664838,96.99736770629882,98.9769058227539,19730000
2000-11-06,98.65523963616835,100.21412297299034,98.01188820064182,98.7294692993164,12410000
2000-11-07,98.11085976388983,101.20388812971234,98.11085976388983,99.22434997558594,11380000
2000-11-08,99.47180146271306,101.45133980027948,98.97691687832145,99.94194030761719,4640000
2000-11-09,99.74396135818616,99.96665784807529,97.78916931152344,97.78916931152344,1420000
2000-11-10,98.03663937363403,99.96668623586997,97.49226330923953,98.9521713256836,8140000
2000-11-13,98.92740864452838,99.0758755049687,97.24480436310661,98.23457336425781,3410000
2000-11-14,98.23457862306942,99.37281454559438,97.73969409600107,98.92741394042969,2190000
2000-11-15,98.48201162471774,100.21410730655951,98.48201162471774,100.18936157226562,12790000
2000-11-16,99.59553751131384,101.45135498046875,99.4718163467035,101.45135498046875,2550000
2000-11-17,101.42660923727856,101.45135498046875,99.96670100514481,101.45135498046875,3710000
2000-11-20,100.85749490060729,102.19368196813072,100.85749490060729,101.45135498046875,3290000
2000-11-21,101.45131011925537,101.59977696140467,101.08014678955078,101.08014678955078,2960000
2000-11-22,101.45131281054093,101.87196761590012,101.05540373808596,101.42656707763672,4530000
2000-11-23,101.42660923727856,101.45135498046875,99.22437401748284,101.45135498046875,6460000
2000-11-24,100.95642719003706,101.62452421403549,100.70898496653206,101.2780990600586,2080000
2000-11-27,101.3770637807288,101.62450595978711,99.47175598144531,99.47175598144531,8450000
2000-11-28,99.96667896785978,101.59979949096883,99.71923669318686,100.51105499267578,2950000
2000-11-29,100.80800341422692,101.64930582330902,99.84297984053448,101.45135498046875,7830000
2000-11-30,101.45132846832276,101.45132846832276,98.9769058227539,98.9769058227539,4470000
2000-12-01,99.96666263126377,101.32759491956068,99.32331131198315,100.3625717163086,3140000
2000-12-04,101.30284918586956,101.30284918586956,98.97689369432057,100.3625717163086,3860000
2000-12-05,100.95642719003706,101.45131163704704,100.33782163127458,101.2780990600586,11560000
2000-12-06,101.20387384736726,101.4513160817129,100.58526826150316,101.35234069824219,7040000
2000-12-07,100.9564556231299,101.22864365591113,99.37282645695655,99.9914321899414,3210000
2000-12-08,100.21412106614616,101.94621698580795,98.48202514648438,98.48202514648438,3690000
2000-12-11,100.93171289079395,100.93171289079395,99.10064137687004,100.38734436035156,2130000
2000-12-12,99.84295269534562,100.46155835021145,98.97690477853345,100.33783721923828,4160000
2000-12-13,99.96667127653386,99.96667127653386,97.14583107256271,98.01187896728516,4190000
2000-12-14,98.82844456369453,99.79346793997767,96.50248865509593,98.2098388671875,4300000
2000-12-15,98.20985382067747,98.48204187885187,94.05282592773438,94.05282592773438,6790000
2000-12-18,94.05281213599355,95.93337497421591,93.5331818377383,94.25076293945312,2960000
2000-12-19,94.02807022689224,95.95811706890848,94.02807022689224,95.2652816772461,2090000
2000-12-20,95.73542625325737,97.046875,92.88983974697528,97.046875,1640000
2000-12-21,96.40353197200557,96.40353197200557,93.03831481933594,93.03831481933594,2630000
2000-12-22,95.438473783282,95.48795769985435,93.85483742621078,94.10227966308594,1560000
2000-12-25,94.10227966308594,94.10227966308594,94.10227966308594,94.10227966308594,0
2000-12-26,94.10227966308594,94.10227966308594,94.10227966308594,94.10227966308594,0
2000-12-27,93.53317338493979,97.98713402231787,93.53317338493979,97.12108612060547,1390000
2000-12-28,96.99736770629882,99.91718340753461,96.99736770629882,98.9769058227539,6600000
2000-12-29,98.97687162332866,99.89241070637887,98.82840480562646,99.47175598144531,4000000
2001-01-01,99.47175598144531,99.47175598144531,99.47175598144531,99.47175598144531,0
2001-01-02,99.47175598144531,99.47175598144531,99.47175598144531,99.47175598144531,0
2001-01-03,97.4922522354126,99.47179035186767,97.4922522354126,98.9769058227539,5070000
2001-01-04,99.7192322042745,99.96667446780869,96.74992504186434,98.92741394042969,2680000
2001-01-05,98.38304563800162,98.38304563800162,96.00759839426749,96.9478759765625,1450000
2001-01-08,96.99738425354022,97.49226886707869,91.55365350461705,94.07756805419922,2440000
2001-01-09,93.53319156044408,94.028076171875,93.03830694901316,94.028076171875,2210000
2001-01-10,94.0280645243953,94.0280645243953,93.28573769920271,94.0033187866211,1010000
2001-01-11,94.00331483285649,94.0280605695899,91.00926192024129,91.47940826416016,1910000
2001-01-12,91.80105756321548,93.58264445020613,91.05873095219218,91.52886962890625,3120000
2001-01-15,91.55364227294922,91.55364227294922,90.81131544370909,91.55364227294922,1450000
2001-01-16,91.55363858401121,91.55363858401121,90.06898498535156,90.06898498535156,1630000
2001-01-17,90.06897639568746,90.06897639568746,89.37614113625582,89.45037078857422,3240000
2001-01-18,89.47512702965835,90.46489611726224,89.32666015625,89.32666015625,1750000
2001-01-19,89.82153511047363,89.82153511047363,88.08943939208984,89.07920837402344,2120000
2001-01-22,88.33690763170088,90.24221650311682,88.13895679760013,90.04425811767578,5010000
2001-01-23,88.60906961787259,89.92051049839938,88.60906961787259,89.07920837402344,2410000
2001-01-24,90.06898119172997,90.06898119172997,88.95549103963441,89.5740966796875,1390000
2001-01-25,90.44015894369049,90.44015894369049,89.82155320536155,89.94527435302734,570000
2001-01-26,90.44013441280462,90.44013441280462,88.4358508539907,89.74729919433594,2740000
2001-01-29,89.74730525282227,90.53911590576172,88.0894391913267,90.53911590576172,13180000
2001-01-30,90.06898548288517,90.06898548288517,88.58433187602442,89.12870788574219,4940000
2001-01-31,89.12870910463404,90.01949523986157,89.12870910463404,89.79679870605469,3090000
2001-02-01,89.96999485418385,89.96999485418385,89.57408578244697,89.6483154296875,2360000
2001-02-02,89.5741035735864,89.82154584865155,89.35140703629554,89.47512817382812,4380000
2001-02-05,90.4648955038819,91.55363998259638,90.06898636125698,91.25670623779297,3140000
2001-02-06,91.2566980529012,92.66712188720703,90.53911704388204,92.66712188720703,1350000
2001-02-07,93.43418749674684,93.755859375,92.49390249256341,93.755859375,1410000
2001-02-08,93.97858469019594,94.77040308902139,93.83012534783859,94.028076171875,11500000
2001-02-09,94.47346930162686,94.72091160734233,93.97858469019594,94.028076171875,7610000
2001-02-12,93.53319156044408,94.74565734818185,93.40947040758635,94.028076171875,1740000
2001-02-13,94.49821656481002,94.74565887451172,93.65691422209225,94.74565887451172,5710000
2001-02-14,94.54767753101368,94.54767753101368,93.03827841874,93.755859375,1330000
2001-02-15,94.0280473380883,94.27548956792538,93.06302415199123,93.755859375,2710000
2001-02-16,94.0033194275924,94.0033194275924,90.14321840000262,90.56387329101562,7080000
2001-02-19,91.15772649289389,91.1824722290039,89.45037642004047,91.1824722290039,1180000
2001-02-20,91.18244922847953,92.54338130651654,91.18244922847953,91.652587890625,1330000
2001-02-21,92.54341137860273,93.01355019352035,90.56387316729571,91.55364227294922,7480000
2001-02-22,90.11848009028724,92.02378108786684,89.12871098463373,91.55364227294922,5380000
2001-02-23,91.55362762646863,91.55362762646863,87.69352722167969,87.69352722167969,2670000
2001-02-26,88.95548725128174,90.48963219381403,88.73279074061429,89.07920837402344,1560000
2001-02-27,89.99474770284723,89.99474770284723,88.28739016794134,89.07920837402344,3440000
2001-02-28,89.05445456326912,89.12869176098475,84.13035583496094,84.13035583496094,22480000
2001-03-01,84.15510156753281,84.5757488159052,82.89314471974093,84.13035583496094,9370000
2001-03-02,84.08087738336857,84.13036885617232,82.15083076543885,82.84366607666016,11450000
2001-03-05,84.13036148117952,84.13036148117952,80.66617012607213,80.91361236572266,2060000
2001-03-06,80.93838466022385,82.39829284296934,80.17131195532153,81.40852355957031,3700000
2001-03-07,81.65595599583217,84.13037890479679,81.40851370493571,83.14060974121094,6780000
2001-03-08,83.95715087198187,84.00664234161377,80.66617202758789,81.16105651855469,2860000
2001-03-09,81.65594100952148,82.89315223693848,81.16105651855469,81.16105651855469,2810000
2001-03-12,81.65595361741923,82.02711704295295,79.9733491088687,80.2950210571289,3510000
2001-03-13,80.41874147811026,80.41874147811026,77.44943410045695,78.6866455078125,5030000
2001-03-14,78.68664463726353,80.17129830966472,76.70710640739526,78.06803894042969,4920000
2001-03-15,78.68661131858825,79.1814956665039,76.21218957901,79.1814956665039,4590000
2001-03-16,79.6763870932839,79.6763870932839,75.22242756633015,76.21219635009766,3360000
2001-03-19,77.32571718856342,77.69688063106852,72.94598554646736,74.18319702148438,9140000
2001-03-20,75.22245035807292,75.22245035807292,73.98523900349934,74.23268127441406,2170000
2001-03-21,72.99547783315998,74.10896817298784,70.9911937112019,72.2531509399414,4210000
2001-03-22,71.13964653348008,72.50057890194665,70.27359866263771,70.89220428466797,5070000
2001-03-23,71.51081302784107,74.23267788357205,66.80941009521484,66.80941009521484,7560000
2001-03-26,68.04662500108992,69.2838363647461,67.3042981828962,69.2838363647461,9050000
2001-03-27,66.80940628051758,69.77871322631836,63.8895908043487,64.3349838256836,75500000
2001-03-28,65.32475280761719,65.81963729858398,64.2112627029419,64.3349838256836,53650000
2001-03-29,64.0875415802002,65.37424427724909,63.7163782119751,64.3349838256836,29820000
2001-03-30,65.57220176792956,69.23434435556518,65.54745603057955,67.205322265625,80060000
2001-04-02,69.23433726571966,69.75396749150241,63.34521484375,64.3349838256836,41070000
2001-04-03,65.32475280761719,67.42801189422607,64.3349838256836,64.3349838256836,24020000
2001-04-04,63.963820457458496,65.25052315450739,63.8400993347168,64.3349838256836,12070000
2001-04-05,64.33499133948123,65.81964498577696,64.33499133948123,65.32476043701172,14490000
2001-04-06,66.59780267990816,67.39658000857331,64.40117645263672,64.40117645263672,5720000
2001-04-09,65.27483758059415,66.5478856496841,64.90041212602095,65.89888000488281,3600000
2001-04-10,65.7740769856443,66.37315623920195,64.70072697375794,65.54942321777344,5450000
2001-04-11,64.90042039261874,67.27178190696442,64.90042039261874,66.02369689941406,44320000
2001-04-12,66.77251284359066,66.77251284359066,65.27481162093068,65.39962005615234,13490000
2001-04-13,65.39962005615234,65.39962005615234,65.39962005615234,65.39962005615234,0
2001-04-16,65.39962005615234,65.39962005615234,65.39962005615234,65.39962005615234,0
2001-04-17,66.29826084201247,66.29826084201247,65.15002139352816,65.87390899658203,3960000
2001-04-18,66.39811123118682,68.61970064733589,66.39811123118682,67.89581298828125,4300000
2001-04-19,68.64466307132503,68.64466307132503,67.77100372314453,67.77100372314453,3940000
2001-04-20,67.77100318411122,69.01908795729928,67.77100318411122,68.89427947998047,3710000
2001-04-23,67.99566277631783,69.49336463314292,67.24681184790528,67.3965835571289,5240000
2001-04-24,68.24527975245535,68.51985994974773,67.3965835571289,67.3965835571289,5950000
2001-04-25,68.24525170720047,68.39502335487572,67.6461727342019,67.82090759277344,3810000
2001-04-26,68.02063059450975,68.89429007003557,66.89735412597656,66.89735412597656,5560000
2001-04-27,66.64771953532664,66.77252799887594,65.07513594168708,66.52291107177734,5760000
2001-04-30,66.39810993360436,68.89427947998047,66.39810993360436,68.89427947998047,6400000
2001-05-01,68.89427947998047,68.89427947998047,68.89427947998047,68.89427947998047,0
2001-05-02,69.99260500214852,71.3904617202114,69.64314272705937,70.89122772216797,12360000
2001-05-03,71.14084472118968,71.76488721874398,70.39199372412453,70.89122772216797,4190000
2001-05-04,71.26565096647843,72.01450193985649,69.89275751528533,71.76488494873047,79896
2001-05-07,73.38738305945145,76.13316950045133,73.26257458486054,75.88355255126953,190885
2001-05-08,76.6324041958513,79.6278076171875,75.88355334051724,79.6278076171875,298450
2001-05-09,79.12857661669767,79.37819357763362,77.13164092921004,78.87895965576172,304737
2001-05-10,79.2533837556839,80.8758939743042,77.88049049377442,79.87742614746094,135038
2001-05-11,79.62783424294385,80.37668534867686,79.3782172076995,80.25187683105469,92446
2001-05-14,79.12857055664062,80.12703832391685,78.62933667300251,79.12857055664062,42294
2001-05-15,78.37972285829741,80.37665847252156,78.37972285829741,79.6278076171875,67791
2001-05-16,78.87893512059772,79.87740265376983,78.50450979565817,78.62931823730469,102204
2001-05-17,78.87895965576172,80.1270444604415,78.87895965576172,78.87895965576172,81446
2001-05-18,79.12857184851893,79.12857184851893,78.1301040649414,78.1301040649414,45476
2001-05-21,79.00376892089844,79.2533858843136,78.13010954894537,79.00376892089844,124626
2001-05-22,79.37816888718378,79.37816888718378,77.8804675874256,78.62931823730469,39560
2001-05-23,78.62931823730469,78.87893512059772,78.13008447071863,78.62931823730469,27275
2001-05-24,78.62931823730469,78.62931823730469,78.62931823730469,78.62931823730469,0
2001-05-25,79.00374356224424,79.00374356224424,77.38123382083953,78.62931823730469,56534
2001-05-28,77.38125789014599,79.12857661669767,77.38125789014599,78.87895965576172,24189
2001-05-29,78.13010696903352,79.37819174489667,77.131639148343,77.38125610351562,55911
2001-05-30,78.62934087937879,78.62934087937879,76.63240523799773,77.38125610351562,130146
2001-05-31,76.63240928349532,79.25338745117188,76.63240928349532,79.25338745117188,140448
2001-06-01,79.1285789669968,79.75262138787217,78.37972806194635,79.25338745117188,93570
2001-06-04,79.25338745117188,79.25338745117188,79.25338745117188,79.25338745117188,0
2001-06-05,79.37818749845968,79.37818749845968,78.37971973118346,79.12857055664062,34173
2001-06-06,78.50453421435779,79.37819357763362,78.37972573388981,78.87895965576172,61806
2001-06-07,78.87895729052812,79.3781911974302,78.130106430175,78.50453186035156,71025
2001-06-08,79.50299596936921,79.50299596936921,78.37971973118346,79.12857055664062,34773
2001-06-11,79.12855200389075,79.12855200389075,78.37970135401166,78.62931823730469,18743
2001-06-12,78.62932865436261,78.62932865436261,77.38124407254732,77.88047790527344,48148
2001-06-13,78.25490934365816,78.25490934365816,77.38125006868908,77.63086700439453,22744
2001-06-14,77.63085447038922,77.63085447038922,76.88200378417969,76.88200378417969,77838
2001-06-15,76.88202140943685,77.755680743635,76.6324044568088,77.2564468383789,31077
2001-06-18,77.63087147339263,77.63087147339263,76.38278672301654,77.13163757324219,81273
2001-06-19,77.13163836206489,78.00529769626303,76.50759598049478,77.2564468383789,56261
2001-06-20,77.25644334525116,77.25644334525116,75.50912475585938,75.50912475585938,37124
2001-06-21,75.63393371377215,76.13316759967164,73.63699817017421,74.38584899902344,106642
2001-06-22,75.00990583336872,75.13471432893172,71.76488494873047,71.76488494873047,133823
2001-06-25,71.14083125673491,72.51372449151401,71.14083125673491,72.388916015625,81275
2001-06-26,72.388916015625,73.01295839507004,71.64006516029094,72.388916015625,46686
2001-06-27,73.13777511515082,73.13777511515082,70.01756286621094,70.01756286621094,162340
2001-06-28,70.89120095374248,72.88813619187607,70.14235023944238,72.63851928710938,59693
2001-06-29,72.6385452478819,73.88663021777677,72.01450276293446,73.13777923583984,57785
2001-07-02,73.63698690617616,73.88660381094287,71.39043476327588,72.63851928710938,59386
2001-07-03,72.6385452478819,73.13777923583984,72.38892825390292,73.13777923583984,25484
2001-07-04,73.88660381094287,73.88660381094287,72.63851928710938,72.63851928710938,42163
2001-07-05,73.38738565187197,74.13623652587066,72.38891781987371,73.8866195678711,21313
2001-07-06,74.26106950650713,74.51068654686514,73.3874098652541,74.13626098632812,46121
2001-07-09,72.88815173587284,74.88508739986935,72.88815173587284,73.8866195678711,95844
2001-07-10,74.38586730957032,74.63548431396484,73.26259078979491,73.63701629638672,63916
2001-07-11,74.13623573574317,74.26104421341277,73.01295943671677,73.76181030273438,32622
2001-07-12,73.38739181518554,75.63394462585448,73.38739181518554,74.88509368896484,58951
2001-07-13,75.63393560208772,75.88355255126953,74.13623390699688,75.88355255126953,15275
2001-07-16,76.38280257802879,76.88203658180676,74.51067506386141,76.00837707519531,39884
2001-07-17,74.51068489100054,75.38434451283806,74.51068489100054,75.13472747802734,27526
2001-07-18,74.51064274098614,76.008344102614,74.38583429418381,75.63391876220703,74433
2001-07-19,75.63392760340166,77.00682067871094,75.2595022192264,77.00682067871094,52829
2001-07-20,76.8820029654154,77.00681141178782,75.75872694806355,76.75719451904297,23489
2001-07-23,76.38276999337333,77.00681223188127,76.13315309797014,76.88200378417969,12516
2001-07-24,76.38279870645889,76.88203268493248,75.38433074951172,75.38433074951172,35269
2001-07-25,75.38431628518853,76.25797557988443,73.88661463713844,75.50912475585938,63912
2001-07-26,75.88353565581167,76.38276944302096,74.51064274098614,75.63391876220703,36817
2001-07-27,75.38433074951172,75.38433074951172,74.13624580332775,75.38433074951172,35700
2001-07-30,74.01144180297851,75.25952682495117,73.13778228759766,73.63701629638672,157954
2001-07-31,73.1377686938724,74.26104500487044,73.01296021487262,73.8866195678711,30602
2001-08-01,74.38585269108238,74.38585269108238,73.38738486972557,73.76181030273438,14959
2001-08-02,73.51219413087175,75.00989587886913,73.51219413087175,73.8866195678711,35585
2001-08-03,73.8866217197516,74.26104716765575,73.0129623413086,73.0129623413086,61209
2001-08-06,73.38738798253677,74.38585584624475,73.38738798253677,74.26104736328125,9750
2001-08-07,73.13777923583984,74.26105570874523,73.13777923583984,73.13777923583984,16141
2001-08-08,73.13776238323891,73.26257085146969,72.88814544677734,72.88814544677734,36455
2001-08-09,73.01295391500813,73.38737931970047,72.88814544677734,72.88814544677734,25489
2001-08-10,72.88815603289225,73.38738997832301,72.1393051147461,72.1393051147461,57388
2001-08-13,72.2641114455003,73.8866217197516,72.2641114455003,73.0129623413086,53935
2001-08-14,73.38738171449106,74.26104102061595,72.88814782527683,73.2625732421875,23060
2001-08-15,73.88663021777677,74.38586420573472,72.6385452478819,73.13777923583984,47250
2001-08-16,72.76334754653456,73.88662392375379,72.0144966283884,72.1393051147461,33097
2001-08-17,71.88967575393357,72.26410114848531,70.64159110542778,71.39044189453125,93520
2001-08-20,71.51527021972227,71.51527021972227,70.64161072314624,70.89122772216797,20940
2001-08-21,70.3919677734375,71.39043540142951,70.01754241294049,70.3919677734375,58688
2001-08-22,71.01601449421474,71.39043987819127,69.89273834228516,69.89273834228516,28931
2001-08-23,69.89273510390906,70.39196892607984,69.39350128173828,69.39350128173828,24600
2001-08-24,70.39198281188304,70.39198281188304,68.89428104992808,69.1438980102539,23311
2001-08-27,70.26717060068638,70.76640449482981,69.64312823300712,69.76793670654297,24368
2001-08-28,69.89273792613636,69.89273792613636,68.6446533203125,68.6446533203125,85184
2001-08-29,69.7679401846493,69.7679401846493,67.64619602876552,67.89581298828125,45196
2001-08-30,67.39656668170234,67.89580050897422,66.89733285443047,67.1469497680664,35699
2001-08-31,67.14696658099139,68.14543448554144,66.64773262871635,67.3965835571289,18504
2001-09-03,63.90193333724203,67.14695338952384,63.90193333724203,66.52291107177734,108370
2001-09-04,66.3981201399618,67.77101360150237,66.3981201399618,66.89735412597656,69841
2001-09-05,66.89734960485387,67.64620053326642,66.64773262871635,67.3965835571289,8547
2001-09-06,66.89733525697493,68.89427063778015,66.89733525697493,67.52137756347656,44913
2001-09-07,67.3965881119913,68.27024758751712,66.64773713296918,66.89735412597656,20159
2001-09-10,67.89581170455904,67.89581170455904,64.65079129220878,65.27483367919922,111514
2001-09-11,65.02523122840668,65.89889076506475,62.65386962890625,62.65386962890625,38648
2001-09-12,62.40424886345863,64.90041881799698,61.405780881643295,63.90195083618164,54246
2001-09-13,63.40271684527397,64.65080182254314,63.15309984982014,63.90195083618164,35002
2001-09-14,63.90194763428715,64.90041556607288,61.28096931334959,62.15462875366211,128188
2001-09-17,61.405763122933045,61.405763122933045,58.41036004376558,61.03133773803711,41132
2001-09-18,61.90500377078481,61.90500377078481,59.53364273924265,60.282493591308594,32455
2001-09-19,60.15768987061041,62.154625633950175,60.15768987061041,61.655391693115234,31018
2001-09-20,61.90500920613607,62.02981769243876,59.159222507476805,59.90807342529297,55438
2001-09-21,59.40883191426595,59.40883191426595,55.6645778020223,56.912662506103516,149273
2001-09-24,57.16227975935383,58.90959835461792,55.91419504845091,58.16074752807617,101660
2001-09-25,57.91113117987236,61.90500229572563,56.91266340090905,60.656917572021484,202921
2001-09-26,60.65692434310913,63.153094069163004,59.90807342529297,59.90807342529297,150369
2001-09-27,59.408825502557264,61.90499464132018,58.90959167480469,58.90959167480469,193944
2001-09-28,58.41036506935402,63.402703964170605,58.41036506935402,60.656917572021484,370730
2001-10-01,62.1546302947998,63.27790674591064,61.40577932739257,62.40424728393555,53681
2001-10-02,63.52750797494377,64.15155029296875,62.529040266103785,64.15155029296875,59719
2001-10-03,63.40270681229848,63.40270681229848,62.029813554551865,62.903472900390625,49990
2001-10-04,62.9034664413304,64.65078495358958,62.9034664413304,64.27635955810547,44921
2001-10-05,64.52599332481623,64.52599332481623,63.02829135209322,63.90195083618164,26376
2001-10-08,62.9034760242372,64.27636935016301,62.653859055887054,63.4027099609375,50952
2001-10-09,63.27790147676242,64.65079480268824,63.27790147676242,63.4027099609375,54684
2001-10-10,63.527518622203225,65.27483740552512,63.02828468411125,64.65079498291016,84627
2001-10-11,65.52444336338294,66.89733646242524,65.52444336338294,66.52291107177734,94746
2001-10-12,67.14696485346015,67.64619879289107,65.64926303516735,65.89888000488281,57167
2001-10-15,66.64772450373722,66.64772450373722,64.65078893808219,64.90040588378906,103814
2001-10-16,64.40117154263034,64.65078848659402,62.52904446290271,63.02827835083008,161451
2001-10-17,64.65079159206815,64.65079159206815,62.15462203252883,62.903472900390625,47697
2001-10-18,63.652333840727806,63.90195083618164,62.02982337027788,63.90195083618164,58654
2001-10-19,63.90194451402806,63.90194451402806,62.154625718722606,62.27943420410156,33931
2001-10-22,62.02980718520081,64.40116802326683,62.02980718520081,64.27635955810547,63666
2001-10-23,65.0252273157239,65.64926980435848,63.77714233845472,63.90195083618164,54644
2001-10-24,64.65079480268824,64.65079480268824,63.15309299258735,63.4027099609375,40279
2001-10-25,63.90193416262136,64.65078495358958,63.15308337165314,64.27635955810547,41929
2001-10-26,64.40116962012286,64.5259780883789,62.65385106453813,64.5259780883789,59263
2001-10-29,64.40117174313392,64.40117174313392,60.656917572021484,60.656917572021484,84679
2001-10-30,59.90806803044914,60.90653583095662,59.408834130195395,59.658451080322266,95431
2001-10-31,60.78173008272724,61.905006408691406,58.909602872786984,61.905006408691406,96985
2001-11-01,61.90501941618372,61.90501941618372,59.53365778532184,60.906551361083984,27987
2001-11-02,61.405763122933045,61.405763122933045,59.4088277368214,61.03133773803711,39101
2001-11-05,60.65692434310913,61.15615828831991,59.034414021174115,59.90807342529297,36312
2001-11-06,60.15768470112075,60.40730165008806,58.41036605834961,58.41036605834961,57409
2001-11-07,58.035939056985875,59.408832238979095,57.41189670153442,58.16074752807617,114363
2001-11-08,58.16076420955971,60.906551361083984,58.16076420955971,60.906551361083984,180307
2001-11-09,60.781732296654084,61.655391693115234,60.15768987061041,61.655391693115234,211576
2001-11-12,61.7802024469143,62.029819426497795,60.90654301837208,61.40577697753906,229003
2001-11-13,61.40578538863385,62.404253443733595,60.906551361083984,60.906551361083984,97985
2001-11-14,61.156162338256834,63.15309825134277,61.156162338256834,62.40424728393555,162086
2001-11-15,63.40270681229848,64.4011746361142,61.65538812062097,62.903472900390625,287287
2001-11-16,62.90347619958826,65.3996458900481,62.2794337769733,64.65079498291016,157180
2001-11-19,65.6492647241663,68.76947692588523,65.6492647241663,67.3965835571289,160851
2001-11-20,67.39656950298108,68.27022873727898,65.89886795847039,66.39810180664062,114306
2001-11-21,66.89733565481086,67.39656950298108,65.64925103438527,66.39810180664062,80896
2001-11-22,67.1469497680664,68.89426816351795,66.52290748397657,67.1469497680664,67538
2001-11-23,67.89579969011871,68.64465042199502,67.02214050292969,67.02214050292969,72250
2001-11-26,67.64619718486365,67.64619718486365,65.64926147460938,65.64926147460938,116446
2001-11-27,66.39811930338541,66.64773629324777,65.15003435407367,65.52445983886719,109322
2001-11-28,65.39962005615234,65.64923692659568,64.52596100960069,65.39962005615234,171615
2001-11-29,65.02521850015515,67.14696267386464,64.77560153854228,66.77253723144531,205659
2001-11-30,67.02214845312143,68.27023315429688,66.3981061025337,68.27023315429688,475422
2001-12-03,67.14696188365922,67.39657884233453,66.14849404895797,66.6477279663086,112456
2001-12-04,66.64771480350704,68.14541625976562,66.64771480350704,68.14541625976562,117151
2001-12-05,67.3965835571289,68.27024297361021,67.27177506906014,67.3965835571289,71397
2001-12-06,68.14543909101343,68.14543909101343,66.27331164345811,66.89735412597656,107207
2001-12-07,66.77253644564625,67.39657884233453,66.14849404895797,66.6477279663086,62721
2001-12-10,66.89734960485387,68.02062599747269,65.77407321223507,67.3965835571289,176829
2001-12-11,66.64773262871635,67.77100902133517,66.14849867644133,67.3965835571289,84147
2001-12-12,66.5229286364655,67.27177961548762,66.27331164345811,66.89735412597656,97402
2001-12-13,66.77253939888695,66.89734788374467,65.64926303516735,65.89888000488281,80447
2001-12-14,66.2732990851769,66.2732990851769,64.77559741093562,64.90040588378906,70283
2001-12-17,64.90040925558141,67.14696188365922,64.90040925558141,66.6477279663086,119907
2001-12-18,66.64771833437428,67.64618602477688,66.52290987307394,67.52137756347656,32040
2001-12-19,66.6477243002359,68.14542596990412,66.6477243002359,67.27176666259766,65051
2001-12-20,66.89733171288347,69.39350080664778,66.89733171288347,68.14541625976562,78758
2001-12-21,67.77100450852338,69.01908930610207,67.77100450852338,67.89581298828125,25278
2001-12-24,67.89581298828125,67.89581298828125,67.89581298828125,67.89581298828125,0
2001-12-25,67.89581298828125,67.89581298828125,67.89581298828125,67.89581298828125,0
2001-12-26,67.89581298828125,67.89581298828125,67.89581298828125,67.89581298828125,0
2001-12-27,68.89426698789492,68.89426698789492,67.39656553163633,68.14541625976562,21648
2001-12-28,68.39504690731273,68.39504690731273,67.89581298828125,67.89581298828125,32538
2001-12-31,67.89581298828125,67.89581298828125,67.89581298828125,67.89581298828125,0
2002-01-01,67.89581298828125,67.89581298828125,67.89581298828125,67.89581298828125,0
2002-01-02,67.3965835571289,68.14543448554144,66.39811565257885,67.3965835571289,2187
2002-01-03,67.27176185307314,67.39657031662244,65.89886875403084,66.52291107177734,20669
2002-01-04,67.27175822488438,67.27175822488438,65.39963137261486,67.1469497680664,35927
2002-01-07,66.89733565481086,66.89733565481086,65.89886795847039,66.39810180664062,162426
2002-01-08,66.39808753792566,66.52289597314733,65.39962005615234,65.39962005615234,168411
2002-01-09,65.39963411030017,66.7725271927683,65.39963411030017,66.39810180664062,81221
2002-01-10,66.39811100763328,66.6477279663086,65.52445165226969,66.6477279663086,24143
2002-01-11,66.64772875063888,67.02215419305819,66.39811178902599,66.77253723144531,61062
2002-01-14,66.77252557142725,66.77252557142725,66.14848327636719,66.14848327636719,55710
2002-01-15,66.27330388406384,66.27330388406384,65.27483602893669,65.64926147460938,42330
2002-01-16,66.14848447485446,66.14848447485446,65.02520832339466,65.15001678466797,111666
2002-01-17,65.64926303516735,66.02368848974055,64.90041212602095,65.89888000488281,65226
2002-01-18,65.89887709028265,66.6477279663086,65.52445165226969,66.6477279663086,182694
2002-01-21,66.02367481735517,66.64771711241525,65.77405789933115,66.14848327636719,158455
2002-01-22,65.89888000488281,66.39811394431375,65.77407152002509,65.89888000488281,50283
2002-01-23,65.89886875403084,66.52291107177734,65.89886875403084,66.52291107177734,97429
2002-01-24,66.3980872235175,67.7709800044549,66.3980872235175,67.64617156982422,98113
2002-01-25,67.7709800044549,67.89578843908556,67.27174626593221,67.64617156982422,39860
2002-01-28,67.89581320862477,69.64313193090555,67.52138776813604,69.1438980102539,288799
2002-01-29,69.89273510390906,69.89273510390906,68.76945900402481,69.39350128173828,222556
2002-01-30,69.39352332998853,69.39352332998853,67.77101289241686,68.0206298828125,94178
2002-01-31,68.39503639914773,68.89427024147727,67.89580255681818,68.6446533203125,120821
2002-02-01,68.39503639914773,69.64312100497159,68.27022793856534,68.6446533203125,117442
2002-02-04,68.39505249676219,70.01756286621094,68.2702440068046,70.01756286621094,66152
2002-02-05,68.89428049632966,71.14083312120997,68.89428049632966,70.26717376708984,161517
2002-02-06,70.39199300200728,72.63854597015646,69.89275900908524,72.0145034790039,219677
2002-02-07,71.39046098785136,72.38892897369543,70.6416099984683,72.0145034790039,221446
2002-02-08,71.76488648254289,72.38892897369543,71.39046098785136,72.0145034790039,141122
2002-02-11,71.515260549692,73.76181323711688,71.515260549692,73.0129623413086,106088
2002-02-12,72.63853088066972,73.51219018679461,72.63853088066972,73.2625732421875,176227
2002-02-13,73.3874098652541,74.13626098632812,72.76336726435909,74.13626098632812,123827
2002-02-14,73.76181343142726,74.38585584624475,73.26257949957326,74.26104736328125,91308
2002-02-15,73.63700360603396,75.50913081635686,73.63700360603396,75.25951385498047,179149
2002-02-18,76.25794899111888,76.632374272581,75.00986471957847,76.13314056396484,108278
2002-02-19,76.13317858378092,76.38279556274414,74.88509368896484,74.88509368896484,144465
2002-02-20,74.136229671073,76.38278208534794,72.63852806155637,74.01142120361328,151505
2002-02-21,75.00989826106225,75.88355764180673,74.26104736328125,74.26104736328125,74022
2002-02-22,74.6354811997137,74.6354811997137,72.76335374487138,73.13777923583984,122081
2002-02-25,73.76181323711688,73.8866217197516,72.13930296286559,73.0129623413086,84310
2002-02-26,73.88662013058801,74.13623709048865,72.76334381103516,72.76334381103516,61840
2002-02-27,72.88814734132498,74.88508288492292,72.88814734132498,74.38584899902344,43901
2002-02-28,74.7602783685516,75.63393771509561,73.76181054392988,75.00989532470703,71846
2002-03-01,74.51066297085131,75.75874777773325,74.51066297085131,75.25951385498047,79269
2002-03-04,75.8835501678719,76.00835863854275,74.38584851982179,75.50912475585938,58156
2002-03-05,75.88355467125105,75.88355467125105,75.00989532470703,75.00989532470703,47963
2002-03-06,74.88509368896484,75.38432764689128,74.38585973103841,74.88509368896484,58149
2002-03-07,74.76028519948323,75.38432764689128,73.88662577311197,74.88509368896484,69718
2002-03-08,75.38431628518853,75.8835501678719,74.01142310780928,75.50912475585938,42761
2002-03-11,76.75722808086226,77.13165358369574,75.13471756858388,76.00837707519531,182997
2002-03-12,76.00836285006615,77.38125610351562,76.00836285006615,77.38125610351562,49226
2002-03-13,77.50605572257072,79.75260806235538,77.25643879592798,78.37971496582031,123348
2002-03-14,77.88048108910114,81.00069267119653,77.88048108910114,80.7510757446289,154612
2002-03-15,80.75108686278138,80.87589534324935,78.87895965576172,78.87895965576172,68794
2002-03-18,78.62933189246306,79.00375728242716,77.38124725924935,78.37971496582031,71088
2002-03-19,78.13009482163649,78.87894557072566,77.63086098891038,77.88047790527344,46826
2002-03-20,78.37971781151087,78.37971781151087,77.38125006868908,77.63086700439453,61827
2002-03-21,77.38125610351562,78.37972392420615,77.38125610351562,77.38125610351562,94872
2002-03-22,77.75568232636137,77.75568232636137,76.63240601667076,77.50606536865234,62970
2002-03-25,77.00682186928525,78.37971496582031,77.00682186928525,78.37971496582031,53752
2002-03-26,78.3796995153981,80.62625141233626,78.13008263796053,79.50297546386719,160753
2002-03-27,79.75260803835837,80.7510757446289,79.37818264850692,80.7510757446289,46562
2002-03-28,80.0022416195627,81.0007095336914,79.62781615176443,81.0007095336914,39900
2002-03-29,80.7510757446289,80.7510757446289,80.7510757446289,80.7510757446289,0
2002-04-01,80.7510757446289,80.7510757446289,80.7510757446289,80.7510757446289,0
2002-04-02,80.87589577516896,81.37512969970703,80.25185336949636,81.37512969970703,93061
2002-04-03,81.37513297599357,83.12245178222656,80.87589903135557,83.12245178222656,144458
2002-04-04,82.62321783758857,83.87130269918356,82.49840935142906,83.12245178222656,66789
2002-04-05,82.9976248381001,83.12243329650326,81.87434871247167,82.62319946289062,51170
2002-04-08,82.62322068434496,82.74802917480469,81.00071030836838,81.12551879882812,90685
2002-04-09,81.87435150146484,81.87435150146484,81.00069226288214,81.87435150146484,19745
2002-04-10,81.3750939886254,83.1224119577063,81.3750939886254,82.87279510498047,48448
2002-04-11,82.87281920270222,82.99762766535689,81.37511765084616,81.87435150146484,111885
2002-04-12,81.1255180229575,81.49994349075575,79.75262464103052,81.0007095336914,290035
2002-04-15,81.25031518498692,81.74954907245228,80.12703893818987,81.62474060058594,249478
2002-04-16,80.12703893818987,81.74954907245228,80.12703893818987,81.62474060058594,307678
2002-04-17,81.62471084135124,83.49683723679507,81.3750939886254,82.87279510498047,150712
2002-04-18,82.49840334361184,83.6216796372465,82.37359486654132,83.37206268310547,109536
2002-04-19,83.27142333984375,83.90036158259181,83.01984804274453,83.27142333984375,103083
2002-04-22,83.39722415999324,83.6487994968258,82.76828581791185,82.89407348632812,85872
2002-04-23,82.26514041643202,83.01986647529836,81.76198971052112,82.01356506347656,79578
2002-04-24,82.0135537710394,82.26512908935547,80.75567717945904,82.26512908935547,207527
2002-04-25,82.01354254745856,82.89405604106624,81.00724141190692,82.51669311523438,231104
2002-04-26,82.51671048107929,84.27773783890719,82.26513514424673,82.89407348632812,221322
2002-04-29,83.27143649157696,84.7808885125723,82.76828581791185,82.89407348632812,156283
2002-04-30,82.89406187385548,83.90036308021487,82.64248657226562,82.64248657226562,26259
2002-05-01,82.64248657226562,82.64248657226562,82.64248657226562,82.64248657226562,0
2002-05-02,82.76829528808594,82.89408297089459,82.13935687404273,82.76829528808594,73949
2002-05-03,82.5166989214707,84.65508898498442,82.39091127067577,82.64248657226562,141539
2002-05-06,82.3909167485135,83.52300568093582,82.0135537710394,82.26512908935547,18346
2002-05-07,82.26512410640717,82.26512410640717,80.50409698486328,80.50409698486328,98833
2002-05-08,80.75568829869931,82.01356506347656,80.50411294574387,82.01356506347656,87505
2002-05-09,82.13933018940251,82.89405604106624,82.01354254745856,82.51669311523438,52675
2002-05-10,82.01355954235747,82.64249788240622,82.01355954235747,82.39092254638672,75605
2002-05-13,82.01355954235747,82.64249788240622,81.76198420633797,82.39092254638672,46060
2002-05-14,82.3909167485135,83.14564270346172,82.26512908935547,82.26512908935547,44702
2002-05-15,82.51671623461174,83.01986694335938,82.26514088023792,83.01986694335938,45048
2002-05-16,83.01984623007104,84.40351033390556,81.63618212623653,83.39720916748047,262649
2002-05-17,83.14562706300647,84.40350341796875,83.14562706300647,84.40350341796875,100615
2002-05-20,84.52930846624629,85.03245911187871,84.15194548202197,84.7808837890625,19996
2002-05-21,84.78091082656593,87.7998156631202,84.52933542351974,86.03878784179688,229597
2002-05-22,85.53560606826692,86.91927028407711,85.03245544433594,85.03245544433594,85663
2002-05-23,85.40981872782987,86.0387570100672,84.90666810204,85.53560638427734,82666
2002-05-24,86.03877609387963,86.03877609387963,85.15826230344518,85.28404998779297,38960
2002-05-27,85.03245575848747,85.6613940407248,84.5293051326976,85.53560638427734,31101
2002-05-28,85.53561034440295,86.03876099348768,84.52930904623351,85.78718566894531,65303
2002-05-29,86.1645388146739,86.1645388146739,85.0324499835322,85.4098129272461,46406
2002-05-30,85.03245881493412,85.40982179784064,84.2777328491211,84.2777328491211,146311
2002-05-31,83.90033493271793,84.78084819288138,83.5229721069336,83.5229721069336,360580
2002-06-03,83.52300357254299,85.28403075630142,83.52300357254299,85.03245544433594,125671
2002-06-04,84.15194786172606,85.7871875062738,84.15194786172606,85.6613998413086,111725
2002-06-05,86.03876852687402,89.4350357055664,85.2840424871646,89.4350357055664,346820
2002-06-06,89.18345802589698,89.30924569589119,84.78088957609953,84.90667724609375,267639
2002-06-07,84.7808944239761,84.7808944239761,82.26514088023792,83.01986694335938,99990
2002-06-10,83.52300476348739,84.15194305236908,82.26512818572402,83.9003677368164,80979
2002-06-11,82.51670821717832,85.91297517123901,82.51670821717832,85.6613998413086,109677
2002-06-12,85.03246929894196,85.03246929894196,81.76198971052112,82.01356506347656,118385
2002-06-13,81.761969806992,82.39090803627656,80.75566864013672,80.75566864013672,100055
2002-06-14,80.37831851028082,80.37831851028082,77.98835285817545,79.87516784667969,104397
2002-06-17,79.74938403521931,83.77458953857422,79.74938403521931,83.77458953857422,114921
2002-06-18,83.01987290920171,83.64881134033203,81.51042067448896,83.64881134033203,187696
2002-06-19,83.01987065370322,84.52932284740692,82.13935687404273,82.76829528808594,127229
2002-06-20,82.76829112234292,82.89407879882064,81.76198971052112,82.01356506347656,146478
2002-06-21,81.007219935038,85.03242341007095,80.50406950065889,83.5229721069336,92440
2002-06-24,83.52301718120925,84.02616788712017,80.50411294574387,82.01356506347656,85782
2002-06-25,82.01356506347656,82.51671576938746,80.37832526926614,82.01356506347656,101290
2002-06-26,80.00094027635528,83.52299425078601,80.00094027635528,82.51669311523438,178559
2002-06-27,83.01985413238205,84.90666899902709,82.1393405279477,83.9003677368164,99221
2002-06-28,84.78089925040186,85.40983767214074,84.15196082866296,85.28404998779297,82600
2002-07-01,84.02618461742736,86.54193864788925,84.02618461742736,86.03878784179688,19409
2002-07-02,86.54190763585707,87.04505826164694,84.02615450690774,85.53560638427734,99008
2002-07-03,85.53560638427734,86.54190763585707,85.03245575848747,85.53560638427734,86493
2002-07-04,85.15822563590584,95.09544842059796,85.15822563590584,91.57339477539062,470554
2002-07-05,90.81867255964829,96.10175323486328,90.56709728939995,96.10175323486328,282122
2002-07-08,95.85020554750083,95.85020554750083,92.70551376444635,94.2149658203125,110653
2002-07-09,94.08918369487527,94.3407590523482,91.57343012014599,93.83760833740234,60641
2002-07-10,92.07656741009077,92.45393039127967,89.9381771833537,90.06396484375,78122
2002-07-11,90.06398550445168,90.44134857220777,88.8061086119314,89.1834716796875,43155
2002-07-12,89.81238681322908,92.07656463204998,89.4350238434256,91.82498931884766,89330
2002-07-15,92.07658042096077,95.09548469705784,88.68031311035156,88.68031311035156,89873
2002-07-16,88.93187722572485,90.44132917297901,84.65509670850469,85.78718566894531,53788
2002-07-17,85.53561914340723,88.30294799804688,84.90668076735277,88.30294799804688,81516
2002-07-18,86.5419042826394,87.79978079837544,85.53560307005057,86.29032897949219,31931
2002-07-19,85.40982552488407,86.03876385717335,83.27143519510052,84.02616119384766,198339
2002-07-22,84.78088456165942,84.78088456165942,79.497802734375,79.497802734375,99469
2002-07-23,78.74307219085203,81.25882529599107,77.2336203277686,78.23992156982422,113597
2002-07-24,76.47890447149214,77.98835653342948,74.96945240955479,75.97575378417969,124557
2002-07-25,77.48519775390626,77.98834838867188,75.22101989746095,75.47259521484375,128728
2002-07-26,75.72415681318803,79.2462106184526,75.72415681318803,77.48518371582031,94633
2002-07-29,78.4914945602417,82.39091175794601,78.4914945602417,80.50409698486328,123847
2002-07-30,82.76827539043661,82.76827539043661,81.13303590703893,81.5103988647461,135291
2002-07-31,82.76826839912228,83.64878189272997,81.6361796216267,82.51669311523438,137808
2002-08-01,84.27774232599232,85.2840437268997,83.14565324997153,84.1519546508789,22587
2002-08-02,84.02615782061388,85.03245911187871,82.2651305609004,84.7808837890625,64180
2002-08-05,84.15194305236908,84.52930602569809,82.1393405279477,83.9003677368164,59608
2002-08-06,84.15195019300593,87.79979257805402,81.76198449245719,86.54191589355469,68734
2002-08-07,88.17716402326312,89.18346546718053,87.04507489885603,88.05137634277344,76203
2002-08-08,88.8061086119314,89.18347167968749,86.16456713763883,89.1834716796875,98603
2002-08-09,89.05767778669085,89.3092531476702,86.79349953787667,88.05137634277344,126813
2002-08-12,86.5419097727975,89.81238892118809,86.5419097727975,89.05766296386719,44075
2002-08-13,88.55450608058528,91.07025909423827,88.42871842990263,91.07025909423828,66746
2002-08-14,88.80608105129666,91.07025875515409,88.80608105129666,90.56710815429688,48282
2002-08-15,91.07028383964654,91.07028383964654,89.81240699103263,90.94449615478516,37763
2002-08-16,90.56710815429688,90.81868345472547,87.54820454915365,90.56710815429688,32920
2002-08-19,90.56710815429688,91.32183405558268,89.05765635172526,90.56710815429688,31380
2002-08-20,89.68659322912043,90.06395617398348,88.42871674624357,88.55450439453125,7683
2002-08-21,89.30923888137221,90.3155401645426,87.17084865463512,90.06396484375,25429
2002-08-22,90.56712574283226,91.44763946533202,89.56082434568968,91.44763946533203,30139
2002-08-23,90.44134035032516,92.32815551757812,90.18976499469143,92.32815551757812,47217
2002-08-26,90.6928939819336,92.57970869723042,89.05765456200969,90.6928939819336,29393
2002-08-27,90.56712574283226,91.69921481461766,89.56082434568968,91.44763946533203,23689
2002-08-28,92.20236551318895,92.4539408624746,90.8187010921179,91.44763946533203,74171
2002-08-29,90.56711644570146,90.56711644570146,87.04506191725751,88.42872619628906,61924
2002-08-30,89.05765963001411,89.81238555908203,87.04505715249968,89.81238555908203,14212
2002-09-02,88.0513679149539,88.8060939256535,86.03876521975495,86.54191589355469,20264
2002-09-03,87.04506415592591,88.0513654756476,84.90667385151733,85.6613998413086,44855
2002-09-04,85.53562535648852,85.53562535648852,82.89408398518519,85.28404998779297,30476
2002-09-05,85.28403785842622,85.28403785842622,82.7682845292691,84.02616119384766,27929
2002-09-06,82.89406529262926,85.66139372424966,81.8877640447673,85.03245544433594,25241
2002-09-09,83.39720233399893,86.29031795041217,83.39720233399893,84.40350341796875,26215
2002-09-10,84.65507868896121,84.65507868896121,82.51668888552534,84.40350341796875,19345
2002-09-11,84.27772950843946,85.03245544433594,82.64248998066377,85.03245544433594,54549
2002-09-12,85.03245969531824,86.29033631803004,83.77458307260643,85.78718566894531,81764
2002-09-13,86.0387566921979,86.0387566921979,83.52300357254299,85.03245544433594,104955
2002-09-16,85.03244745163691,85.53559802827381,84.15193394252232,84.529296875,37896
2002-09-17,85.03244745163691,85.78717331659226,83.27142043340774,84.529296875,60169
2002-09-18,83.64881134033203,84.27774977146235,82.51672216429746,83.64881134033203,40198
2002-09-19,83.01984804274453,84.15193687969104,82.01354685434762,83.27142333984375,90402
2002-09-20,83.27142482624025,84.27772603259965,82.013548318291,82.64248657226562,19162
2002-09-23,83.0198611547444,84.1519501704909,82.01355980741417,82.89407348632812,25435
2002-09-24,82.26512035525222,83.5229968132836,81.8877574178428,83.39720916748047,85465
2002-09-25,82.51669702543953,85.78717587096,82.51669702543953,85.4098129272461,63128
2002-09-26,86.03876385717335,86.29033919008906,83.77458586093195,84.02616119384766,73476
2002-09-27,83.14565348518904,85.1582562926974,83.14565348518904,84.65510559082031,44879
2002-09-30,83.01986350669517,84.15195255451374,82.5167128187758,83.77458953857422,22835
2002-10-01,83.52302365410597,84.52932514391448,83.01987290920171,83.64881134033203,13362
2002-10-02,83.64879819447408,84.40352419322123,83.01985986218482,84.02616119384766,19172
2002-10-03,84.02615752718341,85.2840341368718,83.14564390040155,84.2777328491211,18166
2002-10-04,83.14565833651187,83.90038443336371,82.6425076052773,82.76829528808594,42612
2002-10-07,83.52301155847448,83.52301155847448,81.76198420633797,82.39092254638672,56675
2002-10-08,81.63619911491692,84.27774022649358,81.63619911491692,83.77458953857422,19059
2002-10-09,84.52932284740692,84.52932284740692,81.51041845999953,82.76829528808594,51889
2002-10-10,81.5103988647461,82.51670008529851,79.24622111850314,81.5103988647461,44404
2002-10-11,82.89405996915343,85.4098129272461,82.26512172963027,85.4098129272461,67056
2002-10-14,83.77459777561964,85.53562535648852,83.77459777561964,85.28404998779297,40557
2002-10-15,85.91298534415361,87.29664982260996,85.28404694485528,87.04507446289062,50873
2002-10-16,85.53560015798985,87.92556545652192,85.15823721611636,87.54820251464844,37215
2002-10-17,85.91299716203815,89.56084037975279,85.91299716203815,88.80611419677734,79373
2002-10-18,89.05767268571171,89.4350357055664,87.79979595286267,89.4350357055664,38223
2002-10-21,89.05766450493977,89.05766450493977,87.2966372407178,88.42872619628906,51273
2002-10-22,86.79349542007667,87.92558449077332,86.79349542007667,87.29664611816406,25488
2002-10-23,87.29665025983537,88.68031474522182,87.29665025983537,88.05137634277344,34108
2002-10-24,87.1708402633667,88.55450439453125,87.1708402633667,88.55450439453125,16101
2002-10-25,88.80611419677736,88.80611419677736,86.54193564785102,88.80611419677734,17307
2002-10-28,88.05137264762509,89.81240010057759,87.9255849724142,88.30294799804688,33335
2002-10-29,86.54191589355469,87.92558024650396,86.54191589355469,86.54191589355469,34868
2002-10-30,86.03875942444535,89.5608139038086,85.66139644451356,89.5608139038086,56985
2002-10-31,89.56081360208113,89.56081360208113,86.91927275145794,89.05766296386719,18801
2002-11-01,89.05766488799603,89.05766488799603,85.78718566894533,85.78718566894531,79903
2002-11-04,86.41612720353457,88.68030520886735,86.29033953657164,88.17715454101562,56345
2002-11-05,87.54821104922537,89.05766296386719,87.04506041101143,89.05766296386719,28488
2002-11-06,88.30292909795588,89.30923028425737,87.79977850480513,88.55450439453125,35372
2002-11-07,88.9318673393943,88.9318673393943,87.79977850480513,88.55450439453125,19718
2002-11-08,87.54822194678152,89.05767404931224,87.04507124593795,88.30294799804688,27247
2002-11-11,87.2966372407178,89.05766450493977,87.04506191725751,88.42872619628906,28356
2002-11-12,87.54820454915365,92.57971055772569,87.54820454915365,90.56710815429688,109056
2002-11-13,89.05766296386719,89.43502594252764,87.04506041101143,89.05766296386719,33177
2002-11-14,89.93816990322537,90.81868345472547,88.05135515001085,90.56710815429688,68515
2002-11-15,92.07656473013071,98.11437225341797,91.5734141031901,98.11437225341797,157672
2002-11-18,97.7370059967041,98.74330721674738,91.6991986764444,93.0828628540039,273862
2002-11-19,92.57969945138662,96.10175323486328,92.20233654601412,96.10175323486328,112186
2002-11-20,96.10176651413376,96.6049171241554,92.32813693897144,93.0828628540039,62257
2002-11-21,93.83758942711161,94.21495238727425,91.57341166613573,94.08916473388672,43100
2002-11-22,93.5860207516323,95.85019867304277,93.5860207516323,95.72441101074219,33188
2002-11-25,94.8438949584961,96.10177154945758,94.8438949584961,94.8438949584961,18571
2002-11-26,95.09547424316406,95.97598789356373,94.84389891447844,95.09547424316406,49640
2002-11-27,95.59863071618022,95.59863071618022,93.3344526202707,95.22126770019531,24462
2002-11-28,95.85019592285157,95.85019592285157,93.83759338378907,94.34074401855469,12128
2002-11-29,93.46022885466276,94.5923177640732,91.82498931884766,91.82498931884766,23743
2002-12-02,93.71180177372406,94.0891647338867,91.82498697291082,94.08916473388672,25456
2002-12-03,92.7054919263591,92.83127956805022,91.1960402260656,92.57970428466797,16388
2002-12-04,90.94445662446074,92.57969581687844,90.94445662446074,91.57339477539062,17160
2002-12-05,91.32183439560357,93.58601210789126,90.81868379287297,91.07025909423828,15958
2002-12-06,91.07029274570368,91.07029274570368,88.80611419677736,88.80611419677734,14790
2002-12-09,89.8123861173304,90.31553673983646,87.67399597167969,87.67399597167969,8157
2002-12-10,87.67400467111553,90.18975803327092,87.29664166679221,89.68660736083984,23406
2002-12-11,89.5608051527555,90.6928939819336,89.5608051527555,90.6928939819336,39971
2002-12-12,90.69289106986892,90.81867871351645,89.3092269897461,89.3092269897461,8535
2002-12-13,91.07027012392007,91.19605778983708,89.0576674692478,90.31554412841797,35538
2002-12-16,90.3155577304782,91.07028383964654,90.06398236075542,90.94449615478516,19512
2002-12-17,90.31553285386828,91.07025875515409,90.06395755343966,90.56710815429688,34038
2002-12-18,92.07657145125621,92.07657145125621,89.8123934647499,90.31554412841797,66433
2002-12-19,90.06396879658394,90.81869479208603,89.56081813291587,90.31554412841797,38221
2002-12-20,90.31554412841797,91.69920845350516,89.56081813291587,90.31554412841797,37532
2002-12-23,89.8123950289476,90.56712103759422,89.68660736083983,89.68660736083984,47165
2002-12-24,89.68660736083983,89.68660736083983,89.68660736083983,89.68660736083984,0
2002-12-25,89.68660736083983,89.68660736083983,89.68660736083983,89.68660736083984,0
2002-12-26,89.68660736083983,89.68660736083983,89.68660736083983,89.68660736083984,0
2002-12-27,91.07028067452568,91.07028067452568,88.05137634277344,88.05137634277344,24935
2002-12-30,88.05137634277344,88.3029517037528,87.29665025983537,88.05137634277344,17165
2002-12-31,88.05137634277344,88.05137634277344,88.05137634277344,88.05137634277344,0
2003-01-01,88.05137634277344,88.05137634277344,88.05137634277344,88.05137634277344,0
2003-01-02,88.05137634277344,88.05137634277344,88.05137634277344,88.05137634277344,0
2003-01-03,90.06396879658394,90.567119460252,88.55451680557974,90.31554412841797,12923
2003-01-06,90.06398236075542,91.07028383964654,90.06398236075542,90.94449615478516,21430
2003-01-07,91.07025875515409,91.07025875515409,89.30923165215387,90.56710815429688,29729
2003-01-08,90.69291243841545,90.94448778498526,89.3092480322815,89.4350357055664,14925
2003-01-09,89.30923198468118,91.07025909423827,89.18344433399854,91.07025909423828,27268
2003-01-10,90.69291525176077,91.32185363769531,90.18976454301314,91.32185363769531,32123
2003-01-13,91.57340969696887,93.08286150516066,89.18344433399854,91.07025909423828,19702
2003-01-14,89.81238388886322,93.0828628540039,89.81238388886322,93.0828628540039,35933
2003-01-15,92.95707822825811,92.95707822825811,91.82498931884766,91.82498931884766,2107
2003-01-16,92.95706095349773,92.95706095349773,91.44760935479411,91.95075988769531,32517
2003-01-17,90.69290950380523,92.83129988045528,90.69290950380523,91.19606018066406,9419
2003-01-20,90.6928997832322,91.07026275043012,90.31553681603428,90.81868743896484,85789
2003-01-21,92.57971710498114,92.57971710498114,89.68660094545048,91.69920349121094,20397
2003-01-22,90.56712574283226,92.9570915610459,89.56082434568968,91.44763946533203,55447
2003-01-23,92.2023560481933,92.831294356844,88.05136321109865,88.42872619628906,149587
2003-01-24,88.80605661539359,89.05763184659867,85.7871538409326,86.41609191894531,114993
2003-01-27,87.92558983435998,88.05137751652644,80.7556919508714,81.76199340820312,154083
2003-01-28,81.51039378650556,82.13933201016687,79.7493667602539,79.7493667602539,129245
2003-01-29,79.49780123841528,80.88146550047631,76.4788973939185,76.98204803466797,265379
2003-01-30,77.98834572375661,80.37831115722656,77.48519510618398,80.37831115722656,100360
2003-01-31,78.868859522551,78.99464717729191,76.98204470143735,77.73677062988281,79743
2003-02-03,77.86256042578754,79.24622466598731,77.86256042578754,78.1141357421875,53596
2003-02-04,77.48519532040099,78.74307186781009,77.48519532040099,77.73677062988281,25025
2003-02-05,76.73045867528671,78.49148559570312,76.73045867528671,78.49148559570312,53757
2003-02-06,77.61098875868494,78.61729007160143,76.98205043811213,77.86256408691406,42173
2003-02-07,77.98833425942954,78.86884771074568,77.48518371582031,77.48518371582031,67423
2003-02-10,76.7304458618164,77.35938394265096,76.22729539714875,76.7304458618164,67953
2003-02-11,76.98204680577221,76.98204680577221,74.71786895854362,74.96944427490234,56718
2003-02-12,76.2273272673289,76.60469027360281,71.95054652955797,72.45369720458984,70312
2003-02-13,71.8247583281826,72.70527200295892,71.32160765688184,71.44739532470703,51734
2003-02-14,70.69264445347069,71.44737019496681,67.92531673465155,71.07000732421875,113134
2003-02-17,71.4473796871537,71.69895496774227,69.93792800362229,70.94422912597656,52614
2003-02-18,71.19580805768322,71.6989586446633,70.063719236978,70.69265747070312,25897
2003-02-19,70.4410860135958,70.4410860135958,67.79954528808594,67.79954528808594,42588
2003-02-20,68.4284842036106,69.43478544189898,67.1706076557501,68.80584716796875,32300
2003-02-21,68.0511290451576,69.93794408337823,67.54797836829876,69.30900573730469,13165
2003-02-24,68.80586012381094,69.68637387311017,67.54798333909777,67.92534637451172,51030
2003-02-25,67.67376195467435,67.67376195467435,64.27749509077805,65.40958404541016,95893
2003-02-26,69.30901060531389,69.93794899556174,66.29010633212417,67.42219543457031,75938
2003-02-27,67.4221662675818,67.79952913848246,65.78692716034568,66.79322814941406,51724
2003-02-28,65.53536043130575,66.79323683113887,64.90642223138919,65.66114807128906,391176
2003-03-03,66.91902704412287,69.1832046508789,66.54166410966353,69.1832046508789,57385
2003-03-04,68.68007244533963,68.68007244533963,66.66746958979854,67.92534637451172,95857
2003-03-05,66.66746494887899,67.04482795802359,65.03222524258574,66.16431427001953,161604
2003-03-06,65.409581905638,66.03852019319221,63.77434235799705,65.03221893310547,204163
2003-03-07,64.40326067509542,66.03849971567402,63.90011020107124,65.91271209716797,58388
2003-03-10,64.90643127559463,65.91273253568137,64.90643127559463,65.03221893310547,24331
2003-03-11,66.29008577527173,66.29008577527173,62.264881325919376,62.516456604003906,57905
2003-03-12,61.887542537001316,62.13911791316799,60.000727215751276,61.38439178466797,46084
2003-03-13,60.7554569638465,63.39699857097026,60.252306181537215,60.88124465942383,41062
2003-03-14,63.271197359534305,65.91273840237768,63.14540969082748,65.15801239013672,41311
2003-03-17,62.39067757710089,68.8058480537786,62.264889920695445,67.17060852050781,20233
2003-03-18,67.29640798215513,69.93794923005281,66.79325726826985,67.92534637451172,36487
2003-03-19,70.06371564391657,71.32159204685942,67.92532575891373,70.94422912597656,36727
2003-03-20,70.94424465340627,71.44739532470703,69.5605803073292,71.44739532470703,25069
2003-03-21,70.18951916694641,73.8373615609275,70.18951916694641,72.45369720458984,22424
2003-03-24,71.95053919886684,72.83105279046136,69.43478608002533,69.81214904785156,33631
2003-03-25,68.42847632009087,71.57316732744799,68.30268867979659,70.94422912597656,37528
2003-03-26,70.18950544084821,71.44738188244048,68.6800537109375,68.6800537109375,101680
2003-03-27,69.93795459076676,69.93795459076676,66.54168701171874,66.54168701171875,62796
2003-03-28,65.40959258577716,67.92534614676859,65.40959258577716,67.42219543457031,61539
2003-03-31,64.90643975830078,65.40959045410156,62.89383697509765,62.893836975097656,312025
2003-04-01,63.90013621515194,66.91904028830872,63.77434854543707,66.16431427001953,100773
2003-04-02,66.66746264826642,69.30900362112226,66.66746264826642,68.931640625,65035
2003-04-03,68.30270331552096,68.93164165175965,67.04482664304359,67.29640197753906,47848
2003-04-04,67.52529277454724,70.19578457919035,66.88946139248935,69.94145202636719,24686
2003-04-07,70.19578645892092,72.35761321580797,69.81428761947026,70.45011901855469,21061
2003-04-08,70.45012389134317,71.46745420024342,69.4327935824429,69.68712615966797,55752
2003-04-09,67.52529401728893,72.35761260986328,67.52529401728893,72.35761260986328,43289
2003-04-10,71.21310800745867,71.21310800745867,68.41545019287994,70.1957778930664,71142
2003-04-11,69.17845014096162,72.73910566292288,69.17845014096162,70.83161163330078,22086
2003-04-14,72.10327872536399,72.23044500177558,69.43278692072089,69.94145202636719,13089
2003-04-15,71.21312405770286,72.48478698730469,70.19579371402139,72.48478698730469,9228
2003-04-16,71.72178276665778,72.7391130186671,68.41545944762746,70.70445251464844,39198
2003-04-17,70.70445074963925,70.70445074963925,67.6524600697987,68.16112518310547,28896
2003-04-18,68.16112518310547,68.16112518310547,68.16112518310547,68.16112518310547,0
2003-04-21,68.16112518310547,68.16112518310547,68.16112518310547,68.16112518310547,0
2003-04-22,70.19578692461994,70.70445204726211,67.65246131140907,70.57728576660156,14186
2003-04-23,69.55995780399867,71.84895093100411,69.17845894949777,71.21311950683594,13718
2003-04-24,71.21312987391849,71.21312987391849,69.17846902037796,69.81430053710938,13163
2003-04-25,69.17845713663445,71.21311764065311,68.79695829213095,70.70445251464844,20048
2003-04-28,70.70446555800532,71.21313077784708,68.66980467863827,70.06863403320312,17884
2003-04-29,71.21311285556891,71.21311285556891,69.43278503417969,69.43278503417969,26829
2003-04-30,70.06863709589913,71.59463282212562,69.68713816434251,70.95880126953125,16762
2003-05-01,70.95880126953125,70.95880126953125,70.95880126953125,70.95880126953125,0
2003-05-02,72.73911492483955,72.73911492483955,68.9241263798305,71.21311950683594,8891
2003-05-05,71.21311950683594,72.61194864000592,71.21311950683594,71.21311950683594,9704
2003-05-06,72.23045072182217,72.7391158677505,71.21312042996551,71.46745300292969,15938
2003-05-07,71.72178417881402,72.9934470188639,71.08595275878906,71.08595275878906,16120
2003-05-08,71.34029708280754,71.34029708280754,69.94146772824269,70.06863403320312,18147
2003-05-09,71.08595344599556,71.08595344599556,69.17845916748047,69.17845916748047,11219
2003-05-12,71.08594408307756,71.08594408307756,66.76229095458984,66.76229095458984,36887
2003-05-13,69.81429037366594,71.21311950683594,68.03396238599504,71.21311950683594,19633
2003-05-14,71.2131197312299,71.72178487216725,69.17845916748047,69.17845916748047,12170
2003-05-15,68.92412366075206,70.70445157818845,68.92412366075206,70.45011901855469,5992
2003-05-16,70.19579085048417,70.70445600157464,69.5599594116211,69.5599594116211,14418
2003-05-19,70.7044425843254,72.48477027529762,69.43277994791667,72.103271484375,26574
2003-05-20,72.99344434510319,75.79110249073432,70.70445131685953,74.51943969726562,48604
2003-05-21,75.2824446197249,75.66394349448701,73.75644912067642,74.39228057861328,38246
2003-05-22,75.28243612941309,80.3690872192383,75.28243612941309,80.36908721923828,57724
2003-05-23,80.36907468348072,80.36907468348072,78.71591333714329,79.097412109375,9689
2003-05-26,78.84309592999911,79.35176106503135,77.31710052490234,77.31710052490234,13377
2003-05-27,77.82574160736387,78.7159053185592,76.68124540725557,77.062744140625,15867
2003-05-28,78.20726050606258,80.49625349648392,78.20726050606258,80.36908721923828,19005
2003-05-29,80.3690872192383,80.3690872192383,80.3690872192383,80.36908721923828,0
2003-05-30,80.87775435909148,80.87775435909148,78.84309387207031,78.84309387207031,60212
2003-06-02,79.35176093393265,84.94707741004329,78.58876323264484,83.54824829101562,59457
2003-06-03,83.92975190460494,83.92975190460494,80.62342834472656,80.62342834472656,37185
2003-06-04,79.60608900680424,83.54824357423385,78.84309134859207,82.27658081054688,23229
2003-06-05,82.78524255752563,83.92973899841309,80.2419171333313,81.38641357421875,48272
2003-06-06,82.91242891751803,83.80259303166316,81.51359959528996,82.65809631347656,22007
2003-06-09,82.65809631347656,82.65809631347656,82.65809631347656,82.65809631347656,0
2003-06-10,81.51358315233469,82.27658081054688,81.00491804685991,82.27658081054688,22538
2003-06-11,80.75058316144617,82.14941216109327,80.62341688875098,81.6407470703125,14162
2003-06-12,82.78525948957964,83.92975616455078,82.5309268951416,83.92975616455078,17109
2003-06-13,83.54823777862408,84.69273418655044,82.0222425680556,82.78524017333984,18123
2003-06-16,82.78525467606279,84.94708160308747,82.0222569371129,84.6927490234375,38946
2003-06-17,86.34590196048512,86.98173334458295,85.96440313002643,86.47306823730469,21002
2003-06-18,85.83724747842817,86.98174411147389,85.201416015625,85.201416015625,31444
2003-06-19,85.07423919228947,86.47306823730469,85.07423919228947,86.47306823730469,8331
2003-06-20,85.20142230672992,85.83725381648165,84.81992340087889,84.8199234008789,15800
2003-06-23,84.69273418655044,84.81990045409782,82.14940883560298,82.78524017333984,15480
2003-06-24,84.31124505195909,84.31124505195909,82.65808338427362,83.29391479492188,12670
2003-06-25,82.53091571082366,83.42107967072468,81.89508431089436,82.91241455078125,14978
2003-06-26,82.91243547712054,84.69276384626116,82.6581028529576,84.56559753417969,17525
2003-06-27,84.43841644378755,85.58291305221238,84.43841644378755,84.6927490234375,8667
2003-06-30,83.03958725571275,86.47307708098724,83.03958725571275,84.6927490234375,162015
2003-07-01,85.83724043751492,85.83724043751492,83.29391479492188,83.29391479492188,15281
2003-07-02,83.92975616455078,84.43842135342685,83.92975616455078,83.92975616455078,30725
2003-07-03,85.45575714111328,85.45575714111328,84.05692778314862,85.45575714111328,12416
2003-07-04,85.20141510192505,85.45574768431887,84.69274993713744,84.94708251953125,21933
2003-07-07,84.94707859197311,86.47307401578101,84.94707859197311,85.96440887451172,27651
2003-07-08,85.45573802274816,86.47306823730469,85.07423919228947,86.47306823730469,19125
2003-07-09,86.47308878815933,88.50774970082189,85.32859202478663,87.99908447265625,26345
2003-07-10,88.38056238959817,88.38056238959817,85.3285717459286,86.47306823730469,33815
2003-07-11,85.96439933776855,88.50772476196289,85.96439933776855,87.49039459228516,123872
2003-07-14,88.50772998466,88.88922882080078,87.49039975495127,88.88922882080078,15643
2003-07-15,87.2360610961914,88.76205633402566,87.2360610961914,87.2360610961914,37002
2003-07-16,85.07424789291245,87.99907255888702,84.56558273361253,84.6927490234375,14665
2003-07-17,85.45575173117898,85.45575173117898,83.92975616455078,83.92975616455078,2571
2003-07-18,84.69274993713744,85.32858139312195,83.92975218995602,84.94708251953125,10460
2003-07-21,84.94709647042411,85.32859540666853,83.29393441336497,84.56559753417969,14761
2003-07-22,83.92975435024354,84.4384195281238,82.912423994483,83.42108917236328,26187
2003-07-23,85.96439886856633,88.63489054939458,85.96439886856633,87.36322784423828,40119
2003-07-24,86.98175000871932,89.01641082763673,86.98175000871932,89.01641082763672,20842
2003-07-25,89.01640304185635,89.01640304185635,86.85457611083984,86.85457611083984,38684
2003-07-28,88.50774970082189,88.76208231490472,87.23608663040778,87.99908447265625,6695
2003-07-29,87.490396016586,88.76205874938523,87.490396016586,87.87189483642578,4433
2003-07-30,87.10891630990166,89.01641082763673,87.10891630990166,89.01641082763672,6955
2003-07-31,89.0164041111612,90.28806702703493,89.0164041111612,89.27073669433594,28957
2003-08-01,90.28807155691462,90.28807155691462,87.99907819349988,88.38057708740234,4732
2003-08-04,88.25339602327895,89.9065576202568,88.12622974658835,88.50772857666016,12741
2003-08-05,88.50772476196289,89.27072238922119,87.49039459228516,87.49039459228516,15889
2003-08-06,87.99906355913947,87.99906355913947,86.47306823730469,86.47306823730469,26344
2003-08-07,86.60023451412425,87.49039845186121,86.21873568366556,86.47306823730469,5556
2003-08-08,86.72739601691333,88.88922260384518,86.6002297470938,87.2360610961914,3960
2003-08-11,87.2360610961914,88.63489006420615,86.6002297470938,87.2360610961914,19992
2003-08-12,87.23608309204816,88.38057980899923,86.98175048828125,86.98175048828125,21339
2003-08-13,87.3632382479581,88.50773481889203,87.3632382479581,88.12623596191406,8957
2003-08-14,86.98173092346633,88.50772620282538,86.98173092346633,87.87189483642578,20321
2003-08-15,87.87191411699568,89.01641082763673,87.61758151463101,89.01641082763672,2597
2003-08-18,89.01639509951437,89.01639509951437,88.25339742723281,88.88922882080078,3434
2003-08-19,89.0163946288363,89.77939229708346,88.38056323863032,88.7620620727539,18588
2003-08-20,87.99908595802509,87.99908595802509,86.21875762939453,86.21875762939453,4978
2003-08-21,87.61756557038315,88.7620620727539,87.10890045821837,88.7620620727539,4253
2003-08-22,88.50772857666016,90.03372389694741,88.50772857666016,88.50772857666016,10909
2003-08-25,88.50772866641773,88.50772866641773,86.47306823730469,86.47306823730469,5682
2003-08-26,87.74471502065308,88.25338003526555,86.34588623046875,86.34588623046875,11035
2003-08-27,86.47306395062886,87.74472665578517,84.94706870444129,87.36322784423828,7971
2003-08-28,87.99907350825693,87.99907350825693,84.94708251953125,84.94708251953125,12779
2003-08-29,85.3285762606872,86.72740537971485,83.54824829101562,83.54824829101562,19012
2003-09-01,85.07421214392217,86.21870827141888,84.43838096197955,85.32854461669922,9239
2003-09-02,84.94708745213073,85.32858634787384,83.80259076490142,84.18408966064453,5729
2003-09-03,84.56558455282183,86.09158006354944,84.4384182602612,85.201416015625,35781
2003-09-04,86.47308623309627,86.47308623309627,83.92976016741697,85.07425689697266,31922
2003-09-05,85.07425822530473,86.47308758326939,85.07425822530473,85.45575714111328,7439
2003-09-08,86.3458981513977,87.99905967712402,86.21873188018799,87.49039459228516,13182
2003-09-09,85.96441605179399,87.9990767867477,85.58291716399016,85.83724975585938,13681
2003-09-10,85.96440313002643,86.47306823730469,85.45573802274816,86.47306823730469,11857
2003-09-11,87.49039363583046,87.49039363583046,86.34589720745477,87.2360610961914,5429
2003-09-12,86.85457611083984,87.61757385119861,85.5829132102419,86.85457611083984,9066
2003-09-15,86.60025509520074,87.99908447265625,86.47308878815933,87.99908447265625,7299
2003-09-16,87.87191816561484,87.99908447265625,86.98175401632497,87.99908447265625,9778
2003-09-17,87.99905871510853,88.50772379438662,87.2360610961914,87.2360610961914,13416
2003-09-18,88.50772135058163,88.50772135058163,85.45573095918226,86.60022735595703,15758
2003-09-19,86.60024030109834,87.99906943958891,85.96440887451172,85.96440887451172,19704
2003-09-22,85.71007934203736,87.36324110976211,84.18408386413758,84.6927490234375,11688
2003-09-23,84.8199211535497,85.71008524361694,84.0569233620635,84.18408966064453,19275
2003-09-24,84.69275084538246,85.71008118586754,84.69275084538246,85.201416015625,22090
2003-09-25,85.20142909458706,85.20142909458706,84.18409859793528,84.56559753417969,12066
2003-09-26,84.31124020344191,85.7100692264251,83.92974137899195,84.0569076538086,9519
2003-09-29,83.0395840773633,84.94707835172846,82.40375265257492,83.80258178710938,16382
2003-09-30,83.29392782358023,83.80259303166316,82.14943110539363,82.65809631347656,12003
2003-10-01,82.40378775019741,83.16678578492146,81.386457037232,83.03961944580078,46723
2003-10-02,85.07422797430696,85.07422797430696,81.13207391271725,81.5135726928711,19965
2003-10-03,81.51359915476183,84.56559038676541,81.51359915476183,82.53092956542969,25272
2003-10-06,85.45575173117898,85.45575173117898,83.42109097567472,83.92975616455078,9736
2003-10-07,83.92975435024354,84.05692064471361,83.16675658342315,83.42108917236328,6855
2003-10-08,83.92976597377232,84.69276384626116,83.42110072544644,84.56559753417969,5233
2003-10-09,83.29388483448284,85.32854461669922,82.5308874161517,85.32854461669922,15880
2003-10-10,85.32858543395997,85.32858543395997,83.92975616455078,83.92975616455078,6350
2003-10-13,84.43841735474363,85.32858139312195,84.43841735474363,84.94708251953125,8731
2003-10-14,85.20141510192505,86.34591172269718,83.92975218995602,84.94708251953125,7698
2003-10-15,85.45575580682456,85.45575580682456,83.42109495428112,85.07425689697266,15928
2003-10-16,86.47309024777033,86.47309024777033,84.31126299157607,86.21875762939453,18674
2003-10-17,86.21874120130524,86.21874120130524,83.42108293223635,83.80258178710938,11291
2003-10-20,83.67540882935863,85.4557366767918,83.67540882935863,84.0569076538086,3887
2003-10-21,85.582920287012,86.98174959333761,85.32858768586189,86.7274169921875,15114
2003-10-22,86.47306538477142,87.10889674789473,84.69273756802612,85.71006774902344,15020
2003-10-23,85.96441192168732,85.96441192168732,83.92975128448762,84.6927490234375,15167
2003-10-24,86.85457781891324,86.85457781891324,84.69275084538246,85.201416015625,10772
2003-10-27,86.34587450780741,87.49037063530412,85.32854461669922,85.32854461669922,22911
2003-10-28,86.9817431786817,87.36324205227241,83.92975218995602,84.94708251953125,7888
2003-10-29,85.45574768431887,86.7274105962879,84.94708251953125,84.94708251953125,3127
2003-10-30,83.92974830943452,86.21874144514636,83.92974830943452,85.96440887451172,23789
2003-10-31,84.56558273361253,86.0915782115123,84.56558273361253,84.6927490234375,56895
2003-11-03,84.69276191913976,87.99908595802509,84.69276191913976,86.21875762939453,29542
2003-11-04,87.74475063596452,87.74475063596452,84.6927593094962,85.45575714111328,4539
2003-11-05,86.72741291108493,86.72741291108493,84.43841960844632,85.58291625976562,23643
2003-11-06,87.10892179370981,87.10892179370981,85.71009239264293,86.21875762939453,4152
2003-11-07,86.21874466054088,87.49040756113882,84.94708175994292,86.85457611083984,9952
2003-11-10,87.490416659368,87.490416659368,85.07425689697266,85.07425689697266,9446
2003-11-11,86.72741291108493,86.72741291108493,84.56558590303736,85.58291625976562,32242
2003-11-12,86.09156513908196,87.36322784423827,85.58290005701944,87.36322784423828,56351
2003-11-13,87.4903885599916,90.28804633371226,87.4903885599916,89.90654754638672,21979
2003-11-14,88.88923098246256,92.32272059122722,88.88923098246256,91.55972290039062,47106
2003-11-17,90.16090073544756,90.79673219338441,89.27073669433594,89.27073669433594,7390
2003-11-18,90.92389166355132,90.92389166355132,89.2707299969413,89.52506256103516,2543
2003-11-19,90.41524521005945,90.41524521005945,88.25341796875001,88.25341796875,7815
2003-11-20,88.76207822527205,89.65224233354841,87.99908041817802,89.01641082763672,14602
2003-11-21,87.99909052430064,89.7794189453125,87.99909052430064,89.7794189453125,13290
2003-11-24,89.77940186068544,90.03373444386018,88.5077389448117,89.27073669433594,11046
2003-11-25,90.03373212554361,91.05106243204693,88.63490295410155,88.63490295410156,18774
2003-11-26,89.0163992757851,90.66956097662111,88.63490042174602,90.03372955322266,7494
2003-11-27,88.76206113004137,90.16089017363801,88.50772857666016,88.50772857666016,5009
2003-11-28,90.16088579558215,90.16088579558215,87.36322784423827,87.36322784423828,5316
2003-12-01,87.49041521344867,90.16090753827777,87.49041521344867,89.01641082763672,7552
2003-12-02,88.38058427706233,89.01641581862393,87.49042011887609,88.25341796875,47976
2003-12-03,88.25340224757338,89.01639996152934,87.3632382479581,88.12623596191406,23902
2003-12-04,87.74474559756491,88.38057708740234,86.98174780976,88.38057708740234,16370
2003-12-05,87.87190339059539,88.12623596191405,86.4730742483428,88.12623596191406,9719
2003-12-08,88.38058427706233,88.38058427706233,86.98175488562681,88.25341796875,3688
2003-12-09,86.72740681966145,88.25340224757338,86.72740681966145,88.12623596191406,7117
2003-12-10,87.10891589391267,87.49041479563783,86.47308439103739,86.7274169921875,3628
2003-12-11,87.10890567663944,88.3805685332327,86.98173939098011,88.12623596191406,17591
2003-12-12,87.74473710493606,88.50773481889203,86.60024053400213,88.12623596191406,3820
2003-12-15,88.50771802819293,88.50771802819293,87.6175541974496,87.74472045898438,28131
2003-12-16,88.50772998466,89.52506021436874,86.47306952524254,88.88922882080078,20629
2003-12-17,88.25340408916281,88.76206924241447,87.23607378265949,88.63490295410156,33869
2003-12-18,87.61757149139706,90.92389494390261,87.61757149139706,90.41522979736328,12005
2003-12-19,90.92388916015625,90.92388916015625,88.25339731069712,90.92388916015625,9813
2003-12-22,90.79672300150466,90.79672300150466,88.88922882080078,88.88922882080078,7783
2003-12-23,89.01639743284746,89.52506256103516,84.43841127915815,89.52506256103516,2363
2003-12-24,89.52506256103516,89.52506256103516,89.52506256103516,89.52506256103516,0
2003-12-25,89.52506256103516,89.52506256103516,89.52506256103516,89.52506256103516,0
2003-12-26,89.52506256103516,89.52506256103516,89.52506256103516,89.52506256103516,0
2003-12-29,90.92390304675205,90.92390304675205,88.25341078943485,88.38057708740234,7668
2003-12-30,88.50772379438662,88.50772379438662,86.98172855655237,87.2360610961914,19750
2003-12-31,87.2360610961914,87.2360610961914,87.2360610961914,87.2360610961914,0
2004-01-01,87.2360610961914,87.2360610961914,87.2360610961914,87.2360610961914,0
2004-01-02,87.2360610961914,87.2360610961914,87.2360610961914,87.2360610961914,0
2004-01-05,87.49040756113882,88.50773788161717,86.85457611083984,86.85457611083984,18264
2004-01-06,88.50773184329992,89.39789581298828,86.85457018530725,89.39789581298828,17916
2004-01-07,90.41522933530136,90.79672819325623,87.49040475764745,90.2880630493164,17025
2004-01-08,89.14357712881906,90.28807383946011,88.38057932172504,89.01641082763672,5324
2004-01-09,90.03374690503145,90.03374690503145,85.20142715589135,86.21875762939453,28864
2004-01-12,86.21874635611007,86.60024523379198,84.18408567513993,85.201416015625,19418
2004-01-13,83.54825421233676,85.96441377098881,83.42108791977613,85.201416015625,9385
2004-01-14,85.45574676238739,85.45574676238739,83.92975128448762,84.6927490234375,16207
2004-01-15,85.20140902686666,86.21873928390387,83.16674851279222,83.29391479492188,13063
2004-01-16,82.40376277263563,86.7274169921875,82.40376277263563,86.7274169921875,14623
2004-01-19,86.21873877838699,89.39789581298828,86.21873877838699,89.39789581298828,23339
2004-01-20,87.99906440450674,88.88922835079511,87.74473184842435,88.7620620727539,15750
2004-01-21,88.76205055126245,89.01638307433197,86.98172288977581,87.74472045898438,8677
2004-01-22,89.52507603236609,89.52507603236609,87.74474781581334,89.01641082763672,33144
2004-01-23,88.88924452645439,89.01641082763673,87.87191411699568,89.01641082763672,26273
2004-01-26,87.99906464249261,92.95854949951172,87.99906464249261,92.95854949951172,53919
2004-01-27,93.84870341010492,95.37469858750501,92.95853955662155,94.35736846923828,46151
2004-01-28,95.12038050471126,95.75621192519729,93.84871766373918,94.1030502319336,25094
2004-01-29,92.9585548169685,93.97588510224313,91.5597256747159,92.32272338867188,12902
2004-01-30,92.32272338867186,93.8487188165838,92.0683908173532,92.32272338867188,33109
2004-02-02,93.84873235793341,96.26489213408617,93.08573453388517,96.13772583007812,21862
2004-02-03,95.88337984587018,96.64637756347656,95.50188098706698,96.64637756347656,792
2004-02-04,95.8833914411829,96.01055774282902,93.59439801155253,95.62905883789062,22881
2004-02-05,96.51923574902736,96.51923574902736,94.10307569733892,94.86607360839844,12918
2004-02-06,95.62903643624917,96.0105352518193,92.32271336797459,93.72154235839844,8608
2004-02-09,93.59437608654173,94.73887253325216,93.3400435428283,93.72154235839844,6573
2004-02-10,93.59437608654173,94.48453998953873,93.08571099911488,93.72154235839844,7427
2004-02-11,94.61171536832244,94.61171536832244,93.34005252735035,94.1030502319336,7817
2004-02-12,93.97587972659255,94.35737856174786,91.05105532373514,92.95854949951172,9343
2004-02-13,93.08571100962476,93.21287728149584,91.68688201904297,91.68688201904297,12671
2004-02-16,91.55971763873922,92.83138038372171,91.55971763873922,92.19554901123047,3371
2004-02-17,92.19555430942113,93.340050845676,91.55972290039062,91.55972290039062,12998
2004-02-18,92.57706053360648,93.59439086914062,92.57706053360648,93.59439086914062,10988
2004-02-19,92.32272338867186,93.59438624526514,92.0683908173532,92.32272338867188,16441
2004-02-20,93.21287920721645,93.21287920721645,90.92388626624798,92.19554901123047,16040
2004-02-23,92.83137846588261,93.59437609710905,91.0510506596876,91.68688201904297,15409
2004-02-24,92.95857166976072,92.95857166976072,90.16091287805793,90.54241180419922,4718
2004-02-25,90.54239264594185,92.06838802761503,90.54239264594185,91.55972290039062,8768
2004-02-26,91.55971716780688,92.57704735856029,91.55971716780688,92.0683822631836,11508
2004-02-27,93.5943834092882,95.12037879096138,91.55972290039062,91.55972290039062,105280
2004-03-01,93.34005782977253,94.48455445166347,92.83139266448767,93.46722412109375,13533
2004-03-02,94.10306235777892,94.61172755971288,93.21289825439453,93.21289825439453,6149
2004-03-03,94.48453998953873,94.61170626139544,93.72154235839845,93.72154235839844,9656
2004-03-04,93.72155670373618,95.12038590826955,92.1955612078816,93.46722412109375,13649
2004-03-05,93.84871240398228,94.86604261974361,93.59437985004195,94.73887634277344,10143
2004-03-08,93.59437373360211,95.12036895751953,93.59437373360211,95.12036895751953,3591
2004-03-09,94.99320268885975,95.12036895751953,93.72154000226189,95.12036895751953,16159
2004-03-10,95.12038050471126,95.12038050471126,93.59438509554477,94.1030502319336,6458
2004-03-11,93.59439086914062,93.59439086914062,92.83139311749002,93.59439086914062,17195
2004-03-12,92.83137424017794,94.61170196533203,92.06837664368332,94.61170196533203,26512
2004-03-15,93.21288738828716,94.61171653053977,91.17822681773792,92.32272338867188,12202
2004-03-16,91.55972196531164,92.06838708734115,90.03372659922312,91.30538940429688,11351
2004-03-17,91.55972496937898,92.32272267745712,89.2707318451445,90.03372955322266,9369
2004-03-18,90.03372721990854,91.30539003374906,88.50773184329992,89.39789581298828,12861
2004-03-19,88.38056556191587,90.03372721990854,87.49040159222751,89.39789581298828,14620
2004-03-22,89.52504257179676,89.779375079103,86.34588623046875,86.34588623046875,24540
2004-03-23,87.49039122011517,87.49039122011517,85.96439602441549,86.60022735595703,12863
2004-03-24,87.2361005055022,87.61759948730469,85.83727090555973,87.61759948730469,63679
2004-03-25,87.9990529820539,87.9990529820539,86.34589158210201,87.74472045898438,20478
2004-03-26,86.34590429598397,88.50773106039006,86.34590429598397,87.10890197753906,3795
2004-03-29,88.50771802819293,88.50771802819293,87.10888915131058,87.74472045898438,5545
2004-03-30,87.7447401412584,87.999072721378,86.85457611083984,86.85457611083984,2355
2004-03-31,87.2360500060406,87.99904752795932,86.34588623046875,86.34588623046875,12551
2004-04-01,87.10890567663944,88.25340224757338,86.34590796268347,88.12623596191406,14421
2004-04-02,86.60023568960337,91.55972055288461,86.60023568960337,90.92388916015625,19182
2004-04-05,91.05105207243018,92.19554853702776,91.05105207243018,92.0683822631836,9414
2004-04-06,90.54239264594185,92.19555430942113,90.54239264594185,91.55972290039062,8934
2004-04-07,92.06840239179895,95.62905883789062,90.54240677204538,95.62905883789062,35893
2004-04-08,95.37469956182665,95.37469956182665,93.0857067723428,94.61170196533203,9046
2004-04-09,94.61170196533203,94.61170196533203,94.61170196533203,94.61170196533203,0
2004-04-12,94.61170196533203,94.61170196533203,94.61170196533203,94.61170196533203,0
2004-04-13,94.9453084733751,94.9453084733751,92.37921905517578,92.37921905517578,9029
2004-04-14,92.37921517654505,92.63582410759099,91.09617052131524,91.86599731445312,16490
2004-04-15,92.89244180764493,95.71514031561203,91.73770150893111,94.81700897216797,19225
2004-04-16,95.20193481445312,96.22837076932593,94.68871683701671,95.20193481445312,8329
2004-04-19,95.45851526923359,95.97173309326172,93.91886179714916,95.97173309326172,9063
2004-04-20,94.81699775665324,96.35665130615234,94.81699775665324,96.35665130615234,17595
2004-04-21,95.58684437597462,96.74158477783203,95.45853988687936,96.74158477783203,27166
2004-04-22,95.45852661132812,96.74157132384599,94.94530872632099,95.45852661132812,7807
2004-04-23,95.45851526923359,96.22834200527579,95.20190635721951,95.97173309326172,6378
2004-04-26,96.22836019964926,100.97562596949862,96.22836019964926,98.66614532470703,78221
2004-04-27,99.0510712868256,99.30768027979666,97.5114173289993,98.0246353149414,9141
2004-04-28,98.02460344261097,98.40951680691441,95.33020989248685,96.10003662109375,11310
2004-04-29,96.99820669697974,99.0510787963867,95.45855262242449,99.05107879638672,19313
2004-04-30,99.0510712868256,99.0510712868256,97.25480833602825,98.0246353149414,15871
2004-05-03,98.02462966878471,98.5378476251658,96.74158477783203,96.74158477783203,3370
2004-05-04,97.51137852024387,97.89629185650799,94.81698516639503,94.9452896118164,7170
2004-05-05,95.97174930189509,96.99818512330573,95.2019224358371,95.84344482421875,7568
2004-05-06,97.51142120361328,97.51142120361328,96.35668068935996,97.51142120361328,3018
2004-05-07,96.10007168619256,97.51142120361328,95.58685367985775,97.51142120361328,3141
2004-05-10,95.20190635721951,96.74155982930392,95.20190635721951,95.97173309326172,10539
2004-05-11,95.9717377653674,95.9717377653674,92.89243067129144,95.33021545410156,10988
2004-05-12,93.53397108379164,93.53397108379164,86.73383326837195,87.76026916503906,129688
2004-05-13,87.24705117286284,90.32635886131683,87.24705117286284,88.78670501708984,64787
2004-05-14,87.88856609889439,90.58296009608678,87.88856609889439,89.8131332397461,26273
2004-05-17,88.40177543166739,90.06973345867999,88.27347096805104,88.91499328613281,25807
2004-05-18,90.19806609042855,90.19806609042855,87.3753670093625,88.27349853515625,65328
2004-05-19,88.14518262628924,89.29992301003976,86.60552878128856,87.76026916503906,43890
2004-05-20,87.76026916503908,87.76026916503908,87.76026916503908,87.76026916503906,0
2004-05-21,88.78669152581448,88.78669152581448,87.24703791554023,87.50364685058594,47617
2004-05-24,88.27349492360854,89.04332191422141,86.73384094238281,86.73384094238281,53812
2004-05-25,86.73382854036555,87.11874198063344,86.09230613991906,86.34891510009766,73844
2004-05-26,86.73382949829102,87.2470474243164,86.09230709075928,86.22061157226562,114323
2004-05-27,86.73382015504698,89.2999095087466,86.73382015504698,88.53008270263672,131280
2004-05-28,87.37534249347189,89.42821397643158,87.37534249347189,88.53008270263672,474830
2004-05-31,88.53008270263672,88.53008270263672,88.53008270263672,88.53008270263672,0
2004-06-01,88.27348711337264,89.29992301003976,87.76026916503908,87.76026916503906,101462
2004-06-02,88.40181094898897,88.5301154641544,86.34893870634191,87.2470703125,35096
2004-06-03,86.22060005964633,87.24703577464213,84.9375554159016,85.70738220214844,48367
2004-06-04,85.70738794127506,86.7338237250029,85.70738794127506,85.96399688720703,30419
2004-06-07,87.11874294281006,87.7602653503418,86.22061157226562,86.22061157226562,6988
2004-06-08,86.73382854036555,86.73382854036555,85.83569717974046,86.34891510009766,58542
2004-06-09,86.47722053527832,86.47722053527832,85.70739364624023,86.22061157226562,33223
2004-06-10,85.83570199446245,85.96400648174864,83.14130776145242,84.68096160888672,27464
2004-06-11,84.68095021075514,85.7073859708855,84.68095021075514,85.19416809082031,560
2004-06-14,85.19416809082033,85.19416809082033,84.68095021075514,85.19416809082031,6939
2004-06-15,86.09229559527186,86.09229559527186,84.68094648715265,85.70738220214844,35737
2004-06-16,85.70738220214844,85.83568666652292,84.80925095152712,85.70738220214844,8671
2004-06-17,85.19416809082033,85.7073859708855,85.06586362080402,85.19416809082031,6819
2004-06-18,86.22060865480368,86.22060865480368,84.55265045166016,84.55265045166016,7587
2004-06-21,86.34890832096698,87.24703961108105,85.06586362080402,85.19416809082031,22993
2004-06-22,84.68095492882505,86.22060865480368,83.52621463434107,84.55265045166016,8425
2004-06-23,85.19414702354962,85.45075590012658,83.65449376408787,84.93753814697266,11634
2004-06-24,85.45075897262551,85.96397674423287,85.06584564391999,85.57906341552734,17242
2004-06-25,85.4507780572519,86.09230041503906,85.4507780572519,86.09230041503906,17544
2004-06-28,86.22060005964633,86.22060005964633,85.45077327339949,85.70738220214844,20377
2004-06-29,85.96397674423287,85.96397674423287,84.68093231521446,85.57906341552734,17075
2004-06-30,85.57908626897925,85.57908626897925,84.55265045166016,84.55265045166016,25967
2004-07-01,84.93756388315482,85.1941728374846,84.55265045166016,84.55265045166016,2476
2004-07-02,84.16774365974196,85.1941795580315,84.16774365974196,84.68096160888672,617
2004-07-05,84.68093413159363,85.4507608055172,84.68093413159363,85.32245635986328,2833
2004-07-06,84.93753814697267,85.3224514618381,84.68092927039571,84.93753814697266,6501
2004-07-07,85.45078853260388,85.45078853260388,84.16774365974196,84.68096160888672,13789
2004-07-08,85.32245635986327,85.32245635986327,83.91110745767004,85.32245635986328,20489
2004-07-09,83.91114611741973,85.45080017462008,83.78284161265303,84.16775512695312,13300
2004-07-12,83.6545047231821,84.16772254356971,83.39789581298828,83.39789581298828,12094
2004-07-13,84.55264064581819,84.55264064581819,82.62807371154311,82.75637817382812,11933
2004-07-14,82.62807371154311,83.78281387210815,81.60163801326307,82.75637817382812,65479
2004-07-15,82.24316139455222,83.65451049804688,81.9865524666441,83.65451049804688,13009
2004-07-16,82.1148452758789,82.37145416736602,81.98654083013534,82.1148452758789,4519
2004-07-19,82.24316139455222,83.911119425955,82.24316139455222,83.65451049804688,7121
2004-07-20,83.26960295492142,85.96399688720702,82.49977611712555,85.96399688720703,11643
2004-07-21,86.99043750054415,86.99043750054415,84.68095685893678,86.34891510009766,23986
2004-07-22,86.22060385095068,86.22060385095068,84.16773233068996,85.19416809082031,3550
2004-07-23,86.22062720322027,86.22062720322027,84.16775512695312,84.16775512695312,3666
2004-07-26,85.70738192131182,85.70738192131182,83.52620603409281,83.65451049804688,6791
2004-07-27,84.03942388990905,84.03942388990905,83.65451049804688,83.65451049804688,3506
2004-07-28,83.6545047231821,84.29602699866662,83.01298244769757,83.39789581298828,8885
2004-07-29,82.75639057159424,83.39791297912598,81.08843231201172,83.14130401611328,48385
2004-07-30,82.37147042001357,83.9111240727241,81.85825253577673,81.98655700683594,12365
2004-08-02,83.14130012944061,83.14130012944061,79.8053837662223,81.60164642333984,4130
2004-08-03,80.57521155650221,81.60164737250861,80.57521155650221,81.47334289550781,10926
2004-08-04,81.60164737250861,81.8582563265102,81.08842946450541,81.47334289550781,7810
2004-08-05,80.44691467285155,81.21674160751999,79.80539222729452,80.44691467285156,5974
2004-08-06,80.06199364849901,81.60164737250861,79.67708021749661,81.47334289550781,18759
2004-08-09,80.57521727925914,80.57521727925914,78.26573652921667,79.67708587646484,3490
2004-08-10,79.29215707203304,79.29215707203304,78.5223303043434,78.650634765625,6986
2004-08-11,79.54878324907172,80.83182814018578,79.4204787599603,80.44691467285156,10633
2004-08-12,81.08842842348162,81.08842842348162,79.54877471923828,79.54877471923828,7468
2004-08-13,80.57521242235528,80.83182137911437,78.26573181152344,78.26573181152344,14157
2004-08-16,78.26572105113785,78.26572105113785,75.95624075782558,76.59776306152344,25565
2004-08-17,77.23928536522129,77.23928536522129,75.95624075782558,76.59776306152344,15967
2004-08-18,77.75251387282464,78.90725417786658,76.98268700279667,77.23929595947266,9191
2004-08-19,78.52233093056903,78.52233093056903,75.95624168447199,76.4694595336914,11143
2004-08-20,76.34115776648888,76.46946223332331,75.05811309814452,75.05811309814453,6874
2004-08-23,76.34116263616653,76.34116263616653,74.54489998590378,75.44303131103516,17626
2004-08-24,74.41657955253872,75.95623292259125,74.41657955253872,75.57131958007812,3210
2004-08-25,75.82794283850718,76.08455178212311,74.80150706404346,75.69963836669922,13064
2004-08-26,75.0581189055941,78.39403530139828,75.0581189055941,77.36759948730469,13280
2004-08-27,77.36760981671222,79.42048171897987,77.23930532282048,79.03556823730469,17673
2004-08-30,78.26572996570219,79.54877471923828,78.26572996570219,79.54877471923828,5015
2004-08-31,78.13743678006259,79.29217722508814,77.88082779227912,79.03556823730469,2719
2004-09-01,80.44690022885221,80.44690022885221,77.88081090735773,79.29216003417969,6094
2004-09-02,80.06199262065273,80.06199262065273,78.65064339176301,79.54877471923828,1665
2004-09-03,78.00910398004885,79.54875734807614,77.75249508537765,78.7789306640625,1633
2004-09-06,78.77894216988079,79.2921600341797,77.752506441283,79.29216003417969,4616
2004-09-07,78.77894498003208,79.03555392133511,78.13742262677448,78.9072494506836,5428
2004-09-08,79.03556823730469,79.03556823730469,78.52235026173777,79.03556823730469,3955
2004-09-09,79.29217722508814,79.29217722508814,78.2657412739543,79.03556823730469,8107
2004-09-10,78.13743678006259,79.03556823730469,78.00913228617085,79.03556823730469,4857
2004-09-13,78.90725234247024,79.54877471923828,78.52233891640941,79.54877471923828,17981
2004-09-14,79.03556823730469,79.03556823730469,78.39404576784604,79.03556823730469,3322
2004-09-15,79.54877853393555,79.54877853393555,77.75251579284668,78.00912475585938,5275
2004-09-16,78.00913228617085,79.29217722508814,77.49591431060394,79.03556823730469,1631
2004-09-17,79.42047211693935,79.42047211693935,77.23929598448706,78.26573181152344,1127
2004-09-20,78.52235026173777,79.29217722508814,78.00913228617085,79.03556823730469,24331
2004-09-21,79.54876896632915,79.54876896632915,78.13741983950717,79.29216003417969,10978
2004-09-22,79.2921600341797,79.54876896632915,78.77894216988079,79.29216003417969,2421
2004-09-23,79.80539520065506,79.80539520065506,79.03556823730469,79.03556823730469,6714
2004-09-24,79.1638727311964,79.54878621287159,79.03556823730469,79.03556823730469,10257
2004-09-27,79.80539520065506,80.44691767011369,79.03556823730469,79.03556823730469,9997
2004-09-28,79.03557294559016,81.7299674778262,77.62422342870462,79.42048645019531,12529
2004-09-29,80.7035217653726,81.60165316816689,79.0355634458975,79.67708587646484,14948
2004-09-30,79.67707140305463,79.67707140305463,78.00911338656556,78.52233123779297,10028
2004-10-01,79.93369100285672,79.93369100285672,78.1374282836914,78.1374282836914,12431
2004-10-04,79.03555110203024,81.08842255922583,78.77894216988079,79.29216003417969,9688
2004-10-05,78.06043830412148,78.52233123779297,78.06043830412148,78.52233123779297,5426
2004-10-06,78.77895924952122,79.1382102662011,78.21441634396369,79.03556823730469,5495
2004-10-07,79.03555671742421,79.29216566780545,77.49590301513672,77.49590301513672,36940
2004-10-08,77.49589904761089,77.49589904761089,75.95624542414842,76.77739715576172,32899
2004-10-11,76.72607607387523,78.00912082427449,76.72607607387523,77.29061889648438,4084
2004-10-12,76.46948048263091,76.77741440895471,76.46948048263091,76.72608947753906,1590
2004-10-13,77.49591646226354,77.70120052575605,76.46948048263091,76.72608947753906,2052
2004-10-14,76.46947300804815,76.46947300804815,73.8007412880781,74.87849426269531,14148
2004-10-15,74.92980567669046,75.44302352379108,73.95469489963243,74.41658782958984,9600
2004-10-18,75.34039310674416,75.85361103276955,74.67320823669434,74.92981719970703,3417
2004-10-19,74.92981719970703,75.34039310674416,74.41659927368164,74.92981719970703,17453
2004-10-20,74.9811421247432,75.64831916370895,74.41659927368164,74.92981719970703,8626
2004-10-21,74.41658782958984,74.92980567669046,74.41658782958984,74.41658782958984,8556
2004-10-22,74.92980745548003,75.28905839076229,73.95469665527344,73.95469665527344,18744
2004-10-25,74.41658395342361,74.77583486146501,73.64675722287095,74.3139419555664,11916
2004-10-26,74.67320446092255,75.44303131103516,74.51923752468329,75.44303131103516,14415
2004-10-27,74.98113449158289,75.44302744555091,74.72452555469326,75.34038543701172,8373
2004-10-28,75.1864242553711,75.69964216837704,75.03245731525253,75.1864242553711,11594
2004-10-29,75.1864128697643,75.28905487060545,74.72451995043774,75.28905487060547,4156
2004-11-01,75.18642040134705,75.18642040134705,74.67320251464844,74.67320251464844,4013
2004-11-02,74.92982462565104,76.98269653320312,73.95471360199774,76.98269653320312,8501
2004-11-03,75.95625305175781,75.95625305175781,74.67320823669434,74.92981719970703,28982
2004-11-04,74.9298172397161,76.05889511135801,74.67320827656638,75.5456771850586,10007
2004-11-05,75.59700206975685,75.95625305175781,75.18642616271973,75.95625305175781,11524
2004-11-08,75.95624731031515,76.36682318631733,75.39170450192671,75.69963836669922,10429
2004-11-09,75.95625115083122,76.21286010742188,75.49435816140162,76.21286010742188,7091
2004-11-10,75.90492622707954,76.36682704759303,75.49435816140162,76.21286010742188,6649
2004-11-11,75.95625305175781,75.95625305175781,75.69964408874512,75.95625305175781,17487
2004-11-12,75.90492040098107,76.05888732933447,75.49435236681637,75.75096130371094,8645
2004-11-15,75.69963249322566,75.85359941366575,74.98113063928243,75.23773956298828,12931
2004-11-16,75.90492812672164,75.95625305175781,75.2377510877559,75.95625305175781,5349
2004-11-17,75.95625309231495,75.95625309231495,75.08378418382274,75.5456771850586,14480
2004-11-18,75.34037970202203,75.95623953746059,75.18641278539172,75.49434661865234,18822
2004-11-19,74.92981145799774,74.92981145799774,73.64676674125121,74.67320251464844,39030
2004-11-22,73.90336783106186,73.90336783106186,72.97957416695706,73.44147491455078,23766
2004-11-23,73.39015573582972,73.646764671969,71.9018270386553,72.46636199951172,55675
2004-11-24,72.10712626320975,72.67166917421689,71.33729929242814,71.85051727294922,33748
2004-11-25,71.85051160496015,72.82562255859375,71.13200962134427,72.82562255859375,19258
2004-11-26,72.87694541354269,72.87694541354269,71.49125858105128,71.64522552490234,18494
2004-11-29,72.10710893210951,72.36371786069354,70.92670629440642,71.08067321777344,21709
2004-11-30,70.97804077618966,71.08068279523671,70.41349792480469,70.41349792480469,30651
2004-12-01,70.82407002260663,71.33728792132118,70.362177046197,70.92671203613281,11716
2004-12-02,71.8505002741228,73.13354492187499,71.33728241502192,73.133544921875,37523
2004-12-03,73.23618494475767,73.90336970974275,72.46635817694785,73.18486785888672,27379
2004-12-06,72.87693006608853,72.87693006608853,71.69652751992837,72.26107025146484,15004
2004-12-07,72.3637142653179,72.8769320969868,72.05578043388348,72.62032318115234,23862
2004-12-08,72.10712626320975,72.36373525347028,71.43994132231538,71.85051727294922,11572
2004-12-09,71.18333233205485,72.36373525347028,71.13201523265369,71.85051727294922,62793
2004-12-10,71.850505855912,72.46636576846024,71.850505855912,72.36372375488281,18690
2004-12-13,72.8769320969868,72.8769320969868,72.26107226520064,72.62032318115234,7077
2004-12-14,72.62032523185029,73.80072784423828,72.36371630876954,73.80072784423828,10014
2004-12-15,72.97958552517038,73.74941239322298,72.87694350898013,72.92826843261719,15755
2004-12-16,73.8007392880476,73.8007392880476,73.08222949335708,73.28752136230469,10097
2004-12-17,74.00601198569277,75.9562413708917,73.90336998248922,74.41658782958984,41840
2004-12-20,75.85360529908547,76.21285625393108,74.46791856977616,75.69963836669922,24684
2004-12-21,75.90493389690815,76.3668347640945,75.69964984332621,75.80229187011719,5108
2004-12-22,75.95624155178784,76.36681739666274,75.85359954833984,75.85359954833984,12243
2004-12-23,76.26418117508766,76.72607414116294,75.69963836669922,75.69963836669922,9374
2004-12-24,75.69963836669922,75.69963836669922,75.69963836669922,75.69963836669922,0
2004-12-27,75.6996327598623,76.674743540946,75.6996327598623,76.4694595336914,6520
2004-12-28,76.00755158623916,76.67472839355469,75.9562266790235,76.67472839355469,2188
2004-12-29,76.57210730581518,76.57210730581518,75.90492248535155,75.90492248535156,5942
2004-12-30,76.72608754475911,77.44458957996841,75.95626057942708,76.98269653320312,13050
2004-12-31,76.98269653320312,76.98269653320312,76.98269653320312,76.98269653320312,0
2005-01-03,77.9064924761926,78.26574350310459,76.9313735961914,76.9313735961914,8048
2005-01-04,76.72608947753906,77.23930746735539,75.9562624928146,76.72608947753906,43530
2005-01-05,75.9562624928146,77.23930746735539,75.9562624928146,76.72608947753906,18781
2005-01-06,76.72607044662446,77.23928830914369,76.41813659667969,76.41813659667969,22330
2005-01-07,76.62344744579282,77.23930746735539,76.62344744579282,76.72608947753906,54199
2005-01-10,78.21441068693248,78.21441068693248,75.95625489019814,77.13665771484375,17551
2005-01-11,76.7260799407959,76.7260799407959,74.92981719970703,74.92981719970703,11027
2005-01-12,75.9562414169315,75.9562414169315,74.5705547951365,75.23773956298828,17112
2005-01-13,75.49435236240566,75.49435236240566,74.15998275819854,74.51923370361328,22734
2005-01-14,74.87848093787662,75.85359954833984,74.51923001026718,75.85359954833984,15785
2005-01-17,75.95625112488001,75.95625112488001,74.92981529886812,75.1864242553711,14647
2005-01-18,75.55183759471639,76.58115416180227,74.9342492250773,76.16942596435547,29152
2005-01-19,75.75769234679838,76.16942051478794,75.55183218933442,75.6547622680664,12745
2005-01-20,76.1694304583824,76.1694304583824,75.1401138305664,75.1401138305664,21031
2005-01-21,75.14009834019096,75.55182647705078,74.98569930723589,75.55182647705078,18145
2005-01-24,75.14009410256828,75.14009410256828,74.16224670410156,74.16224670410156,19678
2005-01-25,74.62544143748512,75.03716958154556,74.62544143748512,74.67691040039062,10858
2005-01-26,74.88276970041595,75.14009880591566,74.6769095572406,74.7283706665039,13135
2005-01-27,75.14009688803024,75.14009688803024,74.36810959123541,74.4195785522461,25791
2005-01-28,74.98569402496476,75.08862408866368,74.1107767039332,74.62543487548828,18422
2005-01-31,75.14008727226285,75.14008727226285,74.31663111983602,74.52249908447266,21286
2005-02-01,74.52252466646428,75.44891119268821,74.52252466646428,74.77985382080078,20885
2005-02-02,74.62542417238085,74.62542417238085,71.5374755859375,71.5374755859375,59302
2005-02-03,72.5667981258972,73.02998731313635,71.94920992522496,72.82412719726562,63386
2005-02-04,73.28733778128965,73.28733778128965,72.15509110731271,72.51535034179688,62362
2005-02-07,73.18440489332964,73.85346221923828,71.89775921006765,73.85346221923828,17573
2005-02-08,73.13292764677699,74.36810408903864,72.3094714498957,74.31663513183594,19874
2005-02-09,74.52253225038213,74.52253225038213,72.87562706564077,73.59614562988281,13430
2005-02-10,74.11080169677734,75.14011838701036,74.11080169677734,74.11080169677734,18975
2005-02-11,74.6254331689315,74.6769021261342,74.16224396634846,74.31663513183594,16210
2005-02-14,74.62546235197908,74.62546235197908,73.59614562988281,73.59614562988281,18029
2005-02-15,73.33878984922315,74.3166372393219,73.33878984922315,73.8019790649414,9925
2005-02-16,73.39026215651965,74.4195785522461,73.39026215651965,74.4195785522461,7527
2005-02-17,74.11078942944975,74.26518847804014,73.49320108815004,73.95639038085938,10747
2005-02-18,74.05931483673,75.44889831542969,73.6475945425121,75.44889831542969,13364
2005-02-21,76.1694304583824,76.68408877229038,74.88278467361242,75.1401138305664,12327
2005-02-22,76.63261448792817,76.68408345697648,75.14010862227227,75.80916595458984,4465
2005-02-23,75.80915130560054,75.80915130560054,74.16224670410156,74.16224670410156,8510
2005-02-24,75.44888707349963,76.16940533408452,74.00784269926982,75.2430191040039,55016
2005-02-25,76.37526913086343,76.83846619475413,75.86061096191406,75.86061096191406,6519
2005-02-28,76.4267384759311,76.63259860332896,74.62543487548828,74.62543487548828,9303
2005-03-01,75.1401138305664,75.1401138305664,74.2137272949195,75.1401138305664,35114
2005-03-02,76.52968836062122,77.19874572753906,75.65477081298829,77.19874572753906,26269
2005-03-03,77.66819437599199,78.24197202115445,75.99903389804436,77.19874572753906,22394
2005-03-04,77.72035544938306,78.24196857320442,77.1987423255617,78.18980407714844,15851
2005-03-07,77.14657786059392,77.98116204271827,77.09442132370154,77.82467651367188,7823
2005-03-08,77.19873376077437,78.24195989267673,76.20767211914062,76.20767211914062,9433
2005-03-09,77.14658707791575,77.72036476657814,76.15552520751953,76.15552520751953,7215
2005-03-10,75.99901779520859,76.2598243133522,75.89469677978781,75.94686126708984,18929
2005-03-11,75.99902110432284,76.25982763382235,75.6860580444336,75.6860580444336,18848
2005-03-14,75.89469935640416,75.89469935640416,74.4341812133789,74.4341812133789,4663
2005-03-15,77.25090026703025,78.92006052979671,76.93792923561855,78.71141052246094,57738
2005-03-16,78.29411547310185,78.76356399536132,77.30304598506773,78.24195098876953,27968
2005-03-17,76.93791847229004,78.76356399536132,76.93791847229004,78.24195098876953,7290
2005-03-18,78.03333307399865,78.24197515741095,74.59068298339844,74.59068298339844,9578
2005-03-21,76.05118730912444,78.76357368525679,76.05118730912444,78.554931640625,39832
2005-03-22,78.71142155711257,78.76358605605552,78.08548736572266,78.08548736572266,16661
2005-03-23,78.24196622714535,78.97222139492496,77.30306104058273,78.60709381103516,14328
2005-03-24,78.6592539907838,78.9722170630146,77.7203488557235,77.98115539550781,5326
2005-03-25,77.98115539550781,77.98115539550781,77.98115539550781,77.98115539550781,0
2005-03-28,77.98115539550781,77.98115539550781,77.98115539550781,77.98115539550781,0
2005-03-29,78.97221472441865,78.97221472441865,77.720346554199,78.39844512939453,5091
2005-03-30,78.71141252488815,78.76357701784515,77.25090223230193,78.29412841796875,12523
2005-03-31,78.71140919450693,78.71140919450693,77.19873447296692,78.554931640625,7039
2005-04-01,78.9200484045725,78.97220492900517,77.7203369140625,77.7203369140625,13165
2005-04-04,77.72034684520656,77.98115337824417,76.78144173443444,76.93792724609375,5671
2005-04-05,77.72035544938306,78.29413306926041,77.1987423255617,78.18980407714844,14943
2005-04-06,78.03332702264956,79.80680847167969,78.03332702264956,79.80680847167969,40352
2005-04-07,79.80680745933991,80.22409954769626,79.38951537098357,80.01544952392578,21465
2005-04-08,80.8500203219327,80.8500203219327,80.06760077043013,80.32840728759766,3092
2005-04-11,79.28516920000008,80.11975311209396,79.28516920000008,79.33733367919922,3489
2005-04-12,79.33736130228247,79.80680994179556,78.50277709960938,78.50277709960938,10944
2005-04-13,79.8067988212535,79.8067988212535,78.24195962867991,78.7635726928711,4983
2005-04-14,78.55493165772366,79.6503143310547,78.39844614462383,79.65031433105469,13905
2005-04-15,79.80678040786657,84.91858884935715,79.80678040786657,84.13616943359375,49505
2005-04-18,83.45808305080581,83.66672507475961,82.36269252709077,82.93647003173828,41737
2005-04-19,83.77106216739065,87.10938262939453,83.1451201164791,87.10938262939453,43499
2005-04-20,86.84857329372988,87.57882838399775,84.08402252197266,84.08402252197266,13281
2005-04-21,84.501341199093,85.44024658203125,83.61460032155702,85.44024658203125,25731
2005-04-22,86.27478339859721,86.27478339859721,85.02291543476443,85.28372192382812,25800
2005-04-25,86.01398894809898,86.01398894809898,85.02292733462038,85.17941284179688,21016
2005-04-26,86.06614470716676,87.21369171142577,86.06614470716676,87.21369171142578,28263
2005-04-27,86.84857609457598,87.47451018630373,86.63993405039466,87.10938262939453,24553
2005-04-28,87.37018916421307,87.37018916421307,86.95289711666663,87.10938262939453,18202
2005-04-29,86.58776955975743,87.16154712003176,86.58776955975743,87.10938262939453,10003
2005-05-02,86.58778288870147,87.37020261359937,85.90968420195294,86.06616973876953,13992
2005-05-03,86.06616074291628,87.37019348144531,86.06616074291628,87.37019348144531,42250
2005-05-04,86.69209256042052,88.10044628874675,86.69209256042052,87.78748321533203,13191
2005-05-05,87.78748321533203,87.78748321533203,87.78748321533203,87.78748321533203,0
2005-05-06,88.1004529587517,88.15261745452881,87.42236226875684,87.6310043334961,15836
2005-05-09,87.63098240559717,88.10043091338268,87.37017591034241,87.4223403930664,10136
2005-05-10,87.63098696053746,88.1525999781597,86.58776092529297,86.58776092529297,40755
2005-05-11,86.58776092529297,86.58776092529297,85.54453489004847,86.58776092529297,10990
2005-05-12,86.84857609457598,87.4223536548503,86.22264200284823,87.10938262939453,10258
2005-05-13,87.4744982105384,87.83962571745954,86.84856420450464,87.21369171142578,9324
2005-05-16,87.21369171142577,87.21369171142577,87.21369171142577,87.21369171142578,0
2005-05-17,87.839639744471,88.98719489116449,87.37019115477565,88.51773834228516,27220
2005-05-18,88.67422583507516,89.19583892822266,88.62206134208674,89.19583892822266,24129
2005-05-19,89.19583660623302,90.23906276537025,89.19583660623302,89.97825622558594,63164
2005-05-20,89.45663888024069,90.4477005004883,89.35231786113835,90.44770050048828,18923
2005-05-23,90.23906804227282,90.86500218252107,89.71745493220187,90.76068115234375,15549
2005-05-24,91.4387858797267,92.84713977891823,91.38662138157017,92.79497528076172,39821
2005-05-25,92.79497393199394,93.00362396240234,92.32552529214847,93.00362396240234,14915
2005-05-26,92.89927482168568,93.36872331950745,92.84711034006885,93.31655883789062,19191
2005-05-27,93.36874387512692,94.568455583795,93.36874387512692,94.0989990234375,31151
2005-05-30,94.35981841431627,94.88143157958984,93.68172766680883,94.88143157958984,15130
2005-05-31,94.88141532199074,94.933579813254,94.15116019940851,94.35980224609375,21296
2005-06-01,93.89035432235055,95.976806640625,93.89035432235055,95.976806640625,30487
2005-06-02,95.45519684333688,96.44625854492188,95.45519684333688,96.44625854492188,25178
2005-06-03,96.44625955017858,96.44625955017858,94.41197163238111,96.23761749267578,20106
2005-06-06,95.976806640625,96.34193420448624,95.71600010084069,95.976806640625,2459
2005-06-07,95.976806640625,96.02897113225545,94.25548188621178,95.976806640625,12364
2005-06-08,95.87248390873813,95.87248390873813,92.06470690387972,93.1079330444336,30257
2005-06-09,93.10793635247565,93.78603495976468,92.37768121181614,93.57738494873047,21758
2005-06-10,92.3776746523975,93.8903493188613,92.3776746523975,93.36873626708984,8178
2005-06-13,93.78603031030411,94.56844990472959,91.80389907925615,93.68170928955078,18942
2005-06-14,93.8903493188613,93.8903493188613,93.10792974120412,93.36873626708984,13435
2005-06-15,92.37765845299563,94.41194581449702,92.37765845299563,92.84710693359375,6785
2005-06-16,93.36873857677968,94.62060674832557,92.95144653320312,92.95144653320312,8350
2005-06-17,93.00359773959643,93.36872524088068,92.32549926053564,92.89927673339844,3760
2005-06-20,92.27334362998114,92.69063565398811,90.8649900132431,92.32550811767578,19023
2005-06-21,92.32551016354695,93.8903493188613,92.32551016354695,93.36873626708984,25985
2005-06-22,93.89034908764984,95.45518823911067,93.83818459892774,95.19438171386719,18381
2005-06-23,94.77708213452301,95.5595016479492,93.94250609571147,95.55950164794922,21561
2005-06-24,93.890352649849,94.93357879040289,92.63848446485788,93.1079330444336,20621
2005-06-27,92.22117635657904,93.78601529489481,91.80388438119168,93.31655883789062,5211
2005-06-28,93.89036172620777,94.35981035116498,92.06471580375373,92.53416442871094,12616
2005-06-29,94.2554875292214,94.2554875292214,93.36874683270301,94.20333099365234,8869
2005-06-30,94.1511556128933,95.50735272783275,93.05576502319732,95.19438171386719,16546
2005-07-01,94.67276866338025,95.19438171386719,93.99467010591052,95.19438171386719,1649
2005-07-04,95.19438502552745,95.45519155984397,93.89035235394489,94.93357849121094,3979
2005-07-05,94.67276768663902,95.40302276611328,94.67276768663902,95.40302276611328,6371
2005-07-06,94.93358048148777,95.976806640625,93.94251881398098,95.976806640625,7758
2005-07-07,95.45518171192036,96.08111573786685,92.37766810816005,93.52521514892578,26327
2005-07-08,94.93357719722616,95.87248229980469,94.93357719722616,95.87248229980469,9500
2005-07-11,95.87246601349592,96.4983999891567,95.71598052978514,95.71598052978516,19631
2005-07-12,95.9768133633378,96.44626198415858,94.72494506835938,94.72494506835938,16623
2005-07-13,94.72493744919127,96.34193320354386,94.72493744919127,95.82032012939453,29007
2005-07-14,95.61166824216242,96.6027297973633,95.5595037564432,96.60272979736328,50908
2005-07-15,96.75922395461778,97.80245008889938,96.6027384426388,97.4894790649414,26540
2005-07-18,97.85462088283012,98.32406948982401,97.28084328834046,98.06326293945312,15421
2005-07-19,98.27190499607612,98.5848760401949,97.59381433245923,98.06326293945312,30851
2005-07-20,99.1064887112643,100.82781352808627,99.1064887112643,100.6191635131836,50547
2005-07-21,100.67131167862748,101.558052210385,100.04537765380938,100.0975341796875,42336
2005-07-22,100.14971825365903,100.6713313695635,99.8889116957068,99.99323272705078,5659
2005-07-25,99.26297291144837,101.19293975830078,99.26297291144837,101.19293975830078,7096
2005-07-26,101.34942762205195,101.81887623162162,100.41052244372827,100.77565002441406,24712
2005-07-27,100.72349871759789,102.6534657092696,100.72349871759789,101.55807495117188,9094
2005-07-28,102.18401433889117,102.34049987792969,101.7145656809608,102.34049987792969,11998
2005-07-29,102.34047264696851,102.70560016811439,102.0796661376953,102.07966613769531,9580
2005-08-01,102.2361689144776,102.288333408822,101.92319786677994,102.02752685546875,4079
2005-08-02,102.23615147665106,103.5401840209961,102.23615147665106,103.5401840209961,42732
2005-08-03,102.75777634663798,104.32261558034313,101.76671468229829,103.8010025024414,45516
2005-08-04,103.27939041137695,104.84422966003417,103.27939041137695,104.32261657714844,23550
2005-08-05,104.79207516879818,104.79207516879818,103.80101340040788,104.27046203613281,3134
2005-08-08,104.27044220788466,105.3136682748337,103.59235163171437,105.10502624511719,18064
2005-08-09,104.84420553543188,105.2614974975586,103.90530061044232,105.2614974975586,15194
2005-08-10,105.31367034092546,106.66986743823902,105.31367034092546,106.14825439453125,23137
2005-08-11,105.88745248349458,105.88745248349458,104.84422635065226,105.31367492675781,8253
2005-08-12,105.36587524414064,105.5745173579792,104.06184213468345,105.36587524414062,15572
2005-08-15,105.36584040477129,105.36584040477129,104.3226142621498,104.73990631103516,25261
2005-08-16,105.10501759349023,105.62663058402865,104.42691911395377,104.94853210449219,35796
2005-08-17,104.32262702528479,105.88746643066406,104.21830599009647,105.88746643066406,13431
2005-08-18,104.8442326320396,105.36584572971144,104.11397747897273,105.1572036743164,9206
2005-08-19,105.62663822697284,105.62663822697284,104.53124768390875,104.58341217041016,9772
2005-08-22,104.84422966003417,105.36584274291991,104.06181003570556,104.32261657714844,8669
2005-08-23,104.32262128248388,104.32262128248388,103.12290954589845,103.12290954589844,14611
2005-08-24,103.27937332564188,103.27937332564188,102.1839828491211,102.1839828491211,17382
2005-08-25,101.87104601325258,102.6534657092696,100.4105276555172,101.55807495117188,25767
2005-08-26,102.49695587158202,103.17505437249267,101.97534286460196,102.49695587158203,8869
2005-08-29,102.23618818688269,102.23618818688269,99.73244321087697,100.67134857177734,11996
2005-08-30,100.67132666676315,103.48803417739272,100.25403460169622,101.19293975830078,7974
2005-08-31,101.71454721567582,104.27044803896034,101.71454721567582,102.23616027832031,26624
2005-09-01,103.2793818608678,104.16612243652344,102.70560433352297,104.16612243652344,4638
2005-09-02,104.21827912634373,104.32260013464183,102.91424662466072,103.07073211669922,7565
2005-09-05,103.27936536788971,104.11394928180812,102.23613945508274,102.54911041259766,3980
2005-09-06,101.9753512482145,105.05286505873273,101.9753512482145,104.84422302246094,10390
2005-09-07,105.10502175874836,106.30473327636719,104.7920507683494,106.30473327636719,13466
2005-09-08,106.51338195800783,106.93067398490756,105.88744789724993,106.51338195800781,12817
2005-09-09,106.14824792190701,107.97389346356144,106.14824792190701,107.40011596679688,8870
2005-09-12,106.93068164267088,107.45229472385464,106.51338958588707,106.8785171508789,40235
2005-09-13,106.93067393510695,107.45228697869284,105.78312683105467,105.78312683105469,14292
2005-09-14,105.88745018575364,107.13931833432557,105.52232263901878,106.0960922241211,22723
2005-09-15,105.6266217177293,107.19146055799196,105.52230072021484,105.52230072021484,4534
2005-09-16,106.9306773185559,107.34796935846504,105.6266446683296,106.61770629882812,13755
2005-09-19,105.6266509089373,107.71310327257062,105.6266509089373,106.82636260986328,18503
2005-09-20,106.46123600220331,108.49552389149517,106.4090715089664,107.71310424804688,27887
2005-09-21,108.1303743836372,108.23469538976673,105.99175794166035,106.0439224243164,19410
2005-09-22,105.99176538476878,107.66092547760312,105.99176538476878,107.50444793701172,17272
2005-09-23,107.71309587861145,108.91280749718331,106.0960922241211,106.0960922241211,29045
2005-09-26,106.93069270091691,106.93069270091691,105.36585329553763,105.88746643066406,23002
2005-09-27,105.36583073209833,105.36583073209833,104.11396265954862,104.79205322265625,26855
2005-09-28,103.27938743650951,104.53125561570278,102.44480334425815,103.48802947998047,19469
2005-09-29,103.80099259261408,105.26151066314075,103.80099259261408,104.2182846069336,14238
2005-09-30,105.88743051668492,106.93065643310545,105.41798203796851,106.93065643310547,24004
2005-10-03,107.3479657818913,107.97389984130858,106.40906071317367,107.9738998413086,6922
2005-10-04,108.23469421343724,108.8084716796875,107.29578925011069,108.8084716796875,13014
2005-10-05,108.96495923347017,109.48657226562499,108.02606214293806,109.486572265625,14681
2005-10-06,108.49550408338305,109.43440907594119,107.4522780825813,109.27792358398438,10398
2005-10-07,109.06930011977771,109.53874871631685,107.9739094489409,108.65200805664062,19044
2005-10-10,109.01712245850767,110.06034851074219,108.4955094323904,110.06034851074219,21076
2005-10-11,110.84277217232678,112.9292243543941,109.17361201850959,111.78167724609375,46192
2005-10-12,112.14679605852537,112.14679605852537,110.32115054129356,111.26005554199219,17366
2005-10-13,111.62518758909397,113.19002666744576,109.01712245850767,110.06034851074219,36627
2005-10-14,110.32115502380083,111.41654556232032,109.53873548462494,110.06034851074219,48533
2005-10-17,112.04248709705418,112.1468081174197,110.11252036314927,111.88600158691406,21111
2005-10-18,112.14678862364687,115.79807941604469,112.14678862364687,115.64159393310547,36649
2005-10-19,116.31971501790844,117.78023321086692,111.10358429961659,111.8338394165039,79875
2005-10-20,111.88599730853089,115.79809511652148,111.88599730853089,112.3554458618164,43680
2005-10-21,112.66841911764706,112.66841911764706,110.11251834911458,110.8427734375,23263
2005-10-24,111.1557536823141,113.71165466308594,111.1557536823141,113.71165466308594,14377
2005-10-25,115.74594449122169,116.63269313458233,114.23326967463767,115.48513793945312,38698
2005-10-26,116.05889896076845,116.58051198980561,114.80703087475253,116.42402648925781,20137
2005-10-27,116.58053164828382,116.58053164828382,114.07678709487304,115.58946990966797,8487
2005-10-28,116.05889580656874,116.05889580656874,111.1035721653894,112.30328369140625,23900
2005-10-31,112.6684271496959,114.7548795043199,112.6684271496959,114.28543090820312,11120
2005-11-01,113.76381682992648,114.7548785060781,113.50301028786721,114.12894439697266,12375
2005-11-02,114.75485334725215,115.27646631701239,112.66840146821121,113.45082092285156,11687
2005-11-03,114.23324037749192,114.59836786448763,112.25110950056656,113.45082092285156,12771
2005-11-04,113.29433544008704,114.59836786448763,112.72056594886014,113.45082092285156,14713
2005-11-07,113.97246121047834,114.54623879841529,111.20791021628207,113.71165466308594,16982
2005-11-08,114.59838205157376,114.96350958377164,113.71164148504083,114.75486755371094,17935
2005-11-09,115.27649294945502,115.7459415470235,112.92923404324439,113.1900405883789,23523
2005-11-10,113.71163185589917,113.71163185589917,112.25111389160156,112.25111389160156,7733
2005-11-11,113.71165233784102,114.18110092987409,112.45978411963014,114.12894439697266,17332
2005-11-14,113.71162188494647,114.18107035125745,112.66839599609375,112.66839599609375,5302
2005-11-15,113.45085616721542,113.71166273311707,112.19898783456142,112.61627197265625,19328
2005-11-16,112.72058007655252,113.55515615726007,111.36438300152574,112.9292221069336,14530
2005-11-17,112.6684136413285,114.75486574579755,108.4955094323904,110.06034851074219,30322
2005-11-18,108.54767923222475,112.40761263076797,108.54767923222475,111.57302856445312,24991
2005-11-21,111.57302729888848,112.51193237304686,111.41654975251495,112.51193237304688,4557
2005-11-22,112.6683874763122,114.12890520210067,112.1989390455001,113.97241973876953,24703
2005-11-23,113.39868325436595,116.5805263058963,113.39868325436595,115.17217254638672,13174
2005-11-24,114.18107049215631,115.79807380554617,114.18107049215631,114.4940414428711,11536
2005-11-25,115.27649222101485,116.94565250749137,114.75487913404193,116.8413314819336,9067
2005-11-28,115.798095703125,117.36293483424832,114.75486961570947,115.798095703125,8793
2005-11-29,115.27649688720703,115.79810999529394,114.44191273059423,115.27649688720703,5820
2005-11-30,115.79809722754675,115.79809722754675,112.66841892409954,113.39867401123047,25459
2005-12-01,114.02461678684581,115.0156784057617,112.92922618978417,115.01567840576172,5778
2005-12-02,115.74592913527422,116.26754216960927,114.54622552365022,114.75486755371094,9138
2005-12-05,114.02462399595348,116.8413314819336,114.02462399595348,116.8413314819336,8962
2005-12-06,116.84131838625082,118.92777050029102,116.2153843438754,118.61479949951172,28493
2005-12-07,118.92777457859205,120.44044922947093,118.14535500899605,119.97100067138672,14650
2005-12-08,120.49262807254709,120.49262807254709,118.40617563839042,119.44940185546875,8524
2005-12-09,118.71913811240324,119.29290771484375,118.30184606387498,119.29290771484375,4317
2005-12-12,119.97100629304583,119.97100629304583,118.19752503586564,118.92778015136719,6696
2005-12-13,118.61483156886007,118.92780265425591,117.20647760294936,117.31079864501953,18844
2005-12-14,117.15430920710475,117.31078677478396,116.21540400510678,116.3197250366211,11579
2005-12-15,116.31972310338085,116.31972310338085,114.28543516551565,115.27649688720703,11754
2005-12-16,113.76382205742875,116.11108104381984,113.76382205742875,115.27649688720703,32057
2005-12-19,116.26756380949952,116.78917694091798,115.32866654029411,116.78917694091797,11345
2005-12-20,116.00673111084258,116.00673111084258,114.28541453227211,115.95457458496094,11552
2005-12-21,116.84135023172611,116.84135023172611,115.27651071969406,115.85028839111328,2268
2005-12-22,116.84131969105113,116.84131969105113,113.60732047001048,114.75486755371094,5626
2005-12-23,112.82491337274418,113.71165403716043,111.10358857759253,112.09465026855469,9203
2005-12-26,112.09465026855467,112.09465026855467,112.09465026855467,112.09465026855469,0
2005-12-27,111.10360129290741,112.87708282470703,110.94711575558743,112.87708282470703,16664
2005-12-28,112.14682721920491,113.81598770690955,111.62521406934813,113.24221801757812,11616
2005-12-29,114.75486643861696,115.74592801054992,113.50299835205077,113.50299835205078,3732
2005-12-30,113.76380824609691,115.17216187511555,112.56409665130941,114.33757781982422,3451
2006-01-02,114.33757781982422,114.33757781982422,114.33757781982422,114.33757781982422,0
2006-01-03,113.7116426740746,115.2764817934426,112.2511245708278,113.08570861816406,9290
2006-01-04,113.92030522664685,115.01569599118922,113.13788552602651,114.96353149414062,7503
2006-01-05,114.23323727389834,115.11997770656251,112.72056288636429,114.44187927246094,4520
2006-01-06,113.19001443797144,114.65053234513657,113.19001443797144,113.45082092285156,2253
2006-01-09,112.98139554674945,114.54623477615493,110.68629323477774,111.62519836425781,10082
2006-01-10,113.13787410940304,113.34652411735802,111.05142178495718,112.14681243896484,7155
2006-01-11,112.92922231656127,113.13786434732963,110.84277017214443,111.46870422363281,10700
2006-01-12,111.46871483402873,113.19003960885738,110.84278072295942,111.93817138671875,12830
2006-01-13,111.78168780421903,113.81597569020606,111.62520228394675,113.71165466308594,12814
2006-01-16,112.66843231010273,115.43298339843751,112.66843231010273,115.4329833984375,5332
2006-01-17,114.75486749075293,116.1110645629533,114.0246124267578,114.02461242675781,17936
2006-01-18,114.10295120948969,114.10295120948969,112.11855046436092,112.27521514892578,27781
2006-01-19,112.32744955281667,113.47631072998047,111.49190980489887,113.47631072998047,28296
2006-01-20,113.31964670699047,113.47631140669652,111.59635094681911,112.53633117675781,20837
2006-01-23,111.38744627438189,113.47628724354688,111.38744627438189,113.05851745605469,11886
2006-01-24,111.28302163262094,114.88626962912467,111.28302163262094,114.83404541015625,8261
2006-01-25,114.886253792399,114.886253792399,112.11853790283202,112.11853790283203,7668
2006-01-26,111.96187707978945,113.11074603179415,111.23078589969212,112.79741668701172,18046
2006-01-27,112.84963654645657,114.15516215218469,112.84963654645657,113.05851745605469,4124
2006-01-30,113.11074493885306,115.35624267101021,113.11074493885306,113.31962585449219,9809
2006-01-31,113.89406246647683,115.93067932128906,113.89406246647683,115.93067932128906,18574
2006-02-01,116.66176511572199,117.23619957042328,112.11853759462535,116.24400329589844,26147
2006-02-02,115.93068042599776,115.93068042599776,112.37964898145208,115.4084701538086,17366
2006-02-03,115.09513426662784,115.77400917557799,114.88625335693361,114.8862533569336,8683
2006-02-06,115.9306726916083,115.9306726916083,113.31962150486036,113.58072662353516,18265
2006-02-07,113.31963867963661,114.83404541015624,112.74520414417216,114.83404541015625,8388
2006-02-08,113.05852350076213,113.84183890607919,112.64075369093376,112.69297790527344,6099
2006-02-09,112.27522447219899,114.36406585772828,112.17078399658203,112.17078399658203,6206
2006-02-10,111.80522367753693,114.67738020577701,111.23078918457033,111.23078918457031,9063
2006-02-13,110.70858826654273,110.70858826654273,107.05311601245877,109.76860809326172,14887
2006-02-14,110.70857666097741,111.75299719551494,109.66415612643989,110.9174575805664,7446
2006-02-15,113.1107592464453,113.21519971747573,111.49190405643348,112.01411437988281,6895
2006-02-16,112.79741559709821,113.4762905253696,112.17076488188468,113.31962585449219,7499
2006-02-17,112.27520533970424,112.27520533970424,110.70857456752232,111.49188995361328,9425
2006-02-20,114.31180519541235,114.31180519541235,110.18634796142578,110.18634796142578,13581
2006-02-21,112.27521954160748,112.79742986505683,110.81302904228991,112.01411437988281,8682
2006-02-22,112.01409913859237,114.78181506994174,112.01409913859237,113.84183502197266,13471
2006-02-23,114.36403020510018,115.66955566406251,114.2595897620422,115.6695556640625,13069
2006-02-24,114.88625215205523,114.88625215205523,113.05851632236345,114.05071258544922,10119
2006-02-27,113.31962150486036,114.31181776850623,112.0663201225397,113.58072662353516,10376
2006-02-28,113.5285056832176,114.8862555267614,113.3196247695783,113.84183502197266,11702
2006-03-01,112.84965271592675,114.88626976535744,112.84965271592675,114.36405944824219,12188
2006-03-02,113.57171721419427,115.63185211628081,113.57171721419427,115.57903289794922,5259
2006-03-03,114.89229939895036,115.89595304313914,114.83947212912581,115.42053985595703,6145
2006-03-06,115.63180247066846,115.63180247066846,114.36402893066405,114.36402893066406,2983
2006-03-07,115.15641426051268,115.15641426051268,114.09993339573732,114.628173828125,4332
2006-03-08,114.89228205247358,116.21288299560545,114.83945479062491,116.21288299560547,12945
2006-03-09,114.09993690359474,117.26937959536126,114.09993690359474,116.52984619140625,13624
2006-03-10,114.94512792364316,117.63914944760225,114.94512792364316,116.74114227294922,15445
2006-03-13,116.74112008334868,119.32949463482903,116.74112008334868,118.80125427246094,15308
2006-03-14,117.85044991275244,118.80127629300993,117.85044991275244,118.48433685302734,17617
2006-03-15,117.85043069841775,118.85408418519155,117.85043069841775,118.32584381103516,8222
2006-03-16,119.3823336285489,120.06904777918201,117.58631944410143,118.9597396850586,22113
2006-03-17,118.85410177448533,119.32951495745941,116.5826662173999,118.22021484375,13460
2006-03-20,118.85410094124452,119.54081513652253,116.52984619140624,116.52984619140625,23785
2006-03-21,116.79392989452928,117.85041046142577,115.94874221688927,117.85041046142578,9083
2006-03-22,116.26572864594566,117.74479548793457,116.26572864594566,116.4241943359375,9629
2006-03-23,116.26572193329427,117.26937552674177,114.36405316008826,115.68465423583984,7404
2006-03-24,117.269363330993,117.48065625701555,116.21288258026334,116.58264923095703,2777
2006-03-27,116.58266135528908,116.58266135528908,115.15641380553922,115.68465423583984,2455
2006-03-28,117.26933485796663,117.26933485796663,115.1563738695348,116.47697448730469,13615
2006-03-29,116.68831561547472,116.68831561547472,114.09994055841246,114.31123352050781,4356
2006-03-30,116.21290872518985,116.21290872518985,114.09994674836821,115.05078125,4957
2006-03-31,114.36403500922373,115.47334296091908,112.62084025383447,113.0434341430664,29752
2006-04-03,114.311233132171,114.52253415385836,112.99063197278682,113.62452697753906,19567
2006-04-04,112.9377923175463,113.20191250160964,110.40223693847655,110.40223693847656,34163
2006-04-05,110.4550957373436,112.46240326111915,110.4550957373436,112.40958404541016,20303
2006-04-06,110.9833216762775,113.04345620543019,110.93049440719786,111.35308837890625,7819
2006-04-07,110.93048590381593,111.98696672194751,110.13812529021725,111.40589904785156,8001
2006-04-10,111.72283385140555,112.51519437517439,110.13811280386788,110.93047332763672,12278
2006-04-11,110.983339145269,112.51523346598673,110.983339145269,111.2474594116211,11736
2006-04-12,110.34939887421642,111.19458660459767,109.13445259471627,110.19093322753906,13025
2006-04-13,110.93049755866637,111.722858255514,109.66272366783413,110.87767028808594,16382
2006-04-14,110.87767028808594,110.87767028808594,110.87767028808594,110.87767028808594,0
2006-04-17,110.87767028808594,110.87767028808594,110.87767028808594,110.87767028808594,0
2006-04-18,112.7793420383612,112.7793420383612,108.87036572579258,109.71554565429688,7257
2006-04-19,109.34575660993812,110.40223735013076,109.34575660993812,110.032470703125,10252
2006-04-20,111.9869867993489,111.9869867993489,109.34578428049633,109.82119750976562,7748
2006-04-21,109.87398513733389,109.87398513733389,108.92315096158393,109.18727111816406,11394
2006-04-24,109.34575620222319,110.61352986160388,109.34575620222319,110.40223693847656,17189
2006-04-25,110.13813506020051,111.30026245117186,110.13813506020051,111.30026245117188,19444
2006-04-26,111.93414217574146,113.57169070774422,111.45872902015829,111.61720275878906,28681
2006-04-27,113.04347105609247,113.04347105609247,110.66638872080081,112.40958404541016,15375
2006-04-28,113.57169523932934,113.57169523932934,110.93049302446121,112.46238708496094,13822
2006-05-01,112.46238708496092,112.46238708496092,112.46238708496092,112.46238708496094,0
2006-05-02,112.25107806270533,114.099919348444,112.25107806270533,112.83214569091797,6664
2006-05-03,112.83214926439618,114.09992296207356,111.98696142573887,112.67367553710938,4366
2006-05-04,111.98695391794456,112.40954780894181,110.24375915527344,110.24375915527344,22444
2006-05-05,109.87399252326637,110.40223287193591,109.7155188066039,110.24375915527344,26032
2006-05-08,110.19094973002375,110.93048305963111,108.76469421386719,108.76469421386719,16787
2006-05-09,108.55340930136727,113.36040047995544,108.55340930136727,112.1982650756836,21464
2006-05-10,110.93048414185095,114.04709928171275,110.93048414185095,111.8284912109375,7808
2006-05-11,112.09260019285162,113.83579495268049,111.98695373535158,111.98695373535156,5411
2006-05-12,110.93049038130762,113.78298548127466,110.93049038130762,111.8813247680664,9739
2006-05-15,113.94144170589668,113.94144170589668,110.08528554482673,110.93047332763672,8482
2006-05-16,110.93047325140041,113.51884773647653,110.13811272817613,113.36038208007812,6847
2006-05-17,112.51521347246839,113.88864183757065,111.45873259479262,112.14544677734375,6936
2006-05-18,111.45874035031662,111.45874035031662,109.13448548182738,110.08531188964844,16204
2006-05-19,108.55343077908893,110.34944538780591,108.55343077908893,109.1344985961914,7439
2006-05-22,110.13814368614784,110.13814368614784,106.44046020507814,106.44046020507812,18748
2006-05-23,106.44045542707346,108.28929708461568,103.00689234878077,104.59161376953125,28399
2006-05-24,106.70456252679591,108.87035142596834,105.64808170969893,108.2892837524414,29056
2006-05-25,108.2892837524414,108.2892837524414,108.2892837524414,108.2892837524414,0
2006-05-26,109.87400952053326,111.8813247680664,109.55706203817724,111.8813247680664,29117
2006-05-29,112.51519408315983,112.51519408315983,110.40223269192678,111.98695373535156,13222
2006-05-30,112.46237081855035,112.51519807933064,111.45871734619139,111.4587173461914,10760
2006-05-31,110.9304766587808,112.51519775390625,109.60987574617627,112.51519775390625,15980
2006-06-01,112.25107757138534,112.51519775390625,110.77200293720661,112.51519775390625,10283
2006-06-02,112.51519807933064,112.51519807933064,111.19459716290659,111.4587173461914,14257
2006-06-05,111.45871734619139,111.45871734619139,111.45871734619139,111.4587173461914,0
2006-06-06,110.87763658644373,111.8812980002369,109.87398323295793,110.66634368896484,9083
2006-06-07,110.40224512212053,113.20192089278154,110.40224512212053,113.14909362792969,28639
2006-06-08,112.77931201196773,112.77931201196773,111.19459100008996,112.09259796142578,18183
2006-06-09,111.98698559913035,112.19827857424987,110.93050460291215,111.93415832519531,11800
2006-06-12,111.30025433788818,111.67002101801889,108.97599972537309,109.24011993408203,7625
2006-06-13,107.07432920071807,109.34576456953839,106.70456252679591,108.2892837524414,15478
2006-06-14,108.02514538778638,108.71185941551597,106.70454458842468,107.02149200439453,35208
2006-06-15,106.81020899644382,108.2892837524414,106.81020899644382,108.2892837524414,13267
2006-06-16,108.28930798969284,108.87037579327404,107.3384734294285,108.23648071289062,33549
2006-06-19,107.23280334472656,108.18363769580564,107.23280334472656,107.23280334472656,15864
2006-06-20,107.76105623037417,109.08165740966797,107.39128951223388,109.08165740966797,10347
2006-06-21,107.23279116703914,109.97963937797557,107.23279116703914,109.87399291992188,27071
2006-06-22,109.76838288835813,113.5188857858661,109.60990911853425,111.6700439453125,14433
2006-06-23,109.92681960302257,112.2510739092557,109.87399234411852,111.98695373535156,21396
2006-06-26,111.98701359412787,112.25113390920836,110.34946441650389,110.3494644165039,9940
2006-06-27,111.45872359431317,111.45872359431317,110.34941553820835,110.82483673095703,5851
2006-06-28,109.874020551677,112.14545624245159,109.874020551677,111.72286224365234,24786
2006-06-29,111.8284777927795,113.30755234926032,111.72283133738256,112.09259796142578,60944
2006-06-30,112.51520678172808,113.83580780029297,111.72284617058915,113.83580780029297,177375
2006-07-03,115.94876806867757,115.94876806867757,112.3567317282923,113.88863372802734,20476
2006-07-04,115.4205527503363,115.4205527503363,113.466064453125,113.466064453125,6571
2006-07-05,111.45873168235602,114.25840759733963,111.45873168235602,113.57169342041016,18180
2006-07-06,113.88863291009372,115.31488037109374,113.78297838236062,115.31488037109375,24607
2006-07-07,115.31486311582115,115.31486311582115,113.94143506389338,114.36402893066406,8103
2006-07-10,114.89231576444305,114.89231576444305,113.83583469994242,113.99430847167969,9795
2006-07-11,115.1564178466797,116.47701896877464,114.52253092013603,115.15641784667969,21903
2006-07-12,116.47702152953555,117.79762268066406,115.42054060863273,117.79762268066406,27149
2006-07-13,117.79762191248703,117.79762191248703,115.1564196274537,115.42053985595703,24401
2006-07-14,114.89229628467737,116.2128973913978,114.3640558419892,115.20924377441406,20174
2006-07-17,114.09993517645475,115.68465649834995,114.09993517645475,114.89229583740234,12805
2006-07-18,114.89230565461669,115.47337341308594,114.15277219866505,115.47337341308594,13358
2006-07-19,115.26206432438538,115.79030477322335,114.46970365112841,115.15641784667969,24713
2006-07-20,116.37137535637254,120.28035154989682,116.37137535637254,119.85775756835938,53377
2006-07-21,118.85411770858428,120.28036550902516,118.85411770858428,119.91059875488281,55594
2006-07-24,119.91057500797949,122.07636394810629,119.43516185541952,122.0235366821289,67253
2006-07-25,122.49894983468889,123.08001751920362,121.49529626359156,122.0235366821289,30494
2006-07-26,122.28765187846828,123.08001247379313,120.33316402206208,120.86140441894531,43631
2006-07-27,119.96338682898526,121.91787451387648,118.85407886875366,118.90690612792969,28143
2006-07-28,118.32584064030705,121.6009292602539,118.32584064030705,121.6009292602539,31714
2006-07-31,121.91791534423828,122.07638911453117,120.22754726850597,121.91791534423828,31687
2006-08-01,121.91791534423828,121.91791534423828,121.91791534423828,121.91791534423828,0
2006-08-02,122.55178611102556,122.55178611102556,121.17835769772638,121.97071838378906,58108
2006-08-03,120.96706847248916,122.02354941984714,119.22387329728649,120.06906127929688,27386
2006-08-04,119.9634226491539,121.44248962402344,119.91059537420406,121.44248962402344,32249
2006-08-07,119.38231658935548,121.33680423119043,119.38231658935548,119.38231658935547,18108
2006-08-08,119.91057992974167,120.59729411408843,118.6956253051758,118.69562530517578,14900
2006-08-09,119.48797317781053,123.08000939894002,119.17103378378383,122.39329528808594,33443
2006-08-10,122.02355822274397,122.55179873453075,119.9105961755969,122.07638549804688,24007
2006-08-11,122.23482600348981,123.08001387222954,121.01987952510117,121.49529266357422,6515
2006-08-14,123.08004640172679,123.08004640172679,120.43884368924338,122.44615936279297,39729
2006-08-15,120.65010496725381,125.29862213134764,120.65010496725381,125.29862213134766,37919
2006-08-16,124.71757457161782,125.98534843870101,122.65743196222056,125.77405548095703,28215
2006-08-17,124.66473054999935,124.98167800433464,122.39329528808594,122.39329528808594,11572
2006-08-18,123.08000946044922,124.40061042032528,121.54811557111643,123.08000946044922,20956
2006-08-21,122.02354861958236,124.24215698242188,122.02354861958236,124.24215698242188,18818
2006-08-22,123.08003313021626,124.55910810178304,121.91790567409599,124.08368682861328,15202
2006-08-23,122.81588662438914,123.76672090709125,122.71024016193522,123.555419921875,17376
2006-08-24,124.13652202069409,125.29864955095334,122.60462773903106,125.08735656738281,25124
2006-08-25,125.72121114194692,125.82685760647507,124.4534374469919,125.50991821289062,23219
2006-08-28,125.87969521480328,125.87969521480328,123.60825976937262,123.66108703613281,11369
2006-08-29,123.71389607467765,125.72121114194692,123.71389607467765,125.50991821289062,10650
2006-08-30,125.66839287205451,126.14381408691408,124.40061908638067,126.14381408691406,17773
2006-08-31,126.1966503219821,126.77771808733984,124.45346314652937,126.40795135498047,40826
2006-09-01,126.14381364110997,126.51358032226562,124.71756612219009,126.51358032226562,33018
2006-09-04,124.66475134867486,125.93252525691028,123.87239064095023,125.24581909179688,15729
2006-09-05,123.6610954909179,125.03451585718254,123.6610954909179,124.66474914550781,37758
2006-09-06,126.30229096499806,126.30229096499806,124.03085548724921,125.66839599609375,40679
2006-09-07,125.72122326360557,125.72122326360557,124.77038887055843,125.66839599609375,31427
2006-09-08,124.92887158458306,125.7740595636133,124.92887158458306,125.24581909179688,15856
2006-09-11,125.24581245563161,126.09099232956996,121.49530208033234,121.7594223022461,26867
2006-09-12,122.5517687209109,124.13648986816406,121.49528795607547,124.13648986816406,28653
2006-09-13,124.13647645598006,125.35143081633416,123.29128871130563,124.40059661865234,32443
2006-09-14,122.28767267757823,124.87604783842234,120.43883097402953,121.6537857055664,19001
2006-09-15,122.7102621292668,122.7102621292668,119.43517284504522,121.86507415771484,28409
2006-09-18,121.49529983257426,123.08002113473827,120.2275260149668,122.5517807006836,32321
2006-09-19,124.1365074141378,124.55910139186489,122.8159062714342,123.34414672851562,27637
2006-09-20,123.87237028591868,126.19662475585939,122.71024305094834,126.19662475585938,45038
2006-09-21,125.19297743906651,125.19297743906651,123.87237641122826,124.87602996826172,43805
2006-09-22,125.19296830099022,125.19296830099022,121.86505234168703,123.555419921875,46955
2006-09-25,121.75943296446536,124.13651516984537,121.75943296446536,122.65744018554688,10876
2006-09-26,121.01989372804888,124.08368197610292,120.91423918682509,122.92155456542969,19442
2006-09-27,124.13650019372335,126.0909881591797,123.60825976736707,126.09098815917969,17139
2006-09-28,124.40058495863428,126.14377948094405,124.40058495863428,125.98530578613281,20018
2006-09-29,126.19663508513065,126.19663508513065,124.45344812014851,125.72122192382812,32543
2006-10-02,125.61555837475696,125.93249775243923,124.77037058032118,125.45708465576172,8630
2006-10-03,125.14014889980919,126.30228424072264,125.14014889980919,126.30228424072266,16407
2006-10-04,126.67201975677689,126.67201975677689,124.6647050965507,125.98530578613281,25710
2006-10-05,126.77770233154295,126.77770233154295,125.35145479237495,126.77770233154297,19265
2006-10-06,126.77769556478303,126.77769556478303,124.55908750446109,126.03816223144531,17128
2006-10-09,124.1365001996358,127.30594275792438,124.1365001996358,126.77770233154297,22306
2006-10-10,127.30594633679807,128.8378403922457,126.77770589556654,127.99266052246094,34774
2006-10-11,128.09830429607615,129.36607810416103,127.62289113312166,129.15478515625,35595
2006-10-12,128.36242451111963,129.2076124233824,127.3587709180782,129.15478515625,17712
2006-10-13,127.83419033623835,129.3660844343256,127.30594988030349,128.52090454101562,10518
2006-10-16,127.78136611829073,130.10562901609975,127.78136611829073,129.41891479492188,25624
2006-10-17,129.41888058771852,129.947120916648,127.20027281827633,128.89064025878906,54610
2006-10-18,128.41524324436625,129.8943099020702,128.09829578325326,128.151123046875,37748
2006-10-19,128.15116339079287,130.10565185546875,127.93986233009386,130.10565185546875,20511
2006-10-20,129.47174072265625,129.94715391529562,128.890672989155,129.47174072265625,33248
2006-10-23,128.89066850774887,129.94714939715664,128.36242806304497,129.6830291748047,8349
2006-10-24,129.94714534625285,129.94714534625285,128.67937154260824,129.52455139160156,25321
2006-10-25,129.89430860853443,130.0527823375128,128.57370763422927,129.2604217529297,11804
2006-10-26,128.89069404781227,129.94717514656483,128.15116050280994,129.2076416015625,10545
2006-10-27,129.6830350291972,129.6830350291972,127.67571963664258,129.41891479492188,14404
2006-10-30,128.89069404781227,129.3661073181265,127.14749862280833,129.2076416015625,13388
2006-10-31,129.41889947114194,129.7886661432834,127.30593784712329,128.04547119140625,16157
2006-11-01,128.36243385782046,129.41891479492188,127.62290042597344,129.41891479492188,32528
2006-11-02,128.3624563911806,130.4754186363029,128.15116339079287,130.10565185546875,7719
2006-11-03,128.4680790066368,130.10562766627865,128.30960525565374,129.47174072265625,14200
2006-11-06,129.9471435546875,129.9471435546875,128.3095950256064,129.9471435546875,6081
2006-11-07,129.94715526347258,129.9999825344516,128.36243385782046,129.41891479492188,6361
2006-11-08,128.36242229182545,129.9471435546875,128.36242229182545,129.9471435546875,8983
2006-11-09,129.41888058771852,129.947120916648,128.46804638358395,128.89064025878906,13074
2006-11-10,128.8906568536614,128.8906568536614,126.56640233124348,128.83782958984375,13435
2006-11-13,128.36242229182545,130.21126376516452,128.36242229182545,129.9471435546875,10263
2006-11-14,129.41888217268317,130.47536284348058,128.67934892724813,130.21124267578125,18648
2006-11-15,130.47538087201315,131.47903442382812,130.15843340285633,131.47903442382812,45507
2006-11-16,130.47537954552587,132.06010075458082,130.47537954552587,131.5318603515625,27235
2006-11-17,131.79598416137696,133.11658520507814,130.95079626928458,132.0601043701172,53910
2006-11-20,130.47539017692444,133.11659240722656,130.47539017692444,133.11659240722656,9454
2006-11-21,133.51278216673595,134.70132325427366,132.58836132087328,133.38072204589844,28594
2006-11-22,133.38072204589844,134.17308277092357,132.85248156254832,133.38072204589844,8212
2006-11-23,133.11658520507814,134.70130645751954,131.10927000659052,132.0601043701172,22010
2006-11-24,131.2677283819528,131.2677283819528,129.41888713713655,130.68666076660156,75384
2006-11-27,132.06010523850355,132.06010523850355,129.4189031337335,129.9471435546875,23741
2006-11-28,128.36241367885046,129.52454091491,126.03815920673135,127.57005310058594,31025
2006-11-29,126.67204390615971,128.57370442551573,126.67204390615971,128.36241149902344,9007
2006-11-30,128.62656236081563,129.57739687739297,127.2003146161048,127.67572784423828,3167
2006-12-01,126.77768340170633,127.78133683784662,125.08731590174519,126.24944305419922,18156
2006-12-04,127.8341468988463,127.88697415061323,124.77035168342412,124.92882537841797,10119
2006-12-05,124.71757641587983,126.93618474623793,124.66474914550783,124.66474914550781,9822
2006-12-06,125.24578078786645,125.24578078786645,123.97799920704686,124.55906677246094,25478
2006-12-07,123.60827826450728,126.24948079152666,123.60827826450728,125.93253326416016,10708
2006-12-08,126.24945555919719,126.72486869492,124.77038082761345,124.98168182373047,6630
2006-12-11,126.77769595902647,126.77769595902647,124.55908789180528,124.98168182373047,13264
2006-12-12,125.19299794446503,126.77771943743294,125.19299794446503,126.3551254272461,38338
2006-12-13,127.5700629711151,127.99265692428209,125.7212214787801,126.77770233154297,15747
2006-12-14,127.83416169156732,128.36240202913578,126.7776810164304,128.09828186035156,11147
2006-12-15,127.93983277292257,129.84150157832605,127.7285398213486,129.73585510253906,26689
2006-12-18,128.89067197353168,131.58470153808594,128.89067197353168,131.58470153808594,35657
2006-12-19,131.79598277698864,131.79598277698864,129.36607365797866,130.739501953125,122524
2006-12-20,130.73949425852416,131.63750129389476,129.99996094946806,130.0527801513672,62727
2006-12-21,129.94714133522726,131.26774236505682,129.68302112926136,130.739501953125,71229
2006-12-22,130.21124767062923,130.739488026291,129.3660598774471,130.68666076660156,93171
2006-12-27,129.947153438172,131.16210811083474,129.8415069580078,129.8415069580078,2640
2006-12-28,131.26772334657866,131.26772334657866,130.05276896310005,130.21124267578125,4063
2006-12-29,130.89797568876634,131.21491509974,129.8414948649027,130.739501953125,4290
2007-01-03,129.94714890327148,132.06011067405638,129.94714890327148,131.4262237548828,16114
2007-01-04,129.63019765003065,133.38070790841064,129.63019765003065,132.98452758789062,26691
2007-01-05,132.1921671699075,135.22954963235293,132.1921671699075,134.70130920410156,28754
2007-01-08,135.4936577771467,135.4936577771467,132.5883356805607,133.51275634765625,16310
2007-01-09,134.7013197609674,134.7013197609674,132.588357882364,134.5692596435547,5974
2007-01-10,134.70131374540782,134.70131374540782,132.06011151510572,133.11659240722656,8917
2007-01-11,133.64483414745519,134.7013150498066,133.64483414745519,134.43719482421875,19631
2007-01-12,135.2295778508772,135.4936981201172,133.64485623543723,135.4936981201172,14178
2007-01-15,134.701318713202,136.81428057536985,134.17307824766002,136.68222045898438,14257
2007-01-16,135.4936817776905,137.6066436767578,135.4936817776905,137.6066436767578,33067
2007-01-17,136.8142702522678,139.98371280637437,136.55015003942557,138.5310516357422,43292
2007-01-18,138.13487020282238,139.98371167781238,137.87074999210955,138.92723083496094,12317
2007-01-19,140.1157930792219,140.77609370636245,138.1348911978003,140.37991333007812,14511
2007-01-22,140.24784496285739,140.24784496285739,138.6631235508477,139.7196044921875,15932
2007-01-23,138.66312462629145,139.9837258132085,136.68222284591585,137.6066436767578,46400
2007-01-24,138.6631139972866,138.9272342144243,137.47457302016699,137.7386932373047,4469
2007-01-25,138.13485934917745,139.3234002039983,136.8142583993765,137.34249877929688,37621
2007-01-26,137.34249877929688,139.45546029897838,136.68219830439642,137.34249877929688,56437
2007-01-29,138.39898681640625,138.5310469183303,137.34250600101385,138.39898681640625,2546
2007-01-30,138.39901382621676,138.6631340816103,137.3425328046426,137.8707733154297,21908
2007-01-31,137.8707639141412,138.39900438890803,136.28604248984072,137.6066436767578,9202
2007-02-01,138.66310951269068,139.3234100341797,137.7386887826061,139.3234100341797,7631
2007-02-02,140.2478256885188,140.2478256885188,137.4745635986328,137.4745635986328,8238
2007-02-05,139.19134049085017,139.98370106290434,137.7386794420842,139.0592803955078,5743
2007-02-06,139.8516504513709,140.7760711814555,139.3234100341797,139.3234100341797,8627
2007-02-07,139.98373535857803,139.98373535857803,135.8898713999781,137.8707733154297,26796
2007-02-08,139.32339828626246,139.32339828626246,132.45627344182108,134.30511474609375,43190
2007-02-09,135.75777577087945,135.75777577087945,131.53185278968473,134.30511474609375,15781
2007-02-12,133.64480957271545,134.56923019228958,133.1165692186731,134.1730499267578,7756
2007-02-13,133.6448222709482,134.30512277623944,133.24864196777344,133.24864196777344,5890
2007-02-14,134.43718898997585,135.22954963235293,133.9089485617245,134.70130920410156,5444
2007-02-15,135.49367441449846,135.49367441449846,133.11659240722656,133.11659240722656,14797
2007-02-16,132.85244904165194,134.56923019228958,132.85244904165194,134.1730499267578,10567
2007-02-19,134.1730499267578,134.56923019228958,133.64480957271545,134.1730499267578,4209
2007-02-20,134.70127765733827,135.0974578857422,133.6447970482611,135.0974578857422,7008
2007-02-21,132.98454168338586,134.83338337511117,132.98454168338586,133.38072204589844,6957
2007-02-22,133.11655818133713,133.11655818133713,131.53183725060694,132.58831787109375,8162
2007-02-23,132.0600869878386,132.85244750976562,131.3733729234402,132.85244750976562,6509
2007-02-26,131.32059489492335,132.1921885181717,130.63388061523438,130.63388061523438,6324
2007-02-27,130.4753839387045,130.73950414910675,126.83052825927733,126.83052825927734,20352
2007-02-28,126.77770233154295,126.77770233154295,123.60825977325439,126.77770233154297,29402
2007-03-01,124.82318562530246,127.88698100493397,124.82318562530246,126.72484588623047,17653
2007-03-02,128.30958803293316,128.30958803293316,124.71755981445314,124.71755981445312,8452
2007-03-05,122.07634552217318,124.71754721620282,122.07634552217318,124.61189270019531,11772
2007-03-06,125.14016595292746,125.14016595292746,124.24215875282827,124.50627899169922,6926
2007-03-07,123.66105179659108,126.98895908609242,123.66105179659108,125.98530578613281,6960
2007-03-08,125.9317278300478,128.5039519913132,125.9317278300478,127.75371551513672,17281
2007-03-09,128.07524678801207,128.61112648168577,125.93172801331731,126.78913879394531,8780
2007-03-12,128.664727325446,128.664727325446,127.00349688031184,128.07525634765625,5538
2007-03-13,128.0752855167945,128.0752855167945,125.98535735024224,126.0389404296875,7843
2007-03-14,125.93173986505447,125.93173986505447,120.94805660948775,123.84181213378906,30043
2007-03-15,124.7527933780585,125.18149876512659,123.8953826039223,124.16332244873047,3688
2007-03-16,124.43129307816311,125.44946964645877,123.78823892690527,124.53846740722656,22036
2007-03-19,122.23417083727735,125.34226675910791,122.23417083727735,123.52027893066406,46762
2007-03-20,124.3241188033049,125.66381835937499,123.25235915844881,125.663818359375,10929
2007-03-21,125.87815301462656,126.1996841430664,125.07433337040321,126.1996841430664,35926
2007-03-22,128.07525713233258,128.50396255727205,126.36044360945057,127.86090850830078,15263
2007-03-23,127.37861453384392,129.30778489844872,123.57387322709005,126.0925064086914,19243
2007-03-26,126.73557601540777,127.00351592241708,125.93175629437981,126.46763610839844,4824
2007-03-27,127.75372766550295,127.75372766550295,125.93173980712892,125.9317398071289,10243
2007-03-28,126.9499232193989,126.9499232193989,124.48488100921148,125.556640625,5786
2007-03-29,125.55662666039852,126.52121184270092,124.85998135224256,126.0925064086914,22169
2007-03-30,125.93174766869718,126.3068618774414,124.85998811406998,126.3068618774414,4036
2007-04-02,126.25329795900876,126.78917781761767,124.10977852457314,124.32412719726562,4760
2007-04-03,125.61022004098612,127.53939056396484,125.61022004098612,127.53939056396484,10106
2007-04-04,127.27144021956055,128.02166859642017,126.03891516311171,126.0925064086914,10321
2007-04-05,126.30687435573763,128.4503936767578,125.93176010993457,128.4503936767578,4807
2007-04-10,128.6111568726304,128.98627111146683,127.91451147086157,128.5039825439453,3305
2007-04-11,128.61114263986832,129.52213659819213,128.50396832304367,128.66473388671875,14276
2007-04-12,127.37861105850722,128.61113608132845,127.00349688031184,128.07525634765625,2879
2007-04-13,127.00350365771156,129.73649371603307,127.00350365771156,128.28961181640625,3589
2007-04-16,130.4867292935731,130.75466918945312,128.9862642412696,130.75466918945312,6143
2007-04-17,130.75465128244446,130.75465128244446,128.61113240896177,129.68289184570312,6832
2007-04-18,129.68290580718624,133.4340642396255,129.68290580718624,132.3623046875,18245
2007-04-19,132.25516284669672,133.59486261585516,131.076228685213,132.68386840820312,7115
2007-04-20,134.23788674260422,136.64934578588452,133.9699468489064,134.37185668945312,9742
2007-04-23,136.11345990122658,137.18521942800788,134.9077304335976,135.84552001953125,13749
2007-04-24,136.381414873716,136.381414873716,134.90774536132812,134.90774536132812,43007
2007-04-25,136.3813997829219,136.51536972376957,134.9077304335976,135.84552001953125,5020
2007-04-26,136.11348665677585,139.32876586914062,135.04172691932092,139.32876586914062,45118
2007-04-27,136.1134630593554,139.19477177034474,136.1134630593554,138.79286193847656,27859
2007-04-30,138.79286859124986,139.59668829351577,138.12301883936158,139.1947784423828,22562
2007-05-02,136.38140730958912,139.59668606737907,136.2474373613479,139.06080627441406,34525
2007-05-03,138.52495911928253,140.66847879617663,138.52495911928253,140.13259887695312,29253
2007-05-04,139.06080519985144,142.67799377441406,139.06080519985144,142.67799377441406,14167
2007-05-07,141.47227900511416,142.1421288110096,136.11348055795074,140.80242919921875,5378
2007-05-08,141.20430886858125,141.74018859863278,139.59666967842662,141.7401885986328,16393
2007-05-09,140.9363794317691,141.74019908632292,139.3287401226615,140.5344696044922,4897
2007-05-10,140.5344651449034,141.6062246502983,139.32873570133418,140.2665252685547,7429
2007-05-11,140.13254232625013,140.40048217773438,138.12299344011845,140.40048217773438,9695
2007-05-14,141.47227881420616,141.47227881420616,138.25699975024693,139.86463928222656,7952
2007-05-15,138.39096511619678,140.13257455134737,138.39096511619678,138.65890502929688,20475
2007-05-16,138.52493748431695,139.7306671142578,137.98905764878768,139.7306671142578,9255
2007-05-18,138.25699975024693,140.40051912621976,138.25699975024693,139.86463928222656,1696
2007-05-21,140.13256782709166,140.13256782709166,138.25698852539062,138.25698852539062,6859
2007-05-22,137.7210909128189,138.52491050958633,135.4436020553112,137.18521118164062,15131
2007-05-23,136.64935302734375,137.453172751034,135.04171357996321,136.64935302734375,9390
2007-05-24,137.18522135416666,137.72110112508136,135.0417022705078,135.0417022705078,10042
2007-05-25,136.3814084197364,136.3814084197364,133.48766078492102,135.44361877441406,8044
2007-05-29,133.9699452317606,136.51537419116403,133.9699452317606,136.11346435546875,8564
2007-05-30,133.96996005675481,135.17568969726562,133.4340802165278,135.17568969726562,8067
2007-05-31,136.11347496237275,136.11347496237275,132.89819602625371,134.90774536132812,3448
2007-06-01,135.04168252205517,136.11344190715084,134.6397727526443,134.77374267578125,4513
2007-06-04,135.57758204142252,135.57758204142252,134.23788261413574,135.0417022705078,6360
2007-06-05,135.04170479361468,136.11346435546875,133.0053599907166,136.11346435546875,11192
2007-06-06,135.84551027596714,136.1134501384444,133.43405151367188,133.43405151367188,12551
2007-06-07,133.00535504468857,133.4340604888634,128.07526287886887,128.66473388671875,11840
2007-06-08,128.8791221990818,132.36234171797588,128.61118223608992,131.8264617919922,6586
2007-06-11,131.29055689324136,133.16613627743052,129.95085733310623,132.25514221191406,6676
2007-06-12,132.79101403351666,132.79101403351666,130.0580238247897,130.75466918945312,3568
2007-06-13,131.12980760651317,131.12980760651317,128.9862880439159,130.16522216796875,3286
2007-06-14,131.6656582432628,131.6656582432628,129.09343370427555,129.7364959716797,3722
2007-06-15,131.55845575380053,133.1660947243154,131.07616733339592,132.52304077148438,12947
2007-06-18,132.844594106617,133.32689081443564,131.34413726507412,131.39772033691406,9718
2007-06-19,132.2015519335619,132.25514318711333,131.29055786132812,131.29055786132812,16872
2007-06-20,131.0226155033818,131.7728439778446,130.2187957763672,130.2187957763672,5553
2007-06-21,129.68289554867286,130.37954083782188,128.07525634765625,128.07525634765625,8113
2007-06-22,128.07526287886887,129.2006136477182,128.07526287886887,128.66473388671875,12115
2007-06-25,129.14702479044595,129.14702479044595,127.32503684008648,128.61114501953125,3738
2007-06-26,128.3431938335859,128.98624786668805,127.53937424798934,128.12884521484375,7213
2007-06-27,128.289630118908,129.1470411316116,127.91451586717923,128.7719268798828,16059
2007-06-28,127.91450656598778,130.37955691560853,127.91450656598778,129.9508514404297,10216
2007-06-29,130.75469123489933,131.82645099911983,128.2360574243568,130.9690399169922,4707
2007-07-02,132.68383221542032,132.68383221542032,130.3259563587431,131.12977600097656,2800
2007-07-03,131.82643768933355,133.1661372593471,130.0580326215402,131.29055786132812,7279
2007-07-04,130.70108278398152,132.89819328238465,130.70108278398152,131.77284240722656,2799
2007-07-05,133.9699726623302,133.9699726623302,130.16522216796875,130.16522216796875,7727
2007-07-06,130.16518946499534,131.61207134773343,129.4149610773265,131.34413146972656,5851
2007-07-09,131.29055104189578,132.46948496689663,130.7546712417248,131.07620239257812,8274
2007-07-10,131.45132545282246,131.8264397027801,130.11162586234704,130.4867401123047,6834
2007-07-11,130.32597010459372,131.71926090216988,129.25421046857423,130.2187957763672,3534
2007-07-12,130.8082866885432,130.8082866885432,128.8255245196508,129.3614044189453,8790
2007-07-13,129.95086088969217,131.02262056713292,128.6647525475142,128.7719268798828,4016
2007-07-16,129.14702937297952,131.02260863773233,128.82549822827121,130.0044403076172,3927
2007-07-17,129.1470228870463,130.75466217609667,129.1470228870463,129.4149627685547,1854
2007-07-18,128.7718979598481,130.75465128244446,128.02166144800378,129.68289184570312,18865
2007-07-19,129.6829388929268,134.50585810795303,129.6829388929268,133.59486389160156,12945
2007-07-20,132.3623046875,134.10391395970396,130.91543092750587,132.3623046875,11914
2007-07-23,129.68290903959848,131.3977227303666,128.87908935546875,128.87908935546875,7607
2007-07-24,128.66474513509368,130.54032446256224,128.61115388355807,129.14703369140625,4215
2007-07-25,131.55850018953024,131.55850018953024,127.2714614868164,127.2714614868164,8757
2007-07-26,127.53940259644696,128.07528243928917,125.93176306792031,126.68199157714844,3788
2007-07-27,125.9317650774863,127.43223029676379,123.68107133700889,127.00352478027344,10309
2007-07-30,125.93176189221835,128.07528124357526,125.93176189221835,127.2714614868164,10672
2007-07-31,125.2350898005707,128.87907355731696,125.2350898005707,128.12884521484375,4843
2007-08-02,125.23511231157522,130.1652050207096,126.62840311447015,127.37863159179688,1921
2007-08-03,127.27146434242587,127.91451852688576,126.0389390523658,126.2532958984375,7498
2007-08-06,125.39588691448343,126.25329795900876,124.32412719726562,124.32412719726562,8212
2007-08-07,123.25235079303407,127.21785793910277,121.2160059706434,126.6283950805664,14462
2007-08-08,127.53939668631847,130.2187957763672,126.73557695930387,130.2187957763672,7723
2007-08-09,130.64747828100454,130.64747828100454,127.37860869549489,128.12884521484375,3598
2007-08-10,127.80732343151311,127.80732343151311,125.66380438025084,126.1996841430664,34098
2007-08-13,125.55665081688635,127.2714647059702,125.55665081688635,127.00352478027344,20026
2007-08-14,124.75280210513111,127.80731491424741,124.75280210513111,126.41402435302734,7136
2007-08-15,127.0035215678968,127.2714614868164,125.44947330891401,127.2714614868164,13787
2007-08-16,123.2523411445214,127.86091021458867,122.93081002730703,123.84181213378906,20895
2007-08-17,121.64469985796418,124.9135695125629,117.89354171256441,123.52027893066406,24366
2007-08-20,123.52029901580808,125.93175821568285,123.52029901580808,124.53846740722656,4314
2007-08-21,123.25235044164883,125.93174936429337,123.25235044164883,125.1279296875,3947
2007-08-22,123.78823848990677,128.5039825439453,123.78823848990677,128.5039825439453,23538
2007-08-23,128.61113527860502,129.52212918478665,128.4503697241316,129.0398406982422,3914
2007-08-24,129.0398521634109,129.0398521634109,127.43221282958984,127.43221282958984,1764
2007-08-27,129.68291499251026,129.68291499251026,126.46763610839845,126.46763610839844,5036
2007-08-28,127.70014459724251,127.70014459724251,125.93173980712892,125.9317398071289,4052
2007-08-29,125.93174426165862,126.1996841430664,119.76912698927958,126.1996841430664,6449
2007-08-30,125.44944892341279,128.07525634765625,125.44944892341279,128.07525634765625,677
2007-08-31,129.41496833268576,129.41496833268576,126.46762950937409,126.6283950805664,4792
2007-09-03,127.8609166110012,128.98625922379625,126.84274014013741,128.61114501953125,17454
2007-09-04,128.87909336429925,129.4149731703878,127.53939384907784,128.3968048095703,8354
2007-09-05,129.14701827028966,129.14701827028966,125.93173980712892,125.9317398071289,3959
2007-09-06,125.3958643188964,127.80732324810596,125.07433319091797,125.07433319091797,9120
2007-09-07,124.27051708827442,127.27144711198119,124.27051708827442,126.3068618774414,7411
2007-09-10,125.34228358467807,127.05710550855403,124.91358628058603,125.18152618408203,5428
2007-09-11,124.64564976794838,127.43222320473731,123.895413111624,125.28870391845703,6041
2007-09-12,123.78823000081078,125.39586935147067,123.78823000081078,124.75281524658203,8122
2007-09-13,123.78822083168842,125.93173980712892,124.37769182068494,125.9317398071289,2539
2007-09-14,125.93174228420504,125.93174228420504,123.03799488119078,123.78822326660156,15001
2007-09-17,124.2704915586817,125.66378196421611,122.4485039608673,124.8599624633789,6230
2007-09-18,123.46668971462196,125.93173980712892,123.2523410878283,125.9317398071289,10594
2007-09-19,125.93175118710815,127.53939056396484,125.93175118710815,127.53939056396484,2481
2007-09-20,128.55755889855675,128.61115014853598,126.36045665631194,127.53939056396484,2973
2007-09-21,125.82457184615001,128.61114501953125,125.82457184615001,128.61114501953125,8240
2007-09-24,128.611173755837,130.21881342778497,128.0752938651877,130.16522216796875,8267
2007-09-25,129.41495303372494,129.84365844726562,128.61113344966455,129.84365844726562,3882
2007-09-26,129.14702981417295,130.75466918945312,129.14702981417295,130.75466918945312,8122
2007-09-27,131.29053206319924,131.29053206319924,128.77189900185175,129.84365844726562,10135
2007-09-28,129.95086265447017,130.4331512451172,129.14704288547344,130.4331512451172,11845
2007-10-01,130.2187957763672,130.5939100135986,129.95085586736232,130.2187957763672,2444
2007-10-02,130.75470194002477,131.8264617919922,130.21882201404105,131.8264617919922,8775
2007-10-03,131.8264336591396,131.8264336591396,130.27238547618512,131.77284240722656,9662
2007-10-04,131.82642921818166,131.93360354152028,130.48672973425707,131.50489807128906,12156
2007-10-05,131.29055790355235,132.41590881347656,130.5403294148544,132.41590881347656,14193
2007-10-08,132.308712404937,132.95177467268692,131.1297785421895,132.2015380859375,21032
2007-10-09,132.36231751733897,132.89819734534439,130.80826928687415,131.29055786132812,24326
2007-10-10,133.4340642396255,133.4340642396255,131.66565934324314,132.3623046875,33408
2007-10-11,132.3623046875,132.89818446356276,132.09436479946862,132.3623046875,29029
2007-10-12,133.273307515145,133.273307515145,130.3795598031342,131.77284240722656,6051
2007-10-15,132.73740970692907,132.73740970692907,129.4149569607044,130.70106506347656,9496
2007-10-16,128.61115014853598,129.14702994082154,125.9853424370874,127.53939056396484,15235
2007-10-17,127.48579659066728,128.55755615234375,125.98533974582143,128.55755615234375,7416
2007-10-18,127.00352478027342,128.12887573895094,125.98535633337671,127.00352478027344,4048
2007-10-19,127.0034993532677,127.0034993532677,123.35951545796752,123.84181213378906,5636
2007-10-22,124.7528346074802,124.7528346074802,123.14519500732422,123.14519500732422,4434
2007-10-23,124.05616998449723,125.28869512295826,122.18059074067114,124.00257873535156,9480
2007-10-24,122.93082445321407,125.98534589457003,122.93082445321407,125.18152618408203,33076
2007-10-25,125.18152080154351,125.395869444373,123.84182134166774,124.00257873535156,17378
2007-10-26,124.10976436997159,124.10976436997159,120.03707463827925,120.14424896240234,13312
2007-10-29,120.037080078125,121.10883972167969,119.28685159838759,120.57295989990234,20020
2007-10-30,121.10881584666907,121.10881584666907,115.85719299316406,115.85719299316406,28419
2007-10-31,117.08973838105909,118.5366122313993,116.28591866677264,118.000732421875,18555
2007-11-01,118.42942896974422,118.69736885429116,116.44667545947219,117.46484375,10580
2007-11-02,116.55384431367656,118.26865785900834,116.55384431367656,117.0361328125,15736
2007-11-05,116.8217902974802,117.73278427451646,113.60651166543947,116.1251449584961,14751
2007-11-06,118.16150506337485,118.16150506337485,115.3213402677459,115.75004577636719,11860
2007-11-07,115.21416192945387,116.28592157530926,115.21416192945387,116.23233032226562,10781
2007-11-08,115.32133804794532,115.75004354831454,114.624692631955,115.05339813232422,9443
2007-11-09,114.94621069827332,115.42849922066237,113.0706315027304,114.62467956542969,19644
2007-11-12,113.07063829836777,113.4993437756327,110.92711908892004,112.37399291992188,17172
2007-11-13,112.96344449755524,116.28589706400899,110.87350872253765,115.3213119506836,17910
2007-11-14,115.48209460602145,119.82272417054834,115.48209460602145,117.7327880859375,19339
2007-11-15,119.50119130643705,119.50119130643705,117.73278639163914,118.9117202758789,4251
2007-11-16,117.89354920065036,118.96530873883809,116.92896398090613,117.46484375,5944
2007-11-19,116.82180002728747,117.62561975224587,116.12515463028144,116.44668579101562,18570
2007-11-20,116.01795213198659,118.91169916845469,115.21413260220378,118.10787963867188,14937
2007-11-21,117.8935871724358,120.3050469100538,117.62564720158936,118.21511840820312,13135
2007-11-22,117.89354373855218,124.96715472749011,117.89354373855218,123.0915756225586,22149
2007-11-23,122.55571547237209,126.36046553571157,122.55571547237209,123.35953521728516,35790
2007-11-26,121.91265300311873,124.10976342689267,120.19783929954912,121.10883331298828,13834
2007-11-27,122.18058776855467,122.71646753946939,120.62653970365257,122.18058776855469,11907
2007-11-28,122.07343191176417,122.87725168970353,121.37678646884122,121.91266632080078,6766
2007-11-29,123.25237603252178,125.07436440746862,121.1088564493475,124.48490142822266,6582
2007-11-30,125.34229397020235,127.00352478027342,123.25236582051852,127.00352478027344,7188
2007-12-03,127.53939628601076,127.59298753839435,120.03707885742188,120.03707885742188,15323
2007-12-04,121.32319081459288,123.09159589732539,119.50120265473352,121.64472198486328,7196
2007-12-05,121.00166782119982,122.77007290393232,119.92990815613494,121.64472198486328,21865
2007-12-06,120.57293088117932,120.57293088117932,117.08971287794525,119.39399719238281,19766
2007-12-07,120.19783190744421,120.19783190744421,118.26866149902342,118.26866149902344,4114
2007-12-10,119.87630200617465,120.35859870164954,118.53660259131603,119.55477905273438,5235
2007-12-11,118.75096719598758,120.94806947439879,117.89355624346618,119.92990112304688,7230
2007-12-12,118.16148555234285,121.10882419423803,118.16148555234285,119.44759368896484,5479
2007-12-13,120.94806331381676,120.94806331381676,117.5720191034308,117.6256103515625,10190
2007-12-14,118.42942785914066,118.53660217657911,116.8753798140925,118.05431365966797,23002
2007-12-17,116.55384063720703,117.62560009134228,116.55384063720703,116.55384063720703,10503
2007-12-18,117.0897301834836,117.0897301834836,115.32132530048591,116.1251449584961,4718
2007-12-19,118.37583723945629,118.37583723945629,115.75002965235252,116.71461486816406,16250
2007-12-20,118.42943345841614,119.28684439221416,115.21415472198855,115.26774597167969,10985
2007-12-21,115.48207933028125,116.39307321630511,114.1423800341063,114.51749420166016,6999
2007-12-24,114.51749420166017,114.51749420166017,114.51749420166017,114.51749420166016,0
2007-12-27,114.14238739013673,115.05338133487058,112.64192244634656,114.14238739013672,3035
2007-12-28,114.14238739013673,115.75002664915274,113.60650763713139,114.14238739013672,1675
2007-12-31,114.14238739013673,114.14238739013673,114.14238739013673,114.14238739013672,0
2008-01-03,115.80361875489588,115.80361875489588,112.85628009148634,113.17780303955078,9007
2008-01-04,112.80269890662832,115.2141580281477,110.44483103633793,110.6591796875,3136
2008-01-07,112.64193053593722,113.17781032742776,111.67734527587889,111.6773452758789,5700
2008-01-08,112.90987064321925,117.35767455629907,112.90987064321925,116.3930892944336,66954
2008-01-09,117.89355164688666,121.1088303281654,116.12514673680806,119.2868423461914,17510
2008-01-10,117.89356334411278,122.01983642578125,117.89356334411278,122.01983642578125,7758
2008-01-11,120.8408935546875,121.00165912827308,117.8935546875,117.8935546875,9330
2008-01-14,120.14424818706783,120.14424818706783,117.03614374629475,117.8935546875,3052
2008-01-15,115.6428593821103,116.01797359670121,114.41033423970305,115.48209381103516,13892
2008-01-16,116.07157695205254,117.51845088888163,113.60652641013817,115.75004577636719,23662
2008-01-17,113.98163985146805,119.39402948337143,113.98163985146805,115.96439361572266,31982
2008-01-18,117.03615652266673,119.55479837107846,117.03615652266673,117.94715881347656,11580
2008-01-21,113.60650346639876,116.01796226639307,110.92710479973842,112.15962982177734,13702
2008-01-22,109.85537026517727,113.07064939488977,106.21138561612756,112.4811782836914,15351
2008-01-23,112.9098754560783,113.55292959910699,109.15871674872103,110.23047637939453,6067
2008-01-24,111.30221662575674,113.82084968382081,108.72999232474159,111.46298217773438,6553
2008-01-25,111.35580786870783,114.14238078777606,111.35580786870783,111.46298217773438,20412
2008-01-28,111.46298453307048,112.48115275565108,110.12328519974031,112.15962982177734,13660
2008-01-29,113.0706402791728,113.0706402791728,110.33764996849887,111.57017517089844,26293
2008-01-30,112.53477052484988,114.62469870670313,108.99796018046064,113.76729583740234,8280
2008-01-31,113.6065101800963,115.21414947509766,112.8026905325956,115.21414947509766,19255
2008-02-01,115.48208935759789,117.6256084175997,114.89261834534686,115.21414947509766,12093
2008-02-04,117.67919966485026,117.67919966485026,115.21414947509766,115.21414947509766,4645
2008-02-05,116.55386553870308,116.55386553870308,113.07064656858093,115.75004577636719,5744
2008-02-06,113.66010581052122,116.17873916777636,112.53475498987186,115.48209381103516,13177
2008-02-07,112.53473957930214,116.07154895111613,112.53473957930214,114.73184967041016,6725
2008-02-08,114.89261395348034,115.05337951221033,110.92710711481232,112.85627746582031,3083
2008-02-11,113.23140490627848,113.87445903959728,112.0524709657145,112.53475952148438,3332
2008-02-12,113.07064178754698,114.0352270969394,112.53476196864865,113.60652160644531,11411
2008-02-13,113.71368822819711,117.57202102740108,113.71368822819711,116.82179260253906,5852
2008-02-14,117.89353995487608,117.89353995487608,115.69642980314856,116.55384063720703,4407
2008-02-15,117.89357836001388,117.89357836001388,113.82088783682569,114.67829895019531,6008
2008-02-18,116.17873208693223,116.17873208693223,113.82085626758308,114.14238739013672,5912
2008-02-19,113.12422275049646,115.42849922066237,112.53475173257527,114.62467956542969,6609
2008-02-20,114.08879354191278,114.24955909952281,111.78451719804738,113.07062530517578,13178
2008-02-21,113.60650448944305,115.16055245935017,113.60650448944305,114.41032409667969,2671
2008-02-22,115.16059420845421,117.83999387060419,114.03525125647853,116.01800537109375,3746
2008-02-25,117.0897410583496,121.80548512536566,117.0897410583496,120.57295989990234,6296
2008-02-26,122.77005878731141,123.09158174373441,118.96530914306639,122.18058776855469,12880
2008-02-27,121.37677375943053,123.25235304489635,121.10883386150685,122.98441314697266,13950
2008-02-28,122.18057516346808,123.25233459472658,120.9480501821457,123.25233459472656,5139
2008-02-29,122.18059936523437,122.44853927612304,119.07249476355034,120.57295989990234,3760
2008-03-03,118.42944061279296,120.57295989990234,117.89356079101562,120.57295989990234,3076
2008-03-04,119.50119211442315,120.5193604356788,117.89355275862373,118.69737243652344,2151
2008-03-05,120.03705433662535,120.03705433662535,116.82177609546574,118.37582397460938,7734
2008-03-06,117.89355216769998,117.89355216769998,115.80362428638684,116.82179260253906,3682
2008-03-07,116.05537995837983,117.58818853411745,113.86565580822172,114.96051788330078,9652
2008-03-10,114.4678529885247,115.9459153736011,113.09927515916948,113.48247528076172,3105
2008-03-11,113.48246178034015,116.0553861228132,113.15399979911584,114.57732391357422,9896
2008-03-12,114.96053362417778,115.67219574104986,112.3328626135694,114.08464050292969,2082
2008-03-13,115.45320442832306,115.45320442832306,110.14312494501502,112.71604919433594,4726
2008-03-14,112.98978033961339,114.13938903808594,110.03365561944975,114.13938903808594,7283
2008-03-17,109.4862289428711,111.8401845357701,108.50085121175799,109.4862289428711,18370
2008-03-18,111.12853658990134,112.2233990193585,108.93881173098703,111.40225219726562,10956
2008-03-19,112.22338867187501,112.22338867187501,109.92417945263954,112.223388671875,5564
2008-03-20,109.4862429457156,112.66134566176885,109.32201191066954,111.40225219726562,3910
2008-03-25,113.26349425103436,113.9751563705256,110.47160057891071,113.04452514648438,16054
2008-03-26,111.40223103613403,112.82555526531932,110.03365325927734,110.03365325927734,3547
2008-03-27,113.04450527787974,114.41308282361678,112.05912777432218,113.64668273925781,2732
2008-03-28,112.77082688010655,114.68683607467148,111.07378682366561,113.09928894042969,4947
2008-03-31,112.77081162394472,112.77081162394472,109.48622487761624,109.9241714477539,6944
2008-04-01,109.92416309312036,115.45321201733066,109.92416309312036,114.3036117553711,8864
2008-04-02,115.67216790227835,116.32908340854691,112.77078203369723,114.6867904663086,8141
2008-04-03,113.59193420410156,115.50794273284545,112.38758765666084,113.59193420410156,4944
2008-04-04,114.85102348168932,114.85102348168932,111.89489112100179,113.15398406982422,3237
2008-04-07,114.19410829883418,114.74153929096065,113.31821537017822,113.86564636230469,15479
2008-04-08,114.57733050092227,114.57733050092227,112.49709065755209,113.3182373046875,13162
2008-04-09,112.77079447887657,112.77079447887657,108.06288418365013,109.7051773071289,8867
2008-04-10,110.90954086507236,110.90954086507236,107.29649237249933,110.25261688232422,18363
2008-04-11,110.36211769209955,110.69057135388117,107.02278450193563,108.50084686279297,30219
2008-04-14,108.71978565190061,108.71978565190061,102.9170144733218,103.08124542236328,18954
2008-04-15,103.46447306355,105.70894380988642,100.1798866170881,102.47909545898438,19444
2008-04-16,101.76743489313093,103.46447459009565,101.27475026014653,102.86229705810547,15181
2008-04-17,104.01190244234525,104.01190244234525,99.03027640516834,99.63245391845703,17206
2008-04-18,100.45359248479731,104.01189412594817,99.46821497508249,100.50833892822266,26348
2008-04-21,100.61786445767946,105.2162835724158,100.61786445767946,102.69810485839844,13811
2008-04-22,102.36962733913113,103.4644896636138,101.27476501464844,101.27476501464844,9279
2008-04-23,103.95716805554105,103.95716805554105,100.94629684604988,101.657958984375,14543
2008-04-24,101.21999892958,104.5045852661133,101.21999892958,104.50458526611328,7570
2008-04-25,105.1067553962883,106.69430200633263,104.61407082162198,105.21623992919922,13562
2008-04-28,104.01192415394557,106.7490800527336,103.51923943341848,104.8878173828125,11060
2008-04-29,104.01191503353158,105.32574640849013,102.36962163826529,103.95716857910156,12312
2008-04-30,103.30023136728772,105.21623992919922,102.0958847989988,105.21623992919922,12314
2008-05-02,105.65419593531423,108.28186672764856,103.84767174351343,104.55933380126953,21234
2008-05-05,104.61408751178277,105.05202571329522,103.13601684570312,103.13601684570312,4628
2008-05-06,104.34036447987667,106.09214221976167,102.36960930179657,103.84767150878906,30915
2008-05-07,107.84393106903819,107.84393106903819,102.3696198472596,105.1615219116211,13134
2008-05-08,105.87316567404191,106.91328971968242,103.6287032972844,104.39510345458984,8466
2008-05-09,102.47909803192279,105.05202247562252,101.54846685268699,104.12139129638672,16393
2008-05-13,103.62870426212477,107.40597534179688,103.62870426212477,107.40597534179688,11798
2008-05-14,108.11763893209242,108.66507001529288,107.29649230729171,107.78917694091797,12141
2008-05-15,108.33660909338752,110.30736435361449,107.35123981640955,109.04827117919922,7465
2008-05-16,110.58107241965887,111.40221899703256,109.75992584228516,109.75992584228516,3822
2008-05-19,111.29274307578085,113.48246745168156,110.3073654359984,112.77080535888672,7169
2008-05-20,112.7160851684478,112.7160851684478,111.01905339363738,111.07379150390625,6265
2008-05-21,112.22336916002493,112.22336916002493,111.12850702187833,111.94965362548828,15836
2008-05-22,110.58108942479264,111.67595169632524,108.55559589308457,110.85480499267578,12313
2008-05-23,111.5117168578735,113.04452565604021,108.44610761467601,109.54096984863281,10726
2008-05-26,110.5810718995088,110.5810718995088,107.02277008096024,108.33660125732422,1139
2008-05-27,109.4862185999349,112.93503615645997,108.55558741246257,112.05914306640625,6052
2008-05-28,112.22339079572582,114.41311549417901,111.29275946951059,112.4423599243164,9751
2008-05-29,113.04453541825458,114.4131133288872,110.80006430356242,112.223388671875,8708
2008-05-30,112.22337426491153,114.41309864081224,111.67594317093635,112.77080535888672,7063
2008-06-02,113.48247261293574,117.6429441044866,113.48247261293574,116.76705932617188,12231
2008-06-03,117.69767334883187,117.69767334883187,115.28898011922595,115.67218017578125,4589
2008-06-04,116.05537746309852,116.05537746309852,112.93502228684024,114.0298843383789,3176
2008-06-05,114.41309530249139,116.05538853649844,114.41309530249139,115.5079574584961,4696
2008-06-06,117.25973865885605,118.51883184562608,112.22337426491153,112.77080535888672,8856
2008-06-09,110.58107595280505,114.90577805722997,108.39135167651187,111.94965362548828,11601
2008-06-10,111.67593293589324,112.05913299592865,109.21249323877795,111.12850189208984,9237
2008-06-11,111.67595139964854,111.94966696680454,108.4461110484622,109.43148040771484,2631
2008-06-12,108.39135275023762,112.16862382300694,108.39135275023762,108.9935302734375,3267
2008-06-13,108.4461145585935,112.71607086192603,108.3913681021358,109.86943054199219,11204
2008-06-16,111.1285214171425,111.1832678723956,107.89868103248007,108.22713470458984,2827
2008-06-17,108.39136488172744,110.8548049926758,108.39136488172744,110.85480499267578,4668
2008-06-18,111.12851639759693,111.12851639759693,107.89867615882261,108.11764526367188,2445
2008-06-19,107.35125273901984,108.93879974581989,107.35125273901984,108.82931518554688,2107
2008-06-20,106.80383152713746,108.66509428445764,105.10679144894642,105.70896911621094,9558
2008-06-23,105.65419812031483,106.09214465361678,104.77830505371094,104.77830505371094,10387
2008-06-24,105.59944452261001,106.58482206754985,105.10675992670748,106.20162200927734,15271
2008-06-25,104.61408637695114,108.2818730702129,104.06665527786323,106.63957977294922,10520
2008-06-26,107.29648806994182,108.66506572389515,106.20162594677915,107.51545715332031,6334
2008-06-27,106.42059446261588,107.18700295662356,105.92790985107422,105.92790985107422,1899
2008-06-30,106.80381671080478,111.34748840332033,104.01191460899315,111.34748840332031,6834
2008-07-01,112.49709325761938,112.49709325761938,108.11764437167798,110.03365325927734,14706
2008-07-02,108.93878382473376,111.94965473446258,108.93878382473376,108.9935302734375,11002
2008-07-03,109.48621772070916,110.80004899210347,107.57020891059676,109.04827117919922,9008
2008-07-04,110.96428191227218,110.96428191227218,107.46072622574866,108.391357421875,2856
2008-07-07,108.93878592466697,108.93878592466697,106.42059959218933,106.74906158447266,6676
2008-07-08,104.55934773731141,108.77456584457576,104.55934773731141,108.22713470458984,6653
2008-07-09,107.57021308589796,110.80005329276983,107.57021308589796,109.32199096679688,4715
2008-07-10,107.18701412961967,112.16863227083735,107.18701412961967,111.2927474975586,4156
2008-07-11,107.29648950938886,112.11388458655989,107.29648950938886,107.73443603515625,4846
2008-07-14,108.22713470458984,109.48622799718473,107.35124989249414,108.22713470458984,8555
2008-07-15,107.29651647187414,109.04829466201197,106.69433880348114,108.0081787109375,6097
2008-07-16,108.93878592466697,109.54096345947458,106.25637694918312,106.74906158447266,7007
2008-07-17,108.33659149449574,108.33659149449574,103.73817443847656,103.73817443847656,6423
2008-07-18,105.10676832932693,106.74906158447266,104.9972837829443,106.74906158447266,7849
2008-07-21,106.74907164087321,106.74907164087321,101.87693786621094,101.87693786621094,16225
2008-07-22,103.84767763709857,108.391357421875,102.42436179394524,108.391357421875,7707
2008-07-23,108.39138231984795,109.92419141722078,105.54474162651985,107.0228042602539,8943
2008-07-24,107.29649230729171,109.48621664009359,107.2417458577175,107.78917694091797,9200
2008-07-25,106.80381792925967,113.75619168286443,106.80381792925967,110.85480499267578,8808
2008-07-28,109.81468077423975,112.71605888931265,106.74906330723915,110.30736541748047,17791
2008-07-29,109.48623040619778,112.44235528591054,109.48623040619778,109.86943054199219,14300
2008-07-30,111.45696332134744,112.27810988308684,109.65043921489382,109.7051773071289,10400
2008-07-31,107.29649504052259,114.96053040055992,107.29649504052259,112.60657501220703,22200
2008-08-04,112.66132210767842,116.21962425948033,112.66132210767842,114.9057846069336,16500
2008-08-05,112.22336397969664,115.72691931878445,111.12850189208984,111.12850189208984,6900
2008-08-06,116.43860696599616,116.43860696599616,111.18327280104889,112.223388671875,5600
2008-08-07,112.49710023880006,112.82556226688321,109.4862289428711,109.4862289428711,12000
2008-08-08,114.96053215027655,114.96053215027655,109.48622109550148,111.23799896240234,7000
2008-08-11,111.94965307448696,111.94965307448696,109.75992880897132,110.36210632324219,3400
2008-08-12,108.93879884255044,111.7307010486141,108.71982972382,111.45698547363281,11100
2008-08-13,111.23801090559219,112.66133527390478,110.5263487214359,112.223388671875,4700
2008-08-14,112.66131622490781,113.53720092773438,111.29273854567698,113.53720092773438,1300
2008-08-15,114.96051235950885,114.96051235950885,111.73067273447163,113.42770385742188,3100
2008-08-18,112.82556561796109,114.35836618617851,111.18327213503959,112.38761901855469,4875
2008-08-19,114.029899402832,114.029899402832,112.11389055951602,113.3182373046875,3353
2008-08-20,113.31822048794544,113.31822048794544,111.84015841307738,112.93502044677734,1226
2008-08-21,110.80005430977442,112.6613251122365,110.30736964763982,110.58108520507812,3413
2008-08-22,109.75993722959144,114.96053275917309,109.48622167540294,110.9095458984375,4915
2008-08-25,112.27808901731102,112.27808901731102,109.59567240224881,110.47156524658203,604
2008-08-26,110.58107595280505,113.15400030682248,109.7599293491951,111.94965362548828,10312
2008-08-27,112.77079967405533,112.77079967405533,109.75992880897132,110.36210632324219,2489
2008-08-28,111.12852634336892,112.88030439835134,109.86943299495957,112.223388671875,3691
2008-08-29,112.77079714285756,112.77079714285756,111.01901944039163,111.1832504272461,4342
2008-09-01,112.22339142526103,112.8803071678547,110.58109789220843,112.11390686035156,13451
2008-09-02,110.58106540369555,113.31822048794544,110.58106540369555,112.93502044677734,10940
2008-09-03,110.47159981849866,112.22337770224804,109.48622214853468,110.03365325927734,8658
2008-09-04,110.58109389144167,110.58109389144167,108.66508483886719,108.66508483886719,13115
2008-09-05,108.39134839191667,109.65044148325784,106.42059326171874,106.42059326171875,8638
2008-09-08,106.74906953050035,110.08840273911915,106.74906953050035,108.17239379882812,4995
2008-09-09,109.48621788803412,110.58108006691447,106.74906244083327,107.29649353027344,10852
2008-09-10,107.24176814643529,112.22339538017602,107.02279900889957,110.08841705322266,13222
2008-09-11,112.22336557440627,112.22336557440627,109.15774834429047,109.75992584228516,18897
2008-09-12,111.4022361284421,111.4022361284421,108.99354247232486,110.85480499267578,9695
2008-09-15,109.21251093675643,109.21251093675643,104.34037719862678,107.84393310546875,26245
2008-09-16,108.39134754854089,108.39134754854089,102.3696060180664,102.3696060180664,72079
2008-09-17,104.39512335323478,105.927932313148,102.80757628772915,102.91706085205078,95819
2008-09-18,104.01190863715279,106.31111757850482,103.19076199001736,103.4644775390625,51855
2008-09-19,105.16152127146214,107.73444585940848,97.16902359506443,99.68721008300781,329353
2008-09-22,100.72731604942908,102.36960924588716,99.63245391845702,99.63245391845703,68349
2008-09-23,100.17989595474735,102.64333601920835,99.68721128310958,101.82218933105469,29151
2008-09-24,102.86230512812824,102.86230512812824,99.79669583756952,101.82218933105469,17201
2008-09-25,103.73820201987098,104.28563316509458,100.45361514852942,102.9718017578125,5247
2008-09-26,103.19077215654889,103.19077215654889,98.59235382080078,98.59235382080078,39546
2008-09-29,100.7273229323433,100.7273229323433,96.62158966064452,96.62158966064453,10309
2008-09-30,94.3771083365209,99.63244968303374,94.3771083365209,95.85517883300781,19287
2008-10-01,96.89529685974121,100.34411418130816,96.89529685974121,98.53759002685547,33134
2008-10-02,99.63246895225055,103.02654039977685,99.63246895225055,102.09590911865234,37974
2008-10-03,101.82217380496293,103.40972048539929,99.5229650993488,101.11051177978516,14011
2008-10-06,97.33324695666633,100.1798868804566,94.7603225708008,94.76032257080078,21103
2008-10-07,95.30774185317568,98.53758145976998,95.30774185317568,97.99015045166016,20965
2008-10-08,95.80044914694393,97.71645812988281,91.96843118106617,93.06329345703125,29850
2008-10-09,92.51585205078125,94.21289173142841,88.95755004882812,88.95755004882812,53333
2008-10-10,82.49787528982573,87.58898681932642,81.56724397549773,85.23503112792969,25874
2008-10-13,87.58898358012354,94.70558849600859,87.04155243274776,94.15815734863281,29252
2008-10-14,98.48285801215165,98.81132003496282,91.25676868853232,91.47574615478516,30129
2008-10-15,90.8735689051011,95.90993370391318,90.8735689051011,93.06329345703125,20549
2008-10-16,90.32612840017238,93.66546133682685,88.79331970214844,88.79331970214844,9004
2008-10-17,93.44648677338328,97.11427345996101,90.59984673394098,96.07415771484375,27539
2008-10-20,99.63246362986888,100.78207232069867,96.78582348249982,99.68721008300781,26402
2008-10-21,99.90618523834758,100.17990081434304,94.7055892944336,94.7055892944336,31161
2008-10-22,93.33700902602251,95.52673357795265,91.6947156120749,93.06329345703125,69072
2008-10-23,93.44649099216406,97.11427784432948,91.69471306981568,93.88443756103516,39338
2008-10-24,92.07792175895261,92.07792175895261,85.94669428325835,91.96843719482422,53077
2008-10-27,88.6290877175221,92.51585169199001,85.28976317129003,89.99766540527344,37641
2008-10-28,89.99767379239277,95.19826949050498,89.66922012860418,90.3808822631836,49704
2008-10-29,92.84431160465353,95.25300494004428,90.43560991612766,92.24213409423828,33550
2008-10-30,93.61073257893705,95.19827967323148,88.13642073221558,89.88819885253906,20795
2008-10-31,91.42098802022933,97.88067626953125,90.32612588825053,97.88067626953125,18666
2008-11-03,98.04490669715008,98.53759131245833,96.34786706107036,98.2091293334961,9931
2008-11-04,98.53760300925522,103.46448315971799,95.80044737010924,100.78207397460938,67444
2008-11-05,99.63246711282169,99.63246711282169,93.06329345703125,93.06329345703125,31098
2008-11-06,93.06329150358489,95.19826955564798,90.54510498046875,90.54510498046875,59522
2008-11-07,89.83346249094986,94.97931238557028,89.83346249094986,93.28227233886719,85264
2008-11-10,95.25302044642453,97.22377593484653,94.7055892944336,94.7055892944336,26357
2008-11-11,93.22752967308422,94.70559215751638,90.70934295654295,90.70934295654297,8997
2008-11-12,91.9684176772388,93.61071085004663,91.6947021484375,91.6947021484375,17972
2008-11-13,91.74945742264583,95.14352863569783,91.74945742264583,93.66546630859375,16331
2008-11-14,96.29314502992072,98.53761629796253,96.29314502992072,97.55223846435547,16370
2008-11-17,97.16901472245141,97.22376117059137,93.88442830929812,95.25300598144531,10259
2008-11-18,94.54133241103892,96.34785638895875,92.46109293201411,95.6909408569336,18867
2008-11-19,96.78582852666379,96.78582852666379,90.92831692037032,94.15815734863281,15711
2008-11-20,91.42098307515215,91.42098307515215,85.94667271137058,86.16564178466797,16989
2008-11-21,86.16566591642376,88.1911680007975,83.20954083333636,84.96131896972656,21605
2008-11-24,87.80794806887833,91.80419690467988,87.58897896272589,90.87356567382812,9764
2008-11-25,91.42098922953228,93.33699798583984,90.05241154645546,93.33699798583984,10375
2008-11-26,93.33700643823029,93.88443756103516,89.34075757112753,93.88443756103516,7283
2008-11-27,95.03403307772957,95.03403307772957,90.59983825683592,90.59983825683594,5302
2008-11-28,91.14727328729631,95.90992193258204,91.14727328729631,94.212890625,11260
2008-12-01,96.29311875270277,96.29311875270277,91.14727020263672,91.14727020263672,4768
2008-12-02,94.15814072575495,94.26762526527419,90.326123370637,90.43560791015625,4289
2008-12-03,89.83344963802647,94.4866141323748,89.77870318507387,92.6253433227539,4573
2008-12-04,90.49036784244629,94.70558589065153,90.49036784244629,91.80419921875,6789
2008-12-05,91.2567565104384,93.06328068854901,90.98304097900149,92.24213409423828,7416
2008-12-08,93.61072620125704,96.3478819381359,93.06329505388126,94.15815734863281,26358
2008-12-09,93.99391371284811,98.20913131101989,93.99391371284811,95.8004379272461,11298
2008-12-10,97.4427139279632,97.4427139279632,93.06326611097609,93.82966613769531,3871
2008-12-11,94.70559609618132,95.14354271985466,91.80420911162464,93.44650268554688,8581
2008-12-12,91.5852243811306,94.43186442057292,91.5852243811306,93.6107177734375,6121
2008-12-15,93.39174565558413,94.1581458268743,91.96842150531909,92.84431457519531,8291
2008-12-16,92.78956244431232,92.78956244431232,90.59983825683592,90.59983825683594,9508
2008-12-17,91.9136814577561,93.00854369479018,90.32613455531109,90.87356567382812,9515
2008-12-18,91.09253071108802,93.7749480838857,88.84806823730469,88.84806823730469,9953
2008-12-19,89.23126324843228,92.84431160465353,89.23126324843228,92.24213409423828,6117
2008-12-22,88.957549399994,96.73106896924334,88.957549399994,93.33699798583984,13153
2008-12-23,94.70557296525186,95.80043508045708,91.6947021484375,91.6947021484375,7137
2008-12-24,92.296875,92.296875,92.296875,92.296875,0
2008-12-29,91.69469574217787,93.61070430992487,91.5304647657441,92.95378875732422,9850
2008-12-30,92.73480830676522,95.25299425475376,92.35160827636719,92.35160827636719,10020
2008-12-31,92.296875,92.296875,92.296875,92.296875,0
2009-01-05,93.06330458731185,94.70559819767618,93.06330458731185,93.50125122070312,6989
2009-01-06,94.97929635196502,97.99016741787744,94.70558080051843,96.62158966064453,14577
2009-01-07,96.89529024241845,96.89529024241845,94.97928167830283,95.74568176269531,15784
2009-01-08,94.97929570937187,97.60696665610843,94.8698111601611,96.78582000732422,9115
2009-01-09,96.89532470703125,97.44275592006532,96.23840892201784,96.89532470703125,1699
2009-01-12,97.44274937522515,97.44274937522515,94.32239334114024,94.97930908203125,4126
2009-01-13,94.158153943048,94.70558507062387,93.0632916878963,94.43186950683594,11337
2009-01-14,94.70558849600859,95.25301964338435,94.15815734863281,94.15815734863281,4869
2009-01-15,93.39175436176355,96.89531026160672,93.39175436176355,94.26763916015625,4095
2009-01-16,97.44273631498427,97.44273631498427,94.65083434897483,96.62158966064453,2932
2009-01-19,95.80044093922868,97.11427221656959,94.65083230670372,96.56684112548828,6488
2009-01-20,96.89530007498605,97.88067767857906,95.30775330201723,95.8004379272461,10745
2009-01-21,97.93541964339236,97.99016609419644,94.70557952120662,96.9500503540039,10003
2009-01-22,96.34787203030999,97.99016530355391,95.58147184405037,96.56684112548828,4380
2009-01-23,96.89528560638428,96.89528560638428,93.61069965362549,96.34785461425781,11884
2009-01-26,95.8004379272461,96.89530007498605,95.52672239031111,95.8004379272461,9025
2009-01-27,93.99391996287474,95.52672874226025,93.61071985631233,93.66546630859375,13215
2009-01-28,95.25301815368299,95.25301815368299,93.11804005356186,93.77495574951172,8943
2009-01-29,93.61071730647981,94.97929504487864,92.02317047119142,92.0231704711914,4748
2009-01-30,92.57061036249763,94.15815734863281,92.29689478880975,94.15815734863281,4611
2009-02-02,93.61070367683878,94.37710375750066,92.78955715335773,93.1180191040039,3375
2009-02-03,94.70558103759221,94.70558103759221,92.13265651818072,92.4063720703125,9523
2009-02-04,90.59983680945884,90.59983680945884,85.12552642822266,85.12552642822266,73862
2009-02-05,84.85182355163963,86.98680157716844,82.66209907288764,85.94668579101562,24145
2009-02-06,84.8518081414895,86.11090115873205,82.9905460138332,83.48323059082031,11954
2009-02-09,88.08166683538333,88.13641329048286,83.59273317071892,86.71308898925781,10493
2009-02-10,88.13640679253473,88.683837890625,85.7824514001194,88.683837890625,6197
2009-02-11,87.31524469284784,87.31524469284784,85.3444897472415,86.22038269042969,9074
2009-02-12,88.02691601451595,88.02691601451595,85.39924525899673,86.60359191894531,8353
2009-02-13,87.86267936454968,89.39548790259552,84.90655517578125,84.90655517578125,21584
2009-02-16,86.43939775962338,86.93209093484278,84.79710388183594,84.79710388183594,4018
2009-02-17,85.89193418744446,85.89193418744446,82.66209411621094,82.66209411621094,5590
2009-02-18,82.66209375343671,85.83719571393091,82.66209375343671,83.70220947265625,5154
2009-02-19,82.71684142000403,84.68758834117034,82.71684142000403,83.20952606201172,6899
2009-02-20,82.71685083052549,84.52336695883423,81.84095764160156,81.84095764160156,6083
2009-02-23,81.84095423380533,83.97593230734579,81.67672322357849,82.11466979980469,7511
2009-02-24,81.01980212309483,81.8409487662343,78.83007774138956,79.87019348144531,3772
2009-02-25,80.47236299262582,80.47236299262582,76.09291466649651,77.24252319335938,5312
2009-02-26,76.64035163957557,77.46149826428531,75.54548947329592,76.3118896484375,8008
2009-02-27,76.2024073820103,76.2024073820103,72.53462068587976,74.61486053466797,22197
2009-03-02,74.7243413561173,74.7243413561173,71.71347045898438,71.71347045898438,10244
2009-03-03,72.75358615492165,74.83382589993145,71.65872401050967,71.71347045898438,16843
2009-03-04,73.08206221651062,73.08206221651062,69.52375956177416,71.33028411865234,8034
2009-03-05,72.75358998303155,76.4761231405296,72.75358998303155,72.86308288574219,11396
2009-03-06,73.9579549876952,74.45063970330055,72.86309263911726,73.08206176757812,8030
2009-03-09,73.08206176757812,75.27178646473402,70.94708352910585,73.08206176757812,13391
2009-03-10,75.32652126438234,81.34826324951612,74.99805926939356,79.32276153564453,19734
2009-03-11,78.0636945303041,82.05993571371323,78.00894806759818,80.6366195678711,7404
2009-03-12,82.1694119908475,84.30438995361328,78.72059436757253,84.30438995361328,10796
2009-03-13,84.30440082100176,84.30440082100176,82.38839171143354,82.60736083984375,22052
2009-03-16,86.28758625975739,86.57068202654058,84.41916111050608,86.23097229003906,20608
2009-03-17,84.92873431208861,86.06111743624979,84.92873431208861,85.8912582397461,5075
2009-03-18,85.21183776855469,86.34422099471487,84.87211934494727,85.21183776855469,6246
2009-03-19,85.4949402569927,86.11775453581653,84.6456527709961,84.6456527709961,8533
2009-03-20,83.23015812874803,84.87211017348817,83.23015812874803,83.68311309814453,5966
2009-03-23,84.36254169714796,85.94787977906783,84.1360685309012,85.32506561279297,2812
2009-03-24,86.28759225298755,87.19350222537392,84.7588767340586,86.06111907958984,8769
2009-03-25,87.4766136391711,87.98618269004733,85.09861033608321,87.70308685302734,3682
2009-03-26,87.70304896541852,88.32586299356728,84.98533701559445,85.94786071777344,4466
2009-03-27,86.00448840923683,89.7413558959961,85.09858716111732,89.7413558959961,9612
2009-03-30,88.89207998048735,90.02446316495217,87.47660099990635,89.1185531616211,6401
2009-03-31,89.74136497202022,91.94950866699219,89.45826918346495,91.94950866699219,6459
2009-04-01,90.42077808334147,92.51568484200895,88.49573049740843,91.27006530761719,11820
2009-04-02,92.00613164190037,94.83708953857422,89.57150612288127,94.83708953857422,13743
2009-04-03,94.27091458717489,94.27091458717489,89.34504870599517,91.1568603515625,9550
2009-04-06,92.85542659759521,93.13852241039275,89.17518103122711,90.59066009521484,14540
2009-04-07,91.66642336349628,92.28923762531622,90.08109367777064,91.32671356201172,7322
2009-04-08,91.72302621546604,92.06274458313395,88.09940394419407,89.7413558959961,4366
2009-04-09,91.15684239180233,91.15684239180233,89.28840849067467,90.42079162597656,5125
2009-04-14,90.47741331003782,90.59064989452645,87.7596920853225,87.81631469726562,6080
2009-04-15,88.60899384281646,88.60899384281646,86.62732305399948,87.25013732910156,9167
2009-04-16,88.8354541401346,90.13769648286792,88.32588518138571,89.34503173828125,11528
2009-04-17,91.10021095686992,91.10021095686992,89.17516326904297,89.17516326904297,6062
2009-04-20,90.59065146808791,92.06275301020345,88.89207675306126,89.34503173828125,9647
2009-04-21,91.15684190581118,91.15684190581118,88.60897986496552,89.45826721191406,9128
2009-04-22,84.07946542191179,84.36256126508322,81.36174359958625,82.66398620605469,39942
2009-04-23,84.07945793579196,84.07945793579196,79.26682903037626,81.30512237548828,29800
2009-04-24,81.81469086761437,84.0794573968217,81.3051218543022,84.02283477783203,14281
2009-04-27,91.15685145826814,91.43994727025034,87.75970171448175,88.9487075805664,107623
2009-04-28,90.47741267486522,91.2700774001186,88.89207458496092,88.89207458496094,89855
2009-04-29,90.30754407026426,90.70387639159611,88.60896957364487,89.4016342163086,28542
2009-04-30,90.59065641531463,90.98698880925198,89.17517740882533,89.28841400146484,34960
2009-05-04,91.10022390511999,91.10022390511999,87.75969696044922,87.75969696044922,14226
2009-05-05,87.7596893556654,88.83544983394364,86.4008331052721,87.08026123046875,7395
2009-05-06,88.60898345568883,88.60898345568883,85.3816931343836,85.83464813232422,7113
2009-05-07,86.0611322405201,86.91041972973576,84.64565309182734,85.6081771850586,10975
2009-05-08,84.70225790885193,86.00449154039636,84.64563529904683,84.87210845947266,5239
2009-05-11,84.98535367908286,85.38168602952669,83.79634798835406,84.87210845947266,7784
2009-05-12,85.3250661889906,86.06111694335938,84.36254226684571,84.9287338256836,2680
2009-05-13,84.58901380451212,88.32588147658826,84.58901380451212,86.68392944335938,7638
2009-05-14,85.5515580801902,87.02365112304688,85.49493546187324,87.02365112304688,6718
2009-05-15,87.19350342390597,88.09941340874467,84.81550051295174,85.2684555053711,12252
2009-05-18,86.34420127744396,87.19348850312373,84.70224943022163,86.91039276123047,8203
2009-05-19,87.58984059862568,87.58984059862568,85.5515559802258,86.57069396972656,5181
2009-05-20,87.6464603696702,87.98617014200727,86.2875953621276,87.75969696044922,7274
2009-05-22,87.6464603696702,88.60898435038905,86.62731377386278,87.75969696044922,11200
2009-05-25,87.36335910660226,89.45826614282693,87.36335910660226,88.89207458496094,3457
2009-05-26,88.94870276212421,89.2884125344613,87.08026877637697,87.75969696044922,3520
2009-05-27,86.62730953356527,87.75969266472299,86.17435455322266,86.17435455322266,3751
2009-05-28,86.17435658306471,88.32588631082331,86.06111999516118,87.98616790771484,2754
2009-05-29,87.70306947337937,89.11854837798136,87.70306947337937,87.81631469726562,7122
2009-06-02,88.26927325675086,90.02447079723639,86.34422513571414,86.79718017578125,10236
2009-06-03,87.2501105315682,87.81630201161887,86.51405987962303,86.6272964477539,7309
2009-06-04,87.75970947619108,88.32590115023102,86.34423029109122,87.70308685302734,6250
2009-06-05,87.75967998691024,89.0052995233613,86.34420127744396,86.91039276123047,4639
2009-06-08,86.68393157358405,88.55235681614056,86.11774001174325,87.81631469726562,6365
2009-06-09,87.98616478764917,88.26926056706812,84.9287338256836,84.9287338256836,14556
2009-06-10,86.57069028465499,87.53322289505309,85.04197472607862,85.83464813232422,6222
2009-06-11,86.96703218559794,88.26926593865389,86.51407718308376,87.75969696044922,5893
2009-06-12,88.04279104403986,88.32588683517825,87.75969525290147,88.2692642211914,5836
2009-06-15,88.0427751478806,88.0427751478806,86.51405987962303,86.6272964477539,6554
2009-06-16,86.17435022547019,87.19349672020923,85.83464048682201,86.51406860351562,5157
2009-06-17,85.94788035947131,86.96702689325903,84.9287338256836,84.9287338256836,5343
2009-06-18,85.77800685484277,87.19348551581378,84.41915079606906,84.81548309326172,8529
2009-06-19,85.49492372592931,86.06111527378314,84.75887298583984,84.75887298583984,15890
2009-06-22,86.06111581979879,86.06111581979879,84.98535532781028,85.0419692993164,10197
2009-06-23,86.57069418418756,86.57069418418756,85.21183776855469,85.21183776855469,8617
2009-06-24,85.4383011264024,86.79716602506527,84.75887299676965,86.68392944335938,3322
2009-06-25,85.72139743317217,87.70306786323333,85.0419692993164,85.0419692993164,5314
2009-06-26,86.17435289560717,87.92955017089844,86.17435289560717,87.92955017089844,4571
2009-06-29,86.45744009148645,88.32587376438154,86.45744009148645,88.04277801513672,8723
2009-06-30,88.32588803189472,88.49574723675875,86.62731326205059,87.47660064697266,7929
2009-07-01,86.51408346386951,88.5523681640625,86.51408346386951,88.5523681640625,2996
2009-07-02,87.1935043334961,88.60898329994895,86.91040854020552,87.1935043334961,8557
2009-07-03,88.49574445144306,88.49574445144306,86.45745133602414,87.41997528076172,7528
2009-07-06,87.08025425456674,89.4016342163086,86.62729932758891,89.4016342163086,10897
2009-07-07,89.91121168803181,89.91121168803181,87.30672733922088,88.04277801513672,9203
2009-07-08,88.04278834901949,89.3450306762736,86.96702783138217,88.77883911132812,6168
2009-07-09,88.7788369266976,89.17516928452712,87.87292698931802,88.32588195800781,1980
2009-07-10,89.06193221677265,89.06193221677265,85.8346421214691,86.68392944335938,6303
2009-07-13,88.04279509788354,88.04279509788354,85.32507364994059,86.28759765625,6632
2009-07-14,85.89125987984268,88.89207694405005,85.89125987984268,86.06111907958984,10737
2009-07-15,87.41999167369801,88.04280597558733,86.51409017205829,87.30675506591797,4341
2009-07-16,87.87292866981113,88.89207520900408,86.74054554612955,87.81631469726562,6029
2009-07-17,89.17516326904297,89.68473217482162,88.49573518153916,89.17516326904297,3589
2009-07-20,89.74137439676956,90.59066185162857,89.17518276019688,90.08109283447266,9591
2009-07-21,90.30755556766267,90.817124525765,89.17517242574841,90.70388793945312,14294
2009-07-22,91.10022031124356,91.60979790874363,90.137696368496,90.70388793945312,6711
2009-07-23,92.9120535574465,94.38414666914157,91.7230476323783,93.81795501708984,15408
2009-07-24,95.063559418591,95.063559418591,92.57232001165117,94.49736785888672,13514
2009-07-27,94.83710012128277,97.49819911322406,94.83710012128277,96.53567504882812,13298
2009-07-28,96.53566243607185,98.34747372752034,96.53566243607185,97.95114135742188,17005
2009-07-29,97.95112073521024,98.74378530852294,97.15845616189753,98.4040756225586,8664
2009-07-30,98.8004090032126,99.0835047310155,97.55478952875903,98.29084014892578,14565
2009-07-31,99.08351686551491,100.7820914403523,97.72466066140382,100.55561828613281,8749
2009-08-03,98.97028727226586,100.44238015736528,98.85705068716554,99.02690124511719,16478
2009-08-04,97.95113753704696,99.64971217641771,97.95113753704696,99.25337982177734,5896
2009-08-05,99.6497017437957,100.10265666141952,98.40408219987755,99.19674682617188,11693
2009-08-06,99.19676155711508,99.93281232763442,98.8570517979969,98.91366577148438,9450
2009-08-07,98.80044263015202,99.98944854736328,98.68720602836974,99.98944854736328,8524
2009-08-10,99.64971648492312,99.98943488324446,99.08352491398605,99.59309387207031,7099
2009-08-11,98.7438060976188,99.47985686460036,97.38494978888187,97.95114135742188,12579
2009-08-12,97.95114745204025,98.00777006817646,96.4790458264815,97.10186004638672,14457
2009-08-13,97.95114519923328,97.95114519923328,96.42242963209596,97.32833099365234,7798
2009-08-14,96.5356668184524,97.83790921309121,96.25257102133084,96.93199920654297,6880
2009-08-17,97.32833839059373,97.32833839059373,94.83709865773218,95.68638610839844,15441
2009-08-18,95.12020458066509,96.53568381549643,95.12020458066509,96.42244720458984,10261
2009-08-19,94.89371515493164,97.55481393412904,94.89371515493164,97.21509552001953,5103
2009-08-20,98.06435838304586,98.40407671216774,96.93197547183425,98.29084014892578,13952
2009-08-21,98.2908640706587,98.8570556640625,97.66804986215529,98.8570556640625,14294
2009-08-24,99.08352385736617,99.08352385736617,97.66804494511808,99.02690124511719,4855
2009-08-25,98.80042321341378,99.93280628749302,98.00775851731721,99.0835189819336,10634
2009-08-26,99.70631768391166,99.9327908078879,97.49816584786188,98.4040756225586,8334
2009-08-27,98.51733124568382,99.93281014289192,98.51733124568382,99.70633697509766,4364
2009-08-28,99.6497071869774,100.21589870508522,98.17760578413827,98.7437973022461,4586
2009-08-31,98.51733339948096,99.98943494051967,98.06437841459231,98.91366577148438,6156
2009-09-01,97.15847556127322,100.21590654240097,97.15847556127322,97.38494873046875,22637
2009-09-02,96.64890604799925,98.57396270462002,96.64890604799925,97.66805267333984,4891
2009-09-03,96.25257170977298,98.63057469472302,95.74300272706874,95.85623931884766,7299
2009-09-04,95.96947633174427,96.93200032518597,94.38413812168834,96.81876373291016,8168
2009-09-07,96.81876261557396,98.34747819215077,96.47904420326884,96.93199920654297,6099
2009-09-08,98.4607159194049,98.4607159194049,96.25257213213291,96.81876373291016,3025
2009-09-09,97.61143606392,97.95115450640697,95.74301054843826,97.49819946289062,34596
2009-09-10,97.49818642861807,97.7812822130446,96.36580329091194,97.27171325683594,5517
2009-09-11,96.81876261557396,97.55481341596965,96.64890340942141,96.93199920654297,7910
2009-09-14,96.64890503549185,97.10186004638672,95.40328523507966,97.10186004638672,9714
2009-09-15,97.10186519284221,97.10186519284221,95.68638610839844,95.68638610839844,4468
2009-09-16,96.42243879401335,97.61143606392,95.74301054843826,97.49819946289062,8297
2009-09-17,97.49821336920368,97.8379318601452,96.64892578124999,96.64892578125,7978
2009-09-18,96.53565052831556,98.91365309497539,96.53565052831556,97.04521942138672,18632
2009-09-21,98.17761564513617,99.08352562085742,96.9319959080678,97.83790588378906,32703
2009-09-22,97.95112947984177,99.98942233518095,97.04521962426954,99.64970397949219,32030
2009-09-23,99.64971542226542,99.76295200736573,97.9511407275677,99.02690124511719,9359
2009-09-24,98.2342529296875,99.19677702302074,97.38496544038183,98.2342529296875,10379
2009-09-25,98.46071685688727,98.46071685688727,96.25257304859069,98.06438446044922,5922
2009-09-28,97.95114125132862,99.30999755859376,95.96947076358498,99.30999755859375,8244
2009-09-29,98.80042912851752,99.64971648492312,97.61142337379059,99.59309387207031,14344
2009-09-30,99.76295431773973,99.76295431773973,97.10185562896544,98.12100219726562,5808
2009-10-01,98.2908636094407,98.51733678998029,96.81876201773926,97.32833099365234,4475
2009-10-02,97.32832889684445,97.32832889684445,95.12018519626182,96.1959457397461,15086
2009-10-05,96.47905731201172,96.70553916412024,95.74301505100706,96.47905731201172,8801
2009-10-06,97.04523144565609,97.49818642861807,95.91284830794996,97.27171325683594,2160
2009-10-07,97.66804668341659,98.57395665913785,96.64890012057964,97.83790588378906,10963
2009-10-08,97.89449921848492,98.51731327540969,96.64887974403135,98.29084014892578,12649
2009-10-09,98.23423607404841,98.23423607404841,96.64889797148685,97.38494873046875,11815
2009-10-12,97.95112723865729,99.0835102125146,97.95112723865729,98.51731872558594,9233
2009-10-13,98.8004336311489,99.02690681408569,97.61142782223541,97.89452362060547,5090
2009-10-14,98.00778068128686,99.02691876691337,98.00778068128686,98.80044555664062,18262
2009-10-15,99.08352747161594,99.08352747161594,95.40328216552734,95.40328216552734,30474
2009-10-16,96.30919215816988,96.70552454017674,95.1768089870657,95.40328216552734,20943
2009-10-19,95.34665464034494,96.81875614271837,95.34665464034494,96.13932800292969,16189
2009-10-20,95.34666893568411,95.74300999609872,94.27090827301286,94.89372253417969,19101
2009-10-21,94.55399962414809,95.51652364094537,94.10104460465573,95.34666442871094,7657
2009-10-22,94.83710527420044,95.68639278411865,94.04444038736983,95.12020111083984,4718
2009-10-23,96.13933189892377,96.13933189892377,94.27089795923945,94.83708953857422,9043
2009-10-26,95.62976870989964,95.68639133212803,94.10105294312417,94.27091217041016,6370
2009-10-27,93.98779566601829,96.70551678665008,93.98779566601829,96.08270263671875,12643
2009-10-28,96.76215542503496,96.8187780492446,95.68639468024759,96.2525863647461,5740
2009-10-29,95.45990855077318,96.81876495401761,94.78047170975265,96.0261001586914,11699
2009-10-30,96.70553426946243,97.0452440713322,95.34666914378684,96.53567504882812,7293
2009-11-02,96.53566976089594,96.53566976089594,94.32752593180194,95.06356811523438,6994
2009-11-03,94.83710527420044,95.51653355425515,93.98781776428223,95.12020111083984,10080
2009-11-04,94.78045654296875,95.40327066777532,93.98779187448488,94.78045654296875,2780
2009-11-05,94.78046915759184,95.12018756895448,93.64808597224715,94.6106185913086,6095
2009-11-06,95.12018756895448,95.12018756895448,92.91204381329155,94.6106185913086,8323
2009-11-09,95.06357234738394,96.25257824022862,94.83709914846055,95.969482421875,6383
2009-11-10,95.573140319589,96.25256848691116,94.55399374890683,94.83708953857422,13532
2009-11-11,94.55400943756104,95.79962939089455,94.55400943756104,95.12020111083984,11435
2009-11-12,95.34665027450258,95.34665027450258,94.8937039616485,95.23341369628906,4811
2009-11-13,94.61062671354,95.79962397658736,94.21428565312539,94.89372253417969,7571
2009-11-16,95.45991016845238,95.9694791684547,94.32752693342636,95.6297607421875,15801
2009-11-17,95.12018368223973,95.4032794670083,94.15765974190613,94.66722869873047,18026
2009-11-18,94.66722869873047,95.57313866574898,94.4407555266747,94.66722869873047,15424
2009-11-19,93.98780006800533,94.72385083256202,93.36498588890406,93.70470428466797,10373
2009-11-20,94.21427645390659,94.95032724358045,93.42161168927196,94.7238540649414,18488
2009-11-23,95.00696060169999,95.74301147460938,94.66724215592674,95.74301147460938,97353
2009-11-24,94.72385653791396,96.98862294102298,94.72385653791396,96.81876373291016,8740
2009-11-25,97.38495584827123,97.66805165015575,96.25257264073319,97.10186004638672,5551
2009-11-26,96.59229012450791,96.81876330806575,95.12018851318741,95.85623931884766,18112
2009-11-27,94.9503506053426,96.64892578124999,94.10106301738892,96.64892578125,6791
2009-11-30,96.36580673649244,96.36580673649244,94.32752219938074,95.00695037841797,8444
2009-12-01,95.51652689038545,96.81876937595345,95.12019447462094,95.68638610839844,11163
2009-12-02,95.686376774811,96.81875993190934,95.686376774811,96.1959457397461,12925
2009-12-03,96.30921243589808,97.61144644533249,96.25258980966188,97.5548324584961,9039
2009-12-04,97.38494873046875,97.95114029285519,96.93199375268006,97.38494873046875,19946
2009-12-07,97.38495533368742,97.38495533368742,96.53566793252153,96.81876373291016,46755
2009-12-08,97.04525126728421,97.04525126728421,95.34667621378868,96.2525863647461,55768
2009-12-09,95.68639468024759,96.59230483120498,95.68639468024759,96.2525863647461,20506
2009-12-10,95.74300204227127,97.10185841269552,95.74300204227127,96.93199920654297,27287
2009-12-11,97.21507859887599,97.78127009757578,96.25255477896566,97.04521942138672,29293
2009-12-14,96.64890503549185,97.21509663926088,95.68638103696418,97.10186004638672,25017
2009-12-15,96.76214859710144,98.06439110743634,96.76214859710144,97.49819946289062,35488
2009-12-16,96.81876339081703,100.10267639160156,96.81876339081703,100.10267639160156,25896
2009-12-17,99.42323732827627,101.17842590890218,99.42323732827627,100.44237518310547,25375
2009-12-18,100.10268015005357,101.2916773684878,100.04605753229067,100.15929412841797,8702
2009-12-21,101.00858679194454,101.63140106201172,100.21592193858537,101.63140106201172,11789
2009-12-22,101.63139273045692,102.70715332031249,101.34829692897932,102.7071533203125,12308
2009-12-23,102.76377164766815,103.04686743733114,101.80124769069353,102.36743927001953,16955
2009-12-24,102.36743927001952,102.36743927001952,102.36743927001952,102.36743927001953,0
2009-12-28,101.51815885456648,102.76377868652344,101.51815885456648,102.76377868652344,10455
2009-12-29,102.48068611088254,103.4998327835114,102.48068611088254,103.10350036621094,8413
2009-12-30,103.21673320084346,103.44320639121237,102.02772735291063,102.48068237304688,9920
2009-12-31,102.48068237304688,102.48068237304688,102.48068237304688,102.48068237304688,0
2010-01-04,101.63138988652071,104.5755844116211,101.63138988652071,104.5755844116211,7116
2010-01-05,104.57558230917182,104.6322049225038,102.6505344074541,103.44319915771484,6595
2010-01-06,104.57559154039309,104.74545075598522,103.38659431004538,104.29249572753906,3972
2010-01-07,104.63218895472491,104.63218895472491,102.08432725277251,103.83951568603516,7746
2010-01-08,102.93364633663892,104.57559870797166,102.87702371442779,104.00940704345703,3521
2010-01-11,105.42486692270668,105.42486692270668,103.3299598750375,103.95277404785156,11476
2010-01-12,103.95277404785156,103.95277404785156,102.48067253359883,103.95277404785156,5520
2010-01-13,103.7262791160499,104.74542552471017,102.48065956741914,103.83951568603516,17413
2010-01-14,104.06600571667184,106.04767608642578,103.83952391934736,106.04767608642578,10010
2010-01-15,106.04769062616687,107.91612467313008,105.93445403167784,107.12345123291016,18433
2010-01-18,106.44404831602675,107.29333593556952,106.10432981244948,106.21757507324219,9244
2010-01-19,106.50063695332983,107.80287064279209,104.85867622932464,107.23667907714844,12476
2010-01-20,108.4256820678711,108.70877784350523,107.29329896533459,108.4256820678711,37297
2010-01-21,108.65216176007547,109.84116754492926,108.53892517089844,108.53892517089844,40158
2010-01-22,108.0859604006174,109.44482526605405,106.44400840753661,107.40653228759766,9735
2010-01-25,107.29331740604862,107.29331740604862,104.80207760805297,105.19841003417969,6634
2010-01-26,104.74543492277552,106.55724612329001,103.21671949232257,105.93444061279297,9297
2010-01-27,105.8778201525427,107.06682586669922,105.59472437673375,107.06682586669922,7044
2010-01-28,107.57640418967881,107.97273658249799,105.87782938668389,105.9910659790039,16108
2010-01-29,107.0102111072075,107.0102111072075,104.46234893798827,104.46234893798828,38437
2010-02-01,104.17925639001957,105.65135803389876,104.17925639001957,104.80207061767578,4905
2010-02-02,105.25501516982646,106.55725758000222,105.25501516982646,105.9910659790039,7225
2010-02-03,104.63220420097214,106.44401550292969,103.32996185789717,106.44401550292969,45594
2010-02-04,106.444012286212,106.444012286212,104.57557842777665,104.74543762207031,36164
2010-02-05,103.66967054307929,104.17923945421613,101.29165925271549,101.34828186035156,27335
2010-02-08,101.63137558232184,104.17923736572266,99.6497053063434,104.17923736572266,10637
2010-02-09,102.59391224928753,105.255010939138,102.59391224928753,104.40572357177734,14757
2010-02-10,105.48148563466457,105.48148563466457,103.3299560546875,103.3299560546875,5655
2010-02-11,102.19759304277859,105.65136557089801,102.19759304277859,105.48150634765625,11175
2010-02-12,105.3116508716911,106.44403421439745,104.17926752898474,105.53812408447266,4194
2010-02-15,104.29250042436296,105.8212161547408,104.29250042436296,105.48150634765625,4393
2010-02-16,106.0477045274136,106.0477045274136,104.74546192158962,105.5947494506836,2465
2010-02-17,105.48149155870829,106.44401550292969,104.51896761448687,106.44401550292969,10555
2010-02-18,106.84033422802626,107.12342997777694,106.16090615650397,106.61386108398438,13882
2010-02-19,106.44402302657764,107.57640625026464,106.33078643208862,107.12345123291016,32209
2010-02-22,107.57641157371336,107.57641157371336,105.02854919433594,105.02854919433594,4780
2010-02-23,104.80207662809228,105.59474147293386,104.29249896549511,104.63221740722656,4990
2010-02-24,105.31163961165022,105.70797201134127,104.06601979573618,104.80207061767578,7663
2010-02-25,105.70796153720444,105.70796153720444,103.66967712387292,104.74543762207031,5639
2010-02-26,105.65134756537155,105.8778207314981,103.66967712387292,104.74543762207031,2882
2010-03-01,104.80207809408822,106.38740780594732,104.80207809408822,105.48150634765625,24517
2010-03-02,106.33075555492827,106.84032440185547,105.87780066910639,106.84032440185547,6635
2010-03-03,106.95359414507708,107.57640838623045,106.44402514005961,107.57640838623047,8760
2010-03-04,109.21344247198368,109.21344247198368,106.69942679612534,107.57640838623047,10435
2010-03-05,109.62268927721,109.73961836154889,107.57639907736873,109.5057601928711,14201
2010-03-08,110.96737884407811,110.96737884407811,108.16103664948979,109.3303451538086,9827
2010-03-09,110.7335321321706,110.7335321321706,108.16105651855469,108.16105651855469,5841
2010-03-10,107.57640145981539,108.10258681155227,106.58249083924711,107.86872863769531,13380
2010-03-11,106.99173736572266,107.57639166826759,106.29015398689208,106.99173736572266,16085
2010-03-12,105.99783377690962,106.1147628608524,103.0745620727539,103.0745620727539,35495
2010-03-15,104.41927349160702,105.76397139851618,104.36080448647286,105.53011322021484,15878
2010-03-16,105.9978147419868,106.58246897782665,105.12083338822704,105.23776245117188,12381
2010-03-17,105.29625770906222,106.40709746580755,104.65313432076677,105.58858489990234,13864
2010-03-18,105.5300895690918,106.29014185990673,105.23776245117188,105.23776245117188,8770
2010-03-19,105.6470413208008,106.93327913165781,105.6470413208008,105.64704132080078,5434
2010-03-22,107.22560416265026,107.22560416265026,104.65312859251037,104.77005767822266,28914
2010-03-23,105.70550347456567,105.70550347456567,104.0684695845184,104.41926574707031,22814
2010-03-24,106.40708514429825,106.40708514429825,103.36688449582739,104.24386596679688,33938
2010-03-25,104.65312673277775,104.65312673277775,102.89916371490996,103.48381805419922,4445
2010-03-26,103.13302961669228,103.95155110575303,101.37906646728516,101.37906646728516,18964
2010-03-29,102.19758645663121,102.899169921875,101.14520679820667,102.899169921875,24261
2010-03-30,103.30841880840426,104.47772747385561,101.4375267279055,102.48990631103516,15368
2010-03-31,101.84678761550664,103.19149442624783,101.84678761550664,102.8406982421875,7854
2010-04-01,103.36690186764473,103.48383096586836,102.02219493527701,103.01610565185547,13515
2010-04-06,103.01609477409932,103.65921812809768,101.14520263671875,101.14520263671875,16644
2010-04-07,101.20367304413398,102.31451275704921,101.14520403982579,101.7298583984375,18574
2010-04-08,101.7298404552889,103.48380322175939,100.96978813892848,102.66529083251953,17615
2010-04-09,102.84069193670368,104.65312390802693,102.72376285622538,104.41926574707031,10111
2010-04-12,104.71160484291615,104.71160484291615,103.07457076629436,104.0684814453125,38432
2010-04-13,104.59465320251456,104.59465320251456,102.60683210343046,104.24386596679688,13573
2010-04-14,104.36080367208187,104.65313085323616,103.24996395214261,104.12694549560547,7638
2010-04-15,105.76395976193163,106.99173736572266,105.29624345678903,106.99173736572266,22453
2010-04-16,106.9917548552726,106.9917548552726,105.29626066918276,105.76397705078125,19607
2010-04-19,104.7116003872758,105.93936920166016,104.7116003872758,105.93936920166016,8775
2010-04-20,106.29018034981031,106.81636578416268,104.88700432300581,106.34864044189453,6466
2010-04-21,107.57638870154956,107.57638870154956,104.88697541556425,105.82242584228516,6268
2010-04-22,105.82244965928899,106.40710407729611,103.30843387763468,104.01001739501953,9451
2010-04-23,103.54230099750859,104.41928262451927,103.01610666863111,104.01001739501953,6973
2010-04-26,103.19149681296827,104.94545993160229,103.19149681296827,103.30842590332031,11617
2010-04-27,103.19150139791043,104.65313739504796,102.54837799072264,102.54837799072266,7250
2010-04-28,103.3668911006803,103.3668911006803,101.1452027813746,102.25604248046875,9645
2010-04-29,102.9576317403397,104.12694040782289,101.55445598668962,103.60074615478516,7555
2010-04-30,102.256043882832,103.42535260154303,101.55446043582889,102.8406982421875,10340
2010-05-03,102.72377970318259,102.72377970318259,99.74204751694774,100.79441833496094,14367
2010-05-04,100.85288100617967,102.19758787048565,99.9758994322129,100.26822662353516,6417
2010-05-05,100.15129061961589,101.1452012172965,99.44970719308354,100.560546875,13427
2010-05-06,99.62509635887866,100.85287404614824,99.39123819040697,100.560546875,14427
2010-05-07,99.39125693056006,99.74205317052727,97.63729357296194,98.80660247802734,29534
2010-05-10,99.97590570086258,100.67748921980284,98.86506587263372,99.68357849121094,27364
2010-05-11,99.39124475124673,101.37906607782452,99.39124475124673,100.67748260498047,13956
2010-05-12,100.2097659001097,102.60685263554132,100.2097659001097,101.67140197753906,24608
2010-05-14,100.09283647163747,101.72987065724209,100.09283647163747,100.96981811523438,54156
2010-05-17,101.02825106587738,101.32057817606736,99.9758716849704,100.32666778564453,32162
2010-05-18,102.02218416247065,102.02218416247065,100.26822111096685,101.14520263671875,29110
2010-05-19,101.32060072609261,101.61292790134324,100.38515019684363,101.14520263671875,32803
2010-05-20,101.6714063985754,101.84680451971758,99.09893035888672,99.09893035888672,22554
2010-05-21,98.80659248645237,99.33277787207501,96.76030210951402,98.3388671875,42289
2010-05-25,96.46796390932577,96.8772201538086,94.71400092915621,96.8772201538086,13343
2010-05-26,97.57879013522172,98.16344438149893,96.58487970077361,96.64334869384766,11647
2010-05-27,97.05261993408203,98.22192860798664,96.46796559712973,97.05261993408203,41240
2010-05-28,97.57881281110657,99.33277595753354,97.46188371890169,99.15738677978516,10753
2010-05-31,99.39125728521033,99.39125728521033,97.87115213475364,98.39734649658203,4999
2010-06-01,98.33885745869155,99.97589138251168,97.6372740402307,99.56663513183594,8115
2010-06-02,99.1573953902826,101.37907509845238,98.5142719456322,101.26214599609375,4778
2010-06-03,101.72986638891955,102.60684799572059,101.14521198438553,102.43144989013672,8396
2010-06-04,102.7822568608817,102.9576549848268,99.62511739322754,100.38516998291016,6043
2010-06-07,99.50815979370837,99.56662879198929,97.6957368215159,98.04652404785156,8276
2010-06-08,98.80659242068526,98.80659242068526,96.5849039429788,97.22802734375,7141
2010-06-09,97.11110813413009,98.80660247802734,97.05263912042923,98.80660247802734,9324
2010-06-10,98.63118574557603,98.63118574557603,97.63727514805284,98.4557876586914,8267
2010-06-11,98.74811609780917,99.39123945093867,96.87722396295615,97.92960357666016,12037
2010-06-14,98.80657469706199,98.80657469706199,97.6372661207654,97.87112426757812,30082
2010-06-15,97.87114391319157,99.27431983907599,97.57881671043877,99.21585083007812,8594
2010-06-16,99.39124671320982,100.4436264038086,98.28040693603882,100.4436264038086,12032
2010-06-17,100.56054571808191,101.02827097076155,98.63118462647668,99.56663513183594,14723
2010-06-18,99.80050922711689,99.80050922711689,95.5909991233403,95.9417953491211,10782
2010-06-21,97.52035712082414,97.52035712082414,94.7724831851316,95.59099578857422,14315
2010-06-22,95.35712067170763,96.00023505425274,94.71399736804582,95.41558074951172,6396
2010-06-23,94.4801595689007,95.88332663412335,94.4801595689007,94.9478759765625,7131
2010-06-24,94.7725030343434,95.64948483075823,94.3047776253648,94.83096313476562,6796
2010-06-25,95.12326675131291,95.29866485121359,94.12935608003305,94.53861236572266,4337
2010-06-28,95.12325311422471,95.18172211284868,94.12934258543415,94.71399688720703,5793
2010-06-29,94.71399341431446,94.71399341431446,91.84919100911814,92.84310150146484,9281
2010-06-30,91.84920135603896,92.84311196035085,91.03067991869237,91.90766143798828,6543
2010-07-01,90.6799087524414,91.9661467580615,89.62752895834535,90.6799087524414,4721
2010-07-02,90.09524641089517,91.7907405987302,90.09524641089517,91.08915710449219,4729
2010-07-05,90.67988706448047,92.25845191751881,90.67988706448047,91.67379760742188,5712
2010-07-06,91.790742639332,92.84312236464353,90.62143381590101,91.96614074707031,14928
2010-07-07,91.90765181540928,94.24626895534904,90.15368896045446,93.13542938232422,13503
2010-07-08,94.304746841134,94.8309321787703,93.25236724474416,94.12934875488281,7287
2010-07-09,94.7724904821688,94.7724904821688,92.31693464053808,93.19391632080078,11713
2010-07-12,94.12936132658952,94.12936132658952,92.55079618173376,92.96005249023438,8421
2010-07-13,93.31084583482347,95.00634002685545,92.60925341773061,95.00634002685547,11140
2010-07-14,94.1293643538893,94.24629345706168,92.96005547992795,93.72010803222656,4808
2010-07-15,94.12934607598744,95.24018572210198,92.96003742908076,94.07087707519531,6420
2010-07-16,94.0708932688614,94.4216894917674,89.45212688693753,90.03678131103516,15372
2010-07-19,90.50449756202683,91.20608101639093,89.21825974217305,89.45211791992188,9904
2010-07-20,89.74445075916955,90.03677796033948,88.86746915565975,89.68598175048828,4021
2010-07-21,88.86745831541542,88.86745831541542,85.53493041281077,87.81507873535156,45709
2010-07-22,89.33519264939079,89.33519264939079,87.17197318884267,87.28890228271484,20660
2010-07-23,88.57513644054312,88.57513644054312,86.11958988780108,87.34735870361328,14279
2010-07-26,87.93201236463975,87.93201236463975,86.11958919741289,87.0550308227539,22183
2010-07-27,87.2304253804901,88.39973405562031,86.82116912841798,87.69815063476562,24729
2010-07-28,87.69814784880272,88.86745648678675,87.40582068930671,88.63359832763672,19650
2010-07-29,88.86747409986414,88.86747409986414,87.17197980719578,87.40583801269531,10329
2010-07-30,87.11349122760238,87.11349122760238,84.30714878638246,85.65185546875,24553
2010-08-02,87.17197041284982,87.17197041284982,85.47646738178369,86.11959075927734,11975
2010-08-03,87.05504178332733,88.45821777968061,85.65187470809273,87.40583801269531,37348
2010-08-04,87.63969621819486,87.69816523012908,86.99658169251178,87.40583801269531,11896
2010-08-05,87.11349138158012,88.39972906742037,87.11349138158012,87.7566146850586,15967
2010-08-06,88.45820764714912,88.51666773126829,86.76270462757512,86.93810272216797,18664
2010-08-09,88.28281402587892,88.51667221644061,87.99048682711772,88.2828140258789,9119
2010-08-10,88.28281402587892,88.5751412246401,87.69815962835654,88.2828140258789,9625
2010-08-11,88.28280352906093,88.28280352906093,87.11349487304688,87.11349487304688,9048
2010-08-12,87.11350879153689,87.63969420236724,86.52885437011719,86.52885437011719,12631
2010-08-13,86.8211766071337,87.63968918178406,86.29499122644674,86.58731842041016,15419
2010-08-16,86.93810160746274,87.11349969980668,85.9441909790039,85.9441909790039,10268
2010-08-17,86.9380926560267,87.40581788041277,85.82725305408684,86.47036743164062,6624
2010-08-18,86.8211766071337,87.69815818902393,86.47038040593041,86.58731842041016,22990
2010-08-19,86.64577442726205,87.40582688000737,85.47646570645928,85.9441909790039,22715
2010-08-20,86.00265998349106,86.76270351511882,85.35953661860252,85.9441909790039,8327
2010-08-23,86.76270351511882,86.93810160746274,85.9441909790039,85.9441909790039,8616
2010-08-24,85.94419724973913,86.5288516527986,85.35954284667969,85.35954284667969,9119
2010-08-25,86.41192757944306,86.41192757944306,84.30716803763434,85.30107879638672,9240
2010-08-26,84.30716444108438,85.65187137314584,84.24870435254505,84.83335876464844,9287
2010-08-27,85.35953620398803,86.00265956575275,84.54102367184885,85.24260711669922,9806
2010-08-30,86.23652946410587,86.52885668262827,84.77489337149392,85.30107879638672,9390
2010-08-31,85.65186867549501,85.65186867549501,84.30716178578581,84.77488708496094,11987
2010-09-01,85.59340140034112,86.52885201762764,85.35954320657862,86.06112670898438,16233
2010-09-02,85.94418786219333,85.94418786219333,84.95027726977916,85.18413543701172,6612
2010-09-03,85.94419167728748,87.1135004075907,85.76879358351847,86.23651885986328,36479
2010-09-06,86.23651885986328,87.1135004075907,86.23651885986328,86.23651885986328,23246
2010-09-07,86.528864024553,86.8211912678792,85.82728042479404,86.29500579833984,26050
2010-09-08,85.82724910802476,86.64576152223032,85.76878011224596,86.41190338134766,39018
2010-09-09,86.47037674812651,87.11350011608829,86.1780495665289,86.6457748413086,69264
2010-09-10,86.87965060281662,87.63969421386719,86.2949961813202,87.63969421386719,56146
2010-09-13,89.27672836656612,89.27672836656612,86.35345625946758,86.52885437011719,32597
2010-09-14,85.94418830198235,86.52884264417271,85.359533959792,85.8857192993164,14101
2010-09-15,85.3595340729387,85.59339224167792,83.89789821552537,84.3656234741211,19127
2010-09-16,83.66404004678616,84.77487972997336,83.31324387256004,84.3656234741211,18564
2010-09-17,84.65796700736793,84.77489611433631,82.55320739746094,82.55320739746094,39992
2010-09-20,83.8978975076286,84.19022467664473,82.49473066479808,84.07329559326172,11563
2010-09-21,83.25477600097656,83.83943035188544,82.5531925641094,83.25477600097656,16614
2010-09-22,84.36562245309341,84.36562245309341,81.79313802250884,82.37779235839844,19699
2010-09-23,83.54709352849802,83.54709352849802,80.97461825001275,81.9685287475586,6515
2010-09-24,81.91007512941324,81.91007512941324,80.0976431395603,80.97462463378906,22517
2010-09-27,81.26696543889952,81.38389454019939,79.45453314483633,79.68840026855469,25818
2010-09-28,79.51299172810042,79.74684990003023,78.1098248542868,78.51908111572266,49299
2010-09-29,79.62991430590046,80.09763953265022,79.1037290015049,79.51298522949219,19013
2010-09-30,79.62992326104819,82.96245137960034,79.62992326104819,82.20240783691406,21828
2010-10-01,83.72250183459853,83.72250183459853,81.38388441507837,82.43626403808594,35780
2010-10-04,82.78705851906733,83.60557103064068,81.38388274350508,82.2608642578125,12884
2010-10-05,81.32543383952917,83.6640515324431,81.32543383952917,83.3132553100586,23945
2010-10-06,83.72249701214625,84.71640757396915,82.6701174497562,83.6055679321289,29154
2010-10-07,84.13175540456588,84.71640974072302,83.66403907253391,84.48255157470703,18845
2010-10-08,84.19023435420195,84.95028686523438,84.1317653452309,84.95028686523438,12531
2010-10-11,85.35954009162054,85.35954009162054,83.54710793218692,84.19023132324219,31552
2010-10-12,84.7748808817866,84.7748808817866,82.96244882552212,83.25477600097656,11169
2010-10-13,84.71641975046842,85.7687994641196,83.25478373737464,84.95028686523438,13794
2010-10-14,84.77488776662506,85.06721496582031,83.60557896984402,85.06721496582031,20493
2010-10-15,85.06721120874667,87.63968687960188,84.13176064418965,87.23043060302734,16956
2010-10-18,87.69815063476562,87.99047780354819,86.87963813062137,87.69815063476562,26923
2010-10-19,87.69816322446424,87.69816322446424,86.82118159221959,87.63969421386719,17311
2010-10-20,87.81507971805522,88.22433597012734,87.2888943826935,87.69815063476562,21287
2010-10-21,87.69813633962029,87.69813633962029,86.87962396889681,87.58120727539062,13828
2010-10-22,87.34735303580285,87.6981492010539,86.76269870779583,87.11349487304688,21407
2010-10-25,87.23042395442486,87.6981492010539,87.11349487304688,87.11349487304688,24668
2010-10-26,87.5812201196759,87.6981492010539,86.52884054503984,87.11349487304688,20266
2010-10-27,86.82116912841798,88.04894680575158,86.82116912841798,87.69815063476562,40759
2010-10-28,88.22434533152402,88.6920706354294,87.52276183622502,87.8735580444336,42326
2010-10-29,88.28280497233074,88.28280497233074,87.11349629720053,87.69815063476562,9205
2010-11-01,88.34127298594204,88.5751311499042,87.28889340587817,87.81507873535156,16724
2010-11-02,87.99048682711772,89.15979562216248,87.75662863655603,88.2828140258789,26746
2010-11-03,88.8089956247393,88.86746463044327,87.23043060302734,87.23043060302734,22949
2010-11-04,88.63360644986288,88.63360644986288,87.23043060302734,87.23043060302734,10328
2010-11-05,87.93202343562862,87.93202343562862,87.11351079526156,87.40583801269531,41737
2010-11-08,87.639672002656,87.639672002656,86.23650531512753,86.41190338134766,21361
2010-11-09,85.94418602817782,86.70423843714022,85.30106270033647,86.00265502929688,13429
2010-11-10,86.00267855501366,87.05504949409236,85.94420953790062,86.29500579833984,13689
2010-11-11,86.06112006686067,86.47037633491813,85.9441909790039,85.9441909790039,4313
2010-11-12,85.9441909790039,87.40582688000737,85.06720943840182,85.9441909790039,8138
2010-11-15,85.94419041118736,86.8211719459954,85.65186323291802,86.76270294189453,17561
2010-11-16,86.64577158272165,87.28889492649677,86.0611172415142,86.879638671875,36529
2010-11-17,86.99657675740346,88.16588556080642,86.99657675740346,87.46430206298828,38206
2010-11-18,87.9320214246154,88.16588854588507,87.40583601371601,87.63969421386719,81905
2010-11-19,87.69815063476562,88.22433597012734,87.2304253804901,87.69815063476562,37994
2010-11-22,88.10739796177913,88.10739796177913,86.06110798758532,86.70423126220703,20803
2010-11-23,86.52884074643003,86.52884074643003,84.59947967529297,84.59947967529297,20040
2010-11-24,84.8333477448482,85.06720591086417,83.95636624061248,84.48255157470703,13915
2010-11-25,84.77488875943946,85.18414505888208,84.24870336317301,84.95028686523438,13448
2010-11-26,84.13176435994822,85.47647126047005,84.13176435994822,85.06721496582031,14109
2010-11-29,85.06721119767904,85.35953838392537,83.60557526644745,84.01483154296875,13443
2010-11-30,83.89789509273075,84.83334557510346,83.2547717709599,83.6055679321289,16194
2010-12-01,84.19023063207752,84.2486996384636,83.07939087968475,83.89790344238281,13189
2010-12-02,84.19022566217934,84.59948191936925,83.02091697242686,83.95636749267578,12281
2010-12-03,84.71641072722991,84.71641072722991,83.54710204129925,84.3656234741211,13857
2010-12-06,84.36562462037386,84.36562462037386,83.25477600097656,83.25477600097656,11067
2010-12-07,83.48863762297434,84.19022101386652,83.37170854467844,84.13175201416016,12741
2010-12-08,84.13176435994822,85.12568397410662,83.89790616903927,85.06721496582031,32739
2010-12-09,85.3595300126758,86.0026533277934,85.12567185506043,85.82725524902344,35962
2010-12-10,86.35345354765711,86.35345354765711,85.00874663639674,85.35954284667969,8509
2010-12-13,86.00266027167049,86.00266027167049,85.00874071876363,85.5349349975586,17653
2010-12-14,85.71033905696264,85.71033905696264,84.77488844362024,85.35954284667969,17677
2010-12-15,84.77488776662506,85.65186936421082,84.5410295757161,85.06721496582031,12064
2010-12-16,85.59339656447533,85.59339656447533,82.96245188825846,84.01483154296875,30847
2010-12-17,84.65795179582831,84.65795179582831,82.4362634781511,83.25477600097656,20815
2010-12-20,83.95636906782158,84.42408541560377,83.13784761696778,83.54710388183594,19256
2010-12-21,83.13785652867863,83.54711283741578,82.49474202098267,83.02092742919922,16726
2010-12-22,82.72858331455149,83.60556476311564,82.02699993992348,82.84551239013672,21017
2010-12-23,82.78706105024447,83.83943176269531,82.43626486534916,83.83943176269531,24505
2010-12-27,84.30715133334995,84.30715133334995,82.96244461035805,83.6055679321289,12636
2010-12-28,83.89790076721705,83.95636977173879,83.37171541099164,83.83943176269531,14858
2010-12-29,83.66404427214381,84.1902296389401,83.43017717047611,84.01483154296875,11278
2010-12-30,83.95637275035274,83.95637275035274,82.78706398737356,83.4886474609375,15077
2011-01-03,83.31324077152706,83.7809660127134,82.4362592897215,83.6055679321289,27768
2011-01-04,83.60558219154363,83.78098030204329,83.02092777062374,83.7225112915039,16679
2011-01-05,83.60558252167284,83.60558252167284,83.02092809844436,83.3132553100586,8942
2011-01-06,84.19022724171268,84.19022724171268,82.84552043904516,83.54710388183594,13062
2011-01-07,83.54711283741578,83.89790905697245,83.02092742919922,83.02092742919922,21702
2011-01-10,83.60556476311564,83.60556476311564,82.4362561650301,82.84551239013672,10706
2011-01-11,83.02090875049504,83.13783782366681,82.20239631717617,82.67011260986328,8638
2011-01-12,83.07938261149236,83.89789509273075,82.4362592897215,83.6055679321289,17133
2011-01-13,83.66404032023766,84.19022566217934,83.6055713173031,83.95636749267578,14985
2011-01-14,83.7809686955781,84.42408311682603,83.13784535321291,83.6640396118164,11946
2011-01-17,84.19021851539223,86.29497754672366,84.13174951742103,86.17803955078125,10817
2011-01-18,86.47038535952781,86.93811068088728,85.53494363792737,86.52885437011719,11505
2011-01-19,86.52885437011719,86.82118158082704,85.35954552727776,86.52885437011719,16555
2011-01-20,87.11349073031106,87.11349073031106,85.65185497980248,86.47036743164062,7206
2011-01-21,86.00266895928684,86.76271257023767,85.65187273798762,86.52885437011719,8121
2011-01-24,86.41192235570199,87.46430206298828,86.11959515485124,87.46430206298828,16711
2011-01-25,87.11349629720053,87.69815063476562,86.82116912841798,87.69815063476562,26913
2011-01-26,88.16587588904116,88.16587588904116,87.40582346598308,87.69815063476562,10401
2011-01-27,87.6981599403293,88.28281433993149,87.4058327405282,87.8735580444336,9423
2011-01-28,87.5812220971005,87.63968217855087,86.52884249870361,86.879638671875,26940
2011-01-31,86.93810272216797,87.17196982199766,86.06112117032139,86.93810272216797,17766
2011-02-01,86.87964263804881,87.11350081676082,86.06112117032139,86.93810272216797,10726
2011-02-02,85.35954553847851,87.63969421386719,84.59949300630946,87.63969421386719,29209
2011-02-03,86.52883245178899,87.11348672511188,85.41799290092197,86.41190338134766,16558
2011-02-04,86.17804985490108,86.6457751312459,85.18413921836685,86.23651885986328,15428
2011-02-07,85.88572197451674,86.70424343174922,84.89181134605789,85.9441909790039,14513
2011-02-08,85.94418602817782,86.99656560050137,85.53492978369562,86.00265502929688,7978
2011-02-09,86.93810655738805,86.93810655738805,84.30716178578581,84.77488708496094,43121
2011-02-10,86.35345115265726,86.35345115265726,84.01483360528066,84.89181518554688,43207
2011-02-11,84.77489110585805,86.58732338070655,84.77489110585805,86.52885437011719,9099
2011-02-14,85.71033238697197,86.0611196488384,84.7164128422233,85.24260711669922,19661
2011-02-15,85.1841419921402,85.1841419921402,83.83943512428151,84.19023132324219,18409
2011-02-16,84.1317623163761,84.48255851533678,83.54710793218692,84.19023132324219,23712
2011-02-17,84.2486946651139,84.2486946651139,83.02091697242686,83.95636749267578,20224
2011-02-18,84.77488401143273,84.77488401143273,83.60557526644745,84.01483154296875,23062
2011-02-21,84.71641072722991,84.77487972997336,84.01482729989497,84.3656234741211,7227
2011-02-22,84.48256382292345,84.48256382292345,83.37172399162307,83.7225112915039,8628
2011-02-23,84.71641630939492,84.71641630939492,83.25478035567093,83.4886474609375,24027
2011-02-24,83.25477656647101,84.01482901203856,82.08546785671092,82.43626403808594,22759
2011-02-25,83.13785719886634,83.43018441048059,82.55320277563787,83.3132553100586,5099
2011-02-28,83.6055795914711,84.71641938822518,82.90399609240966,84.24870300292969,15345
2011-03-01,84.77488000705559,84.95027809474193,83.95636749267578,83.95636749267578,16082
2011-03-02,83.83942734210015,84.6579487566586,82.78705668513759,83.07938385009766,20886
2011-03-03,84.55091609611601,85.53193123606717,83.32465184900394,85.28668212890625,17624
2011-03-04,85.77715301513672,85.96109446473162,84.73483060829993,85.77715301513672,25608
2011-03-07,84.73482889801174,85.34796081385214,84.18301391601562,84.18301391601562,17827
2011-03-08,84.55089300249377,84.85745898053855,83.5085705482717,83.63119506835938,19842
2011-03-09,84.61221096269104,84.61221096269104,83.5698884958751,83.75382995605469,5879
2011-03-10,83.63119393234467,84.48958427260075,83.56988635095921,83.99907684326172,21224
2011-03-11,84.55090397153148,84.55090397153148,83.50858138208585,83.81514739990234,23369
2011-03-14,83.99907522997697,84.12169974604383,83.26331877792485,83.5085678100586,10707
2011-03-15,82.46625154800998,82.65019301367117,79.52321616438563,80.3202896118164,31574
2011-03-16,80.87210524922158,81.4239296502724,79.58453369140625,79.58453369140625,28400
2011-03-17,79.52321402913253,80.87210248167672,79.52321402913253,80.56553649902344,27904
2011-03-18,81.42392520097529,81.54654972040206,80.3202858148321,80.87210083007812,12056
2011-03-21,81.54655298522287,82.09836802256152,80.93342100789037,81.05604553222656,23216
2011-03-22,81.91442983740541,82.15967886788503,81.23998097011021,81.54654693603516,20509
2011-03-23,81.6078757800061,82.5275738119867,81.54655883561318,82.1596908569336,22218
2011-03-24,82.15966638047456,83.01804721233916,81.73047596454225,82.46623229980469,23121
2011-03-25,83.07939138058778,86.88080815565392,83.01807443435588,86.63555908203125,112591
2011-03-28,87.06474682979925,91.35667096929639,86.63555628697996,91.1727294921875,107049
2011-03-29,91.23402844036865,92.58291674700958,90.74352105004913,91.84716033935547,110334
2011-03-30,91.96980375992624,93.80919983512476,91.96980375992624,93.1960678100586,40333
2011-03-31,93.19606469321006,94.05444575733411,91.54061015202684,92.21504974365234,36578
2011-04-01,93.19605583544599,93.19605583544599,90.9887770865566,92.58292388916016,31967
2011-04-04,92.2763535563151,92.88948547363282,90.5595823166954,91.96978759765625,42643
2011-04-05,92.39899444580078,92.39899444580078,90.55959836782603,92.39899444580078,23976
2011-04-06,92.39897207145265,92.76685494022591,91.6018987595439,92.46028900146484,22891
2011-04-07,92.88948547363282,93.07342691995824,91.84716308532283,91.96978759765625,68839
2011-04-08,92.52159981485077,92.58291674700958,91.54059438986205,91.84716033935547,57256
2011-04-11,92.52159818995132,92.58291512103325,91.66321728870511,92.15372467041016,31768
2011-04-12,91.84718088865382,93.0734449609839,91.3566733885913,92.8895034790039,20120
2011-04-13,92.4603141130886,93.19607069481187,92.21505568207915,92.52162170410156,13373
2011-04-14,91.4792922597263,91.96979972941354,90.98878479003906,90.98878479003906,27698
2011-04-15,92.58293746092139,93.19606949708643,91.60192246079636,92.8895034790039,17755
2011-04-18,92.52160695227117,93.19605583544599,92.09241646100129,92.58292388916016,16778
2011-04-19,91.60192363803434,92.70556318844551,91.35667456267743,92.52162170410156,18091
2011-04-20,91.35664891116441,94.72887420654297,91.35664891116441,94.72887420654297,35125
2011-04-21,94.6675708781402,95.46464429724014,93.56394083470316,95.03545379638672,29782
2011-04-26,93.50262339868902,95.03545329047081,93.50262339868902,94.97413635253906,16072
2011-04-27,94.60625178312735,94.60625178312735,93.56392944913492,93.68655395507812,8456
2011-04-28,93.80918557303292,94.60625895556794,93.44130267166265,94.42231750488281,16059
2011-04-29,94.42231311673432,94.79019600100773,93.8091812133789,93.8091812133789,14438
2011-05-02,93.80919037517731,95.5872693263025,93.25737535052502,95.09677124023438,13972
2011-05-03,95.03546234908377,96.26172637939453,94.23838885825137,96.26172637939453,15501
2011-05-04,96.87484468210239,97.18141064628627,95.46463937572645,95.95514678955078,19228
2011-05-05,94.23838806152344,95.52596902472486,93.6865729948097,94.23838806152344,10157
2011-05-06,93.93180903811711,97.48797607421875,93.93180903811711,97.48797607421875,15176
2011-05-09,97.48798106581569,97.48798106581569,95.40333615635433,95.77120971679688,7917
2011-05-10,95.6485824584961,96.56828036675086,95.0967674558036,95.6485824584961,5465
2011-05-11,96.32304757516064,97.24274563849195,96.26173062867755,96.87486267089844,11291
2011-05-12,96.81354572441535,97.24274563849195,95.525974049143,96.87486267089844,14478
2011-05-13,97.30405075425321,98.71425628662111,96.87486020674618,98.7142562866211,15994
2011-05-16,98.71425628662111,98.89819776573904,97.85587519160704,98.7142562866211,22657
2011-05-17,98.65292576318711,98.71424269967089,97.36535429788633,97.61060333251953,7419
2011-05-18,97.85586282166015,98.71424380816639,96.56828198624973,98.039794921875,15154
2011-05-19,98.71424924515307,98.71424924515307,97.36536075392726,97.9784927368164,8460
2011-05-20,98.2850538225386,98.95949335666226,97.79454638957976,98.10111236572266,21344
2011-05-23,96.62960057928834,97.30404012148598,95.83252716064453,95.83252716064453,8477
2011-05-24,96.87484468210239,96.87484468210239,95.03544889699918,95.95514678955078,16915
2011-05-25,95.95515391474784,96.32303684134612,95.03545595390362,95.89383697509766,28137
2011-05-26,95.83253583991619,96.99748292645057,95.15808688098443,96.26172637939453,18001
2011-05-27,95.8325380123407,97.48799261965726,95.8325380123407,96.0164794921875,25783
2011-05-30,95.70991347766028,96.56829457607559,95.64859653249391,96.0164794921875,3163
2011-05-31,96.01647226270146,97.9784927368164,96.01647226270146,97.9784927368164,11681
2011-06-01,98.03980091445989,98.10111785538015,96.56828788888984,97.24273681640625,8806
2011-06-03,96.81353694126763,97.6719273358932,96.20040495467151,97.24273681640625,7886
2011-06-06,97.30405938863775,97.61062542915373,96.32305367237852,96.38436126708984,10991
2011-06-07,95.5872828212986,97.79456194283364,95.34203374364031,96.5069808959961,12935
2011-06-08,96.01647419175873,96.56828924518479,94.42232726195846,95.28070831298828,15635
2011-06-09,94.79020040625306,94.79020040625306,93.87050250847822,94.42231750488281,19802
2011-06-10,93.56395366349977,94.17708570754458,92.52162170410156,92.52162170410156,10805
2011-06-14,92.46030143561487,95.40333671463323,92.46030143561487,95.03545379638672,14695
2011-06-15,95.03544014248646,95.4646305816774,94.42230827059946,94.72887420654297,4759
2011-06-16,94.54495639407372,94.54495639407372,93.1960678100586,93.1960678100586,6485
2011-06-17,92.8894931137278,93.38000055905597,91.96979516210673,92.7668685913086,14324
2011-06-20,92.82817292541408,92.88948986230308,91.23403547846155,92.58292388916016,10508
2011-06-21,92.58293827748138,92.88950429826774,90.86616668994725,91.35667419433594,14291
2011-06-22,91.356669915689,91.84717739710499,90.62091337139104,90.74353790283203,7770
2011-06-23,89.82383295432808,90.8048478414823,88.90413500599024,89.21070098876953,17779
2011-06-24,89.333317876892,90.00776672363281,88.29099549564297,90.00776672363281,21532
2011-06-27,89.82384490966797,90.25303547155293,89.394654347783,89.82384490966797,26907
2011-06-28,89.8238351176111,91.60191411829294,89.63989365238328,90.06908416748047,7397
2011-06-29,89.94647029683821,91.35667588975694,89.94647029683821,91.05010986328125,4693
2011-06-30,90.31435327087011,91.05010986328124,88.90414767795139,91.05010986328125,26782
2011-07-01,91.05010664164033,92.09242922364649,90.86616516113281,90.86616516113281,40578
2011-07-04,91.35665181859991,91.90846677859984,91.17271038004988,91.41796875,15633
2011-07-05,91.35665670848084,91.72453960527191,90.49827575683594,90.49827575683594,20909
2011-07-06,90.06908199829097,90.62090638068446,89.21070098876952,89.21070098876953,9690
2011-07-07,89.45595937145809,90.4982913062426,88.47495373754344,88.90414428710938,17806
2011-07-08,88.90413506843335,89.63989155649011,88.29100310244415,88.41362762451172,8385
2011-07-11,88.22969059553685,88.22969059553685,86.63555301727907,87.12606048583984,27784
2011-07-12,86.45160720447656,88.5362521465793,85.53190925549278,88.41362762451172,11457
2011-07-13,87.55524932030238,88.59757182356697,87.55524932030238,88.5362548828125,38221
2011-07-14,87.24868005733211,88.10706106180865,87.12605553607135,88.0457534790039,9771
2011-07-15,87.37130248363262,88.53624944115397,87.06473651000584,87.49392700195312,27362
2011-07-18,89.02676896871776,89.02676896871776,87.37131435728907,88.10707092285156,8835
2011-07-19,89.51727526463635,89.51727526463635,88.2910112199153,88.4749526977539,14355
2011-07-20,89.08808085785427,89.88515432349763,88.47494886207502,89.02676391601562,21052
2011-07-21,90.43697202066416,90.43697202066416,88.90414198641562,89.94646453857422,41855
2011-07-22,90.68221115001224,91.78585052490234,90.13039614039269,91.78585052490234,39693
2011-07-25,91.54060465581384,93.07343457518229,90.80484816564726,92.7668685913086,37297
2011-07-26,92.82818499286444,93.44131701885601,91.41798881760559,92.39899444580078,85291
2011-07-27,92.27635079751617,92.58291674700958,91.35665294903595,91.84716033935547,15548
2011-07-28,91.66323089599608,92.21504593504916,90.74353292713994,91.6632308959961,17641
2011-07-29,91.29535140243392,91.66323434608366,89.14938939433164,90.2530288696289,26870
2011-08-02,88.29101476534991,89.3946543210473,86.75818464789592,87.06475067138672,18027
2011-08-03,85.83848807201892,88.7815238199044,85.83848807201892,87.55525970458984,35570
2011-08-04,87.92310238267774,88.53623422455318,84.73481867605537,85.16400909423828,18140
2011-08-05,82.77281079973493,84.18301611411984,81.05603951942507,81.54654693603516,41285
2011-08-08,81.05605725315579,83.44727792392054,79.46191949496547,79.70716857910156,54438
2011-08-09,79.40058627724648,80.99473306445543,74.80209672451019,78.48088836669922,44050
2011-08-10,79.64584619383831,80.93342718679827,75.5378635032146,75.90574645996094,27452
2011-08-11,77.86775692952679,79.03270388148765,73.75977477366621,78.54220581054688,36732
2011-08-12,79.09402030617615,82.7114950120277,76.33492657456534,81.17866516113281,23007
2011-08-15,82.77281951904297,83.692517513699,82.22100446451006,82.77281951904297,16852
2011-08-16,82.71149120315458,84.42826242822954,81.6078612458533,84.12169647216797,9045
2011-08-17,84.12169277837646,86.08371293988799,82.22098954764502,85.4705810546875,6384
2011-08-18,85.22535518105286,85.71586269351319,82.77282697440386,83.56990051269531,19625
2011-08-19,82.77281835897807,83.99908233466664,80.32029040760095,83.14070129394531,13284
2011-08-22,82.58889278600898,85.40930421515117,82.58889278600898,84.36698150634766,14047
2011-08-23,85.53190830604474,87.06473820400254,85.47059136786595,86.39028930664062,29730
2011-08-24,87.00343523930665,87.86182573341848,85.28667296238847,87.55525970458984,15960
2011-08-25,88.78152122101322,88.78152122101322,86.14505157913345,86.63555908203125,23225
2011-08-26,87.37131652786636,88.29101459658074,84.61222232172321,87.86182403564453,14372
2011-08-29,88.90414428710938,89.51727631667565,88.04576318797751,88.90414428710938,9371
2011-08-30,89.08807697077876,89.70120893980594,88.90413550894033,89.27201843261719,10940
2011-08-31,90.06907430155891,90.43695719171764,89.08806885388653,90.00776672363281,14505
2011-09-01,90.43695890789554,91.78584727132385,88.59756313349766,91.6019058227539,28396
2011-09-02,91.60191642715807,91.60191642715807,87.80049992445713,89.02676391601562,11194
2011-09-05,87.67788408042736,87.67788408042736,85.53192188265467,85.5932388305664,30378
2011-09-06,85.22533486304167,90.68220507963812,85.22533486304167,89.57857513427734,11918
2011-09-07,90.43695719171764,91.54059650654328,89.70120076705072,90.00776672363281,19415
2011-09-08,90.43696315711111,91.66322706432616,90.43696315711111,91.11141204833984,8488
2011-09-09,90.25301686952295,91.35665619807953,89.63988494873047,89.63988494873047,15902
2011-09-12,87.73919627808809,89.149392447182,85.8998002081546,87.6778793334961,17981
2011-09-13,87.73919627808809,88.90414338011841,87.18737184371672,87.6778793334961,8224
2011-09-14,87.43263115841124,88.96546123232693,87.3713142131937,88.90414428710938,15508
2011-09-15,90.00778552198743,90.00778552198743,87.37131587361795,88.59757995605469,15664
2011-09-16,89.51728494209155,89.51728494209155,87.37132263183594,87.37132263183594,9817
2011-09-19,87.18737759884893,87.8005096626322,85.83848892965632,86.02243041992188,10481
2011-09-20,85.4092847334252,88.47494456337118,85.4092847334252,88.41362762451172,7511
2011-09-21,87.86182555260073,88.90414817734249,87.86182555260073,88.35233306884766,9868
2011-09-22,87.67787235572244,88.22968739052584,85.71585190840301,86.1450424194336,6154
2011-09-23,86.14503638889322,87.92311524825418,85.2253384915029,87.4326171875,10707
2011-09-26,86.1450532697652,90.37566068452463,86.1450532697652,89.08808898925781,11476
2011-09-27,90.0077673333697,92.52160258098195,90.0077673333697,91.96978759765625,9748
2011-09-28,91.9697897408311,92.70554618762759,91.4792823244165,91.72454071044922,5818
2011-09-29,91.66323940667382,93.68657699714895,91.47929792469382,92.8895034790039,9870
2011-09-30,93.19607523647888,94.1770902970188,92.70556770620891,93.99314880371094,10492
2011-10-03,93.31867815642285,94.4223175048828,91.96978977748326,94.42231750488281,16636
2011-10-04,92.82818268650757,93.80919764598126,92.03111855704373,93.44131469726562,13933
2011-10-05,94.1157515760193,94.54494205735307,91.84716529841154,92.82817077636719,19863
2011-10-06,92.5829314167039,94.11576140704668,92.46030688860684,93.3800048828125,7344
2011-10-07,93.19605679956523,95.95515058639445,93.19605679956523,95.40333557128906,8676
2011-10-10,96.56828364106525,96.56828364106525,94.23838032335692,95.83252716064453,4077
2011-10-11,95.03545819126236,95.70990712068684,94.11576020876628,94.85151672363281,4426
2011-10-12,95.95513795031698,95.95513795031698,93.74785946926379,94.72887420654297,10536
2011-10-13,92.33767432607218,92.33767432607218,89.63988816441618,90.62090301513672,25730
2011-10-14,90.13040782076237,92.39899444580078,90.13040782076237,92.39899444580078,7210
2011-10-17,92.64425366516905,93.07344421591836,90.86616516113281,90.86616516113281,15577
2011-10-18,91.0500940234456,92.82817292541408,90.55958659528672,92.58292388916016,7468
2011-10-19,92.15372904398168,92.33767049030712,91.84716308532283,91.96978759765625,4374
2011-10-20,91.35665679509448,92.8894866070927,90.92746631886511,91.6019058227539,12649
2011-10-21,92.0311333448394,92.39900699701388,91.17274277845856,92.27638244628906,16708
2011-10-24,92.21505375876738,92.21505375876738,90.6822236806253,90.86616516113281,10699
2011-10-25,91.66323208212651,91.66323208212651,90.00777758789403,90.19171905517578,11492
2011-10-26,91.05009511071864,91.96979304112993,90.13039718030734,91.11141204833984,10261
2011-10-27,92.76686814733206,93.01211719099672,91.29534581839015,91.90847778320312,22940
2011-10-28,91.96978162831716,92.95079637461254,91.6018987595439,92.46028900146484,13221
2011-10-31,93.01210557165636,93.5026129533614,91.35665134459573,92.15372467041016,5027
2011-11-01,91.1114028043,91.47927632574988,89.08806569154996,91.41796875,15651
2011-11-02,91.29533874510467,91.29533874510467,89.76250895183125,90.37564086914062,5085
2011-11-03,89.63988553452631,91.6019058227539,89.33331957212667,91.6019058227539,10112
2011-11-04,90.9274716215447,92.52160910559884,90.9274716215447,92.33767700195312,10688
2011-11-07,91.90847994543044,92.09242141033198,90.49828387770557,91.6632308959961,6890
2011-11-08,91.29534581839015,93.01211719099672,91.29534581839015,91.90847778320312,3714
2011-11-09,92.03110997875115,92.2763590179337,90.3756462194899,91.11141204833984,6455
2011-11-10,90.31435309274201,90.49829457939518,88.96546445003992,89.08808898925781,13595
2011-11-11,89.39465353243371,91.35667419433594,89.39465353243371,91.35667419433594,5497
2011-11-14,91.84717236089762,91.84717236089762,90.19171788808687,91.6632308959961,10902
2011-11-15,90.1917049672,92.58291560139992,90.1917049672,91.41796875,9765
2011-11-16,90.92746520934627,92.70554402730738,90.92746520934627,91.96978759765625,1596
2011-11-17,91.96981639165023,92.58294850092788,91.72456729020057,92.27638244628906,2342
2011-11-18,92.21504974365234,92.64424963136629,91.7245516245254,92.21504974365234,9650
2011-11-21,92.33769143541818,92.33769143541818,88.35233306884766,88.35233306884766,8408
2011-11-22,88.4136211071455,90.74352427728707,88.29099659411713,89.63988494873047,15466
2011-11-23,89.27201514825681,90.13039613105406,88.7815077199508,89.88514709472656,12317
2011-11-24,90.06907314140811,90.06907314140811,87.49392101041833,87.98442840576172,11407
2011-11-25,87.30999977403056,90.62091844211294,87.30999977403056,89.82384490966797,8435
2011-11-28,91.111410440497,91.35665947535163,90.3756446246311,90.62090301513672,7680
2011-11-29,90.37564087036996,92.52160258098195,90.19170877969513,91.96978759765625,4033
2011-11-30,91.96980425211571,93.74788339206236,91.78586277248102,93.25738525390625,13476
2011-12-01,93.2573829540164,95.77121859485395,93.2573829540164,94.2997055053711,11516
2011-12-02,94.79021328528246,97.12010745835123,94.4223303339284,96.26172637939453,18765
2011-12-05,96.13908878519265,96.5069623309121,94.4223175048828,94.42231750488281,35394
2011-12-06,93.74787767613218,96.07778111292565,93.74787767613218,95.70990753173828,11770
2011-12-07,95.89383530792074,95.89383530792074,94.66757138144783,95.09677124023438,11962
2011-12-08,95.95515920357644,96.87485721511231,95.52596866932343,96.62960815429688,24006
2011-12-09,96.26172982569425,98.40769195556642,95.95516380714108,98.4076919555664,27223
2011-12-12,98.71424431800841,99.75656676576399,98.10111236572266,98.10111236572266,18593
2011-12-13,98.10111016583589,99.94050598144531,97.97848564925877,99.94050598144531,19002
2011-12-14,99.32736969783954,100.30838449884384,97.79453991855189,100.12444305419922,20930
2011-12-15,99.75657416059909,101.77991162425991,99.75657416059909,101.5959701538086,26543
2011-12-16,101.59598168326538,101.90254771692379,100.3084099552918,101.0441665649414,34749
2011-12-19,100.18575552326705,101.77990231381612,100.00182342529297,100.00182342529297,11037
2011-12-20,100.9215126033174,100.9215126033174,99.02080000644447,99.87918090820312,16559
2011-12-21,99.87918579187962,100.12444417269575,99.20474629484916,99.75656127929688,14392
2011-12-22,99.6339340209961,100.36969043186723,98.89817761012496,99.6339340209961,8930
2011-12-23,99.51134318211439,101.7799301147461,99.51134318211439,101.7799301147461,16710
2011-12-27,101.10545236276732,101.77990123368461,100.30838833160253,101.47333526611328,11339
2011-12-28,101.65728699265976,102.3930435180664,101.65728699265976,102.3930435180664,6277
2011-12-29,101.7799301147461,102.39306222387108,101.16679800562112,101.7799301147461,4223
2011-12-30,102.33172874937846,102.33172874937846,101.77991368251718,102.14779663085938,6234
2012-01-03,102.39303692699184,103.86454988308334,102.39303692699184,103.61930084228516,13461
2012-01-04,102.7609247005596,103.55798879865038,102.51566629251873,103.4966812133789,9182
2012-01-05,103.61928880782354,103.92585475104195,102.88353241522938,103.00615692138672,15468
2012-01-06,103.31274774861346,104.78426088823187,102.02516673470808,104.66163635253906,30717
2012-01-09,104.23244308516426,104.78425815923663,103.92587707609026,104.53900909423828,19658
2012-01-10,105.0295012354213,105.33606719970703,104.23242785714824,105.33606719970703,14895
2012-01-11,104.35506594749452,105.39738849053371,103.98719235588469,104.84557342529297,10294
2012-01-12,105.39738899362838,105.45870593701537,104.23244191449193,104.90689086914062,17007
2012-01-13,105.39738804712138,105.45870498995772,103.61930897269102,103.68062591552734,9234
2012-01-16,103.61931312722812,105.39739227294922,103.61931312722812,105.39739227294922,10321
2012-01-17,105.64265150319909,106.07184205657498,103.86456298828125,103.86456298828125,26785
2012-01-18,104.3550562128679,105.09081268310547,103.61929974263033,105.09081268310547,14424
2012-01-19,104.60031347793559,105.70394349355672,104.53899654122286,105.45869445800781,10804
2012-01-20,106.0718346790638,106.0718346790638,104.29375564346736,104.72294616699219,9925
2012-01-23,104.47768184073,104.53899877875514,102.94485194661335,103.61930084228516,11076
2012-01-24,104.23244308516426,104.78425815923663,103.19012052544305,104.53900909423828,22741
2012-01-25,104.17112256743678,104.23243950940892,101.28940405213054,102.3930435180664,19852
2012-01-26,102.6996078491211,102.94485690172401,101.16677788122377,102.6996078491211,8556
2012-01-27,101.47335287290481,102.94486603031132,100.43103027343749,100.4310302734375,13549
2012-01-30,102.39303154236481,102.39303154236481,99.94050384075129,100.18575286865234,11327
2012-01-31,99.94050766522254,100.55363961408894,98.65292683034268,98.83686828613281,24855
2012-02-01,98.71425628662111,99.08213924485699,97.30405075425321,98.7142562866211,58362
2012-02-02,98.71424269967089,98.89818415347128,96.99747139028555,97.61060333251953,25267
2012-02-03,97.79453622927488,100.0018147704402,97.48797028498248,99.87918090820312,41541
2012-02-06,99.94050542825657,101.47333526611327,99.94050542825657,101.47333526611328,16804
2012-02-07,102.3317329007585,103.86456298828125,101.16678577650215,103.86456298828125,17086
2012-02-08,104.29375792128292,104.3550655084673,103.61930897269102,103.68062591552734,19327
2012-02-09,103.74192208265544,104.23242950439453,103.3740485330893,104.23242950439453,7881
2012-02-10,103.61931982800228,104.17113494873047,103.12881230088115,104.17113494873047,10561
2012-02-13,104.2324305689612,105.45869445800781,104.17111363224848,105.45869445800781,18185
2012-02-14,104.23242950439453,104.47767853743862,103.12879014439429,104.23242950439453,9012
2012-02-15,104.5389954735251,105.09081047569977,103.49667304961135,104.23242950439453,10031
2012-02-16,103.31274941777677,104.60033045248485,103.31274941777677,104.35507202148438,14522
2012-02-17,104.35507421477985,104.7842647834856,103.31275158916512,104.10982513427734,4754
2012-02-20,103.74193960710797,104.17113016526095,102.88355849080197,103.19012451171875,6579
2012-02-21,103.86455814817765,103.86455814817765,102.02516212886647,102.88355255126953,15173
2012-02-22,103.55799067543505,103.55799067543505,101.53466256742604,101.5959701538086,8581
2012-02-23,102.08645858306463,102.94483947753906,101.47332669968286,102.94483947753906,7406
2012-02-24,102.57697462050027,102.57697462050027,100.98282784686896,101.47333526611328,25125
2012-02-27,101.2280987355596,101.77991380307449,100.5536497813507,101.35072326660156,4121
2012-02-28,100.86022356079847,102.02517072896605,100.5536575317383,100.55365753173828,9549
2012-02-29,101.16678958985865,101.16678958985865,100.5536575317383,100.55365753173828,10795
2012-03-01,100.43100522131954,100.43100522131954,99.26604901961834,99.87918090820312,6426
2012-03-02,99.63396093898216,101.0441665649414,99.63396093898216,101.0441665649414,6815
2012-03-05,101.65728709584297,102.33172667996205,100.43102310036997,101.5959701538086,12447
2012-03-06,100.86021913961049,102.51567375283837,100.73759460449219,100.73759460449219,10981
2012-03-07,100.36969808109123,102.51565990047287,100.36969808109123,102.33171844482422,10647
2012-03-08,103.22656875066914,104.82450325145349,102.97090313175093,104.76058197021484,10755
2012-03-09,105.84718381726441,106.10284943276264,105.14408874511719,105.14408874511719,10445
2012-03-12,105.14409564507523,106.3585220279142,105.14409564507523,105.91110229492188,7663
2012-03-13,105.463678061244,106.10285186767578,105.463678061244,106.10285186767578,8005
2012-03-14,106.10284532381219,107.44511413574219,106.10284532381219,107.44511413574219,13195
2012-03-15,107.38120801168085,108.02038186889324,106.74203415446847,107.50904083251953,13169
2012-03-16,107.63685524553316,107.70077652153034,106.80593717567415,107.31726837158203,10548
2012-03-19,107.70079649166887,108.14821624755861,106.29461593615002,108.1482162475586,19383
2012-03-20,108.46780395723597,108.46780395723597,106.80595774446071,107.38121032714844,9319
2012-03-21,107.38120657787583,108.14821324568544,107.38120657787583,107.89254760742188,12345
2012-03-22,107.50904315074357,107.7007972626459,106.16678387346577,107.38121032714844,20274
2012-03-23,108.02038566089428,108.46780542604557,106.67811661242096,106.9977035522461,12513
2012-03-26,107.5729751586914,107.9564736676924,107.12555535501345,107.5729751586914,3105
2012-03-27,108.27603305836617,108.65954122271225,107.63685928646785,107.76470184326172,7705
2012-03-28,108.21213917313118,109.17089998727053,107.63687683283597,108.72348022460938,10875
2012-03-29,106.61419286342486,108.02037328697112,106.10285186767578,106.10285186767578,6811
2012-03-30,107.38119948053934,108.9152127147683,106.10285186767578,106.10285186767578,4888
2012-04-02,106.74203417537782,108.59563446044922,106.61420135451412,108.59563446044922,5670
2012-04-03,108.59563910236287,109.17090145036768,108.21214062337913,108.33997344970703,3116
2012-04-04,107.38122102768078,109.29874283174651,105.78328619095934,107.5729751586914,2473
2012-04-05,108.02038263560769,108.14821545735369,106.29461515948879,106.74203491210938,4247
2012-04-10,106.74202308857193,106.74202308857193,104.0574951171875,104.0574951171875,6980
2012-04-11,103.54616557650893,105.01626740875454,103.09874582400437,104.56884765625,7318
2012-04-12,106.35851354669197,106.35851354669197,104.18532658658388,105.59150695800781,9294
2012-04-13,105.46370313317784,106.42246407075218,104.95236201586741,105.97504425048828,8280
2012-04-16,105.46367827085307,108.59562602738623,105.46367827085307,108.27603912353516,5969
2012-04-17,108.59562753996674,108.59562753996674,107.1255355641902,107.82862091064453,8662
2012-04-18,107.82862562216185,109.93790125972548,107.82862562216185,109.74614715576172,19930
2012-04-19,110.5770514599811,111.21622516784227,109.93787775211995,110.51313018798828,11509
2012-04-20,110.3853213110651,112.87810516357422,109.93790156923593,112.87810516357422,12711
2012-04-23,111.8554213951374,112.87810343481472,110.44924090534512,111.21624755859375,20375
2012-04-24,111.02449962622502,111.66367349828506,110.38532575416498,111.59976196289062,3971
2012-04-25,110.76882938677845,112.43067553343252,110.76882938677845,111.85542297363281,6846
2012-04-26,112.494615387996,112.494615387996,110.51317223847651,110.96060180664062,3820
2012-04-27,110.89666137612905,110.96058266141503,110.19356625005847,110.4492416381836,1960
2012-04-30,110.00182117036833,111.4080016601606,109.8739786006446,111.21624755859375,13200
2012-05-02,111.85542751598909,112.49460138750902,110.44924694924909,110.57707977294922,6221
2012-05-03,110.38530961175489,111.66365716893333,109.93788991734601,110.25747680664062,17363
2012-05-04,110.5131553909224,110.76883078418466,109.36265025680878,110.38532257080078,10694
2012-05-07,109.23480827455457,109.23480827455457,105.65544052669212,106.42244720458984,8973
2012-05-08,106.99769109340849,106.99769109340849,105.01625814902287,105.08016967773438,13549
2012-05-09,105.65543893278426,105.84719303762067,104.50492405678469,104.6966781616211,5652
2012-05-10,105.27192386084954,105.71934357428971,104.50491724452093,105.0162582397461,9533
2012-05-11,104.8245125618783,106.42244720458984,104.12141741787758,106.42244720458984,22575
2012-05-14,105.65542558827624,105.65542558827624,102.39563547683245,103.54615020751953,10953
2012-05-15,103.35440294056102,104.18533084267065,102.84306194287676,103.22657012939453,5405
2012-05-16,101.628620011785,104.37706891868193,100.98944630101906,103.99356079101562,8837
2012-05-18,101.94823379036765,102.779161784404,101.24513862164011,101.62864685058594,5833
2012-05-21,101.62862708736733,102.77914179745046,101.18120740928431,101.82038116455078,7929
2012-05-22,102.90698930633563,103.67399597167969,101.94822853640082,103.67399597167969,6257
2012-05-23,102.45955092005272,103.99356397160119,101.30903625488281,101.30903625488281,5138
2012-05-24,100.98948287023198,102.13999791682605,100.98948287023198,101.50082397460938,7184
2012-05-25,102.26781002312221,102.90698383576672,101.6286362104777,102.52347564697266,7471
2012-05-29,103.22655853056054,103.67397819587903,101.94821105649787,102.71521759033203,5338
2012-05-30,102.84305952004216,102.84305952004216,101.82038730178465,102.26780700683594,11174
2012-05-31,102.33172828742245,102.90698080062867,101.75646602119815,102.26780700683594,2737
2012-06-01,102.26782073014937,102.26782073014937,100.9894729710225,101.62864685058594,9998
2012-06-04,100.98947143554688,101.30905837046949,99.83895651922161,100.98947143554688,8008
2012-06-05,100.22246859835009,100.98947532107076,99.775048822848,100.41422271728516,5476
2012-06-06,100.60596397132556,102.58740688399996,100.60596397132556,102.3956527709961,11339
2012-06-07,102.84306876493693,103.35440979654082,102.26781620001941,102.90699005126953,14716
2012-06-08,102.58740775131253,103.67400139682847,102.13998798586707,102.65132904052734,11086
2012-06-11,103.610088300378,104.88843604126843,103.09874725341797,103.09874725341797,8670
2012-06-12,103.73791968558777,104.63275919059686,103.03482453663838,104.56884765625,20275
2012-06-13,105.01627041094741,105.39976888704938,104.24926370572408,104.82451629638672,14563
2012-06-14,105.33585735087541,105.65544429080343,104.1853424165307,104.82451629638672,28550
2012-06-15,105.46368940160909,105.46368940160909,103.54616777612529,104.50492858886719,23379
2012-06-18,105.2719214187844,105.2719214187844,104.0574951171875,104.0574951171875,11286
2012-06-19,103.92967532498352,107.7647185509531,103.92967532498352,107.38121032714844,16117
2012-06-20,107.70080105906219,107.70080105906219,106.10286632524821,106.869873046875,12166
2012-06-21,106.23067812661083,107.70077974133947,106.23067812661083,107.44511413574219,8335
2012-06-22,106.80595774446071,107.7007972626459,106.7420364561535,107.38121032714844,10602
2012-06-25,107.7007817149449,107.7007817149449,106.10284726813563,106.35851287841797,14608
2012-06-26,106.23071632977417,108.85133361816406,106.23071632977417,108.85133361816406,15076
2012-06-27,108.9152451660387,109.9379274622448,108.78741231726823,108.85133361816406,22693
2012-06-28,108.8513243923744,109.29874420166016,108.02039631626063,109.29874420166016,22062
2012-06-29,109.93789967725917,110.00182096199995,109.10697174072266,109.10697174072266,10140
2012-07-02,109.61831665039062,110.2574905084104,109.36265100839036,109.61831665039062,23157
2012-07-03,110.38532257080078,110.64099796406303,109.74614871717365,110.38532257080078,16778
2012-07-04,110.70491027832031,111.02449720738765,110.12965770720675,110.70491027832031,8297
2012-07-05,111.21625364446915,111.53584058022912,110.57707977294922,110.57707977294922,8837
2012-07-06,109.55438862284673,111.47191007892702,109.55438862284673,111.02449035644531,10335
2012-07-09,111.15232166431717,112.17500366158454,111.15232166431717,111.47190856933594,6880
2012-07-10,111.79149547435469,111.85541675656577,111.15232166431717,111.47190856933594,8968
2012-07-11,109.74616544779882,111.53585446139377,109.74616544779882,110.96060180664062,33856
2012-07-12,110.89666216416467,111.21624908682796,109.49048165504992,110.76882934570312,11467
2012-07-13,110.38531583328076,111.28016502555178,110.38531583328076,110.6409912109375,7151
2012-07-16,110.64100486733699,112.17501831054688,110.64100486733699,112.17501831054688,5844
2012-07-17,112.43067932128906,112.49460060920653,111.59976109647734,112.43067932128906,7617
2012-07-18,112.49460909501708,112.9420288851319,111.40801538958965,112.68636322021484,16276
2012-07-19,112.75025061982836,114.34818506598816,112.75025061982836,114.15644073486328,17424
2012-07-20,114.2842709740815,114.41210377630064,113.13375624807382,113.26158905029297,28663
2012-07-23,112.49458295489116,113.2615895244346,110.76881573516397,111.40798950195312,10844
2012-07-24,109.93791422995092,112.11110165654426,109.93791422995092,110.89667510986328,37527
2012-07-25,111.21624073804621,112.17500143406384,110.32140132297035,111.53582763671875,8543
2012-07-26,111.08841474188877,111.91934267999926,110.25748680377829,111.21624755859375,19210
2012-07-27,111.21624294652825,112.0471708501807,110.70490194789457,111.47190856933594,11911
2012-07-30,111.53584517132151,112.87811425797223,111.15233693141569,112.4946060180664,12338
2012-07-31,112.75028137939896,115.05131151082364,112.558536995964,114.53997039794922,14579
2012-08-02,115.05127716064455,115.56261812085093,113.96468371584197,115.05127716064453,55013
2012-08-03,115.24302589205041,115.56261275822193,114.47601936384223,114.9234390258789,8541
2012-08-06,114.53995046667498,114.53995046667498,112.62242894183214,113.70902252197266,9704
2012-08-07,113.45334706681497,114.85952744605359,113.32551426016019,113.77293395996094,55376
2012-08-08,114.0925178109412,114.73169158019017,113.00592435382148,113.51726531982422,32053
2012-08-09,113.51728127852111,115.11521592628735,113.13377306184958,114.98737335205078,12920
2012-08-10,114.6038521597074,115.37085868791559,114.34817681495988,114.9234390258789,12345
2012-08-13,114.73172377089948,115.2430648803711,114.53996963572007,115.2430648803711,4980
2012-08-14,115.05127880454721,115.6904525756836,114.22035095146639,115.6904525756836,13388
2012-08-15,115.6265534124946,115.69047470304113,114.66779257241414,115.37088775634766,32157
2012-08-16,114.92344600092349,115.6904525756836,114.47602631173157,115.6904525756836,7136
2012-08-17,115.81830753111461,116.20181576835463,114.66779257241414,115.37088775634766,13683
2012-08-20,114.7317024019814,115.30695494735768,114.22036138774766,114.85953521728516,9813
2012-08-21,114.53994839546321,115.05128941011188,113.58118765037895,114.79562377929688,6901
2012-08-22,114.476031344199,115.05128386230325,113.13376246459819,113.64510345458984,6807
2012-08-23,114.28426241874166,114.34817393855799,112.3667412699474,112.9419937133789,8980
2012-08-24,112.55851528276135,114.85953521728517,112.55851528276135,114.85953521728516,8261
2012-08-27,114.15642888195582,115.49868782555205,114.15642888195582,115.43477630615234,17818
2012-08-28,114.85953130443134,115.30695101926187,113.26159678502351,114.34819030761719,10166
2012-08-29,114.60387487023443,114.79562897853981,113.32552715222405,113.9007797241211,6199
2012-08-30,113.45336073535984,114.22036742071337,112.62243276246886,113.13377380371094,10417
2012-08-31,112.7502549935808,115.05128458651846,112.7502549935808,114.02860260009766,8369
2012-09-03,113.64510884237137,114.92345650144637,113.5172760270676,114.85953521728516,9031
2012-09-04,114.53995046667498,114.66778328439408,112.49459612411306,113.70902252197266,7452
2012-09-05,114.0925285724439,114.98736803258893,113.70902037351394,114.85953521728516,6694
2012-09-06,114.9873847133926,116.77707364632504,114.47605337800053,116.58531951904297,26889
2012-09-07,116.90490574929838,117.28841400146484,115.69047920580456,117.28841400146484,30345
2012-09-10,116.58529590923295,117.16055817458216,114.73169581126103,116.20179748535156,17880
2012-09-11,116.39357673035137,116.6492424015302,114.85955344421777,116.13790130615234,10868
2012-09-12,115.69045092264813,116.58529028824609,114.85952308143995,115.05127716064453,9236
2012-09-13,114.73170640096544,116.39356231689453,114.73170640096544,116.39356231689453,8561
2012-09-14,116.45748138427736,116.7131567933556,115.56264183505252,116.45748138427734,12189
2012-09-17,116.20180200851144,116.3296348214478,114.09252645949688,116.01004791259766,10535
2012-09-18,116.01005410459736,116.52139513665392,115.62654589230019,116.39356231689453,7238
2012-09-19,116.3296296166592,116.96880340576173,115.62653454743922,116.96880340576172,7718
2012-09-20,116.96882244941423,116.96882244941423,115.69047466308184,116.45748138427734,13850
2012-09-21,116.64921651121047,117.41622310752989,115.81828863477358,116.96880340576172,9592
2012-09-24,116.96880201056979,117.35231018066406,116.07396261770702,117.35231018066406,23811
2012-09-25,117.4801558494776,117.67190995552026,116.32964096624066,117.5440673828125,6541
2012-09-26,115.37089453959562,116.77707523711963,115.37089453959562,116.13790130615234,14259
2012-09-27,115.75437630094231,117.22446820321812,115.75437630094231,116.64921569824219,7150
2012-09-28,116.3296246846517,116.71313284306089,115.05127716064455,115.05127716064453,14122
2012-10-01,115.6904709149879,118.05541229248047,115.6904709149879,118.05541229248047,10409
2012-10-02,117.86364524688088,118.11932061962041,117.16055991613814,117.92756652832031,9174
2012-10-03,117.79974442964343,118.18324289409578,116.71315081749972,118.11933135986328,10269
2012-10-04,118.24715583555161,118.88632965087892,117.67190330296441,118.8863296508789,6846
2012-10-05,118.5667278373823,120.0368293784223,118.11930817350506,119.90899658203125,15260
2012-10-08,119.65332123623197,120.48424904229954,118.88631470486851,119.90899658203125,4473
2012-10-09,119.90900265086104,120.80384202390512,119.65332729212153,120.42033386230469,14781
2012-10-10,120.03684446907175,120.03684446907175,118.24715583555161,118.8863296508789,7721
2012-10-11,118.88633196045298,119.33375168927031,118.05540403378157,118.75849914550781,9965
2012-10-12,119.0780830421027,119.71725685365126,118.24715513648589,119.65333557128906,10354
2012-10-15,119.52551270381137,121.05952607794674,119.33375859378965,120.61210632324219,20553
2012-10-16,121.12342384469544,121.44301071499807,120.54817137935763,121.31517791748047,27696
2012-10-17,121.44303594845042,121.95437699778459,120.54819642688008,121.18737030029297,27310
2012-10-18,120.48426533990367,122.65745243156456,120.48426533990367,122.40178680419922,8732
2012-10-19,121.7626182705416,123.23272007428054,121.7626182705416,122.52962493896484,28664
2012-10-22,122.52962411163341,122.52962411163341,120.61210257701312,121.12344360351562,25155
2012-10-23,120.61210777761123,121.50695705082981,118.63067462487874,119.14200592041016,21686
2012-10-24,118.75850136330061,118.95025546580861,118.05540623844418,118.694580078125,8125
2012-10-25,118.50282828633189,119.01416931865107,117.73582161436262,118.5667495727539,10615
2012-10-26,117.607972201141,119.33373940783683,117.54405092373769,119.01415252685547,9414
2012-10-29,119.07809215052285,119.07809215052285,117.79974442964343,118.11933135986328,17198
2012-10-30,117.86365213593618,118.694580078125,117.60798650127137,118.694580078125,10479
2012-10-31,118.3110777346032,118.88633027018705,117.67190391594629,118.18323516845703,23559
2012-11-01,117.79973522066588,117.99148931441127,116.39355478823028,117.48014831542969,14565
2012-11-02,117.03273688033401,117.92757637710989,116.71314995248277,117.86365509033203,17779
2012-11-05,118.82240453658132,118.82240453658132,117.86364384450664,118.31107330322266,7223
2012-11-06,118.75849003451204,119.3337425341419,117.92756217158832,119.2059097290039,14994
2012-11-07,119.26983926594599,120.5481869118703,118.37499006198784,118.50282287597656,15771
2012-11-08,118.88633027018705,118.88633027018705,117.67190391594629,118.18323516845703,18525
2012-11-09,117.9915084838867,117.9915084838867,116.96882631977361,117.99150848388672,13050
2012-11-12,117.92757791929421,117.92757791929421,116.71315147878556,117.4162368774414,7237
2012-11-13,116.96882631977361,118.05542002350631,116.45748523771707,117.99150848388672,12790
2012-11-14,117.28839502048511,118.05540164767207,117.16056220812368,117.79973602294922,13689
2012-11-15,117.22446031739752,117.86363405904748,114.98735222162261,115.56261444091797,15245
2012-11-16,114.98735884445207,115.43478829179111,113.83685384563131,114.15644073486328,22416
2012-11-19,114.28427222978712,115.6904525756836,113.1337574911381,115.6904525756836,39091
2012-11-20,115.6904731686733,115.6904731686733,114.0925384563988,114.7317123413086,15340
2012-11-21,114.1564430806637,115.37086938349326,113.83685618486456,115.17911529541016,14094
2012-11-22,115.49870160361691,116.01004258489775,114.41210811403138,115.88220977783203,26196
2012-11-23,116.32965543604656,116.32965543604656,115.11522886841679,116.13790130615234,13468
2012-11-26,116.32962857120204,116.32962857120204,115.11520228402853,115.62653350830078,13168
2012-11-27,115.11520398816052,116.26570901282275,115.11520398816052,116.20179748535156,12045
2012-11-28,115.49871146396629,116.90489196777345,115.49871146396629,116.90489196777344,15828
2012-11-29,116.96879907556483,118.24714660644531,116.96879907556483,118.24714660644531,34094
2012-11-30,118.18324511636831,118.6306746295047,117.41623842002198,118.05541229248047,30454
2012-12-03,118.24717487886102,118.50284054495867,116.90490574929838,117.28841400146484,30366
2012-12-04,117.0327483353672,118.31109617189543,116.96882704233279,117.28841400146484,35947
2012-12-05,118.11932061962041,118.31107471092052,116.64921892367728,117.92756652832031,28890
2012-12-06,117.79974521127814,119.5255126953125,117.79974521127814,119.5255126953125,15591
2012-12-07,119.33375484526506,120.48426971623608,119.33375484526506,120.03684997558594,12284
2012-12-10,119.97294458179599,121.44304656982422,119.9090330406766,121.44304656982422,22348
2012-12-11,120.48427961259613,122.40180130404327,120.48427961259613,122.08221435546875,16064
2012-12-12,123.10486942530432,123.87187598263911,121.44301375689764,121.57084655761719,27053
2012-12-13,122.08219586730634,122.08219586730634,120.42034008518286,120.80384826660156,8834
2012-12-14,121.25127642188654,121.44303052595235,120.42034847294731,121.12344360351562,11030
2012-12-17,121.44304731517197,121.44304731517197,120.1007781541646,120.73995208740234,8496
2012-12-18,120.54819257063555,121.50695335008487,119.90901871766934,120.676025390625,22370
2012-12-19,121.1873588586077,122.21003110770299,120.42034248051324,121.76261138916016,22475
2012-12-20,120.67601301831193,120.867767105146,119.46157697037484,119.84508514404297,37528
2012-12-21,120.35642855695853,121.12343516677777,119.65333347536362,120.80384826660156,28028
2012-12-27,121.31520848938018,121.44304131911214,119.8451065649133,120.2286148071289,26321
2012-12-28,120.6121239620862,120.6121239620862,119.20594320464625,119.46160888671875,13560
2013-01-03,122.08222727727255,122.72140124207503,121.37913201478156,122.2100601196289,39159
2013-01-04,122.08218779050273,122.84919434957777,121.57084683344685,122.5935287475586,17824
2013-01-07,123.04096596891999,123.68013981810918,122.14612648126268,122.52962493896484,22162
2013-01-08,123.04097897630638,123.7440741859504,122.52963789229435,123.6801528930664,45694
2013-01-09,123.68014910498918,124.25540171124639,123.04097520780579,124.19149017333984,46988
2013-01-10,124.3832389734979,124.76673744359474,123.68014381545812,124.06365203857422,16216
2013-01-11,124.19147807479676,125.91724547846641,123.74405834095926,125.4698257446289,48778
2013-01-14,126.10901258003946,126.17292411830844,124.63891065757693,125.59767150878906,29085
2013-01-15,125.53375931019906,126.36468739203954,125.15026079374836,126.23685455322266,120217
2013-01-16,126.87599566662621,128.2821760357535,126.23682188493036,127.45124816894531,134335
2013-01-17,127.19560989679076,130.51931232539937,127.19560989679076,130.3914794921875,107220
2013-01-18,130.39146106077894,130.51929387592108,128.66569367381354,129.1131134033203,70248
2013-01-21,128.9852774837138,129.1770315783211,128.09042829321913,128.92135620117188,26295
2013-01-22,128.15438241885101,128.79355639600237,126.81211316562475,127.70696258544922,38832
2013-01-23,127.70692414534471,130.838871789454,127.70692414534471,130.5832061767578,65032
2013-01-24,130.77499363086937,133.13993528730217,130.64715103888346,132.94818115234375,47261
2013-01-25,132.30897300763766,133.13990087568052,131.4780451395948,132.37289428710938,35693
2013-01-28,131.79764104309237,132.75640178261975,131.66980822842575,131.98939514160156,38992
2013-01-29,131.66980974484977,132.24506229398386,131.0306359111369,131.54197692871094,18320
2013-01-30,131.925472804222,131.925472804222,128.9213577949637,129.56053161621094,67346
2013-01-31,130.26360886402213,131.92545471964502,129.0491729183183,131.41412353515625,32969
2013-02-01,131.79762192352283,132.2450415864591,130.39144166014432,131.41412353515625,22072
2013-02-04,132.50072379322836,132.50072379322836,130.07186152906007,131.09454345703125,35162
2013-02-05,130.58322757136554,132.69250335725343,130.58322757136554,132.05332946777344,21441
2013-02-06,132.11723011992748,132.2450629366876,130.07187579270976,130.83888244628906,27328
2013-02-07,130.19971768910014,130.64713745547118,128.28219604492188,128.28219604492188,45859
2013-02-08,128.34610838390162,131.2223906495881,128.34610838390162,130.83888244628906,54796
2013-02-11,130.90280214443604,131.35022187418232,130.00795293192482,130.19970703125,44068
2013-02-12,130.3914794921875,131.09457470438278,129.43271861356848,130.3914794921875,96383
2013-02-13,130.9667099346418,131.5419722161857,130.13579178299793,130.71104431152344,163687
2013-02-14,130.4553855619528,131.60589067962266,130.13579863970696,131.47805786132812,122370
2013-02-15,131.60589532355738,132.75641023484397,131.09456403233597,132.30899047851562,44603
2013-02-18,132.62857828079643,133.97084731159293,132.43682416882277,133.65126037597656,37207
2013-02-19,134.16257878110108,135.76051330566406,133.331660630743,135.76051330566406,42462
2013-02-20,136.08011634374094,137.3584641149476,135.50486374790574,137.10279846191406,37272
2013-02-21,136.46361678312388,136.9749578130087,133.65125574828582,133.90692138671875,38158
2013-02-22,133.71515324587244,136.3357696533203,133.65124171948221,136.3357696533203,18988
2013-02-25,136.335772889039,138.06154019082064,136.335772889039,137.61412048339844,49162
2013-02-26,136.39969334435898,136.97495565128276,135.31309976863912,136.14402770996094,25536
2013-02-27,136.27184837391215,137.1666975205368,135.31308770089726,136.3357696533203,45864
2013-02-28,136.65536198677094,137.67803422690508,135.6966012755724,137.55020141601562,25558
2013-03-01,138.06155859608387,138.57289965259918,136.91104365717928,137.80589294433594,29828
2013-03-04,137.86979522877655,139.02031009047388,137.67804112632388,138.3172149658203,22483
2013-03-05,138.89247518318973,141.06566230356898,138.82855389899441,140.5543212890625,51528
2013-03-06,140.61824720378345,141.4491751605914,140.04299463915737,140.2986602783203,35626
2013-03-07,141.19141977432733,143.1092383016412,140.7946248627178,142.31565856933594,39779
2013-03-08,142.51406659799974,143.10924891865577,141.52208933629674,141.91888427734375,38331
2013-03-11,141.52208104240754,141.98500171922328,140.39784222987961,141.6543426513672,31705
2013-03-12,141.65435138939947,143.24152106756256,141.65435138939947,142.38180541992188,16870
2013-03-13,143.17537159365045,143.17537159365045,141.25755310058594,141.25755310058594,32393
2013-03-14,141.38983126051724,142.64633178710938,141.38983126051724,142.64633178710938,23018
2013-03-15,142.844735254043,144.16737169158046,142.4479402864157,143.5721893310547,28639
2013-03-18,142.38180361285995,143.50604248046875,142.05114452880358,143.50604248046875,32910
2013-03-19,143.0431075465455,145.09318760914,143.0431075465455,144.43186950683594,42253
2013-03-20,144.10122232899064,145.754517720975,143.57217587628705,145.42385864257812,96873
2013-03-21,145.68839331386803,145.68839331386803,143.10924642385336,143.83670043945312,22076
2013-03-22,143.43990327679134,144.96093704610493,142.844720975758,144.49801635742188,21844
2013-03-25,144.43188140738752,145.88678942506516,144.43188140738752,145.42385864257812,23153
2013-03-26,145.55613708496094,145.68839870425967,144.2996264743361,145.55613708496094,19866
2013-03-27,145.55611081875819,146.08515720048453,144.101202996272,145.48997497558594,24535
2013-03-28,145.48998739810793,147.4739417717185,145.42385154928874,146.94488525390625,13836
2013-04-02,146.2835886748401,148.33367919921875,146.2835886748401,148.33367919921875,19925
2013-04-03,148.1352631488964,150.05308171579776,147.87073992963897,149.3256378173828,39051
2013-04-04,150.71439767972174,150.71439767972174,146.15130662244533,146.61422729492188,26374
2013-04-05,146.54809111448293,147.0771375077384,143.70442134162562,145.75450134277344,29701
2013-04-08,146.08519539403585,148.33368346788515,145.95293376402483,148.26754760742188,23953
2013-04-09,148.5321124698382,149.92087501595674,146.94494230023713,147.4739990234375,36741
2013-04-10,147.07715163893167,149.45790100097656,147.07715163893167,149.45790100097656,21904
2013-04-11,149.45788782577247,150.25146751285942,148.13525165032314,150.05307006835938,64748
2013-04-12,149.45789108907005,149.59015269132016,147.9368574359101,149.06109619140625,20656
2013-04-15,149.65633123206098,153.42584347158476,149.65633123206098,153.09518432617188,38671
2013-04-16,152.23545602915922,152.76451263655983,149.98697806135092,151.17735290527344,27442
2013-04-17,151.30960389491844,151.64026298992877,147.1432972796051,147.7384796142578,57856
2013-04-18,147.47394437411808,150.78053505515211,146.68036462885271,150.1192169189453,37054
2013-04-19,151.44188279371994,151.44188279371994,149.1272688645583,150.4499053955078,19550
2013-04-22,151.11119318045775,151.64024970430515,149.12723878421542,149.19337463378906,15691
2013-04-23,149.1272347381782,152.3015637042246,149.1272347381782,152.2354278564453,45994
2013-04-24,151.57415023908928,153.16132019162097,151.4418885991074,153.09518432617188,38147
2013-04-25,152.89677043223114,153.4258270263672,150.51603089499181,153.4258270263672,62573
2013-04-26,152.76452518075897,153.22744596615377,151.57415023908928,153.09518432617188,43664
2013-04-29,153.42581110574204,154.35165248122138,152.63223134234346,154.21939086914062,60622
2013-04-30,154.2194068721136,154.74846346624966,152.89677043223114,153.4258270263672,89969
2013-05-02,152.2354355117892,153.69033341787198,151.90477643809248,153.29354858398438,33910
2013-05-03,153.42582175100185,155.5420379638672,152.83063940988546,155.5420379638672,40737
2013-05-06,154.74845010926185,155.14524504334364,153.7564728649717,154.02099609375,15593
2013-05-07,154.0871612911577,154.6823437147141,153.42584300235444,154.3516845703125,20901
2013-05-08,154.08714553545107,157.92279323649083,153.95488390939767,157.72439575195312,67357
2013-05-10,157.26147016300501,160.30352783203125,156.9308110626164,160.30352783203125,37892
2013-05-13,158.78250094425425,160.03900146484375,157.45986456851176,160.03900146484375,37799
2013-05-14,159.90672131211,161.0309600830078,159.11314159682408,161.0309600830078,41331
2013-05-15,161.36161361298218,164.20528341204934,161.36161361298218,163.9407501220703,38534
2013-05-16,164.07304158788048,165.66020115539877,161.49389467702022,162.61813354492188,50095
2013-05-17,161.49390404491353,162.55201721191406,160.50192673494365,162.55201721191406,36304
2013-05-21,162.68427025343843,165.6602020263672,161.69229299579553,165.6602020263672,50497
2013-05-22,166.8175210122675,170.9507598876953,166.8175210122675,170.9507598876953,111270
2013-05-23,167.31348093952317,167.9747990460035,164.7343443606153,165.9908447265625,54301
2013-05-24,165.99083984616007,168.14012362902866,164.99886271560533,167.4788055419922,36248
2013-05-27,166.98284854756855,167.47883720662074,165.99087122946418,167.14817810058594,18990
2013-05-28,166.98286320381015,168.30549974403834,166.15621536616752,167.3135223388672,21464
2013-05-29,166.8175121585634,166.9828417048058,159.77447752500382,160.83258056640625,92013
2013-05-30,160.36965942382812,161.62615993552527,156.07109123308635,160.36965942382812,140864
2013-05-31,159.5099204655051,159.64218206463894,156.46786332177373,157.59210205078125,60546
2013-06-03,155.93882298928904,155.93882298928904,149.5240389030625,152.1693115234375,90874
2013-06-04,152.03704116283603,154.880711273044,150.8466765458826,153.55807495117188,47429
2013-06-05,152.169315785368,154.94685009637158,151.8386566985601,152.10317993164062,19462
2013-06-06,151.44187165064324,153.29356467590839,148.399803816928,148.66433715820312,75948
2013-06-07,148.6643348368726,153.1613006591797,148.20141411051344,153.1613006591797,86019
2013-06-10,152.8967863531286,154.74847957996096,152.10320642474795,154.3516845703125,45988
2013-06-11,153.95490927547382,153.95490927547382,150.64831762475885,151.7064208984375,119522
2013-06-12,150.91280520094924,153.02902133833697,149.52404309090468,152.10317993164062,50084
2013-06-13,149.72243494989365,152.10318448250754,149.52404756460484,150.78054809570312,39027
2013-06-14,150.78056297479387,152.10319949211663,149.85472144903426,150.31764221191406,27413
2013-06-17,150.714437133906,153.09518705975472,150.58217549156248,152.89678955078125,23592
2013-06-18,152.10316956478022,152.30156702152576,150.78053330769518,151.2434539794922,25171
2013-06-19,151.441871558584,152.96290547451704,150.38375837595711,152.49998474121094,17886
2013-06-20,150.78053239440277,151.77250958120806,146.94488525390625,146.94488525390625,231981
2013-06-21,146.41581942525593,148.99496600148547,144.82866006366322,145.75450134277344,61721
2013-06-24,144.29962524256683,144.76254595161822,141.32369342463204,142.0511474609375,77356
2013-06-25,142.84471567465505,144.89480590820312,140.86076129028484,144.89480590820312,55178
2013-06-26,145.4238666927793,150.9128097162006,145.2254793074905,150.78054809570312,44309
2013-06-27,152.03704575823534,156.9308063516273,151.4418634317689,156.0710906982422,29796
2013-06-28,155.2775115966797,156.00495554441514,152.2354439143978,155.2775115966797,27226
2013-07-01,155.47591291896353,156.73241346310346,154.35166390577896,154.7484588623047,34788
2013-07-02,155.40976983508563,156.2694854736328,153.69033855799123,156.2694854736328,31138
2013-07-03,155.4097552661643,155.80655016703903,153.55806254693792,155.47589111328125,33384
2013-07-04,156.40177398660757,159.11318298426406,156.20337648345188,158.9809112548828,23248
2013-07-05,159.64218206463894,159.70831790966247,157.39370460662388,157.59210205078125,20046
2013-07-08,157.3937185390486,159.37767297441474,157.3937185390486,159.1792755126953,15344
2013-07-09,160.23740534741194,161.56004177604774,159.90674624025297,161.4277801513672,17200
2013-07-10,160.30354663019892,161.89071655273438,160.30354663019892,161.89071655273438,32229
2013-07-11,162.75040891968175,162.75040891968175,160.36965942382812,160.36965942382812,22034
2013-07-12,160.70029993526273,162.15519775188486,160.70029993526273,161.3616180419922,72318
2013-07-15,160.03900458808633,161.69230009002936,159.57608386572528,160.30352783203125,43635
2013-07-16,159.9728903469117,159.9728903469117,156.40177561655767,157.3937530517578,60017
2013-07-17,157.72439962570067,158.5841153525354,155.01299081589477,157.19534301757812,44608
2013-07-18,156.13719813112985,158.38567550061904,156.0710622887102,156.66624450683594,22692
2013-07-19,156.53401097000997,156.53401097000997,153.42581754651775,155.60816955566406,34396
2013-07-22,155.47590750169786,155.47590750169786,154.0209994390737,155.14524841308594,35304
2013-07-23,154.81459932460987,154.81459932460987,152.83064466478615,153.4258270263672,31403
2013-07-24,153.6242366240878,156.66629462114028,153.6242366240878,154.8807373046875,27180
2013-07-25,156.00495484378385,157.92278362301442,154.61619271839066,156.0710906982422,29541
2013-07-26,156.46788906799492,156.60015068889194,153.95487790729211,155.07911682128906,18376
2013-07-29,154.7484756684532,156.07111221262804,154.02102153279066,154.8807373046875,28551
2013-07-30,154.74844740837776,154.74844740837776,153.42581110574204,154.21939086914062,14702
2013-07-31,153.5581142410213,153.5581142410213,150.58218175537777,151.7064208984375,20146
2013-08-02,153.35968156476264,153.55807903650458,151.7063861184374,151.77252197265625,36101
2013-08-05,153.42581019528023,153.88873088027282,152.63223043659093,153.29354858398438,13372
2013-08-06,154.74849180295232,155.80660518498036,153.4258551208758,154.08717346191406,19070
2013-08-07,154.08717346191406,155.1452868439421,153.02906007988602,154.08717346191406,19417
2013-08-08,154.61618375686106,154.7484453671972,153.09515001071006,153.62420654296875,22445
2013-08-09,154.55005264460178,156.4678813714742,154.35165517755783,156.13722229003906,25161
2013-08-12,158.05505256413915,159.31155312974744,157.59213183422636,158.38571166992188,30054
2013-08-13,159.17927393863528,159.97285368675153,157.92277351169403,159.04701232910156,20627
2013-08-14,159.37768241704288,159.7744773639906,157.59212533760748,159.1131591796875,16991
2013-08-15,159.3115407131352,159.3115407131352,156.00494991302102,156.93080139160156,15824
2013-08-16,156.07107812053408,156.666260399035,154.1532595867744,155.8726806640625,14144
2013-08-19,156.3355916317267,158.58407918065492,156.3355916317267,157.59210205078125,16431
2013-08-20,157.39371495844017,158.91474867580115,155.60815802541376,158.4518280029297,16592
2013-08-21,158.45185372323363,158.51797949242678,156.5340247801538,157.19534301757812,27378
2013-08-22,156.60015113644025,159.377685546875,156.60015113644025,159.377685546875,41833
2013-08-23,159.3776835544576,159.3776835544576,157.52599060701127,158.78250122070312,45171
2013-08-26,158.65022880718752,160.30352427241837,158.65022880718752,159.57608032226562,17300
2013-08-27,158.58411342442776,159.04703416681335,156.86468199166362,158.319580078125,27757
2013-08-28,157.7905211219814,159.04702162234094,154.285532764512,155.14524841308594,42018
2013-08-29,155.3436216160765,155.47589331218114,153.3596672654706,154.8145751953125,22391
2013-08-30,155.40978168619088,155.40978168619088,152.83064466478615,153.4258270263672,16000
2013-09-02,154.21939777346995,156.60014726116492,154.21939777346995,156.0710906982422,15892
2013-09-03,156.40178765554796,156.7324468260671,154.08717346191406,154.08717346191406,19016
2013-09-04,154.81459513819684,155.80657244128417,153.8226178351095,155.2113800048828,15626
2013-09-05,155.6081745408338,156.20335688470746,153.42582246177216,154.7484588623047,19772
2013-09-06,154.94683680050352,156.00493973294513,153.0951440550886,154.8145751953125,15104
2013-09-09,154.6161934127849,155.2775115966797,153.16129542639928,155.2775115966797,22958
2013-09-10,155.27752492507724,156.8646846662943,155.07912743469623,156.40176391601562,14967
2013-09-11,157.12921569343854,157.65826220541018,155.87270500021742,157.06307983398438,15178
2013-09-12,157.393742839183,157.72440196279473,156.07110634473608,156.53402709960938,13607
2013-09-13,156.33561393424623,156.40174978870456,155.01297757239672,156.0710906982422,21757
2013-09-16,156.0710733736799,157.39370958871106,154.55003970821133,155.47589111328125,13511
2013-09-17,155.1452538188304,155.40977706257095,153.6903457055127,154.7484588623047,25534
2013-09-18,154.9468658047474,156.40176391601562,154.6823324539342,156.40176391601562,20737
2013-09-19,157.72438475524044,158.38570293031484,157.19532819699802,157.6582489013672,32215
2013-09-20,158.1211812096468,160.17126151744506,158.1211812096468,159.90673828125,28955
2013-09-23,159.90677361797574,160.0390352653009,158.18734192999835,158.58413696289062,54781
2013-09-24,158.38571281911936,159.44382600166745,157.26147386948404,158.0550537109375,45921
2013-09-25,158.71636692745457,159.57608259982794,157.724389634158,158.91476440429688,17918
2013-09-26,158.9147500767591,160.4357838075292,158.05503448189657,159.84059143066406,26336
2013-09-27,159.70835527961637,160.7664685021001,158.84863954771274,160.70033264160156,30114
2013-09-30,159.70835527961637,161.29551502242646,159.0470370382929,160.70033264160156,24780
2013-10-01,160.96486608435785,161.89071773532916,160.70034280746103,161.56005859375,14849
2013-10-02,161.09711373259674,161.09711373259674,158.5841026140621,159.1131591796875,53573
2013-10-03,159.5099456032361,160.36966126946155,158.58410417247936,159.24542236328125,20378
2013-10-04,158.9808963358332,158.9808963358332,156.60015679412643,157.72439575195312,27951
2013-10-07,156.79852720448662,157.32757361735048,155.54201674665117,156.73239135742188,21808
2013-10-08,156.00495484378385,156.996932115171,155.67429575332147,156.0710906982422,77010
2013-10-09,155.40976191687727,155.40976191687727,152.89675098259178,153.491943359375,20542
2013-10-10,154.21939959372608,155.60817182642563,153.55808140499576,154.9468536376953,37920
2013-10-11,156.40175508045397,157.79052734375,155.21138029633096,157.79052734375,30657
2013-10-14,157.72438475524044,157.85664637207242,156.13722517142773,157.6582489013672,38898
2013-10-15,158.4518132077543,160.17123413085938,158.38567736455636,160.17123413085938,23719
2013-10-16,160.03902569816628,161.2955264090168,158.71638912214837,161.22940063476562,31419
2013-10-17,161.8245535562641,162.88266666054616,159.97286066922774,160.89871215820312,25040
2013-10-18,161.8906923850204,162.4197489468858,158.45183986926722,159.44381713867188,134619
2013-10-21,160.30352356914315,160.83258013387893,159.44381800372653,160.36965942382812,25432
2013-10-22,160.10511551271858,162.68425205775668,159.70832061767578,162.02293395996094,40342
2013-10-23,161.89068738318065,163.4117211674562,161.49389245131246,163.27944946289062,29170
2013-10-24,163.14718673180897,163.8085048864502,162.28747111259253,163.610107421875,26291
2013-10-25,163.6100910777814,164.6020682106481,162.4858523453818,163.9407501220703,16426
2013-10-28,164.27142176592733,164.40369346651866,163.01492133762162,164.13916015625,26406
2013-10-29,164.5359649658203,165.3295447624974,163.34559022534742,164.5359649658203,59126
2013-10-30,164.33756905674457,165.6602054274226,163.67625087140556,164.66822814941406,32753
2013-10-31,163.74241164580704,165.19730985678683,163.74241164580704,165.06504821777344,42099
2013-11-01,165.19728132431672,166.15619065518865,164.13916821313182,165.6602020263672,28733
2013-11-04,166.98285142659668,167.47884009420042,165.66021497965335,166.321533203125,35424
2013-11-05,166.65218471793466,167.1481733629285,164.20530942081461,165.26341247558594,45374
2013-11-06,165.26340540568182,166.48684804736084,165.06501802890307,166.15618896484375,17445
2013-11-07,166.3215256212721,166.3215256212721,164.6020942822608,165.26341247558594,19568
2013-11-08,164.60209003712052,166.15619178771973,164.00690771484375,165.3295440673828,42168
2013-11-11,165.99086054823812,166.98283780251046,165.49487192110195,165.82553100585938,23010
2013-11-12,165.3295558679175,166.81752187072877,165.13115838269294,166.321533203125,74233
2013-11-13,165.66018567332236,166.81749235966294,164.80047011671522,165.9908447265625,24703
2013-11-14,166.32150159563335,166.98281969342912,165.99084254673548,166.65216064453125,22033
2013-11-15,167.31348959855208,167.9748077392578,166.48684192266992,167.9748077392578,25439
2013-11-18,167.80949174246447,168.6361394850382,166.817514451376,168.47080993652344,30072
2013-11-19,167.64418147392425,168.14017017650983,166.48687450122458,167.3135223388672,27421
2013-11-20,167.80949920593628,167.80949920593628,165.49488542378543,166.321533203125,39777
2013-11-21,165.49486968297117,167.64415370482791,165.32954014282834,166.48684692382812,28974
2013-11-22,167.64413999276334,168.30545809924365,165.9908447265625,165.9908447265625,27403
2013-11-25,166.81750826013172,167.14816734488917,165.49487192110195,165.82553100585938,41245
2013-11-26,165.66020146348066,166.652178717753,164.73436006252558,165.82553100585938,57861
2013-11-27,165.329541258551,166.6521775886194,164.6682230935168,166.15618896484375,27742
2013-11-28,165.66020146348066,165.99086054823812,164.9327474406485,165.82553100585938,26779
2013-11-29,165.3295558679175,166.65219231486086,164.99889675618167,166.321533203125,38364
2013-12-02,165.49485397338867,166.65216064453125,165.19726284756325,166.65216064453125,129337
2013-12-03,166.65217176429655,166.65217176429655,163.3455810546875,163.3455810546875,20660
2013-12-04,163.0149333102644,163.0149333102644,159.70834237090813,160.03900146484375,21489
2013-12-05,158.98088453167796,160.83257743168497,158.7163612992117,160.56805419921875,27738
2013-12-06,161.8907173709926,162.2875022854449,160.63420658126998,161.09713745117188,53589
2013-12-09,162.02296150727003,162.02296150727003,159.11316541860754,159.6422119140625,46549
2013-12-10,158.7163456784019,158.78248152546664,156.3355964568605,156.73239135742188,36432
2013-12-11,155.8065625377456,157.72438116544612,155.4759034577342,156.93080139160156,24495
2013-12-12,156.73238038407996,156.86464197803585,154.35163132922247,155.4097442626953,33023
2013-12-13,155.4097978687642,155.4097978687642,152.83066057879805,154.3516845703125,28264
2013-12-16,152.89674660184528,156.33559879137945,151.90476942654234,154.8145751953125,33256
2013-12-17,155.54207179401482,156.46792352601864,154.08717346191406,154.08717346191406,23021
2013-12-18,154.41779369560942,155.93882751464844,154.41779369560942,155.93882751464844,23736
2013-12-19,157.39375141146976,159.04704711957342,156.93083063138397,158.9809112548828,28847
2013-12-20,159.70834237090813,161.03097874665065,159.04702418303688,160.03900146484375,61334
2013-12-23,160.1051370455881,161.29550170898438,158.7825006721125,161.29550170898438,41017
2013-12-27,162.02294412867056,164.13916015625,162.02294412867056,164.13916015625,18156
2013-12-30,164.60208465383684,164.60208465383684,162.02294788710174,163.610107421875,20274
2014-01-03,162.94879459644667,165.3295440673828,162.68427136230468,165.3295440673828,32943
2014-01-06,165.99086054823812,166.652178717753,164.2714292711336,165.82553100585938,28993
2014-01-07,165.82551032440094,167.6441350637513,165.66018080264183,167.4788055419922,21807
2014-01-08,167.31350422937024,168.14015197753906,166.65218603083517,168.14015197753906,18785
2014-01-09,168.3054668096107,169.62810309102218,167.31348959855208,167.9748077392578,41968
2014-01-10,169.29747184133203,170.28944921540233,168.80148315429688,168.80148315429688,35171
2014-01-13,169.13212415907117,169.62811279296875,168.4708059805411,169.62811279296875,23531
2014-01-14,167.80949746652684,168.47081568314368,166.48686103329314,166.81752014160156,44821
2014-01-15,166.9828355442566,167.4788241646851,165.66019922311398,166.48684692382812,21302
2014-01-16,166.65219231486086,166.65219231486086,165.3295558679175,166.321533203125,29474
2014-01-17,165.32954294048622,165.82553156930769,164.80048638489376,165.6602020263672,20311
2014-01-20,165.99086224365234,165.99086224365234,164.8004875081843,165.3295440673828,32471
2014-01-21,164.86664324122924,165.49489356625466,162.02297272220736,164.00692749023438,24129
2014-01-22,164.3375866182389,164.9327690122807,163.4117450961926,164.00692749023438,47981
2014-01-23,164.00689854657264,165.6601938948244,164.00689854657264,164.13916015625,29557
2014-01-24,164.00692384821886,164.13918547830045,160.70033264160156,160.70033264160156,31402
2014-01-27,158.7163586307822,160.03899495270537,156.4678809198785,158.6502227783203,35274
2014-01-28,158.84863094188717,160.03900572996247,158.25344859330704,159.97286987304688,21117
2014-01-29,161.03098885496487,161.29551211035226,157.19534110635553,158.319580078125,21451
2014-01-30,156.0710877010978,165.32954205624767,154.74845136464782,164.73435974121094,50999
2014-01-31,165.1972725670428,165.1972725670428,162.6181257793457,164.9327392578125,17889
2014-02-03,165.1972854242008,166.32152432591468,163.87464904785156,163.87464904785156,22705
2014-02-04,162.68426116936317,164.6682155738676,162.68426116936317,164.46981811523438,26595
2014-02-05,164.73435318908892,164.73435318908892,162.6842629127657,163.3455810546875,23085
2014-02-06,164.33756480391017,165.32954205624767,163.0149284674602,164.73435974121094,16927
2014-02-07,164.73435343166656,167.80947875976562,163.67624036666794,167.80947875976562,16091
2014-02-10,167.97480442472633,169.13211114812503,166.65216816941353,168.96678161621094,22456
2014-02-11,168.9668109714985,169.62812921404839,168.3054927289486,169.29747009277344,20818
2014-02-12,169.95875880769555,170.62007693535193,168.96678161621094,168.96678161621094,16387
2014-02-13,168.80147453808877,171.2814178466797,168.80147453808877,171.2814178466797,30215
2014-02-14,171.28139214538285,174.4226531982422,170.45474449989354,174.4226531982422,31940
2014-02-17,175.249333254738,175.74532193376083,173.59603765799517,173.92669677734375,19567
2014-02-18,173.43070407539633,175.24932918962833,173.43070407539633,175.08399963378906,30034
2014-02-19,175.08397352979026,175.74529165454868,173.5960077490838,173.76133728027344,33455
2014-02-20,173.2653762354995,174.91867181026572,172.27339889063978,174.5880126953125,24061
2014-02-21,174.5880226672535,176.07598876953125,174.09203396649428,176.07598876953125,22853
2014-02-24,175.9106237315599,177.5639190673828,175.08397606364844,177.5639190673828,25829
2014-02-25,177.72926104300765,178.5559087687891,176.73728377206996,178.3905792236328,33983
2014-02-26,177.39862877630418,179.38258361816406,177.23329920614918,179.38258361816406,32039
2014-02-27,179.547883206188,179.71321274873515,177.5639286956224,179.21722412109375,20885
2014-02-28,179.21725641721713,180.3745634236014,178.2252789831735,178.7212677001953,34098
2014-03-03,175.9106453560494,176.24130446386152,170.7854291849615,171.2814178466797,185448
2014-03-04,172.27340873037704,176.07598876953125,172.27340873037704,176.07598876953125,41288
2014-03-05,175.9106514934351,175.9106514934351,173.10004897897232,173.92669677734375,29143
2014-03-06,176.51651550816626,178.90187382584418,174.8126881383963,178.7314910888672,29155
2014-03-07,178.3907108712704,178.73147631706075,175.49420458205205,176.1757354736328,11743
2014-03-10,174.47190824468086,176.346118196528,174.47190824468086,176.1757354736328,38248
2014-03-11,176.17576878424555,177.87959633535044,176.00538602913505,176.8572998046875,26758
2014-03-12,176.85725113671305,176.85725113671305,174.13112780512594,175.3238067626953,20700
2014-03-13,175.15344606180906,175.32382879144117,172.2569396580632,172.4273223876953,14478
2014-03-14,172.25692749023438,173.44960651341108,171.5753966198477,172.25692749023438,34099
2014-03-17,171.91617400432875,174.13114948704063,170.8938776276925,173.27923583984375,137825
2014-03-18,173.96075412813144,175.83496401589778,172.42730967450441,175.66458129882812,26103
2014-03-19,176.00536490177763,177.70919224835822,174.8126857591712,176.34613037109375,35444
2014-03-20,176.68688945806875,177.53880310058594,175.6645930870481,177.53880310058594,12178
2014-03-21,177.19801308871445,180.09451907189538,177.19801308871445,179.75375366210938,23350
2014-03-24,180.09451002950013,180.09451002950013,175.1534118356917,176.0053253173828,29601
2014-03-25,175.49420679449358,180.26492309570312,174.4719104442344,180.26492309570312,53983
2014-03-26,180.26490804075283,180.60567346237997,177.8795500893629,178.5610809326172,23992
2014-03-27,179.2426148626843,179.2426148626843,177.36840501145852,178.3907012939453,20248
2014-03-28,179.07225610086442,180.43531799316406,177.87957694510223,180.43531799316406,17112
2014-03-31,180.60566718657435,181.11681530125333,179.2426055474304,179.75375366210938,15953
2014-04-01,180.60570119561413,181.11684940654513,177.8795774039822,178.7314910888672,17697
2014-04-02,178.90184635424433,179.07222906505788,176.85725382448152,178.5610809326172,15259
2014-04-03,178.73145743275143,179.92413636700238,177.70916120339345,179.75375366210938,15181
2014-04-04,179.7537843976702,179.9241671316964,177.70919158935547,178.90187072753906,22841
2014-04-07,177.19802575245512,177.3684084695248,174.81266771347978,175.66458129882812,25075
2014-04-08,176.68687163023887,177.0276370528623,172.93845198138135,174.301513671875,14046
2014-04-09,175.15345815122714,175.15345815122714,172.08656880616675,173.4496307373047,17400
2014-04-10,173.44959416131078,175.15342121594057,172.5976806339959,172.93844604492188,25351
2014-04-11,171.57542539681103,171.57542539681103,167.0432485083284,170.11013793945312,57727
2014-04-14,169.70118672628433,172.59769292542774,169.2241171968808,172.25692749023438,20704
2014-04-15,173.79036585489908,175.1534275478787,171.23462518056235,171.7457733154297,25385
2014-04-16,172.0865569284311,173.27923603585586,171.40502600990266,172.4273223876953,81305
2014-04-17,171.74578532382583,172.76808166503906,171.06425442968364,172.76808166503906,21725
2014-04-22,173.7903655379399,175.15342722843351,172.93845198138135,174.301513671875,31353
2014-04-23,174.47191785014692,176.00536244062673,173.27923872421817,173.9607696533203,19245
2014-04-24,174.4719026820866,175.15343355193852,171.74577920267902,173.1088409423828,32689
2014-04-25,173.44961255918122,173.44961255918122,171.74578532382583,172.76808166503906,22883
2014-04-28,172.93846145478807,174.47190594059407,171.74578241027228,172.0865478515625,15417
2014-04-29,172.42732219264687,173.62000129872249,171.91617400432875,173.27923583984375,10697
2014-04-30,173.6200039809675,175.49421403375518,173.2792385168243,174.81268310546875,53016
2014-05-02,174.47190890039448,174.64229162393002,171.91616804736137,172.76808166503906,21765
2014-05-05,172.93845229678683,172.93845229678683,169.9056421097743,171.7457733154297,17176
2014-05-06,171.9161714837178,171.9161714837178,170.1782655890498,170.8938751220703,22737
2014-05-07,169.42858783011013,171.9161714837178,169.42858783011013,170.8938751220703,17076
2014-05-08,171.06426055063844,172.4273223876953,170.72349509137422,172.4273223876953,16906
2014-05-09,172.08655959828945,173.9607696533203,171.23464593691176,173.9607696533203,28958
2014-05-12,174.13114019655714,174.30152291690604,171.91616483202168,173.79037475585938,27783
2014-05-13,175.1534423828125,175.32382510886583,173.27923239622598,175.1534423828125,31825
2014-05-14,175.494192137973,178.73146364343074,175.494192137973,178.5610809326172,43060
2014-05-15,179.07224402040075,181.1168367209191,178.56109584527113,180.26492309570312,50893
2014-05-16,180.605670097179,181.62796634301208,179.75375655898475,181.28720092773438,81930
2014-05-19,181.1168427319037,181.6279909239975,179.5833981556223,180.7760772705078,42373
2014-05-20,180.09451907189538,180.77604989146735,178.9018401376444,179.75375366210938,20873
2014-05-21,179.92413943904174,179.92413943904174,178.56107777662476,179.5833740234375,22555
2014-05-22,179.75375359013395,180.7760498190826,177.7091611322367,180.6056671142578,45224
2014-05-23,181.28723167585133,181.28723167585133,178.90187336432697,180.43531799316406,41679
2014-05-26,180.94646020369098,180.94646020369098,179.07225016391638,179.92416381835938,18361
2014-05-27,180.4353244621944,180.4353244621944,178.04996606514933,179.24264526367188,23189
2014-05-28,179.07225346156528,179.07225346156528,177.70919158935547,178.90187072753906,20929
2014-05-30,178.5610840076931,178.5610840076931,177.36840501145852,178.3907012939453,19476
2014-06-02,178.9018674330278,180.26492928013658,177.7091883168076,179.92416381835938,38320
2014-06-03,179.75379349161008,179.92417623425618,178.2203488077954,179.24264526367188,62326
2014-06-04,179.07226252102578,180.26494171954832,178.73149703573364,179.24264526367188,39283
2014-06-05,179.92417623425618,180.94647269013262,178.9018797783797,179.24264526367188,45384
2014-06-06,180.26491412336094,180.26491412336094,177.8795560914828,179.07223510742188,37405
2014-06-10,180.0945158881497,181.79834290695905,179.92413318626876,181.62796020507812,127675
2014-06-11,181.96876550281485,182.65029645975423,179.92417263199673,181.11685180664062,37776
2014-06-12,180.43528440943305,180.94643252390736,179.07222277083488,180.6056671142578,23467
2014-06-13,180.26493259974887,180.26493259974887,177.02766065325054,178.90187072753906,15414
2014-06-16,178.0499328001765,178.73146364343074,177.8795500893629,178.5610809326172,12774
2014-06-17,178.56108708864872,179.07223523871164,177.53879078852287,178.22032165527344,38195
2014-06-18,177.70919489951882,179.0722567971182,177.19804668791906,177.87957763671875,18375
2014-06-19,179.2426148626843,179.2426148626843,176.8572568702151,178.3907012939453,36299
2014-06-20,178.56107472785843,180.26490177678838,178.39069202296542,179.75375366210938,40334
2014-06-23,179.7537877459179,179.7537877459179,175.83498479031968,177.87957763671875,36569
2014-06-24,178.39072296436015,178.39072296436015,176.17574741656964,177.1980438232422,32044
2014-06-25,176.1757387391324,176.1757387391324,174.1311460264926,175.1534423828125,26389
2014-06-26,174.30153490925395,175.6645967658268,173.6200039809675,174.81268310546875,32880
2014-06-27,174.81267077992263,176.34611526044827,173.7903744595722,175.49420166015625,20731
2014-06-30,175.83494563456784,177.36838992789257,174.98303213827634,176.68685913085938,19707
2014-07-01,177.02764290179985,177.02764290179985,176.00534660015327,176.51649475097656,9942
2014-07-02,177.027661309726,177.36842677904212,175.1534512284873,176.34613037109375,12672
2014-07-03,176.85724767892847,179.92413636700238,175.6645687446775,179.75375366210938,50245
2014-07-04,179.75375366210938,179.75375366210938,178.73145743275143,179.75375366210938,13361
2014-07-07,179.2426361955915,179.41301892961772,178.39072252546038,178.90187072753906,11987
2014-07-08,178.22033979143413,179.41301892961772,178.0499570574079,178.90187072753906,14458
2014-07-09,178.56110858551844,178.56110858551844,176.0053675275196,177.87957763671875,14090
2014-07-10,177.3684361480003,177.87958437897439,174.81269499313,175.83499145507812,16072
2014-07-11,175.49419844932999,176.51649475097656,174.64228486462451,176.51649475097656,21440
2014-07-14,177.02766065325054,179.58340166364397,176.6868951851981,178.90187072753906,11109
2014-07-15,178.73145743275143,180.26490177678838,177.36839579360745,179.75375366210938,18638
2014-07-16,179.92414261912572,180.77605617319355,178.0499328001765,178.5610809326172,20482
2014-07-17,177.1980316485202,178.90185887590982,176.51650075756436,177.02764892578125,26496
2014-07-18,176.17570801372105,177.02762149541215,175.32379453202992,176.0053253173828,10663
2014-07-21,175.66459056097247,176.51650419123905,174.9830596567592,175.1534423828125,57023
2014-07-22,175.8349638832122,177.19802561874096,175.6645811662711,176.51649475097656,24671
2014-07-23,176.34613015101505,177.53880929213304,176.0053646821242,177.1980438232422,13570
2014-07-24,178.56111429308757,180.09455897690225,178.04996606514933,179.24264526367188,16399
2014-07-25,179.24262105403335,179.24262105403335,176.8572629791698,178.04994201660156,29390
2014-07-28,178.73146993763507,178.73146993763507,176.51649461905617,177.368408203125,38276
2014-07-29,177.87955635356627,178.39070450400754,177.02764276949748,177.368408203125,29338
2014-07-30,177.0276456988029,178.731472895134,177.0276456988029,178.04994201660156,33553
2014-07-31,177.3684265576876,178.39072296436015,176.6868956199059,177.1980438232422,21979
2014-08-04,176.51648572026465,177.36839926138563,174.81265863802273,175.3238067626953,45114
2014-08-05,175.8349698666085,177.87956253947607,175.4942044211306,177.02764892578125,23545
2014-08-06,175.83496724942836,176.17573268983423,173.10884372618142,174.6422882080078,24366
2014-08-07,172.938470380965,173.44961856928313,172.2569394632075,173.27923583984375,21330
2014-08-08,171.74578532382583,172.76808166503906,169.36042719432822,172.76808166503906,30459
2014-08-11,173.62000129872249,173.96076675760125,172.59770492208625,173.27923583984375,13191
2014-08-12,173.1088652545202,173.96077896148142,172.42733428895122,173.4496307373047,27881
2014-08-13,173.62001013755798,174.471923828125,173.10886192321777,174.471923828125,21164
2014-08-14,173.9607571796306,175.66458438021465,173.4496090194554,175.49420166015625,13774
2014-08-15,177.02762466400804,177.02762466400804,173.9607360750262,174.13111877441406,10208
2014-08-18,175.49422596776208,176.00537419873615,174.64231224947198,175.83499145507812,10985
2014-08-19,175.66458714386954,177.02764892578125,175.66458714386954,177.02764892578125,23616
2014-08-20,177.36844807001896,177.70921358023995,176.686917049577,176.8572998046875,41100
2014-08-21,177.53879091993875,177.87955635356627,176.68687733586995,177.368408203125,41101
2014-08-22,177.70917657733534,178.04994201660156,176.34611482027046,178.04994201660156,27565
2014-08-25,178.04993269903142,179.41299438476562,178.04993269903142,179.41299438476562,19139
2014-08-26,179.583410748964,179.583410748964,177.7092005798572,179.24264526367188,43046
2014-08-27,178.90185239085915,179.2426178239846,177.53879065835736,179.07223510742188,23281
2014-08-28,178.39070450400754,178.90185265444885,176.34611190224243,177.368408203125,41204
2014-08-29,177.36840501145852,178.3907012939453,176.68687415646733,178.3907012939453,15592
2014-09-01,177.3684265576876,179.07225390214185,176.6868956199059,177.1980438232422,44095
2014-09-02,177.87955929696847,178.2203247362347,176.68688025953668,178.04994201660156,31143
2014-09-03,177.70916423761415,180.4352875624481,177.70916423761415,179.5833740234375,28826
2014-09-04,179.24260860783326,179.92413943904174,178.04992965321838,179.5833740234375,21860
2014-09-05,179.07223510742188,179.07223510742188,177.8795560914828,179.07223510742188,24127
2014-09-08,179.24264526367188,179.92417623425618,178.73149703573364,179.24264526367188,18989
2014-09-09,179.41302157393932,180.43531799316406,177.19804599895244,180.43531799316406,46189
2014-09-10,180.4353120110252,180.4353120110252,178.9018674330278,179.92416381835938,18995
2014-09-11,180.43531141094132,182.4799041748047,179.92416321997547,182.4799041748047,33299
2014-09-12,181.96875,182.4798981741573,180.4353054775281,181.96875,15650
2014-09-15,181.287221993973,182.65028381347656,181.11683926653507,182.65028381347656,22923
2014-09-16,182.99102170582597,183.331787109375,181.45757738985537,183.331787109375,22273
2014-09-17,183.50217873909895,185.88753667999717,183.3317960290348,185.3763885498047,43631
2014-09-18,185.03562586623397,187.93213198016215,185.03562586623397,187.76174926757812,56866
2014-09-19,188.78408531520677,188.78408531520677,187.08025783041248,188.10255432128906,32174
2014-09-22,187.5913725701932,188.2729034423828,186.73945897995617,188.2729034423828,33948
2014-09-23,188.10253034319197,188.10253034319197,185.0356412615095,186.0579376220703,21136
2014-09-24,185.7171748661107,187.76176761693026,185.7171748661107,187.5913848876953,21896
2014-09-25,187.93217157280964,189.80638180608335,186.5691095849742,188.10255432128906,24372
2014-09-26,188.10250554865056,188.6136536615545,186.90982661854136,187.4209747314453,13602
2014-09-29,187.42100215846034,187.76176761693026,186.2283230538156,187.5913848876953,19198
2014-09-30,187.59136339043022,188.78404235839844,185.71715358362303,188.78404235839844,21533
2014-10-01,188.10250554865056,188.78403636585583,187.250592027144,187.4209747314453,22524
2014-10-02,187.42100274804326,187.76176820758516,184.3541136121662,185.03564453125,20118
2014-10-03,185.2060181593103,186.22831448769657,182.82066005974238,184.6948699951172,23952
2014-10-06,186.0579405178989,186.9098541649589,185.71717505907492,186.73947143554688,23370
2014-10-07,186.73949152270393,186.73949152270393,180.94647809955435,181.45762634277344,17246
2014-10-08,180.94647269013262,180.94647269013262,177.87958332250327,179.24264526367188,30687
2014-10-09,180.4352907515664,181.28720430563425,177.8795500893629,178.5610809326172,16328
2014-10-10,177.19802575245512,177.8795566207338,174.6422849964101,175.66458129882812,26158
2014-10-13,173.79035337563832,174.8126495719656,170.3826993878807,174.13111877441406,89824
2014-10-14,172.42733097076416,174.471923828125,171.06426906585693,174.471923828125,42603
2014-10-15,172.768085118424,173.449616026189,168.40629146846265,170.8938751220703,38512
2014-10-16,172.93845836062107,173.79037194860442,165.33939331554387,172.25692749023438,77805
2014-10-17,173.27924093099742,177.8795747610239,171.91617905543401,177.1980438232422,47907
2014-10-20,177.53880310058594,178.22033401459973,174.8126794445309,177.53880310058594,37429
2014-10-21,177.53877241059212,181.11680909065205,176.85724161439023,180.94642639160156,30969
2014-10-22,181.7983427934044,183.331787109375,180.0945157756593,183.331787109375,36211
2014-10-23,182.30949691758317,184.52447211377813,181.2872006731855,183.8429412841797,43969
2014-10-24,183.67259216308594,184.3541231173089,182.30953025464004,183.67259216308594,13596
2014-10-27,184.01335165334302,184.35411711936774,182.13914159020712,183.16143798828125,31143
2014-10-28,183.5021759544671,184.6948549068174,182.99102783203125,182.99102783203125,30369
2014-10-29,182.9910427811401,184.6948699951172,182.9910427811401,184.6948699951172,29283
2014-10-30,185.37640364106818,186.7394654325466,183.3318109538505,186.2283172607422,50039
2014-10-31,187.59138819028254,188.27291911922092,185.37641267123288,186.569091796875,36794
2014-11-03,186.73944730997306,186.73944730997306,182.6502623323824,183.8429412841797,48067
2014-11-04,183.33183261754886,185.37642554636912,183.33183261754886,184.18374633789062,54611
2014-11-05,184.18373049436696,187.08023689437087,184.18373049436696,186.73947143554688,41024
2014-11-06,187.250592027144,187.4209747314453,185.20599957552824,187.4209747314453,81559
2014-11-07,187.42100879399464,187.42100879399464,184.35411955918383,185.5467987060547,43232
2014-11-10,184.8652644745291,186.569091796875,184.35411627782534,186.569091796875,31293
2014-11-11,187.42098678947573,188.4432830810547,185.8875423521073,188.4432830810547,46985
2014-11-12,188.10253327084286,188.10253327084286,185.8875577884869,186.73947143554688,46129
2014-11-13,186.90983255159125,188.78404235839844,185.5467708739133,188.78404235839844,43492
2014-11-14,189.12480777781795,189.63595590694717,187.93212880984973,188.78404235839844,26543
2014-11-17,187.76175821096214,188.95443725585935,186.5690791660649,188.95443725585938,46797
2014-11-18,188.10252045088285,190.1471130644794,188.10252045088285,189.9767303466797,22769
2014-11-19,188.61365030671521,192.02130433213011,188.61365030671521,191.85092163085938,46518
2014-11-20,190.82867404513888,192.36211874728733,189.63599483235677,191.6805877685547,38953
2014-11-21,192.19171722841935,193.55477905273438,191.85095177234058,193.55477905273438,35484
2014-11-24,193.38438429030697,193.38438429030697,192.02132255081582,192.532470703125,21149
2014-11-25,192.36206057414716,193.38435673308862,190.65823364257812,190.65823364257812,31720
2014-11-26,190.48789051066115,191.8509523390022,189.46559413940537,190.99903869628906,35656
2014-11-27,189.80634997119182,194.06591796875,189.80634997119182,194.06591796875,31441
2014-11-28,194.23627323106865,194.23627323106865,191.68053279381775,193.04359436035156,21669
2014-12-01,192.87322976668537,194.57705688476562,192.5324643430693,194.57705688476562,28217
2014-12-02,194.2363005418044,196.28089317908655,193.72515238248386,194.91783142089844,47998
2014-12-03,195.94015529582595,197.64398273318096,194.23632785847096,195.08824157714844,40922
2014-12-04,195.76977255209044,197.13283450197446,193.89556237099995,195.08824157714844,27878
2014-12-05,193.89555878952712,196.9624481201172,193.89555878952712,196.9624481201172,23610
2014-12-08,196.6216826389405,196.9624481201172,195.94015167658716,196.9624481201172,20245
2014-12-09,195.59936244787093,196.1105106075779,193.554769809043,194.06591796875,24987
2014-12-10,194.23627323106865,195.258569405969,192.7028289687181,193.04359436035156,33997
2014-12-11,193.38438984409026,195.7697479567046,192.87324167710148,195.599365234375,34284
2014-12-12,195.25860339592705,195.25860339592705,192.87324523925778,192.8732452392578,38529
2014-12-15,192.87324315033928,193.0436258739703,187.93214416503906,187.93214416503906,36798
2014-12-16,188.4432923359322,189.97673684861155,184.69487241604926,187.93214416503906,40173
2014-12-17,189.6359498873624,189.6359498873624,186.73944391424004,187.4209747314453,15147
2014-12-18,189.97674460160107,194.23631286621094,189.97674460160107,194.23631286621094,31737
2014-12-19,186.7394749513969,187.76177134711622,184.52449942733836,184.86526489257812,132673
2014-12-22,186.73945023031797,187.4209810705746,184.8652404196122,185.3763885498047,42276
2014-12-23,187.42101216690472,188.10254312023892,183.50220918523308,184.52450561523438,23259
2014-12-29,185.54675909243318,185.54675909243318,183.33178400684858,184.3540802001953,19411
2014-12-30,183.3318178264144,184.86526239931192,182.4799041748047,182.4799041748047,24012
2015-01-05,184.69485146262429,188.78403636585583,184.35408605402165,187.4209747314453,25311
2015-01-06,187.76177113384284,187.93215386626918,185.2060301474475,185.71717834472656,26402
2015-01-07,186.73947182895947,186.73947182895947,184.86526180147905,185.03564453125,29316
2015-01-08,188.44327957437648,192.0213165283203,188.10251415019133,192.0213165283203,33433
2015-01-09,191.51018726750604,191.51018726750604,188.1025326897924,189.2952117919922,19237
2015-01-12,190.82864673112212,192.53247393407855,189.46558496875696,191.5101776123047,26497
2015-01-13,192.1917413533886,194.23633434650978,190.99906210740127,193.89556884765625,27529
2015-01-14,192.87323008878315,193.89552636133854,189.97672398320955,192.0213165283203,31178
2015-01-15,194.74747484446476,194.74747484446476,165.40756448094305,179.24264526367188,186912
2015-01-16,175.8349842418324,175.8349842418324,163.56742720170453,168.6789093017578,143495
2015-01-19,174.13111877441406,176.17571116706864,172.2569090811474,174.13111877441406,58859
2015-01-20,177.36843037605286,177.87957859039307,173.44962739944458,174.471923828125,41223
2015-01-21,176.6868923577984,176.6868923577984,166.08908439108916,168.4062957763672,66696
2015-01-22,169.4285849337347,169.4285849337347,163.56741506741776,166.56614685058594,52429
2015-01-23,167.52026629886976,171.9161377105105,165.6119780521469,171.06422424316406,32105
2015-01-26,172.2569299790466,175.49420166015625,171.06425093863774,175.49420166015625,29528
2015-01-27,177.19803509545233,177.53880054755896,174.1311460264926,175.1534423828125,30050
2015-01-28,173.79035337563832,175.49418036951712,170.04193398910493,174.13111877441406,34828
2015-01-29,173.10885311040437,174.47191494591937,170.38272943937437,173.27923583984375,24631
2015-01-30,176.3461127125545,176.3461127125545,171.0642484670577,172.25692749023438,33610
2015-02-02,172.4273041619195,173.44960043165418,170.38271162245007,171.7457733154297,22135
2015-02-03,172.42730978932858,172.42730978932858,168.74704725790724,170.31455993652344,32557
2015-02-04,173.62000418876926,174.98306604697353,171.74579413373837,173.9607696533203,34721
2015-02-05,174.64228866123918,174.64228866123918,171.06425152769185,172.0865478515625,28189
2015-02-06,171.74579127488937,173.27923583984375,169.83750262530108,173.27923583984375,34776
2015-02-09,171.0642388917053,171.5753870158837,168.6107237359149,169.97378540039062,35972
2015-02-10,169.019649847906,169.90564202778228,167.72474539993445,169.49671936035156,26994
2015-02-11,170.04194662735048,170.17825071712454,167.1113619001984,168.33811950683594,37559
2015-02-12,167.31583864132492,169.0878231695623,167.04323043667443,168.88336181640625,127324
2015-02-13,169.70117740502687,169.70117740502687,167.72474214920038,168.26995849609375,37000
2015-02-16,168.7470352501932,169.5648701546095,168.6788780084356,169.29225158691406,66345
2015-02-17,170.1782534573982,170.72348022460938,168.40627946313137,170.72348022460938,40064
2015-02-18,171.0642483328271,173.1088409423828,169.7693438398428,173.1088409423828,26576
2015-02-19,173.4496090194554,175.49420166015625,172.2569299790466,175.49420166015625,28951
2015-02-20,176.8572387990739,176.8572387990739,174.13111565766238,176.0053253173828,25324
2015-02-23,177.19802548631122,178.2203217871938,176.34611190224243,177.368408203125,24794
2015-02-24,177.5387943008571,177.5387943008571,174.30152261974743,175.49420166015625,22243
2015-02-25,176.17570801372105,176.34609071005926,173.10881947963304,176.0053253173828,21630
2015-02-26,176.8572662030423,177.02764892578125,174.9830562529137,177.02764892578125,13539
2015-02-27,177.1980438232422,178.0499574954693,175.15345100989708,177.1980438232422,25559
2015-03-02,178.5611052594866,178.90187072753906,176.34612971714563,178.90187072753906,26628
2015-03-03,179.2426148626843,181.1168247139101,177.5387877252063,178.3907012939453,25745
2015-03-04,179.41300067208692,179.41300067208692,176.68687720508464,178.22032165527344,29573
2015-03-05,180.50521048502446,181.5597686767578,178.39609410155776,181.5597686767578,22486
2015-03-06,182.0870204081062,184.89917516344377,181.03246237485462,184.19613647460938,33057
2015-03-09,184.19617327607392,184.37193298339844,181.91129708085546,184.37193298339844,24939
2015-03-10,183.4931136319076,184.37191206884202,181.9112764454256,182.0870361328125,44041
2015-03-11,183.49310933528335,183.6688690185547,182.61431091892663,183.6688690185547,17053
2015-03-12,183.66889415410043,184.54769269072293,183.14161503212694,184.37193298339844,48296
2015-03-13,184.8991924783458,185.95375061035156,183.84463434634003,185.95375061035156,27019
2015-03-16,186.30527556888643,188.7659112839472,184.89919801742312,188.23863220214844,18696
2015-03-17,188.76591934419014,188.76591934419014,186.12952382262324,187.18408203125,12852
2015-03-18,188.59014892578125,188.59014892578125,186.83255201128188,188.59014892578125,18434
2015-03-19,189.82045979517412,191.22653727513838,188.41438231520988,190.52349853515625,37722
2015-03-20,190.52350581457856,192.10534303997636,189.8204670477351,191.57806396484375,22994
2015-03-23,192.4568651002996,192.4568651002996,189.82046968796672,191.22654724121094,17122
2015-03-24,188.41440179869184,191.75383615892986,188.41440179869184,188.94168090820312,20086
2015-03-25,188.41439360424988,189.29319208188164,185.60223847582824,187.00831604003906,14607
2015-03-26,183.4931182861328,185.25071520458235,182.08704075137317,183.4931182861328,25070
2015-03-27,185.60222553453949,185.60222553453949,182.9658302854693,183.6688690185547,17178
2015-03-30,185.2507198319236,185.77799892062924,183.49312286957135,184.89920043945312,19061
2015-03-31,186.65679664898636,188.59015329977623,185.60223847582824,187.00831604003906,26079
2015-04-01,185.9537703637558,188.59016597382794,185.9537703637558,187.35984802246094,22869
2015-04-02,187.71135557921667,187.71135557921667,184.19616165451225,184.89920043945312,16775
2015-04-07,187.3598195753133,189.820455104445,186.12950181074746,189.11741638183594,21460
2015-04-08,189.11744061137352,190.52351823673692,188.59016150186227,188.94168090820312,25284
2015-04-09,189.11742467801287,192.1053393801748,189.11742467801287,191.05078125,19634
2015-04-10,192.45686606976926,192.63262576481014,190.17199003423775,192.1053466796875,72018
2015-04-13,192.63263207249057,192.9841514740827,189.46895745816136,192.28111267089844,16121
2015-04-14,192.28109538511157,192.80837444009816,189.29318074018752,190.52349853515625,23550
2015-04-15,190.52349853515625,192.63261475510262,189.82045979517412,190.52349853515625,16928
2015-04-16,191.92959043204067,191.92959043204067,188.94167556267737,189.64471435546875,20028
2015-04-17,189.11743141008614,189.64471049394328,185.2507181284673,186.1295166015625,18860
2015-04-20,185.95375786688095,188.76591299530259,185.7779981713546,187.00831604003906,18869
2015-04-21,188.76593374608288,190.69929060940402,188.06289488669339,189.293212890625,18387
2015-04-22,191.2265382877066,193.15989483289482,190.5234995440018,191.4022979736328,23359
2015-04-23,192.2811000670269,192.6326194455772,190.8750225528256,191.92958068847656,15555
2015-04-24,192.63262381514022,193.1599028949262,189.29318964316244,190.34774780273438,19005
2015-04-27,190.52350317427528,191.92958068847656,187.7113481458727,191.92958068847656,48172
2015-04-28,191.92958206005312,191.92958206005312,186.6567913441176,187.7113494873047,26728
2015-04-29,189.46893151601157,189.99621054620454,185.6022186279297,185.6022186279297,31255
2015-04-30,185.07494852508978,185.77798726592584,183.31735167299965,185.4264678955078,25204
2015-05-04,183.14160179303883,186.30527629618152,183.14160179303883,186.1295166015625,24197
2015-05-05,185.60224190848214,188.4143970889137,184.5476837158203,184.5476837158203,19318
2015-05-06,184.1961513633987,184.37191104981417,178.04456233885773,181.20823669433594,42285
2015-05-07,181.91129252314568,181.91129252314568,177.86881935596466,179.97793579101562,25750
2015-05-08,182.7900867280506,184.89920311337426,180.329450945173,184.5476837158203,14743
2015-05-11,185.25070190429688,185.25070190429688,182.0870276782273,185.25070190429688,21826
2015-05-12,186.656792739342,186.656792739342,182.08704075137317,183.4931182861328,18764
2015-05-13,183.66886218388876,185.77797830466068,183.66886218388876,185.6022186279297,18798
2015-05-15,191.22654528785947,191.92958405730013,188.41439021009683,189.4689483642578,31218
2015-05-18,190.52349853515625,191.40229696013392,188.94166137019647,190.52349853515625,23238
2015-05-19,191.2265382877066,192.9841351469686,190.8750189158542,191.4022979736328,33018
2015-05-20,192.45685975630207,192.6326194455772,189.82046441717463,191.92958068847656,27049
2015-05-21,191.57807386771415,192.28111267089844,189.99623656054953,192.28111267089844,43295
2015-05-22,191.57806759456486,192.80838545985105,190.8750288144013,192.1053466796875,27316
2015-05-26,190.52351112435977,192.45686778706082,190.1719917311414,190.87503051757812,20146
2015-05-27,191.75380266682797,194.39019775390625,191.22652364941231,194.39019775390625,31334
2015-05-28,193.15987744658432,195.79627249817554,193.15987744658432,194.74171447753906,22220
2015-05-29,195.97204710123847,195.97204710123847,191.75381469726562,191.75381469726562,17168
2015-06-01,195.09326976278552,195.7963085727415,193.68719214287356,194.03871154785156,14803
2015-06-02,194.74173841563933,194.74173841563933,190.69926550628944,191.57806396484375,14007
2015-06-03,191.57805501376677,192.10533406426336,190.1719775457758,191.75381469726562,24717
2015-06-04,191.57806396484375,191.57806396484375,188.23862982233732,191.57806396484375,23320
2015-06-05,191.57807278988966,191.57807278988966,187.7113593941304,188.41439819335938,17544
2015-06-08,187.00830808265187,188.4143855870327,187.00830808265187,188.0628662109375,11080
2015-06-09,189.1174321652825,189.1174321652825,180.68096678987956,184.02040100097656,22301
2015-06-10,184.0204135830362,188.94168538850423,184.0204135830362,187.35984802246094,27056
2015-06-11,189.4689483642578,190.87502590313915,188.23863051773665,189.4689483642578,24336
2015-06-12,189.6446858388073,189.6446858388073,185.6022133881191,186.3052520751953,13856
2015-06-15,184.19616241455077,185.07496089935302,182.43856544494628,182.7900848388672,16325
2015-06-16,182.61435290902224,184.37195014587522,181.73555429059576,183.14163208007812,13808
2015-06-17,184.19615238145514,184.19615238145514,181.73551675803873,182.0870361328125,18195
2015-06-18,181.38401350301694,182.96585083007812,178.92337766092174,182.96585083007812,26675
2015-06-19,182.43857348680035,184.54768994329515,181.73553466796875,181.73553466796875,38338
2015-06-22,182.96585532480245,185.95377034931892,182.96585532480245,184.37193298339844,22546
2015-06-23,185.77800975803157,186.8325679969608,184.54769181261415,186.48104858398438,33742
2015-06-24,186.3052520751953,187.71132944934774,184.72341502927384,186.3052520751953,50148
2015-06-25,184.3719223008025,187.1840774550569,184.3719223008025,185.7779998779297,9723
2015-06-26,185.77797352448675,185.77797352448675,182.7900590969406,184.19613647460938,18268
2015-06-29,178.923360770935,182.0870351264132,177.86880265244227,181.20823669433594,31205
2015-06-30,180.68097460269928,182.2628119289875,179.27489697933197,179.97793579101562,23109
2015-07-01,180.85672988226892,182.79008656711338,179.62641199191333,181.5597686767578,55894
2015-07-02,181.3840089781356,183.14160596435784,180.68097018364668,181.5597686767578,33782
2015-07-03,181.03250663415267,182.0870649252254,179.27490948236476,180.3294677734375,25936
2015-07-06,178.57182894781798,181.0324643860753,178.57182894781798,180.85670471191406,38809
2015-07-07,181.38400413876488,181.38400413876488,176.8142520965092,177.165771484375,18277
2015-07-08,177.16579290021932,180.3294677734375,177.16579290021932,180.3294677734375,21388
2015-07-09,181.55975543686893,183.49311198072718,179.97791826462128,183.31735229492188,30556
2015-07-10,186.30527629618152,186.30527629618152,183.66888087689594,186.1295166015625,35602
2015-07-13,186.30524903480347,188.76588439941406,186.30524903480347,188.76588439941406,18870
2015-07-14,189.11742701155418,189.11742701155418,187.18407041571115,187.7113494873047,50241
2015-07-15,187.3598310856317,189.46894738303092,187.00831170273182,188.59014892578125,29713
2015-07-16,188.23862623620056,191.05078125,187.53558748275069,191.05078125,23280
2015-07-17,191.05076009512393,191.05076009512393,188.2386053927118,188.76588439941406,19550
2015-07-20,191.57806662952197,192.10534571198855,189.4689502996557,191.22654724121094,36105
2015-07-21,191.92958136664498,192.10534105654116,188.76590694851348,189.82046508789062,58517
2015-07-22,190.52351284645795,190.52351284645795,187.35983827889683,189.64471435546875,30543
2015-07-23,191.92957276724727,192.98413085937497,190.34773562905565,192.984130859375,40026
2015-07-24,191.92958068847656,193.33565820267788,191.22654193137592,191.92958068847656,42603
2015-07-27,192.63260999488122,192.63260999488122,188.2386179785746,189.11741638183594,31912
2015-07-28,189.11742044713375,192.6326141357422,188.7659010782729,192.6326141357422,38991
2015-07-29,193.33564599785808,194.5659637451172,191.75380889423923,194.5659637451172,37792
2015-07-30,195.26898825940467,195.79626725560468,193.51139160540464,195.4447479248047,51171
2015-07-31,195.79627513368135,195.79627513368135,193.33563971907495,194.39019775390625,13291
2015-08-03,195.97205220157528,196.14781188964847,194.56597469699,196.14781188964844,22511
2015-08-04,195.62055699643534,196.14783612580578,194.56599873769443,195.97207641601562,25180
2015-08-05,196.14781188964847,196.14781188964847,194.39021500891684,196.14781188964844,33302
2015-08-06,195.62050759020468,196.1477865864047,194.91746892860468,195.4447479248047,34071
2015-08-07,191.92959686529667,193.68719390618767,191.75383716120757,192.8083953857422,12396
2015-08-10,192.80837060051996,195.09324645996094,190.8750141040699,195.09324645996094,21265
2015-08-11,196.32357324405874,196.32357324405874,193.68717790058435,194.91749572753906,21884
2015-08-12,193.33566801762336,193.33566801762336,187.35983827889683,189.64471435546875,20851
2015-08-13,189.99621786227695,193.33565184875545,189.99621786227695,191.75381469726562,26939
2015-08-14,192.6326194455772,192.6326194455772,190.8750225528256,191.92958068847656,12570
2015-08-17,194.21444702148438,194.21444702148438,191.4022921324855,194.21444702148438,25706
2015-08-18,194.21445863865682,194.3902183297325,192.45686172789974,193.6871795654297,12899
2015-08-19,193.1599038769217,193.1599038769217,190.52350846458884,191.22654724121094,16334
2015-08-20,189.820455104445,191.05077286901084,188.2386179785746,189.11741638183594,20247
2015-08-21,186.30526760038418,187.53558540529238,181.20823669433594,181.20823669433594,31949
2015-08-24,176.81425112479943,178.7476077474364,167.60443892232064,176.28697204589844,78973
2015-08-25,178.3961029343655,184.37193298339844,176.6385058611205,184.37193298339844,63466
2015-08-26,180.8567343056202,182.0870522260666,177.34154024720192,179.97793579101562,41922
2015-08-27,185.2507075959539,187.53558349609375,183.1415913804402,187.53558349609375,26891
2015-08-28,189.8204600257331,189.8204600257331,183.31735167299965,185.4264678955078,20905
2015-08-31,184.8992013922252,185.7779998779297,183.66888351223892,185.7779998779297,16836
2015-09-01,183.84465657947132,184.54769541916338,179.09914441155,181.03250122070312,20255
2015-09-02,181.03248958089114,182.9658462657356,178.92337319742444,181.5597686767578,25182
2015-09-03,182.96582347696477,185.6022186279297,182.4385444467718,185.6022186279297,86072
2015-09-04,185.95374490108216,185.95374490108216,181.20823345275588,183.6688690185547,47076
2015-09-07,184.89917516344377,184.89917516344377,181.73550106368901,184.19613647460938,28995
2015-09-08,185.60224553730413,186.1295246439442,183.84464851517058,185.07496643066406,23152
2015-09-09,186.30528619574244,187.53560412345016,182.96585182053573,186.8325653076172,51351
2015-09-10,185.95375061035156,186.48102967635447,183.49311496900478,185.95375061035156,36370
2015-09-11,185.250720786507,185.7779998779297,182.08704623797084,185.7779998779297,27223
2015-09-14,185.77800523951748,186.65680375058426,184.1961679195973,185.07496643066406,52109
2015-09-15,184.72341549123516,185.25069450786094,182.9658187691492,184.19613647460938,53790
2015-09-16,185.60224553730413,185.95376494173084,182.79009030189044,185.07496643066406,37765
2015-09-17,186.30528150495996,186.30528150495996,181.55976961756946,182.43856811523438,49087
2015-09-18,181.9112961573169,182.43857527661348,178.2203423222409,180.50521850585938,607059
2015-09-21,179.97794834307993,181.7355454948678,179.27490948236476,180.3294677734375,82575
2015-09-22,178.92337748310652,178.92337748310652,175.93546253496035,176.99002075195312,89610
2015-09-23,176.2869604577127,178.9233556789148,175.7596814134723,176.81423950195312,41488
2015-09-24,177.16577344048312,177.16577344048312,172.80693512832454,174.2130126953125,64192
2015-09-25,177.51730169635724,178.9233793335561,175.93546435450853,178.74761962890625,29057
2015-09-28,180.15367182197835,181.91126862024157,177.69303630440987,178.0445556640625,29280
2015-09-29,177.6930379090205,177.6930379090205,173.93177643576433,176.81423950195312,36399
2015-09-30,178.92338114796968,180.68097821229156,177.86882290937652,180.50521850585938,36296
2015-10-01,182.08705948024118,182.61433861001024,179.450663831396,181.03250122070312,23023
2015-10-02,181.91128176312114,183.14159961079443,178.39608791262606,181.38400268554688,31490
2015-10-05,183.84464851517058,185.25072613287742,182.4385708974637,185.07496643066406,24734
2015-10-06,185.60223289947072,185.60223289947072,183.3173569262765,184.7234344482422,27784
2015-10-07,182.61430733954685,183.84462509833108,177.1657572649309,178.0445556640625,54471
2015-10-08,179.6264163851738,179.97793579101562,177.165780544281,179.97793579101562,24400
2015-10-09,182.43856156293083,182.43856156293083,178.57184831207874,179.27488708496094,20852
2015-10-12,178.74758862197922,180.85670471191406,177.3415112286893,180.85670471191406,23511
2015-10-13,180.15369732559765,181.91129437267665,178.74761968793445,181.73553466796875,33975
2015-10-14,180.68097367066747,180.68097367066747,178.57185724649625,179.09913635253906,31508
2015-10-15,179.97790790117418,180.32942725254367,178.57183049569625,179.6263885498047,22119
2015-10-16,182.0870344942848,183.66887166653245,180.85671669364774,183.31735229492188,32118
2015-10-19,183.84464226204182,185.60223922439403,182.79008408463048,184.89920043945312,19374
2015-10-20,186.3052594765173,186.3052594765173,182.08702718648294,182.26278686523438,19577
2015-10-21,182.79006271213004,182.79006271213004,178.57183049569625,179.6263885498047,25332
2015-10-22,182.79006380023378,185.6022186279297,181.03246703292385,185.6022186279297,23768
2015-10-23,186.65678244466756,187.88710021972656,184.3719065767008,187.88710021972656,27914
2015-10-26,188.06284615324492,188.06284615324492,186.30524946022393,186.65676879882812,19489
2015-10-27,186.30526998768684,187.18406843102497,184.19615372367528,185.95375061035156,17444
2015-10-28,187.0083100495515,189.82046508789062,186.83255035965533,189.82046508789062,17633
2015-10-29,190.17200067054293,190.69927978515625,187.88712450721846,190.69927978515625,20364
2015-10-30,188.5901294926839,190.87500524609013,188.41436981934496,190.17196655273438,20024
2015-11-02,190.1719905595134,190.1719905595134,187.00831604003906,187.00831604003906,26891
2015-11-03,187.71134357522774,190.52349853515625,186.8325451502501,190.52349853515625,19938
2015-11-04,191.22652459276802,192.1053229594627,189.64468753271754,190.17196655273438,32428
2015-11-05,190.8750350645299,192.63263207249057,188.590158954181,192.28111267089844,21506
2015-11-06,192.2810964032638,192.2810964032638,189.9962204862232,191.4022979736328,16054
2015-11-09,191.40229386275232,191.40229386275232,187.71134053757527,187.88710021972656,16169
2015-11-10,189.6446858388073,189.6446858388073,185.95373273165723,186.3052520751953,15985
2015-11-11,188.94168090820312,190.3477585335665,187.35984357966933,188.94168090820312,18162
2015-11-12,189.99622645738071,189.99622645738071,186.83255201128188,188.59014892578125,13515
2015-11-13,187.35983373248388,188.23863220214844,185.77799648708768,188.23863220214844,14594
2015-11-16,187.1840883151228,187.5356077297991,185.9537703637558,187.35984802246094,19009
2015-11-17,187.7113481458727,191.92958068847656,187.35982876732237,191.92958068847656,7895
2015-11-18,190.3477262260733,191.5780439394459,189.99620687939543,190.17196655273438,25126
2015-11-19,191.40230062672492,192.1053393801748,190.17198280818766,191.05078125,31784
2015-11-20,192.2811027316872,192.2811027316872,190.3477461228677,191.57806396484375,27092
2015-11-23,191.92959771925405,191.92959771925405,189.29320214618735,190.69927978515625,18029
2015-11-24,189.46896359428385,189.82048300726026,185.95376946451975,186.48104858398438,20783
2015-11-25,187.0083048352456,190.6992582201518,186.3052660952635,190.52349853515625,33231
2015-11-26,190.34773885016074,190.6992582201518,189.117421055192,190.52349853515625,38144
2015-11-27,190.17200067054293,190.69927978515625,188.4144036218318,190.69927978515625,40473
2015-11-30,190.69927978515625,192.6326365387385,189.8204812608007,190.69927978515625,25014
2015-12-01,191.92957969181234,192.28109906853726,189.64470374310028,191.05078125,40283
2015-12-02,192.63263568165308,194.39023272254408,192.45687597756398,192.8083953857422,27605
2015-12-03,193.33566332620288,193.5114230201358,188.23863220214844,188.23863220214844,30354
2015-12-04,188.94167025663845,190.34774780273438,187.71135240380454,190.34774780273438,32583
2015-12-07,191.92959686529667,193.86295361027678,190.69927893667298,192.8083953857422,30155
2015-12-08,192.63261844526218,192.63261844526218,189.11742467801287,191.05078125,38978
2015-12-09,191.92958206005312,191.92958206005312,187.7113494873047,187.7113494873047,20424
2015-12-10,189.11740373721557,189.11740373721557,185.2506910213989,188.76588439941406,20760
2015-12-11,189.1174041690575,189.64468317696378,186.65676879882812,186.65676879882812,42557
2015-12-14,189.468934205723,190.17197292262736,184.8991825458447,185.25070190429688,20600
2015-12-15,186.65678546525456,190.52349853515625,185.60222735528137,190.52349853515625,21054
2015-12-16,189.11742800013104,191.57806368043015,188.59014892578125,188.59014892578125,30434
2015-12-17,192.80837813362464,193.86293626379944,190.5235021849126,191.05078125,40469
2015-12-18,190.1719775457758,192.63261311475998,189.99621786227695,191.75381469726562,18011
2015-12-21,189.99622477778684,192.45686043633356,189.82046508789062,189.82046508789062,17249
2015-12-22,192.1053229594627,192.1053229594627,189.1174085127007,190.17196655273438,19764
2015-12-23,190.52349167915241,193.15988685921448,190.52349167915241,192.45684814453125,15343
2015-12-28,192.6326151474512,193.86293294492577,191.5780570353301,193.51141357421875,11214
2015-12-29,194.03868313965722,196.32355893749738,194.03868313965722,195.79627990722656,13494
2015-12-30,196.8508395614555,196.8508395614555,194.39020406693732,194.5659637451172,16342
2016-01-04,194.03867446643682,194.03867446643682,188.76588439941406,188.76588439941406,67803
2016-01-05,190.69926286355044,192.45685975630207,189.29318534934916,191.92958068847656,28417
2016-01-06,192.28110344202045,192.45686313438063,188.41439021009683,189.4689483642578,24186
2016-01-07,187.35984802246094,188.23864655915165,184.54769270505065,187.35984802246094,27283
2016-01-08,187.88711058225667,187.88711058225667,183.4931182861328,183.4931182861328,16971
2016-01-11,182.79009289621615,184.19617053387935,181.38401525855295,181.73553466796875,22376
2016-01-12,181.73552853538877,185.2507225109282,180.68097034272694,184.5476837158203,29059
2016-01-13,184.89920043945312,186.65679740180536,184.19616165451225,184.89920043945312,25193
2016-01-14,184.89920295058008,184.89920295058008,179.62641199191333,181.5597686767578,56018
2016-01-15,181.2082427226851,182.61432026078546,176.6384907238589,178.39608764648438,40637
2016-01-18,176.46272479476778,179.9779185157791,176.46272479476778,178.22032165527344,26552
2016-01-19,180.50520954057865,181.9112871221995,179.27489165666037,180.68096923828125,31025
2016-01-20,178.04459346078352,178.3961128950595,175.4785058815776,176.11123657226562,34579
2016-01-21,177.16577777541193,180.85673147906633,176.9900180752379,177.34153747558594,36467
2016-01-22,180.85672648520045,184.72343978226016,180.85672648520045,184.02040100097656,31217
2016-01-25,184.02038838509736,185.60222553453949,182.0870318691126,183.6688690185547,31483
2016-01-26,181.20822204706323,184.54765581902657,180.50518335822883,184.19613647460938,32089
2016-01-27,183.31734283042675,186.65677668831566,182.96582347696477,185.6022186279297,17286
2016-01-28,183.49311899584393,183.49311899584393,177.5172894500023,181.38400268554688,59912
2016-01-29,182.79009561747796,185.2507315200209,181.38401795888197,184.37193298339844,57091
2016-02-01,184.54765581902657,185.95373319669534,183.3173381135664,184.19613647460938,24225
2016-02-02,184.37191040975364,184.89918946716952,181.73551512267423,183.31735229492188,24469
2016-02-03,184.02041263450317,184.02041263450317,178.92338114796968,180.50521850585938,23543
2016-02-04,180.68095725998137,182.96583317863872,176.81424416686892,178.22032165527344,19720
2016-02-05,179.9779265873016,179.9779265873016,176.46273270864336,177.165771484375,26279
2016-02-08,176.81424611721545,177.16576549319402,171.89297485351562,171.89297485351562,40966
2016-02-09,173.2287574770385,173.29906564863452,168.44810217909284,168.79962158203125,45766
2016-02-10,170.62751522509836,172.8069398039059,168.72931260380966,170.9087371826172,39534
2016-02-11,170.76811040276115,170.9087267366865,166.54987784548402,168.94021606445312,40387
2016-02-12,170.13538589791506,170.8384246826172,168.8699139399471,170.8384246826172,28252
2016-02-15,172.24450625573732,176.11121966147834,172.24450625573732,175.68939208984375,36368
2016-02-16,177.3415174056685,177.3415174056685,172.9475253985905,174.28329467773438,25131
2016-02-17,177.16578314482277,177.16578314482277,174.5645416489149,176.6385040283203,22657
2016-02-18,176.81426022635358,180.68097367066747,176.46274082232503,179.09913635253906,19857
2016-02-19,179.09911374302044,180.32943150180466,177.1657572649309,178.0445556640625,32463
2016-02-22,178.57184760515082,182.0870414556459,178.57184760515082,181.38400268554688,14095
2016-02-23,181.2082299009363,181.55974926058892,177.8687959842362,178.0445556640625,22181
2016-02-24,177.8687959842362,178.39607502371516,175.05664110701505,178.0445556640625,17347
2016-02-25,180.15369726610513,180.329456970755,177.6930614010071,178.74761962890625,21009
2016-02-26,182.26282008074332,182.61433950230696,179.9779438405797,181.9113006591797,11616
2016-02-29,180.85672333816,180.85672333816,177.6930488774342,178.39608764648438,26631
2016-03-01,177.16577006495277,181.55976237807164,177.16577006495277,181.38400268554688,20734
2016-03-02,181.5597616758383,183.4931182861328,181.38400198399336,183.4931182861328,19490
2016-03-03,185.56095381143317,185.56095381143317,181.02622864497584,182.4773406982422,39142
2016-03-04,184.10983420604495,184.10983420604495,180.95366119121326,182.2959442138672,28806
2016-03-07,181.751799538022,183.20291170998226,180.8811344490673,182.8401336669922,160087
2016-03-08,181.93318855951705,183.38430073147728,181.0988034890828,182.8401336669922,13957
2016-03-09,182.29595260620118,183.20289764404296,180.0830044996459,181.38900756835938,26041
2016-03-10,182.65873154883892,183.20289857430717,179.64767843635724,180.30067443847656,21307
2016-03-11,181.24390011658477,181.57039811876083,178.84956298211608,179.5751190185547,26928
2016-03-14,181.3889917624424,182.1145477294922,180.66343579539264,182.1145477294922,16167
2016-03-15,182.6587185045403,182.6587185045403,179.5025455537753,180.08299255371094,13656
2016-03-16,180.73598263913817,180.73598263913817,178.5593148967372,179.21231079101562,25598
2016-03-17,179.21234050578676,179.21234050578676,174.7864442672822,174.9315643310547,34070
2016-03-18,175.51198638942498,175.51198638942498,169.99776760746747,173.11766052246094,78439
2016-03-21,172.97257852281737,175.2218069745362,171.8842443180066,174.42369079589844,43336
2016-03-22,173.33532534429324,173.33532534429324,170.650770337254,172.8274383544922,29188
2016-03-23,174.27855818147808,175.80223029031606,173.69811113662993,173.84323120117188,20468
2016-03-24,174.35112303931453,174.35112303931453,172.46467285912297,173.40789794921875,13861
2016-03-29,174.64132509061892,174.64132509061892,171.88421010631717,174.13343811035156,27449
2016-03-30,175.5845612646097,175.5845612646097,172.82744610491105,173.84323120117188,33665
2016-03-31,172.682325280231,175.22177124023438,171.9567692916586,175.22177124023438,32068
2016-04-01,173.77066518485876,173.98833420306937,169.5624380935094,173.3353271484375,45306
2016-04-04,173.9157664387136,175.58454740930415,171.23121152312308,174.71388244628906,22480
2016-04-05,172.89999513795775,174.64132509061892,172.46465711423951,174.13343811035156,19880
2016-04-06,175.14921160215357,177.54354858398438,173.4804416816133,177.54354858398438,40442
2016-04-07,178.4867735854457,179.86532553835437,177.4709996276294,177.54354858398438,20584
2016-04-08,177.0356699554513,178.63189099492675,176.81800093390777,177.8337860107422,16263
2016-04-11,180.01044559327596,180.01044559327596,176.52777462616805,177.54354858398438,14687
2016-04-12,178.63188256926148,178.63188256926148,175.51198959724596,177.54354858398438,18275
2016-04-13,178.48679806254722,179.57513219707494,178.12402001770465,179.43002319335938,15668
2016-04-14,180.37320369523556,180.80853059867127,179.4299787978013,180.66342163085938,16345
2016-04-15,181.09879438319126,181.38901237454786,180.08300927122977,180.95367431640625,15810
2016-04-18,181.31645404995265,182.6587371826172,179.21234591502065,182.6587371826172,14027
2016-04-19,183.74703852708504,185.56092834472656,182.8400936182643,185.56092834472656,34127
2016-04-20,185.74232563850688,185.74232563850688,183.56565775993064,184.65399169921875,17051
2016-04-21,185.74232536764706,185.9237143572639,182.65871254416072,185.0167694091797,37286
2016-04-22,182.29593590462562,184.47260379602412,182.29593590462562,183.202880859375,22535
2016-04-25,181.31644662718656,183.38428573153365,177.7612265251266,182.4773406982422,52696
2016-04-26,183.02150894501403,183.74706497651061,181.02622985839844,181.02622985839844,44638
2016-04-27,181.38900607941306,181.57039508549246,180.08300302142,180.51834106445312,33551
2016-04-28,181.93316493267974,181.93316493267974,177.9788869918337,179.86532592773438,29755
2016-04-29,178.19655294629484,178.9946578808694,176.96309892458805,178.12399291992188,26053
2016-05-02,179.57511453027396,179.79278354998644,178.19656252393858,179.64767456054688,23386
2016-05-03,181.09879087691422,181.09879087691422,176.74545466421057,177.2533416748047,15917
2016-05-04,175.5845360598902,178.0514218074963,174.9315401476136,175.3668670654297,23189
2016-05-06,175.72967332553029,175.72967332553029,172.17445310432484,172.90000915527344,23817
2016-05-09,175.004126217618,178.12401961035067,173.9883521228247,177.4710235595703,43738
2016-05-10,178.41422731836957,180.44578646179414,178.41422731836957,179.35745239257812,25050
2016-05-11,179.93789672851562,179.93789672851562,178.4142246261622,179.93789672851562,10574
2016-05-12,180.22810238506173,180.80854938773217,178.2691034382665,178.99465942382812,32070
2016-05-13,177.54357021938992,180.66346357159472,177.54357021938992,180.01046752929688,24423
2016-05-17,180.37323477807558,180.88112178849124,179.06723170050216,179.93789672851562,234789
2016-05-18,179.86533669655347,180.1555657532956,178.84956267572218,179.93789672851562,20210
2016-05-19,178.63189728767887,180.22811838338515,178.2691192626953,178.2691192626953,24150
2016-05-20,180.15557935340016,182.47735662707788,179.93791031218814,181.75180053710938,23544
2016-05-23,181.38899950539007,182.8401115014332,180.73600353561307,181.93316650390625,15754
2016-05-24,181.38898988135438,184.65399169921875,180.66343392182895,184.65399169921875,18103
2016-05-25,185.0167763314596,186.8306662954935,184.10983134944263,185.92372131347656,17449
2016-05-26,186.83065045563424,186.83065045563424,184.83537166436048,186.64926147460938,12013
2016-05-27,188.64456711900178,192.27234725590566,187.19345506424023,191.3654022216797,53030
2016-05-30,192.63512619207654,192.63512619207654,190.27706909179688,190.27706909179688,20064
2016-05-31,191.184014130366,191.184014130366,188.6445680223725,190.27706909179688,15469
2016-06-01,188.6445545575428,190.09566651567772,187.9189985784753,188.1003875732422,35044
2016-06-02,187.55621975746044,189.55149869105045,187.55621975746044,189.188720703125,19175
2016-06-03,190.09567378117487,190.09567378117487,186.6492827488826,188.64456176757812,21839
2016-06-06,189.18875902582266,189.18875902582266,187.55625774947327,189.0073699951172,9341
2016-06-07,188.82595825195312,189.73290329639093,188.10040221640287,188.82595825195312,15801
2016-06-08,188.64457865594662,188.64457865594662,186.64929945862409,186.8306884765625,18790
2016-06-09,186.4678955078125,187.19345152146158,185.01678348051433,186.4678955078125,16965
2016-06-10,186.10512083140804,186.10512083140804,181.02622864497584,182.4773406982422,20692
2016-06-13,180.30067326005445,181.02622928926996,178.77700117025933,179.06723022460938,25698
2016-06-14,177.61610792912947,177.61610792912947,174.8589929627978,175.5845489501953,23986
2016-06-15,176.3101049375928,177.97888592282823,175.5845489501953,175.5845489501953,21658
2016-06-16,174.35111667933867,175.7296687115025,173.91577863175723,175.65711975097656,23978
2016-06-17,174.71389585470484,178.2691160061558,174.71389585470484,176.89056396484375,49330
2016-06-20,178.5593437797526,182.29595291351745,178.48678374816038,181.02622985839844,24481
2016-06-21,180.66344766051714,181.1713346565865,179.4300046497469,180.7360076904297,13489
2016-06-22,180.95366952175274,181.38900756835938,178.92212149387225,181.38900756835938,13279
2016-06-23,181.31644784255448,182.1145639056433,178.41422371656813,181.02622985839844,32567
2016-06-24,177.03567587976497,181.7517901962341,172.68233958763958,178.63189697265625,54496
2016-06-27,178.70445343605573,179.7202274554839,176.74545435795486,177.61611938476562,13900
2016-06-28,179.21233122716495,182.47733321308496,179.21233122716495,182.2959442138672,19191
2016-06-29,184.29122776083545,186.830673812658,182.65872672752099,186.10511779785156,20320
2016-06-30,186.10512434155297,187.55623642218885,185.5609573113145,187.37484741210938,19589
2016-07-01,188.64456176757812,188.64456176757812,186.6492827488826,188.64456176757812,14651
2016-07-04,188.6445545575428,188.6445545575428,186.8306646098741,188.1003875732422,11803
2016-07-05,187.73759638294067,187.73759638294067,184.8353726707406,185.19815063476562,11461
2016-07-06,183.92845153808594,185.74234159270216,182.65872849985456,183.92845153808594,13218
2016-07-07,183.20290233248932,186.2865155400659,183.20290233248932,184.8354034423828,13575
2016-07-08,184.47259370231072,186.64926147460938,183.56564879718627,186.64926147460938,12650
2016-07-11,185.74233890503876,188.46317394759305,185.74233890503876,187.19345092773438,13064
2016-07-12,186.6492833317937,187.91900634765625,186.10511632499546,187.91900634765625,24360
2016-07-13,185.742346321394,187.37484741210938,185.742346321394,187.37484741210938,19237
2016-07-14,186.64927031573126,187.73760425343232,184.653991429946,185.0167694091797,40343
2016-07-15,185.01679245459317,185.56095949122434,183.92845838133087,184.8354034423828,38712
2016-07-18,184.65399116172716,185.37954711914062,182.84010126819348,185.37954711914062,23109
2016-07-19,185.37955720056942,185.74233519900497,181.57038821699607,182.2959442138672,18014
2016-07-20,184.10984024288146,184.65400725837767,182.84011720672368,184.29122924804688,14163
2016-07-21,186.2865174642978,186.2865174642978,182.47734816853315,182.6587371826172,39587
2016-07-22,182.84012587880946,183.5656819338841,181.7517917961975,183.02151489257812,11163
2016-07-25,183.38428665161132,183.38428665161132,180.80856052991933,181.38900756835938,17192
2016-07-26,182.65872221230273,183.20288920995608,181.3889992177783,182.2959442138672,11028
2016-07-27,183.5656756591797,183.5656756591797,181.38900756835938,181.38900756835938,19019
2016-07-28,181.93318914968336,183.02152328218395,179.7928009033203,179.7928009033203,19191
2016-07-29,179.57512847398786,181.17134962397967,179.21235043666667,181.0988006591797,18448
2016-08-02,181.38900879890687,181.38900879890687,179.28490072528214,179.93789672851562,19022
2016-08-03,181.57041423557737,181.57041423557737,177.25335764979215,178.84957885742188,40086
2016-08-04,179.86533700468752,179.86533700468752,177.47101094132535,179.5751190185547,22021
2016-08-05,179.21235323709155,183.74707877446735,178.8495751941015,182.8401336669922,25198
2016-08-08,182.4773548700123,185.01680116044983,180.4457956234408,181.24391174316406,19424
2016-08-09,180.0829917154451,181.75177268082751,180.0829917154451,181.17132568359375,10505
2016-08-10,180.66345632504965,182.2959574364206,180.37323833369308,180.95367431640625,8585
2016-08-11,180.95366952175274,181.93317459106444,179.9378955078125,181.38900756835938,17705
2016-08-12,180.51834106445312,182.84011812804835,179.93789403077776,180.51834106445312,10304
2016-08-15,182.29596760458577,182.29596760458577,179.21235422221963,181.75180053710938,11553
2016-08-16,181.02624437644525,181.02624437644525,178.92213614480124,179.43002319335938,15934
2016-08-17,178.84956150651766,178.92212153800546,177.54355843748203,178.70445251464844,12450
2016-08-18,180.66343430103626,180.66343430103626,177.39843247631873,178.19654846191406,8826
2016-08-19,178.4867913450448,178.4867913450448,175.58456709553187,177.32589721679688,19693
2016-08-22,176.60032093493444,178.26910190156218,175.87476495562723,178.12399291992188,13025
2016-08-23,177.83377258138816,178.55932855100443,177.3984345711762,178.34165954589844,12099
2016-08-24,177.18078951299677,178.77701064766921,175.87478637695312,175.87478637695312,27515
2016-08-25,175.58454740930415,175.65710743584944,173.19021045768343,174.71388244628906,38256
2016-08-26,174.71388397953945,175.5845489501953,173.6980989545195,175.5845489501953,21485
2016-08-29,175.58454656868378,176.4552115275305,174.49621260234898,175.80221557617188,13694
2016-08-30,176.67288389429797,177.18077087402344,174.13343792456473,177.18077087402344,21386
2016-08-31,177.76123119566992,177.97890022360022,173.98834197226887,174.3511199951172,46841
2016-09-01,175.2943460184123,175.51200397641514,172.39212181990288,173.26278686523438,29451
2016-09-02,174.1334358590548,177.03565979003906,173.48043990302563,177.03565979003906,15054
2016-09-05,177.03564403300382,177.90630892058454,176.74542609417847,177.76119995117188,13439
2016-09-06,178.3416521770896,178.3416521770896,176.60031127929688,176.60031127929688,20550
2016-09-07,177.7612422382814,177.7612422382814,175.72968296990814,176.74546813964844,7968
2016-09-08,176.45521097012505,177.7612139398224,175.94732400166095,176.52777099609375,11703
2016-09-09,177.1807726096369,177.1807726096369,174.78643560049872,175.0041046142578,30662
2016-09-12,174.20599728467533,175.22177124023438,172.97254324721763,175.22177124023438,17256
2016-09-13,176.31013628061382,176.31013628061382,174.7139150387969,174.85902404785156,21578
2016-09-14,174.6413362006198,175.72967025804508,173.33533311748818,173.84323120117188,38191
2016-09-15,173.40787946621361,174.71388244628906,172.89999249371363,174.71388244628906,17401
2016-09-16,174.71388397953945,176.16499595433447,174.35110598584072,175.5845489501953,25075
2016-09-19,176.38267634085815,177.97889740186233,176.01989832376145,177.61611938476562,19796
2016-09-20,177.32589418351674,179.50256233341804,176.45522913777756,178.2691192626953,22797
2016-09-21,178.77698943658842,179.64766547138706,177.3984375,177.3984375,12870
2016-09-22,177.97890127115116,178.70445732111827,177.25334522118405,178.2691192626953,34682
2016-09-23,177.54354145430733,178.19654846191406,176.9630944712476,178.19654846191406,23049
2016-09-26,177.10823812645086,177.18078708956227,175.58456597672253,176.0924530029297,34363
2016-09-27,177.4710086042623,177.76122658657334,175.29434052361037,177.1082305908203,26029
2016-09-28,178.12399769566736,178.63188468057842,177.03566369752681,177.68865966796875,13698
2016-09-29,178.4868077745574,178.55936781591706,175.58458325789792,176.23757934570312,31812
2016-09-30,174.13343991875504,175.22177391824727,173.04510591926282,174.64132690429688,26805
2016-10-03,176.01991271972656,176.67290877546398,175.29435662619284,176.01991271972656,10895
2016-10-04,175.94732400166095,176.52777099609375,174.7864300127954,176.52777099609375,25544
2016-10-05,176.52778656454853,176.52778656454853,174.7138964664153,176.16500854492188,24290
2016-10-06,175.65712005759792,176.23755602724447,174.0608879277506,175.29434204101562,20347
2016-10-07,173.84323297735088,175.43945406366208,173.77067294433854,174.3511199951172,12522
2016-10-10,174.27853448667824,176.74543132410838,173.48042959574016,176.60031127929688,21895
2016-10-11,176.23754519579344,176.52777423388585,174.71388426245485,175.22177124023438,10565
2016-10-12,175.58455368875934,176.45521868291215,172.39211168649706,172.46466064453125,17162
2016-10-13,172.02933546218676,172.02933546218676,169.48988941149887,170.28799438476562,45863
2016-10-14,170.28799469220192,172.90000077749622,170.28799469220192,172.60977172851562,14715
2016-10-17,172.53722245810312,172.53722245810312,170.28799438476562,170.28799438476562,26451
2016-10-18,170.5782031523594,171.37630803073566,169.9251961743008,171.08609008789062,14450
2016-10-19,172.6097654274827,172.6097654274827,170.86843548159032,172.1744384765625,16067
2016-10-20,171.66656525517044,172.2470012362453,170.14289312708226,171.3037872314453,27264
2016-10-21,170.79586107394073,171.3037590805768,170.2154251882507,171.08609008789062,25613
2016-10-24,171.59402225849666,171.66658229888841,168.6917977805517,169.4899139404297,20676
2016-10-25,170.94100172965588,170.94100172965588,166.87788361323888,167.24066162109375,34672
2016-10-26,167.4583465844131,167.4583465844131,165.49934736969385,166.51512145996094,43480
2016-10-27,165.42675905008002,170.07031277041204,165.42675905008002,169.70753479003906,37307
2016-10-28,169.4173296779998,169.9252166748047,168.1838866654433,169.9252166748047,28310
2016-10-31,168.3290068047168,168.3290068047168,166.95045471191406,166.95045471191406,23892
2016-11-01,168.0387788745585,168.0387788745585,165.2816637808241,165.78955078125,36530
2016-11-02,165.06399326599373,166.2974362761777,164.19332826298773,164.91888427734375,16219
2016-11-03,164.7012230860746,164.91889211494714,162.88733296398127,163.5403289794922,24502
2016-11-04,163.1775509550735,163.25011098839994,161.4362208663066,163.5403289794922,22705
2016-11-07,165.20911928910655,165.93467537827357,163.54033806980098,165.42678833007812,43499
2016-11-08,166.15232939667754,166.22488942747668,164.84632634003697,165.06399536132812,20511
2016-11-09,166.0797773312902,174.56879207104538,166.0797773312902,173.40789794921875,89953
2016-11-10,176.3101118374982,176.3101118374982,170.1428857032647,172.60977172851562,51847
2016-11-11,173.77069059229296,173.77069059229296,170.57824809544968,171.8116912841797,22887
2016-11-14,173.77067645499343,173.91578545284304,169.27223109501455,170.36056518554688,24189
2016-11-15,172.46466364288372,172.46466364288372,167.8211095459351,168.83688354492188,41486
2016-11-16,169.7800898125831,171.37631066497613,168.83686487718109,170.50564575195312,37414
2016-11-17,169.0545338732131,172.68231357006317,169.0545338732131,170.50564575195312,17523
2016-11-18,173.40787406802187,173.40787406802187,170.43309020996094,170.43309020996094,22155
2016-11-21,171.08609297883405,171.08609297883405,169.19964310515033,170.1428680419922,17653
2016-11-22,169.78010951450892,170.5056655380752,165.06399536132812,165.06399536132812,38956
2016-11-23,164.91889148353155,165.644447529591,162.3794453223235,164.26588439941406,32754
2016-11-24,165.42676916953354,165.4993291984889,164.19332617503454,164.77377319335938,25387
2016-11-25,165.57187584488204,168.40155086804734,165.57187584488204,167.67599487304688,17925
2016-11-28,167.2406775447538,167.53089555022805,165.7170053382459,166.51512145996094,26696
2016-11-29,167.60342274664188,167.60342274664188,165.57186389306761,166.36997985839844,15175
2016-11-30,165.42678254946307,167.60345074090338,165.42678254946307,166.95045471191406,22508
2016-12-01,166.1523327457201,166.1523327457201,163.25010859295642,163.75799560546875,26405
2016-12-02,165.28164619040317,165.28164619040317,160.92831052816834,162.95986938476562,34957
2016-12-05,165.7169768483485,165.7169768483485,163.75797797041838,163.97564697265625,41543
2016-12-06,164.70120395324338,165.57186889648438,163.10498304545067,165.57186889648438,24848
2016-12-07,166.15231754380653,166.29742652394683,162.45197765914853,163.39520263671875,40912
2016-12-08,163.9756577442233,164.0482177734375,161.7989897210699,164.0482177734375,32711
2016-12-09,164.04821928883842,168.61921332280042,163.83055027029116,167.6034393310547,57322
2016-12-12,167.60344443776305,167.8211134629425,166.15233236470883,166.80532836914062,37241
2016-12-13,165.57187361208022,170.57821655273438,164.99142660968624,170.57821655273438,34462
2016-12-14,169.19965647969568,170.07032146287028,168.25643146829572,169.63499450683594,23653
2016-12-15,169.34477053991358,171.5214385986328,167.6034405213807,171.5214385986328,37879
2016-12-16,171.73910405541523,173.26277609334744,171.59399506873265,173.19021606445312,27965
2016-12-19,172.8274344384957,172.89999446586862,171.2312134762434,172.1744384765625,46395
2016-12-20,170.94099259168954,173.11766052246094,170.94099259168954,173.11766052246094,35023
2016-12-21,173.11767671857254,173.11767671857254,170.57823056176008,172.0293426513672,22852
2016-12-22,170.79590607437845,173.48047257298276,170.79590607437845,171.8116912841797,20257
2016-12-23,172.39212067376897,172.39212067376897,171.08611757890122,172.0293426513672,14317
2016-12-27,174.06088105565468,174.06088105565468,172.3921111021459,173.19021606445312,11643
2016-12-28,172.89999838350923,173.69810334716627,172.02933339083515,172.8274383544922,14569
2016-12-29,172.60976933854718,173.69810334716627,172.46466035161916,172.8274383544922,8379
2016-12-30,171.9567560788964,172.9725299564057,171.23120014607406,172.68231201171875,11572
2017-01-03,175.58456033360483,175.58456033360483,171.81167116875693,174.9315643310547,39044
2017-01-04,175.94731614357215,175.94731614357215,174.64131323220298,175.51197814941406,34097
2017-01-05,175.9473276197991,178.26910457416912,175.14921160215357,177.54354858398438,19023
2017-01-06,177.76122807062288,178.63189309593116,177.18078103004854,177.97889709472656,15755
2017-01-09,179.93791300868406,179.93791300868406,177.32590661721179,178.84957885742188,19078
2017-01-10,179.937897036774,179.937897036774,178.051446913591,179.5751190185547,17870
2017-01-11,178.55932855100443,179.0672155155147,177.9788815610903,178.34165954589844,15568
2017-01-12,177.03565908767112,177.03565908767112,173.4078791883336,175.07666015625,27634
2017-01-13,175.22175942242785,176.60031127929688,175.07665044872138,176.60031127929688,15695
2017-01-16,175.58456305858007,177.03567514997332,173.84323297735088,174.3511199951172,24381
2017-01-17,174.13344049922023,174.9315565299507,172.8999975099053,173.915771484375,20946
2017-01-18,174.42365905791414,174.42365905791414,171.59399506873265,173.19021606445312,35156
2017-01-19,173.48044446476348,173.48044446476348,170.86843842975162,171.23121643066406,15178
2017-01-20,172.68233929315812,172.68233929315812,170.7233401792638,171.3037872314453,21658
2017-01-23,171.0135612114235,171.0135612114235,169.41734009286415,170.36056518554688,26258
2017-01-24,169.7800948145558,170.6507597532299,169.34475680966608,169.70753479003906,29730
2017-01-25,170.5056628105369,171.88421480481793,169.19965977478816,171.0135498046875,42869
2017-01-26,172.68234189085382,173.84323601268045,170.9410117792207,173.40789794921875,31250
2017-01-27,173.4078821182251,174.42365607875982,172.1018791181763,174.13343811035156,11455
2017-01-30,174.85900796019322,174.85900796019322,171.9567837616838,173.26278686523438,35521
2017-01-31,173.40788144416175,173.40788144416175,170.72332649795027,172.1744384765625,24580
2017-02-01,172.5372186479372,175.9473296264766,172.24698960588978,175.0041046142578,21430
2017-02-02,175.43945321313046,175.43945321313046,172.17445102332445,172.75489807128906,22707
2017-02-03,171.95678076800326,174.35111790431068,171.95678076800326,174.2060089111328,21440
2017-02-06,175.584551918078,175.584551918078,173.69810189051577,174.64132690429688,30944
2017-02-07,175.2217554780626,176.9630852655517,174.93153753718263,175.9473114013672,31209
2017-02-08,176.31010762570645,176.8905546386954,174.4962176295572,175.0041046142578,35869
2017-02-09,174.1334532330632,176.96311741965775,174.1334532330632,176.81800842285156,25273
2017-02-10,176.38268143243297,177.18078645042044,175.8747833369511,176.81800842285156,54162
2017-02-13,176.89055080771098,177.47099780812897,176.1649948249649,177.03565979003906,20680
2017-02-14,177.03565852379688,177.03565852379688,174.56877262854687,175.80221557617188,22661
2017-02-15,177.03567264994822,177.54355966054234,175.584560579047,177.2533416748047,16719
2017-02-16,177.76123192845253,179.06723503031148,177.5435628996249,178.63189697265625,30943
2017-02-17,178.84956150651766,179.21233952174384,177.76122746083905,178.70445251464844,26935
2017-02-20,179.93790990676558,179.93790990676558,178.4142376928218,179.7928009033203,15838
2017-02-21,178.84957239934548,181.75179669791498,178.48679436202428,181.0988006591797,33343
2017-02-22,181.38901205963373,181.38901205963373,179.64768197230393,181.3164520263672,27231
2017-02-23,181.24388655358229,181.75177352686134,179.79277458929596,180.08299255371094,19877
2017-02-24,181.2438994968428,181.2438994968428,178.41422432174406,180.30067443847656,27231
2017-02-27,180.95368712141914,180.95368712141914,178.12402275658042,178.84957885742188,19579
2017-02-28,179.93791300868406,179.93791300868406,178.2691317625272,178.84957885742188,21766
2017-03-01,180.66345276371123,180.66345276371123,178.92212270768434,179.93789672851562,23911
2017-03-02,189.7329247174944,191.72820404052734,188.10042345319474,190.45848083496094,105680
2017-03-03,189.9142923052785,190.09568131416606,187.5562351897402,188.82595825195312,34868
2017-03-06,189.00735441478275,189.73291047779537,188.46318736752332,189.37013244628906,28534
2017-03-07,189.37011025569205,189.73288824468764,187.55622031071417,188.46316528320312,31591
2017-03-08,187.19346586186833,188.28179996571643,186.6492988099443,187.55624389648438,22518
2017-03-09,187.55624389648438,187.9190219311004,186.10513175802026,187.55624389648438,37819
2017-03-10,187.55622058894158,188.4631655627759,187.01205360464098,188.1003875732422,43247
2017-03-13,188.28181387229523,189.0073699951172,187.55625774947327,189.0073699951172,34751
2017-03-14,189.3701177743765,189.3701177743765,188.64456176757812,188.64456176757812,18904
2017-03-15,188.1004109484084,189.00735603494846,186.83068782725232,187.55624389648438,34314
2017-03-16,189.57940601382836,189.57940601382836,187.89342315402158,189.39207458496094,33751
2017-03-17,188.83009338378906,190.14141347673203,188.83009338378906,188.83009338378906,58017
2017-03-20,189.57940673828125,190.1414010270311,189.2047438791147,189.57940673828125,23294
2017-03-21,189.95404758624517,189.95404758624517,187.7060706917334,187.89340209960938,18627
2017-03-22,187.3314528170222,188.45544153392433,186.20746410012006,187.70611572265625,21800
2017-03-23,188.8300643467667,189.39205858589398,186.95675021634244,189.20472717285156,22814
2017-03-24,189.57938999893642,189.95405282502128,188.6427329337243,189.20472717285156,21341
2017-03-27,189.2047431560935,189.76673744269578,188.26808601175642,189.39207458496094,23199
2017-03-28,190.1414010270311,190.51606388619766,189.0174124495314,189.57940673828125,24482
2017-03-29,190.70340037696846,191.45272611518837,189.95407463874852,190.89073181152344,27378
2017-03-30,191.8273823957323,193.13870239257812,190.51606239888645,193.13870239257812,22705
2017-03-31,192.57671472251823,192.9513775916282,190.89073181152344,190.89073181152344,42655
2017-04-03,191.45269700665898,192.76401684917036,191.0780341945129,191.26536560058594,26981
2017-04-04,191.07805452458126,192.5767059326172,190.89072309857676,192.5767059326172,30373
2017-04-05,192.57670810821563,193.13870239257812,191.45271953949063,193.13870239257812,26920
2017-04-06,192.5767183303833,192.95138120651245,191.0780668258667,191.827392578125,19432
2017-04-07,191.45269700665898,192.2020226309512,190.51603997629374,191.26536560058594,23782
2017-04-10,192.76403296483707,192.76403296483707,190.89071874749172,191.4527130126953,23085
2017-04-11,191.26542107770985,193.8880615234375,190.51609523607337,193.8880615234375,37147
2017-04-12,193.51336669921875,194.07536098779343,192.57670955159426,193.51336669921875,13895
2017-04-13,192.5767183303833,192.76404976844788,191.64006114006042,191.827392578125,17453
2017-04-18,192.389396532314,192.7640594272163,189.57942482054702,190.32875061035156,16719
2017-04-19,190.3287339069434,190.5160653379542,188.64275102784646,189.95407104492188,26370
2017-04-20,189.57939368938577,191.0780450228987,189.57939368938577,190.14138793945312,15607
2017-04-21,189.76672141197884,189.76672141197884,188.6427329337243,189.20472717285156,20749
2017-04-24,192.5766854430973,192.5766854430973,190.14137716414763,191.26536560058594,26310
2017-04-25,190.32873025542324,193.51336452150807,190.32873025542324,192.9513702392578,21133
2017-04-26,192.57672544143648,193.70071411132812,192.01473110649064,193.70071411132812,28679
2017-04-27,193.70069234640147,195.94866943359375,193.13869807460338,195.94866943359375,46131
2017-04-28,194.82470843705013,195.38670278831086,194.2627140857894,195.19937133789062,30602
2017-05-02,196.3233656529018,197.07269147600448,195.94870274135044,196.69802856445312,27862
2017-05-03,196.69799012957878,199.13329857880214,196.69799012957878,198.57130432128906,40395
2017-05-04,198.57130724684637,199.6952957784323,198.00931298105343,199.3206329345703,52801
2017-05-05,199.32063657441242,200.44462512652376,198.75864229835673,200.25729370117188,53280
2017-05-08,200.44464253667576,200.81930541992188,199.6953167701835,200.81930541992188,32265
2017-05-09,201.1939465286987,203.0672607421875,201.0066151073498,203.0672607421875,28415
2017-05-10,200.06997465751542,201.3812947161321,198.75865459889874,199.5079803466797,51781
2017-05-11,199.69531392872557,201.38129687934332,199.69531392872557,200.06997680664062,41461
2017-05-12,201.00664251822013,202.31796264648438,200.25731673064055,202.31796264648438,24292
2017-05-15,203.06728843406395,203.06728843406395,201.00664251822013,202.31796264648438,26921
2017-05-16,202.50526866193417,203.62925720214844,201.38128012171993,203.62925720214844,21431
2017-05-17,202.31795695290637,203.6292770442678,200.44464253667576,200.81930541992188,34897
2017-05-18,199.6952891272956,200.25728337437053,196.8853178919209,197.6346435546875,42651
2017-05-19,198.5713094266196,200.44462366649338,198.5713094266196,199.88262939453125,24395
2017-05-22,200.25731038468447,201.38129903043574,199.1333217389332,200.63197326660156,24487
2017-05-23,200.25729370117188,201.38128225328322,199.8826308504681,200.25729370117188,25063
2017-05-24,200.25730967298847,201.3812983147452,199.8826467924029,200.44464111328125,16134
2017-05-26,200.63197326660156,201.19396758947718,200.0699789437259,200.63197326660156,31102
2017-05-29,200.63196896835115,200.63196896835115,199.13331747278923,199.5079803466797,12752
2017-05-30,199.1333181871482,200.44463825046904,198.19666099906192,199.6953125,22250
2017-05-31,199.3206329345703,200.25729004422527,198.75863866877737,199.3206329345703,30227
2017-06-01,198.38400409493548,199.69532423531749,198.00934119768348,198.7586669921875,21266
2017-06-02,200.6319675248183,200.6319675248183,198.19665886205206,199.13331604003906,20015
2017-06-06,189.95405504804725,191.82736920039486,188.83006655663868,189.7667236328125,101430
2017-06-07,189.5794184361811,190.32874420075098,188.45542978932627,188.64276123046875,41289
2017-06-08,188.83007593866606,189.39207021229302,187.7060873914121,188.26808166503906,40431
2017-06-09,188.455431209447,189.20475697966347,187.7061054392305,189.01742553710938,34548
2017-06-12,189.0174117272261,189.39207458496094,188.080754582889,189.39207458496094,37430
2017-06-13,189.76673961391108,190.8907281999757,189.57940818290032,189.95407104492188,27475
2017-06-14,190.14138793945312,191.45270785627693,189.57939368938577,190.14138793945312,24423
2017-06-15,190.32875061035156,190.70341350525382,188.64276758329135,190.32875061035156,26922
2017-06-16,191.45272970199585,192.01472401618958,190.89073538780212,191.827392578125,43215
2017-06-19,192.95138335854773,192.95138335854773,191.4527318373163,192.38938903808594,25604
2017-06-20,192.38938689231873,192.38938689231873,190.89073538780212,191.827392578125,24847
2017-06-21,191.45269700665898,191.45269700665898,189.95404575807459,191.26536560058594,24796
2017-06-22,192.01472401618958,192.38938689231873,190.51607251167297,191.827392578125,36788
2017-06-23,191.4527400043979,192.2020657969787,190.51608276367188,190.51608276367188,34728
2017-06-26,191.8273598188051,192.2020226309512,190.51603997629374,191.26536560058594,24016
2017-06-27,191.4527115466548,191.4527115466548,189.76672876395432,191.0780487060547,16789
2017-06-28,190.3287375078585,191.07806324607841,189.57941176963857,190.89073181152344,45399
2017-06-29,191.26541332617967,191.26541332617967,187.1066527868809,187.70611572265625,33081
2017-06-30,187.2564748643034,187.2564748643034,184.93357221575206,185.08343505859375,30113
2017-07-03,185.38318587021445,187.5187688300117,185.38318587021445,187.25650024414062,24510
2017-07-04,186.95676772698675,187.25649344240657,186.28237915039062,186.28237915039062,12153
2017-07-05,186.05757944560767,186.05757944560767,183.73466512906415,184.18426513671875,34799
2017-07-06,184.48398162736177,185.00850732086073,182.91040454686487,183.5847930908203,25662
2017-07-07,183.28508666972036,183.28508666972036,180.88723507497562,181.037109375,44485
2017-07-10,181.7114913338689,183.58480567751704,181.7114913338689,183.2850799560547,16421
2017-07-11,183.584798401842,183.65973554613944,181.11202127946478,181.41175842285156,29999
2017-07-12,181.4866983728561,185.5330643725353,181.4866983728561,185.1584014892578,46678
2017-07-13,185.45811658000258,186.05757944560767,183.73466512906415,184.18426513671875,27021
2017-07-14,184.10932148333538,186.5820985704269,183.58479578214695,186.43223571777344,30696
2017-07-17,184.9336020978261,186.7319793701172,184.78373923076916,186.7319793701172,21352
2017-07-18,186.20745629769033,186.43225631841213,183.36001604742358,183.8096160888672,17948
2017-07-19,183.88453816728472,184.7088010823502,183.73467530103747,184.2592010498047,22080
2017-07-20,185.00852984290833,186.05759279141674,184.55894123680815,185.4581298828125,13411
2017-07-21,185.83277776250026,185.98264061909651,183.36000061035156,183.36000061035156,16829
2017-07-24,184.55893882491154,184.70880169165312,182.16109865563462,182.61068725585938,20503
2017-07-25,182.83546862926227,184.7087828570211,182.83546862926227,183.50985717773438,18298
2017-07-26,183.13519578731757,184.0343957708287,182.1610815281851,183.884521484375,42193
2017-07-27,186.9567519094765,188.08074039791023,185.083437762087,185.38316345214844,20304
2017-07-28,185.75785295545876,185.75785295545876,183.65974995614783,185.1584014892578,35098
2017-07-31,185.23332036440104,188.0807604589061,184.93359464237034,186.95677185058594,52004
2017-08-02,187.25648448795462,188.26807873827835,186.73195879415078,187.5187530517578,35071
2017-08-03,187.89343046569823,188.08076190185545,186.9567732849121,187.33143615722656,34351
2017-08-04,187.3314528170222,188.45544153392433,187.1066527868809,187.70611572265625,27707
2017-08-07,188.83007690810177,188.83007690810177,186.3572998046875,186.3572998046875,29060
2017-08-08,187.89341589501808,187.89341589501808,185.23330742110974,187.5187530517578,40757
2017-08-09,186.58211872924366,186.58211872924366,185.08346717318545,185.90773010253906,22181
2017-08-10,185.757865458304,186.65706558573567,183.88455091582892,184.40908813476562,17563
2017-08-11,183.8096056855155,184.1842685542451,182.83547994005778,183.2850799560547,24025
2017-08-14,183.88453816728472,184.8586639485974,183.809612451063,184.2592010498047,21642
2017-08-15,185.45812684739013,185.45812684739013,184.03441246733573,184.2592010498047,19140
2017-08-16,184.7837120720255,186.2074262505207,184.7837120720255,185.38316345214844,25355
2017-08-17,185.30823774653416,186.2074262505207,184.2591749637147,185.38316345214844,21751
2017-08-18,184.7837326757549,184.7837326757549,182.98534403345596,183.21014404296875,25428
2017-08-21,182.0861325536396,184.33410949874627,182.0861325536396,182.98532104492188,19031
2017-08-22,183.21015132823564,185.83279153129834,183.21015132823564,185.53306579589844,28606
2017-08-23,185.30825155048848,185.30825155048848,183.88452583213515,185.00851440429688,27343
2017-08-24,185.15837219691562,185.45809788259902,184.4090465489051,185.08343505859375,17669
2017-08-25,185.15838284520427,185.23330855403304,183.43493146890563,183.50985717773438,37682
2017-08-28,183.58478569738642,184.0343856644519,181.7114715576172,181.7114715576172,35021
2017-08-29,181.33684076677292,182.9853552142555,180.36271495523192,182.5357666015625,62597
2017-08-30,183.80959937931306,183.80959937931306,182.68561081168636,183.4349365234375,20701
2017-08-31,183.4349329264222,184.25918433290371,182.98533293466662,183.884521484375,19985
2017-09-01,183.5098466242509,185.08343505859375,183.5098466242509,185.08343505859375,17855
2017-09-04,183.58479332480184,184.33411901184184,183.21013048128182,184.03439331054688,13733
2017-09-05,183.50986635401372,184.85865495220582,183.36000349505977,184.1093292236328,12744
2017-09-06,183.95947408288475,184.4090741124133,182.61068542810287,184.33413696289062,14637
2017-09-07,184.55894123680815,185.4581298828125,183.58481543955176,185.4581298828125,18537
2017-09-08,185.38317892424604,185.83277893066406,184.70879034842216,185.83277893066406,13234
2017-09-11,185.08346953215423,185.08346953215423,181.86136635880126,182.08616638183594,36860
2017-09-12,182.31093253491068,183.65972098873507,182.31093253491068,182.98532104492188,32796
2017-09-13,182.46083333385468,184.03442209629262,182.46083333385468,182.76055908203125,60811
2017-09-14,182.91040722524252,184.18425862347962,182.91040722524252,183.884521484375,30707
2017-09-15,183.65975493368322,183.88454352269886,181.63656616210938,181.63656616210938,78251
2017-09-18,182.08615399970384,183.5848054729524,182.08615399970384,182.83547973632812,30174
2017-09-19,182.9104149181979,184.1093292236328,182.3858777611542,184.1093292236328,16052
2017-09-20,184.25920283593916,185.98265439899828,184.0344142512912,185.53306579589844,17172
2017-09-21,185.45810377741435,187.03169226177397,185.45810377741435,186.58209228515625,43067
2017-09-22,186.8069046553677,186.8069046553677,185.60797892745506,185.83277893066406,45773
2017-09-25,185.75783984659253,187.33142841883193,185.75783984659253,187.10662841796875,37633
2017-09-26,186.5820890799986,186.65702621941506,184.85863777763979,185.38316345214844,20290
2017-09-27,185.45811947792436,185.98264520584874,184.63385659561226,184.93359375,16531
2017-09-28,185.0834398650387,185.3831655585057,184.40905133783681,184.5589141845703,21486
2017-09-29,185.83278991823022,185.83278991823022,183.58481262083228,184.70880126953125,18732
2017-10-02,185.5330445559995,187.5187530517578,185.08344457056617,187.5187530517578,17923
2017-10-03,187.5187530517578,187.89341589501808,186.65703308578028,187.5187530517578,12761
2017-10-04,186.58211164304862,187.33143739261908,186.2074487682634,187.25650024414062,35313
2017-10-05,187.03170611087037,187.03170611087037,185.15839179258762,186.2074432373047,32470
2017-10-06,185.83276929652575,187.33142066182032,185.83276929652575,186.88182067871094,25774
2017-10-09,186.80690486927688,186.80690486927688,185.60797913999136,186.28237915039062,26748
2017-10-10,186.35731852881688,186.65705570002098,185.30826701411243,185.4581298828125,31075
2017-10-11,185.68292236328125,186.1325109511263,185.2333223416327,185.68292236328125,30184
2017-10-12,185.083437762087,185.9826262660735,184.4839749481619,185.38316345214844,21408
2017-10-13,185.45812722235829,185.45812722235829,184.40907572270282,185.1584014892578,14792
2017-10-16,183.58480350039233,184.48399208791932,183.58480350039233,184.1093292236328,23157
2017-10-17,184.48398869071534,185.1583886942942,183.73466297594086,185.00851440429688,32408
2017-10-18,184.48400001802173,185.1584000630087,183.65974854144264,184.7837371826172,21105
2017-10-19,184.6338431836611,184.6338431836611,180.8872147794975,181.1120147705078,40050
2017-10-20,181.1869616834375,181.41176168657117,176.46620735284284,177.5152587890625,70982
2017-10-23,178.48938494053738,179.2387106635739,177.44033350180752,178.41445922851562,32951
2017-10-24,179.08884737719507,179.08884737719507,177.06567021659828,177.5152587890625,27031
2017-10-25,176.91579903387589,177.59018757773865,173.01929631972732,173.61875915527344,60704
2017-10-26,173.91848754882812,174.21821323463573,169.19773367764535,173.91848754882812,56896
2017-10-27,173.6187543503862,174.81767998829827,173.6187543503862,174.14328002929688,60541
2017-10-30,172.79455195869568,173.99346650264602,172.64467763612208,173.244140625,37532
2017-10-31,172.86944743246903,174.21823606294282,172.86944743246903,173.69371032714844,51579
2017-11-01,174.3681060434764,175.64195757777878,174.1433060235868,175.56703186035156,40592
2017-11-02,174.5928985753651,176.01661291726512,174.5928985753651,175.7918243408203,42857
2017-11-03,176.0915706272581,176.84089645971451,175.56704483129957,176.39129638671875,25467
2017-11-06,176.39126194747647,177.14058763363192,175.71687340345756,176.16647338867188,38841
2017-11-07,176.61609718196226,176.61609718196226,174.74278259277344,174.74278259277344,37423
2017-11-08,174.96757647522494,175.49210225498507,174.59291357056708,175.3422393798828,30014
2017-11-09,175.5670306918186,175.5670306918186,172.19506471732964,172.6446533203125,51720
2017-11-10,172.3449518585859,173.618803563823,172.3449518585859,173.244140625,41711
2017-11-13,174.06835643605925,174.5928821213371,172.41984223927062,173.31903076171875,24769
2017-11-14,173.094254957162,174.36810649476126,172.49479204717295,173.4689178466797,32289
2017-11-15,173.84360361387792,173.84360361387792,172.64467763612208,173.244140625,34495
2017-11-16,173.0942563681767,174.14330789385613,172.71959347560488,173.8435821533203,26014
2017-11-17,174.21822514189267,174.89261369795307,173.3190365892112,174.81768798828125,35578
2017-11-20,180.8872338933151,184.85866270813813,180.212845282826,184.33413696289062,122296
2017-11-21,184.85864470600933,184.85864470600933,182.31094194359434,184.03439331054688,70748
2017-11-22,184.70880814848843,186.95678552960592,184.5589452765081,186.1325225830078,50772
2017-11-23,185.15838409256185,186.35729834612263,185.15838409256185,185.98263549804688,23624
2017-11-24,185.98264178820236,186.43224179462038,184.63385320275145,185.83277893066406,31905
2017-11-27,186.20744645615395,186.50717217873907,184.85865783691406,184.85865783691406,19371
2017-11-28,185.00851125429764,186.5071626583302,184.9335855443777,186.3572998046875,23923
2017-11-29,186.88183058123025,187.10663058469666,185.6829162857479,186.28237915039062,18668
2017-11-30,186.2823769932077,187.7060912756696,185.75783984659253,187.10662841796875,35650
2017-12-01,187.51875546191806,187.70608688595593,185.5330469406376,185.98263549804688,20240
2017-12-04,186.58209056371595,187.5187476448591,185.45810206634417,185.75782775878906,23447
2017-12-05,185.08345154929555,186.20744012145724,184.7087886919083,185.00851440429688,22334
2017-12-06,185.08345320916945,186.13250464574065,183.73466462371852,185.83277893066406,14886
2017-12-07,187.5187825125139,188.45543976782116,181.86137040369715,182.76055908203125,34980
2017-12-08,182.46079721352487,182.610660057946,180.2128202458018,181.7114715576172,14144
2017-12-11,182.08616008364726,183.21014872613893,181.8613600683882,182.23602294921875,21800
2017-12-12,182.31095400745178,182.83547973632812,181.33682826307952,182.83547973632812,20147
2017-12-13,182.76054869562077,183.06028586056743,181.8613600683882,182.23602294921875,18371
2017-12-14,182.610660057946,183.06026002501147,181.7114715576172,181.7114715576172,24201
2017-12-15,181.86133857340644,183.95945274483304,181.86133857340644,182.3858642578125,71481
2017-12-18,183.8096051471035,185.30825661763217,183.50986799271575,184.93359375,25166
2017-12-19,184.48398162736177,185.5330444481623,183.5847930908203,183.5847930908203,30990
2017-12-20,183.58482344818924,184.2592121036608,182.8354976381966,183.13522338867188,19183
2017-12-21,182.76054630634766,185.9826493261278,182.6106834427354,185.6079864501953,16852
2017-12-22,185.53305641875951,185.53305641875951,184.3341306701478,184.48399353027344,19144
2017-12-27,185.083437762087,185.90770056045923,184.6338377931926,185.38316345214844,14706
2017-12-28,185.083437762087,186.2074262505207,185.083437762087,185.38316345214844,9096
2017-12-29,185.8327821390108,185.8327821390108,184.48399353027344,184.48399353027344,11052
2018-01-03,186.28237793917128,189.1298065185547,185.83277793516174,189.1298065185547,25193
2018-01-04,188.38048122876555,191.078058391341,188.38048122876555,190.0290069580078,41058
2018-01-05,190.4785919189453,191.0780547696892,189.8791290682014,190.4785919189453,13866
2018-01-08,190.92819216582527,190.92819216582527,188.38047790527344,188.38047790527344,19540
2018-01-09,189.57939481752626,190.02899479377652,187.78101778012996,188.68020629882812,17503
2018-01-10,188.68023748484939,188.8301003571021,186.2823972273931,187.03172302246094,20213
2018-01-11,187.6311404290159,187.6311404290159,184.6338377931926,185.38316345214844,21767
2018-01-12,186.5820985704269,186.73196142308035,185.38317288159382,186.43223571777344,23220
2018-01-15,185.83279153129834,185.98265439899828,182.9853513097838,185.53306579589844,29493
2018-01-16,183.58479348815544,183.73465633893628,178.78911366035325,179.38856506347656,59372
2018-01-17,179.08883410622744,179.08883410622744,176.54113141631248,176.6909942626953,50451
2018-01-18,177.59021626820157,178.33954207524042,176.2414275287708,177.4403533935547,29363
2018-01-19,177.14058866226682,179.53844001893043,176.6910001082444,178.1896514892578,24587
2018-01-22,179.38857744842443,179.53845174335515,178.03980026447508,178.63925170898438,36530
2018-01-23,179.68831212330744,180.8872264295746,178.48938638323705,178.78912353515625,28983
2018-01-24,178.63924613108716,179.23870899068203,177.29046898925253,177.59019470214844,35190
2018-01-25,177.14059519696008,177.44033234450163,175.49208090379236,175.94168090820312,33473
2018-01-26,176.5411374639383,176.99072601848798,175.49207463571705,176.09153747558594,35572
2018-01-29,177.59019498348084,177.59019498348084,175.49208068847656,175.49208068847656,29661
2018-01-30,175.6419500447858,176.99073867247208,174.44303571313407,175.7918243408203,32700
2018-01-31,175.49209042925844,176.09155332307648,174.4430389404297,174.4430389404297,27212
2018-02-01,176.09154136840314,176.5411413666947,170.39666141445701,170.99612426757812,56719
2018-02-02,171.44571844165742,172.94436980664779,169.04787854443336,172.04518127441406,49919
2018-02-05,171.2958711573457,171.7454597474148,169.04789390558946,169.94708251953125,44473
2018-02-06,165.60099105632762,170.2468084281607,165.60099105632762,167.3993682861328,67089
2018-02-07,168.14868454482271,170.24679881701718,167.24949598068306,168.89801025390625,70472
2018-02-08,169.34760801705534,170.24679656932338,166.94976806640625,166.94976806640625,50550
2018-02-09,166.50015563201825,167.9988069184159,164.70177866186185,165.1513671875,59980
2018-02-12,168.14866968585198,168.74813248690603,166.9497555175458,167.24948120117188,55310
2018-02-13,168.59829157525155,168.59829157525155,166.79991437197023,167.5492401123047,37178
2018-02-14,167.99883099448775,171.14599686018576,167.24950524390235,169.94708251953125,56630
2018-02-15,170.69640216463668,170.84626502263274,169.3476135750658,170.54653930664062,21946
2018-02-16,171.44571487520196,172.64462908197262,170.99611490153652,172.49476623535156,13728
2018-02-19,172.79451331343148,172.79451331343148,169.3476104736328,169.3476104736328,35750
2018-02-20,169.64734535901493,170.0969453828876,168.59829388171678,169.94708251953125,26652
2018-02-21,169.9470764408532,170.54653930664062,168.44842499328624,170.54653930664062,26361
2018-02-22,170.24680173147715,171.14599031101002,168.44842457241137,169.6473388671875,19764
2018-02-23,169.9470796441574,169.9470796441574,167.69910243043523,169.19775390625,18825
2018-02-26,169.6473388671875,170.24680173147715,168.89801314527625,169.6473388671875,16668
2018-02-27,170.24680804952425,170.6964080728774,168.74815655008513,169.4974822998047,12355
2018-02-28,168.7481569253885,169.04789408622509,167.0996425590998,167.3993682861328,12869
2018-03-01,167.09962193026556,168.14867327917685,166.50015911640102,166.79989624023438,12648
2018-03-02,166.20044821006556,166.94977393559896,165.30125962618615,165.9007110595703,22912
2018-03-05,166.2004476148555,170.2468019447234,165.75084760762434,170.09693908691406,15985
2018-03-06,171.29585511808742,172.79450647893228,170.69639228698898,171.14598083496094,20480
2018-03-07,170.39666116308598,173.39396399046694,169.79720974465212,173.09423828125,47602
2018-03-08,172.49478117203094,174.5928955078125,172.34491831243295,174.5928955078125,31771
2018-03-09,174.89261782793207,175.49208068847656,173.84356639733144,175.49208068847656,15675
2018-03-12,175.49208718255477,175.7918243408203,174.5928985753651,175.7918243408203,24044
2018-03-13,175.0425018342477,176.09155332307648,174.4430389404297,174.4430389404297,29722
2018-03-14,173.24411941250932,176.39128542651378,173.24411941250932,174.29318237304688,35772
2018-03-15,175.61415093315972,175.61415093315972,174.21545178443608,174.83709716796875,15029
2018-03-16,174.99251839233966,174.99251839233966,170.7964324951172,170.7964324951172,126658
2018-03-19,171.26265533508453,173.43840837895988,171.26265533508453,172.19512939453125,42534
2018-03-20,172.50593559990102,173.28298936386454,171.41806507311188,171.7288818359375,21819
2018-03-21,171.72889947472206,172.97219036752557,171.1072540283203,171.1072540283203,24811
2018-03-22,170.796419481718,170.9518278629408,168.6206665739007,169.39772033691406,28180
2018-03-23,168.46526056275187,170.64101350117903,168.3098521793427,169.55313110351562,25477
2018-03-26,170.17479422845454,172.5059557932279,167.8436326636812,168.15444946289062,19843
2018-03-27,169.39770998535462,170.64100067296076,168.1544192977485,170.48558044433594,16417
2018-03-28,168.62065439833574,173.43838500976562,167.37736372452866,173.43838500976562,31417
2018-03-29,173.59380379383782,173.59380379383782,171.10723415395037,172.35052490234375,17755
2018-04-03,171.57348390901362,171.57348390901362,169.08691408419605,169.8639678955078,23484
2018-04-04,169.0869188052602,170.17478942871094,167.8436279296875,168.6206817626953,37019
2018-04-05,171.57347821197453,172.03970336914062,169.55313362688878,172.03970336914062,25003
2018-04-06,171.5734863173362,171.88430310346365,170.64102410205348,170.7964324951172,19592
2018-04-09,171.41807556152344,172.81676293671848,170.33019311127148,171.41807556152344,26685
2018-04-10,172.35052490234375,172.5059332816681,170.95182577462603,172.35052490234375,16938
2018-04-11,172.03970914669,172.97218320613672,171.41807558292578,172.19512939453125,22742
2018-04-12,172.35052482249696,172.35052482249696,171.26264245393193,171.57347106933594,18632
2018-04-13,171.41807556152344,171.8843007342884,170.01937632942818,171.41807556152344,19661
2018-04-16,172.35053185277255,172.35053185277255,168.77607969966814,169.7085418701172,30602
2018-04-17,170.33019311127148,171.41807556152344,169.55313929976305,171.41807556152344,24831
2018-04-18,171.2626448347996,172.50593559990102,170.48559107083608,171.7288818359375,26042
2018-04-19,172.19513652374854,172.19513652374854,170.64102883619452,171.1072540283203,26259
2018-04-20,170.79641962157964,171.4180650038793,170.17477423928,170.9518280029297,38565
2018-04-23,171.10724119790865,172.9721773972724,169.86396225523262,172.03970336914062,25226
2018-04-24,171.72889475301523,174.68170164956027,171.72889475301523,173.90464782714844,28465
2018-04-25,173.59380147775354,174.0600384664054,171.72887723694458,172.97216796875,46833
2018-04-26,173.43841315596364,173.43841315596364,172.50595092773438,173.2830047607422,49190
2018-04-27,172.9721856116343,174.526293256458,172.81676536163164,173.90464782714844,35723
2018-04-30,174.0600388216983,176.39120005591747,173.9046304441302,176.08038330078125,21920
2018-05-02,177.7899041181048,177.9453125,176.3912049672489,177.9453125,42480
2018-05-03,177.78991700250683,180.89813229326077,177.47908835929118,178.5669708251953,46874
2018-05-04,179.49943067381778,179.6548390649259,177.4790860187117,179.18861389160156,17456
2018-05-07,179.8102474969559,180.7427215576172,178.8777852931948,180.7427215576172,10743
2018-05-08,180.58729544094157,180.58729544094157,177.9453173066594,179.03318786621094,32149
2018-05-09,178.41156244230336,179.34402465820312,177.7899170127367,179.34402465820312,19211
2018-05-11,177.1682609929939,177.6344980015248,175.30333667266962,176.54661560058594,29542
2018-05-14,177.16824604857345,179.34399881002338,176.85742930703717,178.8777618408203,20549
2018-05-15,178.10075363166956,179.81026986066755,178.10075363166956,179.6548614501953,21437
2018-05-16,179.49942488139007,180.89812407002762,179.03318786621094,179.03318786621094,38068
2018-05-17,179.49940693325416,179.49940693325416,177.01283743369706,177.3236541748047,22088
2018-05-18,177.32366948982153,179.49942243618554,176.70202409701758,178.10072326660156,21743
2018-05-22,179.65481058607972,180.12104754239647,177.47905788476544,177.78988647460938,28465
2018-05-23,177.32367157902502,177.47907996483207,173.12758587773504,173.59381103515625,18927
2018-05-24,173.9046396636702,175.45874723554053,172.97217749192797,173.59381103515625,23660
2018-05-25,172.50593559990102,172.50593559990102,171.2626448347996,171.7288818359375,28963
2018-05-28,172.66134876892852,172.9721773972724,171.41806982625252,172.03970336914062,15638
2018-05-29,170.9518280029297,172.03969852927943,170.17477423928,170.9518280029297,17113
2018-05-30,170.9518278629408,171.88429000717696,169.39772033691406,169.39772033691406,26491
2018-05-31,169.86395469620547,170.9518252047487,166.6003194567772,166.91114807128906,20807
2018-06-01,168.3098395263733,171.107225788139,167.37736558221934,170.48558044433594,34914
2018-06-04,170.64103126203113,170.79643966161566,167.68822424232113,168.93150329589844,23263
2018-06-05,168.93148062611007,168.93148062611007,165.51244886646396,166.13409423828125,22220
2018-06-06,166.28951787891938,167.22198009377624,163.95835641332704,165.3570556640625,28400
2018-06-07,165.3570474996091,166.60032643906496,164.4245853307923,165.0462188720703,21883
2018-06-08,164.42457580566406,165.04620931093083,162.7150480954832,164.42457580566406,26326
2018-06-11,164.8908034946467,166.13409423828125,164.11374974409992,166.13409423828125,23383
2018-06-12,166.13409423828125,166.60031937446973,165.20163210900495,166.13409423828125,30891
2018-06-13,166.60031937446973,166.60031937446973,165.20163210900495,166.13409423828125,26419
2018-06-14,165.2016346216163,167.84361267089844,164.42458085925102,167.84361267089844,25399
2018-06-15,167.84361259992733,168.77607474299148,167.06655883789062,167.06655883789062,73873
2018-06-18,167.0665788527127,168.9315033622617,166.4449333972294,166.600341796875,36943
2018-06-19,166.28950286119888,168.62066411626242,166.13409448224115,168.4652557373047,42869
2018-06-20,168.93148119444885,172.039696207093,168.93148119444885,171.57347106933594,45203
2018-06-21,171.88431608259594,173.90466091568348,170.48561672560467,170.6410369873047,25568
2018-06-22,170.95182358219853,174.37085531108283,170.64100682753602,173.7492218017578,83928
2018-06-25,173.438400152032,174.83709931795556,171.41806745183095,171.88429260253906,18947
2018-06-26,172.66134158100166,172.97217019640567,170.95182569542726,171.57347106933594,37502
2018-06-27,171.26264024829277,173.7492217119036,170.33017812788827,172.97216796875,38431
2018-06-28,173.12758344331192,173.12758344331192,171.1072388855295,172.66134643554688,32761
2018-06-29,172.9721728068772,174.3708600981564,172.9721728068772,174.06004333496094,22730
2018-07-02,172.50593098009819,173.9046300891545,172.3505226028473,172.97216796875,29529
2018-07-03,173.28299435668498,175.7695641016341,173.28299435668498,175.14791870117188,16947
2018-07-04,174.21544956091228,177.168256202331,174.21544956091228,176.2357940673828,18966
2018-07-05,176.39120721670884,177.6344980015248,176.0803904489547,176.54661560058594,17678
2018-07-06,177.32366226672607,177.47907064437175,175.6141463988253,176.85743713378906,15194
2018-07-09,176.70201707332063,178.4115447998047,176.70201707332063,178.4115447998047,21844
2018-07-10,178.100703207555,179.1885854866613,177.78988647460938,177.78988647460938,18592
2018-07-11,177.01285021799507,177.16825859977286,175.147914065963,176.39120483398438,19847
2018-07-12,177.16826143288466,182.76304626464844,177.16826143288466,182.76304626464844,34989
2018-07-13,182.60763333425518,185.09420299125665,182.29681657346728,184.78338623046875,37484
2018-07-16,184.31714676580208,185.4050291278002,182.76303926886126,183.85092163085938,15941
2018-07-17,183.69551901291237,184.00634765625,181.83059458048803,184.00634765625,21628
2018-07-18,183.85092416466125,186.18208544220016,183.85092416466125,185.56044006347656,20019
2018-07-19,184.16172536651993,184.62796232539705,182.91843471411318,183.22926330566406,16836
2018-07-20,183.5400931847058,185.87125443224286,183.5400931847058,185.405029296875,17644
2018-07-23,183.54011534644792,184.47257758667402,183.2292985520061,184.31716918945312,18367
2018-07-24,184.0063523950113,185.56046008102172,183.54011534644792,184.31716918945312,25309
2018-07-25,184.31716681807302,187.2699737548828,183.69552138028666,187.2699737548828,33879
2018-07-26,189.60113050335838,193.48639957105016,186.18209846654972,189.29031372070312,70763
2018-07-27,189.2902881202706,191.3106206480917,189.13486789306245,190.37815856933594,36057
2018-07-30,190.06734182871688,191.6214492456094,190.06734182871688,190.37815856933594,27048
2018-07-31,190.68898589209658,191.77686825843176,190.37816913422898,190.8444061279297,36348
2018-08-02,189.60113291889115,192.55393981933594,188.047025272015,192.55393981933594,40941
2018-08-03,192.70934583551545,193.3309912579778,191.15523820780967,192.39852905273438,32714
2018-08-06,192.39852905273438,193.17558286658726,191.46605499059072,192.39852905273438,25059
2018-08-07,191.15523014674443,193.02015447858693,191.15523014674443,192.86474609375,22432
2018-08-08,191.62145427101382,192.70932474860928,190.37816356213418,192.2430877685547,70733
2018-08-09,191.31065605405394,191.77689310816788,190.53360220179792,191.466064453125,40868
2018-08-10,189.91194966713311,191.15524052714298,188.9794874505759,189.4457244873047,41495
2018-08-13,188.82408142089844,188.82408142089844,187.7362107974477,188.82408142089844,16361
2018-08-14,190.06737229647115,190.84442612947896,188.35784437833354,188.82408142089844,23958
2018-08-15,189.6011304441246,190.3781842574202,186.6483235822213,186.9591522216797,28672
2018-08-16,187.7362107974477,189.29031846346334,187.42538215010427,188.82408142089844,29087
2018-08-17,188.8240685440875,190.22276771949774,188.2024231486941,188.97947692871094,10787
2018-08-20,190.22276313324912,191.4660420371609,189.29030099109042,190.99981689453125,13616
2018-08-21,189.75652613372006,191.93227903668995,189.75652613372006,190.99981689453125,16778
2018-08-22,189.91192387509972,190.99980619408763,189.13487015735072,189.7565155029297,7854
2018-08-23,190.378173765589,191.46604430148966,189.6011199951172,189.6011199951172,10267
2018-08-24,188.97946406248062,189.75651778959354,188.66864731439503,189.13487243652344,12561
2018-08-27,189.9119263745631,190.8444003336534,189.13487264658716,190.68898010253906,11075
2018-08-28,190.37816335410827,191.15521708208422,188.82405589815636,190.68898010253906,16251
2018-08-29,189.60112248165677,191.31063842773438,189.4457140969042,191.31063842773438,17037
2018-08-30,189.29030571215165,191.31063842773438,189.29030571215165,191.31063842773438,16202
2018-08-31,189.60112232410432,190.84441311489113,188.97947692871094,188.97947692871094,20281
2018-09-03,189.60113525390625,191.15524291992188,188.66867302567698,191.15524291992188,24511
2018-09-04,190.84442374059068,191.3106489204191,188.35784202057096,189.4457244873047,12266
2018-09-05,188.04702281753342,189.44572205284553,186.6483235822213,186.9591522216797,18295
2018-09-06,186.49291513120824,186.49291513120824,184.62799072265625,184.62799072265625,32112
2018-09-07,184.16174107089958,187.1145477294922,184.16174107089958,187.1145477294922,9806
2018-09-10,186.49288965650825,188.3578138103139,185.71583594960615,188.0469970703125,17426
2018-09-11,188.04699681599936,188.04699681599936,186.0266524380267,186.49288940429688,10448
2018-09-12,186.33748365936017,188.5132364377722,186.33748365936017,188.20240783691406,17400
2018-09-13,187.42536456368285,188.82406370323486,187.42536456368285,187.8916015625,14676
2018-09-14,187.1145701103132,188.66867781578605,186.02668760234167,186.80374145507812,16046
2018-09-17,186.0266675949837,186.6483129816944,185.0942054433674,185.71585083007812,11308
2018-09-18,184.93880990227947,186.33750915527344,184.6279931157921,186.33750915527344,29284
2018-09-19,186.95913679523304,187.58077030905687,185.09420068306383,185.405029296875,15332
2018-09-20,184.16173838748784,185.7158458844287,183.54009301733166,183.85092163085938,19493
2018-09-21,184.62800025250178,185.87127930341003,182.91847229003906,182.91847229003906,72205
2018-09-24,182.7630591520574,183.5401129850652,181.5197801333852,181.83059692382812,29460
2018-09-25,181.36434485425363,184.7833885503422,181.36434485425363,184.1617431640625,18782
2018-09-26,184.62799784079562,184.7834062380165,182.9184699006636,184.31716918945312,20101
2018-09-27,183.54009554684976,185.87125682438867,183.38468716639372,185.56044006347656,27098
2018-09-28,184.6279779238409,186.18208544220016,184.6279779238409,185.56044006347656,21133
2018-10-01,185.71583808328262,187.2699455149419,184.47254739519573,186.64830017089844,23667
2018-10-02,184.93878684406644,187.5807647705078,184.93878684406644,187.5807647705078,23083
2018-10-03,187.1145630270293,191.1552405369174,187.1145630270293,190.2227783203125,39286
2018-10-04,190.2227524763386,190.68897759284874,188.97946178518066,189.7565155029297,46484
2018-10-05,189.7565180003477,191.93227081006017,189.4457012519169,190.68898010253906,25551
2018-10-08,190.06736992702844,190.68900350016477,188.824079066955,190.2227783203125,31253
2018-10-09,189.9119367605461,190.06735700016011,187.89160407145917,189.6011199951172,23727
2018-10-10,189.44573158980174,191.9323015461449,189.13490293469584,189.91195678710938,34651
2018-10-11,187.42535082738192,188.35781289977714,182.6076202392578,182.6076202392578,59285
2018-10-12,183.85094163240865,185.09422065108083,182.91846754727885,183.38470458984375,27206
2018-10-15,182.76303926886126,184.0063300091736,182.14139389870508,183.85092163085938,29271
2018-10-16,183.5401129850652,187.2699737548828,183.5401129850652,187.2699737548828,17314
2018-10-17,189.75654610082552,189.75654610082552,182.91846991062715,183.5401153564453,44254
2018-10-18,183.38467918108358,187.26994780780146,183.38467918108358,186.0266571044922,24001
2018-10-19,186.3374989230616,191.3106383751756,185.7158535273224,190.53358459472656,44643
2018-10-22,191.62145153966657,191.62145153966657,188.51323666867052,189.7565155029297,23080
2018-10-23,188.97946406248062,189.44570104150793,187.42535660825482,189.13487243652344,41255
2018-10-24,189.91195682624107,190.68901067881472,188.35784912109375,188.35784912109375,24092
2018-10-25,185.7158529373267,185.7158529373267,178.1007235417384,181.98599243164062,45110
2018-10-26,180.89810194731197,182.76302606616017,179.81021966390188,181.67515563964844,21734
2018-10-29,182.45223182763976,185.09420996457013,181.83058642574443,182.1414031982422,9379
2018-10-30,184.0063523557513,187.42538452148438,182.9184698616357,187.42538452148438,22642
2018-10-31,189.2903056601479,190.53358459472656,188.04701486866955,190.53358459472656,22467
2018-11-01,190.3781762623193,192.5539292195543,190.22276787756672,191.31063842773438,21853
2018-11-02,190.06734387136672,190.5335689873058,186.95912900417773,188.20240783691406,20630
2018-11-05,187.42536250688966,191.46603964366489,186.95913737008826,190.8444061279297,17175
2018-11-06,190.37819384131782,191.15524769373138,188.35784908228229,189.91195678710938,31010
2018-11-07,190.06735482345888,191.77687072753906,190.06735482345888,191.77687072753906,29639
2018-11-08,191.93228397929386,193.7972083116364,191.93228397929386,193.6417999267578,30631
2018-11-09,193.3309832594427,195.35131597773437,193.17557487448175,195.19590759277344,40353
2018-11-12,195.35131353116594,195.66214215409477,194.10803461014945,194.26344299316406,24810
2018-11-13,194.2634326206698,196.28377706268432,194.10802424595303,195.35130310058594,27465
2018-11-14,194.72966458084227,194.885072951552,193.02013693233937,193.4863739013672,18243
2018-11-15,193.48640921175098,193.48640921175098,190.22278540365585,191.466064453125,13068
2018-11-16,193.641797604206,194.7296799991075,192.55392706620412,194.26344299316406,25091
2018-11-19,194.41887146307806,195.81757076851906,191.466064453125,191.466064453125,11446
2018-11-20,190.99982171027807,193.33098305290093,190.2227679294038,192.0876922607422,32544
2018-11-21,192.0876874894084,193.64179501255393,190.99981696596632,191.77687072753906,12438
2018-11-22,191.77686243584475,192.3985077896053,190.06734660567744,190.68898010253906,15458
2018-11-23,190.37817636566012,192.86474609375,189.29030581490196,192.86474609375,11575
2018-11-26,194.2634711496801,194.88511662873933,193.17560045400242,194.10806274414062,13544
2018-11-27,194.26342761181445,194.5742443532339,191.77685810976297,193.4863739013672,10650
2018-11-28,193.64178726490385,196.43918543740108,193.64178726490385,195.35130310058594,31235
2018-11-29,195.9729743131902,196.59461975097656,194.41886664717458,196.59461975097656,10037
2018-11-30,196.59461042035232,199.85824584960938,195.35131960378774,199.85824584960938,38223
2018-12-03,200.47988891601562,201.10152249690145,199.08120150212198,200.47988891601562,43520
2018-12-04,200.32445915624615,201.10151295237404,199.08119205348152,199.85824584960938,28625
2018-12-05,197.6824774259407,199.08118846201782,196.59460687374707,196.75001525878906,28953
2018-12-06,195.81754784310067,196.28378484262973,190.8444085136547,190.99981689453125,28438
2018-12-07,192.86472856162965,195.19588969297143,190.84439602860598,193.4863739013672,34785
2018-12-10,193.3309781783777,194.72967732006543,190.68898827587873,190.99981689453125,11019
2018-12-11,192.2430832218921,194.885072951552,192.2430832218921,193.4863739013672,43213
2018-12-12,193.79722120938823,197.83791062654927,193.0201673763804,197.37167358398438,45020
2018-12-13,197.06083671280948,197.52706185096497,195.6621375845444,196.28378295898438,27402
2018-12-14,195.195907437003,195.66214444841347,191.62146715815493,192.86474609375,28508
2018-12-17,191.31065131514333,192.86475898115896,190.2227806916926,191.15524291992188,33365
2018-12-18,190.84442375034922,192.24311114680637,189.60113289027578,190.2227783203125,54280
2018-12-19,190.06734617998077,190.22275455384812,187.1145396489058,187.5807647705078,25281
2018-12-20,185.094203283396,189.7565258439697,184.62797814147828,187.8916015625,70796
2018-12-21,187.89160375511585,188.3578289024742,184.78338867846182,185.71585083007812,93647
2018-12-27,186.49289330416218,188.04700074836353,179.65481817829647,180.5872802734375,55407
2018-12-28,182.1413884777743,186.80371082983575,182.1413884777743,186.0266571044922,19002
2019-01-03,186.95915233707532,192.24310878522655,185.8712698836499,191.62147521972656,38791
2019-01-04,193.3309783935547,193.6417951556537,189.29030120177015,193.3309783935547,21412
2019-01-07,194.263431993988,194.263431993988,189.7565180003477,190.68898010253906,38067
2019-01-08,190.06735277380972,195.50672904616192,190.06735277380972,194.72967529296875,33465
2019-01-09,195.97295904229117,195.97295904229117,192.86474395246293,195.8175506591797,27283
2019-01-10,194.72967552958013,197.2162451714398,193.79720153909585,197.0608367919922,25244
2019-01-11,197.3716477481363,198.77034683584145,196.5945940168444,196.90541076660156,33121
2019-01-14,196.43919125880916,196.7500080174536,195.1959005104328,195.50672912597656,22129
2019-01-15,196.28379015424088,198.14871448902474,195.506736371931,197.52706909179688,178700
2019-01-16,197.37165593992245,197.99330132213674,196.90541893903688,197.21624755859375,43118
2019-01-17,196.59460692440496,198.30412287410678,196.1283699122591,197.52706909179688,24801
2019-01-18,198.92575301556906,199.23656976189633,197.06082882380764,198.30410766601562,44435
2019-01-21,197.52706208721193,199.23657797629193,196.90541671202845,198.6149444580078,20719
2019-01-22,197.6824903744273,200.1690721255727,196.90543654141948,197.37167358398438,57686
2019-01-23,197.9933095880841,200.16906258821905,196.59461038393303,199.08119201660156,25594
2019-01-24,198.1487274169922,198.30413581221364,196.28380296053365,197.37167358398438,23232
2019-01-25,198.7703526797145,198.9257610591621,196.1283628015079,197.0608367919922,42644
2019-01-28,197.99329884601977,197.99329884601977,195.6621375845444,196.28378295898438,29900
2019-01-29,196.43920090586442,199.08119091168652,196.43920090586442,197.68247985839844,25645
2019-01-30,196.28380296053365,199.2365980404429,196.28380296053365,198.92578125,31416
2019-01-31,199.7028350830078,202.96647066716105,199.54741483088583,202.81105041503906,48692
2019-02-01,203.12186720548198,203.4326839959249,201.10152249690145,202.81105041503906,33352
2019-02-04,203.27728171069688,205.76383967774308,202.03399087027358,204.20973205566406,84524
2019-02-05,204.52056323500574,206.85172456193757,203.7435094593618,206.69630432128906,51591
2019-02-06,205.60846882303198,207.47339345968422,205.60846882303198,207.0071563720703,42225
2019-02-07,206.8517186889438,207.78416896496256,205.1421909455448,205.76382446289062,32370
2019-02-08,204.83138467891223,206.23007202148438,204.83138467891223,206.23007202148438,24780
2019-02-11,206.69632532741866,208.40585329309093,206.69632532741866,207.62879943847656,27330
2019-02-12,208.09501170856404,210.89241031353012,207.78419491107925,209.3383026123047,46776
2019-02-13,209.80452909141258,210.58158290286227,207.31794740925346,208.09500122070312,25318
2019-02-14,209.02748107910156,209.18290133122355,206.69631958007812,208.25042724609375,21802
2019-02-15,207.6287993955845,209.49372390351337,207.6287993955845,209.1829071044922,23735
2019-02-18,209.182886117645,210.27075666197643,207.62877856465747,209.8045196533203,20841
2019-02-19,209.9599446946986,211.3586320388475,209.49370767538235,210.89239501953125,35071
2019-02-20,210.737004296082,212.91274549444665,210.737004296082,212.6019287109375,59887
2019-02-21,212.75731949898423,214.93308435237964,212.60192296832736,213.2235565185547,59123
2019-02-22,213.8452195761472,213.8452195761472,211.04782109673647,213.3789825439453,37457
2019-02-25,213.22356229527784,213.37898254394534,211.2032176316034,213.3789825439453,36503
2019-02-26,212.6019287623774,214.93309020996094,212.6019287623774,214.93309020996094,39849
2019-02-27,213.84521385889659,215.24390120430712,213.68979361438434,214.7776641845703,68042
2019-02-28,212.91272934934705,214.46683686284592,212.75730911247766,214.31141662597656,35025
2019-03-01,214.62225702306844,217.57505181214233,213.3789662699536,213.53436279296875,35815
2019-03-04,214.77764424912476,215.55469797196082,214.31140727266362,215.24388122558594,45952
2019-03-05,214.777669978341,216.0209608265778,213.84521962751379,215.71014404296875,38903
2019-03-06,214.9330588186359,215.86550903320312,214.46682185445377,215.86550903320312,25922
2019-03-07,217.38967529813394,218.1918512217433,215.94576842782368,217.71054077148438,62745
2019-03-08,216.74793767342243,217.71053406381617,214.98314090366873,216.4270477294922,39035
2019-03-11,216.5875018340975,217.55012274554684,216.10619137837284,217.22923278808594,18313
2019-03-12,217.8709980960203,218.35230857355697,215.78533568033978,216.106201171875,17103
2019-03-13,215.78531918200247,217.38967099748203,215.62487420826812,216.74794006347656,26341
2019-03-14,217.22922786524836,218.35229372997728,215.94576598635726,218.1918487548828,24733
2019-03-15,218.9940228129616,218.9940228129616,216.26662962273952,216.74794006347656,23344
2019-03-18,215.78533817633394,217.38969013303532,214.6622967027366,215.62489318847656,18017
2019-03-19,215.30398319547194,217.71051063315707,215.30398319547194,215.78529357910156,15188
2019-03-20,215.78529357910156,216.10615900803364,214.50180738291021,215.78529357910156,19188
2019-03-21,214.34143120748993,215.78533817633394,213.69967573652855,215.62489318847656,8886
2019-03-22,216.26663271528577,216.74794316290541,213.8601049576538,214.34141540527344,19151
2019-03-25,212.73707636649274,215.14360426891702,212.73707636649274,214.02053833007812,41796
2019-03-26,214.66227662460878,217.06880433456973,214.18096618652345,216.58749389648438,35867
2019-03-27,217.22921806645212,217.3896630343092,214.82269043138595,215.3040008544922,18539
2019-03-28,215.46442815016948,217.22920024952745,215.46442815016948,215.78529357910156,9059
2019-03-29,215.78531193469283,217.38966369628906,215.1435810222404,217.38966369628906,17549
2019-04-01,218.03140377978835,218.67315919970005,216.9083623955256,218.1918487548828,20450
2019-04-02,217.38970073182853,219.1544977624296,217.22925573614867,218.67318725585938,19215
2019-04-03,218.03139826470235,218.19184323573836,215.94576052402726,217.0688018798828,19308
2019-04-04,217.2292303212255,218.03140624483484,216.90836484787505,217.71054077148438,25537
2019-04-05,218.1918590454343,219.47534546532444,216.74795212335,219.15447998046875,34250
2019-04-08,218.51270692868593,219.3148828164421,218.19184146967652,218.8335723876953,30138
2019-04-09,217.87101123839875,219.63578378853055,217.55014572750835,218.67318725585938,26966
2019-04-10,218.67316221354028,219.79620361328125,218.1918517620894,219.79620361328125,28254
2019-04-11,218.99402160644533,220.1170629750006,216.58749389648438,216.58749389648438,46069
2019-04-12,216.10618847199015,216.7479438978144,208.72618467850916,211.61399841308594,69568
2019-04-15,211.45358208399722,213.69966491747866,210.49096116652413,213.37879943847656,19395
2019-04-16,213.5392419465868,215.3040143009052,213.37879696870942,213.860107421875,24525
2019-04-17,217.38965667608394,217.55010163924834,211.61398072866646,212.0952911376953,41646
2019-04-18,211.61398121281633,212.4161570695449,209.84920901629206,210.17007446289062,38204
2019-04-23,210.49095873018246,214.18097289716323,210.17009325489425,213.860107421875,21348
2019-04-24,213.86011357359882,214.34142404060938,212.57662715505973,213.0579376220703,35093
2019-04-25,214.02052988234573,214.3414198410438,210.00965020328778,211.2931365966797,25838
2019-04-26,210.49095575364743,212.737063009836,210.49095575364743,212.25575256347656,18762
2019-04-29,211.7744512035312,213.0579376220703,211.45358571901323,213.0579376220703,25537
2019-04-30,212.09531058709004,214.50183837245143,212.09531058709004,213.860107421875,17932
2019-05-02,214.1809612623959,215.14358211643545,213.21834040835634,213.5392303466797,14445
2019-05-03,213.37879696870942,215.6248797761934,213.37879696870942,213.860107421875,31195
2019-05-06,213.0579364366781,213.86011238374354,211.45358454254716,212.89749145507812,16871
2019-05-07,212.89749145507812,214.50184334920905,211.93489500687986,212.89749145507812,35413
2019-05-08,210.81181641526922,212.8974786482702,210.81181641526922,212.41616821289062,23749
2019-05-09,211.9348728840506,213.3787796458593,207.442683153308,207.6031036376953,18810
2019-05-10,209.36791137155305,209.528356344867,206.1592077490005,206.64051818847656,26115
2019-05-13,206.80095645133406,206.96140143843476,204.55487351473204,206.1592254638672,23214
2019-05-14,207.60311825942284,207.92400821172728,205.51748045224184,206.3196563720703,16782
2019-05-15,206.80095146420112,207.28226193342817,205.51748952021887,207.12184143066406,31001
2019-05-16,206.480076168096,212.25575256347656,206.480076168096,212.25575256347656,16048
2019-05-17,211.61399895641512,213.6996612548828,210.97226800940956,213.6996612548828,24933
2019-05-20,214.18093543862395,214.18093543862395,211.45354265497363,212.5765838623047,11980
2019-05-21,213.37879696870942,214.3414178750406,212.25575556496742,213.860107421875,19363
2019-05-22,213.0579418573891,214.98315928323495,212.41618639512862,214.02053833007812,19035
2019-05-23,213.86012072438592,216.42706916682724,213.86012072438592,215.62489318847656,20229
2019-05-24,215.62486696634716,218.5127050333134,215.30400151012094,217.38966369628906,38460
2019-05-27,217.8709716796875,218.8335680375806,217.38966126050855,217.8709716796875,11611
2019-05-28,216.90836917941775,217.87099009915855,214.66228634064507,215.46446228027344,14817
2019-05-29,214.5018353391989,214.5018353391989,211.77444211711716,212.25575256347656,16451
2019-05-31,211.61399164186162,212.73705748100159,210.49095028318723,211.13270568847656,36451
2019-06-03,212.09531124497872,212.09531124497872,209.2074729974941,211.9348907470703,14807
2019-06-04,211.2931365966797,212.41617801072255,209.84922970440553,211.2931365966797,21567
2019-06-05,212.57662597234537,213.37880191941082,211.1327190598144,212.89749145507812,29352
2019-06-06,212.4161790214055,215.94577274014384,212.4161790214055,215.46446228027344,14532
2019-06-07,215.30400755507873,217.87098023789005,215.14358706269414,216.58749389648438,37108
2019-06-11,217.22922724943683,220.75882084777993,217.06880675526327,220.1170654296875,28341
2019-06-12,218.03140974622826,222.04228942868622,218.03140974622826,221.4005584716797,21093
2019-06-13,221.24012623941772,223.16536818229793,221.24012623941772,221.8818817138672,19526
2019-06-14,220.27752974844583,222.52361270784843,220.11708475971642,221.8818817138672,26602
2019-06-17,222.36320213475994,222.5236226501887,219.9566740791044,220.75885009765625,29923
2019-06-18,219.95665569110506,223.80709046607646,219.95665569110506,223.1653594970703,35835
2019-06-19,222.68401015982775,223.6466064453125,221.4005239653851,223.6466064453125,26292
2019-06-20,222.84446882653057,227.01579355326507,222.84446882653057,225.090576171875,44269
2019-06-21,224.2884009330647,225.2509973865739,222.20273856309385,223.1653594970703,73765
2019-06-24,223.96750405436052,224.76967989340844,220.43791077817866,221.0796661376953,37816
2019-06-25,220.43795025670704,223.0049231935685,220.27752974844583,221.8818817138672,33017
2019-06-26,221.5609967600459,221.88186222885906,219.154469023248,220.1170654296875,23728
2019-06-27,221.40055795599642,221.40055795599642,217.8709887397478,219.3148956298828,11584
2019-06-28,219.15447631738243,219.63576229638784,217.55012443945273,219.475341796875,31244
2019-07-01,221.5610075940877,223.4862249815734,220.7588316425964,223.1653594970703,18502
2019-07-02,223.96750920428,225.41141595558196,222.52357797251364,224.1279296875,34879
2019-07-03,224.60924804126427,226.21359981298758,224.1279376136542,225.57186889648438,19423
2019-07-04,225.25099667338498,225.7323071388493,224.12795524094636,225.090576171875,15685
2019-07-05,224.76967822934046,225.7322745407931,222.6840161671642,222.8444366455078,18382
2019-07-08,221.4005584716797,221.72142395018295,220.11707207719977,221.4005584716797,18634
2019-07-09,220.43792479935644,221.40054565962794,219.31488344934994,220.9192352294922,15165
2019-07-10,220.59837341308594,222.04228024687617,219.47533204453066,220.59837341308594,18176
2019-07-11,221.40054931640626,221.56099428925663,216.58749389648438,216.58749389648438,29893
2019-07-12,215.62488925053023,215.62488925053023,209.68879201523944,210.6514129638672,41379
2019-07-15,211.4535675048828,211.9348779304344,209.20746034579713,211.4535675048828,19853
2019-07-16,212.57662597234537,214.1809778664763,211.61400504367998,212.89749145507812,32744
2019-07-17,212.41618927507383,216.747959142542,212.25576876768454,215.62489318847656,24429
2019-07-18,214.98314752730587,218.35229619865171,214.82270255039745,217.71054077148438,30122
2019-07-19,216.9083282222743,217.0687731720911,211.2930977051568,212.5765838623047,36994
2019-07-22,213.3787976305793,213.3787976305793,211.2931353140367,211.9348907470703,23447
2019-07-23,213.37879523351964,213.37879523351964,210.97226746772807,211.61399841308594,27366
2019-07-24,210.9722698377532,213.86010808523784,210.9722698377532,211.9348907470703,36782
2019-07-25,213.53920460028115,217.0687731720911,211.9348530239619,212.5765838623047,55678
2019-07-26,214.18096376449319,217.22922237045333,213.21834289920812,217.0688018798828,41726
2019-07-29,217.87099928577203,217.87099928577203,215.78533685870215,216.2666473388672,38432
2019-07-30,217.22921983274577,217.22921983274577,212.09529906562034,213.5392303466797,26723
2019-07-31,213.86008853254464,215.7853056946944,211.61398144298292,214.1809539794922,24018
2019-08-02,212.89746290740862,216.26661122549737,212.25573202799356,215.14356994628906,37761
2019-08-05,214.66227103460648,216.10617783079607,211.29312253621055,211.4535675048828,27710
2019-08-06,211.77444705425998,212.89748846830287,209.68878472505648,211.2931365966797,32622
2019-08-07,210.81181455095486,212.73705627544723,210.3305286002972,210.97225952148438,23724
2019-08-08,212.737058178951,216.4270477294922,212.737058178951,216.4270477294922,32274
2019-08-09,216.2666024105133,220.11703649098845,216.2666024105133,218.35226440429688,25014
2019-08-12,220.59838821474742,220.59838821474742,218.03141535969792,218.51272583007812,15209
2019-08-13,218.1918603433138,218.99403630045833,215.94577745549608,218.51272583007812,73001
2019-08-14,218.1918389126646,218.99401479101996,214.6622699439939,215.3040008544922,36466
2019-08-15,215.4644519281787,215.94576236492432,212.0953033514252,214.5018310546875,59668
2019-08-16,215.1435810222404,217.71052915251528,215.1435810222404,217.38966369628906,40346
2019-08-19,218.35227241908498,219.79617913214716,217.55009658283626,218.99400329589844,31866
2019-08-20,218.51270258494955,219.63574390939058,217.55010622705646,217.8709716796875,34963
2019-08-21,218.19187674928915,219.31491827764015,216.74796971004773,218.67318725585938,22014
2019-08-22,216.5875018340975,218.19185369953527,216.10619137837284,217.22923278808594,18217
2019-08-23,217.22922237045333,219.47532956262992,216.7479364182763,217.0688018798828,18741
2019-08-26,215.94575624545553,216.90835261120296,214.82269043138595,215.3040008544922,14210
2019-08-27,215.6248730203137,217.3896697998047,214.82269711699337,216.58749389648438,22451
2019-08-28,216.26664865943798,216.42706916682724,214.02054123177518,215.62489318847656,20108
2019-08-29,216.42702443696572,217.0687797752929,214.18094195397813,215.78529357910156,12315
2019-08-30,215.94573853379913,216.2666039627312,215.46442815016948,215.78529357910156,13261
2019-09-02,217.06880012291094,219.47532778617943,216.42704472442682,218.8335723876953,15053
2019-09-03,218.99402039814015,218.99402039814015,216.1061822660276,216.4270477294922,10535
2019-09-04,218.83356856600017,218.83356856600017,215.94575500488284,215.9457550048828,16700
2019-09-05,216.26662045828866,216.90835136510032,214.3414032573888,215.9457550048828,26015
2019-09-06,215.62485976705642,218.352277255079,215.464439284532,218.03138732910156,19754
2019-09-09,218.03141979218174,219.1544857393895,215.3040263785371,216.2666473388672,18495
2019-09-10,215.78531127759842,215.78531127759842,212.737052732034,215.3040008544922,25019
2019-09-11,216.42706916682724,216.747959142542,214.02054123177518,215.62489318847656,19038
2019-09-12,214.82270137242682,217.0688086344964,213.37879451003414,214.34141540527344,40214
2019-09-13,217.3896777668164,218.03140872080482,214.50183951293508,217.22923278808594,39556
2019-09-16,216.26664000686128,218.1918573817836,216.10619502542312,216.9083709716797,12653
2019-09-17,217.0688258176031,222.52361270784843,217.0688258176031,221.8818817138672,30422
2019-09-18,222.6840732563404,224.1279803339235,222.2027627369894,223.96755981445312,28518
2019-09-19,223.00489508469332,225.89273315454497,223.00489508469332,225.4114227294922,22100
2019-09-20,226.053140327759,227.49707151786794,225.73227489011157,226.85531616210938,40111
2019-09-23,226.5344628623234,226.5344628623234,224.9301111076604,225.2509765625,17531
2019-09-24,225.4114330608524,226.6949194263313,225.25098808499268,226.37405395507812,22787
2019-09-25,225.57189573404196,225.89276123046875,223.4862332865656,225.89276123046875,18772
2019-09-26,226.05316463825415,228.29927190426721,224.28839230117208,227.6575164794922,32050
2019-09-27,228.4596954067147,229.26187133789062,227.65751947553878,229.26187133789062,21654
2019-09-30,229.42231321138559,231.66839599609375,228.62013729106604,231.66839599609375,20995
2019-10-01,231.82881691345378,231.98926187305344,228.78055852477036,228.94097900390625,21057
2019-10-02,227.9784077330923,228.29927320707768,223.8070831298828,223.8070831298828,44325
2019-10-03,224.93012205419117,225.57187747556728,223.3257702214502,224.28839111328125,41645
2019-10-04,224.93010577090615,228.4596746513282,224.93010577090615,228.13880920410156,26453
2019-10-07,228.6201542830717,230.54537173883554,228.2992887871891,229.9036407470703,27926
2019-10-08,231.02667510871078,231.02667510871078,226.05317439404465,226.53448486328125,29817
2019-10-09,226.6949237084577,229.1014515090136,226.5344787295673,227.33665466308594,31291
2019-10-10,227.49709471374157,229.10144654602402,226.8553392925489,228.2992706298828,12579
2019-10-11,228.29923854093644,230.86618642350737,227.97837311567292,230.0640106201172,21144
2019-10-14,228.7805633544922,229.10142880000143,226.05314586650277,228.7805633544922,20375
2019-10-15,229.90363458842305,231.50798650532693,228.9410136460937,230.705810546875,19884
2019-10-16,231.98929097733622,233.5936428527522,225.57188347567234,227.49710083007812,41438
2019-10-17,228.62014522349156,230.70580758478175,227.17623830900374,229.10145568847656,35338
2019-10-18,230.86618885683822,231.34749924003788,228.62010637585712,230.38490295410156,24275
2019-10-21,231.02667354812257,231.50798401410793,229.26187666633197,231.18711853027344,25806
2019-10-22,230.54532342819277,230.705768382747,227.49706513536654,230.38490295410156,14059
2019-10-23,228.94100339874234,230.7058002205317,228.78058290251283,229.74317932128906,16735
2019-10-24,230.06404415545467,231.82884097234418,229.26186823513515,231.66839599609375,16781
2019-10-25,231.66840017277784,233.43319702148438,231.02666921713916,233.43319702148438,22143
2019-10-28,233.11232543810212,234.87709776011982,232.79145996868672,234.23536682128906,16338
2019-10-29,233.2727471189167,235.03754393037565,233.11232662362622,234.39581298828125,24708
2019-10-30,234.5562201293176,236.32101684029936,234.39579964316053,235.83970642089844,28922
2019-10-31,236.16060125075768,236.48146674345057,234.39582880071276,235.67929077148438,20144
2019-11-01,236.32104373976753,236.64190922906937,234.55624682790608,236.1605987548828,15958
2019-11-04,236.6419079212754,237.123218392802,235.03755600316504,236.80235290527344,20723
2019-11-05,237.28362920705874,237.44407418450513,233.7540600274364,233.9145050048828,33185
2019-11-06,234.07489695705692,235.35838317871094,232.9518556932835,235.35838317871094,29444
2019-11-07,235.83973575806476,236.32104623733807,234.71669429340565,235.67929077148438,32038
2019-11-08,235.6792869782222,236.8023529052734,235.03755600316504,236.80235290527344,38611
2019-11-11,236.80236330290222,237.925404798797,236.00018730862473,236.96278381347656,31973
2019-11-12,237.2835894153904,237.60447931647104,235.83968278237714,237.1231689453125,15389
2019-11-13,236.96278381347656,237.28364931509384,235.0375663233043,236.96278381347656,18373
2019-11-14,236.6418982582061,237.44407418450513,233.9145050048828,233.9145050048828,15658
2019-11-15,236.00015503132445,236.1605755199584,234.39580326219368,235.5188446044922,16052
2019-11-18,235.35843830052073,238.24627685546875,235.35843830052073,238.24627685546875,18805
2019-11-19,238.2462378091936,240.6527654638319,237.76492738217289,239.52972412109375,40590
2019-11-20,240.33190798718553,241.45494936721892,239.8505975441809,240.1714630126953,21736
2019-11-21,239.5296876406126,240.49228386758494,238.08575657946184,240.3318634033203,18637
2019-11-22,240.17146666968912,241.6153980206891,239.6901562193558,239.85060119628906,17783
2019-11-25,241.29450133265192,243.2197430802546,240.17145996686082,242.57798767089844,11787
2019-11-26,242.41751653995988,245.78663993355198,242.41751653995988,245.4657745361328,28229
2019-11-27,245.94710980893169,245.94710980893169,243.38013740839324,244.34275817871094,43299
2019-11-28,243.86142306857639,245.78663993355198,243.86142306857639,245.4657745361328,17980
2019-11-29,244.50320434570315,245.30538024510565,244.02191839043417,244.50320434570312,13016
2019-12-02,244.6636349995931,246.10754174183123,240.33189029241447,240.6527557373047,28183
2019-12-03,241.9362784670364,241.9362784670364,236.96277763990278,237.76495361328125,23256
2019-12-04,237.44405232747397,240.81320069998193,237.28360736479672,240.6527557373047,25074
2019-12-05,241.4549548658393,243.059306725413,240.8132239141965,241.2945098876953,16904
2019-12-06,242.5779784832682,242.7384234496468,240.33189583675633,241.7758026123047,30123
2019-12-09,241.93624199732983,242.8988383320005,240.49231077462747,240.6527557373047,17739
2019-12-10,240.33191283827227,240.97364378825438,238.0858055524019,240.01104736328125,22159
2019-12-11,239.69013492216976,241.29448662708515,238.40667314260887,240.6527557373047,25772
2019-12-12,240.65275256265733,240.65275256265733,238.24622503703074,239.04840087890625,24222
2019-12-13,241.1340629638754,241.1340629638754,238.56709047768817,239.04840087890625,35844
2019-12-16,240.652782590595,242.09668949395177,239.85060664862633,240.97364807128906,32819
2019-12-17,240.97361997546972,241.61537534250067,240.01102364561945,240.4923095703125,21225
2019-12-18,240.01105281009302,242.73844613011218,239.85060782872307,241.13409423828125,51246
2019-12-19,241.61536768306735,243.8614501953125,240.65274690326893,243.8614501953125,60006
2019-12-20,245.62632394794213,248.03285217285153,244.66370286578996,248.03285217285156,54840
2019-12-23,248.35367861963016,249.6371650336747,247.87236815430506,248.51409912109375,63015
2019-12-27,249.4766797619199,250.59972101266547,248.67450394274974,250.43930053710938,63869
2019-12-30,250.11842200117732,250.11842200117732,246.74929809570312,246.74929809570312,14941
2020-01-03,245.62630269166627,249.31629273282218,244.98454719894474,248.8350067138672,46691
2020-01-06,248.67455686342214,249.47673285330416,245.4658529038941,248.99542236328125,24673
2020-01-07,250.11840014779264,251.40188630079325,248.83493847525423,249.47666931152344,27625
2020-01-08,249.15586117927003,250.11845765499388,248.19324022307836,249.79759216308594,36637
2020-01-09,251.40193048356886,252.5249718846406,251.08106500904356,252.04368591308594,30187
2020-01-10,253.00626528961192,253.96888612879482,251.8832239642084,253.80844116210938,30011
2020-01-13,253.80843923806682,254.12930468854046,251.88322205476032,252.36453247070312,18270
2020-01-14,252.68544510832768,252.68544510832768,249.1558755330671,251.7228240966797,24499
2020-01-15,252.68540465515622,254.12931146099956,251.88322876736208,253.6480255126953,17178
2020-01-16,255.0919311137139,255.0919311137139,252.52495849271057,253.48757934570312,19866
2020-01-17,254.28977216755175,259.5841382507298,254.28977216755175,258.9423828125,38652
2020-01-20,259.1028405599948,259.7445715493803,258.1402195954484,259.4237060546875,18123
2020-01-21,259.42369742136447,260.7071838378906,258.3006559870793,260.7071838378906,16886
2020-01-22,260.5467388556496,262.6324012224462,260.3863183538759,260.7071838378906,22858
2020-01-23,262.1510865622483,262.3115315419225,258.3006518547371,258.9423828125,27194
2020-01-24,258.7819278399757,259.42365871225127,256.0545349121094,256.0545349121094,44652
2020-01-27,252.5249529557076,252.68539792117676,248.0327876881473,252.36453247070312,58659
2020-01-28,252.68541257840224,254.28976440429688,251.88323666545494,254.28976440429688,25113
2020-01-29,255.57323921557617,257.9797668457031,254.129307949221,257.9797668457031,25405
2020-01-30,254.28973668381028,260.54669833053254,252.6853850328083,257.8193054199219,57598
2020-01-31,258.6214755879162,260.06540673050915,256.05452769074475,256.6962585449219,45152
2020-02-03,256.69631222451653,257.9797986817327,253.96891880322462,257.3380432128906,41413
2020-02-04,258.461088280031,260.2258605957031,258.1401983313033,260.2258605957031,61187
2020-02-05,259.9050122518298,269.3706788317773,259.9050122518298,267.7663269042969,73365
2020-02-06,268.72893740557595,269.5311133381299,265.19936819843184,267.60589599609375,33752
2020-02-07,267.28502322439283,268.24761962890625,266.9641332757556,268.24761962890625,25307
2020-02-10,267.4454437182454,268.24761962890625,265.8410918969236,268.24761962890625,20505
2020-02-11,269.37067383800206,269.6915638019234,267.76632194026416,268.72894287109375,25263
2020-02-12,267.92674499633904,268.40805542236563,265.8410828038673,267.4454345703125,31206
2020-02-13,268.72890587356073,271.456298828125,268.0871749950034,271.456298828125,29739
2020-02-14,271.9376416611946,271.9376416611946,269.04980340232754,269.6915588378906,28202
2020-02-17,271.61676025390625,271.61676025390625,268.8893671340023,271.61676025390625,39517
2020-02-18,269.85195269255496,273.06065611215837,269.5310872466875,272.579345703125,40612
2020-02-19,273.5419540655654,276.9111022949219,273.3815091097053,276.9111022949219,38002
2020-02-20,277.55290655734575,277.55290655734575,273.2211608886719,273.2211608886719,24802
2020-02-21,272.7397906662909,273.5419665211918,270.6541285474558,272.579345703125,18302
2020-02-24,268.72891829006574,270.49371500833576,262.9532421943321,263.9158630371094,72916
2020-02-25,263.1136772303694,266.96411149521356,260.70714969472573,261.02801513671875,62883
2020-02-26,257.9797742215287,261.1884778201038,251.72278751602792,260.5467224121094,44146
2020-02-27,257.97976549128225,258.6214963970943,251.8832239642084,253.80844116210938,59706
2020-02-28,247.07015105399356,249.31623354411735,241.77578577817252,244.34275817871094,119977
2020-03-02,246.90974722365488,253.32715481341035,245.305395326216,248.51409912109375,81394
2020-03-03,254.28976440429688,258.46108894380933,254.28976440429688,254.28976440429688,94750
2020-03-04,255.8941036279361,261.8302001953125,254.61061733433624,261.8302001953125,41165
2020-03-05,264.39716347880545,264.39716347880545,258.46106712031064,261.02801513671875,48937
2020-03-06,254.45020381854235,254.61062430934646,246.4284448643697,249.1558380126953,60662
2020-03-09,233.59364200062743,241.4549563693017,230.38493826150048,233.43319702148438,111614
2020-03-10,235.35843975280804,241.7758479231939,232.3101806640625,232.3101806640625,83591
2020-03-11,235.6792563642001,236.9627426280609,231.98926701623878,232.79144287109375,40430
2020-03-12,223.3257659666493,226.53446957099905,209.84922062056665,214.5018310546875,159114
2020-03-13,223.64663145343258,241.13408078717288,218.83357604642498,222.52359008789062,198729
2020-03-16,224.1279567452001,237.92539295195488,209.688789567164,230.5453643798828,247259
2020-03-17,242.57799398227573,242.57799398227573,226.85534101073262,233.75405883789062,150297
2020-03-18,230.3849599789338,235.839747057463,216.42707781360664,228.6201629638672,139325
2020-03-19,236.07514123044146,250.6538216744558,233.7558166210779,248.00314331054688,59579
2020-03-20,256.78347747036133,257.77748813980764,235.41247558593747,235.4124755859375,125896
2020-03-23,231.7678033095827,237.89749408052577,224.80980395955194,225.6381378173828,78821
2020-03-24,234.74980945292535,237.73181638669524,231.27082242914642,235.7438201904297,58619
2020-03-25,239.8854701875248,241.37646089521755,230.9394501051448,240.87945556640625,111947
2020-03-26,238.8914389948355,242.70177914986445,236.0751094119842,242.53610229492188,51625
2020-03-27,242.70182226148702,244.35848999023438,237.56614219087285,244.35848999023438,57621
2020-03-30,247.00915146974347,253.13881658854586,241.21081481814144,252.14480590820312,48981
2020-03-31,256.78351133941464,259.93117007659345,255.45817203159132,256.9491882324219,54055
2020-04-01,252.31050199495814,260.26251220703125,251.97917350252666,260.26251220703125,52249
2020-04-02,260.92517731118164,262.4161682128906,255.29251692834276,262.4161682128906,32739
2020-04-03,264.9011478983467,264.9011478983467,261.7534894656366,263.7414855957031,32994
2020-04-06,266.392155700198,268.380151768662,263.57582582997884,267.2204895019531,41043
2020-04-07,268.5458809608703,268.5458809608703,257.6118625359488,260.759521484375,58850
2020-04-08,257.77752213996837,258.60585604751486,255.45817203159132,256.9491882324219,54783
2020-04-09,259.2684759586917,259.2684759586917,251.9791487269406,253.8014678955078,52460
2020-04-14,257.7775067261968,265.06683456524377,256.6178191019793,259.7655029296875,64078
2020-04-15,262.0848410492337,263.9071857417396,255.7894983500023,257.1148376464844,49228
2020-04-16,259.26846100316243,265.39812563247324,258.44012726193824,263.9071350097656,58223
2020-04-17,269.7054983891419,271.6934945127551,266.55781468790735,269.0428161621094,62449
2020-04-20,272.19050894485645,275.1725158691406,268.38016816820124,275.1725158691406,50046
2020-04-21,275.83514097416,276.4977978680073,270.5338099871614,275.6694641113281,46816
2020-04-22,277.49181198440965,282.13048613601654,277.1604835333107,281.4678039550781,59049
2020-04-23,281.9648285027238,286.9348314444125,279.47982703187944,284.7811584472656,73118
2020-04-24,284.11848201752656,287.43181708478636,282.1304860329188,285.9408264160156,38772
2020-04-27,288.2601833453757,291.5735187861272,286.4378387414651,286.603515625,49768
2020-04-28,288.59147094209806,292.7331396561888,286.2721465737031,290.2481384277344,100676
2020-04-29,288.26018620564207,288.26018620564207,280.8051813899789,281.96484375,73230
2020-04-30,282.46182585277006,285.2781557175479,278.15447998046875,278.15447998046875,101279
2020-05-04,279.1484759529253,285.7751460052203,276.8291515461181,280.1424865722656,111089
2020-05-05,284.61553008717544,285.6095155894217,280.4738606309556,282.9588623046875,55091
2020-05-06,283.7871872500964,287.26617431640625,281.4678372604797,287.26617431640625,43208
2020-05-07,288.42584261912833,288.42584261912833,282.13050061031277,283.95281982421875,42501
2020-05-08,284.9468515941227,285.2781800867392,280.4738537469404,282.2961730957031,45212
2020-05-11,283.62150565443903,286.4378356933594,281.63350946689195,286.4378356933594,32937
2020-05-12,286.7692002970026,290.41386432506727,286.1065180236083,287.5975341796875,35938
2020-05-13,287.4318598265596,289.58553299628267,285.2781866568365,288.5915222167969,39033
2020-05-14,288.75716105733557,291.57349085645086,286.1064828471442,286.7691650390625,47229
2020-05-15,289.4198165178047,292.73315162454253,289.25416492971226,291.7391662597656,48364
2020-05-18,293.3958500204125,293.89283009088393,282.62751032866805,289.2541809082031,48433
2020-05-19,289.91688665120677,289.91688665120677,285.94089374577453,287.431884765625,56345
2020-05-20,286.60348905897297,290.74515797601015,285.2781499497729,287.1004943847656,27813
2020-05-22,285.1124935403015,286.6034842137322,282.296138501336,286.27215576171875,27488
2020-05-25,287.4318333491896,289.5855063205227,285.4438372520906,289.0885009765625,20764
2020-05-26,290.08253657420306,290.74519357055857,282.79318322057225,283.12451171875,30709
2020-05-27,282.7931721437079,283.45585439285054,274.34418201676965,275.1725158691406,38639
2020-05-28,277.8231744079649,283.2901829951999,276.3321835563297,281.96484375,37265
2020-05-29,280.97086423929613,283.6215175072176,277.4918518066406,277.4918518066406,37873
2020-06-02,279.4798519881327,279.4798519881327,273.6815147050646,277.9888610839844,54616
2020-06-03,279.9768362908235,280.47384164767993,276.9948294284271,279.6455078125,29417
2020-06-04,279.97679981298296,282.461800994755,272.19046783251173,274.0127868652344,41448
2020-06-05,274.5097961425781,276.49779206110895,272.0247949247297,274.5097961425781,35829
2020-06-08,273.35017800365426,273.35017800365426,268.7115032605708,271.0308532714844,45594
2020-06-09,271.6934949651074,278.15448869729295,270.2025041896007,273.84716796875,41357
2020-06-10,273.35015563225153,274.1784894371977,270.2024972849525,273.1844787597656,36291
2020-06-11,271.527818962962,273.6814919735414,268.54583740234375,268.54583740234375,24296
2020-06-12,266.8891714696701,271.69349759615386,265.89516075721156,269.20849609375,39263
2020-06-15,267.8831344226764,273.0188138748226,262.91313183495055,270.2024841308594,37287
2020-06-16,272.6875266298563,275.0068514097663,269.70551957086906,272.1905212402344,21859
2020-06-17,274.1784964493693,280.6394901816944,274.1784964493693,279.4798278808594,29566
2020-06-18,280.4738240122204,280.4738240122204,275.17249285615105,276.99481201171875,69912
2020-06-19,280.80518913170437,282.9588623046875,279.1485213492164,282.9588623046875,61575
2020-06-22,282.6275155504879,283.9528294678877,279.64550867885316,279.9768371582031,29530
2020-06-23,280.97082302372286,281.63347992381216,276.8291542013138,281.136474609375,37832
2020-06-24,279.14852483854514,280.14253563196064,272.6875305175781,272.6875305175781,28464
2020-06-25,271.85915295930255,276.1664733886719,270.69946546029877,276.1664733886719,22698
2020-06-26,276.994787444636,278.3201264357923,271.8591336121712,272.8531188964844,19516
2020-06-29,272.02481167634994,274.5098130472278,269.87113876584084,272.35614013671875,14754
2020-06-30,274.17849909855767,274.17849909855767,268.21448538129147,269.20849609375,29406
2020-07-01,270.0368264529537,274.01281869413833,269.705497979312,273.5158386230469,18823
2020-07-02,274.84114459574243,275.5038268026672,269.8711417981432,272.5218200683594,22456
2020-07-03,273.35013830854825,273.35013830854825,269.0427926843115,269.7054748535156,14871
2020-07-06,272.1904955341438,273.0188293457031,270.20249944214976,273.0188293457031,14898
2020-07-07,271.5278389611571,272.5218497404009,269.0428372917917,272.1905212402344,26288
2020-07-08,270.865181118379,274.01283977828757,270.53385261924296,271.85919189453125,24135
2020-07-09,273.0188271660213,276.3321623858062,272.68749869979115,273.1844787597656,26650
2020-07-10,273.0188254038676,274.84114459574243,270.69947559774306,272.5218200683594,24558
2020-07-13,272.68748672788206,276.1664733886719,271.030819190723,276.1664733886719,23776
2020-07-14,275.8352115088902,275.8352115088902,269.7055451977753,271.3622131347656,29066
2020-07-15,274.3441694654519,280.47383463681484,273.1844819021941,278.9828186035156,45579
2020-07-16,278.15448303876025,279.47982218932816,275.66948161097355,278.3201599121094,23361
2020-07-17,278.3201694827108,280.8051709959493,276.82917868626475,279.9768371582031,31876
2020-07-20,281.1364767822449,283.1244727766182,277.98881856438237,280.9708251953125,22129
2020-07-21,281.46785305696824,282.46186386241015,278.48587119813226,278.81719970703125,19439
2020-07-22,278.65151333966503,278.65151333966503,276.49784018692435,277.1605224609375,18197
2020-07-23,276.6635037369017,276.6635037369017,267.7175083383433,269.3741760253906,63079
2020-07-24,267.55182048424564,267.55182048424564,260.0968161983069,262.5818176269531,67402
2020-07-27,262.58182805264886,265.7294865424138,260.7594834877895,264.56982421875,48769
2020-07-28,266.7234906992411,269.7054975143599,265.7294800012874,268.71148681640625,39825
2020-07-29,268.8771380389576,272.3561245923837,267.054793692825,269.539794921875,34334
2020-07-30,270.03683263458527,270.03683263458527,262.58182805264886,264.56982421875,36545
2020-07-31,263.41016771838923,265.2325123235358,259.59982690319214,260.0968322753906,45224
2020-08-03,260.593845881397,268.5458562515966,260.096840493495,267.0548400878906,35128
2020-08-04,267.3861590437077,268.5458466670037,263.9071720100495,265.3981628417969,28621
2020-08-05,266.8891595400877,266.8891595400877,262.0848083496094,262.0848083496094,28707
2020-08-06,262.74748480612675,263.7414701736665,260.2624834691662,260.9251403808594,21833
2020-08-07,261.25646883670595,262.74748480612675,260.4281350577191,260.9251403808594,13406
2020-08-10,260.925166994928,262.58183472187994,258.9371707783344,260.42816162109375,32818
2020-08-11,261.7534999968899,262.4161569739923,257.94315918169286,260.0968322753906,49613
2020-08-12,260.262524978975,263.90718913206405,258.93718566546676,263.2445068359375,17642
2020-08-13,263.5758016779785,264.0727816904991,260.5937952091592,263.07879638671875,24601
2020-08-14,262.2504597578491,262.58178818877485,256.94912902682034,257.6117858886719,24117
2020-08-17,258.9371810159882,262.58184510363355,257.7775186170207,262.4161682128906,24955
2020-08-18,261.9191855644579,263.57585334088395,260.09684089889157,261.42218017578125,15458
2020-08-19,261.75348520737884,267.7174987792969,260.2624944537703,267.7174987792969,27746
2020-08-20,267.38614197526323,268.8771579905756,266.22647970473685,267.55181884765625,25040
2020-08-21,268.21449290106585,268.38016978403476,264.73550586740765,265.3981628417969,17325
2020-08-24,266.3921766403049,269.7055121077745,265.23251428243924,265.5638427734375,26192
2020-08-25,265.89513184359083,267.2204708898364,264.23846435546875,264.23846435546875,15976
2020-08-26,264.07283303922276,267.88317397481256,262.7475190431429,267.0548400878906,15055
2020-08-27,267.55179032135084,267.55179032135084,262.25045959364155,262.9131164550781,18270
2020-08-28,263.7414970749976,263.7414970749976,259.76550464181037,260.42816162109375,14168
2020-08-31,260.92514608940473,262.74749055454157,259.4341553661047,262.0848083496094,17020
2020-09-01,266.2264892841137,267.0548231184008,262.91315394696545,263.5758361816406,31556
2020-09-02,269.2084818451032,273.35015079656637,269.0428049755482,272.35614013671875,46114
2020-09-03,274.1785099331098,274.1785099331098,264.238503530701,265.5638427734375,31427
2020-09-04,264.23845854716535,266.88913658139126,261.09080050041894,263.07879638671875,40869
2020-09-07,265.8951824029262,269.04284111738207,263.410180698226,267.8831787109375,24505
2020-09-08,269.2085180091932,269.2085180091932,264.9011716095483,267.8831787109375,21821
2020-09-09,267.717491134073,273.01882233619756,267.717491134073,272.35614013671875,30754
2020-09-10,271.8591840874506,272.35616418251067,268.5458486337522,270.86517333984375,20805
2020-09-11,272.02478518685405,273.6814526061147,269.0427787764371,272.8531188964844,38996
2020-09-14,274.50978631574503,274.50978631574503,269.87111248606743,272.8531188964844,14334
2020-09-15,273.35020784846324,278.98286868656936,273.18453094432925,276.6635437011719,23463
2020-09-16,276.82919396330294,279.64552411131274,276.66351707511365,277.1605224609375,25642
2020-09-17,275.338149242185,279.31416663755886,273.8471585181332,277.8231506347656,24054
2020-09-18,279.3141672441037,284.2841700400576,278.81716190876,282.62750244140625,51715
2020-09-21,282.2961480856625,282.79315341992685,275.6694777054475,277.8231506347656,25841
2020-09-22,279.14850332045694,281.7991817127417,277.98884100336085,279.9768371582031,23327
2020-09-23,279.97685260894735,281.4678434876749,275.5038546940207,277.1605224609375,59426
2020-09-24,274.5097912440327,275.8351302589829,271.8591384928716,273.68145751953125,21934
2020-09-25,273.51580685187133,275.00679744943886,270.3681235210499,274.0127868652344,13946
2020-09-28,277.3261682384897,277.3261682384897,270.53384570421275,271.1965026855469,21205
2020-09-29,270.86518016365005,270.86518016365005,265.2325198619586,266.7235107421875,40274
2020-09-30,265.06681727924126,267.386141818938,261.9191589355469,261.9191589355469,37355
2020-10-01,264.73548661185544,266.06082574297847,261.42215142341854,262.0848083496094,31932
2020-10-02,262.74747282779975,264.40414031024807,260.09679474438656,263.9071350097656,36387
2020-10-05,265.89516821196037,265.89516821196037,263.410166639886,265.3981628417969,26208
2020-10-06,265.56382924993085,265.56382924993085,262.0848170747547,263.41015625,43259
2020-10-07,262.5818070421881,264.4041514612327,260.09680571371314,260.59381103515625,25202
2020-10-08,262.58181674821236,263.74147902195136,260.5938206676966,262.25048828125,19264
2020-10-09,262.5818396474251,267.0548375383517,262.2505111515683,266.06085205078125,21641
2020-10-12,267.38613625577784,268.04881845243335,265.3981402232936,266.39215087890625,19044
2020-10-13,266.889147360489,267.22047580846413,264.07279235585014,265.0668029785156,54260
2020-10-14,266.72349464043447,266.72349464043447,263.07883082531987,263.5758361816406,39496
2020-10-15,263.41015397109,263.41015397109,255.12681579589844,255.12681579589844,70423
2020-10-16,259.4341885827792,259.7655170882963,255.4581706803404,257.4461669921875,34780
2020-10-19,258.9371845547845,260.75950398414,256.452182832145,256.9491882324219,24031
2020-10-20,256.78344683197986,258.10878580686034,253.6357888855348,253.9671173095703,51531
2020-10-21,253.47015962642263,253.96716499516424,248.99716186523438,248.99716186523438,71376
2020-10-22,248.66583606864123,249.99115002796307,246.01515759251077,247.17481994628906,82953
2020-10-23,247.67181701775138,249.99114164755773,246.18082622412481,247.83749389648438,45126
2020-10-26,247.17481510054444,249.6598166436707,246.6778097361706,249.16281127929688,42195
2020-10-27,249.9911224503958,251.64778999553758,249.16278867782492,250.15679931640625,28460
2020-10-28,248.50017567753108,248.8315041893521,243.03316675687637,244.68983459472656,41771
2020-10-29,244.6898201893256,247.8375040631773,243.03315244900688,245.02114868164062,68656
2020-10-30,244.0271645413084,245.1868269101346,242.20481990547884,244.524169921875,53088
2020-11-02,246.0151250236913,251.97913816606467,245.02111440704903,251.81346130371094,34988
2020-11-03,254.2984619140625,254.4641387759911,250.32247001517575,254.2984619140625,28461
2020-11-04,259.2684799493556,268.380151768662,258.44014614760044,267.2204895019531,66160
2020-11-05,269.20849967068114,270.03683351582174,264.9011535644531,264.9011535644531,58445
2020-11-06,265.0668304449784,266.39216965295185,262.25050042724905,264.9011535644531,19158
2020-11-09,268.54583469394527,268.54583469394527,255.95515051195733,258.27447509765625,58072
2020-11-10,257.6117969227148,258.4401306748779,252.97312285485359,254.2984619140625,43872
2020-11-11,254.29846153037184,262.58179903950446,253.96713308575454,259.59979248046875,51374
2020-11-12,259.76548119481777,261.9191541012088,258.4401420771355,261.0908203125,34089
2020-11-13,261.5877972925525,262.0848026156928,259.9311297345788,260.9251403808594,29838
2020-11-16,261.4221706457203,261.4221706457203,257.9431583305542,259.7655029296875,32890
2020-11-17,258.4401791545077,261.2565093844168,256.452182832145,256.9491882324219,38674
2020-11-18,255.62381158810794,258.2744645378547,254.79547780154815,256.2864685058594,40281
2020-11-19,254.1327850521339,257.11479161566893,252.47611754780775,254.2984619140625,42757
2020-11-20,253.8014901068379,254.9611524571846,251.48216540614447,254.46417236328125,46253
2020-11-23,254.9611534428513,254.9611534428513,251.4821663783616,251.9791717529297,34346
2020-11-24,251.15085507704387,252.47616912827226,248.50017641709678,249.8255157470703,54534
2020-11-25,250.15681544625448,252.64181692419743,248.99715314562957,250.48814392089844,58356
2020-11-26,250.81946676066005,253.9671503959176,250.65381516643072,252.14480590820312,45715
2020-11-27,252.64183708581865,253.4701709779033,249.32850151748005,251.31649780273438,51515
2020-11-30,250.48817277268452,253.1388514326316,249.8255157470703,249.8255157470703,57914
2020-12-01,250.15683287738742,250.6538382633562,248.6658419982251,250.322509765625,55275
2020-12-02,251.64777318124283,253.63579432557228,249.3284488845104,252.31045532226562,37715
2020-12-03,252.6418142780516,254.2984819126618,248.99715053765763,249.49415588378906,36082
2020-12-04,249.49415114874242,252.14480414656785,248.16881201045894,251.48214721679688,45146
2020-12-07,252.6418029908425,253.47013677114037,251.4821407541737,252.80747985839844,59657
2020-12-08,252.4761270102906,253.13880920410156,248.0031296367158,253.13880920410156,71529
2020-12-09,254.2984819783793,255.9551496134176,253.30447128585953,255.12681579589844,77288
2020-12-10,255.62385475995038,258.10885653931723,254.9611724515387,255.2925262451172,74372
2020-12-11,254.6297548088105,254.96108320766902,251.48209710154998,253.4700927734375,82664
2020-12-14,254.46416145633617,254.6298130542893,251.81348310166385,253.30447387695312,66624
2020-12-15,253.80148494145686,254.79549566652005,250.98515492543487,251.64781188964844,39869
2020-12-16,252.9731760837943,255.2925262451172,251.31650823088307,255.2925262451172,57901
2020-12-17,255.78946711254576,257.11480624717507,254.79548172062982,256.7834777832031,68066
2020-12-18,256.9491868732842,258.4401777874834,256.2865045835054,257.4461669921875,62013
2020-12-21,256.61779281869093,257.2804750044768,250.819456406453,252.97312927246094,52433
2020-12-22,252.80748812134553,255.12681267048967,251.8134774410028,252.14480590820312,110098
2020-12-23,252.6418460240484,252.80752291982452,249.8255157470703,249.8255157470703,60863
2020-12-28,253.6358114582468,253.9671399117694,251.64779017962985,252.97312927246094,38200
2020-12-29,253.96715046239657,256.12082341787516,253.13881665480804,254.9611358642578,49153
2020-12-30,255.95514398390245,257.2804831185318,254.46415325665785,256.7834777832031,37488
2021-01-04,258.44015197323847,259.76549114167017,256.7834843323844,258.27447509765625,94050
2021-01-05,258.1088111568903,259.59980185085624,254.46414757706393,255.62380981445312,119158
2021-01-06,254.29847322465926,254.79547855381074,251.3164665284916,253.8014678955078,97916
2021-01-07,252.8074719203532,254.79546787489764,249.49413690319912,251.81346130371094,117736
2021-01-08,250.9851600334978,254.46417236328125,250.32250305579777,254.46417236328125,149966
2021-01-11,255.62382335370444,263.41015625,255.29249487957867,263.41015625,117408
2021-01-12,262.58182329305953,264.0728140709238,260.42815028601154,263.7414855957031,124432
2021-01-13,262.58181674821236,263.57582742784103,260.75947226180693,262.25048828125,90698
2021-01-14,263.0788552209645,263.90718913206405,260.262524978975,263.2445068359375,100500
2021-01-15,263.2445067917601,268.0488586425781,261.91919275721915,268.0488586425781,122093
2021-01-18,267.05483362230143,268.2144959801671,264.9011605126975,265.5638427734375,66095
2021-01-19,266.55782073441594,269.53982762684967,266.22649225275507,269.3741760253906,74648
2021-01-20,268.3801336366482,271.03081173467893,267.71747675151045,269.8711242675781,105033
2021-01-21,270.699480286514,272.0248194445782,267.7174987792969,267.7174987792969,68268
2021-01-22,267.054793692825,269.7054717819742,266.7234652513663,269.539794921875,98313
2021-01-25,266.88915734378037,273.8471561264902,266.88915734378037,272.35614013671875,56651
2021-01-26,273.3501578145785,275.8351592492565,273.0188293457031,273.0188293457031,86509
2021-01-27,272.52180946248603,274.84113389960675,269.5398028442305,270.5338134765625,88463
2021-01-28,266.55781382333475,270.36815446050093,263.24447853514545,268.71148681640625,118579
2021-01-29,263.41016771838923,264.5698300676901,259.7655037868394,260.0968322753906,64760
2021-02-01,262.58185450389885,265.3981847961411,261.75352057801905,264.0728454589844,63888
2021-02-02,262.9131164550781,266.0607997437491,262.08478273891296,262.9131164550781,68342
2021-02-03,264.23848038685475,265.8951479754871,260.42813987725214,261.75347900390625,81101
2021-02-04,258.10884503793744,267.71752321240706,257.6118396484617,267.38616943359375,77595
2021-02-05,267.88315207032707,267.88315207032707,261.25648151680633,262.74749755859375,90164
2021-02-08,263.2444776271142,264.07281144630423,261.42215839214117,262.74749755859375,104781
2021-02-09,261.9191741093877,264.7355041503906,260.7594864936133,264.7355041503906,93090
2021-02-10,265.5638397247658,268.8771751541983,263.7414951270806,265.3981628417969,331605
2021-02-11,266.39215087890625,269.2084806981541,265.06681176433636,266.39215087890625,141995
2021-02-12,267.05484480937076,268.38018410762646,265.23252539317065,267.8831787109375,134877
2021-02-15,268.54585539912864,268.54585539912864,263.9071805913418,266.7235107421875,177535
2021-02-16,266.7235020693185,267.3861590437077,264.73550586740765,265.3981628417969,124165
2021-02-17,263.24446972217885,263.4101465925386,259.76548295329576,261.75347900390625,181040
2021-02-18,262.4161894106512,262.4161894106512,259.59985899173097,260.759521484375,161970
2021-02-19,259.765518462331,260.92518087714717,256.9491882324219,256.9491882324219,160518
2021-02-22,256.7834856368318,257.9431479355723,253.8014788123976,257.7774963378906,170117
2021-02-23,256.94916030593737,256.94916030593737,253.47014816086013,255.12681579589844,178201
2021-02-24,256.28648115174616,259.43416486323355,255.1268188490897,258.10882568359375,169084
2021-02-25,259.2684710043531,259.2684710043531,252.64180081893832,252.97312927246094,172200
2021-02-26,253.30447957892525,257.6118256825421,250.15682108079645,251.64781188964844,2559743
2021-03-01,254.62979432689602,257.9431293871777,251.48213613112463,254.79547119140625,125046
2021-03-02,255.95517743186818,258.9371845547845,254.62983812404482,256.9491882324219,65936
2021-03-03,257.11480881973637,258.10881950033934,252.3104828472195,254.9611358642578,86032
2021-03-04,256.2864906145214,259.7655029296875,254.29849441103073,259.7655029296875,61260
2021-03-05,255.78950637799431,257.777528024484,253.3045045986275,255.2925262451172,75408
2021-03-08,254.96111664510747,258.9371337890625,254.29845976048486,258.9371337890625,81439
2021-03-09,258.77148005923607,262.74749755859375,257.77749464345317,262.74749755859375,145997
2021-03-10,263.41015626541497,269.7054983891419,262.2504939665358,269.0428161621094,114827
2021-03-11,269.20849879214785,269.20849879214785,264.072818857539,264.56982421875,72153
2021-03-12,265.56385218579595,265.56385218579595,261.4221827046661,262.4161682128906,49717
2021-03-15,264.2385175964107,268.0488586425781,263.2445067917601,268.0488586425781,68122
2021-03-16,269.20848645662005,269.20848645662005,266.5578081707813,267.55181884765625,136608
2021-03-17,266.88918592979525,268.3801768005228,264.9011643971666,266.06085205078125,155174
2021-03-18,267.6805666362268,269.72652754748293,266.14610245673583,267.85107421875,81957
2021-03-19,266.316618534094,269.7265625,265.634640147236,269.7265625,119818
2021-03-22,270.2380071664533,277.05789378264143,270.2380071664533,276.37591552734375,114351
2021-03-23,275.86440242072246,275.86440242072246,270.4084986554266,271.9429626464844,89186
2021-03-24,271.601990436572,271.601990436572,266.82806458900745,268.1920471191406,87033
2021-03-25,268.1920981216654,271.2610528941424,267.1691045255705,269.7265625,89963
2021-03-26,268.7035347835319,271.4314737362559,268.53302721707325,271.0904846191406,141175
2021-03-29,271.0905131490753,272.624977345484,269.5560489526666,271.7724914550781,62930
2021-03-30,271.7724492396338,272.7954425555373,270.5789743816134,272.11346435546875,56491
2021-03-31,271.94296217407606,275.6938943802134,271.4314655060116,275.3529052734375,163341
2021-04-01,276.37590640999656,276.54638796029553,273.4774338810919,274.50042724609375,76557
2021-04-06,276.03492837120626,276.03492837120626,272.7954923063901,275.6939392089844,79126
2021-04-07,274.5004278218971,274.5004278218971,270.7494955020254,271.0904846191406,58242
2021-04-08,271.0905122283032,275.18243408203125,270.2380263407929,275.18243408203125,65292
2021-04-09,275.86442527874044,277.56939697265625,274.5004427204471,277.56939697265625,75237
2021-04-12,277.7398773279879,277.91038490296137,274.50044152991893,274.8414306640625,51382
2021-04-13,274.6709732444684,275.01196240858,271.090521981783,273.6479797363281,61491
2021-04-14,275.18241263304196,277.2283994162369,274.500434382512,277.0578918457031,56170
2021-04-15,275.69393187146517,278.93339386586945,275.3529427183186,277.910400390625,64693
2021-04-16,277.73987990036323,278.25137661421763,273.64795822113496,275.5234375,64173
2021-04-19,276.8873907422953,278.2513732910156,275.86442334260744,278.2513732910156,51562
2021-04-20,277.9103529196435,278.42184956989496,275.35289568418665,276.8873596191406,45764
2021-04-21,277.9103995974431,287.96972267348264,277.39890286128076,287.458251953125,109471
2021-04-22,285.4122634076034,286.60576445722285,282.5138166066802,283.3663024902344,60250
2021-04-23,283.7072557025908,283.7072557025908,279.61533438618665,280.1268310546875,68675
2021-04-26,280.4678515747625,280.4678515747625,275.8644330742646,276.7169189453125,41055
2021-04-27,277.91039932838635,278.4218960640535,273.9889590426776,275.18243408203125,38550
2021-04-28,275.18243107272383,275.86443538475675,271.2610168457031,271.2610168457031,44211
2021-04-29,272.7954953526787,273.13648451870836,269.7265408267999,271.6020202636719,39831
2021-04-30,271.6019832270415,272.1134799142394,270.2380007331146,270.40850830078125,47459
2021-05-03,271.60194124678736,273.30691259671596,269.89696989685876,272.6249084472656,44019
2021-05-04,273.81845943009654,273.81845943009654,268.87402599889026,269.5560302734375,61062
2021-05-05,271.43143370547523,272.79541598857776,270.0674514223727,272.6249084472656,50819
2021-05-06,273.98894617470796,273.98894617470796,269.5560353773297,272.79547119140625,48960
2021-05-07,272.96596904238817,274.3299255371094,270.4085115910821,274.3299255371094,63151
2021-05-10,274.15946219208115,274.6709589194751,271.77248613617763,273.3069763183594,52813
2021-05-11,271.09046766841647,271.60196432000754,268.02151377467055,270.0674743652344,37636
2021-05-12,272.11347741549196,275.1824054788937,270.74949493409014,274.50042724609375,37323
2021-05-14,274.6709644120255,278.0809079751007,273.13647419915884,277.910400390625,65705
2021-05-17,279.6153467335549,281.49082592894234,276.54639260283096,281.1498107910156,66095
2021-05-18,282.51378153276585,282.51378153276585,279.1038384218916,281.4908142089844,63028
2021-05-19,280.4678208694016,283.3662673104844,278.59234175210025,281.4908142089844,61592
2021-05-20,283.02529774032115,285.0712585449219,281.83182277228764,285.0712585449219,78926
2021-05-21,285.58273386904403,286.94671630859375,284.04826988442636,286.94671630859375,88746
2021-05-25,287.28772037030274,289.50418869798193,287.28772037030274,288.6517028808594,82646
2021-05-26,287.96971925759846,291.7206779344257,287.96971925759846,290.1861877441406,77475
2021-05-27,289.16319764641236,290.86816926929026,287.117210886317,289.33367919921875,564211
2021-05-28,288.48122630755586,291.03868403371473,286.0942761694631,290.0157165527344,65479
2021-05-31,288.1402055417749,289.84517717219956,286.7762230342746,287.2877197265625,34776
2021-06-01,287.96968362640513,289.504173626824,286.43521964178746,286.94671630859375,50256
2021-06-02,286.77622496291065,288.48119660480165,285.0712533210196,286.6057434082031,59918
2021-06-03,283.5367778052199,288.8221740722656,282.6842920186834,288.8221740722656,42133
2021-06-04,288.65173240808497,292.0616760253906,287.6287389165712,292.0616760253906,33936
2021-06-07,290.35666562496135,296.6650552753575,289.5041798339402,296.3240661621094,63203
2021-06-08,296.3240707658782,300.07500310148635,295.64206651298446,298.19952392578125,63219
2021-06-09,297.3470620776553,307.91790771484375,296.49457620470815,307.91790771484375,54047
2021-06-10,308.42937701373864,309.9638671875,306.55392371132467,309.9638671875,50513
2021-06-11,308.94084401109563,312.0097980475102,308.4293473357263,311.32781982421875,50074
2021-06-14,311.15734665250193,312.5213292656464,309.62288247259215,311.8393249511719,33775
2021-06-15,312.5213136091025,313.5442810058594,310.13433765173016,313.5442810058594,43290
2021-06-16,313.5442802865066,316.9542236328125,312.0098161869902,316.9542236328125,45520
2021-06-17,314.9082499482287,319.3411865234375,313.0327967939496,319.3411865234375,61430
2021-06-18,317.46571577089514,319.3411949907042,315.0787658691406,315.0787658691406,150171
2021-06-21,312.6917733803919,318.8296813964844,311.15730938426947,318.8296813964844,98628
2021-06-22,317.29522513552763,319.6821749689752,314.2262710526651,317.9772033691406,55340
2021-06-23,317.80673315118366,317.97724073752585,313.7148112370228,314.39678955078125,36546
2021-06-24,313.71478205855175,319.6821828042307,313.71478205855175,317.1247253417969,35278
2021-06-25,317.1247382433632,319.5116882324219,315.2492589549573,319.5116882324219,30124
2021-06-28,317.80671128868624,322.23964807058167,317.80671128868624,321.0461730957031,56952
2021-06-29,319.6822130933501,321.898681640625,319.51170550671156,321.898681640625,30829
2021-06-30,322.0691686090823,323.0921621144476,319.5117108614745,320.36419677734375,56151
2021-07-01,320.0231539173341,323.6036045695418,318.82967903853194,322.9216003417969,44921
2021-07-02,322.921633397754,324.96762027462563,321.21666167756354,323.6036376953125,45451
2021-07-05,322.2396305587299,323.43310546875,319.51166560799663,323.43310546875,15197
2021-07-06,322.06909340534975,325.82005137196325,322.06909340534975,324.79705810546875,53177
2021-07-07,324.9676117048815,327.8660583496094,323.9446182934231,327.8660583496094,39997
2021-07-08,327.5250908042603,328.37757669806024,324.11514722906054,325.9906005859375,34512
2021-07-09,327.01357128304005,328.0365386748508,322.23964540718043,325.1380920410156,54488
2021-07-12,323.0921605535037,328.5480651855469,323.0921605535037,328.5480651855469,35542
2021-07-13,328.0365178342429,328.3775329589844,324.79708227560985,328.3775329589844,43090
2021-07-14,327.8660402292411,328.8890075683594,325.64957197078223,328.8890075683594,36444
2021-07-15,328.37754725316984,331.1054862592385,327.1840462962246,328.7185363769531,46834
2021-07-16,329.0595236019212,334.1744384765625,328.37754535829004,334.1744384765625,48757
2021-07-19,332.81044291123453,338.09586514724066,329.23001824899285,331.7874755859375,74383
2021-07-20,331.6169642442987,335.02690732136085,330.9349860352067,333.15142822265625,43078
2021-07-21,333.15146714271293,336.7319181982309,331.78751056518615,333.6629638671875,25669
2021-07-22,332.46947075342524,332.81045987924256,319.00020516512035,323.26263427734375,47656
2021-07-23,324.1151245562576,329.9120178222656,323.7741094099488,329.9120178222656,31064
2021-07-26,330.59401068997397,330.59401068997397,323.94463129600916,325.4790954589844,18088
2021-07-27,324.7971270759164,330.7645283607758,323.43314443621614,330.0825500488281,41501
2021-07-28,329.5710415466381,332.81047743650174,329.23005240283203,332.2989807128906,32609
2021-07-29,332.46948183210134,334.1744535338044,329.9120242795467,331.1054992675781,40864
2021-07-30,328.3775684854308,332.63999784782834,328.3775684854308,331.61700439453125,29658
2021-08-02,331.6170049474259,333.15146911412575,329.74152561852236,332.9809875488281,21391
2021-08-03,333.3219758345022,336.39093017578125,332.6399975434643,336.39093017578125,23524
2021-08-04,337.58439478801796,341.5058348801304,336.3909198075847,336.5614013671875,46083
2021-08-05,334.00393029155134,337.75488867201005,334.00393029155134,337.5843811035156,41381
2021-08-06,338.9483628974443,339.45985958605894,329.4005114293126,331.44647216796875,24495
2021-08-09,332.29896378166933,340.8238220214844,332.29896378166933,340.8238220214844,37173
2021-08-10,340.14183666527805,343.55177988999264,339.63033997841046,343.040283203125,41002
2021-08-11,342.869795798619,344.915756495363,341.84680244234613,343.2107849121094,28138
2021-08-12,342.6993339474914,346.27978515625,340.8238545494169,346.27978515625,46828
2021-08-13,346.9617634742015,347.64374179215304,345.427299250908,346.27978515625,17316
2021-08-16,345.7682547114242,349.0076904296875,344.74526131839235,349.0076904296875,18385
2021-08-17,349.3486801890969,350.3716735839844,347.3027194151247,350.3716735839844,24863
2021-08-18,350.3717129533821,352.7586631219247,348.3257519495162,352.2471923828125,20607
2021-08-19,348.6667342933797,351.39469958903874,344.06331562078464,349.6897277832031,31896
2021-08-20,349.1782320312518,350.5422146829601,344.233798170785,346.27978515625,40866
2021-08-23,347.30274277011284,348.1552286512451,345.08627427600817,347.8142395019531,23554
2021-08-24,347.8142161480146,349.1781986694027,345.5977478027344,345.5977478027344,18675
2021-08-25,344.2337803160002,346.2797671953436,340.4828477302105,342.52880859375,20208
2021-08-26,342.1878051313661,347.8142167824785,342.0173235757583,346.96173095703125,29416
2021-08-27,346.1092902372402,349.0077372183317,346.1092902372402,348.666748046875,18126
2021-08-30,348.32574899486184,350.371709981373,346.96176633191925,350.2012023925781,30694
2021-08-31,349.34868798175506,351.90614551021827,346.96173802817736,349.5191955566406,47519
2021-09-01,349.68973165780443,352.58817855667905,347.1322739207141,350.2012023925781,50482
2021-09-02,349.6896966376729,351.73565741928866,347.1322391567025,348.3257141113281,46187
2021-09-03,348.8372036288605,350.030678558915,344.40426701345547,345.76824951171875,23215
2021-09-06,347.81421741197346,349.6896966376729,346.2797533297124,348.3257141113281,14122
2021-09-07,348.15522163663474,348.15522163663474,344.5747966175002,345.25677490234375,23947
2021-09-08,344.2337756094281,346.27976246079754,336.39092140379165,345.4272766113281,30973
2021-09-09,344.2337699659065,345.59775250585653,335.0269333488992,336.0499267578125,29989
2021-09-10,335.0269458949472,338.43688936461587,331.27601328147244,332.2989807128906,21986
2021-09-13,334.0039643662346,335.7089361619087,329.5710533069649,330.0825500488281,17815
2021-09-14,330.59401008968763,336.56141118167335,324.115138288175,335.0269470214844,25250
2021-09-15,334.51544973604376,335.0269464605184,330.5940095361441,333.6629638671875,23662
2021-09-16,334.34498296105846,336.90244068075305,333.32198946685855,335.3679504394531,16170
2021-09-17,338.266371344455,338.266371344455,325.8200988769531,325.8200988769531,128457
2021-09-20,324.2856273458357,328.03656005859375,322.9216447187042,328.03656005859375,59284
2021-09-21,328.03654577861283,328.8890316314843,324.2856132291392,327.695556640625,23438
2021-09-22,329.9120047665246,329.9120047665246,325.64957576437314,327.5250549316406,23917
2021-09-23,329.7415102491112,330.7645036564317,327.52506789292187,329.9120178222656,33117
2021-09-24,330.08255696515056,330.4235461282692,324.79713388149173,326.5021057128906,24008
2021-09-27,328.37757669806024,329.74153331549627,324.11514722906054,325.9906005859375,22101
2021-09-28,324.79710559495135,324.79710559495135,320.0231796796339,321.0461730957031,22106
2021-09-29,321.72817841592166,324.45614374429226,320.1937141785916,323.7741394042969,40339
2021-09-30,327.3545675026371,331.27600762900653,324.7971099440228,327.695556640625,49831
2021-10-01,323.9446323939732,328.2070617675781,322.9216389379863,328.2070617675781,38149
2021-10-04,329.91199646585756,333.32193958178374,327.1840315667961,331.7874755859375,34891
2021-10-05,332.46945953718506,332.6399671022428,325.4790656226466,326.8430480957031,34572
2021-10-06,325.1381215385442,329.0595619357584,322.7511713919645,328.5480651855469,24601
2021-10-07,330.59396697876286,333.1514242561101,328.3775248177026,332.63995361328125,22407
2021-10-08,332.46947971547223,338.26637305803604,332.46947971547223,336.5614013671875,24698
2021-10-11,336.7319271935575,338.09590982332526,332.81048688890195,335.5384521484375,47453
2021-10-12,334.856439441106,338.43689050261906,331.4464959599713,335.0269470214844,22872
2021-10-13,335.02692428900275,336.04991767025194,331.27599191742627,334.1744384765625,20766
2021-10-14,334.8564414156679,334.8564414156679,330.0825413265722,334.344970703125,18402
2021-10-15,334.5154269812323,337.5843811035156,331.44647285894894,337.5843811035156,17025
2021-10-18,336.5614108889911,339.97135436716036,335.53844345502273,339.8008728027344,21071
2021-10-19,338.7778626041584,339.11885173195634,329.9120152023967,334.0039367675781,28921
2021-10-20,332.98094713281483,336.04990110952025,328.37752917565723,329.7414855957031,24709
2021-10-21,331.10551314727417,336.2204284667969,328.54805548751284,336.2204284667969,33273
2021-10-22,335.879418567855,335.879418567855,331.27600026780135,334.6859436035156,19526
2021-10-25,336.049948886576,336.049948886576,330.76452595215267,335.5384521484375,39192
2021-10-26,335.7089253113897,336.04994047214643,331.27601439539706,335.0269470214844,15024
2021-10-27,335.1974639431925,335.36794551251774,330.764526887858,332.1285095214844,17921
2021-10-28,331.7874975803456,336.0499267578125,330.9350117448522,336.0499267578125,27634
2021-10-29,334.856439441106,335.5384437468154,330.253020944735,335.0269470214844,41477
2021-11-01,333.32197388377557,337.0729064941406,331.9579912938781,337.0729064941406,25899
2021-11-02,337.07288891806104,349.0076904296875,335.8794139700589,349.0076904296875,44108
2021-11-03,346.7912368494887,350.7126770019531,345.0862651324002,350.7126770019531,29766
2021-11-04,358.2145749640784,364.6934467993145,356.33909563337056,358.0440673828125,111956
2021-11-05,359.4080218340482,360.94248588203374,349.0076845707614,349.1781921386719,40373
2021-11-08,349.0077078072331,352.07666212333334,347.47324365708494,351.3946838378906,29195
2021-11-09,351.90614825465286,351.90614825465286,343.89278647280105,345.4272766113281,31895
2021-11-10,344.40428765237345,349.178213674478,344.40428765237345,347.302734375,32106
2021-11-11,346.96172439575196,346.96172439575196,336.7318946838379,340.99432373046875,76786
2021-11-12,342.01732295186883,345.76825537383394,340.9943295568771,345.5977478027344,39510
2021-11-15,342.5288046825667,345.7682665273345,338.2663754256119,342.017333984375,66469
2021-11-16,340.99431458576106,341.67629280861195,337.41386387628995,339.11883544921875,46554
2021-11-17,339.28934301283226,339.4598505764458,335.70889230336115,339.11883544921875,38052
2021-11-18,340.9943262943677,341.67630454063544,334.68593646108235,336.90240478515625,58080
2021-11-19,337.07289089431384,340.99433090285726,336.561394194799,338.7778625488281,46294
2021-11-22,339.1188682247069,339.1188682247069,332.9809855784241,333.6629638671875,21337
2021-11-23,332.2989519721273,332.9809562165565,326.16106986707575,326.8430480957031,28131
2021-11-24,329.05953842869513,331.1054992675781,326.5020808761405,331.1054992675781,55590
2021-11-25,331.61699144733444,332.29896971237014,329.0595339297457,329.23004150390625,35090
2021-11-26,326.5020693338328,330.2530017418182,323.9446118716879,326.6725769042969,35441
2021-11-29,326.5021057128906,329.23007104945106,324.79713388149173,326.5021057128906,42766
2021-11-30,323.9445950972472,328.54801308757413,322.58061265157227,325.6495666503906,257124
2021-12-01,329.0595235735263,330.4235060764734,325.4790727552654,329.4005126953125,50283
2021-12-02,328.20702350201384,329.74148749128716,325.13806950766593,329.05950927734375,39861
2021-12-03,329.23001824899285,335.3679002481792,328.7185215784437,331.7874755859375,24547
2021-12-06,332.6399886364932,337.0728994411497,331.4464876354284,334.51544189453125,19471
2021-12-07,335.0269434221705,342.69931617229656,334.344965139592,342.52880859375,55087
2021-12-08,343.21078951851194,351.2241508641948,343.21078951851194,345.08624267578125,35225
2021-12-09,347.4732433517912,347.4732433517912,342.69931731047456,345.25677490234375,25004
2021-12-10,342.6993270843952,344.06330970878753,341.33534446000283,343.7223205566406,31014
2021-12-13,344.4042870806258,347.4732413765842,342.01733708143803,345.9387512207031,16737
2021-12-14,346.10926188443193,346.10926188443193,335.3679347607198,337.0729064941406,21366
2021-12-15,338.77788771714336,340.4828594983225,335.0269550017101,340.3123779296875,19914
2021-12-16,341.16483775031105,347.47322765546016,341.16483775031105,346.96173095703125,21825
2021-12-17,346.1092909080992,346.4502800802169,342.01736881107473,343.892822265625,77973
2021-12-20,339.28936111125864,344.915772805209,338.94837198164413,342.86981201171875,29406
2021-12-21,344.23376528134634,345.5977478027344,341.33531868327344,345.5977478027344,22612
2021-12-22,346.10926719889704,346.45025634765625,341.84683779989587,346.45025634765625,24012
2021-12-23,344.7452535577143,345.93872847884967,342.3583037154435,345.08624267578125,19632
2021-12-27,344.233781761722,351.3946838378906,343.2108143335579,351.3946838378906,19238
2021-12-28,352.0766523425706,353.7816240246169,351.565155634796,352.92913818359375,11728
2021-12-29,353.78160243444944,353.78160243444944,348.32569858801827,350.0306701660156,10498
2021-12-30,348.6667234018919,352.07666690704485,347.4732483782492,348.4962158203125,12918
2022-01-03,349.519210718098,350.7126857466574,345.42728890137863,346.45025634765625,13182
2022-01-04,348.66669405228527,348.66669405228527,338.9483610838172,341.6763000488281,32838
2022-01-05,339.630364935337,344.5747985839844,339.630364935337,344.5747985839844,18513
2022-01-06,341.8468166758346,343.5517883300781,338.7778624950356,343.5517883300781,20956
2022-01-07,341.84683339743384,344.5747985839844,339.800872515423,344.5747985839844,20642
2022-01-10,346.1092616055077,346.9617474715311,340.4828496865924,341.8468322753906,20007
2022-01-11,345.0862614588975,347.3027298706787,343.04030062333163,345.4272766113281,20353
2022-01-12,344.74526333962814,344.74526333962814,337.925376721571,338.7778625488281,30055
2022-01-13,338.4368806334423,338.4368806334423,333.66295469590557,336.5614013671875,35293
2022-01-14,333.3219763836163,339.11886991440093,332.63999809145486,337.7549133300781,21510
2022-01-17,337.75488675090554,340.14183660143686,336.5613858098377,338.266357421875,12269
2022-01-18,338.43686559290575,338.43686559290575,331.6169791325953,334.8564147949219,12478
2022-01-19,334.85645369235317,336.39094393365303,332.4695035602937,335.3679504394531,16782
2022-01-20,334.6859508411816,335.53843669354535,331.27600743172644,332.469482421875,23154
2022-01-21,328.20703840747325,331.61698166365477,328.20703840747325,330.7644958496094,23058
2022-01-24,328.20701938896593,328.7185160509141,315.5902404785156,315.5902404785156,30488
2022-01-25,314.5672518027211,319.34117735844296,308.5998513620191,317.4656982421875,29708
2022-01-26,321.898690613048,322.23967978002446,317.2952718193517,317.6362609863281,23641
2022-01-27,317.1247413246991,323.603639092558,314.39677615429406,321.55767822265625,19741
2022-01-28,323.944620361179,325.3086029132288,320.1936878548944,322.41015625,19150
2022-01-31,323.7741030259107,328.548028806271,323.7741030259107,323.9446105957031,32026
2022-02-01,327.6955364822455,329.5710156495129,325.4790681979663,327.5250549316406,23062
2022-02-02,329.0595411782442,329.0595411782442,322.751151032392,327.0135803222656,15469
2022-02-03,321.2166917626807,322.5806744697443,316.1017761230469,316.1017761230469,30810
2022-02-04,317.6361850817206,319.68214561046767,312.5212707519531,312.5212707519531,33232
2022-02-07,314.2262709537903,314.2262709537903,309.6228528388459,313.2032775878906,19554
2022-02-08,310.9868016092885,316.613212950889,310.9868016092885,314.0557556152344,22537
2022-02-09,316.27224526494376,324.4561144965234,315.4197594286501,321.7281494140625,16923
2022-02-10,322.239674641753,330.5940261705874,322.239674641753,328.5480651855469,40504
2022-02-11,324.79709576527466,326.5020673965884,322.239638318304,322.58062744140625,41086
2022-02-14,317.46570601295366,318.6591809271471,313.7147737044306,316.61322021484375,24208
2022-02-15,316.44275283852375,323.2626395288729,316.44275283852375,321.7281494140625,24559
2022-02-16,321.72817841592166,323.9446469932471,320.36419575173636,323.7741394042969,18121
2022-02-17,325.3085785210705,325.3085785210705,316.78372072972064,318.8296813964844,13641
2022-02-18,317.63622203744416,322.0691326961812,316.61322864614954,317.1247253417969,14208
2022-02-21,319.1707016273247,323.4331309386293,316.78375161931575,320.1936950683594,69818
2022-02-22,317.29523867481737,323.2626395288729,313.88529532964276,321.7281494140625,55516
2022-02-23,322.2396565073555,326.5020858262359,321.38717064357945,321.55767822265625,44745
2022-02-24,315.4197382799444,320.87564206324805,314.05575583016815,318.8296813964844,58414
2022-02-25,319.00022388815614,332.2989826861932,318.8297163073385,331.61700439453125,42406
2022-02-28,327.3545675026371,331.95798590498225,326.33157407286996,327.695556640625,70749
2022-03-01,328.2070775442895,329.40055262310767,319.34122922417635,326.5021057128906,19266
2022-03-02,324.2856213078753,327.1840680766848,320.5346886649569,322.06915283203125,30085
2022-03-03,320.3641677141178,321.89865783295784,312.0098169028225,313.5442810058594,46931
2022-03-04,311.1573317938649,314.0557784485101,309.2818525383751,310.13433837890625,54533
2022-03-07,306.04240263872083,313.0327966150626,300.2455095967316,309.7933349609375,26307
2022-03-08,312.0098394368216,322.23967023802885,309.11139257964055,314.39678955078125,36930
2022-03-09,316.9542107557326,324.4561014223039,315.9312434028834,324.1151123046875,35909
2022-03-10,326.3315703154137,328.03654200152516,321.8986595410059,322.41015625,22974
2022-03-11,323.43312679493556,327.69555605163157,320.8756692409179,326.3315734863281,23226
2022-03-14,327.1840315667961,332.4694538028022,323.9445960129868,331.7874755859375,20708
2022-03-15,331.2760149455843,336.39093017578125,325.9905921347257,336.39093017578125,49524
2022-03-16,336.7318822064984,336.7318822064984,330.5939742004645,335.1974182128906,46936
2022-03-17,338.6026337067231,343.3175964355469,334.0623357420528,343.3175964355469,28883
2022-03-18,343.142991948813,348.03256662894523,341.39671718062567,345.9370422363281,64999
2022-03-21,345.76242515498177,346.46092444637384,342.0952372600736,343.6669006347656,17827
2022-03-22,343.1429619937573,345.58773579738494,339.1265250483382,343.8414611816406,23186
2022-03-23,345.5877498408713,346.46088718422476,343.3176140649821,344.01611328125,19689
2022-03-24,344.8892622582706,354.66841149211024,343.6668752655502,353.6206359863281,34518
2022-03-25,354.1445162061509,354.1445162061509,349.7788294349854,353.09674072265625,17364
2022-03-28,353.09673644661257,356.5892858212498,352.922124965503,355.1922607421875,24558
2022-03-29,354.4937953747702,364.2729452159383,354.4937953747702,360.7803955078125,92054
2022-03-30,357.1131753108644,362.0027497885825,356.2400379629161,359.0340881347656,25841
2022-03-31,359.03409835613894,359.03409835613894,353.6206359863281,353.6206359863281,41612
2022-04-01,352.0489630487676,360.60569776095235,352.0489630487676,359.55792236328125,30924
2022-04-04,362.35199100829607,369.3370896301427,362.35199100829607,368.8132019042969,32197
2022-04-05,371.08339161392985,375.7983282016991,367.41620390897674,371.7818908691406,42364
2022-04-06,369.3370809240774,375.09979248046875,368.6385817367725,375.09979248046875,31503
2022-04-07,375.4490409498756,380.1639770651553,367.416167089743,374.2266540527344,37155
2022-04-08,378.59236919684616,378.76698068333206,373.8774327251191,378.0684814453125,27015
2022-04-11,377.195344074769,383.48194380109703,371.95651985150835,378.0684814453125,27508
2022-04-12,375.27442373544784,375.27442373544784,366.3684387207031,366.3684387207031,18492
2022-04-13,367.5908384539273,373.1789123791261,367.5908384539273,371.2580261230469,15481
2022-04-14,369.86097955184863,372.48039155059257,369.5117299478901,370.5594787597656,11525
2022-04-19,365.1460576815759,366.54305615249564,355.0176588911807,357.4624328613281,18739
2022-04-20,357.6370488713642,358.85943578082646,351.5250876780168,353.2713623046875,20403
2022-04-21,353.62060968822317,354.66838511608415,343.1429619937573,343.8414611816406,22294
2022-04-22,341.3967055124254,349.7788294424495,341.0474558999322,347.5086669921875,20043
2022-04-25,340.5235792583016,342.9683532714844,337.0310297274472,342.9683532714844,17045
2022-04-26,343.492244640195,343.84149426774314,334.41162109375,334.41162109375,26793
2022-04-27,336.15787506103516,343.666861495502,334.58623851137236,342.26983642578125,26918
2022-04-28,344.36535423265235,344.5399923553478,339.6504180262764,342.61907958984375,20579
2022-04-29,342.61910364760655,346.63554093729675,341.2220785060572,342.9683532714844,20290
2022-05-02,342.0951797774174,345.41311746911265,327.42648395466273,338.6026306152344,26623
2022-05-03,341.39671243727923,341.5713505700869,337.20566371027513,339.4757995605469,17656
2022-05-04,339.8250759491945,339.8250759491945,331.7922014658174,333.8877258300781,20427
2022-05-05,335.6339664467785,335.6339664467785,328.8235062939213,331.2682800292969,21785
2022-05-06,330.04590598151776,332.665317933752,328.47426946859173,330.5697937011719,16957
2022-05-09,328.6488829485689,331.0936834398512,326.02947098036134,326.7279968261719,19771
2022-05-10,326.9026021695625,334.41158833341024,325.5055771501896,332.6653137207031,26745
2022-05-11,323.0608286064073,326.0294903508802,306.6458566221186,315.0279541015625,78947
2022-05-12,311.0115490867031,312.0592979674515,302.97867443743917,308.2174987792969,38365
2022-05-13,308.9159807624638,308.9159807624638,302.28015828393256,305.4234313964844,35872
2022-05-16,306.47121538945737,313.1070646986076,305.42343989210394,312.4085388183594,27300
2022-05-17,314.3294195730156,319.0443555374038,311.01150858038113,313.63092041015625,41450
2022-05-18,315.0279288896079,316.7742034990759,312.2339055020807,313.8055419921875,38521
2022-05-19,312.5831494227278,313.1070371252691,307.693575275735,309.4398498535156,30137
2022-05-20,310.31303035601354,315.3772433244313,309.7891425805166,314.3294677734375,34610
2022-05-23,320.26677941691037,320.4414175508301,311.71004377560314,315.9010925292969,46162
2022-05-24,313.9801911534914,328.125,313.6309415485227,328.125,694694
2022-05-25,328.12500217302363,330.04591498212807,324.28320320085174,329.87127685546875,89390
2022-05-27,327.25185900680464,328.64888405710144,322.18767317626975,327.60113525390625,60152
2022-05-30,328.99812302214127,330.0458984375,323.58468776554975,330.0458984375,40550
2022-05-31,329.6966519069004,331.96681423055145,326.0294645651536,327.0772399902344,452770
2022-06-01,329.8712767783099,329.8712767783099,324.283203125,324.283203125,41634
2022-06-02,323.759344853826,325.6802578372874,321.31457073491094,323.41009521484375,27520
2022-06-03,326.7279782207028,326.7279782207028,320.7906287765785,323.060791015625,43192
2022-06-07,321.314579714275,321.314579714275,312.5832052655175,319.21905517578125,50043
2022-06-08,320.2667810342035,320.6160573038069,316.7742315064759,319.742919921875,25608
2022-06-09,319.742925893904,322.7115877187123,316.0757381628805,316.42498779296875,31386
2022-06-10,316.4250007536305,316.59963889884716,311.5354257940034,315.72650146484375,51190
2022-06-13,311.88465139464176,313.980175566462,306.8204391128712,310.31298828125,56496
2022-06-14,309.0906330217634,311.1861574079575,303.8518087332589,305.59808349609375,52059
2022-06-15,304.3756597043905,306.9950715320599,299.48608563020065,305.9472961425781,31990
2022-06-16,301.0577174822912,305.0741542194078,298.263694229627,302.4547424316406,27846
2022-06-17,302.45479337907534,307.34436820241245,301.75629410975824,302.2801818847656,18363
2022-06-20,302.97865313867743,303.8517904676073,300.88312887845296,301.9308776855469,25079
2022-06-21,302.28019551486426,304.550331565527,298.26375792008815,299.48614501953125,23434
2022-06-22,299.8353445033996,302.62939453125,297.73982030552975,302.62939453125,33173
2022-06-23,301.75629871563257,305.5980980475944,299.48613608664255,303.67718505859375,36271
2022-06-24,304.0264455118187,316.7742299068196,303.85180737789887,315.9010925292969,24756
2022-06-27,317.9966181486446,322.7115542814012,316.0757054131338,322.3623046875,46936
2022-06-28,323.06080957440173,323.06080957440173,316.7742101891339,319.04437255859375,32245
2022-06-29,316.94886637850567,322.7115783691406,316.0757290055621,322.7115783691406,34333
2022-06-30,319.2190139701388,321.6637878417969,316.5996019736323,321.6637878417969,42293
2022-07-01,321.6637985589288,324.8070983886719,317.12350026800004,324.8070983886719,30531
2022-07-04,325.156374063308,327.2518985690679,323.9339869887847,326.90264892578125,16458
2022-07-05,328.4742604517865,328.4742604517865,321.1398858700343,323.5846862792969,28625
2022-07-06,326.3787392214624,329.17278947221473,321.4891912517029,328.2996520996094,42781
2022-07-07,328.9981233710755,335.63397216796875,327.4264868924062,335.63397216796875,33608
2022-07-08,334.9354879197827,335.63398713121273,328.8235265586408,331.09368896484375,39776
2022-07-11,331.26830369200235,333.8877157295976,331.26830369200235,333.7131042480469,41162
2022-07-12,332.49071022226633,336.5071475789193,329.3474369089228,336.15789794921875,31356
2022-07-13,333.5384543736776,335.80861672218214,330.3951547100587,335.28472900390625,33375
2022-07-14,332.8399864980056,336.15789794921875,331.4429613331647,336.15789794921875,22787
2022-07-15,339.4758032504647,345.06390380859375,334.4116170964533,345.06390380859375,33572
2022-07-18,342.269832189685,346.286269223159,338.777282881627,344.3653564453125,28135
2022-07-19,342.61908927992033,345.7623890550831,341.3967023245896,344.8892517089844,40841
2022-07-20,345.76237391737374,346.2862616313042,342.44446280587397,343.8414611816406,24603
2022-07-21,345.76240200428174,345.76240200428174,335.9832527033211,344.1907653808594,26620
2022-07-22,344.3653704140204,348.38180761041565,341.3967087109587,344.5400085449219,27037
2022-07-25,342.09520261321745,347.334026706198,340.8728156540628,345.76239013671875,18642
2022-07-26,345.76239546397676,350.1280822753906,342.79373376142286,350.1280822753906,20632
2022-07-27,350.3027270324502,351.0012262770739,343.4922394901975,344.1907653808594,21472
2022-07-28,345.0638865652228,345.4131361711438,338.0787878626559,342.26983642578125,28789
2022-07-29,345.2385067497473,345.2385067497473,333.88772107188584,338.07879638671875,39695
2022-08-02,338.07882341995116,341.5713731385621,334.4116355569939,341.0474853515625,44644
2022-08-03,338.0787952908325,344.3653682736475,333.5384703759904,342.7937316894531,33598
2022-08-04,339.9996718417662,342.79372196332196,339.6504222380809,340.5235595703125,28326
2022-08-05,340.523547840706,344.5399847598292,339.47577241970487,342.0951843261719,21671
2022-08-08,343.31762377405954,343.31762377405954,340.34893540587325,340.6982116699219,19424
2022-08-09,340.8727960120761,343.8414574978289,339.99965871355846,343.3175964355469,66313
2022-08-10,342.96836315163415,342.96836315163415,338.60267611230057,339.65045166015625,45994
2022-08-11,340.1743353058717,341.39672233284296,334.93551092224754,336.15789794921875,39503
2022-08-12,337.3802784937755,339.126553254764,335.8086418673011,336.50714111328125,23544
2022-08-15,339.301214979303,341.3967395089736,335.9832767151211,338.95196533203125,29463
2022-08-16,340.5235849355722,340.5235849355722,332.49071022226633,336.15789794921875,27417
2022-08-17,335.4593680078831,335.6339794837436,330.22054410341457,330.5697937011719,45853
2022-08-18,329.52201297491496,334.5862253222713,329.52201297491496,331.79217529296875,32303
2022-08-19,330.74441808860263,335.4593811035156,330.74441808860263,335.4593811035156,37574
2022-08-22,335.28471362517917,336.507100481064,332.49066368655537,336.3324890136719,34442
2022-08-23,331.09367610866104,334.06233761102254,328.82351379060725,331.79217529296875,29598
2022-08-24,328.998163964987,333.53848913519056,328.998163964987,333.1892395019531,19196
2022-08-25,333.0145777070468,333.53846544270874,328.6488909865925,330.7444152832031,26279
2022-08-26,331.4429374760939,332.66532441507843,328.4742758682638,330.2205505371094,52137
2022-08-29,327.2518615722656,329.1727743622372,325.3309754283309,327.2518615722656,34375
2022-08-30,324.63246775957185,328.99815466675295,324.63246775957185,325.33099365234375,29334
2022-08-31,325.6802213804743,326.90260830309717,323.7593086120408,326.7279968261719,81641
2022-09-01,324.10858265390493,326.0294687632392,323.41005681284463,324.9817199707031,20743
2022-09-02,327.42651785898335,330.9190673828125,324.28321795832943,330.9190673828125,25497
2022-09-05,327.6011162630162,336.3324890136719,326.02945318027713,336.3324890136719,28328
2022-09-06,337.03103943655606,340.52358906802294,335.6340142547615,339.65045166015625,32941
2022-09-07,337.7294873369488,341.04742496981896,333.71307718847515,336.3324890136719,37455
2022-09-08,340.52355736801303,341.39669469459767,335.28473340850513,338.77728271484375,31774
2022-09-09,336.3325263383128,340.6982131981245,335.8086385859278,339.4757995605469,29347
2022-09-12,338.77726272544146,338.77726272544146,333.71307718847515,336.3324890136719,41859
2022-09-13,335.11012241407843,336.5071475789193,333.88773538710717,336.15789794921875,55429
2022-09-14,337.5549326464318,338.9519578507239,334.7608822378475,338.4280700683594,59933
2022-09-15,341.5713254980018,346.2862616313042,339.301163168327,343.8414611816406,56761
2022-09-16,343.14297156700724,348.38179556039665,340.5235595703125,340.5235595703125,544544
2022-09-19,338.7772687317577,340.6981814293726,335.98321874359704,338.6026306152344,61419
2022-09-20,337.904153942382,339.4757905116061,334.06235493736085,334.58624267578125,53328
2022-09-21,332.1414226221818,334.76083451454286,329.52201072982064,330.0458984375,38467
2022-09-22,326.5533806571468,329.87129204818916,323.0608311314019,325.33099365234375,27522
2022-09-23,325.6802169270498,328.82351657512396,322.1876676838643,323.2354431152344,46811
2022-09-26,322.01303730914833,323.0608127657221,314.678689051242,316.0757141113281,42231
2022-09-27,317.82199634553217,327.7757568359375,316.599609381103,327.7757568359375,60613
2022-09-28,343.31760320605935,346.81015246900586,338.77727850581437,340.872802734375,58356
2022-09-29,338.9519568407544,341.0474813179289,334.2369934595627,337.554931640625,32155
2022-09-30,337.7294933246886,341.22204248687166,336.1578568601204,338.6026306152344,38087
2022-10-03,335.9832443422559,339.1265441569167,334.7608573715649,337.2056579589844,18674
2022-10-04,338.7772688522413,346.46086635336246,337.55488197424955,346.2862548828125,30219
2022-10-05,346.6355075114996,346.6355075114996,341.7459333105937,343.3175964355469,22042
2022-10-06,344.7146495718537,345.0639258635897,340.52360053142144,343.6669006347656,29442
2022-10-07,345.4131481281621,345.4131481281621,339.1265484198166,340.6982116699219,13593
2022-10-10,339.47581797551845,339.47581797551845,333.8877438210402,337.554931640625,22649
2022-10-11,339.8250982792566,341.0474853515625,335.1101348423001,341.0474853515625,30558
2022-10-12,341.57136018800117,342.61910907623553,339.12655949004346,341.7459716796875,36190
2022-10-13,337.55489578683256,338.77728271484375,334.4115960819205,338.77728271484375,16476
2022-10-14,339.30115982765295,344.7145950955394,339.30115982765295,341.2220458984375,17998
2022-10-17,341.2220631241042,344.01611328125,340.17431429970236,344.01611328125,26349
2022-10-18,342.2698428666771,348.03255473394603,340.52356815817365,347.5086669921875,36074
2022-10-19,348.2071596645484,348.2071596645484,341.57133721393933,342.26983642578125,26541
2022-10-20,342.2698615018574,344.54002407572034,341.39672410006693,343.49224853515625,60183
2022-10-21,343.6668776243725,345.2385142477949,341.22207697611327,344.1907653808594,21351
2022-10-24,344.0161324230452,348.55645751953125,344.0161324230452,348.55645751953125,18255
2022-10-25,348.90569950238466,354.49377335913385,348.20717361651725,353.6206359863281,41345
2022-10-26,353.62061190081437,355.716136123612,350.65195036468145,353.2713623046875,20690
2022-10-27,352.2236022851512,353.09673963669894,345.93702934162985,346.6355285644531,22897
2022-10-28,346.6355476660731,351.874372064049,346.28629803541577,351.1758728027344,16048
2022-10-31,351.52512650923285,354.6684265136719,349.4296020549532,354.6684265136719,31999
2022-11-01,356.7639206575117,356.7639206575117,351.5250966438802,352.5728454589844,45827
2022-11-02,353.79526873432826,357.63706778699145,352.39824362989503,354.843017578125,66769
2022-11-03,353.44597948550376,353.44597948550376,348.0325440430558,349.95343017578125,32709
2022-11-04,350.4773145706631,350.4773145706631,347.1594034163734,347.3340148925781,50688
2022-11-07,348.38179788829694,349.77882295840976,345.93702400012717,347.85791015625,40068
2022-11-08,346.11164843795797,348.7310605502221,341.57135009765625,341.57135009765625,64373
2022-11-09,341.39669918376967,348.73104749431593,341.39669918376967,347.85791015625,38435
2022-11-10,348.032579826216,351.00124171549743,345.4131675746078,348.7310791015625,45637
2022-11-11,348.207143990417,348.207143990417,340.5235464218762,343.3175964355469,22790
2022-11-14,327.42649859846097,331.2682975194756,324.8070866096733,326.37872314453125,75167
2022-11-15,325.33097396943595,329.1727728861143,323.933948914452,328.4742736816406,29818
2022-11-16,327.0772467830129,327.6011345064335,323.2354478879897,324.6324462890625,26855
2022-11-17,324.4578346206875,324.8070842207498,318.1712352354197,319.04437255859375,23266
2022-11-18,319.0443955734033,320.61605885611306,317.6473704263407,318.5205078125,31299
2022-11-21,318.3458655184793,321.8384147251636,318.3458655184793,320.61602783203125,29395
2022-11-22,320.6160476118778,321.48918496741555,317.29810967321185,317.4727478027344,39658
2022-11-23,317.8219778082695,321.66377660641507,317.64733968952095,320.61602783203125,31047
2022-11-24,320.79068295341784,323.9339829963368,320.2667951719248,323.41009521484375,23685
2022-11-25,323.9339445321308,326.20410688501335,323.23544533710674,324.9817199707031,14939
2022-11-28,326.0294645651536,328.82351460134504,324.9817157861088,327.0772399902344,34743
2022-11-29,328.2996656000249,329.87130227692853,324.28322819166783,325.505615234375,33602
2022-11-30,327.07729101640723,330.39520263671875,326.02951542786667,330.39520263671875,207683
2022-12-01,328.82352585597425,330.7444120063205,327.25186266455984,328.125,40350
2022-12-02,327.2518840690693,328.82354736328125,324.63247189142135,328.82354736328125,40763
2022-12-05,328.8235291138255,330.7444152832031,326.3787285627488,330.7444152832031,35210
2022-12-06,330.2205472309491,330.3951587084633,325.50558435544275,327.60113525390625,29340
2022-12-07,325.5056053257949,326.7280189773301,319.0443940287065,319.742919921875,47914
2022-12-08,320.7906537609267,324.283203125,320.09215454652684,324.283203125,50612
2022-12-09,324.1085859511825,327.60113525390625,321.8384235752047,327.60113525390625,42876
2022-12-12,325.85486741550585,326.378728505038,320.0921556163177,325.1563415527344,35584
2022-12-13,326.3787205802484,327.60113414890776,324.10858485796433,326.7279968261719,55135
2022-12-14,325.68024639287677,328.29965856225647,323.9339716132903,327.9504089355469,43542
2022-12-15,327.6011642689958,327.6011642689958,322.71158948291367,323.75933837890625,39283
2022-12-16,322.36230835979217,324.6324440690292,320.4413956023987,322.88616943359375,51377
2022-12-19,322.18769966134425,323.23547519670717,320.6160630043385,322.0130615234375,33498
2022-12-20,320.26677941691037,322.18769230587554,314.6787055299727,315.9010925292969,52936
2022-12-21,314.853316311795,320.61602783203125,314.6786781930465,320.61602783203125,49973
2022-12-22,320.79063173479886,321.66376901586585,318.6951075894452,320.0921325683594,24985
2022-12-23,321.48919833337357,322.01305945164586,316.07573584555905,320.26678466796875,26572
2022-12-27,319.5682478726341,319.5682478726341,316.0756987155562,317.12347412109375,12270
2022-12-28,316.9488755611205,317.2981251912087,313.98021373631224,316.42498779296875,14676
2022-12-29,315.55182106893494,317.298095703125,313.45629683711417,317.298095703125,19731
2022-12-30,319.39364541477437,319.39364541477437,312.93243408203125,312.93243408203125,15065
2023-01-03,313.2816778348068,318.5205020571015,313.1070663483531,316.2503662109375,25403
2023-01-04,317.6473506501521,319.9175130420375,315.37721490430346,316.0757141113281,38782
2023-01-05,314.32942400050837,315.72644899193995,309.4398498535156,309.4398498535156,31973
2023-01-06,309.9637776863675,311.7100524902344,308.91600214563186,311.7100524902344,23249
2023-01-09,309.26525124972716,310.3130000523638,307.5189765992963,308.7413635253906,29874
2023-01-10,305.59807020390616,309.4398691858335,304.7249328604664,308.3921203613281,25320
2023-01-11,308.2174924471193,308.39213058000877,302.9786682128906,302.9786682128906,61357
2023-01-12,303.8518185637487,305.59809338308054,299.48613151541895,302.2801818847656,38350
2023-01-13,302.80400071938084,304.8995515267129,302.2801396635832,303.8517761230469,23853
2023-01-16,305.59804770868476,306.99507268456006,304.72491042951714,306.8204345703125,14024
2023-01-17,306.1219301684231,308.9159534263399,306.1219301684231,308.0428161621094,31403
2023-01-18,307.34431679719404,311.3607535390916,306.2965414224261,310.13836669921875,35916
2023-01-19,306.8204474363982,310.66224629662935,306.1219482421875,306.1219482421875,29040
2023-01-20,305.5980506984667,307.6935748597634,303.8517761230469,303.8517761230469,23606
2023-01-23,304.3756725018523,305.77269753122084,302.10551015988295,305.2488098144531,28169
2023-01-24,305.5980749048888,306.29657413197066,303.67716206135736,304.2010498046875,14646
2023-01-25,304.5502863182263,304.5502863182263,297.7398258859935,299.31146240234375,32471
2023-01-26,298.6130075704947,302.1055573666408,298.6130075704947,299.48614501953125,36591
2023-01-27,299.31148929565654,300.0100152014923,297.7398526380938,298.7876281738281,17105
2023-01-30,296.86670029268237,298.438336871111,295.99356293888036,297.7398376464844,20417
2023-01-31,296.5174572375424,296.866706857579,291.27863299887923,291.8025207519531,45407
2023-02-01,291.6278608129659,293.37413542861236,281.32485123906594,285.5158996582031,32197
2023-02-02,283.94429173047706,288.1353405712802,276.78455442756314,278.18157958984375,40539
2023-02-03,277.832315602878,287.9606875524082,277.832315602878,285.6905517578125,27860
2023-02-06,284.64277734870507,288.1353267640266,283.7696399948747,286.5636901855469,25643
2023-02-07,286.56367620659944,287.7860631131249,285.51590077469984,286.3890380859375,20324
2023-02-08,288.8337899660671,289.70692721100204,285.1666295249608,287.7860412597656,25054
2023-02-09,291.10400287565074,291.10400287565074,287.26220365746383,290.2308654785156,28614
2023-02-10,268.0531311035156,273.2919545127048,267.17999386865074,268.0531311035156,2948424
2023-02-13,268.5770824734284,269.6248314161459,262.8143700273418,264.2113952636719,67526
2023-02-14,263.68745295375203,267.005363888796,263.51281484305093,263.8620910644531,54428
2023-02-15,262.9889966391727,265.95765848239046,260.1949462890625,260.1949462890625,116643
2023-02-16,260.54416731546416,262.63969152495406,256.3531188964844,256.3531188964844,64876
2023-02-17,256.1784829997293,260.1949199796288,255.82923340278938,258.0993957519531,71347
2023-02-20,260.3695603303353,261.06805953019546,258.79789716159513,259.8456726074219,28470
2023-02-21,260.19494087040744,261.4173278808594,257.9247783389747,261.4173278808594,37654
2023-02-22,262.2904577229712,262.9889835988819,260.718821132738,260.8934326171875,31652
2023-02-23,260.8934191735086,260.8934191735086,257.7501461550132,258.0993957519531,47208
2023-02-24,259.49644183075696,260.19494108128464,255.30536638947564,255.82925415039062,42294
2023-02-27,256.35313874784987,256.7023883688039,253.2098388671875,253.2098388671875,52345
2023-02-28,253.20982343192367,255.65459727561043,252.51132423259503,254.25759887695312,106148
2023-03-01,255.13075175149174,255.13075175149174,252.68595111273743,253.2098388671875,38324
2023-03-02,253.2098181492393,255.65459194192104,251.81279313369149,255.47998046875,52119
2023-03-03,256.702379433176,256.702379433176,252.86058044433594,252.86058044433594,34898
2023-03-06,253.38444423490176,253.73369381069344,249.5426189630894,250.41575622558594,43258
2023-03-07,250.4157898119586,251.9874530828684,247.9710158074832,248.49490356445312,47611
2023-03-08,247.09787762342842,247.62176537869277,245.0023532484091,246.57398986816406,51414
2023-03-09,247.27250453265154,247.971003743938,244.6530925212719,245.52622985839844,38348
2023-03-10,246.92323086931603,248.84414368954492,243.77995773954098,245.1769561767578,42590
2023-03-13,245.52626070201262,245.87551035152947,241.50982311746836,244.47848510742188,49586
2023-03-14,244.65307845350299,246.39935302734375,243.77994116658263,246.39935302734375,49229
2023-03-15,247.09787656647956,247.7963758064855,245.17696368740621,245.7008514404297,50702
2023-03-16,249.58651476171642,253.74325561523438,248.3213909433103,253.74325561523438,67624
2023-03-17,255.00840513724611,258.44224207810015,254.46621309999745,255.18911743164062,216816
2023-03-20,254.1047329715653,255.9120211788253,252.29744476430534,255.0083770751953,41333
2023-03-21,255.73130995459405,257.53859836416717,255.36985778808594,255.36985778808594,25305
2023-03-22,256.27349266105466,258.4422331581644,255.73130064251933,257.35784912109375,40505
2023-03-23,255.731310507239,256.27350254668914,251.03234960138124,251.39382934570312,55175
2023-03-24,250.49018811649688,253.20112076893935,249.58654389901605,250.3094482421875,45788
2023-03-27,251.57453065219204,252.65891468372703,245.24902148131133,245.6104736328125,80929
2023-03-28,243.441747393784,246.1526800542427,241.27300678082366,242.17665100097656,91948
2023-03-29,241.272983395438,246.8755880481667,241.272983395438,244.52610778808594,79576
2023-03-30,247.05630737822526,248.68288340947888,244.52611476565016,246.87559509277344,65692
2023-03-31,247.9599594615112,249.04434351700442,246.87560298305004,248.5021514892578,37582
2023-04-03,248.5021549419765,249.4057991417655,246.33341437788937,247.5985107421875,43431
2023-04-04,247.9599495782463,249.5865255966536,247.05630542703037,247.23704528808594,25791
2023-04-05,247.77924296077308,258.26149329297544,246.6948589237024,257.35784912109375,38983
2023-04-06,258.4422120471381,264.76772073360655,258.26147219671304,263.50262451171875,47307
2023-04-11,264.5869886071615,265.8521124430109,260.6109599750024,260.972412109375,56438
2023-04-12,260.7917106992253,265.3099315097558,259.88806653711924,262.5989990234375,44308
2023-04-13,263.14118230587616,265.30992270757224,261.6953461790686,264.7677307128906,25064
2023-04-14,265.4906349877792,266.21356683969816,264.4062785754463,264.7677307128906,31201
2023-04-17,266.7557678222656,267.47867212151124,263.50264332159776,266.7557678222656,27830
2023-04-18,264.9485030963998,265.4906675806096,262.4182826696078,264.40631103515625,35114
2023-04-19,265.1292104069264,266.2135945089967,263.1412096558419,265.8521423339844,26820
2023-04-20,264.9484619227691,267.4786543793294,263.1411737175034,266.93646240234375,31455
2023-04-21,268.02085466452377,274.888555572827,267.47866267073107,272.71978759765625,53728
2023-04-24,273.80418542941027,274.1656375845378,271.8161572106613,273.2619934082031,29738
2023-04-25,274.346382392315,277.4187671317883,272.9005461687298,275.9729309082031,33298
2023-04-26,276.33436984588343,276.33436984588343,267.4786682128906,267.4786682128906,28390
2023-04-27,268.7437615981055,272.7197902968872,268.56304931640625,268.56304931640625,28740
2023-04-28,269.4667044138165,274.5270897396653,269.1052246816572,273.2619934082031,38671
2023-05-02,274.34637548562443,275.4307319432404,272.17763499336104,273.6234436035156,32892
2023-05-03,273.6234387408521,275.97291905614713,272.5390823025067,275.06927490234375,25552
2023-05-04,273.8041737874349,276.87655834093067,271.99688551161023,276.5151062011719,30904
2023-05-05,277.59946770288815,278.1416320800781,273.98489144413713,278.1416320800781,22342
2023-05-08,278.1416685263921,281.7562452587794,277.05731205289504,281.2140808105469,30040
2023-05-09,280.12968300136544,281.394779280159,277.05729844514366,280.671875,48316
2023-05-10,280.67185200742085,280.67185200742085,277.05727574866984,278.1416320800781,28604
2023-05-11,279.9489529952228,284.2864615599213,279.58750084242246,281.9369812011719,50349
2023-05-12,283.9249977228856,286.99738226079927,283.0213535895563,285.1900939941406,60073
2023-05-15,284.467165032224,284.8286447508537,282.29842460559934,284.105712890625,19095
2023-05-16,284.6479137127216,285.9130100360385,281.57552904837155,281.9369812011719,25249
2023-05-17,281.39480095829805,284.10573358328554,281.21408866285185,282.84063720703125,28534
2023-05-19,283.56354246386394,287.1781193089204,281.5755417453026,286.27447509765625,28965
2023-05-22,286.8166522177374,287.35884423169404,281.9369792461904,282.2984313964844,27500
2023-05-23,281.03336047518786,286.27448607059966,281.03336047518786,283.7442932128906,26600
2023-05-24,283.74424794181186,285.5515361452629,282.65986398892943,283.92498779296875,21780
2023-05-25,283.56352673975573,285.00936291301065,281.93697828048846,283.0213623046875,26127
2023-05-26,282.1177406586327,286.63596182499754,280.85261667042374,284.4671936035156,34556
2023-05-30,283.7442844136602,285.0093808032827,281.39480393177104,281.7562561035156,33146
2023-05-31,282.47920618548153,285.73233109440184,277.4187927246094,277.4187927246094,377633
2023-06-01,280.12968590073064,280.12968590073064,276.1536571646426,279.5874938964844,42797
2023-06-02,279.4068002461935,283.02137707951016,279.2260603737146,282.84063720703125,39413
2023-06-05,283.0213632741037,283.92500743835427,280.49114306798316,282.2984313964844,29528
2023-06-06,281.9370047210888,283.7442932128906,280.8526205951941,283.7442932128906,20188
2023-06-07,283.7442734924052,283.7442734924052,280.67188878528236,281.2140808105469,28603
2023-06-08,281.0333468791328,281.0333468791328,277.59950994164774,279.0453186035156,38503
2023-06-09,279.22603665396264,279.406776511088,276.3343644021386,276.8765563964844,23813
2023-06-12,277.2380528386003,278.3224370005853,274.88859978269073,277.4187927246094,51965
2023-06-13,276.5151062011719,278.3223944769965,275.6114620632595,276.5151062011719,21190
2023-06-14,275.79218916268604,275.79218916268604,266.2135562285454,267.29791259765625,34422
2023-06-15,266.57501732743026,270.5510459687723,266.39427747131145,269.28594970703125,22058
2023-06-16,270.18960872407155,275.430733916,270.18960872407155,273.2619934082031,63139
2023-06-19,273.081262145347,273.081262145347,269.2859458376289,270.00885009765625,18285
2023-06-20,270.18959773685265,273.2619822960462,268.56304931640625,268.56304931640625,30757
2023-06-21,268.02084696632386,268.7437512192637,262.9604344646565,263.14117431640625,39692
2023-06-22,261.8760419737303,266.21355008109936,261.6953297048995,265.3099060058594,21045
2023-06-23,265.8521276370693,270.3703485175292,265.6713877710382,269.105224609375,19126
2023-06-26,268.2015572754491,268.5630369762994,263.50262451171875,263.50262451171875,43998
2023-06-27,263.14120981310293,264.22556633878804,261.69537353515625,261.69537353515625,18633
2023-06-28,264.76775823191406,267.11723873504417,263.86411400586655,265.8521423339844,23644
2023-06-29,266.5750050384272,266.5750050384272,263.32188081746773,264.22552490234375,17538
2023-06-30,263.5026178553794,267.1171941563393,263.5026178553794,265.3099060058594,48090
2023-07-03,264.5869937513907,268.2015703194536,263.683349609375,263.683349609375,28942
2023-07-04,263.5026344433204,266.21356683969816,263.5026344433204,264.7677307128906,11505
2023-07-05,264.2255758749001,267.4787007234297,264.2255758749001,267.11724853515625,19023
2023-07-06,265.6713846409172,266.57502880636247,261.6953558283642,261.8760681152344,23476
2023-07-07,260.79171949812786,261.51462382139044,256.27349853515625,256.27349853515625,31345
2023-07-10,256.45421082745577,257.90004705101313,255.36985434256192,256.27349853515625,15787
2023-07-11,257.5385771022666,257.5385771022666,255.00838456856522,256.4541931152344,21150
2023-07-12,255.73128597861842,258.8036704714361,255.73128597861842,257.53857421875,19834
2023-07-13,257.71934162318047,260.6109865702832,257.71934162318047,258.62298583984375,27179
2023-07-14,258.6229886801653,262.7797300608413,258.6229886801653,261.69537353515625,23338
2023-07-17,262.2375675732775,263.50266398467795,260.6109914068767,261.33392333984375,21561
2023-07-18,260.0687797843438,262.7797122806797,260.0687797843438,261.8760681152344,12532
2023-07-19,261.69536761991895,264.94849227750865,261.5146277478735,262.77972412109375,14873
2023-07-20,262.599016654427,266.21359354553533,261.51463255628124,265.49066162109375,26857
2023-07-21,266.75576103723,269.10521373853464,266.0328291793411,268.56304931640625,21165
2023-07-24,269.28597838757076,270.0088827349792,265.30994932275826,265.49066162109375,11706
2023-07-25,265.8521423339844,266.57504668400907,264.04485388188937,265.8521423339844,11754
2023-07-26,265.1292045725214,265.4906567395797,261.5146277478735,262.77972412109375,12124
2023-07-27,261.1531462552774,265.85210663047485,257.719309688269,263.14117431640625,23880
2023-07-28,263.32192410717784,265.49066475201204,260.43027910641,261.33392333984375,11198
2023-07-31,261.87607203697894,262.96045608256514,260.7917155684246,261.1531677246094,18819
2023-08-02,257.5385761587806,260.24950853939936,256.6349320319077,257.1771240234375,32565
2023-08-03,256.27350199287247,257.90005053067523,255.36985778808594,255.36985778808594,17873
2023-08-04,255.18911940494473,256.2735034878273,253.38183098482892,254.82766723632812,10358
2023-08-07,254.6469313185322,255.55057554262498,253.92402697007128,254.10476684570312,9481
2023-08-08,254.46621113784963,257.1771437261569,254.2854712678162,255.55056762695312,18427
2023-08-09,255.73132022559383,258.26151306980387,255.55058034656437,256.8157043457031,16317
2023-08-10,256.27349951165155,260.7917204918392,256.0927596416311,259.70733642578125,18296
2023-08-11,260.24951854785843,261.1531627094829,257.53858606298485,258.4422302246094,12736
2023-08-14,259.5266171952351,260.2495215019278,257.35784912109375,257.35784912109375,9387
2023-08-15,257.7193093860853,258.8036657642236,254.1047329715653,255.0083770751953,9814
2023-08-16,253.7432900992089,255.00841408954665,253.0203857421875,253.0203857421875,14137
2023-08-17,253.02034809622123,253.02034809622123,250.67086791992188,250.67086791992188,15574
2023-08-18,251.57452965968412,252.83962597346294,244.52611621360836,246.33340454101562,32050
2023-08-21,246.87559606030445,248.50214452090148,246.1526641845703,246.1526641845703,16283
2023-08-22,246.6948576643475,247.7792416958825,245.6104736328125,245.6104736328125,17988
2023-08-23,249.40579764004693,255.5505671308004,248.8636056080317,252.29747009277344,26460
2023-08-24,253.02036893540534,253.02036893540534,248.68288792732537,249.40579223632812,20162
2023-08-25,247.77924668316382,248.86360315949318,246.69486262980243,248.3214111328125,18957
2023-08-28,248.6828948127473,249.5865390125363,246.87560641316927,247.5985107421875,13142
2023-08-29,248.321386336158,251.39379832153577,248.14067406333118,251.2130584716797,26890
2023-08-30,251.7552756140009,254.4662081706979,250.30943940168945,252.47817993164062,21251
2023-08-31,252.65891727762295,252.65891727762295,248.86360070531774,249.58653259277344,91884
2023-09-01,251.2130584716797,251.75525044421866,249.58651013109204,251.2130584716797,16075
2023-09-04,251.03232004465343,251.75525187114602,249.40577169484666,250.67086791992188,9344
2023-09-05,248.86358981571573,248.86358981571573,245.4297531259097,247.95994567871094,24789
2023-09-06,247.23704870471926,247.23704870471926,243.98392419997992,246.33340454101562,19257
2023-09-07,245.7912271547834,250.85164028808262,245.4297749831977,250.3094482421875,24395
2023-09-08,249.40579764004693,254.6469229364524,249.40579764004693,252.29747009277344,30784
2023-09-11,253.02034523420267,254.46618129380394,249.40576887371407,251.7552490234375,19757
2023-09-12,252.6589178374626,254.82765835057174,251.75527365891446,252.83963012695312,14143
2023-09-13,251.57451718215205,253.74325755206982,250.30942093111918,253.38180541992188,13286
2023-09-14,253.92402697007128,255.0084110697959,253.38183492020897,254.10476684570312,18689
2023-09-15,255.00837943364047,256.99637993379474,253.20109120966578,253.74325561523438,123782
2023-09-18,253.56256992647107,254.28547426104947,251.2130894735422,251.39382934570312,21345
2023-09-19,251.21305989553395,253.7432523456844,249.76722381957822,250.67086791992188,18076
2023-09-20,250.4901528126723,253.02034523420267,250.4901528126723,251.7552490234375,17518
2023-09-21,253.02037494378192,253.02037494378192,244.1646728515625,244.1646728515625,29082
2023-09-22,244.16466196440135,244.88756625833676,241.45372949659688,242.5380859375,38620
2023-09-25,242.17663769967714,244.52611805843856,240.1886094937179,241.815185546875,22561
2023-09-26,241.09225807866858,241.45373781512106,238.56206538569376,240.18861389160156,34668
2023-09-27,241.99591112613274,246.87561197658485,241.815198828322,242.17665100097656,33199
2023-09-28,241.81518898316702,242.71883316652935,240.18861290689566,240.9115447998047,24407
2023-09-29,241.45374124975226,244.88757817863976,240.00790501447187,243.44174194335938,52306
2023-10-02,243.26103067230284,243.8031951329089,238.92352194822612,239.64645385742188,24113
2023-10-03,239.8271671567249,241.45374327645558,237.839166446431,238.92352294921875,22085
2023-10-04,238.3813105881606,239.1042424387578,236.2125701904297,236.2125701904297,60452
2023-10-05,236.9355023202234,241.99588739521505,236.75476246310356,240.3693389892578,32324
2023-10-06,240.91153991913814,242.71882824924865,240.91153991913814,242.3573760986328,16758
2023-10-09,241.27299651536552,245.42976526661715,241.09225664821167,244.8875732421875,19364
2023-10-10,246.33339215142763,246.875584137786,243.9839119285614,245.24900817871094,26754
2023-10-11,244.887566913585,248.68288340947888,244.70682705110198,246.87559509277344,21632
2023-10-12,248.50215841998983,250.12870697156208,246.6948699951172,246.6948699951172,16971
2023-10-13,247.59850183161618,248.14069384738366,243.0802809952728,245.6104736328125,47183
2023-10-16,246.87558481721868,246.87558481721868,240.00788398418203,241.45372009277344,17232
2023-10-17,240.36935960474977,244.5261284817422,240.36935960474977,243.2610321044922,18598
2023-10-18,241.27298312079637,242.71881924666414,240.3693389892578,240.3693389892578,30542
2023-10-19,234.9474900742365,235.67039439749817,227.3568843718599,228.26052856445312,41650
2023-10-20,227.7183345749444,230.06781497088596,226.99541646938425,228.62197875976562,27161
2023-10-23,230.79071730922558,230.79071730922558,227.3568804671581,228.98342895507812,25320
2023-10-24,227.71833359799177,228.98342993590757,225.91104523610295,228.80270385742188,39073
2023-10-25,228.98342895507812,229.34489489901716,226.27249642385692,228.98342895507812,29668
2023-10-26,227.7183439737266,228.4412621091243,224.82668522065242,226.09178161621094,57591
2023-10-27,226.99542335036446,228.80271177479173,225.18813492593716,226.814697265625,35616
2023-10-30,228.07977656524417,231.87509300310376,227.89905049404024,231.33290100097656,29885
2023-10-31,227.89906512903283,229.52562745135197,221.57355571108218,223.38084411621094,42923
2023-11-01,225.73030744523092,228.441239847403,224.10374524622463,227.8990478515625,39923
2023-11-02,228.441249258995,230.06781152501432,227.17613914608407,229.52561950683594,38358
2023-11-03,230.24852666001033,231.15217078835533,227.71832034294127,228.4412384033203,29105
2023-11-06,228.4412517004505,228.80270385742188,226.45323726007598,228.80270385742188,24141
2023-11-07,227.71832178245407,228.98341805472828,226.99540371750516,227.8990478515625,21523
2023-11-08,227.899073376138,230.97147204914918,227.899073376138,229.34490966796875,34423
2023-11-09,230.42927999258345,232.41730834097993,228.98344370075267,229.34490966796875,26666
2023-11-10,229.7063390641502,230.0678049955157,226.63395448437817,227.35687255859375,13396
2023-11-13,227.71833359799177,229.88707411685198,226.09177131458864,228.80270385742188,22231
2023-11-14,229.8870879360177,229.8870879360177,228.26053934335408,229.34490966796875,30681
2023-11-15,229.52561299272514,231.1521752125814,226.8146805558032,227.35687255859375,36443
2023-11-16,227.53759765625,228.62196786867503,226.6339535144766,227.53759765625,29034
2023-11-17,226.99541646938425,228.80270483902666,226.99541646938425,228.62197875976562,19121
2023-11-20,228.80271761140304,229.8870879360177,226.99542914087297,229.34490966796875,24369
2023-11-21,228.62196786867503,228.62196786867503,226.0917615140064,227.53759765625,34098
2023-11-22,227.53760499128646,228.44124916219027,225.0073985550526,225.3688507080078,38402
2023-11-23,225.7303103387375,227.71832470144386,225.18811833594694,227.35687255859375,15518
2023-11-24,227.89906212757836,228.80270631824166,227.35688388629003,228.0797882080078,23243
2023-11-27,228.44124866896772,228.62197474505513,225.73031616210938,225.73031616210938,34543
2023-11-28,224.2844873304363,225.18813152901865,221.75428081670248,223.5615692138672,47388
2023-11-29,223.7423032037304,226.99541396001493,223.56156333795138,225.18812561035156,28933
2023-11-30,224.64594591706918,226.81468640714957,223.019383655251,225.73031616210938,183331
2023-12-01,225.54959404677993,228.80270483902666,225.00740202048078,228.62197875976562,33413
2023-12-04,230.06780351335027,236.0318603515625,229.8870636545742,236.0318603515625,42267
2023-12-05,237.65840375484973,241.81517222566376,235.6703756584078,241.45372009277344,47101
2023-12-06,241.09224471385753,241.09224471385753,238.38131230293547,239.8271484375,29324
2023-12-07,240.00789219854343,241.63444064073423,238.56205604046772,239.104248046875,28066
2023-12-08,239.1042526534858,246.333406006111,238.92351278885752,245.7912139892578,44569
2023-12-11,246.1526834078925,247.23706751766315,243.44175071049935,245.42977905273438,29342
2023-12-12,245.24902197240462,247.05631031056092,243.9839256511015,245.7912139892578,41171
2023-12-13,245.42976674582465,246.5141232241875,243.6224783715211,244.3453826904297,25285
2023-12-14,245.429767712784,247.05631622525271,236.39332580566406,236.39332580566406,44689
2023-12-15,235.8511233990009,237.11621969493032,233.1401909461388,234.94747924804688,63523
2023-12-18,235.85113377583042,237.47768228829915,234.4052975552848,236.39332580566406,39257
2023-12-19,236.3933154049795,238.01986384588434,234.58602710307144,234.94747924804688,26080
2023-12-20,235.85113476717592,237.8391630259114,235.12823044238064,235.67039489746094,25779
2023-12-21,234.4052975552848,237.29696999637605,232.23655701298244,236.39332580566406,23865
2023-12-22,234.58602710307144,235.8511233990009,233.68238295211742,234.94747924804688,22114
2023-12-27,233.1402065671667,236.7547834131693,233.1402065671667,235.12823486328125,15114
2023-12-28,234.58601910435576,236.0318552119895,233.3209228515625,233.3209228515625,12854
2023-12-29,234.04382979269877,236.2125701904297,233.50163779900848,236.2125701904297,17947
2024-01-03,241.09226437468027,246.51412963867188,239.82716799515546,246.51412963867188,49703
2024-01-04,249.40578327079348,250.670879554587,244.88756255936607,247.41775512695312,42212
2024-01-05,247.59851818217493,249.4058066360594,244.70684562514643,245.9719696044922,38793
2024-01-08,245.791217423893,246.69486160559848,243.80318919332814,244.8875732421875,17729
2024-01-09,245.7912253009528,247.77925359522948,244.8875810902875,246.51412963867188,19201
2024-01-10,244.16465827634997,247.5984949862225,242.357369991779,247.41775512695312,24667
2024-01-11,248.3214135975508,249.04434549931125,243.80319262541897,243.9839324951172,16128
2024-01-12,245.7912139892578,247.41776246278587,244.88756982017966,245.7912139892578,15214
2024-01-15,244.70681762695312,245.2490096164901,243.80317350340155,244.70681762695312,12963
2024-01-16,242.35738544967344,243.6224818141566,240.18861730823664,243.44174194335938,21202
2024-01-17,241.81518849200444,241.81518849200444,239.4657081046281,240.73080444335938,20455
2024-01-18,240.55009757405813,240.7308098682167,237.8391649683867,239.46571350097656,22861
2024-01-19,240.73081486407958,243.08029535315987,237.65843002929756,238.01988220214844,16314
2024-01-22,238.20061566013402,240.73080837896157,237.11623159376086,240.00790405273438,29214
2024-01-23,240.36935124116243,240.36935124116243,236.21258250880365,237.29696655273438,32418
2024-01-24,238.2006082724397,238.2006082724397,235.1282236157143,237.47767639160156,38522
2024-01-25,236.57403261097855,236.75477247574213,232.05581176220485,233.50164794921875,32648
2024-01-26,233.86309876358163,238.9235116006595,233.86309876358163,238.2006072998047,27961
2024-01-29,237.83914863120071,238.38131305346766,236.0318603515625,236.0318603515625,38378
2024-01-30,236.93551635742188,238.01987283329242,236.0318721723471,236.93551635742188,23990
2024-01-31,238.01985649804084,238.01985649804084,235.12821185047366,236.5740203857422,31054
2024-02-01,233.14020529063606,233.14020529063606,223.2001190185547,223.2001190185547,57324
2024-02-02,224.28447057534808,225.91103276898784,222.83864823873566,224.10374450683594,31966
2024-02-05,224.64595029209778,225.18812853091904,219.7662634116103,220.4891815185547,31609
2024-02-06,220.48918299777162,221.39282719038545,216.87460622731635,219.94699096679688,34906
2024-02-07,220.30845987858976,221.2121040833514,218.13970551405205,219.40481567382812,40048
2024-02-08,217.9589760031721,220.48918249441783,215.7902354612564,216.1516876220703,28437
2024-02-09,216.51314120926853,216.51314120926853,213.07929072353258,215.6094970703125,22980
2024-02-12,214.52512095038003,217.23605346679688,214.16366879693078,217.23605346679688,39284
2024-02-13,218.68190350671034,219.94699991241686,217.4168071010038,217.77825927734375,27604
2024-02-14,217.59752235821566,218.13970059573856,215.97096006861491,216.69387817382812,26523
2024-02-15,217.9589581950558,217.9589581950558,215.24802584489711,216.8745880126953,24195
2024-02-16,216.8745983989135,218.8626127932004,216.69387232461753,218.3204345703125,25400
2024-02-19,220.12772158144244,222.83865404530988,219.04333756508302,222.47718811035156,31162
2024-02-20,223.2001190185547,224.46521539232214,221.57355668905626,223.2001190185547,29128
2024-02-21,222.296463989848,222.296463989848,220.1277235151094,222.11573791503906,36440
2024-02-22,223.38083817141475,223.38083817141475,218.6818912008355,220.8506317138672,38698
2024-02-23,221.0313910583879,223.9230499267578,220.4891989880923,223.9230499267578,22942
2024-02-26,224.46519244712186,225.00738443103634,221.2120819091797,221.2120819091797,23259
2024-02-27,221.03136816012383,222.47719055026684,219.04333996733916,221.7542724609375,41166
2024-02-28,221.935024608693,224.10376520820452,221.5735586497634,222.8386688232422,36014
2024-02-29,223.92302672892558,225.00739696866177,221.21209423532724,221.7542724609375,74048
2024-03-01,223.20010473415053,225.00739303159304,222.1157345133881,223.01937866210938,25688
2024-03-04,223.20010521381192,224.82666744270878,221.7542690573446,222.6579132080078,26072
2024-03-05,223.20010876464843,226.99541150010936,222.65791675021873,225.91104125976562,38592
2024-03-06,226.0917629569516,226.9954071044922,224.82666666580096,226.9954071044922,26331
2024-03-07,227.53761045267532,229.16417275704634,226.09177422911972,228.26052856445312,23866
2024-03-08,227.71832034294127,228.62196447128628,226.81467621459626,228.4412384033203,18205
2024-03-11,228.98343776756838,231.51365810697013,228.62198559823466,230.97146606445312,24486
2024-03-12,232.41729198075188,234.58603247732012,231.33290794395197,233.68238830566406,33552
2024-03-13,234.58601532777797,234.58601532777797,229.344876757626,230.0677947998047,57958
2024-03-14,231.57029701819772,232.50934929429943,228.94094777935285,230.255615234375,45488
2024-03-15,230.25561422393227,231.57029600198572,227.8140869140625,227.8140869140625,89372
2024-03-18,227.81407794165847,228.18969310413706,225.74815156162632,227.25064086914062,29064
2024-03-19,226.3115934331125,228.94094261261827,224.80910409373772,226.87503051757812,30041
2024-03-20,226.4994106926961,229.31656757775153,226.31160309945258,228.56532287597656,29878
2024-03-21,227.43845344865997,228.56531328966003,221.99194750022593,222.93099975585938,34304
2024-03-22,222.5553741455078,225.56033835681805,221.42851435736645,222.5553741455078,27179
2024-03-25,223.11882579698198,224.05787806998475,222.5553887016601,223.87005615234375,24644
2024-03-26,223.49444120030802,225.5603533372398,223.49444120030802,225.1847381591797,30077
2024-03-27,225.37254333496094,226.49940318587565,223.4944388071696,225.37254333496094,30138
2024-03-28,225.74815567858792,228.189697265625,225.74815567858792,228.189697265625,47595
2024-04-02,229.1287523905436,229.31655997756266,224.99692816092283,225.37254333496094,43639
2024-04-03,224.62129452203743,225.93597626456383,223.3066271083112,224.43348693847656,29748
2024-04-04,224.24568002395708,225.18473227336327,222.7431906933871,223.1188201904297,26600
2024-04-05,221.61633660202588,221.99195178000062,217.29669041131365,217.48451232910156,35429
2024-04-08,217.1088693662004,218.61135864257812,215.41857251247538,218.61135864257812,49853
2024-04-09,219.55041877692616,224.43348760807828,219.17478927988356,223.1188201904297,62270
2024-04-10,225.18473093750222,225.9359755983306,223.68224161584544,225.74815368652344,33946
2024-04-11,225.9359752089222,230.44341450852357,225.74815329743873,228.37750244140625,36977
2024-04-12,226.87502811013047,228.56531068799063,226.1237834484148,227.06283569335938,39464
2024-04-15,227.8140869140625,228.37750967997067,225.56035286402826,227.8140869140625,28997
2024-04-16,226.87502674122962,226.87502674122962,222.55538070902804,223.30662536621094,22820
2024-04-17,224.9969261812932,224.9969261812932,221.42852474412604,222.93099975585938,28903
2024-04-18,223.118828923204,223.8700592890916,221.05290243061077,222.36758422851562,27764
2024-04-19,222.17977832170877,223.49444580078125,220.67728892093947,223.49444580078125,21595
2024-04-22,226.12380193437426,229.3165740966797,224.80912008669455,229.3165740966797,41027
2024-04-23,229.8800052832598,234.9508819580078,229.8800052832598,234.9508819580078,49199
2024-04-24,231.19467347535308,231.19467347535308,224.0578845901298,224.62130737304688,32173
2024-04-25,224.24568880083618,225.18474108699647,221.80414712529915,222.36758422851562,41602
2024-04-26,224.2456834840462,225.37254333496094,222.17977136923582,225.37254333496094,43749
2024-04-29,226.31158207264338,227.43844185620782,224.99691471328475,226.4993896484375,28407
2024-04-30,226.3115868766558,226.49939445643662,224.24567484146706,226.123779296875,33510
2024-05-02,226.3115990057941,229.12875583989114,218.4235656018427,219.92604064941406,45876
2024-05-03,219.7382332783818,223.30663480421825,218.23574390051365,221.24072265625,25523
2024-05-06,222.36757699975948,223.6822444261262,221.2407171587594,222.93099975585938,16621
2024-05-07,224.2456828015897,226.6872100830078,223.11882295410442,226.6872100830078,19194
2024-05-08,226.31159515240597,228.18969967649232,226.31159515240597,228.00189208984375,16860
2024-05-10,229.87999788254137,232.32152518004716,229.12875320300094,231.7581024169922,27721
2024-05-13,231.38246122159808,234.01181030273438,230.4434090018208,234.01181030273438,22458
2024-05-14,233.63620915986132,234.01182433878176,227.4384584060699,230.255615234375,27957
2024-05-15,231.19465839801975,233.82400753322975,231.0068508159619,233.63619995117188,20571
2024-05-16,239.45833791849665,243.77798425560565,239.45833791849665,241.14862060546875,39828
2024-05-17,241.1486065351439,243.96576328745914,240.02176102877806,242.4633026123047,24497
2024-05-21,244.15357700700844,244.71701407008297,242.08765066160166,243.02670288085938,33732
2024-05-22,243.02671051285478,243.02671051285478,238.51927118190616,239.8339385986328,39656
2024-05-23,239.45833066094931,242.46330941071542,239.08271548162884,239.27052307128906,42939
2024-05-24,238.89489405456604,240.02176825244658,236.64117431640625,236.64117431640625,74010
2024-05-27,236.64117382964403,239.27052307128906,236.07773673186273,239.27052307128906,68342
2024-05-28,239.64613874355285,239.64613874355285,235.70212203737287,236.64117431640625,51900
2024-05-29,235.70212834013626,237.3924253533556,234.38746084585512,236.07774353027344,46522
2024-05-30,235.8899342554649,236.45337136545953,233.26058495682483,234.9508819580078,25153
2024-05-31,235.13867629421213,239.27051476734374,233.44839371713115,237.3924102783203,159334
2024-06-03,237.76803538325566,240.58520656334804,237.3924202012704,240.3973846435547,25360
2024-06-04,240.39737553536543,244.52919969585946,240.20956795148845,243.77796936035156,50074
2024-06-05,246.21952002317516,248.09762458885126,246.031698103567,246.78292846679688,28936
2024-06-06,247.53417423156026,249.787893858159,246.78291525096077,249.22445678710938,39358
2024-06-07,249.9757233752732,253.35628858925287,249.22446437181048,252.417236328125,39410
2024-06-10,250.72694609070848,252.0416134847578,249.22445678710938,249.22445678710938,27308
2024-06-11,248.66103012560052,249.78790431487346,247.9097997711526,249.60008239746094,42691
2024-06-12,249.78791987942944,253.54412920092463,249.2244827496846,252.22946166992188,33856
2024-06-13,252.2294402513263,255.4222121719557,251.85382508259352,255.23439025878906,25985
2024-06-14,256.361276027361,258.6149957993779,255.9856608416251,256.9247131347656,30606
2024-06-17,257.3003061315708,257.3003061315708,252.7928669762472,254.8587646484375,26223
2024-06-18,254.48317549062895,257.86376953125,254.2953535659714,257.86376953125,22354
2024-06-19,257.8637521320039,259.74185662144663,257.4881369656354,259.3662414550781,21362
2024-06-20,259.17841954309375,259.55403470946226,257.1124931416667,259.3662414550781,25383
2024-06-21,258.4271802568014,261.80774529459393,258.2393583513244,258.80279541015625,371948
2024-06-24,258.99059632023307,262.1833968622056,258.61498115576575,261.9955749511719,37320
2024-06-25,261.80776566415443,262.18340950433486,258.9906088084099,260.86871337890625,32093
2024-06-26,261.80774592244757,261.80774592244757,255.04658717304912,257.4881286621094,49043
2024-06-27,256.7368856885079,259.17842732965534,256.7368856885079,258.614990234375,27821
2024-06-28,258.80279899286387,258.9905922433414,256.5490793839367,257.11248779296875,29007
2024-07-01,257.48815433953706,258.61499991467593,256.73689529850895,257.86376953125,19291
2024-07-02,257.30033241487945,257.86376953125,254.85879068234192,257.86376953125,21979
2024-07-03,257.48813858638664,257.48813858638664,254.48315992132348,255.23439025878906,23734
2024-07-04,249.60008910832119,251.85383754746238,248.09762835902953,251.666015625,24082
2024-07-05,252.22943531656807,255.23438526524032,251.6659982456921,253.16848754882812,27834
2024-07-08,253.1685050318935,253.1685050318935,251.29040043767708,251.666015625,28560
2024-07-09,251.853823624654,255.7978258599178,251.853823624654,255.42221069335938,32365
2024-07-10,255.9856546413216,260.4930940761794,255.2343956304446,259.9296569824219,21527
2024-07-11,261.6199694263541,263.3102520575373,259.9296581375698,261.2443542480469,31757
2024-07-12,261.43216672810746,265.00058282836835,261.2443734539484,264.62493896484375,18329
2024-07-15,265.18835495884474,270.0714382192998,263.87368751413794,267.8177185058594,32243
2024-07-16,266.1274031114471,268.19332953374817,264.81273568707394,266.878662109375,23775
2024-07-17,273.82763475984024,283.7815940842964,273.2641976928711,281.7156677246094,77192
2024-07-18,283.5937942881033,285.0962836979712,280.7766373912016,283.7816162109375,34038
2024-07-19,284.90843053916393,287.3499719803204,283.9693783431498,285.09625244140625,32544
2024-07-22,288.2890670721748,288.2890670721748,284.15724252643946,285.2840881347656,25330
2024-07-23,283.59379048459857,284.5328427709714,278.8985290527344,278.8985290527344,25365
2024-07-24,276.2691852387206,280.401009434505,275.5179262391958,278.3350830078125,31665
2024-07-25,283.593792824667,287.7256171872809,281.71568823642417,286.41094970703125,59150
2024-07-26,288.2890224945851,292.9842834472656,286.4109181135129,292.9842834472656,45986
2024-07-29,291.29401893658763,292.98430152078276,289.22809252692656,290.1671447753906,39998
2024-07-30,289.60369873046875,290.73057285678476,287.16215722851706,289.60369873046875,70657
2024-07-31,291.1062179223104,291.1062179223104,285.84751922187075,290.91839599609375,30984
2024-08-02,287.5378190757874,290.73059109045704,284.90845550201146,286.78656005859375,45567
2024-08-05,281.71568272521137,282.0912979039914,270.0714402374229,272.7007751464844,53807
2024-08-06,271.94952810412815,273.8276325404031,270.07142366785325,272.8885803222656,51009
2024-08-07,274.76670472421415,279.4619661560784,274.015445700555,278.8985290527344,41194
2024-08-08,279.27413458580946,280.02539358350987,275.14231040005905,279.6497497558594,30116
2024-08-09,281.71568033673105,281.71568033673105,278.89852353336374,280.58880615234375,11222
2024-08-12,281.15222648132504,282.0912786931248,280.0253810217249,280.776611328125,17001
2024-08-13,281.7156623133781,283.40594482421875,280.21317304952026,283.40594482421875,16393
2024-08-14,284.5328237619953,284.5328237619953,280.9644367752147,283.03033447265625,27847
2024-08-15,283.5937846470194,285.4718891811056,282.6547323799763,284.5328369140625,24549
2024-08-16,284.1571960449219,285.09624822705473,282.27909168065617,284.1571960449219,26602
2024-08-19,284.34503579902565,285.84752526773025,282.2791378549595,285.2840881347656,17032
2024-08-20,284.3450231969234,286.41094970703125,283.781614746532,286.41094970703125,32162
2024-08-21,284.90844365759847,287.9134222862456,284.7206504043081,286.5987548828125,28827
2024-08-22,287.9134222862456,288.101215539536,285.28405882177935,286.5987548828125,10351
2024-08-23,285.84751259903805,287.53782392301764,285.0962822267816,286.41094970703125,14681
2024-08-26,284.5328278457268,288.85247386797397,284.3450059352638,287.9134216308594,17308
2024-08-27,286.7865397613098,287.3499768199276,283.7815898780139,284.72064208984375,18839
2024-08-28,285.2840456860498,286.9743568334345,284.1572002453921,285.09625244140625,19420
2024-08-29,285.65971860782935,287.91343837646514,284.1572292095383,287.7256164550781,16973
2024-08-30,286.7865420722782,290.3549577005459,286.5987488229585,289.60369873046875,57523
2024-09-02,288.28904916750395,291.48182117920686,287.3499968900854,290.7305908203125,15011
2024-09-03,289.04029334992794,289.41593720494177,283.03036421854074,284.34503173828125,16548
2024-09-04,283.5937942881033,284.7206685099047,281.3400745021023,283.7816162109375,28205
2024-09-05,282.2791060791041,282.8425431486432,279.0863342285156,279.0863342285156,20398
2024-09-06,277.58385334639036,281.15224046567926,276.83259434502384,277.0204162597656,26101
2024-09-09,277.0203914929812,279.64972611868893,265.7517653983515,270.0714111328125,34158
2024-09-10,269.5079901532198,273.4520209843556,268.7567598318605,271.1982727050781,27373
2024-09-11,269.1323720699151,273.63981126432225,268.19331984961366,271.57391357421875,28008
2024-09-12,262.7468305326319,267.25429891225167,258.9906212117503,266.31524658203125,37938
2024-09-13,266.5030224035516,271.94954275676696,266.5030224035516,267.8177185058594,22322
2024-09-16,264.81273862693257,267.2542802465025,264.62491671096535,266.5030212402344,20193
2024-09-17,267.629891774797,269.1323811092633,266.5030176095471,268.1933288574219,24341
2024-09-18,269.5079818154385,270.447034016886,266.87864711442495,269.3201599121094,27589
2024-09-19,272.51298403496855,272.70077729703894,268.75677490234375,268.75677490234375,23029
2024-09-20,268.1933411621,271.19829131129893,268.1933411621,271.010498046875,103234
2024-09-23,269.88361077374725,270.6348697679046,267.81771301941535,269.50799560546875,19414
2024-09-24,269.5079818154385,270.447034016886,268.00549256160264,269.3201599121094,22274
2024-09-25,270.44702990301727,272.70074942068936,269.507977715854,272.32513427734375,30640
2024-09-26,274.57885379501585,274.95446893836146,271.0104669468349,272.32513427734375,20135
2024-09-27,273.2642252673841,275.1423299083971,272.51299487401997,274.2032775878906,20813
2024-09-30,272.32515583842724,274.7666974498781,271.57392549225807,271.76171875,50636
2024-10-01,273.07636072693947,273.07636072693947,265.37615009495835,266.12738037109375,24681
2024-10-02,265.9396057128906,267.6298882810997,264.62490965139466,265.9396057128906,19399
2024-10-03,266.12741160696595,266.3152335268439,263.49807667428405,264.812744140625,21037
2024-10-04,264.8127147679932,265.75176694802155,261.4321211883715,262.1833801269531,26032
2024-10-07,261.05651729644677,263.8736739579192,260.4930802326324,263.68585205078125,29185
2024-10-08,262.9346429137463,267.06646728515625,262.9346429137463,267.06646728515625,27567
2024-10-09,267.44207329444663,270.4470520019531,267.0664581204085,270.4470520019531,33257
2024-10-10,271.38610426584876,272.51297844556393,270.071436827915,270.4470520019531,25641
2024-10-11,271.5738986642927,274.0154113769531,269.6957943268013,274.0154113769531,22715
2024-10-14,274.95447614286866,276.83258056640625,274.57886098968095,276.83258056640625,19300
2024-10-15,277.20823749492615,279.46195717829943,276.0813633244392,278.3350830078125,24544
2024-10-16,277.3960348640426,279.2741394042969,276.64480451098126,279.2741394042969,37022
2024-10-17,278.5228959381832,279.6497414147225,275.51791735221235,277.7716369628906,23632
2024-10-18,278.71070570414633,281.5278625488281,277.2082449797304,281.5278625488281,15042
2024-10-21,281.7156677246094,283.21815701732726,280.9644374070503,281.7156677246094,22183
2024-10-22,281.5278368264726,281.5278368264726,277.7716280434238,281.1522216796875,16035
2024-10-23,281.1522423382981,286.78655592687164,279.64975298315835,285.8475036621094,19245
2024-10-24,287.3500109497787,288.8525003986837,284.90846917750844,286.9743957519531,32168
2024-10-25,288.1012238431735,289.04027610949106,286.9743783181531,288.47686767578125,14550
2024-10-28,288.85247452549777,289.97932001804037,286.5987548828125,286.5987548828125,22082
2024-10-29,288.66464418496946,289.04025933818156,284.5328201844381,284.72064208984375,20754
2024-10-30,282.2791361543055,283.21818848438795,278.5229268339757,280.4010314941406,101168
2024-10-31,281.1522460847023,281.1522460847023,274.391086882881,275.33013916015625,26593
2024-11-01,277.3960300779592,281.3400610074849,277.3960300779592,279.6497497558594,21670
2024-11-04,279.6497504349802,281.52785494739135,278.3350830078125,278.3350830078125,19794
2024-11-05,279.08634338223317,279.8375737278582,274.01543824766117,275.70574951171875,19311
2024-11-06,277.3960195243339,279.64973911649054,268.9445495605469,268.9445495605469,23047
2024-11-07,268.75676526891175,272.5129742668974,268.56894335597235,269.50799560546875,23519
2024-11-08,270.63486138080293,271.7617068507169,267.6298828125,267.6298828125,13530
2024-11-11,268.00549256160264,271.19826431500445,268.00549256160264,269.3201599121094,14958
2024-11-12,268.1933162914979,268.7567533477236,265.37615966796875,265.37615966796875,20744
2024-11-13,265.7517831497721,269.32017018838985,265.3761679863808,267.2542724609375,20147
2024-11-14,264.6248928689482,265.1883299084849,262.1833801269531,262.1833801269531,28856
2024-11-15,257.8637691813035,258.8028214881126,250.91478784243648,252.7928924560547,48898
2024-11-18,251.66600598226302,253.35628858925287,251.10256889406617,252.417236328125,38411
2024-11-19,252.6050735528627,252.6050735528627,247.72199003601173,249.97573852539062,39919
2024-11-20,251.85384696521174,251.85384696521174,247.72199377734884,248.28543090820312,32602
2024-11-21,246.78292558187965,250.1635194920974,246.78292558187965,249.60008239746094,33745
2024-11-22,249.60007187168003,253.91971787159622,249.60007187168003,253.16848754882812,34440
2024-11-25,251.8538112699701,256.549072265625,251.4781674642386,256.549072265625,271929
2024-11-26,253.54411872133855,254.1075558277952,250.72696184665702,251.8538360595703,42181
2024-11-27,252.79288984457057,254.1075573290017,249.2244739209983,251.666015625,76730
2024-11-28,251.29040303363968,253.35630091405847,251.102581109237,252.7928924560547,21228
2024-11-29,252.98066646437312,254.2953338623047,251.29038390383252,254.2953338623047,28291
2024-12-02,254.1075439453125,255.234389447931,253.3562849526332,254.1075439453125,25982
2024-12-03,252.79287867686023,254.85877644467138,252.6050567626953,252.6050567626953,25636
2024-12-04,252.22945908681646,253.16851140757333,251.1025848388672,251.1025848388672,21970
2024-12-05,251.47817095314517,254.8587646484375,251.47817095314517,254.8587646484375,20268
2024-12-06,254.10757282973097,257.3003451031397,253.91975089581132,256.7369079589844,21172
2024-12-09,256.9247105069948,257.30032568888896,253.91973173663877,255.79783630371094,24746
2024-12-10,254.85877793857756,255.7978301997054,252.417236328125,252.417236328125,27779
2024-12-11,250.35135400505823,255.42223079670765,250.35135400505823,255.04661560058594,18559
2024-12-12,253.54412357723356,254.48317588677887,251.8538408830929,253.91973876953125,23233
2024-12-13,253.73194064269134,253.91973390644242,250.35134666155315,251.8538360595703,15829
2024-12-16,253.35629534920355,254.48316955566406,251.29039751416127,254.48316955566406,20971
2024-12-17,252.2294428755935,256.7368822624845,251.47818387271118,256.36126708984375,27258
2024-12-18,255.42220800773174,255.79782317034076,253.54410353708664,254.2953338623047,24520
2024-12-19,250.91478711557914,250.91478711557914,244.15359906309865,245.0926513671875,37518
2024-12-20,243.02670824096285,246.03168687190401,242.08765600099375,245.28045654296875,67162
2024-12-23,244.71702700836133,249.9757254457538,244.52920509153978,248.47323608398438,22296
2024-12-27,249.03667032658893,251.66600518639157,248.285411325502,251.29039001464844,22210
2024-12-30,250.9147720348263,254.1075439453125,250.9147720348263,254.1075439453125,19551
2025-01-03,257.30032568888896,257.30032568888896,254.10755365638656,255.79783630371094,17883
2025-01-06,256.7368863895094,257.3003234863281,254.4831666598355,257.3003234863281,15052
2025-01-07,257.3003008734031,264.4371032714844,256.54907058206766,264.4371032714844,23719
2025-01-08,265.37617210189774,268.3811221132299,265.18835018848927,268.1933288574219,28183
2025-01-09,268.94454481481824,274.3910647788216,268.94454481481824,273.2641906738281,29261
2025-01-10,272.13733044101855,272.32515235395795,269.50799560546875,269.50799560546875,17807
2025-01-13,266.69082702742924,266.69082702742924,265.37615966796875,265.37615966796875,8959
2025-01-14,267.6298882810997,269.88360792457837,265.37616863762094,265.9396057128906,18559
2025-01-15,265.56396535770574,268.1933288574219,265.00055693268126,268.1933288574219,23759
2025-01-16,268.38110002405915,270.0714111328125,265.7517653983515,270.0714111328125,19924
2025-01-17,271.19826978696017,271.19826978696017,266.12739352834853,267.6298828125,18642
2025-01-20,267.629908488966,270.2592434952904,267.629908488966,268.0055236816406,16848
2025-01-21,267.62990405362467,271.010498046875,266.50302983667393,271.010498046875,23515
2025-01-22,274.3910786161715,276.6447982822131,272.5129741182035,273.4520263671875,26424
2025-01-23,272.8885886218392,275.330130194773,272.8885886218392,274.7666931152344,20340
2025-01-24,275.7057405364741,275.7057405364741,272.8885838456878,275.1423034667969,24116
2025-01-27,275.3301205705575,280.400996793951,275.3301205705575,279.4619445800781,20790
2025-01-28,279.64974136492236,283.59377217610677,279.64974136492236,281.7156677246094,26541
2025-01-29,280.5887846307104,282.46688902223485,279.83755433714015,281.1522216796875,13849
2025-01-30,277.0204227849057,285.8475084912773,275.70575532354843,285.4718933105469,31504
2025-01-31,286.5987585122448,288.1012191879951,282.46690568113,284.908447265625,28696
2025-02-03,283.03037331033903,287.537841796875,283.03037331033903,287.537841796875,29522
2025-02-04,286.4109545479456,287.1621849328993,284.15723473548223,286.03533935546875,18880
2025-02-05,286.03533748628405,292.60870361328125,286.03533748628405,292.60870361328125,22129
2025-02-06,292.42089683528457,292.42089683528457,286.97440465385756,287.537841796875,24181
2025-02-07,284.345018835705,290.7305915323512,284.345018835705,289.4159240722656,24827
2025-02-10,288.66467616950604,290.91839599609375,287.3500086587967,290.91839599609375,19177
2025-02-11,291.1061880130236,291.1061880130236,289.4159054811491,289.60369873046875,12279
2025-02-12,290.3549838155455,292.60870361328125,289.60372477789883,292.60870361328125,22827
2025-02-13,294.6745784283378,300.12109855906715,293.1721177858191,299.7454833984375,39624
2025-02-14,300.49672220031545,300.49672220031545,296.55269125839607,297.6795654296875,26177
2025-02-17,298.4307747882613,298.4307747882613,296.74049230777547,296.9283142089844,21553
2025-02-18,297.303955078125,297.8673921729047,294.29897634436713,297.303955078125,21363
2025-02-19,298.80646128192734,299.55769167889605,295.0502519818785,297.11614990234375,15538
2025-02-20,295.05022231528443,295.80145263671875,290.91836957459645,295.80145263671875,34719
2025-02-21,293.9233652316967,298.2430114746094,293.5477500491829,298.2430114746094,19210
2025-02-24,297.1161187471701,298.99422320025917,296.17706652062554,298.4307861328125,22170
2025-02-25,299.55766148932275,300.12109855906715,298.430787349834,299.7454833984375,28705
2025-02-26,296.92833920340377,298.6186218261719,296.7405172863846,298.6186218261719,25583
2025-02-27,297.67955709790425,298.24299416777984,295.80145263671875,295.80145263671875,35955
2025-02-28,293.54772059041403,296.9283142089844,293.54772059041403,296.9283142089844,70016
2025-03-03,299.93327122510374,301.99919755760044,296.7404994310991,301.4357604980469,19377
2025-03-04,301.9992113624121,302.9382636187271,300.8723371917939,301.62359619140625,26267
2025-03-05,299.18206640870864,302.1870165530271,298.994244486988,301.8114013671875,27642
2025-03-06,298.61862159435873,302.5626525878906,296.36490187988375,302.5626525878906,26968
2025-03-07,300.87234061846533,304.81637160294747,297.6795686421517,303.8773193359375,59907
2025-03-10,302.9382408434123,304.81634521484375,301.43575161474746,304.81634521484375,46225
2025-03-11,302.3748238564824,303.68949127216445,292.796479463827,294.1111755371094,46166
2025-03-12,298.24300034817793,313.2678363490171,297.6795632666264,305.5675964355469,58390
2025-03-13,304.81636326695616,306.88226100332014,300.68453913662796,301.99920654296875,34580
2025-03-14,301.9992266378906,305.755435853144,299.36986299265203,304.06512451171875,30959
2025-03-17,304.0651153056205,309.3238137792794,304.0651153056205,307.4457092285156,23893
2025-03-18,306.3188643990187,308.7603773945611,304.81637502342255,306.13104248046875,26428
2025-03-19,305.0041419908452,305.0041419908452,302.7504224505382,303.12603759765625,20889
2025-03-20,302.37483363746594,305.0041685538817,301.6236032778047,302.18701171875,46692
2025-03-21,302.75044019518305,308.19696044921875,301.9992098569163,308.19696044921875,338030
2025-03-24,306.31887372151397,307.0701041033743,301.247968342349,302.7504577636719,22337
2025-03-25,301.8113976823315,306.88227427325927,301.4357825010778,303.501708984375,20131
2025-03-26,303.31386492482596,303.31386492482596,299.1820409174318,301.4357604980469,23718
2025-03-27,302.50092633246015,302.88824555966204,298.82134934819817,302.3072814941406,22501
2025-03-28,300.75795459887945,303.4692185556305,300.17696102227256,303.27557373046875,28859
2025-03-31,301.1452848896651,301.5326041048127,296.1100464410601,296.6910400390625,35466
2025-04-01,299.40234368025966,301.7262885995911,296.69104998223725,298.2403564453125,20709
2025-04-02,295.91639233879414,295.91639233879414,290.68750922169795,293.3987731933594,19503
2025-04-03,284.4902748938836,289.52551302763163,281.39169181589716,285.4585876464844,30571
2025-04-04,280.81071191207246,283.32833110139643,267.25433271631726,268.9972839355469,39416
2025-04-07,252.7296394755822,264.7367122225474,248.46906908802183,253.6979522705078,68862
2025-04-08,258.5395210673695,259.89515309543805,253.11696340453327,256.79656982421875,41064
2025-04-09,247.30709033426865,247.30709033426865,236.2683300063782,239.36692810058594,74413
2025-04-10,270.9339146423479,270.9339146423479,247.3070877944661,249.82470703125,80885
2025-04-11,252.92330984628444,256.021893010601,245.56412681137112,249.4373779296875,40283
2025-04-14,255.44089758983654,257.5711975097656,252.72963364680012,257.5711975097656,36664
2025-04-15,256.7965587033315,261.63812255859375,254.85993316122665,261.63812255859375,31734
2025-04-16,260.282470703125,260.282470703125,256.40921947509895,260.282470703125,25181
2025-04-17,259.8951613857199,265.70503844896507,256.6029036266603,261.25079345703125,32706
2025-04-22,260.28246023859356,262.8000793457031,255.05357720109546,262.8000793457031,38753
2025-04-23,266.47969507430076,267.4480078768228,263.76840149690196,267.25433349609375,34841
2025-04-24,266.28600948946206,271.12757329836137,263.96206477130244,270.93389892578125,19239
2025-04-25,270.1592614178038,271.321248555954,267.8353166920638,270.3529357910156,13069
2025-04-28,268.99727303944655,275.1944983469283,268.99727303944655,275.0008239746094,41739
2025-04-29,275.9691558252206,279.45508791417797,274.80716861204735,278.680419921875,19978
2025-04-30,278.87407456454355,280.8107000823529,276.16281065983463,278.48675537109375,45724
2025-05-02,275.96913499291236,282.55364990234375,275.96913499291236,282.55364990234375,18439
2025-05-05,283.5219635389286,283.7156379106275,281.58533802418026,281.9726867675781,13067
2025-05-06,281.77903292789705,283.1346649768879,280.03608165784635,280.42340087890625,11136
2025-05-07,275.9691566081091,277.324788660282,274.226205333967,276.3564758300781,35357
2025-05-08,275.9691580891617,275.9691580891617,269.5782874654054,269.9656066894531,26903
2025-05-09,271.9022123216009,271.9022123216009,265.70501654187086,268.6099548339844,24644
2025-05-12,261.44444629021643,268.6099548339844,255.4408953329577,268.6099548339844,65086
2025-05-13,268.99729544435394,271.9022339677295,264.3494056271781,264.7367248535156,34483
2025-05-14,263.7684027184608,265.5113835014095,259.8951514904347,260.282470703125,42582
2025-05-15,256.9902221608914,265.3177185058594,256.602902934499,265.3177185058594,23684
2025-05-16,266.0923362861456,268.6099553879482,264.3493851275071,265.70501708984375,26320
2025-05-19,265.7050369599236,268.60997547526654,265.7050369599236,268.22265625,20894
2025-05-20,269.1909682413577,272.4832259716071,267.6416617946043,269.9656066894531,22887
2025-05-21,269.1909684034554,272.4832261356873,267.641661955769,272.2895812988281,37304
2025-05-22,269.7719526313398,270.35294622283305,263.5747566067218,266.67333984375,26055
2025-05-23,267.06066902363773,268.60997547526654,262.0254599940476,268.22265625,22266
2025-05-26,269.38463294374634,271.7085777550447,268.60996497293917,271.3212585449219,16539
2025-05-27,271.5148933786054,272.6768805167556,269.77194222194055,270.3529357910156,17694
2025-05-28,268.60997547526654,268.9972947005331,266.86702418628585,268.22265625,18383
2025-05-30,267.25434265136715,273.06421966552733,266.47970420303756,271.1275939941406,152289
2025-06-02,272.4832054253111,274.2261861279421,270.5465799005391,272.09588623046875,18270
2025-06-03,272.8705344770519,273.45152806558275,270.15927046465623,271.9022216796875,20591
2025-06-04,273.0642181609894,278.4867759211074,272.2895797169279,276.9374694824219,46157
2025-06-05,276.1628203398644,279.067758718402,275.775471582277,277.71209716796875,22232
2025-06-06,277.7121079705305,279.45508879578904,276.5501503042539,277.5184631347656,16450
2025-06-10,277.905761892166,280.0360617826437,277.32476832653026,279.0677490234375,20758
2025-06-11,279.06776873903306,281.58535845038364,279.06776873903306,279.26141357421875,22677
2025-06-12,276.9374581946477,282.1663413553435,276.7437838162451,281.1980285644531,22790
2025-06-13,277.32476806640625,280.0360615199765,276.9374488731991,277.32476806640625,21357
2025-06-16,278.0994481490364,278.0994481490364,271.3212585449219,271.3212585449219,13463
2025-06-17,266.2860102758576,273.2578740014861,265.1240231380661,269.7719421386719,15255
2025-06-18,268.22263627485796,268.8036298447712,265.70501717227427,266.2860107421875,25984
2025-06-19,264.34939514845547,268.8036399511791,263.76840155669817,267.8353271484375,14289
2025-06-20,267.83531716116556,271.32124903116124,266.86700439453125,266.86700439453125,38811
2025-06-23,266.2860100271417,268.416309927583,264.54305887264275,268.0289611816406,16974
2025-06-24,271.12757401500676,272.4832059749697,269.1909484863281,269.1909484863281,27115
2025-06-25,268.222657105084,270.9339212411558,266.4797058105469,266.4797058105469,22141
2025-06-26,267.83533706375505,270.5466011915784,267.2543434504893,268.80364990234375,19540
2025-06-27,269.77195190564123,271.9022223346373,268.22264551601404,268.9972839355469,13106
2025-06-30,268.0289619013667,269.57826823761513,265.5113723493435,266.2860107421875,26090
2025-07-01,265.7050368819959,267.2543433331703,264.1557304308215,267.0606689453125,11742
2025-07-02,267.447998046875,268.2226364401965,265.51137251301077,267.447998046875,14229
2025-07-03,267.44800775476773,268.4163205568479,264.7367141786063,266.09234619140625,12888
2025-07-04,265.51139208372075,271.1275947256703,263.1874176313363,267.64166259765625,10496
2025-07-07,267.4480086078481,267.4480086078481,263.96207659912807,264.9303894042969,10688
2025-07-08,263.9620765400846,265.1240341756902,261.4444573370965,264.3493957519531,14151
2025-07-09,263.76840149690196,267.25433349609375,262.4127694834834,267.25433349609375,30310
2025-07-10,267.44801695786174,270.1592810767583,267.44801695786174,269.9656066894531,19154
2025-07-11,268.22263610807016,268.416310481441,264.5430594185085,265.1240234375,18497
2025-07-14,263.96206593120525,265.70501708984375,263.1873979880411,265.70501708984375,12506
2025-07-15,263.38108368075365,265.89870289075554,261.0571388525064,262.02545166015625,16510
2025-07-16,260.47615510884583,265.31771933019985,260.47615510884583,262.9937744140625,19470
2025-07-17,264.9303794190637,265.1240242424619,262.8000795077587,263.9620666503906,15672
2025-07-18,263.9620864008406,265.89871208309097,263.38109278605293,264.7367248535156,15370
2025-07-21,262.800090028111,263.9620772172594,260.8634644132384,261.4444580078125,15701
2025-07-22,260.4761350932792,261.0571286653094,258.1521903557189,259.31414794921875,25549
2025-07-23,261.63814076878106,268.22265625,261.2507919929518,268.22265625,30625
2025-07-24,273.0641989075708,274.8071500590971,266.67332876770706,271.514892578125,27500
2025-07-25,270.3529360971472,270.9339001163197,265.70501708984375,265.70501708984375,13404
2025-07-28,268.99728472040886,271.5149039170786,266.6733399044682,267.25433349609375,26245
2025-07-29,266.67335064851613,268.9972955580866,265.31771858048023,266.4797058105469,14533
2025-07-30,267.0606491350315,267.83531707843593,265.31769797585224,266.2860107421875,22424
2025-07-31,269.57828902081457,270.1592826355196,263.5747671370296,264.1557312011719,20243
2025-08-04,256.60290447633656,261.05714948301954,256.4092300866953,259.5078430175781,59568
2025-08-05,260.47615589869207,262.2191072034396,258.92684943304823,260.0888366699219,30084
2025-08-06,256.60289144069935,259.1205106253242,250.98668903316525,251.9550018310547,55407
2025-08-07,250.40569987622217,255.05358956812935,249.43738706119467,252.14865112304688,61798
2025-08-08,252.34232078334833,252.72963999199771,248.27539521612607,249.6310272216797,25809
2025-08-11,249.43738245652625,252.92331443638653,249.05006324777764,250.21202087402344,18306
2025-08-12,249.2437027399236,250.59933471679688,248.46906433901339,250.59933471679688,15252
2025-08-13,252.14864048719318,253.69794683599844,250.0183701143266,253.5042724609375,21553
2025-08-14,252.34231493944264,254.47258531296086,252.34231493944264,254.08526611328125,19701
2025-08-15,255.05358829300766,259.3141587477158,255.05358829300766,259.1205139160156,14160
2025-08-18,259.8951514904347,260.476145084751,258.53951947073796,260.282470703125,35344
2025-08-19,259.8951412017395,264.5430602217066,259.1205028070253,263.9620666503906,20855
2025-08-20,263.38109286045386,267.2543442260488,262.0254607926082,265.8987121582031,15155
2025-08-21,265.31769789354195,265.89869146327493,264.3493851275071,265.70501708984375,30815
2025-08-22,263.38108300591443,267.4480086078481,263.38108300591443,264.9303894042969,17954
2025-08-25,263.96206656918406,265.3176985347972,262.9937538008089,263.3810729980469,10885
2025-08-26,262.0254615697917,266.2860321744706,261.0571487255209,262.9937744140625,56380
2025-08-27,263.38107252453557,268.0289619841561,262.6064341314523,266.86700439453125,22851
2025-08-28,266.2860206935717,267.64165270699027,265.3177078910496,267.25433349609375,21109
2025-08-29,267.06065990480636,267.4480086674095,264.9303894632976,265.5113830566406,23508
2025-09-01,265.3177185432513,267.8353378410006,264.9303993168044,265.8987121582031,11529
2025-09-02,266.2860305341404,268.8036498238485,264.3494048575285,267.64166259765625,21285
2025-09-03,269.1909571597451,275.9691467285156,269.1909571597451,275.9691467285156,26061
2025-09-04,275.96913508025943,283.1346435546875,275.19449669674947,283.1346435546875,41004
2025-09-05,283.90932295240765,284.29664215980176,279.4550781909719,280.03607177734375,27386
2025-09-08,280.03606232360363,280.03606232360363,274.22618575714347,276.1628112792969,11522
2025-09-09,276.3564659366188,276.743785144722,274.4198403455415,275.9691467285156,22122
2025-09-10,275.7754837852437,276.3564773967722,270.15928115844724,271.1275939941406,21366
2025-09-11,272.8705247895131,273.4515183574174,271.1275736363607,273.25787353515625,12734
2025-09-12,273.2578731945012,273.2578731945012,270.1592605365815,270.93389892578125,14342
2025-09-15,270.7402763651968,271.1275955916437,265.3177185432513,265.8987121582031,11460
2025-09-16,264.5430603027344,266.4796858406737,262.99375396227083,264.5430603027344,12840
2025-09-17,264.1557106717669,265.3176978108708,263.1873979060338,265.1240234375,17289
2025-09-18,264.3493850451377,266.67332977278505,264.3493850451377,265.1240234375,21574
2025-09-19,265.31769813940014,270.1592619740607,265.31769813940014,267.447998046875,139139
2025-09-22,269.7719612248896,277.1311446669199,269.7719612248896,274.613525390625,22312
2025-09-23,274.03252231419486,274.03252231419486,268.80363910594446,268.9972839355469,21040
2025-09-24,268.22264697176195,268.22264697176195,263.57475732821604,264.3493957519531,16300
2025-09-25,262.80008073148105,263.7683935046631,258.7331848144531,258.7331848144531,18272
2025-09-26,257.571197430912,259.89514217431184,256.6028846586153,256.9902038574219,25700
2025-09-29,256.2155755408224,260.0888267824053,256.2155755408224,259.7015075683594,22342
2025-09-30,257.7648909999952,265.7050385937526,257.7648909999952,263.57476806640625,31052
2025-10-01,272.09588373852466,287.2015686035156,271.7085645472295,287.2015686035156,34672
2025-10-02,288.75088411436815,291.46214809033285,287.2015777492907,289.33184814453125,43756
2025-10-03,288.3635453654583,293.786103056094,288.1699005322055,291.462158203125,24517
2025-10-06,292.236786105867,293.9797668457031,291.4621476996471,293.9797668457031,23585
2025-10-07,293.2051086425781,294.5607702244013,290.49384458005574,293.2051086425781,24410
2025-10-08,294.3670951435933,298.62766561055923,293.97977592851674,296.11004638671875,36877
2025-10-09,295.3354179085075,299.59598851904224,295.141743519162,298.2403564453125,32044
2025-10-10,298.0466828559083,299.9833085523094,294.94809947200423,295.3354187011719,13609
2025-10-13,293.9797766251288,297.2720342869237,292.23679582731125,293.2051086425781,29614
2025-10-14,290.10650634765625,294.5607509160216,289.13819359586205,290.10650634765625,50692
2025-10-15,288.7508750096805,289.52551339251335,282.74732411576554,287.7825622558594,36405
2025-10-16,285.65227227000213,290.49383620678185,285.65227227000213,288.7508850097656,26116
2025-10-17,284.87762381561174,287.5888877043853,282.7473239383182,286.6205749511719,24585
2025-10-20,283.13465372483057,285.845947265625,279.6487217727012,285.845947265625,33275
2025-10-21,284.6839598919549,285.264953475316,281.58534714773634,284.10296630859375,16051
2025-10-22,283.5219727252326,284.4902855139808,281.77902152571045,284.10296630859375,104790
2025-10-23,278.87408590051314,280.6170371171668,272.2895706925312,274.2261962890625,21959
2025-10-24,274.41985104599433,277.3247895458826,273.45153821269827,275.19451904296875,17443
2025-10-27,273.25789405289106,273.25789405289106,268.0289810996968,271.1275939941406,24481
2025-10-28,270.1592726420961,271.51490465922006,263.18740862465603,264.9303894042969,33047
2025-10-29,265.51139281900464,266.2860312715695,263.96208636331204,264.1557312011719,15894
2025-10-30,263.38107236147226,265.70501708984375,262.8000787917393,265.70501708984375,21053
2025-10-31,265.7050276491199,266.47969562306986,262.99376361669937,263.1874084472656,20566
2025-11-03,263.76839219528483,265.89869210593446,262.21908585577245,263.3810729980469,15219
2025-11-04,263.76839101379517,268.6099548339844,262.21908468122257,268.6099548339844,18839
2025-11-05,266.0923561462542,268.8036498238485,264.5430792454148,267.64166259765625,26067
2025-11-06,268.6099656310363,270.93391044802837,265.5113823919008,268.41632080078125,21955
2025-11-07,264.73670402403684,270.3529357910156,264.73670402403684,270.3529357910156,16861
2025-11-10,274.6135037296837,283.5219633616186,273.83883579393273,280.8106994628906,22642
2025-11-11,283.71563618637646,292.0431317592968,282.7473234348871,289.5255126953125,27957
2025-11-12,291.65583263833264,293.398783890726,288.94453901725603,292.04315185546875,17942
2025-11-13,293.01146472501654,294.9480903615989,292.0431519067254,292.6241455078125,19367
2025-11-14,289.9128320679857,291.65581275209786,287.7825617437064,290.6875,21626
2025-11-17,290.6875098264093,291.0748290302294,287.7825714719171,290.49383544921875,15669
2025-11-18,302.1135853507965,313.1523450592711,302.1135853507965,308.50445556640625,54107
2025-11-19,310.82841945730394,313.7333579569049,310.0537810109687,312.1840515136719,30449
2025-11-20,313.34601804340247,315.86363715359664,311.6030373283939,312.57135009765625,16791
2025-11-21,315.2826538703089,317.0256050916332,313.152353888191,315.8636474609375,22557
2025-11-24,315.6699845188854,316.63829735483296,311.0220947265625,311.0220947265625,164111
2025-11-25,312.37771534520846,315.08897936632997,309.08545773368616,314.70166015625,23831
2025-11-26,316.44462126695703,316.83197003970463,313.5396827747246,314.50799560546875,15200
2025-11-27,313.7333378925554,313.7333378925554,310.2474060058594,310.2474060058594,12569
2025-11-28,309.27911376953125,311.2157394406624,308.1171560971901,309.27911376953125,36557
2025-12-01,307.34247838839417,310.82841039641016,306.37416558342096,310.05377197265625,26699
2025-12-02,308.6981194874051,316.25097731874484,308.6981194874051,313.3460388183594,20613
2025-12-03,314.12065660013576,320.124207592874,312.95869900675973,313.73333740234375,23209
2025-12-04,311.99038607654734,315.0889692078504,311.99038607654734,312.57135009765625,22453
2025-12-05,312.76502528090924,314.7016508244443,309.8600869656067,311.4093933105469,21431
2025-12-08,313.34601772570585,317.8002623699086,312.18403058354494,317.2192687988281,24131
2025-12-09,316.63828581942084,318.7685858011217,315.28265380859375,315.28265380859375,25166
2025-12-10,313.73334613181885,324.9657804836876,310.6347333621442,321.092529296875,50639
2025-12-11,318.5749106988674,322.0608426834962,314.7016595049602,317.6065979003906,19725
2025-12-12,316.4446115010046,317.21927947202994,312.57136029756236,315.8636474609375,15521
2025-12-15,315.08896754952735,321.2861633300781,314.1206547853613,321.2861633300781,16403
2025-12-16,322.44816195676555,324.1911131741451,317.8002723433791,318.1875915527344,24693
2025-12-17,318.3812471044408,318.3812471044408,313.92703172100556,316.83197021484375,20988
2025-12-18,316.05728102170605,319.543212890625,314.1206554890356,319.543212890625,23740
2025-12-19,321.4798380358588,324.1911019581057,319.1558933095671,323.6101379394531,77487
2025-12-22,320.89884359173493,324.19110107421875,319.3495372615777,324.19110107421875,21059
2025-12-23,323.8037822153648,327.4833884471269,323.4164630200636,326.51507568359375,18341
2025-12-29,326.3214104372457,329.2263488090906,325.1594232682832,328.6453552246094,41128
2025-12-30,328.0643631147936,328.0643631147936,324.5784606933594,324.5784606933594,18314
2026-01-05,324.1911225855222,324.57847135668385,320.31787127840454,322.641845703125,24232
2026-01-06,324.38479532290916,327.6770530071188,319.73690559820875,326.12774658203125,18314
2026-01-07,328.25803485495504,335.0362243652344,328.06436047729403,335.0362243652344,29441
2026-01-08,335.81085293084607,338.134827192409,332.7122698330293,335.2298889160156,19403
2026-01-09,335.03623350077754,338.52216553979974,333.68060147186947,337.74749755859375,18806
2026-01-12,336.7791848524873,339.4904784617307,334.2615951768096,338.90948486328125,22989
2026-01-13,337.7474777406596,337.9411521122374,332.71226913579903,336.97283935546875,18585
2026-01-14,337.16654267186505,342.3954260971886,336.00455544376524,342.2017517089844,23677
2026-01-15,342.39540628973845,342.97639987017806,337.36016799334305,341.4270935058594,34157
2026-01-16,344.9130446159187,346.0750022908445,342.5890701649417,345.106689453125,21823
2026-01-19,341.81443252132436,346.26867749545414,341.2334389072096,342.7827453613281,13507
2026-01-20,340.0714712562203,340.6524353027344,336.7791840563107,340.6524353027344,18812
2026-01-21,340.26511614331537,341.4271033376554,338.1348456877745,341.2334289550781,15411
2026-01-22,343.7510475415862,345.1066795654407,340.071470683901,344.7193603515625,17292
2026-01-23,345.8813574536382,345.8813574536382,341.81443171499114,345.106689453125,18641
2026-01-26,342.3954155735042,345.6876732178475,340.84610916717736,345.30035400390625,13206
2026-01-27,347.62430797314624,351.30388492812443,345.6876823019866,348.0116271972656,23117
2026-01-28,342.97641116000904,342.97641116000904,332.7122894029127,335.4235534667969,25075
2026-01-29,331.55029129006886,343.36371907361746,325.93408896379486,341.4270935058594,25749
2026-01-30,341.2334283255355,346.8496603537351,339.87779630168103,344.7193603515625,35829
2026-02-02,344.71934934031646,350.722900390625,341.62073662714545,350.722900390625,20445
2026-02-03,350.72291101716,351.3038750617414,346.6559854017196,348.7862854003906,17374
2026-02-04,347.81798094619273,355.9518028218768,345.6876808963544,354.9834899902344,25462
2026-02-05,348.5926096795221,354.5961608886719,348.5926096795221,354.5961608886719,17945
2026-02-06,350.7229193123074,353.2405090332031,347.6243064319646,353.2405090332031,25893
2026-02-09,348.97993931629935,352.85319065066574,345.6876815922004,351.49755859375,26326
2026-02-10,352.85319141654765,352.85319141654765,347.2369887897512,348.5926208496094,23469
2026-02-11,349.56092171047044,356.339111328125,346.07498971127865,356.339111328125,28426
2026-02-12,357.3074128952176,360.59967041015625,355.75810654978744,360.59967041015625,39910
2026-02-13,362.9236358304564,363.11731021612997,357.6947524734566,359.0503845214844,35715
2026-02-16,360.01868761607756,361.37434917801903,357.50109797375546,360.4060363769531,16956
2026-02-17,362.5362947421628,365.82855224609375,361.5679819733266,365.82855224609375,24936
2026-02-18,365.05392449655926,367.18422447034465,362.9236245227739,364.4729309082031,33290
2026-02-19,365.8285528129631,367.7651783536364,359.0503634206065,362.9236145019531,14777
2026-02-20,363.69829242681567,363.8919372558594,359.24404765095034,363.8919372558594,41786
2026-02-23,362.34264991873187,365.82855224609375,361.37433714989567,365.82855224609375,21715
2026-02-24,364.66661465034014,370.86381080060335,364.47294026572854,370.08917236328125,28974
2026-02-25,368.5398572636027,369.5081700627448,362.72998046875,362.72998046875,23245
2026-02-26,359.4377233285869,364.8602513703759,356.92010413743543,358.0820617675781,28167
2026-02-27,358.85671757300406,369.3144836425781,358.6630431992651,369.3144836425781,191595
2026-03-02,361.9553231870504,364.27929761406386,356.5327949921853,361.3743591308594,39232
2026-03-03,358.27573754513884,358.8567311377568,352.07854150852444,352.8531799316406,29132
2026-03-04,354.78979377771367,362.92361515302116,354.78979377771367,360.59967041015625,19317
2026-03-05,358.8567218244978,358.8567218244978,349.9482324370518,350.722900390625,19761
2026-03-06,346.26866739646914,346.26866739646914,339.49047771412995,341.2334289550781,41411
2026-03-09,323.22279727575125,333.29327392578125,310.828405391876,333.29327392578125,60516
2026-03-10,334.45522010212915,340.6524158320818,334.45522010212915,335.81085205078125,27207
2026-03-11,332.9059148405169,332.9059148405169,325.35308713789703,330.0009765625,37149
2026-03-12,331.20001220703125,331.79998779296875,326.0,327.20001220703125,30224
2026-03-13,325.0,331.6000061035156,324.3999938964844,329.3999938964844,33011
2026-03-16,328.0,332.0,325.3999938964844,332.0,24365
2026-03-17,329.3999938964844,334.0,328.6000061035156,332.3999938964844,35083
2026-03-18,330.0,330.3999938964844,320.79998779296875,321.20001220703125,34131
2026-03-19,320.0,322.0,313.20001220703125,313.6000061035156,34797
2026-03-20,313.3999938964844,317.20001220703125,309.6000061035156,309.6000061035156,139285
2026-03-23,304.0,313.79998779296875,301.20001220703125,311.3999938964844,31649
2026-03-24,311.0,316.6000061035156,311.0,315.0,69189
2026-03-25,319.20001220703125,323.3999938964844,319.20001220703125,322.3999938964844,26816
2026-03-26,320.20001220703125,322.79998779296875,319.20001220703125,321.0,51505
2026-03-27,322.0,325.0,320.6000061035156,323.0,30265
2026-03-30,322.0,324.79998779296875,321.20001220703125,324.0,19310
2026-03-31,327.6000061035156,331.0,326.20001220703125,327.20001220703125,62451
2026-04-01,332.3999938964844,334.79998779296875,329.0,329.6000061035156,32275
2026-04-02,328.79998779296875,333.0,327.79998779296875,332.0,23233
2026-04-07,332.3999938964844,332.3999938964844,320.6000061035156,320.6000061035156,54142
2026-04-08,333.0,333.0,325.0,325.0,24815
2026-04-09,326.6000061035156,327.6000061035156,323.3999938964844,327.6000061035156,38053
2026-04-10,329.6000061035156,333.20001220703125,328.0,329.0,25874
2026-04-13,325.0,329.0,323.6000061035156,327.3999938964844,22189
2026-04-14,328.0,330.20001220703125,326.6000061035156,328.20001220703125,25182
2026-04-15,331.0,334.6000061035156,328.0,328.0,36092
2026-04-16,333.0,333.0,324.20001220703125,325.79998779296875,41484
2026-04-17,325.79998779296875,332.20001220703125,325.20001220703125,332.20001220703125,24113
2026-04-20,329.79998779296875,331.79998779296875,327.20001220703125,331.79998779296875,33450
2026-04-21,329.20001220703125,331.0,325.3999938964844,327.79998779296875,23552
2026-04-22,326.0,328.0,323.0,323.6000061035156,17735
2026-04-23,324.79998779296875,335.0,323.20001220703125,333.79998779296875,20432
2026-04-24,333.0,335.3999938964844,330.20001220703125,331.79998779296875,18512
2026-04-27,330.6000061035156,334.20001220703125,329.20001220703125,330.0,27854
2026-04-28,329.20001220703125,329.6000061035156,323.20001220703125,328.3999938964844,24193
2026-04-29,329.3999938964844,331.0,321.6000061035156,323.79998779296875,31476
2026-04-30,323.20001220703125,328.20001220703125,322.0,326.6000061035156,49420
2026-05-04,328.0,328.0,323.0,324.79998779296875,20214
2026-05-05,326.0,329.79998779296875,324.79998779296875,327.0,25352
2026-05-06,330.0,333.6000061035156,328.6000061035156,330.79998779296875,28000
2026-05-07,333.3999938964844,333.3999938964844,325.6000061035156,326.20001220703125,26284
2026-05-08,324.3999938964844,325.20001220703125,321.79998779296875,323.0,20789
2026-05-11,322.3999938964844,327.6000061035156,321.3999938964844,326.20001220703125,30233
2026-05-12,322.20001220703125,328.3999938964844,322.0,328.3999938964844,23330
2026-05-13,326.3999938964844,330.20001220703125,325.3999938964844,328.20001220703125,24332
2026-05-15,330.0,334.79998779296875,328.79998779296875,331.79998779296875,24103
2026-05-18,329.79998779296875,331.0,327.0,329.3999938964844,25009
2026-05-19,330.3999938964844,339.0,330.3999938964844,338.3999938964844,20402
2026-05-20,335.3999938964844,336.79998779296875,332.20001220703125,332.6000061035156,50401
2026-05-21,332.6000061035156,336.20001220703125,332.20001220703125,334.79998779296875,50616
2026-05-22,335.79998779296875,339.79998779296875,335.79998779296875,339.3999938964844,24737
2026-05-26,339.0,341.79998779296875,336.20001220703125,336.3999938964844,22973
2026-05-27,335.20001220703125,336.3999938964844,330.20001220703125,336.0,16393
2026-05-28,331.0,335.3999938964844,328.20001220703125,335.3999938964844,24741
2026-05-29,334.0,337.0,333.79998779296875,336.6000061035156,232905
2026-06-01,336.6000061035156,336.6000061035156,324.0,324.20001220703125,28768
2026-06-02,324.0,324.20001220703125,314.6000061035156,315.79998779296875,42169
2026-06-03,315.0,318.79998779296875,313.0,318.20001220703125,21288
2026-06-04,320.0,332.3999938964844,317.6000061035156,330.79998779296875,18937
2026-06-05,330.6000061035156,334.20001220703125,329.3999938964844,332.20001220703125,24155
2026-06-08,331.0,333.20001220703125,328.3999938964844,328.79998779296875,17631
2026-06-09,328.3999938964844,328.3999938964844,323.20001220703125,324.20001220703125,20012
2026-06-10,326.3999938964844,330.20001220703125,325.6000061035156,330.0,20224
2026-06-11,328.0,335.0,327.6000061035156,330.79998779296875,17219
2026-06-12,329.0,334.79998779296875,329.0,334.0,20341
2026-06-15,336.6000061035156,336.6000061035156,330.3999938964844,331.0,20434
2026-06-16,331.0,331.20001220703125,325.79998779296875,329.79998779296875,28076
2026-06-17,328.6000061035156,333.20001220703125,328.6000061035156,333.0,17895
2026-06-18,334.3999938964844,334.79998779296875,321.6000061035156,324.20001220703125,22766
2026-06-19,322.0,327.0,321.6000061035156,325.0,56725
2026-06-22,325.0,326.20001220703125,321.79998779296875,324.20001220703125,16790
2026-06-23,325.20001220703125,331.79998779296875,325.20001220703125,331.0,23774
2026-06-24,330.0,341.6000061035156,329.0,339.3999938964844,20880
2026-06-25,339.0,344.20001220703125,335.3999938964844,343.6000061035156,37912
2026-06-26,340.3999938964844,342.0,336.20001220703125,342.0,21679
2026-06-29,344.3999938964844,344.3999938964844,341.6000061035156,344.20001220703125,17751
2026-06-30,341.3999938964844,345.6000061035156,337.3999938964844,339.20001220703125,31955
2026-07-01,339.79998779296875,343.0,334.20001220703125,334.20001220703125,18323
2026-07-02,338.6000061035156,350.79998779296875,337.20001220703125,347.20001220703125,23830
2026-07-03,347.79998779296875,348.0,344.0,346.20001220703125,12711
2026-07-06,345.79998779296875,348.20001220703125,333.79998779296875,338.20001220703125,19966
2026-07-07,338.79998779296875,346.0,337.20001220703125,344.3999938964844,24838
2026-07-08,342.6000061035156,344.3999938964844,338.79998779296875,341.6000061035156,38138
2026-07-09,342.79998779296875,342.79998779296875,336.79998779296875,340.3999938964844,22944
2026-07-10,342.3999938964844,345.20001220703125,339.79998779296875,341.0,12518
2026-07-13,342.3999938964844,342.3999938964844,336.20001220703125,336.20001220703125,23037
2026-07-14,334.3999938964844,335.6000061035156,330.6000061035156,333.79998779296875,18321
2026-07-15,333.3999938964844,336.20001220703125,330.20001220703125,335.20001220703125,18548
2026-07-16,334.6000061035156,336.79998779296875,330.0,336.79998779296875,19696
2026-07-17,338.6000061035156,341.3999938964844,336.20001220703125,339.6000061035156,16345
2026-07-20,337.3999938964844,340.79998779296875,336.3999938964844,336.6000061035156,18619
2026-07-21,332.79998779296875,338.0,332.20001220703125,337.3999938964844,18845
2026-07-22,336.3999938964844,341.79998779296875,335.3999938964844,338.0,13718
2026-07-23,340.79998779296875,357.79998779296875,334.20001220703125,355.3999938964844,37376
2026-07-24,355.0,363.3999938964844,355.0,360.0,25358
