Date,Open,High,Low,Close,Volume
1995-04-03,28.79886177950395,29.130872300792205,28.732450161697486,28.95380401611328,0
1995-04-04,29.219452249107448,29.662174052085433,28.887395921843414,28.95380401611328,0
1995-04-05,29.307979515969897,29.307979515969897,29.086625713482384,29.197277069091797,0
1995-04-06,29.086633291620473,29.26370158089305,29.042338911892983,29.241579055786133,0
1995-04-07,29.26369900345162,29.44081308310159,29.26369900345162,29.39651870727539,0
1995-04-10,29.595755675712052,29.662167278352584,29.507173985857268,29.63999366760254,0
1995-04-11,29.507173985857268,29.750696115170467,29.507173985857268,29.63999366760254,0
1995-04-12,29.617876063466543,29.92776398558413,29.485051098076706,29.57358169555664,0
1995-04-13,29.61786994686048,29.639987176193966,29.529335844128628,29.55145835876465,0
1995-04-14,29.55145835876465,29.55145835876465,29.55145835876465,29.55145835876465,0
1995-04-17,29.55145835876465,29.55145835876465,29.55145835876465,29.55145835876465,0
1995-04-18,29.41864167875937,29.440810005573432,29.352230072021484,29.352230072021484,0
1995-04-19,29.263700821710035,29.263700821710035,28.95380401611328,28.95380401611328,0
1995-04-20,28.99809765496997,29.374402545237313,28.99809765496997,29.04233741760254,0
1995-04-21,29.750696182250977,29.794944744848614,29.507174052388695,29.750696182250977,0
1995-04-24,29.750696182250977,29.794944744848614,29.507174052388695,29.750696182250977,0
1995-04-25,30.060600947829403,30.48124073954777,30.060600947829403,30.082721710205078,0
1995-04-26,30.082714252786715,30.37048493391552,30.082714252786715,30.304073333740234,0
1995-04-27,30.34836452907353,30.43689688716782,30.12700544555218,30.326236724853516,0
1995-04-28,30.326234886772,30.503303115764123,30.281944045659408,30.481231689453125,0
1995-05-01,30.481231689453125,30.481231689453125,30.481231689453125,30.481231689453125,0
1995-05-02,30.569711772443583,30.6804141998291,30.569711772443583,30.6804141998291,0
1995-05-03,30.6582596758376,30.70255052498736,30.591848066865865,30.636138916015625,0
1995-05-04,30.768953820410413,31.1230902469724,30.768953820410413,30.946022033691406,0
1995-05-05,30.968139264001334,31.21166487426744,30.901773478930842,30.946022033691406,0
1995-05-08,30.9460361103164,31.211679071727175,30.901787535428195,31.034564971923828,0
1995-05-09,31.03455062375198,31.03455062375198,30.591839573194143,30.6804141998291,0
1995-05-10,30.680421708886822,30.768961121840363,30.459016799926758,30.459016799926758,0
1995-05-11,30.459015578134988,31.056730585851728,29.63999432934375,30.9681453704834,0
1995-05-12,31.189514506000503,31.30021697917416,31.100982125169093,31.21167755126953,0
1995-05-15,31.388736425563277,31.654386341460032,31.167384398630404,31.433027267456055,0
1995-05-16,31.433027267456055,31.433027267456055,31.433027267456055,31.433027267456055,0
1995-05-17,31.499446521794297,31.499446521794297,31.322332440671612,31.477283477783203,0
1995-05-18,31.521574631052207,31.521574631052207,31.300215501133703,31.388744354248047,0
1995-05-19,31.078852937075233,31.211672628593803,31.056732177734375,31.056732177734375,0
1995-05-22,30.901772377260624,31.477271357304534,30.901772377260624,31.455150604248047,0
1995-05-23,31.56584930419922,31.56584930419922,31.56584930419922,31.56584930419922,0
1995-05-24,31.698644983501122,31.78721964838904,31.654396409960565,31.720808029174805,0
1995-05-25,31.720808029174805,31.720808029174805,31.720808029174805,31.720808029174805,0
1995-05-26,31.433032626869707,31.74293115507112,31.123098863306765,31.366621017456055,0
1995-05-29,31.388731968517764,31.52156219290823,31.366611215461276,31.455150604248047,0
1995-05-30,31.521568746335458,31.787211632669074,31.34450050255406,31.654388427734375,0
1995-05-31,31.83145294014519,31.83145294014519,31.65438471712022,31.809335708618164,0
1995-06-01,31.986410052226628,32.008573093954375,31.831459031078886,31.87575340270996,0
1995-06-02,32.39953733196278,32.39953733196278,31.752473757663807,31.841724395751953,0
1995-06-05,31.841724395751953,31.841724395751953,31.841724395751953,31.841724395751953,0
1995-06-06,32.04254911667504,32.04254911667504,31.93095742863167,31.908658981323242,0
1995-06-07,31.77476752527286,31.953258079710015,31.930952532143394,31.819414138793945,0
1995-06-08,32.04254936498232,32.04254936498232,31.506985267585545,31.77477264404297,0
1995-06-09,31.28385565044344,31.685529708862305,31.28385565044344,31.685529708862305,0
1995-06-12,31.73012986685461,31.908663093744096,31.596285888164143,31.886322021484375,0
1995-06-13,31.886321393496985,31.886321393496985,31.73012924194336,31.73012924194336,0
1995-06-14,31.84172053951145,31.86401543713292,31.596284866333008,31.596284866333008,0
1995-06-15,31.596284866333008,31.596284866333008,31.596284866333008,31.596284866333008,0
1995-06-16,31.685524838093308,31.73012884069493,31.506988065137957,31.596284866333008,0
1995-06-19,31.640875158780315,31.93095742863167,31.573930091104415,31.908658981323242,0
1995-06-20,32.042545318603516,32.042545318603516,32.042545318603516,32.042545318603516,0
1995-06-21,32.17640205427629,32.35493882038538,32.13180160522461,32.13180160522461,0
1995-06-22,32.154096343354865,32.6226692199707,31.997911304215446,32.6226692199707,0
1995-06-23,32.86815160077581,32.97969712269621,32.75656700862006,32.89045715332031,0
1995-06-26,33.002046649542514,33.26977719534449,32.89045496114529,33.24748229980469,0
1995-06-27,33.314420728681704,33.62680141788445,33.314420728681704,33.44831085205078,0
1995-06-28,33.403680872964415,33.403680872964415,33.202838526911194,33.314430236816406,0
1995-06-29,33.26977719534449,33.31442381585353,33.202832127456304,33.24748229980469,0
1995-06-30,33.20283784867808,33.269782928101655,33.06899741559027,33.11359786987305,0
1995-07-03,33.11360452208048,33.247494707824885,33.06900405883789,33.06900405883789,0
1995-07-04,33.202844143410346,33.4036865234375,32.93511350071791,33.4036865234375,0
1995-07-05,33.470621167819736,33.470621167819736,33.381370544433594,33.381370544433594,0
1995-07-06,33.448317824924786,33.448317824924786,33.3367261236053,33.359031677246094,0
1995-07-07,33.51526301741334,33.58216190519073,33.40367133935706,33.44831085205078,0
1995-07-10,33.4929154676186,33.51526719330152,33.33672332763672,33.33672332763672,0
1995-07-11,33.2474833613594,33.38136994957128,33.11359322130807,33.33672332763672,0
1995-07-12,33.40368613506451,33.60451785723478,33.40368613506451,33.51527786254883,0
1995-07-13,33.69375228881836,33.87224284779488,33.62680012602793,33.69375228881836,0
1995-07-14,33.78299224054831,33.82764240704372,33.69375228881836,33.69375228881836,0
1995-07-17,33.78299779417534,34.20697021484375,33.78299779417534,34.20697021484375,0
1995-07-18,34.16232675533231,34.27391133089415,34.05078125,34.05078125,0
1995-07-19,33.84994975346937,34.09538546185735,33.84994975346937,34.00614547729492,0
1995-07-20,33.82765042931245,33.93919595562945,33.5152696780291,33.58216857910156,0
1995-07-21,33.782997043681995,33.93919273224853,33.69375707926426,33.89459228515625,0
1995-07-24,33.91688972572992,34.29622264811565,33.91688972572992,34.18467712402344,0
1995-07-25,34.29622708812769,34.407818800582035,34.25162308007492,34.34087371826172,0
1995-07-26,34.497014270261175,34.697899231972364,34.497014270261175,34.586307525634766,0
1995-07-27,34.56400197099092,34.63095415332156,34.497014270261175,34.586307525634766,0
1995-07-28,34.764795935820594,35.144164380904535,34.764795935820594,35.05487823486328,0
1995-07-31,35.01027620501301,35.01027620501301,34.898684499451505,34.96562957763672,0
1995-08-01,34.96562957763672,34.96562957763672,34.96562957763672,34.96562957763672,0
1995-08-02,35.2110710144043,35.2110710144043,35.2110710144043,35.2110710144043,0
1995-08-03,35.05488307095739,35.166474785625304,34.987937987309124,35.03257751464844,238000000
1995-08-04,35.03257751464844,35.03257751464844,35.03257751464844,35.03257751464844,0
1995-08-07,35.03257751464844,35.03257751464844,35.03257751464844,35.03257751464844,0
1995-08-08,35.03257751464844,35.03257751464844,35.03257751464844,35.03257751464844,0
1995-08-09,35.03257751464844,35.03257751464844,35.03257751464844,35.03257751464844,0
1995-08-10,35.03257751464844,35.03257751464844,35.03257751464844,35.03257751464844,0
1995-08-11,34.541654292557446,34.80943810779238,34.474709226708526,34.563995361328125,309000000
1995-08-14,34.563995361328125,34.563995361328125,34.563995361328125,34.563995361328125,0
1995-08-15,34.563995361328125,34.563995361328125,34.563995361328125,34.563995361328125,0
1995-08-16,35.211071595798444,35.25571823120117,35.054886512380435,35.25571823120117,16672358400
1995-08-17,35.25571823120117,35.25571823120117,35.25571823120117,35.25571823120117,0
1995-08-18,35.25571823120117,35.25571823120117,35.25571823120117,35.25571823120117,0
1995-08-21,35.25571823120117,35.25571823120117,35.25571823120117,35.25571823120117,0
1995-08-22,35.25571823120117,35.25571823120117,35.25571823120117,35.25571823120117,0
1995-08-23,35.25571823120117,35.25571823120117,35.25571823120117,35.25571823120117,0
1995-08-24,35.25571823120117,35.25571823120117,35.25571823120117,35.25571823120117,0
1995-08-25,35.25571823120117,35.25571823120117,35.25571823120117,35.25571823120117,0
1995-08-28,35.25571823120117,35.25571823120117,35.25571823120117,35.25571823120117,0
1995-08-29,35.67967772728666,35.70197616950788,35.63503111710495,35.65732955932617,52953088000
1995-08-30,35.65732955932617,35.65732955932617,35.65732955932617,35.65732955932617,0
1995-08-31,35.65732955932617,35.65732955932617,35.65732955932617,35.65732955932617,0
1995-09-01,35.65732955932617,35.65732955932617,35.65732955932617,35.65732955932617,0
1995-09-04,35.65732955932617,35.65732955932617,35.65732955932617,35.65732955932617,0
1995-09-05,36.54993432718501,36.59453478432335,36.54993432718501,36.50529479980469,94791270400
1995-09-06,36.50529479980469,36.50529479980469,36.50529479980469,36.50529479980469,0
1995-09-07,36.3267992246319,36.3713925720127,36.05901537444624,36.0813102722168,369000000
1995-09-08,36.17061375526016,36.28215930151097,36.05902203508478,36.14826202392578,426000000
1995-09-11,36.14826202392578,36.14826202392578,36.14826202392578,36.14826202392578,0
1995-09-12,36.32680322030342,36.63918400406908,36.32680322030342,36.57223892211914,187000000
1995-09-13,36.57223892211914,36.57223892211914,36.57223892211914,36.57223892211914,0
1995-09-14,36.72842401110035,36.81767464885378,36.61688557678919,36.68378448486328,58510540800
1995-09-15,36.68378448486328,36.68378448486328,36.68378448486328,36.68378448486328,0
1995-09-18,36.68378448486328,36.68378448486328,36.68378448486328,36.68378448486328,0
1995-09-19,36.68378448486328,36.68378448486328,36.68378448486328,36.68378448486328,0
1995-09-20,36.75072956685853,36.84001572301285,36.54993339111376,36.68378448486328,58510540800
1995-09-21,36.371397609974686,36.72842503381052,36.371397609974686,36.66147994995117,94791270400
1995-09-22,36.48297750757019,36.728413136885685,35.92511856469601,36.01435852050781,58510540800
1995-09-25,36.01435852050781,36.01435852050781,36.01435852050781,36.01435852050781,0
1995-09-26,36.01435852050781,36.01435852050781,36.01435852050781,36.01435852050781,0
1995-09-27,36.01435852050781,36.01435852050781,36.01435852050781,36.01435852050781,0
1995-09-28,36.01435852050781,36.01435852050781,36.01435852050781,36.01435852050781,0
1995-09-29,36.01435852050781,36.01435852050781,36.01435852050781,36.01435852050781,0
1995-10-02,36.01435852050781,36.01435852050781,36.01435852050781,36.01435852050781,0
1995-10-03,36.59452819824219,36.728418341564904,36.52758667842037,36.59452819824219,86980000
1995-10-04,36.59452819824219,36.59452819824219,36.59452819824219,36.59452819824219,0
1995-10-05,36.59452819824219,36.59452819824219,36.59452819824219,36.59452819824219,0
1995-10-06,36.59452819824219,36.59452819824219,36.59452819824219,36.59452819824219,0
1995-10-09,36.59452819824219,36.59452819824219,36.59452819824219,36.59452819824219,0
1995-10-10,36.59452819824219,36.59452819824219,36.59452819824219,36.59452819824219,0
1995-10-11,36.59452819824219,36.59452819824219,36.59452819824219,36.59452819824219,0
1995-10-12,36.59452819824219,36.59452819824219,36.59452819824219,36.59452819824219,0
1995-10-13,36.59452819824219,36.59452819824219,36.59452819824219,36.59452819824219,0
1995-10-16,37.241638541258055,37.37552868708701,37.08545349821538,37.13004684448242,100730000
1995-10-17,37.13004684448242,37.13004684448242,37.13004684448242,37.13004684448242,0
1995-10-18,37.13004684448242,37.13004684448242,37.13004684448242,37.13004684448242,0
1995-10-19,37.13004684448242,37.13004684448242,37.13004684448242,37.13004684448242,0
1995-10-20,37.13004684448242,37.13004684448242,37.13004684448242,37.13004684448242,0
1995-10-23,37.13004684448242,37.13004684448242,37.13004684448242,37.13004684448242,0
1995-10-24,37.13004684448242,37.13004684448242,37.13004684448242,37.13004684448242,0
1995-10-25,37.13004684448242,37.13004684448242,37.13004684448242,37.13004684448242,0
1995-10-26,37.13004684448242,37.13004684448242,37.13004684448242,37.13004684448242,0
1995-10-27,37.13004684448242,37.13004684448242,37.13004684448242,37.13004684448242,0
1995-10-30,37.13004684448242,37.13004684448242,37.13004684448242,37.13004684448242,0
1995-10-31,37.13004684448242,37.13004684448242,37.13004684448242,37.13004684448242,0
1995-11-01,37.13004684448242,37.13004684448242,37.13004684448242,37.13004684448242,0
1995-11-02,37.13004684448242,37.13004684448242,37.13004684448242,37.13004684448242,0
1995-11-03,37.13004684448242,37.13004684448242,37.13004684448242,37.13004684448242,0
1995-11-06,37.13004684448242,37.13004684448242,37.13004684448242,37.13004684448242,0
1995-11-07,37.13004684448242,37.13004684448242,37.13004684448242,37.13004684448242,0
1995-11-08,37.13004684448242,37.13004684448242,37.13004684448242,37.13004684448242,0
1995-11-09,37.13004684448242,37.13004684448242,37.13004684448242,37.13004684448242,0
1995-11-10,37.13004684448242,37.13004684448242,37.13004684448242,37.13004684448242,0
1995-11-13,37.13004684448242,37.13004684448242,37.13004684448242,37.13004684448242,0
1995-11-14,37.13004684448242,37.13004684448242,37.13004684448242,37.13004684448242,0
1995-11-15,37.13004684448242,37.13004684448242,37.13004684448242,37.13004684448242,0
1995-11-16,37.62097037656223,37.86640603818723,37.531719753484225,37.79950714111328,76610000
1995-11-17,37.9333525297489,39.49530952889809,37.777156829833984,37.777156829833984,319280000
1995-11-20,38.11188412247799,38.3350248863635,37.710213698654535,38.178829193115234,318160000
1995-11-21,38.178829193115234,38.178829193115234,38.178829193115234,38.178829193115234,0
1995-11-22,38.6027650946992,38.62511682617473,38.44658001791969,38.53582000732422,212750000
1995-11-23,38.53582000732422,38.53582000732422,38.53582000732422,38.53582000732422,0
1995-11-24,38.53582000732422,38.53582000732422,38.53582000732422,38.53582000732422,0
1995-11-27,38.53582000732422,38.53582000732422,38.53582000732422,38.53582000732422,0
1995-11-28,38.53582000732422,38.53582000732422,38.53582000732422,38.53582000732422,0
1995-11-29,39.22756292067471,39.495304107666016,39.22756292067471,39.495304107666016,613370000
1995-11-30,39.495304107666016,39.495304107666016,39.495304107666016,39.495304107666016,0
1995-12-01,39.495304107666016,39.495304107666016,39.495304107666016,39.495304107666016,0
1995-12-04,39.495304107666016,39.495304107666016,39.495304107666016,39.495304107666016,0
1995-12-05,39.495304107666016,39.495304107666016,39.495304107666016,39.495304107666016,0
1995-12-06,39.495304107666016,39.495304107666016,39.495304107666016,39.495304107666016,0
1995-12-07,39.495304107666016,39.495304107666016,39.495304107666016,39.495304107666016,0
1995-12-08,39.495304107666016,39.495304107666016,39.495304107666016,39.495304107666016,0
1995-12-11,39.495304107666016,39.495304107666016,39.495304107666016,39.495304107666016,0
1995-12-12,39.495304107666016,39.495304107666016,39.495304107666016,39.495304107666016,0
1995-12-13,39.495304107666016,39.495304107666016,39.495304107666016,39.495304107666016,0
1995-12-14,39.495304107666016,39.495304107666016,39.495304107666016,39.495304107666016,0
1995-12-15,39.495304107666016,39.495304107666016,39.495304107666016,39.495304107666016,0
1995-12-18,39.495304107666016,39.495304107666016,39.495304107666016,39.495304107666016,0
1995-12-19,39.495304107666016,39.495304107666016,39.495304107666016,39.495304107666016,0
1995-12-20,39.495304107666016,39.495304107666016,39.495304107666016,39.495304107666016,0
1995-12-21,39.495304107666016,39.495304107666016,39.495304107666016,39.495304107666016,0
1995-12-22,39.495304107666016,39.495304107666016,39.495304107666016,39.495304107666016,0
1995-12-25,39.495304107666016,39.495304107666016,39.495304107666016,39.495304107666016,0
1995-12-26,39.495304107666016,39.495304107666016,39.495304107666016,39.495304107666016,0
1995-12-27,39.495304107666016,39.495304107666016,39.495304107666016,39.495304107666016,0
1995-12-28,39.495304107666016,39.495304107666016,39.495304107666016,39.495304107666016,0
1995-12-29,39.495304107666016,39.495304107666016,39.495304107666016,39.495304107666016,0
1996-01-01,39.495304107666016,39.495304107666016,39.495304107666016,39.495304107666016,0
1996-01-02,39.495304107666016,39.495304107666016,39.495304107666016,39.495304107666016,0
1996-01-03,39.495304107666016,39.495304107666016,39.495304107666016,39.495304107666016,0
1996-01-04,41.59282302856445,41.68206653491435,41.48123135131773,41.59282302856445,200110000
1996-01-05,41.59282302856445,41.59282302856445,41.59282302856445,41.59282302856445,0
1996-01-08,41.59282302856445,41.59282302856445,41.59282302856445,41.59282302856445,0
1996-01-09,41.59282302856445,41.59282302856445,41.59282302856445,41.59282302856445,0
1996-01-10,41.59282302856445,41.59282302856445,41.59282302856445,41.59282302856445,0
1996-01-11,41.59282302856445,41.59282302856445,41.59282302856445,41.59282302856445,0
1996-01-12,41.59282302856445,41.59282302856445,41.59282302856445,41.59282302856445,0
1996-01-15,40.49944654694234,40.65563159128382,39.76308625715571,39.85233688354492,161740000
1996-01-16,39.85233688354492,39.85233688354492,39.85233688354492,39.85233688354492,0
1996-01-17,39.85233688354492,39.85233688354492,39.85233688354492,39.85233688354492,0
1996-01-18,39.85233688354492,39.85233688354492,39.85233688354492,39.85233688354492,0
1996-01-19,39.85233688354492,39.85233688354492,39.85233688354492,39.85233688354492,0
1996-01-22,39.85233688354492,39.85233688354492,39.85233688354492,39.85233688354492,0
1996-01-23,39.85233688354492,39.85233688354492,39.85233688354492,39.85233688354492,0
1996-01-24,39.85233688354492,39.85233688354492,39.85233688354492,39.85233688354492,0
1996-01-25,39.85233688354492,39.85233688354492,39.85233688354492,39.85233688354492,0
1996-01-26,39.85233688354492,39.85233688354492,39.85233688354492,39.85233688354492,0
1996-01-29,39.85233688354492,39.85233688354492,39.85233688354492,39.85233688354492,0
1996-01-30,39.85233688354492,39.85233688354492,39.85233688354492,39.85233688354492,0
1996-01-31,39.85233688354492,39.85233688354492,39.85233688354492,39.85233688354492,0
1996-02-01,39.85233688354492,39.85233688354492,39.85233688354492,39.85233688354492,0
1996-02-02,39.85233688354492,39.85233688354492,39.85233688354492,39.85233688354492,0
1996-02-05,39.85233688354492,39.85233688354492,39.85233688354492,39.85233688354492,0
1996-02-06,39.85233688354492,39.85233688354492,39.85233688354492,39.85233688354492,0
1996-02-07,39.85233688354492,39.85233688354492,39.85233688354492,39.85233688354492,0
1996-02-08,39.85233688354492,39.85233688354492,39.85233688354492,39.85233688354492,0
1996-02-09,39.85233688354492,39.85233688354492,39.85233688354492,39.85233688354492,0
1996-02-12,39.85233688354492,39.85233688354492,39.85233688354492,39.85233688354492,0
1996-02-13,39.85233688354492,39.85233688354492,39.85233688354492,39.85233688354492,0
1996-02-14,39.85233688354492,39.85233688354492,39.85233688354492,39.85233688354492,0
1996-02-15,39.85233688354492,39.85233688354492,39.85233688354492,39.85233688354492,0
1996-02-16,39.85233688354492,39.85233688354492,39.85233688354492,39.85233688354492,0
1996-02-19,39.85233747544626,40.14241977471779,39.78539240098079,39.8969841003418,66160000
1996-02-20,39.8969841003418,39.8969841003418,39.8969841003418,39.8969841003418,0
1996-02-21,39.8969841003418,39.8969841003418,39.8969841003418,39.8969841003418,0
1996-02-22,39.8969841003418,39.8969841003418,39.8969841003418,39.8969841003418,0
1996-02-23,39.8969841003418,39.8969841003418,39.8969841003418,39.8969841003418,0
1996-02-26,39.8969841003418,39.8969841003418,39.8969841003418,39.8969841003418,0
1996-02-27,39.8969841003418,39.8969841003418,39.8969841003418,39.8969841003418,0
1996-02-28,39.8969841003418,39.8969841003418,39.8969841003418,39.8969841003418,0
1996-02-29,39.8969841003418,39.8969841003418,39.8969841003418,39.8969841003418,0
1996-03-01,39.8969841003418,39.8969841003418,39.8969841003418,39.8969841003418,0
1996-03-04,39.8969841003418,39.8969841003418,39.8969841003418,39.8969841003418,0
1996-03-05,39.8969841003418,39.8969841003418,39.8969841003418,39.8969841003418,0
1996-03-06,39.8969841003418,39.8969841003418,39.8969841003418,39.8969841003418,0
1996-03-07,39.8969841003418,39.8969841003418,39.8969841003418,39.8969841003418,0
1996-03-08,39.8969841003418,39.8969841003418,39.8969841003418,39.8969841003418,0
1996-03-11,39.8969841003418,39.8969841003418,39.8969841003418,39.8969841003418,0
1996-03-12,39.8969841003418,39.8969841003418,39.8969841003418,39.8969841003418,0
1996-03-13,39.8969841003418,39.8969841003418,39.8969841003418,39.8969841003418,0
1996-03-14,39.8969841003418,39.8969841003418,39.8969841003418,39.8969841003418,0
1996-03-15,39.8969841003418,39.8969841003418,39.8969841003418,39.8969841003418,0
1996-03-18,39.8969841003418,39.8969841003418,39.8969841003418,39.8969841003418,0
1996-03-19,39.8969841003418,39.8969841003418,39.8969841003418,39.8969841003418,0
1996-03-20,39.8969841003418,39.8969841003418,39.8969841003418,39.8969841003418,0
1996-03-21,39.8969841003418,39.8969841003418,39.8969841003418,39.8969841003418,0
1996-03-22,39.8969841003418,39.8969841003418,39.8969841003418,39.8969841003418,0
1996-03-25,39.8969841003418,39.8969841003418,39.8969841003418,39.8969841003418,0
1996-03-26,39.8969841003418,39.8969841003418,39.8969841003418,39.8969841003418,0
1996-03-27,39.8969841003418,39.8969841003418,39.8969841003418,39.8969841003418,0
1996-03-28,39.8969841003418,39.8969841003418,39.8969841003418,39.8969841003418,0
1996-03-29,39.8969841003418,39.8969841003418,39.8969841003418,39.8969841003418,0
1996-04-01,39.8969841003418,39.8969841003418,39.8969841003418,39.8969841003418,0
1996-04-02,39.8969841003418,39.8969841003418,39.8969841003418,39.8969841003418,0
1996-04-03,39.8969841003418,39.8969841003418,39.8969841003418,39.8969841003418,0
1996-04-04,39.8969841003418,39.8969841003418,39.8969841003418,39.8969841003418,0
1996-04-05,39.8969841003418,39.8969841003418,39.8969841003418,39.8969841003418,0
1996-04-08,39.8969841003418,39.8969841003418,39.8969841003418,39.8969841003418,0
1996-04-09,39.8969841003418,39.8969841003418,39.8969841003418,39.8969841003418,0
1996-04-10,39.8969841003418,39.8969841003418,39.8969841003418,39.8969841003418,0
1996-04-11,39.8969841003418,39.8969841003418,39.8969841003418,39.8969841003418,0
1996-04-12,39.8969841003418,39.8969841003418,39.8969841003418,39.8969841003418,0
1996-04-15,39.8969841003418,39.8969841003418,39.8969841003418,39.8969841003418,0
1996-04-16,39.8969841003418,39.8969841003418,39.8969841003418,39.8969841003418,0
1996-04-17,39.8969841003418,39.8969841003418,39.8969841003418,39.8969841003418,0
1996-04-18,39.8969841003418,39.8969841003418,39.8969841003418,39.8969841003418,0
1996-04-19,39.8969841003418,39.8969841003418,39.8969841003418,39.8969841003418,0
1996-04-22,39.8969841003418,39.8969841003418,39.8969841003418,39.8969841003418,0
1996-04-23,39.8969841003418,39.8969841003418,39.8969841003418,39.8969841003418,0
1996-04-24,39.8969841003418,39.8969841003418,39.8969841003418,39.8969841003418,0
1996-04-25,39.8969841003418,39.8969841003418,39.8969841003418,39.8969841003418,0
1996-04-26,39.8969841003418,39.8969841003418,39.8969841003418,39.8969841003418,0
1996-04-29,39.8969841003418,39.8969841003418,39.8969841003418,39.8969841003418,0
1996-04-30,39.8969841003418,39.8969841003418,39.8969841003418,39.8969841003418,0
1996-05-01,39.8969841003418,39.8969841003418,39.8969841003418,39.8969841003418,0
1996-05-02,39.8969841003418,39.8969841003418,39.8969841003418,39.8969841003418,0
1996-05-03,39.8969841003418,39.8969841003418,39.8969841003418,39.8969841003418,0
1996-05-06,39.8969841003418,39.8969841003418,39.8969841003418,39.8969841003418,0
1996-05-07,39.8969841003418,39.8969841003418,39.8969841003418,39.8969841003418,0
1996-05-08,39.8969841003418,39.8969841003418,39.8969841003418,39.8969841003418,0
1996-05-09,39.8969841003418,39.8969841003418,39.8969841003418,39.8969841003418,0
1996-05-10,39.8969841003418,39.8969841003418,39.8969841003418,39.8969841003418,0
1996-05-13,39.8969841003418,39.8969841003418,39.8969841003418,39.8969841003418,0
1996-05-14,39.8969841003418,39.8969841003418,39.8969841003418,39.8969841003418,0
1996-05-15,39.8969841003418,39.8969841003418,39.8969841003418,39.8969841003418,0
1996-05-16,39.8969841003418,39.8969841003418,39.8969841003418,39.8969841003418,0
1996-05-17,39.8969841003418,39.8969841003418,39.8969841003418,39.8969841003418,0
1996-05-20,39.8969841003418,39.8969841003418,39.8969841003418,39.8969841003418,0
1996-05-21,39.8969841003418,39.8969841003418,39.8969841003418,39.8969841003418,0
1996-05-22,39.8969841003418,39.8969841003418,39.8969841003418,39.8969841003418,0
1996-05-23,39.8969841003418,39.8969841003418,39.8969841003418,39.8969841003418,0
1996-05-24,39.8969841003418,39.8969841003418,39.8969841003418,39.8969841003418,0
1996-05-27,39.8969841003418,39.8969841003418,39.8969841003418,39.8969841003418,0
1996-05-28,39.8969841003418,39.8969841003418,39.8969841003418,39.8969841003418,0
1996-05-29,39.8969841003418,39.8969841003418,39.8969841003418,39.8969841003418,0
1996-05-30,42.2399397335738,42.53002202453216,42.12834803741078,42.41843032836914,150190000
1996-05-31,42.574616013951335,42.86469830929348,42.574616013951335,42.842403411865234,174000000
1996-06-03,42.842403411865234,42.842403411865234,42.842403411865234,42.842403411865234,0
1996-06-04,43.020891598991156,43.06553822078047,42.75315038999355,42.82004928588867,192690000
1996-06-05,43.29072189331055,43.29072189331055,43.29072189331055,43.29072189331055,0
1996-06-06,43.29072189331055,43.29072189331055,43.29072189331055,43.29072189331055,0
1996-06-07,43.29072189331055,43.29072189331055,43.29072189331055,43.29072189331055,0
1996-06-10,43.29072189331055,43.29072189331055,43.29072189331055,43.29072189331055,0
1996-06-11,43.29072189331055,43.29072189331055,43.29072189331055,43.29072189331055,0
1996-06-12,43.29072189331055,43.29072189331055,43.29072189331055,43.29072189331055,0
1996-06-13,43.29072189331055,43.29072189331055,43.29072189331055,43.29072189331055,0
1996-06-14,43.29072189331055,43.29072189331055,43.29072189331055,43.29072189331055,0
1996-06-17,43.29072189331055,43.29072189331055,43.29072189331055,43.29072189331055,0
1996-06-18,43.29072189331055,43.29072189331055,43.29072189331055,43.29072189331055,0
1996-06-19,43.29072189331055,43.29072189331055,43.29072189331055,43.29072189331055,0
1996-06-20,43.29072189331055,43.29072189331055,43.29072189331055,43.29072189331055,0
1996-06-21,43.29072189331055,43.29072189331055,43.29072189331055,43.29072189331055,0
1996-06-24,43.29072189331055,43.29072189331055,43.29072189331055,43.29072189331055,0
1996-06-25,43.29072189331055,43.29072189331055,43.29072189331055,43.29072189331055,0
1996-06-26,43.29072189331055,43.29072189331055,43.29072189331055,43.29072189331055,0
1996-06-27,43.29072189331055,43.29072189331055,43.29072189331055,43.29072189331055,0
1996-06-28,43.29072189331055,43.29072189331055,43.29072189331055,43.29072189331055,0
1996-07-01,43.29072189331055,43.29072189331055,43.29072189331055,43.29072189331055,0
1996-07-02,43.29072189331055,43.29072189331055,43.29072189331055,43.29072189331055,0
1996-07-03,43.29072189331055,43.29072189331055,43.29072189331055,43.29072189331055,0
1996-07-04,43.35817678495921,43.76850318071336,43.289784862972205,43.54055404663086,298230000
1996-07-05,43.54055404663086,43.54055404663086,43.54055404663086,43.54055404663086,0
1996-07-08,43.54055404663086,43.54055404663086,43.54055404663086,43.54055404663086,0
1996-07-09,43.54055404663086,43.54055404663086,43.54055404663086,43.54055404663086,0
1996-07-10,43.54055404663086,43.54055404663086,43.54055404663086,43.54055404663086,0
1996-07-11,43.54055404663086,43.54055404663086,43.54055404663086,43.54055404663086,0
1996-07-12,43.54055404663086,43.54055404663086,43.54055404663086,43.54055404663086,0
1996-07-15,43.54055404663086,43.54055404663086,43.54055404663086,43.54055404663086,0
1996-07-16,43.54055404663086,43.54055404663086,43.54055404663086,43.54055404663086,0
1996-07-17,43.54055404663086,43.54055404663086,43.54055404663086,43.54055404663086,0
1996-07-18,43.54055404663086,43.54055404663086,43.54055404663086,43.54055404663086,0
1996-07-19,42.833842171937164,42.85666939491088,42.446292877197266,42.446292877197266,167550000
1996-07-22,42.446292877197266,42.446292877197266,42.446292877197266,42.446292877197266,0
1996-07-23,41.16972457640952,41.671262850426245,41.16972457640952,41.60287094116211,313320000
1996-07-24,41.60287094116211,41.60287094116211,41.60287094116211,41.60287094116211,0
1996-07-25,41.60287094116211,41.60287094116211,41.60287094116211,41.60287094116211,0
1996-07-26,41.60287094116211,41.60287094116211,41.60287094116211,41.60287094116211,0
1996-07-29,41.60287094116211,41.60287094116211,41.60287094116211,41.60287094116211,0
1996-07-30,41.60287094116211,41.60287094116211,41.60287094116211,41.60287094116211,0
1996-07-31,41.60287094116211,41.60287094116211,41.60287094116211,41.60287094116211,0
1996-08-01,41.60287094116211,41.60287094116211,41.60287094116211,41.60287094116211,0
1996-08-02,41.60287094116211,41.60287094116211,41.60287094116211,41.60287094116211,0
1996-08-05,42.19557295242357,42.60590281287035,42.14996518522715,42.21835708618164,221080000
1996-08-06,42.17274418323734,42.3551249730217,41.990413665771484,41.990413665771484,123960000
1996-08-07,42.1727457281052,42.56029504567393,41.99041520396023,42.21835708618164,171740000
1996-08-08,42.24114571487008,42.24114571487008,42.013203789015975,42.08158493041992,111630000
1996-08-09,41.94480895996094,42.03597781622418,41.64843207546201,41.94480895996094,141670000
1996-08-12,41.80803876216981,41.85364654195115,41.64844205542373,41.69404983520508,77300000
1996-08-13,41.83081234571251,42.013200343894646,41.80803180034183,41.89920425415039,98040000
1996-08-14,41.78520457352572,41.94481202633718,41.739650664545195,41.89920425415039,88770000
1996-08-15,41.99041955025415,42.03598064072613,41.5572624206543,41.5572624206543,156690000
1996-08-16,41.5572624206543,41.6484348739238,41.19255106229391,41.5572624206543,219800000
1996-08-19,41.55726962165434,41.58005017083772,41.329327676341855,41.35211181640625,202300000
1996-08-20,41.488864925047494,42.05879856286893,41.46609156661038,41.85363006591797,323780000
1996-08-21,42.081591125939084,42.332367499163475,41.99042942387503,42.172760009765625,286540000
1996-08-22,42.560304881500585,43.06183961960645,42.469132416597795,42.85668182373047,311190000
1996-08-23,43.175789625342524,43.26699799270096,42.925013296554695,43.221397399902344,213240000
1996-08-26,43.19860813861242,43.24416204077329,42.925004637016556,42.99339294433594,153980000
1996-08-27,42.71985489964004,43.03901239001263,42.40074409071856,42.85668182373047,249790000
1996-08-28,42.628680267944176,42.69706139130541,41.87641250249555,42.26396179199219,351090000
1996-08-29,41.9448154658506,42.30953403803545,41.9448154658506,42.08158493041992,194630000
1996-08-30,41.94481901094165,42.05881511966841,41.48888125748781,41.69404983520508,149670000
1996-09-02,41.67125777237076,41.785199986400315,41.53447756139096,41.71686553955078,128760000
1996-09-03,41.62566358563662,41.62566358563662,41.19256022292676,41.283721923828125,173370000
1996-09-04,40.98737870257275,41.420489110389475,40.850609262765396,41.2153205871582,309610000
1996-09-05,41.35209810136086,41.35209810136086,40.91899490356445,40.91899490356445,128430000
1996-09-06,40.78221829092172,40.96454880506053,40.48584143345045,40.91899490356445,238070000
1996-09-09,41.238102974314295,41.62565231323242,41.16972184223288,41.62565231323242,129800000
1996-09-10,41.9220314809665,42.12718925187807,41.762431209915874,41.89920425415039,253840000
1996-09-11,42.05880349892019,42.05880349892019,41.67125777237076,41.71686553955078,103030000
1996-09-12,41.71686244912229,41.990412078176966,41.534474484473954,41.92202377319336,140660000
1996-09-13,41.89920642614291,42.560301908856275,41.89920642614291,42.53752136230469,157830000
1996-09-16,42.788250355233735,42.833858136742286,42.5375278514553,42.67429733276367,171480000
1996-09-17,42.69706448406281,42.69706448406281,42.12718464234911,42.21835708618164,151980000
1996-09-18,42.28675004515964,42.332357817370074,42.05880813787885,42.24114227294922,105640000
1996-09-19,42.30953059054213,42.3779117263742,42.17275036447589,42.24114227294922,87480000
1996-09-20,42.286750023244096,42.309530568614775,41.85363957252862,41.89920425415039,167960000
1996-09-23,41.76243023826497,41.76243023826497,41.010162353515625,41.010162353515625,157320000
1996-09-24,41.16972032500313,41.53447833370516,41.14693978170967,41.397708892822266,153720000
1996-09-25,41.55725892983795,41.899200486880396,41.53447838651553,41.739646911621094,174050000
1996-09-26,41.899202732625426,41.94481050315602,41.58004170179876,41.671260833740234,124860000
1996-09-27,41.71686785265016,41.71686785265016,41.488872094668494,41.62565231323242,98350000
1996-09-30,41.648443124671616,42.17275844788866,41.55727065334043,42.1043701171875,174740000
1996-10-01,42.149979459173025,42.469136983868864,42.104371676531684,42.172760009765625,202910000
1996-10-02,42.44630645952937,42.87946365738447,42.44630645952937,42.74268341064453,299120000
1996-10-03,42.993407735704984,43.153015219533444,42.85668493722657,43.13018798828125,183430000
1996-10-04,43.061836997620965,43.58610916137695,42.99340199445755,43.58610916137695,242640000
1996-10-07,43.74570586507854,43.8824752931105,43.54053735951159,43.791259765625,190250000
1996-10-08,43.54053994781282,43.74570846557617,43.4949393631188,43.74570846557617,176610000
1996-10-09,43.677330017089844,43.9736602714603,43.63171864945884,43.677330017089844,161880000
1996-10-10,43.70011381271832,43.74572159285832,43.3353916159591,43.449344635009766,222940000
1996-10-11,43.47216566009016,43.745715348092304,43.47216566009016,43.70010757446289,163120000
1996-10-14,43.76849887688854,44.08765636026982,43.7001105525074,44.01926803588867,174550000
1996-10-15,44.40680432931287,44.58914565466539,44.17881572993209,44.24720764160156,280270000
1996-10-16,44.29281969556527,44.52076163552242,44.08765830425628,44.11043167114258,221910000
1996-10-17,44.31558843919377,44.38396956661281,43.83687027494075,44.0648193359375,167760000
1996-10-18,44.17881730329271,44.406805910792954,43.88248705401734,43.97365951538086,212940000
1996-10-21,44.15603209486843,44.20159677545603,43.836874650576036,43.95087432861328,144370000
1996-10-22,43.99644088745117,44.20160227008996,43.95087979208028,43.99644088745117,196530000
1996-10-23,43.88248027096881,43.92804494932321,43.44933394250946,43.49494171142578,124950000
1996-10-24,43.51772798620857,43.99644631683042,43.312566578251854,43.722896575927734,259100000
1996-10-25,43.631709626251805,43.859651509082695,43.58610185893344,43.768489837646484,160140000
1996-10-28,43.83687973022461,43.97365996896506,43.67732971663307,43.83687973022461,145500000
1996-10-29,43.60892819159417,43.67732009133304,43.35816268039157,43.403770446777344,168700000
1996-10-30,43.494943949717694,43.63171340030254,43.42655563354492,43.42655563354492,144930000
1996-10-31,43.449339699707934,43.631716936336474,43.35817083123717,43.58610916137695,173140000
1996-11-01,43.79127277707935,44.04204912090082,43.722891633625416,43.85966110229492,193990000
1996-11-04,43.85965982530966,43.97365951538086,43.768498136588285,43.97365951538086,136340000
1996-11-05,44.064831047090564,44.452369689941406,43.99644271973593,44.452369689941406,228970000
1996-11-06,44.680351620107935,44.74873993722108,44.383974715867936,44.49797439575195,280430000
1996-11-07,44.47520065307617,44.49798479450367,44.2472156035518,44.47520065307617,203150000
1996-11-08,44.58914173244075,44.634749502770724,44.1332040734716,44.2700309753418,205270000
1996-11-11,44.31559476664212,44.452364222768324,44.31559476664212,44.406803131103516,170690000
1996-11-12,44.47519497401314,44.47519497401314,44.292817730325204,44.3612060546875,184230000
1996-11-13,44.40680320998535,44.42958375585822,44.292814299489066,44.383975982666016,124300000
1996-11-14,44.42957570074326,44.9082938474068,44.40679515900051,44.88551330566406,304540000
1996-11-15,45.13624841326034,45.4097981259838,45.09068372607952,45.27301788330078,367690000
1996-11-18,45.22745211493258,45.45539399016282,45.15906380695565,45.409786224365234,197870000
1996-11-19,45.3870075478599,45.88854217529297,45.341399780187565,45.88854217529297,411130000
1996-11-20,46.0708800525377,46.0708800525377,45.47817302433796,45.68333435058594,283850000
1996-11-21,45.68334549313879,45.774561043957604,45.31862333420973,45.36423110961914,175430000
1996-11-22,45.68333435058594,45.82015764344179,45.52378078862325,45.68333435058594,153430000
1996-11-25,45.77455946678722,45.93410947128838,45.455402003696136,45.637779235839844,163830000
1996-11-26,45.82017530478838,45.82017530478838,45.25024141657249,45.45541000366211,214920000
1996-11-27,45.364238380738406,45.40980307288301,44.68036222898855,44.817142486572266,160560000
1996-11-28,44.68034524804471,45.31861337449866,44.61196412244449,45.25022506713867,294820000
1996-11-29,45.40978471862871,45.75176933773253,45.29583173919171,45.68333435058594,177490000
1996-12-02,45.72894363119064,46.00249327221846,45.318613783329035,45.409786224365234,157240000
1996-12-03,45.68334718757418,46.27605438232422,45.59217472394175,46.27605438232422,208810000
1996-12-04,46.0708903891686,46.39004785701843,45.8885490631116,46.184879302978516,231850000
1996-12-05,46.39003594753909,46.640805029957136,46.16208690548428,46.32164764404297,312540000
1996-12-06,45.54656179188613,45.68334201713881,44.931081300732416,45.18185043334961,428350000
1996-12-09,45.68333939210616,45.934104919433594,45.63777471335,45.934104919433594,195190000
1996-12-10,46.184881627552194,46.2532735429282,45.91133192045209,45.956939697265625,212830000
1996-12-11,45.569398935833995,45.63778726790347,44.95391831073341,45.45541000366211,270200000
1996-12-12,45.56940431642418,45.7061845875946,45.432634817898574,45.5238037109375,170550000
1996-12-13,44.953902068364535,45.5237818874585,44.93107484495223,45.25022506713867,209560000
1996-12-16,45.59216489215423,45.934102852167356,45.546557124888345,45.66055679321289,173640000
1996-12-17,45.59217834472656,45.66057026596516,45.25024028382011,45.59217834472656,152210000
1996-12-18,45.77455030174445,46.1392616024423,45.70616199540384,45.911319732666016,205320000
1996-12-19,46.048100727351056,46.45841979980469,46.002492961861165,46.45841979980469,353120000
1996-12-20,46.77759404281819,46.95993539841717,46.572436228181495,46.686378479003906,336360000
1996-12-23,46.731969438986994,46.731969438986994,46.39003867404892,46.45841979980469,130200000
1996-12-24,46.36727579461755,46.41282971426185,46.13927997087678,46.20766830444336,68910000
1996-12-25,46.20766830444336,46.20766830444336,46.20766830444336,46.20766830444336,0
1996-12-26,46.20766830444336,46.20766830444336,46.20766830444336,46.20766830444336,0
1996-12-27,46.32165616872536,47.59823567499843,46.32165616872536,47.575645446777344,131490000
1996-12-30,47.917339061230905,48.05430239808638,47.598228347153615,47.84909439086914,185260000
1996-12-31,47.84910207127269,47.871692299641985,47.438682400080715,47.484336853027344,47050000
1997-01-01,47.484336853027344,47.484336853027344,47.484336853027344,47.484336853027344,0
1997-01-02,47.484336853027344,47.484336853027344,47.484336853027344,47.484336853027344,0
1997-01-03,47.23347069452122,47.91734303411518,47.051129394672756,47.803443908691406,184590000
1997-01-06,48.12255107395316,48.213859965976866,47.803440357126405,47.87168502807617,191500000
1997-01-07,47.712143030721734,48.05431446068637,47.643894752348494,47.82604217529297,192740000
1997-01-08,48.054313571173836,48.16821630451735,47.871695746239475,47.94041442871094,153040000
1997-01-09,47.87170055092575,48.487328368384645,47.712146936215525,48.46426773071289,223470000
1997-01-10,48.555572271090554,48.555572271090554,48.00865960146804,48.2821159362793,188410000
1997-01-13,48.60121473521473,48.94338607788086,48.5099058443531,48.94338607788086,255830000
1997-01-14,49.01164643057124,49.079891117489204,48.73819009577179,48.96599197387695,180750000
1997-01-15,49.19380086193823,49.69552958832731,49.14862039175488,49.46772766113281,377070000
1997-01-16,49.60420235038889,50.08286666870117,49.239437158202236,50.08286666870117,406530000
1997-01-17,50.151588857450136,50.379390716552734,50.10593440456421,50.379390716552734,389970000
1997-01-20,50.76673885540232,51.040665533289506,50.721084409087794,50.926292419433594,369310000
1997-01-21,50.97194686574812,50.995011086974976,50.31113520277569,50.926292419433594,328930000
1997-01-22,51.108917002778014,56.990333697601734,51.04067232229846,54.414390563964844,1074510000
1997-01-23,54.02658337254901,55.43998667243993,53.95833507762251,54.6196174621582,574240000
1997-01-24,53.84439509385681,53.890049527404784,52.93271763828071,53.70743179321289,421630000
1997-01-27,53.91266256521864,54.39133050782082,53.753108978271484,53.753108978271484,209650000
1997-01-28,53.89006461900731,54.98435652434663,53.730507464030815,54.80173873901367,500760000
1997-01-29,54.66526063588826,54.710444689220346,53.93573369803561,54.300498962402344,280090000
1997-01-30,54.710426330566406,55.62257438809602,54.596997625351634,54.710426330566406,486280000
1997-01-31,54.80174662917141,57.445938064244366,54.7104377233586,56.9672737121582,387730000
1997-02-03,56.39730447195298,57.21814392435337,55.39432117956152,55.80474090576172,337050000
1997-02-04,56.23774295899363,56.76206176102777,55.98735087285229,56.00994110107422,227240000
1997-02-05,56.00995221788495,56.44296220056497,54.84741165867666,55.30348587036133,393830000
1997-02-06,54.77914090175427,54.98434888366826,53.980895605176734,54.64217758178711,291230000
1997-02-07,55.12085309687809,55.82778965838236,54.52828606594686,55.576927185058594,184390000
1997-02-10,55.78214305408285,56.69382095336914,55.62258945701412,56.69382095336914,262750000
1997-02-11,56.69383220750791,56.7168928472076,55.850402417208315,56.42037582397461,218600000
1997-02-12,56.89902511915285,57.035988477099686,56.67122326123273,56.853370666503906,254410000
1997-02-13,57.21815083339034,57.87943316616507,56.83079528808594,56.83079528808594,311040000
1997-02-14,56.967265449033576,57.719856409394545,56.92161100274937,57.3094367980957,291450000
1997-02-17,57.40076110583966,58.266781011155366,57.35510664729479,57.94767379760742,213110000
1997-02-18,58.33501362564386,58.58587608213757,57.3094367980957,57.3094367980957,196570000
1997-02-19,57.67421295935739,58.47198811284848,57.67421295935739,58.28984069824219,232800000
1997-02-20,58.12980575685214,58.585879843718004,57.719860115371084,58.35807800292969,222790000
1997-02-21,58.015914758256805,58.1754683547753,57.719868200262276,58.06156921386719,133050000
1997-02-24,57.67420551608463,57.71985996518134,55.62258132934058,57.03598403930664,181090000
1997-02-25,57.56030764993282,57.65114615049127,57.10423711671035,57.44593811035156,139880000
1997-02-26,57.35510712848207,58.26678149999124,57.1498990614416,57.81071090698242,180720000
1997-02-27,57.90201223445439,58.129810502961625,57.26379070390701,57.44593811035156,109950000
1997-02-28,57.05857497819876,57.241189174493165,56.30645441470549,56.602500915527344,146930000
1997-03-03,56.62556471329025,56.73946742945277,55.349125343613636,55.576927185058594,159220000
1997-03-04,56.21514495982714,56.28338963126402,55.759070901709485,55.896034240722656,186800000
1997-03-05,55.827778694314624,56.283382287728145,55.53126182987697,56.16948318481445,206980000
1997-03-06,56.944675141113215,57.28637610596653,56.76205734472636,57.03598403930664,189350000
1997-03-07,56.876446382352164,57.17249298095703,56.03301664669028,57.17249298095703,186080000
1997-03-10,57.537242234206005,58.26676901912673,57.49158778505739,57.87941360473633,232810000
1997-03-11,58.35808229316975,58.5858841507051,57.44593764326107,57.58290100097656,260850000
1997-03-12,57.35510292856912,57.90201558487677,56.8533743224914,56.89902877807617,135690000
1997-03-13,56.442954113707536,56.64816575473359,55.531279817257264,55.873451232910156,165630000
1997-03-14,55.18910912533844,56.716881588491134,54.482642869769286,56.69382095336914,251720000
1997-03-17,56.26080311468405,56.35210842249819,55.439963837017274,55.576927185058594,121930000
1997-03-18,55.64519478094066,55.827812653548385,54.300510181460595,54.6196174621582,178680000
1997-03-19,54.75608077396581,55.07519147253239,54.55087277672292,54.710426330566406,184910000
1997-03-20,54.573936532710235,55.30346685844465,54.25482940673828,54.25482940673828,273470000
1997-03-21,54.8017541625407,56.28340546626241,54.8017541625407,56.23775100708008,323720000
1997-03-24,56.442958767107164,56.693824883984824,55.80474074370365,55.85039520263672,203000000
1997-03-25,55.62259723655724,55.96429829913187,55.371734692866475,55.485633850097656,165720000
1997-03-26,55.75907829996086,56.67122294634193,55.66823980049231,56.10124969482422,206350000
1997-03-27,56.16950195821787,56.76206547994613,55.87345180915087,56.73947525024414,130630000
1997-03-28,56.73947525024414,56.73947525024414,56.73947525024414,56.73947525024414,0
1997-03-31,56.73947525024414,56.73947525024414,56.73947525024414,56.73947525024414,0
1997-04-01,54.7104410962197,54.96130719544719,54.300495396324074,54.36874008178711,214950000
1997-04-02,54.779155672086404,54.9843637093315,53.457061767578125,53.457061767578125,233600000
1997-04-03,53.73050738115464,54.48263152678408,53.36574580719071,53.433990478515625,240300000
1997-04-04,53.77616982001455,54.163528858372295,53.342689514160156,53.342689514160156,149180000
1997-04-07,54.300487666533975,55.8503833227541,54.209178768090055,55.622581481933594,166390000
1997-04-08,55.41736299712065,55.7590675114277,55.14391033186029,55.39430236816406,171770000
1997-04-09,55.98733582848868,56.23772784734715,55.57691627025796,56.16948318481445,149370000
1997-04-10,55.85038736990445,56.48860530380116,55.782139098330575,56.260807037353516,141480000
1997-04-11,56.42036853577572,56.671231061772545,55.85039520263672,55.85039520263672,154750000
1997-04-14,54.71043789412738,55.28041474468579,54.16352885907834,54.39133071899414,332050000
1997-04-15,54.4143798786986,55.09825571956979,53.75309785236344,54.026554107666016,429580000
1997-04-16,54.25484133395098,54.52829407402248,53.70745826668708,53.91266632080078,272080000
1997-04-17,54.30049222553949,54.30049222553949,53.22879038750786,53.54790115356445,278610000
1997-04-18,52.431019236419885,52.72753620561715,52.294055866887675,52.453609466552734,378710000
1997-04-21,52.54490630025261,54.39132233952833,52.49925185423718,54.25482940673828,270610000
1997-04-22,54.61959834385457,55.12085650710351,54.55088325837738,54.9843635559082,181880000
1997-04-23,55.64517170845989,55.73648060690381,55.16650739500328,55.622581481933594,295240000
1997-04-24,56.03300501433247,56.30646132338209,55.78213893337933,56.10124969482422,133270000
1997-04-25,55.80472904899231,55.96428262368615,54.984360176285506,55.212162017822266,112930000
1997-04-28,55.50868606567383,55.69083348122541,55.32607183565163,55.50868606567383,63550000
1997-04-29,55.69083798673924,56.420368518668546,55.69083798673924,56.32905960083008,142520000
1997-04-30,56.76206970214844,56.85337862022033,55.98735870558943,56.76206970214844,212780000
1997-05-01,56.76206970214844,56.76206970214844,56.76206970214844,56.76206970214844,0
1997-05-02,56.64815822006861,57.21813143040549,56.46601082896976,57.03598403930664,191460000
1997-05-05,57.674217774045324,57.85636520385742,57.40076142663319,57.85636520385742,157050000
1997-05-06,58.22112281038569,58.22112281038569,57.76552265587266,58.06156921386719,204510000
1997-05-07,58.198517741693706,59.20150070244343,58.175453521651406,58.81367492675781,179750000
1997-05-08,58.81367492675781,58.81367492675781,58.81367492675781,58.81367492675781,0
1997-05-09,58.89371436614726,59.07743488129884,58.13705216188336,58.15978240966797,157840000
1997-05-12,58.20569908298334,58.549936540142255,57.72414090442399,58.38941955566406,137940000
1997-05-13,58.82505266255308,59.26067717450388,58.61860191695272,59.192020416259766,210210000
1997-05-14,59.55898173830863,59.76543247413709,58.98556687870584,59.53578186035156,196740000
1997-05-15,59.55897922358234,60.636682509133216,58.93963426737271,60.545291900634766,256950000
1997-05-16,61.43927023796525,62.08181506223796,61.301956735679205,61.898101806640625,311190000
1997-05-19,61.898101806640625,61.898101806640625,61.898101806640625,61.898101806640625,0
1997-05-20,60.866323157502265,61.23328720575927,60.26970131759539,60.56801223754883,151440000
1997-05-21,61.00364812796692,61.92130407564651,60.86633462037572,61.5543327331543,189790000
1997-05-22,61.806245026069554,61.898105271572916,60.54529444985566,60.91178894042969,128920000
1997-05-23,60.751274601238926,61.23330612333311,60.17833654081827,60.49937057495117,136140000
1997-05-26,62.012691236778956,63.04493773561786,59.62764469501016,59.65084457397461,336760000
1997-05-27,58.98557074032493,61.00365318687437,58.8023234830196,60.522098541259766,342260000
1997-05-28,60.774483440037415,61.00365722571659,58.48081647448507,58.75639724731445,387010000
1997-05-29,58.25162344304392,59.30659270709563,58.06837623414949,58.618587493896484,166230000
1997-05-30,58.664548446897356,58.71047858467241,57.10482035860735,57.701438903808594,205600000
1997-06-02,58.48080483795051,59.12335326758243,58.02245374523182,59.00829315185547,171160000
1997-06-03,59.44439796765982,59.85682260259127,59.00830020781415,59.78816223144531,161120000
1997-06-04,60.31564976775092,60.728551279965274,59.94868560793138,60.36157989501953,195080000
1997-06-05,60.54529141219995,60.8204025017503,60.15512381752723,60.338844299316406,124480000
1997-06-06,60.33884958451401,61.27875535723194,60.1551290866324,60.889060974121094,131030000
1997-06-09,61.37060365103519,61.4624638820814,60.29290771484375,60.29290771484375,168120000
1997-06-10,60.08647055543857,60.40750455895476,59.9259499411177,60.20105743408203,147750000
1997-06-11,60.017815509972316,60.2697195345761,59.535787603663586,59.8340950012207,126250000
1997-06-12,60.29292716241731,60.29292716241731,59.673582077833615,59.97188949584961,109180000
1997-06-13,60.132389331622505,60.223772702321575,59.5357710894371,59.81135177612305,122790000
1997-06-16,59.971886760366104,59.971886760366104,59.12336430859405,59.39847183227539,114670000
1997-06-17,59.581699883143045,59.581699883143045,58.57265712456438,58.93962478637695,182610000
1997-06-18,58.89371871948242,59.55899396112858,58.27484685583613,58.89371871948242,176830000
1997-06-19,59.55899283098227,60.1324114099452,59.28388890148492,59.467132568359375,222120000
1997-06-20,60.40750983039508,61.187375499951614,60.13240592598667,60.75127410888672,322960000
1997-06-23,60.86632586254054,62.19639899988852,60.79718864785597,61.921295166015625,298310000
1997-06-24,61.50841008265814,62.287806125997164,61.37061970005527,61.87538146972656,325740000
1997-06-25,62.37966526321368,62.425595389924894,61.14144482505298,61.85218048095703,196070000
1997-06-26,61.944034576416016,62.2650685731564,61.301959357809864,61.944034576416016,139130000
1997-06-27,61.73757137498485,61.875361713592746,61.34787709030363,61.59978103637695,108940000
1997-06-30,62.012675782518066,62.08180576900602,60.155114463424646,60.56801223754883,222390000
1997-07-01,60.86632953975926,61.02684291150411,60.361567873534966,61.00364303588867,97040000
1997-07-02,61.141433390252466,61.32467700450314,60.54528834602003,61.00364303588867,85770000
1997-07-03,61.34788922605598,61.73758358782599,61.04957824992205,61.5543327331543,198660000
1997-07-04,61.66892018959928,62.97627043477478,61.66892018959928,62.60930633544922,249000000
1997-07-07,62.56339052448467,64.23722839355469,62.517460394283056,64.23722839355469,347310000
1997-07-08,65.31541069394632,67.33348989435757,64.7647187179761,66.89786529541016,583170000
1997-07-09,67.67724866320214,68.75542541771954,66.82872978545613,67.19569396972656,293800000
1997-07-10,66.73733751571478,67.1270391640691,64.9711625664487,66.0493392944336,219920000
1997-07-11,66.55360626992784,66.71412687963446,64.69604822006755,65.01708221435547,160410000
1997-07-14,65.13168691153307,66.2785168568944,65.13168691153307,65.52185821533203,148910000
1997-07-15,66.16390228271484,66.71411717277141,65.31538368609695,66.16390228271484,231880000
1997-07-16,67.10430750652564,67.97555659307763,66.966517121824,67.92962646484375,237930000
1997-07-17,68.29660007682071,68.41119059664513,67.03518676757812,67.03518676757812,212180000
1997-07-18,66.55361567825379,66.96651719962541,65.36133255101882,65.63643646240234,171550000
1997-07-21,64.90250051325837,65.33813227956186,64.26043243775624,64.97116088867188,172560000
1997-07-22,65.81967735265431,66.00339783791938,65.40725275221774,65.72828674316406,142170000
1997-07-23,67.08110527488232,67.83824068926099,66.16391886711375,66.57682037353516,175350000
1997-07-24,67.0583805531238,68.34252399623821,66.4617584910497,67.65452575683594,180380000
1997-07-25,68.25067096054808,68.57170501504501,67.5167353656107,67.65452575683594,153430000
1997-07-28,67.79230072694945,68.25065543517174,67.3334691604737,68.04420471191406,103200000
1997-07-29,68.11334626171413,68.29658991438387,66.25578074582089,67.12703704833984,147840000
1997-07-30,67.83824627846958,68.31980097277834,67.2189011929356,67.65452575683594,120070000
1997-07-31,67.42531901004503,67.81501329483838,66.73731380804335,67.08108520507812,105920000
1997-08-01,67.08108520507812,67.08108520507812,67.08108520507812,67.08108520507812,0
1997-08-04,67.0811019612183,67.0811019612183,65.17760645830128,65.40725708007812,171010000
1997-08-05,66.32443536672956,66.32443536672956,64.71877401783102,65.59049987792969,189620000
1997-08-06,65.81968253650395,66.62274804794805,65.65916191582582,66.14071655273438,143080000
1997-08-07,66.50768850638796,67.37941449104234,66.37037497376225,67.19569396972656,92520000
1997-08-08,66.87465182590805,67.51672708124536,65.65916168580368,66.59954071044922,117190000
1997-08-11,65.68236548150306,66.50768442684274,65.49864497145659,65.61323547363281,101440000
1997-08-12,66.07203195228668,66.16389216846741,64.48957824707031,64.48957824707031,146180000
1997-08-13,64.16856966215212,64.67332419213437,63.06766275783561,63.159523010253906,227630000
1997-08-14,63.02172647232356,63.38869781293919,61.23329842461338,61.416542053222656,251640000
1997-08-15,61.46248574775798,62.563392787593834,59.719514191157025,61.11825180053711,361770000
1997-08-18,59.16881221151635,61.87537303410096,58.71045749020011,61.07230758666992,334170000
1997-08-19,62.379661560058594,63.06765970323679,61.82944656370846,62.379661560058594,248980000
1997-08-20,63.755679432015874,63.755679432015874,62.44880562873221,63.02174377441406,273660000
1997-08-21,63.43461945550514,64.62737911110857,63.388689339924255,63.6870002746582,175290000
1997-08-22,62.976274285766486,63.18224816218483,61.57706371563534,61.691654205322266,159150000
1997-08-25,62.37964982819292,62.792544008105054,61.55432387632557,61.921295166015625,125710000
1997-08-26,61.92131228242348,62.058625808213606,60.45344116816018,60.63669204711914,137770000
1997-08-27,60.08647220054007,61.73758683669247,59.994611951795775,61.21010208129883,112660000
1997-08-28,60.499361906932165,60.499361906932165,57.79280471801758,57.79280471801758,416250000
1997-08-29,57.33445178438832,57.792806516392936,56.82969368432463,57.563629150390625,284130000
1997-09-01,58.15978243119609,59.123365031971545,57.792814646539,58.75639724731445,132110000
1997-09-02,59.51304962728383,60.24698507543797,59.03149502928348,60.22378158569336,179240000
1997-09-03,60.68261518495374,61.14143955418809,60.246987081110966,60.91178894042969,150960000
1997-09-04,60.545301424245196,60.88906570962107,59.85682636194499,60.63669204711914,120530000
1997-09-05,60.65988383152234,62.44878874498216,60.59075021951709,61.806243896484375,173360000
1997-09-08,61.347888912340814,61.78351339383829,61.0036478160121,61.416542053222656,131680000
1997-09-09,61.141446433596876,61.46248047069775,59.88002608229567,60.17833709716797,125650000
1997-09-10,60.63669231172958,60.8431358470899,59.1920246843519,59.39847183227539,146560000
1997-09-11,59.146090188870645,59.146090188870645,57.79280967212629,58.20570755004883,212640000
1997-09-12,58.34348911155961,58.75638331454974,57.701413952109014,58.25162887573242,142940000
1997-09-15,59.077424062369296,59.168811057427355,57.70141704641333,58.04518127441406,98830000
1997-09-16,57.79279731294676,59.260664398759644,57.471759753382244,59.16880416870117,149140000
1997-09-17,59.627648807906105,60.77448226857644,59.39847141408122,60.17833709716797,152450000
1997-09-18,60.17833244928437,61.462475723633126,59.788161208707876,61.21010208129883,132880000
1997-09-19,61.049576778927516,61.57706149385312,60.453431699298,61.46247100830078,201890000
1997-09-22,61.59979316445344,61.806243896484375,60.889057582809855,61.806243896484375,173800000
1997-09-23,61.55433476040545,61.69165549764459,60.54529539385775,61.324684143066406,186940000
1997-09-24,61.003652571308436,62.12728247477968,60.774478803114576,61.76078796386719,174750000
1997-09-25,61.806251104314214,62.01269463529519,60.36157989501953,60.36157989501953,134450000
1997-09-26,59.99461619474614,60.98092540531593,59.78816543705759,60.957725524902344,120690000
1997-09-29,61.11824707915472,61.324690614838694,59.92595672607422,59.92595672607422,105450000
1997-09-30,60.45342404003725,60.705804856159055,59.16880416870117,59.16880416870117,165190000
1997-10-01,58.82504394084018,61.41653724074567,58.710453462091834,61.00364303588867,220270000
1997-10-02,61.76081059851948,61.966784562958715,61.416569349196216,61.62302017211914,168160000
1997-10-03,61.82944424992332,62.60930983701219,60.84312792921444,62.471519470214844,152710000
1997-10-06,62.104561030583646,62.104561030583646,61.00366121714447,61.187381744384766,147480000
1997-10-07,61.50840314197578,61.78351424293177,59.90274906766189,60.315643310546875,187510000
1997-10-08,61.00365710139201,61.09551735881459,59.880027114480875,60.06327438354492,142230000
1997-10-09,59.81136088378541,60.88905695884685,59.260672672192655,59.444393157958984,199280000
1997-10-10,59.37527909262175,60.29293533212747,58.75640716997862,59.05424499511719,223720000
1997-10-13,59.49033737182617,59.856831938763804,59.07743942674843,59.49033737182617,172200000
1997-10-14,58.710467118509555,58.87098775271726,58.182982312207976,58.75639724731445,269710000
1997-10-15,58.25163262700283,58.27483250400739,57.51769718446129,57.861934661865234,231580000
1997-10-16,57.678224119786314,58.18298229067126,57.425846840625454,58.15978240966797,199440000
1997-10-17,57.47177505493164,57.97653320900224,56.87562989211142,57.47177505493164,258850000
1997-10-20,57.242591549982784,58.802319114519335,57.01341418393931,58.48080825805664,190110000
1997-10-21,58.75638604408469,59.55897822440127,58.710455924037404,59.21474075317383,231630000
1997-10-22,59.62763615100656,59.71949638734692,58.25162920115351,58.38941955566406,187960000
1997-10-23,57.56362526325443,57.678212132236446,56.21081815747234,56.646446228027344,240390000
1997-10-24,57.31125888841912,57.42584577909813,56.66918358882128,56.898834228515625,130130000
1997-10-27,56.04983649861938,56.80697190714,55.270444089316754,55.68334197998047,240070000
1997-10-28,50.68360250225097,57.33446574236307,49.99559699103481,56.554603576660156,731130000
1997-10-29,57.28852316729647,57.28852316729647,54.857542951785064,56.73783493041992,359270000
1997-10-30,55.59147063160765,56.41679300244809,54.65108815146415,55.29316329956055,144670000
1997-10-31,55.08671447723399,57.33444720571091,55.08671447723399,56.43999481201172,117180000
1997-11-03,57.059347742677645,58.20570788764988,57.059347742677645,57.88467025756836,101600000
1997-11-04,57.60955810546875,58.82504815665969,57.33445062269701,57.60955810546875,211010000
1997-11-05,58.20570755004883,58.43535817430655,57.81600955114128,58.20570755004883,96800000
1997-11-06,57.88466490573206,58.04518189965045,57.586827182337245,57.861934661865234,67970000
1997-11-07,57.059335545078156,57.10479241473467,56.004366242681904,56.30220031738281,165270000
1997-11-10,56.66915340773851,56.85287382164744,56.41677626765491,56.508636474609375,80110000
1997-11-11,56.18762994492675,56.78377151489258,56.18762994492675,56.78377151489258,84370000
1997-11-12,56.41679858125718,56.60051906783003,56.21082109614384,56.371341705322266,118890000
1997-11-13,56.41680734302673,57.311259933429604,56.30221683769513,56.78377151489258,156300000
1997-11-14,57.47176601961418,57.70141661979951,56.921551070552866,57.05934143066406,166230000
1997-11-17,58.15976863990523,58.34348911155961,57.79280094226634,58.25162887573242,168310000
1997-11-18,58.38941990134891,58.802314109090126,58.13703906647379,58.5267333984375,123570000
1997-11-19,58.41215150366808,58.71045886981571,58.297564626927695,58.48080825805664,90020000
1997-11-20,58.939644876938274,59.07743526419502,58.618607219124186,58.82505798339844,188290000
1997-11-21,59.329818592681015,59.627652769002474,58.939647296050296,59.260684967041016,220690000
1997-11-24,58.825048333728326,59.10015581732816,58.137043001875064,58.59587097167969,106720000
1997-11-25,58.45808514664506,58.87098302696247,57.88467025756836,57.88467025756836,121280000
1997-11-26,57.40311666059456,57.97653156007875,56.89883176663259,57.311256408691406,247370000
1997-11-27,58.15976765420111,58.66452208446374,57.70141297417319,58.366214752197266,127400000
1997-11-28,58.45807664989321,58.93963121874113,58.20569942758049,58.5267333984375,81380000
1997-12-01,59.16880917616582,59.71949735748135,59.00829218908006,59.58170700073242,113090000
1997-12-02,59.65083964755624,60.06326424477775,59.32980565911254,59.62763977050781,188670000
1997-12-03,59.581701203884755,60.522083629695324,59.100146676916616,59.81135177612305,125510000
1997-12-04,60.31565141575881,61.783522545396096,60.17833788853051,61.5084114074707,218260000
1997-12-05,61.80624091556465,62.70068971659255,61.23329572729102,62.60930633544922,285640000
1997-12-08,62.815287315392524,63.021730835728576,62.08182144165039,62.08182144165039,127500000
1997-12-09,61.989959267597044,62.3796535968386,60.56801858852585,61.00364303588867,134800000
1997-12-10,60.407501731409205,61.00364681254824,59.81136026283278,60.08646774291992,124920000
1997-12-11,59.306607592186324,59.99461297806476,59.123360337299516,59.78816223144531,142390000
1997-12-12,60.0632642533056,60.82040318695318,59.788156773218454,60.08646774291992,115280000
1997-12-15,60.33885427463576,61.07231658596173,60.24699401855469,60.24699401855469,99420000
1997-12-16,60.82040534358562,61.875374813516345,60.6366848532121,61.37061309814453,131600000
1997-12-17,61.73757470462997,62.058608653849284,61.324673299593506,61.921295166015625,167180000
1997-12-18,62.287808652749696,62.976283735360404,62.19641802717966,62.83849334716797,213840000
1997-12-19,61.783520364490066,62.60931615720594,61.50840923627586,62.058624267578125,262160000
1997-12-22,62.15047178603115,62.60930332783453,61.92129805680571,62.49423599243164,114630000
1997-12-23,62.60930378422526,63.6642731446417,62.28779295944702,63.480552673339844,205640000
1997-12-24,63.64108369646001,64.21449858844495,63.50329332040733,64.0539779663086,98190000
1997-12-25,64.0539779663086,64.0539779663086,64.0539779663086,64.0539779663086,0
1997-12-26,64.0539779663086,64.0539779663086,64.0539779663086,64.0539779663086,0
1997-12-29,64.32906730274027,65.59048729804223,64.28313718778315,65.56776428222656,174800000
1997-12-30,65.77375851924161,66.27851308207752,65.26947358962857,66.0493392944336,148910000
1997-12-31,66.25578028706384,66.6914048227439,65.72829549651777,66.53089141845703,133630000
1998-01-01,66.53089141845703,66.53089141845703,66.53089141845703,66.53089141845703,0
1998-01-02,66.53089141845703,66.53089141845703,66.53089141845703,66.53089141845703,0
1998-01-05,66.8978472767748,67.40213212441422,66.78325678901673,67.17295837402344,180430000
1998-01-06,66.78324392092587,67.56263971563651,66.57680045460651,67.08108520507812,185430000
1998-01-07,66.55360237082748,68.22792391881666,66.55360237082748,67.24160766601562,290350000
1998-01-08,68.11333063627848,68.27385122997904,65.68235075611108,66.27849578857422,289960000
1998-01-09,65.95747264385695,66.00340276860435,64.39774138540614,65.08574676513672,218510000
1998-01-12,63.06767249989388,64.12264944096344,62.93035895837399,63.985328674316406,278580000
1998-01-13,64.948422331807,65.36132379788319,64.69604870175797,64.76470184326172,145950000
1998-01-14,65.5445647791786,65.59049489945866,64.3750048782482,64.65011596679688,130020000
1998-01-15,64.51278705660697,65.56776356472018,64.51278705660697,65.36131286621094,174320000
1998-01-16,65.91153978148017,66.095260272839,64.94842332644546,66.026123046875,183680000
1998-01-19,66.6454791157992,66.92059026544007,66.04934113629139,66.80599975585938,177230000
1998-01-20,66.57681471383403,67.51672406328854,66.30123397751586,67.3334732055664,211580000
1998-01-21,67.42533075883405,67.42533075883405,66.32443120723921,66.370361328125,187070000
1998-01-22,65.38404719106296,66.41628629783877,65.15486623754694,65.81967163085938,263220000
1998-01-23,65.6364340858562,67.33347892959114,65.6364340858562,66.57682037353516,173370000
1998-01-26,66.30124496165162,67.28755423038444,66.30124496165162,67.19569396972656,119560000
1998-01-27,67.70043414488964,68.09012845322917,67.05835901697493,67.60857391357422,171280000
1998-01-28,68.11332935763616,69.46613276574317,68.11332935763616,69.32881927490234,275160000
1998-01-29,69.5580078768024,70.61298465416382,69.5352848554361,70.17735290527344,272280000
1998-01-30,70.17736007168605,70.45247122364805,69.74173550343635,70.36061096191406,169030000
1998-02-02,71.48423804951774,72.1495132446289,71.20912690891686,72.1495132446289,306330000
1998-02-03,71.87440610758718,73.61738108885017,71.64522510622893,73.27313995361328,284180000
1998-02-04,73.34226605094133,74.48862617957104,72.58513067218658,74.25944519042969,317460000
1998-02-05,74.67236680720323,77.05741758951277,74.62643667035846,76.64451599121094,388350000
1998-02-06,76.59858066842233,77.08013539761042,75.2685069985613,77.01148223876953,216410000
1998-02-09,77.12605258975215,78.75444426414353,76.14021304656487,78.43340301513672,284720000
1998-02-10,78.45612577526813,78.7085066277457,77.6075998328153,78.043701171875,317730000
1998-02-11,78.43338200638343,78.86900641205538,78.18100119742503,78.59390258789062,200260000
1998-02-12,78.75444352380794,78.77716654488718,76.09428220520807,76.78228759765625,307570000
1998-02-13,76.66770553834733,76.66770553834733,74.99339079451728,76.07109069824219,182360000
1998-02-16,75.72729413354668,76.00239794189717,73.8465294196086,75.91053771972656,152950000
1998-02-17,76.23159361861433,77.83724760984634,76.23159361861433,77.47028350830078,183450000
1998-02-18,77.24063939009552,77.26383926859408,75.75004539028144,76.59856414794922,145880000
1998-02-19,76.55262644976878,77.65352596298645,76.39210584883318,77.5162124633789,379220000
1998-02-20,77.49301100923054,77.74538461847159,76.50717163085938,76.50717163085938,216630000
1998-02-23,77.05739940815357,77.10332953416132,75.7273187369418,76.14021301269531,134780000
1998-02-24,75.58952282854095,77.03466352563599,75.54359270589359,75.84190368652344,223140000
1998-02-25,76.3007131511386,77.493003124209,76.25478303746262,77.28655242919922,226360000
1998-02-26,77.85998518377131,78.34153981402811,77.76812493517289,78.24967956542969,273630000
1998-02-27,78.8922295087744,79.557027759697,78.47932803457839,78.80036926269531,257030000
1998-03-02,79.58022068380039,80.1304356207499,79.41970730889369,79.99264526367188,235550000
1998-03-03,79.99265887825119,80.13044925878086,79.12140981807863,79.44244384765625,160230000
1998-03-04,79.58022408887717,80.13043904936927,77.88317945327063,78.02050018310547,205760000
1998-03-05,77.0574001238675,78.66258470771857,76.89687949794457,77.79132843017578,158420000
1998-03-06,77.99777191757794,79.4424357409456,77.97457203992435,78.77716064453125,233200000
1998-03-09,78.82307586059406,79.32783747570767,77.99775716755903,78.84628295898438,169710000
1998-03-10,78.59392524586538,80.03858922054265,78.54799511889853,79.83214569091797,161550000
1998-03-11,79.83214569091797,79.83214569091797,79.83214569091797,79.83214569091797,0
1998-03-12,78.59390442920896,80.45146942138672,78.54797431440731,80.45146942138672,144620000
1998-03-13,78.59392318193343,80.03858711867281,80.72659251358188,80.97897338867188,172100000
1998-03-16,78.38746846912578,78.57118896287919,77.12604824089627,77.24063873291016,691090000
1998-03-17,78.204217761281,78.4333914994579,77.26383162387397,77.5162124633789,282030000
1998-03-18,77.12607196939942,77.19520921753522,74.85561167674258,75.54361724853516,370120000
1998-03-19,76.11701778402843,76.39212169856819,74.74100690273136,75.36035919189453,229520000
1998-03-20,75.6813835613161,76.23159854519112,75.10796869939,75.58952331542969,245830000
1998-03-23,75.58951667673023,76.66768593805614,74.78692090373558,76.00241088867188,275610000
1998-03-24,76.16294823029178,76.32346886520102,74.85559772015743,75.49767303466797,221330000
1998-03-25,75.75006145083317,76.04836527725939,72.97531637842417,73.38774108886719,658920000
1998-03-26,73.54873160017537,74.25946013924002,73.25042054770049,73.59418487548828,384860000
1998-03-27,74.2821586983605,74.30535857195179,73.73194382025504,74.09891510009766,280210000
1998-03-30,74.4426854989828,75.36034136664591,73.64008974274907,74.99337005615234,256240000
1998-03-31,75.95649929960477,76.23161044705752,75.49767485682202,75.65819549560547,238620000
1998-04-01,75.4521903251962,76.5526127837218,75.13067954759907,75.91053771972656,269180000
1998-04-02,76.02515033097362,76.02515033097362,74.85559032342434,75.10797119140625,192270000
1998-04-03,75.45221274885004,75.65818663526714,74.76420736930109,74.92472076416016,177140000
1998-04-06,74.80966868837689,75.86463832106384,74.80966868837689,75.5208740234375,141310000
1998-04-07,74.99336848663003,76.18565854570052,74.78691777672893,75.22254943847656,198370000
1998-04-08,75.40627156119496,75.40627156119496,72.26408648545636,72.37866973876953,386100000
1998-04-09,71.73660684789066,71.89712023048817,70.6816301842259,71.02587127685547,525440000
1998-04-10,71.02587127685547,71.02587127685547,71.02587127685547,71.02587127685547,0
1998-04-13,71.02587127685547,71.02587127685547,71.02587127685547,71.02587127685547,0
1998-04-14,72.01172289461356,72.19544341058864,70.29194771544091,70.70484924316406,275460000
1998-04-15,71.1864035819911,71.57609800161568,70.40653788439695,70.63571166992188,239920000
1998-04-16,71.07180173292953,71.07180173292953,69.05324623052708,69.25969696044922,280140000
1998-04-17,68.84728358352125,69.19104787555007,68.48031218529019,68.80135345458984,353480000
1998-04-20,69.71853615048018,70.31468136466856,69.25971169669496,70.10823059082031,217140000
1998-04-21,69.62666665199707,70.7275663051507,69.55800628090336,70.40653228759766,184250000
1998-04-22,70.6356839915128,70.7962045627129,69.14509041530641,69.51205444335938,226250000
1998-04-23,69.48935876378006,69.94771356064862,68.34252166748047,68.34252166748047,203400000
1998-04-24,68.11332990568587,68.91592564045531,68.02146967224218,68.6867446899414,194060000
1998-04-27,68.59487897536202,68.84725978061779,67.4253192584924,67.6772232055664,206700000
1998-04-28,67.99875251651774,68.87000877749209,67.95282239095683,68.25066375732422,207360000
1998-04-29,68.15928229173407,69.07646157630113,66.96652221679688,66.96652221679688,246050000
1998-04-30,67.4712478196756,69.90222742360474,67.21887424534849,69.74170684814453,253400000
1998-05-01,69.74170684814453,69.74170684814453,69.74170684814453,69.74170684814453,0
1998-05-04,71.82848241944342,72.8607218342331,71.39285062453251,72.47055053710938,334430000
1998-05-05,72.44781245813277,72.44781245813277,71.09453204060533,72.01171112060547,189230000
1998-05-06,71.4387711577863,72.51647092557455,71.36964115390995,72.10357666015625,149180000
1998-05-07,71.96623242793021,71.96623242793021,70.97992359862522,71.11771392822266,132410000
1998-05-08,71.720040738562,72.50423990636229,71.48959350585938,71.48959350585938,143710000
1998-05-11,72.38901307643877,72.85039431788715,72.0890516983476,72.59661102294922,117190000
1998-05-12,72.18142750461868,72.66565806786996,72.15857095020026,72.4352035522461,70930000
1998-05-13,73.72647689132698,73.77266223487595,71.3281737873104,71.37435913085938,241220000
1998-05-14,71.0743944370704,71.1896216809063,70.10593342803342,70.45208740234375,184530000
1998-05-15,70.56732791154599,71.14393654128486,69.36793982308834,69.92169189453125,205450000
1998-05-18,69.20651997325025,69.34507602285962,68.05331022030363,68.21520233154297,168980000
1998-05-19,68.952732671294,69.62170457607088,68.952732671294,69.1374740600586,203590000
1998-05-20,69.62172075102954,69.82931874021328,68.26092007313729,68.79133605957031,108590000
1998-05-21,68.79133605957031,68.79133605957031,68.79133605957031,68.79133605957031,0
1998-05-22,68.9070328740587,69.18367276781574,68.4918441772461,68.4918441772461,95770000
1998-05-25,68.90703016108003,69.89834789770416,68.49184148061406,69.18367004394531,115250000
1998-05-26,70.15212928750448,70.26735654860897,69.4141153902627,69.52934265136719,120150000
1998-05-27,68.60707601844325,69.0451213010524,68.30710730518688,68.81466674804688,141710000
1998-05-28,69.55265456526342,69.64455300611445,68.49182296257375,68.7684555053711,115770000
1998-05-29,69.18365342881972,71.35150204149234,69.18365342881972,70.26734161376953,229720000
1998-06-01,70.26734161376953,70.26734161376953,70.26734161376953,70.26734161376953,0
1998-06-02,70.3363990022975,70.3363990022975,69.04511260986328,69.04511260986328,138530000
1998-06-03,69.36794533783602,69.41413070103967,68.72230200421667,68.90704345703125,113250000
1998-06-04,68.5608739017174,68.72227923268218,67.06198971821524,67.3157730102539,204660000
1998-06-05,68.56087606652993,68.7222814025911,66.5082471515129,67.1081771850586,222390000
1998-06-08,66.64679923108078,66.64679923108078,65.12458629479491,65.7011947631836,381710000
1998-06-09,64.57132097471573,65.26314215577683,64.52513562823427,64.70987701416016,290660000
1998-06-10,64.47897492843106,65.60884896874347,64.1794856913074,64.75560760498047,330970000
1998-06-11,64.75559037949037,65.21696438985286,64.10994720458984,64.10994720458984,235830000
1998-06-12,64.45610756932626,65.03270889466333,64.10995351779553,64.57133483886719,212300000
1998-06-15,64.40991021620627,64.43276676869411,63.78712365046888,64.38658142089844,170650000
1998-06-16,64.89414073855664,65.44741316119054,64.38658142089844,64.38658142089844,132040000
1998-06-17,65.26314743628568,66.62394788722209,65.12459138563055,65.9087905883789,283110000
1998-06-18,66.46254140874719,66.50824725006271,64.91699958343344,65.1479263305664,171350000
1998-06-19,65.03271054189537,65.26315782153877,64.20232585679044,64.47896575927734,138430000
1998-06-22,64.10994249034829,66.13924256952768,63.99472250590168,65.37837219238281,188370000
1998-06-23,66.46254912402273,67.98428282174355,65.95498246424621,66.87725830078125,230850000
1998-06-24,67.56908907029974,68.26091766357422,67.52290371400882,68.26091766357422,199760000
1998-06-25,68.99894627853024,69.80599504733738,68.72230632489314,69.34510040283203,210140000
1998-06-26,69.16033386070808,69.4141098954983,68.56087606996829,69.32173919677734,153560000
1998-06-29,69.32174928286258,69.7369452446805,68.39947342052177,68.86084747314453,124310000
1998-06-30,68.72227402918747,68.9527285084162,68.30708543762115,68.69942474365234,95680000
1998-07-01,68.9989242553711,69.32174220680112,68.67609903866635,68.9989242553711,128260000
1998-07-02,69.0913009255868,69.92168557090628,69.0913009255868,69.4603042602539,128360000
1998-07-03,70.03686984106942,70.6591839483499,69.87546456639697,69.99068450927734,134230000
1998-07-06,69.76025410272112,70.72871504430096,69.64455462414153,70.382568359375,113480000
1998-07-07,70.10595559069216,71.4434275485018,70.10595559069216,70.93634033203125,180460000
1998-07-08,71.72005220908748,72.34283887934443,71.69719565276372,72.15857696533203,233180000
1998-07-09,72.06619219950453,72.64279340176287,71.02820977465892,71.32817840576172,172260000
1998-07-10,70.79777224804577,71.44341543715105,70.56731772658766,71.12059020996094,110030000
1998-07-13,71.3743823128146,71.3743823128146,70.17499424986426,70.5211410522461,94640000
1998-07-14,70.6134908693445,70.77490345502895,68.95272922065105,69.57551574707031,120530000
1998-07-15,69.64457183581682,69.64457183581682,68.60706874490073,69.18367004394531,129700000
1998-07-16,69.39126048742663,69.52933702715872,68.30709265169604,68.3304214477539,133080000
1998-07-17,69.0684091319482,70.33636613373336,68.90699659200412,69.99068450927734,203380000
1998-07-20,69.06843709475397,72.41187286376953,71.00536656244655,72.41187286376953,169850000
1998-07-21,74.25690871374613,74.60306274356516,73.21940564059575,74.3259506225586,320430000
1998-07-22,73.68030187208342,74.00311981411038,73.21940012283738,73.49603271484375,164020000
1998-07-23,73.33462812261014,73.47270466595955,71.95097110983407,72.41187286376953,114220000
1998-07-24,72.08906086190446,72.87325286865234,71.78956442329519,72.87325286865234,92510000
1998-07-27,72.41187493465219,73.2194029617845,71.02821788230537,71.21295928955078,110800000
1998-07-28,71.72003524270565,72.27378713536966,71.37436078750338,71.65099334716797,121190000
1998-07-29,71.35152599084219,72.0890677360093,70.89015191202613,71.2591552734375,127170000
1998-07-30,71.28200503417547,73.03466548725318,71.25914847846956,72.87325286865234,118830000
1998-07-31,71.28200853677401,74.57973163207117,71.25915197994499,74.0264663696289,241420000
1998-08-03,72.68899479648535,73.98028128290177,72.43521145589203,73.79553985595703,145380000
1998-08-04,74.48781302623821,75.08727069000889,73.91121191088861,74.21070098876953,208380000
1998-08-05,72.55042994400372,73.14988775791102,71.12058756046201,71.81241607666016,268430000
1998-08-06,72.1585711292561,72.27379838735396,70.4059107705543,71.21295928955078,189120000
1998-08-07,71.39721125730645,73.03464396352074,71.21294213730489,73.01178741455078,132080000
1998-08-10,72.98847515032917,73.3346291624927,71.72004537436932,71.81241607666016,132980000
1998-08-11,70.91300472419447,71.21296615317372,69.18367299615302,69.59886169433594,228390000
1998-08-12,70.17498964217276,71.62816096026616,70.17498964217276,70.56732177734375,170920000
1998-08-13,70.4978082520928,70.75159158825372,69.16034369757493,70.3364028930664,149240000
1998-08-14,70.70540050802627,72.31998433268042,70.6592151558359,71.72004699707031,253180000
1998-08-17,70.33639677853381,73.91123165307093,69.92168036230208,73.1732177734375,269780000
1998-08-18,74.51070577313116,75.82532120964662,74.34929312755895,75.52535247802734,483440000
1998-08-19,76.03288430667065,76.33237342115495,74.48782213009767,74.71826934814453,265370000
1998-08-20,75.06396081820004,75.54819868858337,74.02646496117647,74.25691223144531,239540000
1998-08-21,73.7955368560889,73.9802782755237,72.06620518062059,72.7580337524414,315630000
1998-08-24,72.82706756388868,73.33463421862879,70.79777449180253,71.14392852783203,258950000
1998-08-25,72.20475983660253,73.08085030259961,71.62815854173088,71.99716186523438,169080000
1998-08-26,71.39721568124557,71.95096029578318,69.27554513047276,71.37435913085938,381520000
1998-08-27,71.44342073907423,71.9509801501201,69.18367304214402,69.2298583984375,265230000
1998-08-28,66.66966971982647,70.52113756032074,63.649051518604615,69.59886169433594,421290000
1998-08-31,69.64457703010628,70.91300698708521,68.35329051571988,69.02226257324219,174990000
1998-09-01,66.9005824643004,68.72227725737044,66.64679917955633,68.51468658447266,390600000
1998-09-02,70.52111902149032,71.46673070374968,70.1292592259055,70.40589904785156,249050000
1998-09-03,70.38258846110602,72.36616849643681,69.66790331457759,70.82110595703125,259430000
1998-09-04,71.1205889845665,73.12703266804654,71.1205889845665,72.94229125976562,269070000
1998-09-07,74.0264663696289,74.90255688513557,73.12703978910801,74.0264663696289,244680000
1998-09-08,75.17967585983119,76.10195181575834,74.02647310006971,74.14169311523438,355140000
1998-09-09,73.79552898600951,75.41010546647951,73.56507447918554,73.98027038574219,247970000
1998-09-10,73.33464245400087,74.02647109558923,71.7662437327591,72.38903045654297,205760000
1998-09-11,70.59015924133746,73.79551794891898,70.1059287689995,73.5650634765625,253890000
1998-09-14,75.06395484259936,75.52533611985946,74.28023511752889,75.13347625732422,170250000
1998-09-15,75.41008855904686,75.47913044704603,73.88788311973157,74.21070098876953,140920000
1998-09-16,74.71826934814453,75.27154173995773,74.30308074920623,74.71826934814453,140620000
1998-09-17,74.44166391771148,74.44166391771148,72.96563583431276,73.42701721191406,176490000
1998-09-18,74.48781775760914,74.48781775760914,71.72003196735935,72.3199691772461,296990000
1998-09-21,70.79774462589052,71.39720222824789,68.9527142412843,70.42874145507812,323170000
1998-09-22,71.7200568722665,72.13525285628374,70.10595233350469,70.5211410522461,226260000
1998-09-23,70.93632107885966,71.85859678304234,70.7515796862192,71.48959350585938,127920000
1998-09-24,72.78088473063302,73.0808534227235,70.3364028930664,70.3364028930664,190730000
1998-09-25,70.1059453111018,71.0282211303711,69.20652604735287,71.0282211303711,160200000
1998-09-28,71.25913900788252,71.85859678304234,70.6825377853909,71.48959350585938,107650000
1998-09-29,71.48959200601428,71.72003923388215,68.4918309502842,69.1374740600586,224180000
1998-09-30,68.26090841743564,69.13747831713982,67.84619201808117,68.72228240966797,192360000
1998-10-01,67.24626672975049,67.33863743635062,64.15613457090753,65.72453308105469,369940000
1998-10-02,66.0473554849675,66.57777145397746,61.34264641175445,63.28004837036133,367080000
1998-10-05,62.611062958326414,65.00936621760205,61.98827640953628,62.26538848876953,213770000
1998-10-06,63.41811204119766,64.80176894990016,62.63392015808719,64.73272705078125,209100000
1998-10-07,64.59418772511775,66.18544298576676,62.72630708414526,64.13329315185547,184710000
1998-10-08,63.187671382879074,64.0637618082848,61.112193069342865,62.38062286376953,214680000
1998-10-09,62.72630310058594,63.30290442139367,61.45787319033468,62.72630310058594,132900000
1998-10-12,64.38659575381976,65.95498716090533,63.233865304150186,65.47075653076172,268540000
1998-10-13,64.917014501237,65.6783573122015,64.31755657188477,64.7789306640625,190230000
1998-10-14,64.36373278778643,65.51693536556104,64.17947088202615,65.49360656738281,178300000
1998-10-15,65.2402969327486,67.75382032512647,65.12459017266082,67.1081771850586,242100000
1998-10-16,67.80003538147271,68.95276611860982,67.33866119384766,67.33866119384766,243640000
1998-10-19,67.47719600114705,68.03046851025894,66.6006260069332,67.24626922607422,175560000
1998-10-20,67.93809023232424,68.23805161978278,66.41635669665067,68.21520233154297,210160000
1998-10-21,67.80000819294928,68.53802205914737,66.96962362460373,67.26959228515625,162570000
1998-10-22,67.52289144629749,69.64456219694192,67.15436041401495,67.3157730102539,228570000
1998-10-23,67.66143856087652,69.62169645659138,67.45384790940713,68.7684555053711,223530000
1998-10-26,68.53803110520946,70.49781014486017,68.53803110520946,70.35973358154297,202350000
1998-10-27,70.70538936461409,71.48958847725349,70.40590025214932,71.16676330566406,168840000
1998-10-28,70.79777761904732,73.70364080070573,70.79777761904732,73.65745544433594,354900000
1998-10-29,73.84172911600042,73.93409983435555,72.50425720214844,72.50425720214844,186640000
1998-10-30,73.33463416874893,73.42700487734554,72.45806418812924,72.87325286865234,190340000
1998-11-02,73.56509378984198,74.25692246948464,73.24227576368722,73.42701721191406,152120000
1998-11-03,72.98849567150887,73.9112512028727,72.78089765441409,73.24227905273438,143560000
1998-11-04,74.02647564414185,74.41833559442219,73.49605234152268,73.9341049194336,187160000
1998-11-05,73.38081019528929,73.98026797391941,72.50424032609425,72.59661102294922,155020000
1998-11-06,73.24224993193538,73.84170767604232,73.1270226889159,73.38080596923828,155300000
1998-11-09,74.21073014904223,74.21073014904223,72.91944363494814,73.44985961914062,115160000
1998-11-10,73.47272306572856,73.56509378984198,72.66567436770345,73.42701721191406,112280000
1998-11-11,73.68028794017964,74.57970695785805,73.68028794017964,74.11881256103516,195980000
1998-11-12,73.565073863643,75.98670607530171,73.38081197356844,75.6867446899414,306060000
1998-11-13,75.9171956249091,76.14812238388329,74.5568746356597,74.76446533203125,229940000
1998-11-16,75.54817797421326,75.64054866026434,73.4269869555305,73.5650634765625,264830000
1998-11-17,73.54224053281389,73.68032438221906,72.96563911093702,73.24227905273438,190260000
1998-11-18,73.05799923947657,73.61127177752225,72.87325780975712,73.19608306884766,141080000
1998-11-19,73.38079961223399,75.06393819045063,73.31127821293173,74.99490356445312,197190000
1998-11-20,76.10194730278405,76.10194730278405,75.17967140154944,75.54820251464844,186840000
1998-11-23,75.64055475157242,76.21715595639495,75.15631697496556,76.1019287109375,235720000
1998-11-24,76.56330488440814,76.56330488440814,74.67208862304688,74.67208862304688,186030000
1998-11-25,74.90256718890367,75.3177559469423,74.37215114504964,74.6949691772461,126110000
1998-11-26,75.24870168693236,76.72472955595902,75.1796670406329,76.70140075683594,205570000
1998-11-27,76.88614975075772,77.43942231836715,76.3323976749285,77.0704116821289,191540000
1998-11-30,76.79376651495271,77.94696906506167,75.64056396484375,75.64056396484375,236870000
1998-12-01,74.74113201764499,75.4562892976776,72.96561521240815,73.5884017944336,223420000
1998-12-02,74.34929119985765,74.718294578174,72.73518658181462,73.77268981933594,197710000
1998-12-03,73.33463611624454,75.11014590690392,72.43520955603353,74.48783874511719,252310000
1998-12-04,74.0264668518334,75.06396273535492,73.6341274399069,74.90255737304688,156500000
1998-12-07,75.15630540069239,75.38675985611668,74.23402986680439,74.57970428466797,123860000
1998-12-08,74.81064352646082,74.87968542611718,73.81885369546117,74.28022766113281,87920000
1998-12-09,74.71828601456689,75.13348197139122,73.91123743068087,74.48783874511719,158920000
1998-12-10,74.1645211850787,74.4644897933591,73.38080161250495,73.5650634765625,137330000
1998-12-11,72.91945047225605,73.56509378984198,72.4352198003857,73.42701721191406,159650000
1998-12-14,72.78088407313015,74.118835389015,72.75803478209882,73.5188980102539,123810000
1998-12-15,73.79551794891898,74.21070652810424,73.1036895543517,73.5650634765625,170010000
1998-12-16,73.9802782407353,75.7100821582824,73.65745299976841,75.456298828125,274690000
1998-12-17,75.52532750611496,76.19429940442716,75.0410969947821,76.1019287109375,214140000
1998-12-18,75.45628946085412,77.27799161903403,75.45628946085412,76.40190124511719,282080000
1998-12-21,76.67853077982275,78.40786217096831,76.44760404349637,77.94696044921875,239710000
1998-12-22,77.73936250793228,78.52308941772422,76.88612872110922,77.94696044921875,174620000
1998-12-23,78.01600234870938,78.36167682370304,77.71603371289237,77.94696044921875,102860000
1998-12-24,77.94696044921875,77.94696044921875,77.94696044921875,77.94696044921875,0
1998-12-25,77.94696044921875,77.94696044921875,77.94696044921875,77.94696044921875,0
1998-12-28,78.38500303572911,78.68449215358847,78.22359044702695,78.63878631591797,123650000
1998-12-29,78.36170094630576,78.84640385511914,77.96984100341797,77.96984100341797,82920000
1998-12-30,78.26978325134792,78.50023775922634,77.25513680725031,77.30084991455078,65790000
1998-12-31,77.30084991455078,77.30084991455078,77.30084991455078,77.30084991455078,0
1999-01-01,77.30084991455078,77.30084991455078,77.30084991455078,77.30084991455078,0
1999-01-04,77.39322982234962,79.07684841430266,77.25514599833228,78.91543579101562,206620000
1999-01-05,78.66164477057617,81.12899017333984,78.63879548171462,81.12899017333984,264820000
1999-01-06,81.68271294648375,83.02018426806849,81.38275163140442,82.60499572753906,362040000
1999-01-07,82.60502070949619,83.25065663091058,79.23825598324504,81.4061050415039,347540000
1999-01-08,82.0746137272245,82.97403306503094,81.93652989696731,82.90499114990234,340990000
1999-01-11,83.13546837230665,83.3892445222865,80.76049268460226,81.29090881347656,326730000
1999-01-12,81.63654665899742,82.85879104036302,81.19850146824378,82.42074584960938,292550000
1999-01-13,82.0979391083362,82.69739698269235,78.45406202059287,79.65345001220703,444820000
1999-01-14,80.25289042598926,81.40609281089915,78.73067751784492,80.23003387451172,389510000
1999-01-15,79.74532451794543,82.5821524229499,78.86923420039281,82.328369140625,100757491200
1999-01-18,82.32838928512668,83.29685053191115,81.93652937660029,83.02021789550781,300340000
1999-01-19,83.02021189471263,83.94248771740102,82.46693939662143,82.92784118652344,290490000
1999-01-20,83.827279741351,84.49625184206455,83.02022380143416,83.48159790039062,303700000
1999-01-21,83.34303120682777,84.81905905952725,83.11258394080473,83.4354019165039,435780000
1999-01-22,83.1354510817543,83.8967939039048,82.5588497024777,83.48159790039062,247490000
1999-01-25,82.9049919200566,83.89678924780463,82.46694664724606,83.52777862548828,162810000
1999-01-26,83.96583582350644,84.33483920102594,83.34304181823519,83.48159790039062,352340000
1999-01-27,83.98865971198258,84.3576702431589,83.64298524085899,83.94247436523438,170480000
1999-01-28,83.61969235863974,84.98049329176106,83.61969235863974,84.88812255859375,276120000
1999-01-29,84.86525255895836,85.28044128417969,84.54243455227805,85.28044128417969,143210000
1999-02-01,85.32613311683696,85.62610175580271,84.45004276859233,85.18804931640625,202850000
1999-02-02,85.09569969144925,85.39566840469026,83.4815951304482,84.17342376708984,147170000
1999-02-03,83.57349232015838,84.42720582228553,83.08926168583523,83.66586303710938,218510000
1999-02-04,84.28862672566072,85.16471703807522,84.03484344482422,84.03484344482422,178120000
1999-02-05,84.0120183966829,84.75002512723464,83.4120809702009,84.17342376708984,130800000
1999-02-08,84.63430278518798,84.7500022734216,83.25064588502369,83.57347106933594,148480000
1999-02-09,83.59681098961038,84.33482488464293,82.12079046482022,82.14411926269531,205210000
1999-02-10,81.86701454262925,82.23601789084984,80.32195197035156,81.037109375,235820000
1999-02-11,80.92186987376937,81.84414561611395,80.85235572724098,81.8212890625,127540000
1999-02-12,82.55882362848237,83.1354248256549,81.86699518738115,82.328369140625,150620000
1999-02-15,82.30554420333081,82.4436280519634,81.84417007286862,82.35125732421875,75090000
1999-02-16,82.65120083499596,83.66584727091534,82.55883013545152,83.78107452392578,232540000
1999-02-17,83.52774972143811,84.31147654482255,83.22778838396651,84.28861999511719,212700000
1999-02-18,84.3576793057566,84.38100810304158,83.57348007768273,83.7120361328125,159710000
1999-02-19,83.82728284146839,84.12724431047947,83.0892687938598,83.15878295898438,194570000
1999-02-22,83.59679369446484,84.08102416992188,83.32016114257432,84.08102416992188,93140000
1999-02-23,84.35768102483041,84.95761110115022,84.17341185709563,84.58860778808594,155220000
1999-02-24,84.58860202789599,85.30327980759711,84.51908061694375,85.00331115722656,109060000
1999-02-25,84.65765955199025,85.46471551415907,84.42721225027233,84.63433074951172,201970000
1999-02-26,84.93429948097643,85.23426094716477,84.4500688097857,84.63433074951172,130650000
1999-03-01,84.86522954930584,84.95760024280224,83.61965644608024,83.94247436523438,124360000
1999-03-02,84.12724107424359,84.56528637071375,83.02022367805408,84.47291564941406,181270000
1999-03-03,84.40385742084226,85.55705985558735,84.40385742084226,85.18804931640625,183270000
1999-03-04,85.60325057848547,86.6178970336914,85.57992178173582,86.6178970336914,226560000
1999-03-05,86.80217428602482,87.1021429968993,85.8798983689414,86.24890899658203,190080000
1999-03-08,86.43315654388893,86.71026865071617,84.9804648717137,85.04949951171875,164320000
1999-03-09,85.34946351775676,85.78750870011979,83.96581382632505,84.72667694091797,158870000
1999-03-10,84.81904417211449,85.09567674442113,83.48157261868181,83.57347106933594,171730000
1999-03-11,83.85057487388835,84.79570700822464,83.66583350519535,84.28861999511719,198950000
1999-03-12,84.77285933307493,84.86523002709137,83.02019915664431,83.45824432373047,151430000
1999-03-15,83.02020126572565,83.25064849853516,82.23600209756165,83.25064849853516,139170000
1999-03-16,83.68915330101547,83.68915330101547,82.55880767673668,82.67450714111328,107990000
1999-03-17,82.85879464618966,83.9424830262041,82.85879464618966,83.34302520751953,131440000
1999-03-18,83.020201645647,83.7120301206139,82.53597111703506,83.61965942382812,137620000
1999-03-19,83.34301657848692,84.79571537734411,83.34301657848692,83.57347106933594,255700000
1999-03-22,83.45824619713774,84.2424453629827,83.04352981565243,83.1125717163086,93580000
1999-03-23,83.45825459659481,83.45825459659481,81.4061050415039,81.4061050415039,169650000
1999-03-24,81.19851490417973,81.82130159600044,80.94473882661066,81.544189453125,217280000
1999-03-25,81.72891139178793,82.5821524229499,81.54417000725964,82.328369140625,187230000
1999-03-26,82.65119692714555,82.95115829978788,80.99090742387045,81.63654327392578,173320000
1999-03-29,81.54418248730187,83.02021028766916,81.45229128905099,82.65120697021484,127200000
1999-03-30,82.81260592647752,83.52776321628755,81.75177414393752,82.1898193359375,138860000
1999-03-31,82.53597073932966,83.52776058762436,82.53597073932966,83.25064849853516,133110000
1999-04-01,83.25067816210077,83.71205956548984,82.7897835322575,83.59683227539062,79830000
1999-04-02,83.59683227539062,83.59683227539062,83.59683227539062,83.59683227539062,0
1999-04-05,83.59683227539062,83.59683227539062,83.59683227539062,83.59683227539062,0
1999-04-06,84.17341185709563,84.68049898524359,84.05819186217761,84.58860778808594,123370000
1999-04-07,84.72670147349551,85.119040928944,84.54243953376948,84.63433074951172,147130000
1999-04-08,84.93426935401624,85.02664004523528,84.1962555751329,84.51907348632812,111860000
1999-04-09,85.04950250435088,85.32614237805808,83.20495091215554,83.36636352539062,271530000
1999-04-12,82.9049543191705,83.29681405610087,82.12076260259802,82.67450714111328,178140000
1999-04-13,83.48159084641561,83.48159084641561,81.9131994821494,82.99736022949219,208610000
1999-04-14,83.02021189471263,83.55062783719872,82.62835201451031,82.92784118652344,138110000
1999-04-15,83.02022188270483,83.158777961658,81.35993194580078,81.35993194580078,212360000
1999-04-16,80.94472566587963,81.49799084529316,78.98446743775791,79.60725402832031,430170000
1999-04-19,80.41432295472215,81.05995893923057,80.09149769719231,80.80618286132812,190620000
1999-04-20,80.13768226235058,80.25290953277006,78.75402506204483,79.56108093261719,237240000
1999-04-21,80.02246858333926,80.62192657180681,79.6534651748522,80.2757797241211,154610000
1999-04-22,81.01377718755899,81.40611661981795,79.86105397358408,80.3681411743164,186140000
1999-04-23,80.90032993453386,80.99317920790911,78.9069479058498,79.37071228027344,171390000
1999-04-26,80.15849331471372,83.45033383547721,79.97327675837049,82.75492095947266,336550000
1999-04-27,83.5431883139859,84.37739316109801,82.73195113921763,84.145751953125,266280000
1999-04-28,83.77482734438235,84.65593880117174,83.75185967263549,84.30799865722656,138660000
1999-04-29,83.98352168390541,84.23861991620382,83.10289200139029,83.24168395996094,143540000
1999-04-30,83.96051890959525,83.96051890959525,83.1722640991211,83.1722640991211,133960000
1999-05-03,83.05642586753795,84.19215321509971,82.1523396636281,84.0528793334961,169940000
1999-05-04,84.37738618523016,84.60950936650046,82.05950641091644,82.08248138427734,210110000
1999-05-05,82.15235286219936,82.3840013459823,79.62532496675787,80.52941131591797,334550000
1999-05-06,80.57584401559754,80.92378416269837,78.95337699643567,78.99980163574219,215340000
1999-05-07,79.3472697947635,80.13553200776855,78.906955043622,79.27787017822266,165140000
1999-05-10,79.9503107159964,79.9503107159964,79.06919919275943,79.46309661865234,119720000
1999-05-11,79.55594855495903,80.13553726679837,79.27787538096696,79.3936996459961,213530000
1999-05-12,79.69519496517056,80.32072611239764,79.16202377847095,79.41712188720703,177090000
1999-05-13,79.41712188720703,79.41712188720703,79.41712188720703,79.41712188720703,0
1999-05-14,80.18194594070037,80.20491361037027,78.58244675264282,78.953369140625,176420000
1999-05-17,78.83755010222698,78.90694971408045,77.79419708251953,77.79419708251953,160920000
1999-05-18,78.25795088234035,79.18500483750128,78.25795088234035,78.7911148071289,171030000
1999-05-19,78.35080721039715,78.60542336931279,76.72785832629279,77.42327117919922,366000000
1999-05-20,77.23807476476642,78.81411743164062,76.72787832904442,78.81411743164062,308190000
1999-05-21,78.23449849756537,78.6982628037382,77.19162034478128,77.28446960449219,295380000
1999-05-24,77.28446960449219,77.28446960449219,77.28446960449219,77.28446960449219,0
1999-05-25,76.49620736217258,76.54263199189657,74.13190328416704,74.78089141845703,370060000
1999-05-26,74.8273245546554,76.31051751836246,74.43295250190148,75.61510467529297,243840000
1999-05-27,76.07886634459337,76.38038178483133,74.17785191552608,74.20130157470703,165850000
1999-05-28,74.17787036036417,75.29062305657234,74.17787036036417,74.9197006225586,146530000
1999-05-31,74.96612128100082,76.47277130663012,74.36356497215847,76.26457977294922,117790000
1999-06-01,76.3803879119956,76.51918712038724,75.244185742155,76.0324478149414,140650000
1999-06-02,76.03245664953471,77.88704681396484,75.38346839922593,77.88704681396484,145830000
1999-06-03,78.39673675517727,79.74161959307229,78.35079411963696,79.41712188720703,214160000
1999-06-04,79.50951226177513,80.18195016296055,78.86052402392627,79.85745239257812,122170000
1999-06-07,79.60235665134972,79.95029676080185,79.20845929421094,79.74163055419922,120920000
1999-06-08,79.62534200012321,80.57585318727538,79.55594968096284,79.9732894897461,163050000
1999-06-09,79.74164825932637,80.43705394312023,79.60237432555371,79.9732894897461,104320000
1999-06-10,79.27788374292373,79.69523089273756,77.79421564774412,77.86408996582031,217650000
1999-06-11,77.81762909958697,78.11866983946767,77.09876671469158,77.65538024902344,139220000
1999-06-14,77.33089844193687,77.67836384764331,76.75130987432327,77.26101684570312,110780000
1999-06-15,77.35386976806791,77.37684474059866,76.26457417756819,76.40336608886719,214700000
1999-06-16,76.38040232633062,77.23806416516884,76.26458537056445,76.86714172363281,201120000
1999-06-17,77.33090196199521,77.74776699050294,77.0523541550273,77.63194274902344,119770000
1999-06-18,78.1186848092792,78.95337157746451,77.60897049393502,77.9100112915039,304050000
1999-06-21,78.25797834072513,79.09218332563952,78.25797834072513,78.81411743164062,117260000
1999-06-22,78.95337317320653,79.16203939228336,76.9599838256836,76.9599838256836,158250000
1999-06-23,76.77428755677877,77.51612508974138,76.26458051891612,76.7513198852539,122460000
1999-06-24,76.98293649500592,77.23803458014709,76.07885766398991,76.12528228759766,125430000
1999-06-25,75.96303420357688,76.40334879520218,75.3834457397461,75.3834457397461,117800000
1999-06-28,75.49928799532722,75.84723544793349,75.10539789555239,75.26764678955078,106600000
1999-06-29,75.36048377098928,76.35693734158085,75.22120987476109,75.59212493896484,152450000
1999-06-30,75.91661993636141,76.07886879803198,73.99263047552425,74.08547973632812,192850000
1999-07-01,75.10539276405137,75.89365490222723,74.64162839170133,75.49928283691406,178660000
1999-07-02,75.54570991854297,76.38039672021475,75.19824447091409,76.26457977294922,129100000
1999-07-05,76.58908771543916,77.88706451097484,76.58908771543916,77.771240234375,134510000
1999-07-06,77.56253601189592,77.56253601189592,76.40335893046408,76.49620819091797,144120000
1999-07-07,76.44980574460081,76.44980574460081,75.33705297050162,76.00949096679688,147080000
1999-07-08,76.31053294422992,77.19164450541899,76.26459029237633,76.58908081054688,153980000
1999-07-09,76.86713044220218,76.95997971135533,76.17172490841504,76.40336608886719,141120000
1999-07-12,77.6554139621953,78.23452802739467,77.5391149989259,77.97991180419922,219570000
1999-07-13,78.58247432588867,78.7911479104434,77.0523815111362,77.35389709472656,210550000
1999-07-14,77.51612045051581,78.02631675323099,77.42327117919922,77.42327117919922,130080000
1999-07-15,77.51612136967226,78.14213462127735,76.98295739048477,77.60897064208984,128450000
1999-07-16,77.07581401634548,78.04929279517796,77.05236435123797,77.56255340576172,174950000
1999-07-19,77.77122256368187,78.4896031233342,77.58552401158884,77.88704681396484,112080000
1999-07-20,77.74777365701938,78.35081196472775,76.75131994907417,77.09878540039062,153790000
1999-07-21,76.72786818777774,78.58245849609375,76.63550089703155,78.58245849609375,192660000
1999-07-22,78.55948915261828,78.79113036331437,77.56255340576172,77.56255340576172,145020000
1999-07-23,77.77121970751932,78.02631786250355,76.33396934561529,76.3803939819336,144680000
1999-07-26,76.49624617241159,77.16820231483177,75.84725770885841,76.10235595703125,137780000
1999-07-27,76.44979072344375,77.05235429099336,76.33396648175989,76.40336608886719,121280000
1999-07-28,76.54264560837908,77.3309077720682,76.12530585900126,76.26457977294922,128780000
1999-07-29,76.51918942780395,76.70488796391943,74.6416244506836,74.6416244506836,163790000
1999-07-30,74.87374873054361,76.44979095458984,74.40998437580642,76.44979095458984,135010000
1999-08-02,75.8007875655786,77.60895260098576,75.10537486608301,77.33088684082031,148740000
1999-08-03,76.84368257067547,78.07225939644734,76.77428296195109,77.42327117919922,123670000
1999-08-04,77.56255340576172,78.11869241134634,77.1916382731518,77.56255340576172,128410000
1999-08-05,77.02938002369247,77.07580465869407,75.29061422271687,75.61510467529297,129440000
1999-08-06,75.98603094585845,76.07888022060281,74.29416438301217,74.45641326904297,185240000
1999-08-09,74.68807241036869,75.2442115104671,74.61867278240611,75.08196258544922,85790000
1999-08-10,75.19824982747187,75.24419977917772,74.08549711110611,74.17787170410156,124190000
1999-08-11,74.59520548810329,74.91969595855124,74.06204149341478,74.85030364990234,108570000
1999-08-12,75.66152838854693,76.49621512645264,75.26763833302671,76.35694122314453,132060000
1999-08-13,76.14828329171206,79.4401242899299,76.07889097353383,79.3936996459961,230800000
1999-08-16,79.74164042699229,80.57584527300456,79.46309258680635,79.9268569946289,156030000
1999-08-17,80.08911641849167,80.27481500302763,79.46310303305016,80.25135803222656,114710000
1999-08-18,80.3441831293682,80.52940696849193,79.27785526413882,79.67174530029297,119540000
1999-08-19,80.43704816218265,81.10901143349614,80.06613302464761,81.03961181640625,225920000
1999-08-20,81.13243950563826,81.99010111370394,80.62225058012608,81.61917877197266,241800000
1999-08-23,81.94369106520381,82.43043041814467,81.59574363128232,82.40745544433594,109260000
1999-08-24,82.31462075133972,82.6156616089715,81.80443164467304,82.26819610595703,105600000
1999-08-25,82.03655441762959,82.70851044206165,81.54933298862024,81.827880859375,164700000
1999-08-26,82.05950808346812,82.98656945593221,81.89726650095407,82.75492095947266,164810000
1999-08-27,82.54625086354243,83.33450567401657,82.29115271569069,83.1722640991211,124990000
1999-08-30,83.10289157095995,83.40393245949275,82.43045348124274,83.14883422851562,73680000
1999-08-31,82.43044803557407,82.52329732973621,81.22484588623047,81.22484588623047,127680000
1999-09-01,81.57278247855815,83.45034790039062,81.3870838984589,83.45034790039062,205360000
1999-09-02,83.45032313504642,83.91408745512516,82.29114602813253,82.430419921875,191030000
1999-09-03,82.0824889443272,83.42736484513364,82.0824889443272,83.35749053955078,112900000
1999-09-06,83.45032697286564,84.23858905844735,82.98656263145871,84.169189453125,141060000
1999-09-07,83.7284008914027,84.60951232910156,83.7284008914027,84.60951232910156,127330000
1999-09-08,84.21512937559902,84.72531828967718,83.56614126739296,84.28500366210938,159820000
1999-09-09,84.28501018376028,85.28146374091969,83.84421352972437,84.98042297363281,149750000
1999-09-10,84.98042297363281,85.53655456623943,84.56307598006359,84.98042297363281,135900000
1999-09-13,85.09625597330671,85.16565558884525,83.79828671428209,84.19217681884766,142080000
1999-09-14,84.09931835828014,84.14574299342914,83.03299042424781,83.21868896484375,174950000
1999-09-15,83.17228202278095,83.91411235809954,82.56971831961951,83.45034790039062,179380000
1999-09-16,83.07940173306143,83.49674139002234,82.59266247926956,83.01000213623047,125110000
1999-09-17,82.80134463935973,83.58960678065132,82.80134463935973,83.49675750732422,239270000
1999-09-20,83.38091764312279,83.58959112425586,82.77787947189849,83.10285186767578,108230000
1999-09-21,83.19523098234961,83.65900263864788,82.29115193763259,82.6855239868164,184340000
1999-09-22,81.94368063091304,82.6156364544688,81.71203216415665,82.430419921875,87790000
1999-09-23,82.29116300238654,82.84777669977335,82.12891410429366,82.17533874511719,104240000
1999-09-24,81.1788857401694,81.73502475313862,80.94676253389747,81.03961181640625,118960000
1999-09-27,81.15543122863009,82.54625701904297,81.03960697720215,82.54625701904297,107030000
1999-09-28,82.7319238333165,82.7319238333165,80.66866803450611,80.73806762695312,110610000
1999-09-29,81.1324404314308,81.38705655617788,79.5559236974633,80.83092498779297,125140000
1999-09-30,80.62227873574044,80.99319390409121,79.78759180589886,80.50645446777344,113470000
1999-10-01,80.9467536040935,81.03960287635942,79.32428669584259,80.112548828125,143270000
1999-10-04,80.36716755979653,81.96665954589844,79.9732774772821,81.96665954589844,101680000
1999-10-05,82.0595099597264,82.9635963790329,81.87429339914826,82.19878387451172,123640000
1999-10-06,82.198781995069,83.1258433675331,81.3641025103796,82.75492095947266,130930000
1999-10-07,83.31105430380431,84.0299167946863,83.17226239402413,83.82124328613281,195820000
1999-10-08,84.37738597113767,84.37738597113767,82.84776833504371,84.23859405517578,193110000
1999-10-11,84.60951973471647,84.72534399477883,84.05290602390734,84.56309509277344,126800000
1999-10-12,84.40082788703143,84.95695943660671,83.98348092575492,84.28500366210938,128540000
1999-10-13,83.8212452369072,84.00646908798218,83.21868896484375,83.21868896484375,112290000
1999-10-14,83.35748087785403,83.519729756115,82.66206803257691,83.21868896484375,174010000
1999-10-15,82.70850136182449,83.03299915245677,81.15543393267063,81.54932403564453,194830000
1999-10-18,81.22482153415771,81.57276163521045,80.29776024232582,80.34418487548828,125170000
1999-10-19,80.73810682432975,82.98658752441406,80.48348329860241,82.98658752441406,166320000
1999-10-20,82.63912200698788,83.79829951492252,82.43044843892349,82.98658752441406,150280000
1999-10-21,83.14881633481683,83.38093953560396,81.85084707744696,81.59574890136719,152770000
1999-10-22,82.24520299819368,83.380930540189,81.94368751740147,83.21868896484375,130850000
1999-10-25,83.68197624650148,83.7054332131299,82.01308463946803,82.05950927734375,114070000
1999-10-26,82.24520594977622,82.91716915683352,82.15235667614613,82.61564636230469,127520000
1999-10-27,81.94369983589856,83.86768247978326,81.92024286712163,83.33451843261719,177290000
1999-10-28,84.02992255832187,84.53963688610192,83.19523576977208,84.37738800048828,212500000
1999-10-29,84.65593215441947,85.28147070344508,84.23859242969304,84.84115600585938,218230000
1999-11-01,84.84115968347402,84.93400895797966,84.28502071844115,84.37738800048828,109540000
1999-11-02,84.49371106164551,85.0728178129015,84.30801247566684,85.04984283447266,119040000
1999-11-03,84.81817614443169,85.9768785947411,84.47022874494353,85.11921691894531,271900000
1999-11-04,85.32789181854226,86.0931789312397,84.9804264057719,85.39776611328125,170740000
1999-11-05,85.72225379300869,86.23196806124821,85.42073833377313,85.76820373535156,186610000
1999-11-08,85.2350225023404,86.13910130993236,85.14264794692119,85.67581176757812,100910000
1999-11-09,86.00034727901046,86.32483778633086,85.42075858090372,85.58300018310547,116690000
1999-11-10,85.74524212563047,85.81464173944615,85.02686154987184,85.7222671508789,114470000
1999-11-11,85.7222671508789,85.7222671508789,85.67584251181479,85.7222671508789,0
1999-11-12,85.7222671508789,85.7222671508789,85.7222671508789,85.7222671508789,0
1999-11-15,86.39422894165142,86.74217638401666,86.06973846612168,86.37125396728516,236410000
1999-11-16,86.27840815866159,86.81157218313032,86.23198351850999,86.74217987060547,104430000
1999-11-17,87.06665433834013,87.08962930940233,86.18554301965077,86.60289001464844,117190000
1999-11-18,86.25543298075667,87.1360623924596,86.18555137890749,87.08963775634766,98980000
1999-11-19,87.39114273476413,87.39114273476413,86.85797882080078,86.85797882080078,125210000
1999-11-22,86.90441358956197,87.55340181082283,86.46362419576154,86.69574737548828,146540000
1999-11-23,86.41769365781431,86.8809834393436,86.27841971869887,86.67230987548828,119900000
1999-11-24,86.69572208940077,86.85796362020898,85.65236211168035,85.67581176757812,153830000
1999-11-25,85.90747763084121,86.34779229607942,85.76820373535156,85.76820373535156,285100000
1999-11-26,86.37125446971568,88.73555899749701,86.25543752102075,88.0865707397461,467720000
1999-11-29,88.22532836937697,89.94111852000238,87.94725535870488,89.73245239257812,306020000
1999-11-30,89.47741313949905,89.54681276543526,88.85139974005904,89.01364135742188,168340000
1999-12-01,88.64270213736398,89.45393921588366,88.64270213736398,89.36156463623047,158730000
1999-12-02,89.43098849232695,89.89475297148653,88.94424903440326,89.01364135742188,181640000
1999-12-03,89.0136300104404,89.73249991550452,88.55034758289906,89.47740173339844,238870000
1999-12-06,89.82485824052723,90.01055678701013,87.99371779520452,88.55033874511719,266380000
1999-12-07,89.01362483635872,89.01362483635872,87.87790451393992,88.0865707397461,212290000
1999-12-08,87.62282389230558,87.69222351925774,85.88453229969875,86.5564956665039,234680000
1999-12-09,86.67230172386222,86.9273999100971,85.884521484375,85.884521484375,201850000
1999-12-10,85.76819729285687,86.18553695557507,85.39775694793269,86.00032043457031,150310000
1999-12-13,86.20901238097838,86.64932710744553,85.86106493861314,86.37125396728516,232070000
1999-12-14,86.34780811180669,86.62635595380567,85.67584485382724,85.86106872558594,173400000
1999-12-15,85.69880319519183,85.79165245783625,84.91054114459303,84.93399810791016,156750000
1999-12-16,85.07279024413508,85.53655456623943,84.60950061151385,84.98042297363281,193400000
1999-12-17,84.74832244433652,85.53657740465994,84.7018978004908,85.28148651123047,350970000
1999-12-20,85.35134969855142,87.13606555241658,85.35134969855142,86.18555450439453,172700000
1999-12-21,85.76821169126974,86.57992348644196,84.23859405517578,84.23859405517578,134900000
1999-12-22,84.6095224881575,85.74525023332151,83.4039204330098,84.44728088378906,220090000
1999-12-23,84.91054435239097,86.8809585571289,84.84115205044213,86.8809585571289,116300000
1999-12-24,86.8809585571289,86.8809585571289,86.8809585571289,86.8809585571289,0
1999-12-27,87.34474115246063,88.55035049302272,86.78860942413428,87.2054672241211,88010000
1999-12-28,87.52996058305222,87.97075732224657,87.0432211959301,87.1824951171875,92390000
1999-12-29,87.36773235448555,88.31824368108151,87.15954076062748,87.69223022460938,79020000
1999-12-30,87.9008762153793,87.94730085606328,87.50698610684834,87.62281036376953,70480000
1999-12-31,87.62281036376953,87.62281036376953,87.62281036376953,87.62281036376953,0
2000-01-03,87.62281036376953,87.62281036376953,87.62281036376953,87.62281036376953,0
2000-01-04,86.7187201378258,86.7886017435276,83.96052551269531,83.96052551269531,203280000
2000-01-05,82.52327869670414,83.89064746470957,81.73501655651222,81.8742904663086,243880000
2000-01-06,82.2911563525584,84.33144502727639,81.59574347847527,82.70849609375,298320000
2000-01-07,83.68198594026562,87.41414166383659,83.63604328953285,87.39116668701172,249390000
2000-01-10,88.55033828643236,89.94115671095788,87.52995296804994,88.45748901367188,215720000
2000-01-11,88.13299941879922,88.68913842493532,87.52996108240157,87.62281036376953,120640000
2000-01-12,87.1130959983174,88.4340402459622,87.1130959983174,87.62281036376953,176840000
2000-01-13,88.45749721400954,89.10647819859705,86.69575622465568,87.62281036376953,223410000
2000-01-14,88.17942001685734,88.73555899749701,87.2983085663283,88.0865707397461,204800000
2000-01-17,88.5269114346424,88.78200967674341,88.08659657646494,88.36466979980469,143160000
2000-01-18,85.25849914550781,85.25849914550781,85.25849914550781,85.25849914550781,228920000
2000-01-19,85.30494170506708,86.25545293854856,85.2120924113597,85.53658294677734,125840000
2000-01-20,86.04675737968695,86.1161569874092,84.74830627441406,84.74830627441406,126380000
2000-01-21,84.37739233575705,87.39115988111631,84.37739233575705,86.20901489257812,273360000
2000-01-24,86.46363317079357,87.2054634380322,85.07280731201172,85.07280731201172,120740000
2000-01-25,84.37739897139014,85.49015173568047,82.89420574291289,83.07942962646484,202400000
2000-01-26,84.3079896764592,84.67890475555643,83.12583753009604,83.77481842041016,170980000
2000-01-27,83.91410465705127,85.67584564945244,83.54318952343196,85.07280731201172,161940000
2000-01-28,85.07281930374221,85.67585772618628,82.98658752441406,82.98658752441406,140990000
2000-01-31,82.54625225585269,85.28147173744887,82.0595056142092,82.52327728271484,271450000
2000-02-01,84.09933825625332,86.23199462890625,83.9605390074873,86.23199462890625,222570000
2000-02-02,87.34473292666752,87.43758220348302,84.1921735384264,86.41767883300781,253260000
2000-02-03,86.09318909592878,87.29830903791317,85.72226667503585,86.9044189453125,139420000
2000-02-04,88.38809617790061,88.78198628010408,85.88451765989234,86.99679565429688,225600000
2000-02-07,86.76513557657502,88.78197444361673,86.60289400612287,87.4605484008789,180280000
2000-02-08,87.62283607265567,88.8284384096019,87.62283607265567,87.94732666015625,150680000
2000-02-09,87.66923985692937,88.73556797711622,86.69576102324966,87.39116668701172,180550000
2000-02-10,86.78858243457869,86.97379895558345,85.35133231959,86.00032043457031,171680000
2000-02-11,86.04677038659882,86.04677038659882,83.86768225863574,85.884521484375,194880000
2000-02-14,85.1891062587116,85.86106952293122,84.93401538221381,85.07280731201172,105830000
2000-02-15,85.1890840315831,85.51358174268834,83.45031846844529,83.98348236083984,153790000
2000-02-16,84.84115968347402,85.2584994262909,83.98349792106904,84.37738800048828,194610000
2000-02-17,84.09932216942987,84.56308654949956,83.21869273608577,84.37738800048828,256180000
2000-02-18,84.42381263774111,84.42381263774111,83.543183204397,84.37738800048828,228630000
2000-02-21,83.6819932489117,84.09934038504048,82.98658752441406,82.98658752441406,101980000
2000-02-22,82.89417818998106,84.35440325917332,82.89417818998106,84.28500366210938,187070000
2000-02-23,84.44726492770138,85.88450793603202,84.44726492770138,85.62940979003906,180920000
2000-02-24,86.0697291383274,86.0697291383274,84.12276458740234,84.12276458740234,163520000
2000-02-25,84.42383652516297,85.21209889949594,82.98659303058064,83.24168395996094,142130000
2000-02-28,83.03300290649851,83.61259159579254,82.1059414356334,83.33451843261719,164950000
2000-02-29,83.86767959288728,84.05290346543097,82.52328568457338,83.35749053955078,156410000
2000-03-01,83.70542565347479,84.14574033628881,83.0100128301573,83.68196868896484,128600000
2000-03-02,83.45032418192716,85.88450265966978,83.3110502864375,85.76820373535156,211290000
2000-03-03,86.11615526656733,87.0432092734116,86.00033102617164,86.32482147216797,355170000
2000-03-06,86.78860152716051,89.01362483635872,86.48707872132684,88.0865707397461,295340000
2000-03-07,87.62281036376953,88.87483698767126,86.74218086533966,87.62281036376953,192740000
2000-03-08,87.15950941369108,89.2457406266521,86.83453697075655,88.48045349121094,287700000
2000-03-09,88.78199297912094,89.29170737484533,87.1595258154597,87.73863983154297,143030000
2000-03-10,88.52689152085298,88.52689152085298,87.41413879394531,87.41413879394531,209740000
2000-03-13,86.81155662197607,87.04320509163847,85.76820373535156,85.76820373535156,146400000
2000-03-14,86.13911879758844,86.46361653091063,85.3977633626017,85.76820373535156,163070000
2000-03-15,85.72225608707137,85.76820603064392,84.74830277738366,85.30491638183594,177580000
2000-03-16,86.69573927786676,86.92738044351265,86.04675111722318,86.60289001464844,350450000
2000-03-17,88.08655797826297,88.08655797826297,85.53655526568915,85.76820373535156,686380000
2000-03-20,85.88452301672564,86.09319656467814,85.25850967578506,85.58300018310547,93570000
2000-03-21,86.04676086378967,86.64932446107682,85.60596415831573,86.4406509399414,124290000
2000-03-22,86.92738092375998,89.24573516845703,86.81155668883956,89.24573516845703,222750000
2000-03-23,89.24575566697851,89.87129431420864,88.48046840256573,89.70904541015625,199320000
2000-03-24,90.17281669668685,90.38148293931174,88.52689260413258,89.61619567871094,152080000
2000-03-27,89.22229882478851,89.7090381948805,88.1794204711914,88.1794204711914,101340000
2000-03-28,87.97074481662335,88.87482384650549,87.39114892813981,87.15950775146484,171720000
2000-03-29,87.62279680894427,88.36463426305762,87.08963286083927,87.3676986694336,232850000
2000-03-30,86.97383363484404,87.04323326030425,84.12278922987537,85.53658294677734,345670000
2000-03-31,84.88758576356176,85.07280232326266,83.45033534829733,83.72840118408203,425500000
2000-04-03,83.8676910170004,85.53658294677734,83.21870994616513,85.53658294677734,279030000
2000-04-04,86.00034264658542,86.32483313642709,85.42075397969835,85.86106872558594,261210000
2000-04-05,85.74524402448469,85.74524402448469,83.4503390338015,84.145751953125,218510000
2000-04-06,84.14576445105733,84.49371195864273,82.61566446487228,83.91411590576172,167610000
2000-04-07,84.14573563671115,84.1921602678013,83.3110489589623,83.6125717163086,106670000
2000-04-10,83.91409450720516,84.07634338546613,82.84776657317283,83.21868896484375,102100000
2000-04-11,83.01003311000507,84.02993662585061,82.94063348727882,83.45034790039062,133510000
2000-04-12,83.63603759417029,84.79474023235632,83.63603759417029,84.145751953125,207270000
2000-04-13,83.4503387574506,84.23860095434813,83.07942363042929,83.75186157226562,236120000
2000-04-14,83.42737702610198,84.1457650323487,82.87076325096612,82.98658752441406,184940000
2000-04-17,80.99319773678475,83.19525378956082,80.39063400398595,82.98658752441406,189810000
2000-04-18,83.42737702610198,83.5432012995499,81.22484628368062,82.98658752441406,186890000
2000-04-19,83.45033383547721,83.45033383547721,81.271253235979,82.75492095947266,230910000
2000-04-20,82.56972788460034,82.98659305595271,82.19880537105564,82.89421844482422,172460000
2000-04-21,82.89421844482422,82.89421844482422,82.89421844482422,82.89421844482422,0
2000-04-24,82.89421844482422,82.89421844482422,82.89421844482422,82.89421844482422,0
2000-04-25,82.84779652905864,83.42738534078997,82.24523273620606,83.12586975097656,151210000
2000-04-26,83.45032320361832,84.60950031148471,83.45032320361832,84.00646209716797,190930000
2000-04-27,83.61258272090728,84.05289743708117,82.52327976592913,82.75492095947266,116680000
2000-04-28,83.0794177698046,84.12277076506159,82.9865684964775,83.49675750732422,123300000
2000-05-01,83.49675750732422,83.49675750732422,83.49675750732422,83.49675750732422,0
2000-05-02,83.47380109676085,84.37740569343536,82.75493840583485,83.91411590576172,131190000
2000-05-03,83.45035200493345,83.91411648545284,82.1523752447194,82.98658752441406,154600000
2000-05-04,82.36104476181883,83.79829539326575,82.36104476181883,83.45034790039062,125980000
2000-05-05,82.2911541036982,82.52327728271484,79.99624932502637,82.52327728271484,394060000
2000-05-08,82.52327728271484,82.52327728271484,80.52941329955738,82.52327728271484,312680000
2000-05-09,82.73194502913262,83.68197406152605,82.05950713473169,83.49675750732422,255570000
2000-05-10,83.21869167979527,83.58960678065132,82.75492000269617,83.49675750732422,174190000
2000-05-11,82.98658695113045,84.23861374503237,82.61566446487228,83.91411590576172,195200000
2000-05-12,84.09219412623027,84.39543914794922,83.60266277986052,84.39543914794922,130960000
2000-05-15,84.02239416603489,84.37185270018426,83.41637420654297,83.41637420654297,88400000
2000-05-16,83.83566689749865,83.83566689749865,82.88018798828125,82.88018798828125,135220000
2000-05-17,82.8801697944877,82.8801697944877,82.13407687524773,82.29725646972656,126210000
2000-05-18,82.15717879821631,83.22962349839669,82.15717879821631,82.76319885253906,135970000
2000-05-19,82.9966601079268,82.9966601079268,81.38798558582018,81.8308334350586,202230000
2000-05-22,82.22697935403093,82.50712500563179,81.36439780430474,81.76103210449219,184860000
2000-05-23,82.11047748217645,83.39279254549503,81.80770987191619,82.99664306640625,179900000
2000-05-24,82.99664210574882,83.64935301035244,82.88015347727016,82.949951171875,173650000
2000-05-25,83.32299458667642,84.39543914794922,82.62359274231463,84.39543914794922,203570000
2000-05-26,83.92903137207031,85.21134668816121,83.57957275850987,83.92903137207031,252520000
2000-05-29,84.34874100389975,84.67510010345468,83.83562552804776,84.13887786865234,91000000
2000-05-30,84.16199242348733,84.16199242348733,83.32300245432741,83.69605255126953,155940000
2000-05-31,83.74273584739329,83.92901482782656,82.48352020026675,82.99664306640625,182400000
2000-06-01,83.74273584739329,83.92901482782656,82.48352020026675,82.99664306640625,248480000
2000-06-02,82.85657026316348,83.2296129812538,82.34393215424774,82.99664306640625,255690000
2000-06-05,83.27631443871095,83.60267360843314,82.3203583830774,82.76319885253906,127710000
2000-06-06,81.97089311205409,82.3203516723997,79.96559193882138,80.26883697509766,406320000
2000-06-07,80.8517633276336,81.20122928944987,80.01229584886462,81.13143157958984,523110000
2000-06-08,82.21444634886116,82.64765769894758,81.03514225602052,82.31071472167969,320970000
2000-06-09,82.47918988271665,82.55138932612904,81.49242253551309,82.31071472167969,195540000
2000-06-12,82.31071472167969,82.31071472167969,82.31071472167969,82.31071472167969,0
2000-06-13,82.55141176790696,82.55141176790696,81.17956321168325,81.25177001953125,116650000
2000-06-14,81.66091476601204,81.82938997741826,81.15550382140987,81.49244689941406,152760000
2000-06-15,81.49244689941406,81.9737962522224,81.2517722230099,81.49244689941406,168070000
2000-06-16,81.80531295877655,81.97378815353808,81.27583312988281,81.27583312988281,274620000
2000-06-19,80.86668242100886,80.98701974604012,79.9280527547265,80.52973937988281,160370000
2000-06-20,80.77041109526547,80.86667948283122,80.21685501334989,80.38533020019531,122910000
2000-06-21,80.62599088246172,80.62599088246172,79.75956085476363,80.19277954101562,140220000
2000-06-22,80.52974534011919,80.52974534011919,74.87389064504387,76.19760131835938,1109860000
2000-06-23,76.29387052032611,77.16030080276776,75.98099638671488,76.94369506835938,335320000
2000-06-26,77.11214553095617,77.16028339209966,76.0772476196289,76.0772476196289,165340000
2000-06-27,76.10132214202434,76.29385891113282,75.04234787750691,75.21082305908203,217930000
2000-06-28,75.09049046189307,75.76437654093581,74.9460842035818,75.37930297851562,249390000
2000-06-29,75.40337109397083,75.49964683771626,74.99422856228489,75.25897216796875,167650000
2000-06-30,75.09049855017484,76.6789528730825,75.06642961372918,76.43827819824219,197920000
2000-07-03,76.17353208972932,77.23249915534849,75.98099529409237,76.82335662841797,165640000
2000-07-04,76.91961669921875,77.20842186140926,76.58267367092624,76.91961669921875,121160000
2000-07-05,77.08809026179341,80.43347389435533,77.08809026179341,80.36126708984375,400850000
2000-07-06,80.48158625890338,82.50325146731676,80.04837490881695,82.31071472167969,436540000
2000-07-07,82.07005037930152,82.118188244133,81.01108345627193,81.29988861083984,252560000
2000-07-10,81.44430122446627,81.44430122446627,80.14465956534117,80.33719635009766,113980000
2000-07-11,80.09649790921641,80.21683520015262,79.5188803816837,79.90396118164062,125510000
2000-07-12,80.0243050964542,80.07244295473535,78.94126938838188,79.15787506103516,163790000
2000-07-13,79.83177559564271,79.83177559564271,78.26739054205459,78.94127655029297,163720000
2000-07-14,78.74873837990755,78.79686889688794,77.5934958002806,77.97857666015625,138400000
2000-07-17,78.21925390334357,78.50806639414014,75.81250762939453,75.81250762939453,333260000
2000-07-18,76.51046597355563,76.87147793066092,76.17352294921875,76.17352294921875,207740000
2000-07-19,76.43825758001994,77.01587517487022,76.19758297009847,76.6789321899414,169300000
2000-07-20,77.01589413139763,77.20843092880293,76.39013852261843,76.4142074584961,180920000
2000-07-21,76.48639364817757,76.72706827557246,75.74030817909876,75.81250762939453,153450000
2000-07-24,76.48639589639701,77.30469552943795,75.88470931022395,77.20841979980469,117720000
2000-07-25,77.28063702666171,77.56944222011714,76.70301929494289,76.82335662841797,136170000
2000-07-26,76.99180202310393,77.32874498955663,76.486383901022,77.0399398803711,102530000
2000-07-27,76.91961238437244,77.40096163916225,75.61997086540131,75.81250762939453,187820000
2000-07-28,76.91960396250087,77.4009531645881,75.45148742717363,75.90876770019531,180280000
2000-07-31,76.05320373743011,76.05320373743011,75.0423670789458,75.4755859375,123570000
2000-08-01,75.4755859375,75.4755859375,75.4755859375,75.4755859375,0
2000-08-02,75.595905045899,79.47076817544206,75.595905045899,79.4226303100586,419620000
2000-08-03,79.4226142952034,80.5297188725219,78.8449967511085,80.14463806152344,232860000
2000-08-04,80.45753703403803,80.45753703403803,78.70061492919922,78.70061492919922,162300000
2000-08-07,79.27821932187862,79.66330018751677,79.08568256146286,79.254150390625,96050000
2000-08-08,78.94129029177552,79.13382708627131,78.17112842417649,78.6043472290039,117570000
2000-08-09,78.94127655029297,79.18195117392192,78.58026461484955,78.94127655029297,132450000
2000-08-10,78.33960652425131,78.7487564086914,77.25657048935383,78.7487564086914,172940000
2000-08-11,78.45992645540267,79.85583631944732,78.17111397224544,79.66329956054688,144140000
2000-08-14,79.90398698479451,80.04839324951172,79.59111286524703,80.04839324951172,112650000
2000-08-15,80.21685367523637,80.21685367523637,78.58026907949737,79.4226303100586,131400000
2000-08-16,79.27822358654838,79.30229251909677,76.91961509294721,78.89314270019531,385010000
2000-08-17,77.40095151810029,77.47315095895516,75.57182312011719,75.57182312011719,520600000
2000-08-18,76.05320483629278,76.96776575399551,75.5959243774414,75.5959243774414,315400000
2000-08-21,75.98096981253975,76.43825005742653,75.66808844355003,76.05316925048828,177890000
2000-08-22,76.19759964496406,77.68977814613754,76.14946177452293,77.0158920288086,229520000
2000-08-23,77.47318158381212,77.6175878674109,76.91963273229359,77.35284423828125,154930000
2000-08-24,77.47317788007065,77.8582588363217,76.77522277832031,76.77522277832031,175310000
2000-08-25,77.20843345957873,77.20843345957873,76.34201049804688,76.34201049804688,119720000
2000-08-28,76.36604718307927,76.94367209545219,76.07724207169869,76.63079071044922,109170000
2000-08-29,76.53455572861891,76.60675520176002,74.99423909486639,75.09050750732422,192460000
2000-08-30,75.42741861995736,75.83656838031484,75.21081294762938,75.28301239013672,106740000
2000-08-31,75.45151956264789,75.6199947930559,75.06643856800748,75.09050750732422,125750000
2000-09-01,75.54777625695561,75.76438198759048,74.70541492519165,74.82575225830078,155550000
2000-09-04,75.04234605934768,75.04234605934768,73.64643615511461,74.0315170288086,119040000
2000-09-05,74.12778423013569,75.16268217594543,73.59829711914062,73.59829711914062,215410000
2000-09-06,73.88711323457605,74.44066195932271,73.4298328952453,73.64643859863281,138980000
2000-09-07,74.00745055254768,74.32032464135109,73.06882094133043,73.64643859863281,146580000
2000-09-08,73.8871300302009,74.36847941150513,73.67052427757572,73.9833984375,99240000
2000-09-11,74.1278145267435,74.36848924923292,73.8630708630432,74.22408294677734,65330000
2000-09-12,74.32031876779168,74.32031876779168,73.67050170898438,73.67050170898438,102870000
2000-09-13,73.8871123530376,74.17592485064651,73.21322631835938,73.21322631835938,121390000
2000-09-14,73.23728602995233,73.30949282490855,71.33595794634644,71.72103881835938,303960000
2000-09-15,71.48036333255197,72.92441107664393,71.48036333255197,72.44306182861328,404730000
2000-09-18,72.37087581434116,73.26136768162579,71.9617259396374,72.73188781738281,105500000
2000-09-19,72.80407983915231,74.12779038168235,72.61154306179812,73.5742416381836,146430000
2000-09-20,74.03151120929505,74.12777958394932,73.02067491340962,74.05558013916016,96940000
2000-09-21,74.24810444337925,74.72945358077556,73.5501496631156,73.88709259033203,143920000
2000-09-22,74.12778720703125,75.64403446197957,73.88711257324219,75.21082305908203,205310000
2000-09-25,75.09049474895988,75.33116941161681,74.46473915709032,75.01829528808594,94600000
2000-09-26,74.70542470467133,74.84983099226771,73.30951439579376,73.3817138671875,164100000
2000-09-27,73.38169751602214,73.98338412626308,73.26136019397396,73.5742416381836,98390000
2000-09-28,73.74270788571769,74.72947537411183,73.16509022135264,74.39253234863281,175910000
2000-09-29,74.1759289205488,75.37930215193468,73.16509246826172,73.16509246826172,212770000
2000-10-02,73.64644954030106,74.07966101143842,73.30950646888222,74.00746154785156,100650000
2000-10-03,74.10372204631581,74.53694081606963,73.91118526740787,74.32032775878906,76180000
2000-10-04,74.39254038871807,74.80168291215875,74.32033358236414,74.60914611816406,62900000
2000-10-05,74.84980935513063,75.69217055366103,74.84980935513063,75.4996337890625,160710000
2000-10-06,75.66808778241783,76.48637989950855,75.3070759062185,76.1494369506836,132130000
2000-10-09,76.19761002361484,76.22167896211377,75.33117965131527,75.4755859375,79560000
2000-10-10,75.76438690381033,76.87149190921413,75.66811850003792,76.36607360839844,146380000
2000-10-11,76.51047376840798,77.81011547743255,76.51047376840798,77.0158920288086,274770000
2000-10-12,77.01589423919393,77.73791824768637,76.53454490019897,77.2565689086914,158630000
2000-10-13,76.67895437545964,77.18437267148862,76.41421075898651,76.77522277832031,114280000
2000-10-16,77.25656726576644,77.35283566255659,75.57184461511109,75.7643814086914,136140000
2000-10-17,75.88472035463255,77.2565689086914,75.57184622220903,77.2565689086914,186360000
2000-10-18,77.49724578857422,77.88232673971513,76.63081548470926,77.49724578857422,188700000
2000-10-19,77.49723843048872,77.9545188031978,77.01588912346706,77.18436431884766,135490000
2000-10-20,77.44910389747241,77.90639163468369,77.06403031111661,77.23249816894531,116220000
2000-10-23,77.208423176485,77.88231658935547,77.208423176485,77.88231658935547,84930000
2000-10-24,77.97858497839204,78.33959694588458,77.35282943244347,77.88231658935547,197060000
2000-10-25,77.52129635240676,77.97857666015625,76.8233414253358,77.97857666015625,155660000
2000-10-26,77.97857666015625,78.70060051812067,77.42502797363947,77.97857666015625,166580000
2000-10-27,78.17111481675771,79.18195117392192,77.9785780557772,78.94127655029297,170360000
2000-10-30,78.98941890083564,79.51889869601847,78.72467533084071,79.4226303100586,121740000
2000-10-31,79.6392231169072,80.14464124235168,78.79686202276838,79.03753662109375,120740000
2000-11-01,78.94128682425973,79.44670506862047,78.50807538326914,79.39856719970703,107820000
2000-11-02,79.54297828995426,80.40940856933594,79.30230362039312,80.40940856933594,181020000
2000-11-03,80.40938320143422,80.77039509188232,80.2409080479695,80.48158264160156,128170000
2000-11-06,80.43348552195161,80.7944975622749,80.43348552195161,80.62602233886719,88900000
2000-11-07,80.38533963341823,80.55381484003422,80.0002586931588,80.40940856933594,126070000
2000-11-08,80.86668507092776,81.32396545206967,80.50567308400397,80.98702239990234,156340000
2000-11-09,81.03514561444184,81.22768236805841,80.5778579711914,80.5778579711914,148660000
2000-11-10,80.45752096014746,81.58869459002614,80.45752096014746,81.42021942138672,166770000
2000-11-13,81.29990275140578,81.78125210421412,81.1314348848078,81.49244689941406,106710000
2000-11-14,81.37209810622862,82.07005310058594,81.17955398532531,82.07005310058594,176830000
2000-11-15,82.14225977934122,82.33480391717761,81.05922379273797,81.54057312011719,148960000
2000-11-16,81.54056910192594,81.73311323027407,81.20362605832608,81.58870697021484,101830000
2000-11-17,81.66090103762005,81.82937622070312,81.27582749595646,81.82937622070312,113010000
2000-11-20,81.92563855322518,82.59953189096136,81.73310179661854,82.16631317138672,148720000
2000-11-21,81.99785075658139,82.43106215993711,81.87751343955958,82.238525390625,122940000
2000-11-22,82.07006649286541,82.21447277090545,81.10736776567637,81.2036361694336,146440000
2000-11-23,81.37210277862647,81.92565155029297,81.05922131849562,81.92565155029297,179970000
2000-11-24,81.75717027570708,82.04597540902147,81.56462617535773,81.94970703125,114270000
2000-11-27,81.87750032707253,82.79206085205078,81.87750032707253,82.79206085205078,164030000
2000-11-28,82.79206599668038,83.15307791236359,82.50325352621134,82.86426544189453,174520000
2000-11-29,82.79208012897271,83.41783569193227,82.59954334566554,82.74394226074219,268190000
2000-11-30,82.76799192353961,83.32154790007341,82.6717235543007,82.79206085205078,239520000
2000-12-01,82.79205780911307,83.27340698242188,82.76798888148653,83.27340698242188,220030000
2000-12-04,83.10493638471368,83.94729748413224,82.86426178487982,83.7547607421875,166810000
2000-12-05,83.99544886531768,84.13985511742864,83.75477422673511,84.04358673095703,149590000
2000-12-06,83.85104239664155,84.13985490011754,81.25175924458587,81.73310852050781,293760000
2000-12-07,81.46837564644332,81.51651351827876,80.02432762907652,80.40940856933594,235000000
2000-12-08,80.26499241613321,80.77041062894436,79.59110636225645,79.85584259033203,170040000
2000-12-11,80.24092850351921,80.3853347654726,79.59111134194036,79.7114486694336,132270000
2000-12-12,79.85585444183806,79.97619177966169,78.96536254882812,78.96536254882812,125640000
2000-12-13,79.32635022021324,79.51888696372593,78.7968631583444,79.15787506103516,111380000
2000-12-14,79.32636664374591,79.85584647043098,78.89314786394087,79.59111022949219,309860000
2000-12-15,78.98940724666305,79.8798988664167,78.98940724666305,79.15787506103516,251710000
2000-12-18,79.32635270993356,79.75956406883677,78.72466618656453,79.08567810058594,106020000
2000-12-19,79.13379337016258,79.30226850217105,78.14703353778516,78.45990753173828,193020000
2000-12-20,78.36364086317201,78.41177136992185,77.68974766542973,78.17109680175781,121930000
2000-12-21,77.97857914988609,78.53212785407679,77.5453677591983,77.90637969970703,150770000
2000-12-22,77.9785820456112,78.02671991072266,77.1843586849213,77.73790740966797,74140000
2000-12-25,77.73790740966797,77.73790740966797,77.73790740966797,77.73790740966797,0
2000-12-26,77.73790740966797,77.73790740966797,77.73790740966797,77.73790740966797,0
2000-12-27,78.05075783674901,78.65244424420099,77.49720927981511,78.45990753173828,92720000
2000-12-28,78.67654364954502,79.6873801435945,78.5080757970752,79.61517333984375,125890000
2000-12-29,79.7595693034439,80.07245072301386,79.47076416015625,79.47076416015625,59000000
2001-01-01,79.47076416015625,79.47076416015625,79.47076416015625,79.47076416015625,0
2001-01-02,79.47076416015625,79.47076416015625,79.47076416015625,79.47076416015625,0
2001-01-03,79.06162305799964,79.80771594699095,78.84501734050086,79.59111022949219,172010000
2001-01-04,78.9653554379054,79.20603009187963,77.40097018707293,77.7138442993164,255170000
2001-01-05,77.71384749669792,78.36367202708709,76.77521777654191,77.23249816894531,203960000
2001-01-08,77.59348878955862,77.78603287450296,76.96773336689971,77.56941986083984,112480000
2001-01-09,77.83417373805703,77.83417373805703,76.82334470069412,76.87147521972656,144530000
2001-01-10,76.7993001359913,76.9918369628236,75.28304508165272,75.52371978759766,126880000
2001-01-11,75.40336998826307,76.414206524303,74.10372825964595,74.82575225830078,244360000
2001-01-12,75.18674654056953,75.33115277523409,72.99660612510787,73.42982482910156,284330000
2001-01-15,73.71863644088303,73.71863644088303,72.82814471423275,72.99661254882812,154220000
2001-01-16,73.38169818094971,73.64644176081607,71.98578817046501,73.16509246826172,209370000
2001-01-17,73.59831561678493,73.79085977136057,72.82816103290787,73.1169662475586,181360000
2001-01-18,73.09288403670762,73.45389596179217,72.75593369745023,73.35762023925781,236110000
2001-01-19,73.93525364297979,73.93525364297979,72.10612487792969,72.10612487792969,224770000
2001-01-22,72.08206835029539,73.23730390346186,72.08206835029539,72.80409240722656,162840000
2001-01-23,72.94848675557373,73.74271015036548,72.73188104288573,73.16509246826172,203070000
2001-01-24,73.16510269479498,73.83898886063949,72.8522285488261,73.62238311767578,161260000
2001-01-25,73.1651001969004,74.19999834728858,73.45391274086404,74.00746154785156,128340000
2001-01-26,74.41661547469991,74.70542068956168,73.74272195040545,73.9593276977539,142490000
2001-01-29,73.8871242120014,74.12779888370173,73.28543753275056,74.00746154785156,110500000
2001-01-30,73.76676910702544,73.88710641388846,72.80407065212137,72.92440795898438,128670000
2001-01-31,72.97254757215758,73.23728377776904,72.22645478272752,72.6355972290039,161340000
2001-02-01,73.0206835046005,73.11695189058116,72.37086639062575,72.39492797851562,131220000
2001-02-02,72.68375396728516,72.97256652362157,72.56341662627972,72.68375396728516,204340000
2001-02-05,72.73188061670622,73.3576288175144,72.63560488291364,72.948486328125,210510000
2001-02-06,73.2613528758356,74.7294695271335,73.09288504868088,74.41659545898438,337690000
2001-02-07,74.56100575909684,75.4274359927752,74.56100575909684,74.99422454833984,306380000
2001-02-08,74.80166964626846,75.33115675306246,74.80166964626846,75.16268157958984,145670000
2001-02-09,75.30710491654862,75.57184853004227,75.11456811299412,75.186767578125,135090000
2001-02-12,75.04235394517023,75.2830285984194,74.00745587412179,74.56100463867188,163620000
2001-02-13,74.60914250724473,74.8498171604939,74.29626839594381,74.56100463867188,135160000
2001-02-14,74.60914192971782,74.60914192971782,73.67051225827319,73.8149185180664,121960000
2001-02-15,73.69458700852414,73.98339220609625,73.64644913652475,73.79085540771484,112070000
2001-02-16,73.64645750364605,74.05560742770096,73.3817138671875,73.3817138671875,138900000
2001-02-19,73.50203010122307,73.52609903304304,73.23728654081705,73.40576171875,55980000
2001-02-20,73.40576850143196,73.55017476088808,72.94848813382717,72.9725570678711,84990000
2001-02-21,73.0206970531387,73.16510333130691,72.61155450060525,72.68375396728516,127970000
2001-02-22,72.51526127789522,72.82814269599913,72.29865558524276,72.44306182861328,135370000
2001-02-23,72.39493700348307,72.68374954223633,71.3359699360677,72.20240020751953,274220000
2001-02-26,72.5393432728597,72.5393432728597,71.5766446034261,72.20240020751953,144000000
2001-02-27,72.202402010967,72.37087722024918,72.10613361058068,72.22647094726562,167860000
2001-02-28,71.02308423655388,71.19155206937607,69.07361827956305,69.31429290771484,657470000
2001-03-01,68.83296005274566,69.04956580073316,66.59468841552734,66.59468841552734,622650000
2001-03-02,66.61875994918547,66.88350361170166,64.7655690011914,65.15065002441406,589680000
2001-03-05,65.46350553544856,66.18552949356013,64.30827014039306,64.78961944580078,261840000
2001-03-06,65.34316072835138,65.36722965982777,64.01945029002383,65.319091796875,283200000
2001-03-07,65.22282077447231,66.57060008969574,64.8377399208647,66.01704406738281,290880000
2001-03-08,66.20958367596427,66.71500180299417,65.34315365031385,65.84857177734375,188220000
2001-03-09,66.1614582113932,66.81128268855566,65.68010892306758,65.70417785644531,139780000
2001-03-12,65.46349714005248,66.11332155693886,64.74147327453719,64.88587951660156,163410000
2001-03-13,64.45265559861853,64.5970618290507,64.21198099616693,64.50079345703125,132160000
2001-03-14,64.71739993910832,64.88587510085243,60.67406950531053,63.778770446777344,388630000
2001-03-15,63.32149682140997,63.75470821885176,62.09405473558244,63.61030197143555,194860000
2001-03-16,63.05676734327305,63.27337309037603,61.94966232553633,62.38288116455078,351240000
2001-03-19,62.33473140636288,62.503206591329935,60.120525465405215,61.27576446533203,231270000
2001-03-20,61.27575994734475,61.708971327022645,60.77034177451618,60.794410705566406,122210000
2001-03-21,60.264940826705086,60.50561551638427,58.33954330927164,59.350379943847656,226140000
2001-03-22,58.77273828491331,59.20595331192017,57.35275957281628,57.761905670166016,251630000
2001-03-23,58.43581037018129,58.6042819040077,55.40330807168993,56.39007568359375,317680000
2001-03-26,57.03988916873818,58.820880019813316,56.8954829170711,58.38766860961914,248000000
2001-03-27,58.219196141130624,58.604277048604494,57.13616022031452,57.376834869384766,441750000
2001-03-28,57.85818216645628,58.12292574023867,56.02905710022632,56.82328414916992,202570000
2001-03-29,56.317867525373956,58.48393935327296,55.47550625896879,58.315467834472656,214390000
2001-03-30,58.38767206832673,61.58864200332854,58.38767206832673,60.168663024902344,340690000
2001-04-02,60.890686679982494,60.890686679982494,59.20596412361934,59.63917922973633,132650000
2001-04-03,59.639181161455504,60.48154246692125,57.76191808907965,58.195133209228516,211800000
2001-04-04,57.32870067405146,57.85818416752525,56.07719323336693,57.376834869384766,295190000
2001-04-05,57.76191746089681,58.02666105155411,57.32870234545932,57.713783264160156,159070000
2001-04-06,58.321299517322835,58.44280222465059,56.96046771206463,57.762386322021484,127680000
2001-04-09,57.59226118852974,57.81096449466649,57.05765022288783,57.64086151123047,144380000
2001-04-10,57.61656320386358,57.73806586459887,57.15485086828929,57.64086151123047,211220000
2001-04-11,58.321308236853156,60.14384911925482,58.126903134469856,59.3419303894043,272140000
2001-04-12,58.68580024327905,59.46341673058192,58.27269183202139,59.3905143737793,97120000
2001-04-13,59.3905143737793,59.3905143737793,59.3905143737793,59.3905143737793,0
2001-04-16,59.3905143737793,59.3905143737793,59.3905143737793,59.3905143737793,0
2001-04-17,59.755026859261044,59.755026859261044,58.34559849425615,59.19611740112305,127900000
2001-04-18,60.2653460454745,60.70275655675311,60.07094096179861,60.45975112915039,153600000
2001-04-19,60.70274551472,61.18875628151845,59.97372936452232,60.26533508300781,211990000
2001-04-20,60.50834880065918,61.23736505126953,60.362544067349745,60.7513542175293,117550000
2001-04-23,60.848546519978804,62.573886225300456,59.22041119279757,60.26533508300781,299390000
2001-04-24,60.751352652135594,61.33456415440878,60.265341830918516,60.99435806274414,178130000
2001-04-25,60.89715544473281,61.26166354905172,60.75135071981797,60.82425308227539,101080000
2001-04-26,61.310255420588156,61.4803584375174,59.050304744334895,59.73072052001953,258160000
2001-04-27,58.85589177260791,59.07459880028987,57.106254090988095,59.050296783447266,304800000
2001-04-30,59.51202932205472,60.72705649243533,59.244725569352184,60.55695343017578,148820000
2001-05-01,60.55695343017578,60.55695343017578,60.55695343017578,60.55695343017578,0
2001-05-02,61.23735728544347,61.966373443603516,60.970049877597624,61.966373443603516,227370000
2001-05-03,62.57389687001705,63.03560569383171,62.209388732910156,62.209388732910156,190610000
2001-05-04,62.452387770166936,64.76093906906415,62.33088507022497,64.39643096923828,3607074
2001-05-07,66.2189727282002,67.79850785749672,65.48995651467874,66.58348083496094,6329923
2001-05-08,67.06948242187501,67.43399047851562,65.97595825195313,66.21896362304688,3263392
2001-05-09,65.8544677285587,66.58348397647633,65.48995960459989,66.09747314453125,2623396
2001-05-10,66.58347763115825,68.64902347008105,66.3404722383438,68.28451538085938,3716679
2001-05-11,68.89202576222773,69.25653383504375,68.28451230753437,68.77052307128906,2866924
2001-05-14,68.89202270507813,69.013525390625,67.31248779296875,68.04150390625,2130813
2001-05-15,67.798503104604,68.52751926701909,67.5554977171323,67.92000579833984,1383569
2001-05-16,67.19098967679571,67.55549775822497,66.58347620774693,67.31249237060547,2503036
2001-05-17,67.92000583965425,67.92000583965425,66.94798428917619,67.31249237060547,1135980
2001-05-18,67.55550080720369,68.16301430367135,67.31249540861663,67.43399810791016,1679774
2001-05-21,67.43399506441523,67.43399506441523,66.70497890155669,67.31249237060547,1028885
2001-05-22,67.67701275568544,68.04152090338212,67.19100189208984,67.19100189208984,2516182
2001-05-23,67.06948852539062,67.1909912219946,66.70498043557872,67.06948852539062,1026384
2001-05-24,67.06948852539062,67.06948852539062,67.06948852539062,67.06948852539062,0
2001-05-25,67.06948242187501,67.06948242187501,66.34046630859375,66.82647705078125,1306768
2001-05-28,66.94797973632812,67.31248779296875,66.5834716796875,66.82647705078125,549371
2001-05-29,66.70497436523438,66.94797973632812,65.97595825195313,66.82647705078125,1837856
2001-05-30,66.82648172183912,66.94798441587884,65.36844939336264,65.48995208740234,2385894
2001-05-31,65.48996116666336,66.58348556462249,65.36845845577902,65.8544692993164,2031337
2001-06-01,65.85446462143948,66.70498353721452,65.7329619191859,66.58348083496094,1484638
2001-06-04,66.58348083496094,66.58348083496094,66.58348083496094,66.58348083496094,0
2001-06-05,66.82647551653372,66.94797819929106,66.21896210274706,66.46196746826172,1474177
2001-06-06,66.21896362304688,66.5834716796875,65.85445556640626,66.21896362304688,1698985
2001-06-07,66.46196746826172,66.46196746826172,65.85445405447506,66.46196746826172,1233089
2001-06-08,66.58348249904328,66.58348249904328,65.73296356201172,65.73296356201172,1399570
2001-06-11,65.61145172686382,65.85445710362998,65.24694366171458,65.36844635009766,881104
2001-06-12,65.36844788736373,65.36844788736373,64.88243712240191,65.12544250488281,1276791
2001-06-13,65.24694213867188,65.36844482421876,64.88243408203125,65.00393676757812,706102
2001-06-14,64.76093596554874,65.12544404790643,64.63943327142951,64.88243865966797,1033538
2001-06-15,64.6394271850586,65.00393523309464,63.91041108898651,64.6394271850586,2785536
2001-06-18,64.76093906906415,64.76093906906415,63.91042016947044,64.39643096923828,1200641
2001-06-19,64.15343617584746,64.88245249602754,64.15343617584746,64.5179443359375,1592364
2001-06-20,64.396414132453,64.63941946880189,63.54589545523193,64.03190612792969,1569691
2001-06-21,64.15342184213492,64.27492453501775,62.69538952754094,63.181400299072266,1460679
2001-06-22,63.302899950848115,63.424402637893884,61.72336501925305,61.84486770629883,1877790
2001-06-25,61.966380185859144,62.9384018358334,61.48036936087202,62.695396423339844,1208387
2001-06-26,62.695396423339844,62.9384018358334,61.72337477336558,62.695396423339844,1158266
2001-06-27,62.93841850356301,62.93841850356301,61.23738016562887,61.358882904052734,1733521
2001-06-28,61.480372458696365,62.45239415764809,60.38684804737568,62.209388732910156,1699080
2001-06-29,61.84488343640184,62.93840789794922,61.480375282552714,62.93840789794922,1411403
2001-07-02,62.573882302487426,63.30289840698242,62.087871566157425,63.30289840698242,1230019
2001-07-03,63.66739946383875,63.66739946383875,62.45237275651358,62.573875427246094,1371000
2001-07-04,62.69538651561925,62.69538651561925,61.84486770629883,61.84486770629883,1405163
2001-07-05,62.08788602054119,62.69539958238602,61.3588697463274,62.209388732910156,1235370
2001-07-06,62.20937576743615,62.69538651561925,61.84486770629883,61.84486770629883,1178334
2001-07-09,62.209388732910156,62.45239415764809,61.723377883434296,62.209388732910156,974918
2001-07-10,62.57388382857347,63.18139726380234,61.480359645161506,61.84486770629883,1679355
2001-07-11,61.601860090233814,63.66740569483731,61.358854724986344,63.424400329589844,3139350
2001-07-12,63.181396484375,65.24694213867188,62.695385742187504,65.00393676757812,5199510
2001-07-13,64.51793366918024,64.6394363691222,63.42440936970261,64.39643096923828,4211490
2001-07-16,64.6394271850586,65.12543791577332,64.03191377166519,64.6394271850586,1518472
2001-07-17,64.15342097495919,65.73295596108508,64.15342097495919,65.12544250488281,1960675
2001-07-18,65.36845389518949,66.09747010963397,65.24695119278206,65.97596740722656,3894773
2001-07-19,65.97595825195313,66.21896362304688,65.6114501953125,66.21896362304688,1506484
2001-07-20,66.21897438317262,66.21897438317262,65.36845544614104,65.73296356201172,824020
2001-07-23,65.36844788736373,65.73295596108508,65.00393981364236,65.12544250488281,963305
2001-07-24,64.76094055175781,65.4899567681003,64.63943784903407,64.76094055175781,1302841
2001-07-25,64.6394271850586,65.12543791577332,64.27491913702255,64.6394271850586,1572499
2001-07-26,64.51794226114987,64.88245040951794,63.30291509992294,63.667423248291016,1426486
2001-07-27,63.910411827394924,63.910411827394924,62.81688767065243,63.30289840698242,1884641
2001-07-30,63.05990966767755,63.910428680536405,63.05990966767755,63.667423248291016,774968
2001-07-31,63.424412455395604,64.39643410222159,63.181407043689106,63.910423278808594,857438
2001-08-01,63.91042163269158,64.76094055175781,63.78891892996783,64.76094055175781,881581
2001-08-02,64.76092986773727,65.36844328113068,64.51792450237991,64.6394271850586,1375092
2001-08-03,64.76093906906415,65.00394446894808,64.15342556935435,64.39643096923828,1204777
2001-08-06,64.51792450237991,64.88243255041596,64.15341645434387,64.6394271850586,762610
2001-08-07,64.88243562524968,65.00393831368649,63.78891142931851,64.1534194946289,1053650
2001-08-08,63.910423278808594,64.15342869051509,63.667417867102095,63.910423278808594,769540
2001-08-09,63.18141413380606,63.42441957278224,62.57390053636562,62.8169059753418,1339745
2001-08-10,63.18141511741683,63.18141511741683,62.087890625,62.087890625,1400951
2001-08-13,62.452384141775276,63.54590837772076,62.33088144889244,63.181400299072266,2152963
2001-08-14,63.18141238380025,64.27493682890449,62.93840695155486,63.667423248291016,2116626
2001-08-15,65.0039352036984,65.0039352036984,63.05989228171863,63.424400329589844,2404842
2001-08-16,63.181400373870254,63.4244057599236,61.48036267149682,61.966373443603516,1942028
2001-08-17,61.358856965625094,61.72336502680702,59.77932203383673,61.23735427856445,4911666
2001-08-20,60.872843156377954,61.480356561132226,60.386832432574536,60.50833511352539,989350
2001-08-21,60.62984315810665,60.75134584980626,59.29331354941092,60.26533508300781,1813646
2001-08-22,59.65781246247839,60.143823154637076,58.92879642424037,59.293304443359375,1903178
2001-08-23,59.293304443359375,59.65781246247839,58.92879642424037,59.293304443359375,1240861
2001-08-24,58.92880547431208,60.26533508300781,58.68580009091285,60.26533508300781,976618
2001-08-27,60.50834958491201,60.99436042495146,60.022338744872556,60.629852294921875,680910
2001-08-28,59.6578254699707,60.265338967628246,59.05031197231316,59.6578254699707,1848482
2001-08-29,59.050309772333826,59.41481785734823,58.32129360230501,58.80730438232422,1215367
2001-08-30,58.80730986845069,59.17181798747001,57.83528821773249,57.956790924072266,1402690
2001-08-31,57.71377715106789,58.442793283502425,57.106263707372435,58.078285217285156,1511536
2001-09-03,57.83528137207031,58.078286755986575,57.34927060423779,57.83528137207031,783966
2001-09-04,58.32128299689441,58.685791015625,57.59226695943323,58.685791015625,1119252
2001-09-05,58.19979633675182,58.564304455771136,57.713785511392715,57.956790924072266,1126632
2001-09-06,58.19978790602425,58.928804038458786,57.22776639611153,58.078285217285156,1895872
2001-09-07,58.078298402693115,58.19980111901674,57.10627667210411,57.227779388427734,1192065
2001-09-10,56.984761067137086,57.34926913366462,55.16222073449944,56.25574493408203,2195538
2001-09-11,56.62026037333495,56.863265782662566,52.73217382409306,53.33968734741211,2198972
2001-09-12,52.12466723908412,55.162235260009766,52.00316451824709,55.162235260009766,2850093
2001-09-13,54.91920852661133,55.76972724273142,54.43319783168557,54.91920852661133,1290807
2001-09-14,54.55470104173275,55.04071174143638,51.39563149365914,52.367652893066406,4421779
2001-09-17,51.638637587081554,52.732161677160924,50.05910279030024,52.246150970458984,2742238
2001-09-18,52.00315639468666,52.00315639468666,50.30211856869224,51.15263748168945,2294322
2001-09-19,50.90962749007714,53.096675926405034,50.66662210826293,51.881649017333984,2366471
2001-09-20,52.00315420435227,52.36766229456969,49.694602966308594,49.694602966308594,2963653
2001-09-21,48.722587819667424,49.330101383503674,46.171030851555166,46.21963119506836,5945885
2001-09-24,46.754236222034166,49.694602966308594,46.754236222034166,49.694602966308594,3018960
2001-09-25,49.20859336853027,53.09667975814254,49.20859336853027,52.489166259765625,3256371
2001-09-26,52.6106696610057,53.94719937525758,51.76015075193633,52.97517776489258,2608179
2001-09-27,52.48917924163071,54.554725646972656,52.24617378217871,54.554725646972656,2569191
2001-09-28,54.676212935612114,56.37725067138672,54.3117048493747,56.37725067138672,3195328
2001-10-01,55.648233012366966,56.01274108886719,54.433206090699564,56.01274108886719,1867507
2001-10-02,56.25574720649309,56.49875259399414,54.91921757523732,56.49875259399414,1578675
2001-10-03,56.134244553939155,56.49875263545824,54.79771492170251,55.891239166259766,1530461
2001-10-04,56.741762506936404,57.227773320700315,56.2557516931725,56.98476791381836,1360322
2001-10-05,56.37724836786503,57.10626451055294,55.89123760607309,56.741756439208984,1345346
2001-10-08,56.49875408563859,57.59227835826385,55.52673250997169,56.86326217651367,1265967
2001-10-09,56.49875408563859,57.59227835826385,56.25574869172186,56.86326217651367,914431
2001-10-10,57.10626295563572,58.56429520131152,56.13424145851852,58.19978713989258,1569394
2001-10-11,59.05031197231316,59.779328169502215,58.68580387371863,59.6578254699707,2821861
2001-10-12,59.77931279311945,60.14382079795555,58.44278344205377,59.050296783447266,1332548
2001-10-15,58.44280242919922,58.92881326021127,57.956791598187166,58.44280242919922,1033891
2001-10-16,57.59227993355288,58.07829073467991,55.89124212960828,56.62025833129883,3035433
2001-10-17,57.10626606274677,57.10626606274677,55.52673104398994,56.49875259399414,2056056
2001-10-18,55.648235206930046,56.98476487347204,55.40522981301332,56.86326217651367,1325331
2001-10-19,57.349270702701325,57.349270702701325,55.648233012366966,56.01274108886719,1187878
2001-10-22,55.89123681998153,58.32129059476334,55.40522606502517,58.078285217285156,1336255
2001-10-23,58.32129213990284,59.05030829165162,57.106265220321525,57.83528137207031,1421185
2001-10-24,57.10627588175111,58.32130302817135,56.98477316710909,57.349281311035156,1178458
2001-10-25,57.83529216960325,58.0782975988873,56.49876230854099,57.349281311035156,996931
2001-10-26,57.227772538205414,57.47077794176467,56.377253625748004,57.10626983642578,1089573
2001-10-29,57.10627879340218,57.10627879340218,55.162235260009766,55.162235260009766,1211465
2001-10-30,54.43320774387669,54.79771583144729,53.70419156873548,53.94719696044922,1725859
2001-10-31,54.06869281996165,55.16221694441031,53.096671376007286,55.040714263916016,2302286
2001-11-01,54.67621386051178,54.67621386051178,53.82569497823715,54.43320846557617,923692
2001-11-02,54.06869430713055,54.797710410148035,53.58268357178555,54.1901969909668,953857
2001-11-05,54.676216211211816,55.16222702197814,53.33968648160442,54.068702697753906,1299528
2001-11-06,54.19020548733798,54.5547135959972,52.9751784584739,53.46118927001953,1379961
2001-11-07,52.97517691909997,53.94719851394584,52.48916612167704,53.704193115234375,1282679
2001-11-08,53.94721199834267,54.919233836150646,53.09669289026069,54.554725646972656,1748048
2001-11-09,54.31171480673645,55.52674198362093,54.068709371359546,54.797725677490234,1350036
2001-11-12,54.79772503744036,55.64824405132524,53.825703307286204,54.31171417236328,1592634
2001-11-13,54.79771713983445,56.37725222368777,54.79771713983445,56.134246826171875,1701845
2001-11-14,56.377249941618544,57.22776879849641,55.64823377858038,55.891239166259766,1744325
2001-11-15,56.255744153437234,58.19978714794046,55.769733404811426,57.5922737121582,2184556
2001-11-16,57.83528889043416,58.564305136952235,56.98476993616306,58.44280242919922,2327726
2001-11-19,58.92880547431208,61.1158539249051,58.56429739921324,60.26533508300781,3164705
2001-11-20,60.26532346623424,61.23734481246383,59.050296783447266,59.050296783447266,2038581
2001-11-21,58.92879642424037,60.629833846795755,58.685791078161024,59.293304443359375,2618360
2001-11-22,60.143824822888405,61.358851586987164,59.77931679365878,60.872840881347656,1678134
2001-11-23,61.23735119923052,61.96636728493564,60.50833511352539,60.50833511352539,2002281
2001-11-26,61.11585786434881,61.237360563880316,58.68580387371863,59.6578254699707,1675762
2001-11-27,60.022334594726566,60.022334594726566,57.5922805625514,57.713783264160156,2652748
2001-11-28,56.9847664321441,57.47077723327113,56.49875563101707,56.62025833129883,1965308
2001-11-29,56.377246840593685,58.44279252225336,56.13424146628078,57.5922737121582,2274210
2001-11-30,58.078298402693115,58.928817416958495,57.227779388427734,57.227779388427734,2120844
2001-12-03,57.22777021057258,57.59227830108578,56.863262120059375,57.47077560424805,943306
2001-12-04,57.34926161361284,58.8072936885352,57.34926161361284,58.685791015625,1285291
2001-12-05,58.564290603001915,59.29330666859945,57.47076650460561,58.321285247802734,1787336
2001-12-06,58.564302257781335,58.564302257781335,56.62025902930726,57.10626983642578,2221752
2001-12-07,57.34927145024782,57.47077414399834,56.25574720649309,56.49875259399414,1665015
2001-12-10,57.10626684386155,57.83528301633637,55.76973719432436,56.37725067138672,2171543
2001-12-11,56.134248222188745,57.34927523998504,55.891242818629486,57.10626983642578,1996871
2001-12-12,57.22776875649729,57.34927145024782,56.01274181899204,56.49875259399414,1341709
2001-12-13,56.25574647320067,56.498751857534145,55.28372493586674,56.01274108886719,1202389
2001-12-14,55.64822998046875,55.64822998046875,54.55470581054688,54.67620849609375,1844840
2001-12-17,54.55470356670529,56.37724377494712,54.55470356670529,55.64822769165039,1685949
2001-12-18,56.13424451274257,56.86326067524572,55.89123912524152,56.49875259399414,1665501
2001-12-19,56.377249941618544,57.4707741861758,55.76973647242007,55.891239166259766,1817653
2001-12-20,56.25575765783873,57.95679568636949,56.01275222519148,57.227779388427734,3443474
2001-12-21,57.5922867403192,58.19980031352932,56.98477316710909,57.349281311035156,2697713
2001-12-24,57.349281311035156,57.349281311035156,57.349281311035156,57.349281311035156,0
2001-12-25,57.349281311035156,57.349281311035156,57.349281311035156,57.349281311035156,0
2001-12-26,57.349281311035156,57.349281311035156,57.349281311035156,57.349281311035156,0
2001-12-27,57.349281311035156,57.95679488424528,56.620265023183016,57.349281311035156,995454
2001-12-28,57.5922737121582,57.95678177362756,57.106262963532394,57.5922737121582,648389
2001-12-31,57.5922737121582,57.5922737121582,57.5922737121582,57.5922737121582,0
2002-01-01,57.5922737121582,57.5922737121582,57.5922737121582,57.5922737121582,0
2002-01-02,57.22777183270761,57.34927453298937,56.37725293073531,56.62025833129883,756104
2002-01-03,56.62025379873731,56.863259179847766,55.28372420262978,55.526729583740234,1362065
2002-01-04,55.526728054536974,55.76973342895508,54.55470655686455,55.76973342895508,1631507
2002-01-07,54.9192138671875,55.283721923828125,54.55470581054688,54.67620849609375,1561560
2002-01-08,54.43320931136878,54.91922010879171,53.704193115234375,53.704193115234375,2263869
2002-01-09,53.70419228076935,55.2837273478508,53.70419228076935,54.43320846557617,3195298
2002-01-10,54.19021349331356,55.162235260009766,54.068710772476535,55.162235260009766,1823510
2002-01-11,55.64823227429547,56.012740345961156,55.162221512074545,55.526729583740234,2281324
2002-01-14,55.405224609375004,55.76973266601563,54.67620849609375,54.67620849609375,1380717
2002-01-15,54.67622232117109,55.162233186248166,53.947206023555474,54.31171417236328,1669828
2002-01-16,54.06871192880463,54.433220099111175,53.70420375849808,53.825706481933594,1800107
2002-01-17,53.825703307286204,54.67622232117109,53.582697874747666,54.31171417236328,1483644
2002-01-18,54.9192138671875,55.16221923828125,54.433203125,54.67620849609375,2305134
2002-01-21,54.797718913903395,55.04072431928656,54.068702697753906,54.068702697753906,1729662
2002-01-22,54.190205400445485,54.797718913903395,53.94719999506232,54.068702697753906,1376026
2002-01-23,54.06871472806866,54.919233836150646,54.06871472806866,54.554725646972656,2004950
2002-01-24,54.676209244073604,55.89123611616413,54.55470655686455,55.76973342895508,2332679
2002-01-25,55.8912330527493,55.8912330527493,55.40522233055148,55.64822769165039,1055221
2002-01-28,55.64823603114009,56.741760319961614,55.405230633624186,56.134246826171875,1948157
2002-01-29,56.134241490582234,56.62025223941844,55.648230741746026,55.76973342895508,1610262
2002-01-30,55.40523926593248,55.64824470130937,54.797725677490234,54.797725677490234,1806568
2002-01-31,55.16221923828125,55.64822998046875,54.9192138671875,55.283721923828125,1408261
2002-02-01,55.28372420262978,56.377248417626845,55.162221512074545,55.526729583740234,1671931
2002-02-04,55.526733332382136,56.37725222368777,55.04072253735035,56.134246826171875,1719437
2002-02-05,55.76973942932653,56.9847664321441,55.64823672904477,56.62025833129883,2584402
2002-02-06,56.49875563101707,56.86326373186234,55.89124212960828,56.62025833129883,1908607
2002-02-07,56.37725138868022,57.71378105522221,55.648235206930046,56.86326217651367,2717931
2002-02-08,56.620253748761,56.86325912965697,56.13424298696906,56.741756439208984,1167129
2002-02-11,56.86326435289885,57.83528596576892,56.498756248072574,57.713783264160156,1712784
2002-02-12,57.835279086471104,58.07828446078401,57.227765650688845,57.5922737121582,1550096
2002-02-13,57.34927290741031,57.713780997923514,56.741759423221644,57.47077560424805,1292385
2002-02-14,57.47077786094264,57.713783264160156,56.86326435289885,57.713783264160156,936575
2002-02-15,57.349277392373395,58.321299043091585,57.22777468603362,57.956790924072266,1404377
2002-02-18,57.59227598815405,58.32129213990284,57.59227598815405,57.83528137207031,885554
2002-02-19,57.83528222524992,57.83528222524992,56.37724990024362,56.49875259399414,1405330
2002-02-20,56.49875110818208,56.74175648929254,55.28372420262978,55.526729583740234,2666489
2002-02-21,55.89124142865598,56.255749524929826,55.405230633624186,56.134246826171875,1515469
2002-02-22,55.891239166259766,56.134244553939155,55.28372569706129,55.891239166259766,961336
2002-02-25,56.1342475301718,56.86326373186234,55.64823672904477,56.62025833129883,1033088
2002-02-26,56.863263018719564,57.10626841623546,56.012744127413924,56.134246826171875,1239040
2002-02-27,56.49876309048598,57.470784821074986,56.25575765783873,57.227779388427734,1656051
2002-02-28,57.34926832991502,58.321289827032224,57.10626295563572,58.19978713989258,2365430
2002-03-01,57.956781005859376,59.7793212890625,57.956781005859376,59.53631591796875,3264845
2002-03-04,60.02232666015625,60.143829345703125,59.41481323242188,59.53631591796875,1683319
2002-03-05,59.53631438269018,59.53631438269018,58.928800970621914,59.17180633544922,1497752
2002-03-06,59.05030365303557,59.17180633544922,58.4427902409673,59.17180633544922,3381648
2002-03-07,59.414817810058594,59.53632050496669,58.56429894570193,59.414817810058594,1564621
2002-03-08,59.293310546875,59.900823974609374,59.171807861328126,59.53631591796875,1492933
2002-03-11,59.90083759699309,60.629853876064004,59.779334883814606,60.38684844970703,2046147
2002-03-12,60.38684609222412,60.7513542175293,60.143840675354,60.7513542175293,1494515
2002-03-13,60.75134722639151,63.05989842099439,60.62984453193872,62.45238494873047,5086949
2002-03-14,62.695387233387336,64.2749221830657,62.57388454495054,64.1534194946289,4859064
2002-03-15,64.15342889830123,64.15342889830123,62.20938559835271,62.695396423339844,5241701
2002-03-18,62.33088225427769,62.695390337636034,61.72336878201377,62.45238494873047,1602509
2002-03-19,62.5738724578093,63.1813857826424,62.08786179794282,63.05988311767578,1444150
2002-03-20,62.81687778774254,63.05988311767578,62.45236979284268,63.05988311767578,1655972
2002-03-21,62.9383957265416,63.54590919880552,62.45238494873047,62.45238494873047,1855724
2002-03-22,62.57389371709306,62.81689912958662,61.966380185859144,62.695396423339844,1471041
2002-03-25,62.69537512277592,63.30288844760902,62.5738724578093,63.05988311767578,1322919
2002-03-26,62.81688467116583,64.39641948881604,62.695381992885046,63.78890609741211,2588507
2002-03-27,63.91041413228781,64.03191682075223,63.42440337843011,63.54590606689453,1469823
2002-03-28,63.42440337843011,63.66740875535896,63.05989531303683,63.54590606689453,1305102
2002-03-29,63.54590606689453,63.54590606689453,63.54590606689453,63.54590606689453,0
2002-04-01,63.54590606689453,63.54590606689453,63.54590606689453,63.54590606689453,0
2002-04-02,63.424400329589844,63.66740569483731,62.9383895990949,63.424400329589844,1269384
2002-04-03,63.6674252957274,64.76094977599753,63.059911695577334,64.5179443359375,2625908
2002-04-04,64.2749252319336,65.24694678553561,64.15342253773335,64.2749252319336,2735223
2002-04-05,64.27493682890449,64.51794226114987,63.667423248291016,63.667423248291016,1577678
2002-04-08,63.54590220758092,63.66740488866616,62.330875396728516,62.330875396728516,1590252
2002-04-09,62.573886834658104,63.181400299072266,62.452384141775276,63.181400299072266,1552796
2002-04-10,63.181397987134524,64.5179275599393,63.181397987134524,64.1534194946289,2394696
2002-04-11,64.1534350774463,64.27493779539601,62.573899744100096,62.93840789794922,3237646
2002-04-12,62.330904811443666,62.45240754986754,60.994374688781136,61.358882904052734,4317776
2002-04-15,61.358866080259666,61.723374195587944,60.50834714449369,61.601871490478516,3026033
2002-04-16,60.386830175708155,61.115846234167414,60.26532749929828,60.872840881347656,3677850
2002-04-17,60.872849206363455,62.33088152268353,60.872849206363455,61.966373443603516,2725523
2002-04-18,61.966373443603516,62.08787613663019,60.872849206363455,61.966373443603516,2676227
2002-04-19,61.99093218343667,62.11368650459199,61.377160577660064,61.6226692199707,1807273
2002-04-22,61.62265706831409,61.74541136526292,60.76337698967226,60.886131286621094,1310361
2002-04-23,60.763388124972764,61.622668361083484,60.272370847195205,60.517879486083984,2435748
2002-04-24,60.51786839577459,60.886131286621094,59.90409691103043,60.886131286621094,2191710
2002-04-25,61.008878684625394,61.13163296769305,60.026844420084146,60.39510726928711,2445904
2002-04-26,60.395125166639595,61.745422680527874,60.395125166639595,60.517879486083984,3584283
2002-04-29,60.517861552354766,60.88612440155774,60.27235298621945,60.39510726928711,2477284
2002-04-30,60.395116056298534,60.640624658153406,60.02685315351622,60.272361755371094,2516542
2002-05-01,60.272361755371094,60.272361755371094,60.272361755371094,60.272361755371094,0
2002-05-02,60.51786075011202,60.64061503155241,59.41307221714852,59.6585807800293,2171686
2002-05-03,59.6585925517638,60.763381302722394,59.290329634777606,60.02685546875,2601349
2002-05-06,60.02684898845485,60.886129035324345,59.90409469604492,59.90409469604492,1793088
2002-05-07,59.65859391599519,59.78134822446432,58.67655944824219,58.67655944824219,2933126
2002-05-08,58.92205509138696,59.78133506146968,58.67654652850618,59.6585807800293,1610136
2002-05-09,59.90409469604492,60.14960328086478,59.65858611122507,59.90409469604492,651912
2002-05-10,59.90409202497353,60.272354885782796,59.53582916416427,59.78133773803711,1244259
2002-05-13,59.658590250733916,60.517870357225966,59.53583594980648,60.272361755371094,1236970
2002-05-14,60.27235298621945,60.88612440155774,60.27235298621945,60.39510726928711,1630221
2002-05-15,60.51788617139851,61.00890350341797,60.395131838393645,61.00890350341797,1376555
2002-05-16,61.37715033190455,61.86816753455979,61.254396031240745,61.49990463256836,2236204
2002-05-17,61.74542325770927,61.990931898893,61.2544059753418,61.2544059753418,1667082
2002-05-20,61.37716029593366,61.6226689371174,61.13165165474993,61.2544059753418,706457
2002-05-21,61.37715940684021,62.35919395734965,61.00889645039916,61.74542236328125,2231435
2002-05-22,62.11368650459199,62.48194946805795,61.49991489881538,61.6226692199707,2059818
2002-05-23,61.62267541503907,61.990938415527346,61.0089037475586,61.377166748046875,1915012
2002-05-24,61.499885099479954,61.745393622831166,61.008868052777515,61.131622314453125,1212401
2002-05-27,61.13165808105469,61.62267541503907,61.0089037475586,61.377166748046875,914005
2002-05-28,61.49990463256836,61.74541323389598,61.254396031240745,61.49990463256836,1585493
2002-05-29,61.499901181175595,61.9909183562748,61.499901181175595,61.8681640625,2264342
2002-05-30,61.745412537545874,61.9909211361047,60.76337814331055,60.76337814331055,1667187
2002-05-31,60.88614213158549,61.74542236328125,60.64063349395813,61.74542236328125,1895777
2002-06-03,61.62265893323217,61.86816753455979,61.254396031240745,61.49990463256836,742950
2002-06-04,61.25438725076071,61.25438725076071,60.27235298621945,60.39510726928711,2220245
2002-06-05,60.51786839577459,61.25439417746759,59.90409691103043,60.886131286621094,2591340
2002-06-06,61.131643038379906,61.377151644959746,60.02685430877063,60.14960861206055,2076348
2002-06-07,59.535839607526064,59.535839607526064,57.817279288958304,58.67655944824219,3834288
2002-06-10,59.04482650756836,59.29033514169546,58.4310549222506,59.04482650756836,1744612
2002-06-11,58.922064915176264,59.53583642470935,58.308293405643184,59.413082122802734,1966359
2002-06-12,58.799310201120164,58.799310201120164,56.22146987915039,56.22146987915039,3895974
2002-06-13,56.589742836199314,56.71249715905441,55.484953930503444,55.97597122192383,4142880
2002-06-14,55.6077015125646,55.73045582053936,53.27536966104423,55.484947204589844,4469654
2002-06-17,55.48494650509311,57.57176971435547,54.993929279384325,57.57176971435547,3237143
2002-06-18,57.571766711819556,57.571766711819556,55.73045221144153,57.08074951171875,2917481
2002-06-19,56.09872554477892,57.57177741904008,55.853216899068734,55.97597122192383,4035516
2002-06-20,55.36219461114557,55.97596617002745,53.76638855805268,54.50291442871094,4385268
2002-06-21,54.011904995980146,56.46699158670651,53.15262468922592,54.871185302734375,5294749
2002-06-24,54.74842242236551,55.2394396638217,53.39812500836098,53.766387939453125,2949128
2002-06-25,54.50291411730708,55.23943998375717,52.90710807333187,54.13465118408203,4513764
2002-06-26,51.92506370544434,53.52086944580078,51.556800842285156,52.78434371948242,6069415
2002-06-27,53.88913808362238,54.25740098624394,52.29333217226226,53.39812088012695,4350179
2002-06-28,54.0118903266059,55.48494188096788,53.398118845621745,55.23943328857422,4238350
2002-07-01,54.74842135674131,56.34422736041314,54.38015843281704,55.484947204589844,2846186
2002-07-02,54.87118331283535,54.99393763791999,53.520885736904276,53.8891487121582,2568493
2002-07-03,54.1346452591267,54.62566244968568,51.92506790161133,51.92506790161133,2692966
2002-07-04,52.53883877224392,55.36218758477105,52.53883877224392,55.23943328857422,3410735
2002-07-05,55.97595813606359,58.1855354309082,55.73044954774752,58.1855354309082,4828999
2002-07-08,57.94003475037261,59.29033217040248,57.080754573989964,58.55380630493164,2617469
2002-07-09,58.431053161621094,59.29033335517434,57.69452728143259,58.431053161621094,2816372
2002-07-10,57.69452218351693,58.185539393589416,56.83524206589008,56.9579963684082,2595716
2002-07-11,55.36219816165873,56.71249567779675,54.87118088306309,55.73046112060547,3962484
2002-07-12,56.95799602914012,57.8172761416487,56.34422452020542,56.5897331237793,3719108
2002-07-15,56.46697625054253,58.799307878282335,55.23943328857422,55.23943328857422,4531719
2002-07-16,56.589732702847186,56.95799560546875,52.04782357051455,53.39812088012695,4923668
2002-07-17,53.275370697996934,55.2394396638217,52.90710776690479,53.766387939453125,3923136
2002-07-18,53.76638378274852,54.380155287117795,53.2753665792531,53.39812088012695,2295067
2002-07-19,52.78434475673948,52.78434475673948,49.07716369628906,49.07716369628906,4273343
2002-07-22,49.1017305914731,49.96101087682388,45.910118103027344,45.910118103027344,5025176
2002-07-23,47.03944988393285,48.07058526841072,44.58436385128843,46.32747268676758,4228429
2002-07-24,45.419092592985734,46.20471939130727,43.45502372409987,45.173583984375,3659072
2002-07-25,46.15561795869658,47.16220474243164,44.682566321716905,47.16220474243164,3323954
2002-07-26,46.79395189343324,49.961012095361205,46.40113654065488,49.34724044799805,3513172
2002-07-29,49.83824228223466,52.66159098295239,49.83824228223466,51.802310943603516,3187734
2002-07-30,51.92507055570495,52.41608777136173,50.452018908734594,52.04782485961914,2295657
2002-07-31,52.41608240028128,53.52087102230126,50.57476803024798,51.802310943603516,3339699
2002-08-01,51.925073742296135,53.02986254532371,51.311302185058594,51.311302185058594,1722824
2002-08-02,51.06580089890813,51.43406388615987,48.978977304481596,50.94304656982422,2960781
2002-08-05,50.574771661208686,50.574771661208686,48.48794855868309,48.978965759277344,2103421
2002-08-06,47.57957484591259,52.78435722799862,47.064005207080285,52.17058563232422,3649192
2002-08-07,51.67956511940112,53.889142725456274,51.311302185058594,51.311302185058594,3044759
2002-08-08,52.04782485961914,53.02985929093271,51.31129903613397,52.04782485961914,3174827
2002-08-09,52.66160029186537,53.766389109177226,51.556811474553506,53.64363479614258,3536496
2002-08-12,53.398131411819634,53.8891487121582,52.90711411148106,53.8891487121582,2030964
2002-08-13,53.766387939453125,54.74842242236551,53.15261638763288,53.766387939453125,2020426
2002-08-14,52.293336215084544,55.7304569052779,52.293336215084544,53.766387939453125,5230666
2002-08-15,54.74842799337287,56.71249715905441,54.134656379097386,55.97597122192383,3397947
2002-08-16,55.73046467309516,56.34423631046405,54.13465841593605,55.36220169067383,2647741
2002-08-19,55.116687500398925,56.58973928214678,54.99393318525327,56.34423065185547,2338368
2002-08-20,56.098720481803824,56.098720481803824,54.257405805158186,54.50291442871094,2716239
2002-08-21,54.502907511393225,56.3442219543457,54.13464462280273,55.23943328857422,1872851
2002-08-22,55.60771658372773,55.8532252662166,54.50292751252784,55.11669921875,1598579
2002-08-23,55.36219289661509,56.098718744463625,54.87117566471606,55.484947204589844,1750533
2002-08-26,55.36218758477105,55.853204769558374,54.74841610378689,55.23943328857422,1119741
2002-08-27,54.99393318525327,56.466984967001125,54.50291592467065,56.34423065185547,1945447
2002-08-28,55.85321121564194,56.09871983637004,53.766387939453125,53.766387939453125,2220187
2002-08-29,54.01188110636774,54.01188110636774,51.802304152016326,52.5388298034668,2870138
2002-08-30,52.538837795744364,53.02985497140553,51.802312032252615,52.907100677490234,1396651
2002-09-02,52.66160840573519,52.78436273768328,50.82029342651367,50.82029342651367,1348922
2002-09-03,51.06578290580523,51.92506290662406,49.469977189998815,49.59273147583008,3333369
2002-09-04,49.469989199754664,51.06579530297256,48.85621762159394,50.32926940917969,2239487
2002-09-05,50.4520118675888,50.69752044115371,48.73345185263444,49.960994720458984,1732606
2002-09-06,49.96100137126134,51.679561614990234,49.101721249396896,51.679561614990234,2303816
2002-09-09,51.31129686649029,51.67955976266127,50.20650817797734,51.06578826904297,1435368
2002-09-10,50.69752422854197,51.43405000425929,49.960998452824654,51.188541412353516,2528750
2002-09-11,51.31129936200394,52.661596713635625,49.96100201037226,52.41608810424805,2420057
2002-09-12,51.925072779573846,51.925072779573846,49.7154952144856,50.206512451171875,2521852
2002-09-13,49.59274379730225,50.57477832794189,48.36520063400268,49.10172653198242,2863492
2002-09-16,49.10172155670394,50.08375598783802,48.73345864502866,49.2244758605957,1400335
2002-09-17,50.32926511038378,50.94303663612017,48.26699428237516,48.365196228027344,2706573
2002-09-18,47.75142702568699,47.972383287237314,47.039453519656604,47.55501937866211,2470210
2002-09-19,47.38316937984531,47.7759847177296,45.29634585793502,45.73826217651367,2689037
2002-09-20,45.173585269325656,47.57957045138127,44.97717762761749,46.646636962890625,4792982
2002-09-23,46.229274772965695,47.30951122300992,45.566402235612905,45.66460418701172,2076216
2002-09-24,46.155618755001264,46.155618755001264,44.044243207104714,45.541847229003906,2829430
2002-09-25,45.02627841266119,47.530469278150285,45.00172979890324,47.30950927734375,2401168
2002-09-26,47.7023264037302,50.329267931919475,47.62867306727989,50.08375930786133,3011952
2002-09-27,49.59274910694331,49.961012095361205,48.684367818078805,49.34724044799805,2398006
2002-09-30,48.41430475958796,48.929874420166016,47.21131387979205,48.929874420166016,2098751
2002-10-01,48.856215807856344,49.469987363231425,47.481366025350454,48.11968994140625,2772568
2002-10-02,48.97896808460918,49.34723100253857,47.751425024844536,48.73345947265625,2357855
2002-10-03,48.1196972539478,49.83825787016022,47.84963623007705,48.782569885253906,2898422
2002-10-04,48.36519259990665,48.7334554877232,47.7514211202124,48.266990661621094,1774337
2002-10-07,47.33405729380628,47.53046491666798,46.1556153027999,46.47477722167969,2356630
2002-10-08,46.425671694700746,47.800517427430584,46.22926409112121,46.965789794921875,1967280
2002-10-09,47.13764588456735,47.3831544568828,45.66459445067461,45.8119010925293,1827117
2002-10-10,44.80533102210967,46.425689697265625,43.74964302139684,46.425689697265625,3074298
2002-10-11,46.597537233308906,48.68436052158418,46.155620964205994,48.11968994140625,3319809
2002-10-14,48.11969760918902,49.22448658491019,48.11969760918902,48.58616256713867,2610260
2002-10-15,48.831661382568115,51.80231708344959,48.831661382568115,51.55680847167969,3349595
2002-10-16,51.06578826904297,52.416085555003235,50.20650817797734,51.06578826904297,2794053
2002-10-17,52.04782485961914,52.66159637919012,51.18854473221977,52.04782485961914,3652136
2002-10-18,52.17057228088379,53.275360870361325,51.188537979125975,52.78434371948242,3237250
2002-10-21,52.53884800294134,52.53884800294134,50.94304187201088,51.434059143066406,2481729
2002-10-22,51.4340564965061,52.04782805374364,50.820284939268554,51.311302185058594,1418375
2002-10-23,51.80232808209848,52.78436273768328,50.452030430669375,50.82029342651367,2326445
2002-10-24,51.43405334004816,52.04782485961914,50.697527516562985,52.04782485961914,2083028
2002-10-25,51.55679560153284,52.5388298034668,50.943024225324116,52.5388298034668,1573967
2002-10-28,52.9071115471335,53.766391781077665,51.679568355784696,52.17058563232422,2129359
2002-10-29,51.55681821524379,51.92508120249553,50.69753791165639,50.94304656982422,1746898
2002-10-30,51.188542567766625,51.31129686649029,49.715490983082695,51.06578826904297,2399138
2002-10-31,51.06579356216358,51.80231943084863,50.083759070583504,51.311302185058594,2200385
2002-11-01,50.94304098734041,51.06579530297256,49.469989199754664,50.32926940917969,1747828
2002-11-04,50.943041286514685,51.92507581733907,50.697532653808594,50.697532653808594,1995694
2002-11-05,50.45202200492603,51.311302185058594,49.83825044768849,51.311302185058594,1323465
2002-11-06,51.67955859616506,52.41608437188238,51.188541412353516,51.188541412353516,1920607
2002-11-07,51.434058551926874,51.92507581733907,50.206515388396404,50.697532653808594,1834454
2002-11-08,50.69752044115371,50.820274727936166,49.71548614689407,49.960994720458984,1762313
2002-11-11,49.22446975518693,49.83824119851844,48.88075924538673,49.46997833251953,1474053
2002-11-12,49.46998774771597,50.45202224394855,49.22447912365783,50.08375930786133,1218966
2002-11-13,49.59272653085214,50.08374362521701,48.80709992910097,49.71548080444336,2285188
2002-11-14,49.715498122984215,51.31130423557383,49.46998949027812,50.697532653808594,2212049
2002-11-15,51.31128705104935,52.907092629192036,50.69751567484062,52.5388298034668,4027749
2002-11-18,53.52087803513791,53.52087803513791,52.2933349609375,52.2933349609375,2165216
2002-11-19,52.29333379955426,53.15261393241079,51.92507088547289,52.41608810424805,1819503
2002-11-20,52.78434638357494,53.15260926532081,51.67955773833733,52.907100677490234,1510304
2002-11-21,53.39812733711452,53.52088165283203,52.784355758527,53.52088165283203,1403864
2002-11-22,53.52087931872503,54.01189656018122,53.275370697996934,53.766387939453125,1398112
2002-11-25,53.76639438707356,54.011903037242845,53.02986843656571,53.8891487121582,1195230
2002-11-26,53.64362796845117,53.88913656327246,53.02985648139795,53.152610778808594,1954705
2002-11-27,53.27537302139702,53.88914459998455,52.6616014428095,53.52088165283203,1323180
2002-11-28,53.76638073489727,53.76638073489727,52.78434638357494,52.907100677490234,1185237
2002-11-29,53.152608148294604,53.39811673096571,51.434048069596855,51.802310943603516,2117663
2002-12-02,51.925061072502935,53.152603887455726,51.925061072502935,52.66158676147461,1464984
2002-12-03,52.29333936741358,52.53884800294134,51.18855050753864,51.434059143066406,1694787
2002-12-04,50.94303612439138,52.17057916353334,50.574773212648786,52.04782485961914,1888460
2002-12-05,52.17057577997661,52.29333007592949,51.06578711640063,51.188541412353516,1480029
2002-12-06,51.43406508625418,51.43406508625418,50.20652176677317,50.82029342651367,1587949
2002-12-09,51.06579530297256,51.1885496186047,50.20651509354754,50.32926940917969,1452337
2002-12-10,50.083762233697094,51.065796787299,50.083762233697094,50.57477951049805,1379031
2002-12-11,50.697532356076124,51.311303934236854,50.083760777915394,50.32926940917969,1685099
2002-12-12,50.45202519129781,50.94304246809876,50.083762233697094,50.57477951049805,1721859
2002-12-13,50.57477951049805,51.31130542569947,50.206516552897334,50.57477951049805,1212461
2002-12-16,50.574769932589085,51.55680430021218,50.32926134068332,51.188541412353516,1466174
2002-12-17,51.18854991922078,51.31130423557383,50.452024021102496,50.697532653808594,2055822
2002-12-18,50.697538072197,50.697538072197,49.34724044799805,49.34724044799805,2239835
2002-12-19,49.59273262118584,49.83824119851844,49.05261450028683,49.46997833251953,2041743
2002-12-20,49.347229828187565,50.083755646518725,48.8562126159668,48.8562126159668,4070160
2002-12-23,48.954412863962375,49.347228118595865,48.70890426635742,48.70890426635742,916509
2002-12-24,48.70890426635742,48.70890426635742,48.70890426635742,48.70890426635742,0
2002-12-25,48.70890426635742,48.70890426635742,48.70890426635742,48.70890426635742,0
2002-12-26,48.70890426635742,48.70890426635742,48.70890426635742,48.70890426635742,0
2002-12-27,48.36519486991523,48.36519486991523,46.89214324951172,46.89214324951172,981246
2002-12-30,46.941246355497015,47.75142553279266,46.84304440813689,47.30950927734375,743424
2002-12-31,47.30950927734375,47.30950927734375,47.30950927734375,47.30950927734375,0
2003-01-01,47.30950927734375,47.30950927734375,47.30950927734375,47.30950927734375,0
2003-01-02,47.30950927734375,47.30950927734375,47.30950927734375,47.30950927734375,0
2003-01-03,48.61069831185542,49.46997833251953,48.61069831185542,49.46997833251953,1681733
2003-01-06,49.59273679385632,50.20650828882979,49.22447389687223,49.8382453918457,1456840
2003-01-07,49.838252429962154,49.961006746292114,48.610709266662596,49.10172653198242,1104018
2003-01-08,49.05261336740522,49.8382400474926,48.92985908157396,49.59273147583008,1277320
2003-01-09,49.34723837359533,49.59274702222018,48.63526479104913,48.929874420166016,1120750
2003-01-10,48.92986775915587,49.34723165576784,48.242442887355125,48.90531539916992,1300976
2003-01-13,49.10172653198242,49.59274379730225,48.97897221565246,49.10172653198242,1078681
2003-01-14,49.1017147129818,49.960994720458984,48.97896042619935,49.960994720458984,1318889
2003-01-15,49.96100383282874,50.69752968785815,49.83824952365717,50.206512451171875,826346
2003-01-16,50.329266760343444,50.69752968785815,49.96100383282874,50.206512451171875,2276411
2003-01-17,50.6975149931731,50.6975149931731,49.71548080444336,49.71548080444336,3092286
2003-01-20,49.83824704040834,49.961001343463536,48.8562126159668,48.8562126159668,1910741
2003-01-21,49.224487272818074,49.224487272818074,48.26700497894494,48.75802230834961,1738916
2003-01-22,48.61070162007113,48.8562102141119,47.84962348007923,47.97237777709961,2265509
2003-01-23,49.10172155670394,49.961001683946265,48.782559617352554,49.2244758605957,4222706
2003-01-24,49.22447229246539,49.59273517744643,48.36519222750964,48.46339416503906,1945491
2003-01-27,48.31610565417097,48.31610565417097,45.71371232647562,46.425689697265625,3462837
2003-01-28,46.401133376735025,46.86759829845859,45.41909880791523,45.9592170715332,2567633
2003-01-29,46.05741862538506,46.15562057495117,44.584366904907895,46.15562057495117,3872180
2003-01-30,46.40113629187709,47.0885612824712,45.95921995891196,46.45023727416992,2306556
2003-01-31,46.08195877075195,46.499322598951174,45.76279687407129,46.08195877075195,1904647
2003-02-03,46.5238850912434,47.23585861528217,46.47478411478631,46.86759567260742,1284171
2003-02-04,46.62208663629989,46.72029233451933,46.032867431640625,46.032867431640625,1900134
2003-02-05,46.15561428000782,46.32746954139213,45.56639517064343,45.93465805053711,1583696
2003-02-06,45.66459913842784,46.03286203470548,44.068793254558045,44.65801239013672,2507894
2003-02-07,44.55981659550678,45.12448719691413,44.240654625479635,44.41250991821289,1482969
2003-02-10,44.38795807063659,44.46161140392043,42.81670069651673,42.98855972290039,2770227
2003-02-11,42.71850621562202,42.79215956177847,41.85922591818135,42.522098541259766,3683686
2003-02-12,42.252044348859,42.42389967164967,40.90174664010153,40.95084762573242,2772224
2003-02-13,40.7789813615891,41.368200523397384,40.68077567051168,41.22089385986328,2456271
2003-02-14,41.44186225706265,41.85922622680664,41.147252616429526,41.85922622680664,1683618
2003-02-17,42.15382734923016,42.5711912346356,41.54005582770333,42.35023498535156,2291741
2003-02-18,42.252041316411415,42.497549973110694,41.24545432547846,41.490962982177734,2815077
2003-02-19,41.736462075914616,41.83466401762766,40.01790187278872,40.3125114440918,3678440
2003-02-20,40.26341802007085,41.24545260592624,40.017909373607004,40.87718963623047,2451337
2003-02-21,40.386171459797936,41.36820602416992,39.94425515659763,41.36820602416992,3144627
2003-02-24,41.245449323595665,41.29455029974803,39.77239756203868,40.017906188964844,2461257
2003-02-25,39.723301929278634,39.96881058922947,38.201148986816406,38.201148986816406,3745970
2003-02-26,39.72328770105906,41.4172953494886,39.03586295018783,40.238853454589844,8240594
2003-02-27,40.11610365950332,40.58257224624783,39.06041967859318,39.846046447753906,2638882
2003-02-28,39.64964042788681,40.214310978879006,39.109522236306304,39.993350982666016,6188968
2003-03-03,40.2634131107515,41.638262861779424,39.99335213410395,41.56460952758789,3893499
2003-03-04,41.19634713441382,41.41730339367555,40.38616794018039,40.70532989501953,3003363
2003-03-05,40.1897644039637,40.65623307677594,39.453238469574025,39.47779083251953,2337130
2003-03-06,39.77240018232153,40.631680433174154,38.71671226775538,40.140663146972656,3360942
2003-03-07,40.116108342852236,40.75443227453357,39.37958245837272,39.91970443725586,2397724
2003-03-10,39.968808914251156,40.41072523287619,38.52030563354492,38.52030563354492,2194248
2003-03-11,38.29935116799462,38.39755313406199,36.89995254762779,37.071807861328125,3218282
2003-03-12,37.21910624309613,37.36640915929466,36.040664182687685,36.89994430541992,2468767
2003-03-13,37.120898539920574,37.80832335006359,36.45802608756132,36.94904327392578,2919602
2003-03-14,38.544854353035525,39.134073558055675,38.32389808769405,38.98677062988281,5440475
2003-03-17,38.29934668920755,41.4664065515801,37.85743040125304,40.55802536010742,5392988
2003-03-18,40.90174405765158,41.98198065798766,40.55802968760658,41.2945556640625,3045601
2003-03-19,41.73646346382473,43.03765983869443,40.877183333687164,42.35023498535156,4210057
2003-03-20,42.25203483456014,43.20951695033482,41.8101185710625,42.96400833129883,2877296
2003-03-21,44.68257522583008,44.68257522583008,43.50413293217962,44.68257522583008,11135096
2003-03-24,44.044228181973246,44.166982445296654,41.90830474937853,42.22746658325195,2550287
2003-03-25,41.68736231730683,43.0376596590289,41.19634510213517,43.01310729980469,2373291
2003-03-26,42.8658055419741,43.160415129810055,42.202929286638,42.32568359375,1850031
2003-03-27,41.785574405409314,41.83467538961303,40.5580310694915,41.07360076904297,3243903
2003-03-28,41.269994089921695,41.44184934791097,40.58256931180094,41.049034118652344,1439717
2003-03-31,40.18975429911113,40.26340762326447,39.35502661514307,39.723289489746094,7853155
2003-04-01,40.01791275092066,41.171802737450406,39.772404083737094,41.07360076904297,3619471
2003-04-02,41.1963315205679,42.963992163192394,41.17177916943809,42.22746658325195,4557660
2003-04-03,42.30113369669107,43.037659517018255,41.90831842738428,42.5466423034668,2281297
2003-04-04,42.596579747018495,43.64526379474636,41.87248556864705,43.17085647583008,4646715
2003-04-07,44.14464662130413,45.118424050115294,43.82005287506045,44.294456481933594,4125653
2003-04-08,43.94488970485367,44.44426345149974,43.22079929618461,43.84501647949219,1701372
2003-04-09,43.969855869294925,45.443006762348524,43.47048216860978,44.793819427490234,2494849
2003-04-10,43.44552195372775,43.57036540761777,42.19708741482752,42.471744537353516,5778791
2003-04-11,42.44677094207413,44.01979909779373,42.39683432647913,43.445518493652344,2031499
2003-04-14,43.6702326202306,43.99482631753441,42.69645533823851,43.84501647949219,2108646
2003-04-15,44.119677334572934,44.444271087646484,43.4954600440161,44.444271087646484,2225138
2003-04-16,44.84376576821021,44.94363899757035,42.771363874671685,43.42054748535156,3233263
2003-04-17,42.99609272507267,43.14590642146967,42.32193871112732,42.721439361572266,9337659
2003-04-18,42.721439361572266,42.721439361572266,42.721439361572266,42.721439361572266,0
2003-04-21,42.721439361572266,42.721439361572266,42.721439361572266,42.721439361572266,0
2003-04-22,42.94615291310138,43.52043362683039,42.22206232399976,43.34565353393555,1650203
2003-04-23,43.82005042364163,44.14464415172662,43.2707400122238,43.49545669555664,2307983
2003-04-24,43.37062088312001,44.09471529786211,42.696466904506615,42.7713737487793,1931891
2003-04-25,42.8962034757562,43.04601330638367,41.997329252314856,42.222049713134766,1496967
2003-04-28,41.94738894092794,43.120916321934416,41.67273189413291,42.821292877197266,1748634
2003-04-29,43.27073359562049,43.27073359562049,42.04726569579239,42.097206115722656,3378251
2003-04-30,42.471745244569824,43.14589914481762,42.07224466150154,43.09596252441406,2335248
2003-05-01,43.09596252441406,43.09596252441406,43.09596252441406,43.09596252441406,0
2003-05-02,43.195835623038235,43.2957088635166,41.64777753610408,42.97111892700195,2620641
2003-05-05,43.22079818665629,43.8949519653383,43.19582797599727,43.57035827636719,1181450
2003-05-06,43.495440012892985,44.294437014856555,43.37059661227623,44.04475021362305,2220924
2003-05-07,43.82004279675449,44.91866342837503,43.67022916066122,44.09469985961914,2531317
2003-05-08,43.96985531900763,44.419288596064376,42.74638748168945,42.74638748168945,2082584
2003-05-09,42.87122547401392,43.29569229852525,42.64650886395452,42.69644546508789,1765835
2003-05-12,42.846271882242924,43.046018346467044,41.44802377315656,41.8974609375,2216227
2003-05-13,42.047268549623666,42.74639256698793,41.54789479578054,42.5466423034668,2032721
2003-05-14,42.496707407123225,43.59533199591908,42.471741004373946,43.320674896240234,2199413
2003-05-15,43.34564383912116,43.34564383912116,42.471739760186615,42.921173095703125,1907022
2003-05-16,43.34563844823754,43.470481872558594,42.946137966442585,43.470481872558594,1901300
2003-05-19,42.92117323113121,45.14338875338527,42.92117323113121,44.84376525878906,7655326
2003-05-20,44.76885779511608,46.941132862402974,44.04476356607418,46.74138259887695,7931780
2003-05-21,46.94113062908065,47.34063113712561,46.14213342290992,46.791316986083984,5037836
2003-05-22,47.265730763744024,48.51416525930029,46.89120041507715,48.314414978027344,6782600
2003-05-23,48.58906049161436,49.21327759037653,48.264466838274274,48.7888069152832,6082050
2003-05-26,48.838762424465436,48.838762424465436,47.74013770516892,47.93988800048828,1410423
2003-05-27,47.93988085209675,47.98981746600046,47.01604016016002,47.71516418457031,2528949
2003-05-28,48.1895628913982,49.537870380972294,48.1895628913982,49.23824691772461,3734932
2003-05-29,49.23824691772461,49.23824691772461,49.23824691772461,49.23824691772461,0
2003-05-30,48.7888132922699,49.66271734476136,48.73887667982568,49.58781433105469,4706511
2003-06-02,49.937383140005714,52.05972192345596,49.7376328454617,51.18581771850586,10988657
2003-06-03,50.68645408630371,51.06098453521729,49.56286273956299,49.93739318847656,6283831
2003-06-04,50.0622225742714,51.43550050024893,49.86247229578165,50.936126708984375,4789386
2003-06-05,51.31067150115967,51.43551498413086,49.51292610835866,49.93739318847656,4080553
2003-06-06,50.93614128454408,51.31067173516573,50.18708038330078,50.18708038330078,3496053
2003-06-09,50.18708038330078,50.18708038330078,50.18708038330078,50.18708038330078,0
2003-06-10,49.88745655727224,50.18708015441895,49.71267644309672,49.93739318847656,2543184
2003-06-11,50.187056348213666,50.187056348213666,49.73761926072349,49.91239929199219,2981932
2003-06-12,50.31189868862031,51.43548947819248,50.31189868862031,51.310646057128906,6462523
2003-06-13,51.31065256288736,52.059713184243385,50.43674850463867,50.43674850463867,5441721
2003-06-16,50.56159441811698,52.43424606323242,50.436750975109284,52.43424606323242,4673631
2003-06-17,52.43425059599035,53.058467864990234,52.30940714219037,53.058467864990234,5049634
2003-06-18,52.80878095739028,53.68268513399012,52.30940714219037,53.058467864990234,4298428
2003-06-19,53.18329162959239,53.432978444754795,52.43423118410517,52.68391799926758,4040006
2003-06-20,52.30940262022472,52.55908950624012,51.810028848193944,52.43424606323242,7400698
2003-06-23,52.18455711570946,52.309400553785316,50.56159242072328,50.811279296875,3074741
2003-06-24,51.06096267700195,51.93486668369881,50.93611924747383,51.06096267700195,4128755
2003-06-25,51.310653843926,51.68518416395465,50.68643664387824,51.43549728393555,3147137
2003-06-26,50.81128100345009,52.1845588684082,50.68643756118117,52.1845588684082,3274487
2003-06-27,52.30939897732044,53.18330301751433,52.18455554300702,52.559085845947266,2230088
2003-06-30,52.43425059599035,53.807528587790095,52.1845636883904,53.058467864990234,7863671
2003-07-01,52.68393216420369,53.183305928793295,51.56034119387707,51.810028076171875,4702245
2003-07-02,52.30939930043322,53.05845991094062,51.81002556009496,52.808773040771484,3238395
2003-07-03,52.80878867565746,53.43300603588982,52.309414787471574,53.183319091796875,2447048
2003-07-04,53.058460073651005,53.308146944585836,52.80877320271618,52.933616638183594,1530028
2003-07-07,53.308152437758174,54.556586921078036,53.18330898942619,54.30690002441406,3571946
2003-07-08,54.30690002441406,54.556586921078036,53.0584655410942,54.30690002441406,3434503
2003-07-09,54.182056576082076,54.931117266074,53.68268278275413,54.30690002441406,3717317
2003-07-10,54.43173665133389,55.055953814766625,53.932362920587714,54.93111038208008,4530496
2003-07-11,54.55658824164588,56.05470965789245,54.55658824164588,55.43049240112305,5042945
2003-07-14,55.929844292534725,56.3043744998508,55.43047068277995,56.17953109741211,2902238
2003-07-15,55.92986251316714,56.17954939938663,55.3056452976184,55.55533218383789,3268130
2003-07-16,55.680181432653356,55.929868344907405,53.55784267849393,53.932373046875,3957453
2003-07-17,53.807529590747976,54.057216503002024,53.183312310112846,53.932373046875,3021686
2003-07-18,54.18205995912905,54.30690341525608,53.68268613462095,53.932373046875,2047459
2003-07-21,54.057192973601516,54.18203637538812,53.30813256288186,53.55781936645508,2020982
2003-07-22,53.80752133877478,54.18205164971753,52.93361727990837,53.43299102783203,2050752
2003-07-23,54.80627514435364,56.179553109246335,54.55658824164588,55.43049240112305,6200658
2003-07-24,55.680187859714955,56.5540921534773,55.55534438917748,56.304405212402344,3874915
2003-07-25,55.430488740728144,55.92986251316714,55.3056452976184,55.55533218383789,2278316
2003-07-28,55.92987480078991,56.5540921534773,55.80503133025243,56.304405212402344,1731366
2003-07-29,56.05468769497342,56.429217902289494,55.68015748765733,56.17953109741211,1853608
2003-07-30,56.17955483888325,56.92861557006836,56.05471138368573,56.92861557006836,2050901
2003-07-31,57.05344788996934,57.30313475163222,56.17954387414924,57.17829132080078,3019613
2003-08-01,57.17829064860743,57.17829064860743,56.054699784333486,56.678916931152344,1786127
2003-08-04,56.55406130472819,57.05343491448296,55.929844292534725,56.17953109741211,2337403
2003-08-05,56.42923628560613,56.67892317182562,55.55533218383789,55.55533218383789,2453437
2003-08-06,54.93111071004048,55.80501474406385,54.806267276608565,55.1807975769043,2623382
2003-08-07,55.30564068013972,55.5553275455128,54.681423516706985,54.93111038208008,1446154
2003-08-08,55.18081296485918,56.054717242583195,54.55659562362774,55.30565643310547,1928046
2003-08-11,55.68017562694764,56.054705956276884,55.180801854508644,55.55533218383789,1540891
2003-08-12,55.68017562694764,55.92986251316714,55.180801854508644,55.55533218383789,1585587
2003-08-13,55.929873774336905,56.179560710829485,55.30565643310547,55.30565643310547,1869772
2003-08-14,55.55532506534032,56.054698773792815,55.180794784000945,55.92985534667969,1594981
2003-08-15,56.304405212402344,56.42924868293982,55.680187859714955,56.304405212402344,1668671
2003-08-18,56.304405212402344,56.5540921534773,55.92987480078991,56.304405212402344,1026424
2003-08-19,56.42922905513219,56.67891590935844,55.80501191956657,55.92985534667969,1375185
2003-08-20,55.92985784357244,56.179544708945535,54.681423516706985,54.93111038208008,1832767
2003-08-21,55.05596233590301,56.179553403982666,54.931118883894165,55.680179595947266,1613140
2003-08-22,56.05471420288086,56.928618433215306,55.80502727992816,56.05471420288086,2262501
2003-08-25,55.92986620653857,56.179553109246335,55.305648949769164,55.43049240112305,1680564
2003-08-26,55.55533541032787,55.929865761408735,54.80627470816615,55.05596160888672,2095235
2003-08-27,55.18080060596597,55.30564404625096,54.05720964340105,54.556583404541016,2163056
2003-08-28,54.681430519174,55.055960865195736,54.057213275804436,54.43174362182617,1795805
2003-08-29,54.30687977717473,54.681409982534554,53.55781936645508,53.55781936645508,2791252
2003-09-01,53.68268641458678,54.681434068811654,53.68268641458678,54.18206024169922,1327286
2003-09-02,53.932373046875,54.55659032751013,53.807529590747976,53.932373046875,1587595
2003-09-03,54.43174347274605,55.055960714405984,54.05721312775009,54.30690002441406,3051969
2003-09-04,54.05719866567972,55.180789400070296,53.932355250747435,54.80625915527344,2789041
2003-09-05,55.0559584113989,55.68017562694764,54.93111496828915,55.55533218383789,2077806
2003-09-08,55.43048163822719,56.17954220090594,55.180794784000945,55.92985534667969,2382895
2003-09-09,56.67893458381463,56.80377805206092,55.055969496612896,55.30565643310547,4123480
2003-09-10,55.430488740728144,56.054705956276884,55.180801854508644,55.55533218383789,2548414
2003-09-11,55.43050091864,56.5540921534773,55.30565744810252,56.304405212402344,3563127
2003-09-12,56.42924868293982,56.5540921534773,55.80503133025243,56.304405212402344,2940922
2003-09-15,56.55407400152094,57.427978014789474,56.429230571054006,57.05344772338867,2794122
2003-09-16,57.30313524920614,57.55282211303711,56.9286049534597,57.55282211303711,2388735
2003-09-17,57.80250897686807,57.80250897686807,57.30313524920614,57.55282211303711,1617442
2003-09-18,57.55282608461586,57.92735640620772,57.178295763024,57.677669525146484,2001379
2003-09-19,57.92736364293982,57.92736364293982,57.17830290617766,57.30314636230469,2709523
2003-09-22,57.05346189469165,57.178305356168,55.92987074140451,56.05471420288086,2327086
2003-09-23,56.054698773792815,56.42922905513219,55.55532506534032,55.92985534667969,3419020
2003-09-24,56.5540771484375,56.928607460678805,56.30439027360996,56.5540771484375,3743722
2003-09-25,55.92987480078991,56.304405212402344,55.55534438917748,56.304405212402344,3000635
2003-09-26,55.929866499964966,56.05470995197382,54.931118883894165,55.680179595947266,2915098
2003-09-29,55.18080505924701,55.55533541032787,54.556587807445574,55.05596160888672,2670250
2003-09-30,55.05594964223366,55.43047991190871,54.182045679658515,54.681419372558594,3440245
2003-10-01,54.30690017315226,54.681430519174,53.432996032434865,54.43174362182617,4304745
2003-10-02,54.80627723976418,54.80627723976418,53.55784267849393,53.932373046875,2683931
2003-10-03,53.807527105283846,55.18080505924701,53.68268365492356,55.05596160888672,2893886
2003-10-06,54.931102570205724,55.180789400070296,54.556572325408865,54.80625915527344,1372662
2003-10-07,54.93110621900863,55.05594964223366,54.431732526108554,54.681419372558594,4198460
2003-10-08,54.556587807445574,55.55533541032787,54.306900906725,55.05596160888672,2673350
2003-10-09,55.180805787911865,55.680179595947266,54.80627543188531,55.680179595947266,2775836
2003-10-10,55.55532787720003,55.55532787720003,54.68142384317666,55.1807975769043,2760332
2003-10-13,54.931118883894165,55.680179595947266,54.931118883894165,55.680179595947266,2028545
2003-10-14,55.80503030609062,55.80503030609062,54.68143909187403,55.30565643310547,2759073
2003-10-15,55.30565643310547,55.80503030609062,54.68143909187403,55.30565643310547,4557098
2003-10-16,55.80501474406385,55.92985817749576,55.05595414347239,55.1807975769043,2877704
2003-10-17,54.80626279578362,55.18079306545867,54.431732526108554,54.681419372558594,3355837
2003-10-20,54.806282560120316,55.43049990135176,54.68143909187403,55.30565643310547,1863223
2003-10-21,55.68016849245344,56.30438562801906,55.68016849245344,55.92985534667969,4196864
2003-10-22,55.92985784357244,56.05470127625899,54.93111038208008,54.93111038208008,2351857
2003-10-23,54.182056576082076,54.68143036941002,53.807526231086115,54.30690002441406,2297185
2003-10-24,54.556586921078036,54.931117266074,54.182056576082076,54.30690002441406,1556353
2003-10-27,54.80626279578362,55.18079306545867,54.55657594933358,54.681419372558594,1335232
2003-10-28,54.93111741652183,55.305647762543565,54.30690017315226,54.43174362182617,3006660
2003-10-29,54.80626279578362,55.18079306545867,54.431732526108554,54.681419372558594,2944202
2003-10-30,54.431736976312834,55.43048444376812,54.431736976312834,55.1807975769043,2741233
2003-10-31,55.05595414347239,55.43048444376812,54.806267276608565,55.1807975769043,1983620
2003-11-03,55.30563821111407,55.92985534667969,55.30563821111407,55.92985534667969,1634401
2003-11-04,55.68017131063194,55.92985817749576,55.05595414347239,55.1807975769043,1528353
2003-11-05,55.05595414347239,55.68017131063194,54.93111071004048,55.1807975769043,2164398
2003-11-06,55.30564923992071,55.80502304795612,54.80627543188531,55.680179595947266,1659096
2003-11-07,55.92985996136865,56.5540771484375,55.80501652395488,56.5540771484375,2233402
2003-11-10,56.3043893050294,56.42923274029555,55.6801721286987,55.805015563964844,2666750
2003-11-11,55.680187859714955,56.42924868293982,55.43050091864,56.304405212402344,1456338
2003-11-12,56.429230735812126,57.30313475163222,55.92985701248635,57.17829132080078,3476460
2003-11-13,57.427977067005784,59.175785064697266,57.05344678178618,59.175785064697266,6416314
2003-11-14,58.80125593792128,60.17453367744811,58.80125593792128,60.04969024658203,5062820
2003-11-17,59.17580734285465,59.55033776907524,58.42674649041345,58.55158996582031,3713311
2003-11-18,58.80125444218264,59.30062815294428,58.67641101449223,58.92609786987305,2775171
2003-11-19,58.42672296339465,58.55156638853011,57.80250583771736,58.05219268798828,2727226
2003-11-20,58.426719665527344,58.67640650170481,57.17828548464001,58.426719665527344,2594217
2003-11-21,58.052189411261146,59.175780174059746,58.052189411261146,58.426719665527344,1799978
2003-11-24,58.80125477947766,59.3006284931038,58.301881065851525,59.175785064697266,1860362
2003-11-25,59.175777249810054,59.92483772132664,58.80124701405176,59.050933837890625,2516285
2003-11-26,58.301883204229945,58.55157007020095,57.92735290527344,57.92735290527344,3639710
2003-11-27,58.17705953959972,58.67643344122718,57.927372588785985,58.55158996582031,1371526
2003-11-28,58.55157040117125,58.92610070224484,57.55282293164167,58.177040100097656,2468439
2003-12-01,58.3018841844924,58.676414489746094,58.17704074940783,58.676414489746094,1531601
2003-12-02,58.67643344122718,58.926120392040914,58.05221606419285,58.55158996582031,1979552
2003-12-03,58.42673915207007,58.92611299097665,58.30189569234342,58.80126953125,1847461
2003-12-04,58.676430391010484,59.67517814234683,58.55158692209344,59.3006477355957,3063581
2003-12-05,59.42547192151033,59.6751587783234,59.05094163629073,59.175785064697266,2603870
2003-12-08,59.050933837890625,59.175777249810054,58.42671677829347,59.050933837890625,1367128
2003-12-09,59.30062066172948,59.30062066172948,58.67640360213233,59.050933837890625,1456395
2003-12-10,58.80126953125,59.050956450703296,58.67642607152336,58.80126953125,1586811
2003-12-11,58.92608795166016,59.924835205078125,58.92608795166016,59.924835205078125,1650476
2003-12-12,59.92484318270228,60.67390372248606,59.92484318270228,60.174530029296875,2549040
2003-12-15,60.673911891032745,60.92359877124275,60.29938157071773,60.549068450927734,1672403
2003-12-16,60.29937710831418,60.424220539180254,60.04969024658203,60.04969024658203,1548361
2003-12-17,60.299373626708984,60.67390389768233,59.55031308476229,60.299373626708984,3413538
2003-12-18,60.424223290868554,62.29687483913927,60.299379854317166,62.17203140258789,3678040
2003-12-19,62.42172948775753,62.42172948775753,61.298138356977894,61.92235565185547,4016487
2003-12-22,61.67266873390444,62.42172948775753,61.547825274928925,61.92235565185547,1539272
2003-12-23,62.2968865814209,62.421730041503906,61.92235620117187,62.421730041503906,1380813
2003-12-24,62.421730041503906,62.421730041503906,62.421730041503906,62.421730041503906,0
2003-12-25,62.421730041503906,62.421730041503906,62.421730041503906,62.421730041503906,0
2003-12-26,62.421730041503906,62.421730041503906,62.421730041503906,62.421730041503906,0
2003-12-29,62.421714950226495,62.796245239927856,62.04718466052514,62.54655838012695,986877
2003-12-30,62.796260283322994,62.92110374313079,62.172042984284,62.2968864440918,1236320
2003-12-31,62.2968864440918,62.2968864440918,62.2968864440918,62.2968864440918,0
2004-01-01,62.2968864440918,62.2968864440918,62.2968864440918,62.2968864440918,0
2004-01-02,62.2968864440918,62.2968864440918,62.2968864440918,62.2968864440918,0
2004-01-05,62.421730041503906,62.67141696166992,61.797512741088866,62.421730041503906,3236832
2004-01-06,62.17203140258789,62.17203140258789,61.29812734672822,62.17203140258789,2977545
2004-01-07,62.17204200930711,62.421728925007145,61.04845088865699,61.42298126220703,3348305
2004-01-08,61.42297284950711,62.04719005326226,60.673912205000924,60.79875564575195,3255160
2004-01-09,60.923594262644556,61.17328112437671,59.67515995398381,60.04969024658203,2972036
2004-01-12,59.42547623416413,60.42422373389798,59.17578935923066,59.55031967163086,3317142
2004-01-13,59.924865080180915,59.924865080180915,58.92611732884457,59.3006477355957,3389381
2004-01-14,59.050939390131155,60.299373626708984,58.80125254281559,60.299373626708984,3610434
2004-01-15,60.04969024658203,60.29937710831418,59.67515995398381,60.04969024658203,2580681
2004-01-16,59.924859768006854,61.42298126220703,59.924859768006854,61.42298126220703,2954325
2004-01-19,61.298138356977894,62.42172948775753,61.298138356977894,61.92235565185547,2206293
2004-01-20,62.172022522345586,62.29686594106515,60.92358833514989,61.298118591308594,1635631
2004-01-21,61.173295440673826,62.54657350158691,61.173295440673826,62.421730041503906,2919526
2004-01-22,62.92110047236115,63.54531773895203,62.54657011240662,62.79625701904297,3321018
2004-01-23,62.92109649779787,63.295626834094286,62.29687927063718,62.671409606933594,2056104
2004-01-26,62.921097551207176,63.79500168386283,62.6714106561627,63.54531478881836,2949015
2004-01-27,63.91983498549323,65.04342583484761,63.79499155778719,64.54405212402344,4075542
2004-01-28,64.4192086963174,65.04342583484761,64.16952184090532,64.54405212402344,3593956
2004-01-29,63.91984646476834,65.04343751590685,63.91984646476834,64.66890716552734,2717031
2004-01-30,64.79374553456026,64.9185889748966,63.6701545715332,63.6701545715332,3087351
2004-02-02,64.04467941196654,65.542800567802,63.91983598231358,65.2931137084961,3125416
2004-02-03,65.54281131641285,66.04218511691886,64.04468991489485,64.66890716552734,3705402
2004-02-04,63.91984646476834,64.91859406578034,63.54531611438884,64.66890716552734,3499322
2004-02-05,64.79375031937,65.29312411759251,64.04468962203624,64.41921997070312,2574665
2004-02-06,64.66889469325542,64.79373811930418,63.17077358067036,63.91983413696289,2287191
2004-02-09,64.29437681514784,64.79375061565385,64.16953336502134,64.66890716552734,2273392
2004-02-10,64.29437681514784,64.79375061565385,63.91984646476834,64.66890716552734,1734725
2004-02-11,64.79373897943552,64.91858240714156,64.16952184090532,64.54405212402344,1535714
2004-02-12,64.66890209422392,65.04343241523294,63.6701545715332,63.6701545715332,1878224
2004-02-13,63.91984145220588,64.16952833287856,63.42046769086052,63.6701545715332,2372625
2004-02-16,63.67015026024813,63.79499369213097,62.671402805185416,63.29561996459961,2084217
2004-02-17,63.42046784701413,64.04468505023277,63.2956244063704,63.79499816894531,1445829
2004-02-18,63.79500168386283,64.0446885789073,63.42047134129612,63.54531478881836,1580928
2004-02-19,63.79500168386283,64.29437547395177,63.54531478881836,63.54531478881836,1990076
2004-02-20,63.79499721715946,63.79499721715946,62.546562829348126,63.045936584472656,5228567
2004-02-23,63.17078081018784,64.2943717732149,63.17078081018784,63.6701545715332,1707534
2004-02-24,63.67014924923103,63.79499267913148,62.54655838012695,62.54655838012695,2110959
2004-02-25,62.7962485853448,62.7962485853448,61.54781421983098,62.17203140258789,3320763
2004-02-26,62.54656720864047,63.67015823634059,62.17203686607375,63.54531478881836,3271633
2004-02-27,65.91732718198354,66.79123114083559,65.41795349121094,65.41795349121094,8341998
2004-03-01,66.1670154198668,66.79123254646933,65.7924851439053,66.41670227050781,3025311
2004-03-02,66.54156155372733,67.04093537401798,66.41671809865467,66.91609191894531,3237600
2004-03-03,66.79125159024744,67.16578197299648,66.04219082474933,66.29187774658203,2231115
2004-03-04,66.66638912114882,67.04091939711033,65.9173285692258,66.41670227050781,2518124
2004-03-05,66.66638842496005,66.66638842496005,65.79248445684259,65.91732788085938,5251023
2004-03-08,65.91732788085938,66.29185815290971,65.66764103282581,65.91732788085938,5484060
2004-03-09,65.91733947638528,66.54155670627529,65.79249603040728,66.04218292236328,2479243
2004-03-10,65.7924851439053,66.79123254646933,65.7924851439053,66.41670227050781,3263980
2004-03-11,65.79248640108385,66.04217325649594,64.54405212402344,64.54405212402344,4563487
2004-03-12,63.91983413696289,64.54405126720667,63.17077358067036,63.91983413696289,5525779
2004-03-15,63.54531478881836,64.16953202642954,63.170784446251645,63.54531478881836,5969424
2004-03-16,63.29561562765212,63.67014589763823,62.546555087679906,62.921085357666016,3947466
2004-03-17,62.9210896689511,63.54530682836529,62.2968725095369,63.29561996459961,3157130
2004-03-18,63.295626834094286,63.6701571703907,62.671409606933594,62.671409606933594,6806857
2004-03-19,62.671416823515194,62.92110374313079,61.7975126048606,62.2968864440918,6874745
2004-03-22,61.92235509360709,61.92235509360709,60.798763972956955,61.42298126220703,11053096
2004-03-23,61.42297253166278,61.672659411872786,60.549068450927734,60.549068450927734,5530343
2004-03-24,60.54907760312481,62.1720425698065,60.54907760312481,61.92235565185547,4367728
2004-03-25,62.172042150284646,62.54657252468395,61.048451027086735,61.54782485961914,7954042
2004-03-26,61.92233568490644,61.92233568490644,61.04843175386946,61.298118591308594,1587276
2004-03-29,61.42297409520005,61.922347868331755,61.048443765351266,61.79750442504883,1316639
2004-03-30,61.79751177588534,61.79751177588534,61.173294485219834,61.54782485961914,1139871
2004-03-31,61.547817538482974,62.04719131161468,61.42297409520005,61.79750442504883,1654710
2004-04-01,62.04718984716079,63.6701545715332,61.922346406824445,63.6701545715332,3138520
2004-04-02,63.670147793964276,64.5440517832932,63.04593065872933,64.29436492919922,2943282
2004-04-05,64.29437681514784,64.66890716552734,64.04468991489485,64.66890716552734,1559303
2004-04-06,64.66889119426564,64.7937346135596,63.919830678501945,64.16951751708984,1360721
2004-04-07,64.2943717732149,64.9185889748966,63.6701545715332,63.6701545715332,2139054
2004-04-08,64.41921035795555,65.79248809814453,64.41921035795555,65.79248809814453,2578853
2004-04-09,65.79248809814453,65.79248809814453,65.79248809814453,65.79248809814453,0
2004-04-12,65.79248809814453,65.79248809814453,65.79248809814453,65.79248809814453,0
2004-04-13,66.37405447057776,66.5004812409979,65.48906707763672,65.48906707763672,1990887
2004-04-14,65.23621331798824,65.86834716796875,64.60407946800774,65.86834716796875,2544038
2004-04-15,65.86835376675089,67.63832872401483,65.61550020142747,67.3854751586914,3019156
2004-04-16,67.51190194135312,68.14403585466167,66.75334124538286,67.3854751586914,3491434
2004-04-19,67.2590404070886,68.1440277808661,67.13261363940612,68.0176010131836,1909619
2004-04-20,67.89117445901175,68.27045476325203,66.87976031437098,67.63832092285156,2523809
2004-04-21,68.01759361238516,68.01759361238516,66.62689931919512,67.51188659667969,3575383
2004-04-22,67.63831346554863,68.01759372797227,66.62689943241894,67.259033203125,2175648
2004-04-23,67.51189401296263,68.14402785203532,67.51189401296263,67.89117431640625,1983061
2004-04-26,68.27045297877675,70.9254150390625,68.14402621400123,70.9254150390625,7672085
2004-04-27,71.30471115661182,71.43113794944269,70.0404432283031,70.29329681396484,4690268
2004-04-28,70.29329739657315,70.67257777820933,69.28188304554332,69.53473663330078,2417686
2004-04-29,69.78757511675902,70.04042864979075,69.02901451766381,69.15544128417969,2647459
2004-04-30,68.90259560416727,69.66115628971774,68.64974204231711,68.77616882324219,2913964
2004-05-03,68.52330808391359,68.64973485159608,67.7647474778186,68.0176010131836,2337744
2004-05-04,68.144027568937,68.64973463809424,67.76474726706908,68.39688110351562,1910628
2004-05-05,68.52329983676437,69.66114060896156,68.52329983676437,69.2818603515625,2504784
2004-05-06,69.40829481721141,69.66114835024315,68.77616098463207,69.15544128417969,2524407
2004-05-07,69.15545634841224,69.66116352463465,69.02902955435665,69.40830993652344,1944561
2004-05-10,68.64972749867833,69.40828802352561,67.259033203125,67.259033203125,4560470
2004-05-11,67.76474010453242,68.27044712023789,67.00617958097422,67.51188659667969,2715458
2004-05-12,67.76475620814733,67.89118299211775,66.12120801653181,66.37406158447266,2990748
2004-05-13,66.62690677821078,67.63832092285156,66.2476264739705,67.63832092285156,2571272
2004-05-14,67.6383207101361,68.52330808391359,67.51189394245361,68.0176010131836,2563740
2004-05-17,67.63832121021106,67.63832121021106,66.75333382989055,67.13261413574219,1942066
2004-05-18,67.25904061861127,67.89117445901175,67.13261385053117,67.63832092285156,1886604
2004-05-19,67.89117403435839,68.52330787080493,67.51189373249046,68.39688110351562,2207251
2004-05-20,68.39688110351562,68.39688110351562,68.39688110351562,68.39688110351562,0
2004-05-21,68.27045469141719,68.27045469141719,67.63832085168184,67.7647476196289,1842938
2004-05-24,68.1440277808661,68.52330808391359,67.89117424550109,68.0176010131836,1360263
2004-05-25,67.76474021968986,67.89116697383106,67.00617969484257,67.259033203125,2058844
2004-05-26,68.01759361238516,68.01759361238516,66.87975282704785,67.51188659667969,2242739
2004-05-27,67.76474769093166,68.01760122709184,67.38546738669136,67.63832092285156,2332803
2004-05-28,67.76474819761333,67.89117496663873,66.24762696930856,66.75333404541016,2933119
2004-05-31,66.75333404541016,66.75333404541016,66.75333404541016,66.75333404541016,0
2004-06-01,66.75333455794146,66.87976132793756,65.86834716796875,65.86834716796875,2501123
2004-06-02,65.99477379180733,66.75333441010397,65.86834702209123,66.12120056152344,3176556
2004-06-03,66.12118525905464,66.50046548042589,65.99475851859755,66.24761199951172,1717088
2004-06-04,66.24762696930856,67.00618758346094,66.12120020028316,66.75333404541016,2104554
2004-06-07,67.38547576788261,67.51190255168727,66.24763471364069,66.50048828125,2063338
2004-06-08,66.62690778794536,66.62690778794536,64.98335977799604,65.86834716796875,4081864
2004-06-09,66.12119340618838,66.62690043032748,64.98335260187538,65.10977935791016,3235550
2004-06-10,64.8569457238842,64.9833725186676,63.592677776050195,63.97195816040039,4487404
2004-06-11,64.22479996026732,64.73050704656863,63.719092873966,64.47765350341797,1896493
2004-06-14,64.22480041261704,64.4776539575486,63.46623977782235,63.719093322753906,2114670
2004-06-15,63.971946417116655,64.85693381814396,63.84551964554133,64.47765350341797,2646081
2004-06-16,64.60408703730657,65.99478167020358,64.47766025249774,65.74192810058594,2990303
2004-06-17,65.86835515153247,66.24763550749138,65.23622122493427,65.3626480102539,2114324
2004-06-18,65.36264030721657,65.61549384805687,64.98335999595612,65.48906707763672,6046989
2004-06-21,65.74193583288175,66.24764303159623,65.48908223352451,65.61550903320312,1670064
2004-06-22,65.23622158117462,65.74192872521473,64.60408765112447,64.85694122314453,2085122
2004-06-23,64.85693374305322,65.23621405734008,64.3512266573374,64.60408020019531,1663440
2004-06-24,65.1097872108221,65.23621398210526,64.47765335440636,64.73050689697266,1462746
2004-06-25,64.60408027499331,64.9833605897193,64.09837318869198,64.47765350341797,1437911
2004-06-28,64.35122710879486,64.98336097037438,63.71909324721535,63.84552001953125,1862157
2004-06-29,63.71909332275391,63.8455200952197,63.08695946042501,63.719093322753906,3396086
2004-06-30,63.59267103287482,63.84552459562979,62.70768356323242,62.70768356323242,2809333
2004-07-01,63.08695968658386,64.0983738699359,63.08695968658386,63.339813232421875,3343087
2004-07-02,63.33982023103969,64.47766131303442,63.213393444151386,64.22480773925781,2171041
2004-07-05,63.9719581604004,64.8569457238842,63.845531365617,63.97195816040039,1166166
2004-07-06,64.09837364015125,64.4776539575486,63.33981300535657,63.719093322753906,2208117
2004-07-07,63.71909332275391,64.22480041261704,63.59266655028813,63.719093322753906,2249240
2004-07-08,64.22479212423242,64.98335266113281,63.971938611932295,64.98335266113281,2967801
2004-07-09,64.60408050115763,64.73050727317555,63.8455198690501,64.09837341308594,1249260
2004-07-12,63.84552032409789,63.971947097016894,62.96053291366485,63.339813232421875,1693940
2004-07-13,63.46622864564578,63.71908214622604,62.707668143904996,63.08694839477539,1774171
2004-07-14,62.70767914302766,63.8455200952197,62.4548255980961,63.719093322753906,2333310
2004-07-15,63.59266708650339,63.59266708650339,62.70767967178068,62.8341064453125,1456033
2004-07-16,62.201976437722486,62.70768356323242,61.82269609359003,62.70768356323242,2240754
2004-07-19,62.83409527259145,62.96052202364294,62.201961517333984,62.201961517333984,1753695
2004-07-20,62.45483272282157,64.47766131303442,62.32840593593327,64.22480773925781,2434767
2004-07-21,65.23621398210526,65.48906752467155,63.84551949799061,64.73050689697266,3124542
2004-07-22,63.9719581604004,64.3512385447506,63.3398241864834,63.97195816040039,2454489
2004-07-23,64.22480041261704,64.4776539575486,63.08695946042501,63.719093322753906,1156740
2004-07-26,63.71910150367093,63.97195508106645,62.70768719408885,62.960540771484375,1207239
2004-07-27,62.96053291366485,63.46624000534087,62.834106140745845,63.339813232421875,1086498
2004-07-28,63.466232299804695,63.97193933008202,63.21337878466603,63.46623229980469,1301832
2004-07-29,63.71909332275391,64.09837364015125,63.213386232890784,63.719093322753906,1140432
2004-07-30,63.845531365617,64.3512385447506,63.592677776050195,63.97195816040039,1200316
2004-08-02,63.71909355117889,63.971947097016894,62.96053291366485,63.339813232421875,1814949
2004-08-03,63.59265905737402,64.09836608765136,62.960525269527366,63.46623229980469,1949716
2004-08-04,63.213386232890784,63.971946867685475,63.213386232890784,63.719093322753906,1132445
2004-08-05,63.84550889651617,63.9719356468063,62.960521644485254,63.08694839477539,1210614
2004-08-06,62.70768425112865,62.70768425112865,61.19056285795618,61.69626998901367,2090564
2004-08-09,61.5698356628418,61.822689197391455,61.06412859374248,61.5698356628418,1217392
2004-08-10,61.696258482513734,62.075538760070174,61.44340496414278,61.82268524169922,1637694
2004-08-11,61.94912355454242,62.07555033730679,61.06413607519181,61.69626998901367,2236732
2004-08-12,61.949123127223515,62.96053738236186,61.949123127223515,62.32840347290039,2052441
2004-08-13,62.32840460936229,62.32840460936229,60.17914927800497,60.68485641479492,4990954
2004-08-16,60.431999206542976,60.431999206542976,59.29415821729844,60.43199920654297,3323797
2004-08-17,60.305557155410035,60.811264133652465,59.799850177167606,60.55841064453125,2527764
2004-08-18,60.55842566589102,61.316986321413665,60.43199888997058,60.937705993652344,1604250
2004-08-19,61.19055578664038,61.19055578664038,60.684848714023516,60.811275482177734,2039847
2004-08-20,60.5584375553411,60.68486435608294,60.30558395385742,60.30558395385742,1711226
2004-08-23,60.43199517771509,60.93770225033195,59.92628810509822,60.811275482177734,2054082
2004-08-24,60.68483738909186,60.937690878213076,60.431983899970646,60.55841064453125,1230063
2004-08-25,60.811264133652465,61.064117622773686,60.55841064453125,60.55841064453125,2564564
2004-08-26,61.064139573977094,62.2019806840512,60.937712783968855,62.07555389404297,2127010
2004-08-27,61.949119182548145,62.707679825599755,61.82269240870621,62.58125305175781,1547561
2004-08-30,62.454826277915885,63.213386920967494,62.454826277915885,62.58125305175781,1335271
2004-08-31,62.32840747405943,62.5812610540759,62.07555389404297,62.07555389404297,2006205
2004-09-01,62.45483361669333,62.96054077148437,62.20198003929781,62.960540771484375,1550945
2004-09-02,62.83410659944169,62.960533373283624,62.454826277915885,62.58125305175781,1516409
2004-09-03,62.32838826838548,62.45481501943697,61.69625451312802,62.201961517333984,1955884
2004-09-06,62.32840682799557,63.33982113757765,62.32840682799557,62.960540771484375,1467946
2004-09-07,63.08695968658386,63.71909355117889,62.96053291366485,63.339813232421875,2190334
2004-09-08,63.33981353943976,63.46624031297158,62.45482612471705,62.8341064453125,1938906
2004-09-09,62.58125305175782,63.08696014712556,62.32839950407395,62.58125305175781,1710000
2004-09-10,62.58125289824886,62.8341064453125,62.32839935118523,62.8341064453125,1240371
2004-09-13,62.960543802133195,64.477665339534,62.960543802133195,63.97195816040039,2825062
2004-09-14,63.84552001953125,64.35122710879486,63.84552001953125,63.84552001953125,1859710
2004-09-15,63.84552001953125,64.09837356416305,63.71909324721535,63.84552001953125,1520555
2004-09-16,63.9719581604004,64.2248117499672,63.466250981266796,63.97195816040039,1205804
2004-09-17,63.59266647489944,63.84552001953125,63.466239702583536,63.84552001953125,3120866
2004-09-20,63.97195337173787,65.61550158089318,63.845526586418224,65.3626480102539,3381723
2004-09-21,65.48905155676923,66.37403873996881,65.48905155676923,66.24761199951172,2847924
2004-09-22,66.24762696930856,67.00618758346094,66.12120020028316,66.75333404541016,3533424
2004-09-23,66.50047325631212,67.13260703251281,65.7419127248713,65.99476623535156,2171645
2004-09-24,65.86834738889716,65.99477415931732,65.23621353679643,65.48906707763672,1557111
2004-09-27,65.36263286997972,65.4890596260145,65.10977935791016,65.10977935791016,1404037
2004-09-28,64.98335977799604,65.86834716796875,64.85693300799994,65.86834716796875,2088806
2004-09-29,65.86833948011143,66.24761974583184,65.61548596963115,65.99476623535156,1493874
2004-09-30,66.5004891683889,66.62691595388013,65.23622131347656,65.23622131347656,2989240
2004-10-01,65.23621331798824,65.86834716796875,65.23621331798824,65.86834716796875,1616770
2004-10-04,66.24762696930856,67.00618758346094,66.14648709738375,66.75333404541016,1762657
2004-10-05,66.3993420887262,67.00618905003473,66.24762841927964,66.80390930175781,1929140
2004-10-06,66.70275851324665,67.36017923834493,66.551052567551,67.20846557617188,1664139
2004-10-07,67.6636060980439,67.71417217410274,64.8316434785188,65.13507080078125,4739457
2004-10-08,64.8316599301806,65.1350873294407,64.02252920137953,64.52823638916016,3089340
2004-10-11,64.37651695364927,64.47765683283653,63.76966610380855,64.07308959960938,1194666
2004-10-12,64.27536471933267,64.27536471933267,63.46623421808056,64.17422485351562,1249897
2004-10-13,64.32595274239998,64.73052003592034,64.2248128481397,64.52823638916016,1568858
2004-10-14,63.56737558874257,63.76965918340395,62.808815002441406,62.808815002441406,2417784
2004-10-15,62.4042600595743,62.80882344503874,62.35369011867114,62.70768356323242,2282512
2004-10-18,62.707681411541714,62.90996502645256,62.30311418172002,62.50539779663086,1691773
2004-10-19,62.75825632280208,63.314533414199296,62.707686379627674,63.06167984008789,2032729
2004-10-20,62.65710231091974,62.707672242693576,62.303105072025964,62.45481872558594,1843161
2004-10-21,62.60653330512262,62.808813035209745,61.99968254014563,62.100826263427734,2208368
2004-10-22,62.201961517333984,62.7582384503129,61.99967794400395,62.201961517333984,1338393
2004-10-25,61.544546792430566,61.59512058430965,60.836560004986815,60.9882698059082,2374196
2004-10-26,60.83657073974609,61.19056419593096,60.533143367885565,60.836570739746094,1717128
2004-10-27,60.8365536913053,61.595114191903924,60.53312640447527,61.54454040527344,2443091
2004-10-28,62.201968076695934,62.859388794785744,61.99968448203455,62.808815002441406,2431308
2004-10-29,62.5559688785893,62.85939623561819,61.89855194091797,61.89855194091797,1515384
2004-11-01,61.99967794400395,62.30310137487988,61.74682444190096,62.201961517333984,982459
2004-11-02,62.10083442504822,62.50539779663087,61.99969068847327,62.50539779663086,1348658
2004-11-03,63.2639629340761,63.87081382173647,62.85939953387518,63.82024002075195,3225802
2004-11-04,63.921373629415484,64.1236572265625,63.41566656566732,64.1236572265625,2067041
2004-11-05,64.42707824707031,64.73050170215143,64.12365479198918,64.42707824707031,1897677
2004-11-08,64.32595120544094,64.37652500960236,63.21339696220202,63.56739044189453,1645244
2004-11-09,63.66852217423711,63.66852217423711,63.01110142662572,63.16281509399414,1436045
2004-11-10,63.21338868680051,63.719095796294916,63.11224880819726,63.415672302246094,1526795
2004-11-11,63.41568060412897,63.769674083821485,62.96054337435321,63.56739044189453,1339832
2004-11-12,63.71910457083359,64.32595164249808,63.71910457083359,63.97195816040039,1706752
2004-11-15,64.32593710477583,64.5282207023609,63.567376507510836,63.87080383300781,1236013
2004-11-16,63.87078628023275,64.47763304797748,63.87078628023275,63.921356201171875,2183374
2004-11-17,64.07309805293129,64.2248117499672,63.567390873797684,63.97195816040039,1633880
2004-11-18,63.76966610380855,64.1742333370357,63.51681254760135,64.07308959960938,1653522
2004-11-19,63.82022536366166,63.9719390152937,62.404248000795846,62.55595779418945,3628658
2004-11-22,62.303105072025964,62.50538865735977,61.9996816231445,62.45481872558594,1706846
2004-11-23,62.657101153011006,63.06166445796377,61.4434035216759,61.645687103271484,1828536
2004-11-24,62.05028052157193,62.20199424595574,61.14000974998992,61.49400329589844,1706239
2004-11-25,61.69626301909669,62.100830221533826,61.49397941787813,61.84797668457031,773646
2004-11-26,61.69626301909669,61.89854662031526,61.49397941787813,61.84797668457031,634178
2004-11-29,61.79742688642577,62.10085433519339,61.3422934297549,61.49400329589844,1166852
2004-11-30,61.69627068837484,61.746840630405984,60.68485641479492,60.68485641479492,1838674
2004-12-01,60.7859956098145,61.69626998901367,60.7859956098145,61.69626998901367,1905778
2004-12-02,61.949122874967514,62.80882344503874,61.64569937130939,62.70768356323242,2031155
2004-12-03,62.758252330439745,63.06167582842329,61.84798183648911,62.151405334472656,1918190
2004-12-06,61.94914061080958,62.05028052157193,61.19057970537109,61.49400329589844,1310398
2004-12-07,61.34227472043683,62.4548288324562,61.190561042325506,62.151405334472656,1861131
2004-12-08,61.94912355454242,62.05026343745823,61.544556306400736,61.69626998901367,1304157
2004-12-09,61.64569228439786,62.50539275563621,61.54454855598005,61.94911575317383,1789157
2004-12-10,62.050277480760705,62.555984726270545,62.050277480760705,62.303131103515625,1508877
2004-12-13,62.40425791829497,62.75825135070966,62.20197430338412,62.50539779663086,1013603
2004-12-14,62.85939690767554,63.26396029097423,62.60654334627417,63.2133903503418,1678082
2004-12-15,63.415665786425535,63.5168056546369,62.758245068335725,62.808815002441406,1801122
2004-12-16,63.11224880819726,63.51681218084934,63.01110507135494,63.415672302246094,1959462
2004-12-17,63.92138422237375,65.33736192057914,63.516816961035445,64.22480773925781,7374352
2004-12-20,64.57878994879253,65.38792433050752,64.528220014495,65.13507080078125,2584767
2004-12-21,64.78107740245996,65.38792433050752,64.78107740245996,65.13507080078125,1726027
2004-12-22,65.13507080078125,65.13507080078125,65.13507080078125,65.13507080078125,0
2004-12-23,65.99477532544098,66.09591520026869,65.4384944391718,66.04534912109375,1325882
2004-12-24,66.04534912109375,66.04534912109375,66.04534912109375,66.04534912109375,0
2004-12-27,65.74191585937865,65.94419559081666,65.64077599365964,65.84305572509766,818184
2004-12-28,65.74191126171236,66.19704448385666,65.64077140306658,65.9441909790039,591584
2004-12-29,65.9441909790039,65.9441909790039,65.9441909790039,65.9441909790039,0
2004-12-30,65.99478747385082,66.55106846252094,65.99478747385082,66.19706726074219,957204
2004-12-31,66.19706726074219,66.19706726074219,66.19706726074219,66.19706726074219,0
2005-01-03,66.34877459738871,66.95562161635537,66.34877459738871,66.50048828125,1385447
2005-01-04,66.39934378172177,66.60162353515625,65.99477655837484,66.60162353515625,1506428
2005-01-05,66.24761199951172,66.55103926319906,65.94418473582438,66.24761199951172,1948279
2005-01-06,66.04535657021592,66.6522036041051,65.94420896750215,66.29821014404297,1516969
2005-01-07,66.14648278155549,66.50047616843425,65.94419533442684,66.34876251220703,2272134
2005-01-10,66.2981857822849,66.44989169765272,65.69133125491021,66.24761199951172,1302777
2005-01-11,65.33735385583623,65.53964131977591,64.52822329127184,64.73050689697266,3563591
2005-01-12,64.83164402921895,64.88221782218474,63.769659966995555,64.1236572265625,2991691
2005-01-13,64.47766131303442,64.52823125614186,63.820240477919505,64.22480773925781,2257310
2005-01-14,63.97192672507067,64.98334058633661,63.97192672507067,64.57877349853516,1812570
2005-01-17,64.62936933134804,64.78108300560152,64.22480210549811,64.67993927001953,1045744
2005-01-18,64.47765048935403,64.62936415144799,63.971943426692434,64.37651062011719,1939124
2005-01-19,64.57879553443755,64.88222288294449,64.37651577975159,64.67993927001953,1648478
2005-01-20,64.67993927001953,64.67993927001953,64.67993927001953,64.67993927001953,0
2005-01-21,64.32593983423203,64.78108084178987,64.27536989724967,64.47765350341797,1461094
2005-01-24,64.47765350341797,64.47765350341797,64.47765350341797,64.47765350341797,0
2005-01-25,64.2248117499672,64.37652544700312,63.466250981266796,63.97195816040039,2513255
2005-01-26,63.971926122110986,64.17420966410512,63.82021250105598,63.921356201171875,1456515
2005-01-27,63.92135620117187,63.92135620117187,63.92135620117187,63.921356201171875,0
2005-01-28,64.17422126902481,64.32593105927654,63.466230673134994,63.668514251708984,1998860
2005-01-31,63.617943420686856,64.17422036020875,63.617943420686856,64.02250671386719,1524624
2005-02-01,64.22481304831773,64.27538299560547,63.870819559063804,64.27538299560547,1505688
2005-02-02,62.859407657609964,63.11226126225322,60.93771871902528,61.24114227294922,10779832
2005-02-03,61.44340101102504,62.353675161891076,61.13997758014911,62.201961517333984,5069391
2005-02-04,62.35367978427517,62.454819649318736,61.84797274258029,62.100826263427734,1848324
2005-02-07,62.404260744142,62.4548306855999,61.49398636494283,61.69626998901367,2989674
2005-02-08,61.64569773684209,61.949121232455276,61.4434141203536,61.7468376159668,2017662
2005-02-09,61.59513010609786,61.94912355454242,61.443416423484926,61.69626998901367,1762091
2005-02-10,61.69627280128866,62.25254989916059,61.59513291376263,62.05026626586914,3011724
2005-02-11,62.201991197709695,62.505414773367576,62.151421244806734,62.303131103515625,2204188
2005-02-14,62.40424879381211,62.65710231091974,62.2019652084783,62.45481872558594,2048520
2005-02-15,62.555958589133596,62.758242174467405,62.35367886203827,62.45481872558594,1604188
2005-02-16,62.30310915703932,62.60653648405402,61.89854581808429,61.94911575317383,1886762
2005-02-17,61.79740031887151,61.89854404439106,60.98826980590821,60.9882698059082,3075201
2005-02-18,61.03883340487435,61.595114191903924,60.98826347648209,61.54454040527344,2537707
2005-02-21,61.999689688540336,63.16281756183946,61.89854981183562,62.85939407348633,4271909
2005-02-22,62.960527951631974,63.0616678187006,62.50539083334595,62.6571044921875,2140458
2005-02-23,62.100849596203155,62.303129402291646,61.4434286516956,61.59514236450195,2802157
2005-02-24,61.44340556592896,62.10082626342773,61.139982112559736,62.100826263427734,2819277
2005-02-25,62.40425691183716,63.0111038885434,62.30311317689346,62.85939407348633,2967771
2005-02-28,62.96052988791952,63.011099823009054,61.847975882994746,61.94911575317383,2833073
2005-03-01,61.949108015231005,62.55595487698286,61.645684584355074,62.201961517333984,2366206
2005-03-02,62.303114346414965,63.41567230224609,62.303114346414965,63.415672302246094,3802494
2005-03-03,63.415666729601114,63.980959564085424,63.210104629578375,63.46705627441406,3294196
2005-03-04,63.77539031467636,63.87817331355096,63.210097543562824,63.672611236572266,2210437
2005-03-07,63.62122169752021,63.77539031467636,63.26148708261487,63.672611236572266,1413305
2005-03-08,63.67262431676893,63.67262431676893,62.64481764150477,62.747596740722656,2087832
2005-03-09,62.747601123749185,62.850384150917954,62.02813561665412,62.182308197021484,2889951
2005-03-10,62.079529090624305,62.439259883786036,61.87396695705834,62.182308197021484,2101856
2005-03-11,62.38787868623403,62.90178212859054,62.23370608521824,62.490657806396484,1956379
2005-03-14,62.33647647990466,62.49064512887204,61.82257314180412,61.976741790771484,2002759
2005-03-15,65.26571575278612,65.67683994000964,64.54625038553039,64.9573745727539,12971208
2005-03-16,65.00876438142411,65.21432647587527,64.0837369167793,64.28929901123047,3348610
2005-03-17,64.340706044791,64.54626819512143,63.51846136424123,63.56985092163086,4199971
2005-03-18,63.36428769697468,63.56984591032874,62.95316342872336,63.05594253540039,4345238
2005-03-21,64.49485693958869,66.19073920830046,64.3406843985165,65.62544250488281,8206795
2005-03-22,65.88239864985783,66.13935028877424,65.26571628476681,65.93379211425781,2643225
2005-03-23,65.47129277726994,66.44771000402177,65.47129277726994,66.39631652832031,2518719
2005-03-24,66.5504805092728,66.5504805092728,65.67684642610821,65.98518371582031,1416000
2005-03-25,65.98518371582031,65.98518371582031,65.98518371582031,65.98518371582031,0
2005-03-28,65.98518371582031,65.98518371582031,65.98518371582031,65.98518371582031,0
2005-03-29,65.93379776335227,66.70465274614702,65.72823565045277,66.65325927734375,2155646
2005-03-30,66.3449308941623,66.60188258958269,66.13936483289991,66.39631652832031,1833395
2005-03-31,66.65324773257858,66.80742027074234,65.77961380503861,65.88239288330078,1725824
2005-04-01,65.98517422632274,66.55047093847845,65.88239514453296,66.03656768798828,1762541
2005-04-04,66.08797065393344,66.4477014127021,65.77962552267891,65.98518371582031,1815513
2005-04-05,66.139350619802,67.01298462818198,66.139350619802,66.80742645263672,3012706
2005-04-06,67.32133801207905,67.93802045609489,67.32133801207905,67.88663482666016,3819049
2005-04-07,68.09219338554841,68.19497248650106,66.910214120736,67.21855926513672,3320993
2005-04-08,67.42411108862848,67.73245620385933,66.91020779093841,66.96160125732422,1605462
2005-04-11,66.75603523332299,67.21855290616926,66.75603523332299,66.96160125732422,1090952
2005-04-12,66.9615977452158,67.32132846642271,66.65325264615753,67.06437683105469,2185293
2005-04-13,67.4755045550143,67.52689017985809,66.80742869970881,66.96160125732422,1339252
2005-04-14,67.0129831113711,67.8866249415183,66.85881840397249,67.73245239257812,3411667
2005-04-15,68.70887667521097,71.94646936494192,68.6060975729982,71.58673858642578,14500019
2005-04-18,71.07283277821044,71.27839097553382,70.30197777593385,70.55892944335938,5471845
2005-04-19,71.94645380765375,73.38538445211506,71.1242054846641,72.25479888916016,8826238
2005-04-20,72.46037271754865,72.61454529163925,71.48395948421302,71.58673858642578,4328464
2005-04-21,71.17561397678774,71.79229642849467,71.17561397678774,71.38117218017578,3640758
2005-04-22,71.84367968484797,71.9464587719281,71.27838294359472,71.89506530761719,1970798
2005-04-25,71.63810439725422,71.94644946012819,70.81586396549146,71.27837371826172,2303178
2005-04-26,72.61455413063693,74.20765001271147,72.56316065250324,73.7451400756836,7563151
2005-04-27,73.3340076212994,73.84791097932047,73.07705594228887,73.5395736694336,3957695
2005-04-28,73.95068806012816,74.36181230360971,73.4367847161619,74.259033203125,4067980
2005-04-29,73.69371424852056,74.00205929888205,73.12842544491166,73.79650115966797,2714320
2005-05-02,73.95069253224868,74.00208600637038,73.33401005050423,73.69374084472656,1714200
2005-05-03,73.84790767767579,74.51598358154298,73.69373510885374,74.51598358154297,2799878
2005-05-04,74.51598290891641,75.85213470458984,74.46458943925877,75.85213470458984,2960756
2005-05-05,75.85213470458984,75.85213470458984,75.85213470458984,75.85213470458984,0
2005-05-06,76.00629943047774,76.00629943047774,75.33823137418354,75.85213470458984,2738455
2005-05-09,75.59518749924351,75.64657313039021,75.02989066582897,75.2868423461914,2091041
2005-05-10,75.18404660229297,75.28682568338182,73.84789502351406,74.00206756591797,4111779
2005-05-11,73.48818168215722,74.20764326130934,73.3854025767845,74.15625762939453,3111568
2005-05-12,74.36179229364417,74.97847457215252,74.15623414798826,74.61874389648438,2378397
2005-05-13,74.51599563280061,75.02989905095785,74.46460215436734,74.8243408203125,1432105
2005-05-16,74.8243408203125,74.8243408203125,74.8243408203125,74.8243408203125,0
2005-05-17,75.59517278963648,75.8007309573109,75.02987606621961,75.49238586425781,3354048
2005-05-18,75.80072846019107,76.16045916254136,75.69794937973973,76.00628662109375,2429557
2005-05-19,76.3146418927984,77.2396694234438,76.10908370445154,77.03410339355469,5158510
2005-05-20,77.2396761291049,77.70218601380986,76.77715840285701,77.49662780761719,2867915
2005-05-23,77.39385598507029,77.59941421060012,76.98273169246698,77.29106903076172,1823517
2005-05-24,77.90773966858724,79.44944949441779,77.49661548005743,79.39805603027344,4688132
2005-05-25,79.19249785677937,79.44944949441779,78.78137366824956,79.39805603027344,3491355
2005-05-26,79.60361861613417,80.42586703877039,79.60361861613417,80.37447357177734,3323244
2005-05-27,80.32309171673525,81.19672580583126,80.32309171673525,81.14533233642578,2923573
2005-05-30,81.09393269978722,81.14531831877349,80.78558761970507,80.88836669921875,924235
2005-05-31,80.93976015974614,81.35088431934197,80.68280854019139,80.88836669921875,3293919
2005-06-01,80.93977475166321,82.37870564889016,80.83699565362039,82.22453308105469,4038359
2005-06-02,82.01896853905849,82.68703654541876,81.45367178124694,81.96757507324219,2754211
2005-06-03,81.9161882849435,81.96758175494922,81.24812022412469,81.55645751953125,1746363
2005-06-06,81.402280257594,81.71062537676468,80.99116388742259,81.24811553955078,1698383
2005-06-07,81.29950048654185,81.76201816143778,81.19672139485677,81.71062469482422,1565194
2005-06-08,81.29950585258783,81.55645751953124,81.19672675411897,81.55645751953125,1896647
2005-06-09,81.45367401173323,82.12174987792969,81.248115825923,82.12174987792969,2212166
2005-06-10,82.12174890310658,82.22452799479166,81.55645213652556,81.71062469482422,1871754
2005-06-13,81.65923627950542,82.37870564889016,81.60785065125528,82.22453308105469,1476421
2005-06-14,82.12173339609492,82.7384156712996,81.8133883377223,82.3786849975586,1644080
2005-06-15,82.32731217909749,82.48148474693298,81.8134088473409,82.22453308105469,2402044
2005-06-16,82.43008489942115,82.84120910132573,81.86479598315152,81.96757507324219,3027087
2005-06-17,81.86479822489582,82.32730806373992,81.86479822489582,82.12174987792969,3213923
2005-06-20,82.07035641070605,82.17313550361116,81.65923219754345,82.12174987792969,1324002
2005-06-21,82.1731473957276,83.14956852348944,82.07036828794827,83.09817504882812,2229391
2005-06-22,82.94399390001037,83.50929069672829,82.58426313916372,82.68704223632812,2069451
2005-06-23,82.63565635583512,82.89260801873166,81.6592353319028,81.81340789794922,2238237
2005-06-24,80.8369959887067,81.60785098953696,80.32309265481987,81.55645751953125,2393849
2005-06-27,81.2995039912043,81.9161864094408,81.24811836391765,81.60784912109375,1958465
2005-06-28,81.71063045554436,81.8648030247124,81.40228531720828,81.76202392578125,1676564
2005-06-29,82.07036608910792,83.04678719070935,82.01898045736662,82.94400024414062,2270622
2005-06-30,82.78982884493007,83.81763549556089,82.53287718227237,83.35511779785156,1855252
2005-07-01,83.09816650433761,83.66346330131273,82.84121484053846,83.56068420410156,1234532
2005-07-04,83.50928185274437,83.817626953125,83.30372368018503,83.817626953125,972699
2005-07-05,83.7148459935059,83.9717976482945,83.30372961907791,83.8690185546875,1279857
2005-07-06,84.02321489845833,84.38294574867496,83.81765665306152,84.28016662597656,1693565
2005-07-07,84.17736367705069,84.22874930308309,81.96757787756037,83.8690185546875,3874959
2005-07-08,84.22875437046103,84.58849298204146,83.81763797129943,84.38292694091797,1581871
2005-07-11,84.53709225152046,85.10238901413527,84.48569878526749,84.58848571777344,1897199
2005-07-12,85.25654984412358,85.25654984412358,83.61206093902402,83.817626953125,2376997
2005-07-13,84.02319013134552,85.20516929783189,83.8690175719704,84.99960327148438,2066523
2005-07-14,84.79404732250607,85.30795063961216,84.48570219562548,85.15377807617188,2099220
2005-07-15,85.30793453338606,85.71905867775874,85.10237638197015,85.61627960205078,2027087
2005-07-18,85.61629989183868,85.71907899190376,84.89683050829775,85.25656127929688,2089617
2005-07-19,85.15377748812239,85.46212261287361,84.53709508016217,84.9482192993164,2317378
2005-07-20,86.3871361033487,88.49413464151513,86.18157010641522,88.4427490234375,6191345
2005-07-21,89.21362317060142,90.03586381161115,87.15800980576307,87.67191314697266,4920335
2005-07-22,87.82608420590104,88.54555364037365,87.36357430209547,87.92887115478516,1922986
2005-07-25,88.28856658935547,88.7510763079137,87.51771183073166,88.28856658935547,1679962
2005-07-26,87.9802446408279,89.62473365586781,87.9802446408279,89.16222381591797,1715692
2005-07-27,89.05944568616793,90.1900314061416,89.05944568616793,89.57334899902344,2300718
2005-07-28,89.83029274874593,90.3955816382059,89.4705620297184,90.24141693115234,1862795
2005-07-29,90.34420327626513,90.80671311767534,89.93307906082151,90.03585815429688,1769804
2005-08-01,90.2928246914016,90.85812156100523,90.03587299458968,90.70394897460938,1256411
2005-08-02,90.80671087360234,92.96510314941406,90.80671087360234,92.96510314941406,3584489
2005-08-03,92.86231833547717,94.35264250759067,92.04007781712562,92.24563598632812,2729559
2005-08-04,92.09146343865548,92.75953925087592,91.5775601741077,92.24563598632812,2073086
2005-08-05,91.98868747116056,92.70814892929035,91.88590838307655,91.93729400634766,1454927
2005-08-08,92.24564302375174,92.70815286051304,91.88591227943272,92.04008483886719,1501339
2005-08-09,91.98869382379654,92.50259714124792,91.83452126025266,92.19425201416016,1700487
2005-08-10,92.50259075312235,92.65676330601924,91.73173583017966,91.93729400634766,2363879
2005-08-11,91.62897212245524,91.78314470123074,91.11506875423233,91.26924133300781,1996362
2005-08-12,91.47478739420572,91.5261808608193,90.19002914428711,90.96088409423828,1779156
2005-08-15,90.90949221115069,91.42339552006968,89.72752087387079,90.03585815429688,1480194
2005-08-16,90.03587153949924,91.11507178528551,89.5219681541807,90.08726501464844,2334700
2005-08-17,89.98443620857154,90.9608489647984,89.98443620857154,90.65250396728516,1955645
2005-08-18,90.49837103600967,91.06365994090478,90.24141939518232,90.39558410644531,1860138
2005-08-19,90.34419601636857,90.60114765017988,89.88167837058326,90.24141693115234,1966055
2005-08-22,90.19002346777347,90.3955816382059,89.83029274874593,90.24141693115234,1312726
2005-08-23,90.08725715741116,90.29281535699283,89.0594504764174,89.213623046875,2079580
2005-08-24,89.16222509483381,89.36778328408396,88.75110087479126,88.9052734375,1728451
2005-08-25,88.18580785361348,89.41917261513653,86.95243525054852,88.802490234375,1950436
2005-08-26,88.69971982939184,89.36778789973015,87.41496147636786,87.67191314697266,1709274
2005-08-29,87.36356412372012,87.87746744209495,86.13019929623748,87.56912231445312,1124256
2005-08-30,87.82606927675585,89.21361443539666,87.67190456272189,88.802490234375,2118164
2005-08-31,88.8025060536615,89.41918854427891,88.75111257880035,89.00806427001953,2157779
2005-09-01,89.62472286690083,89.77889540883898,89.00804054068946,89.4705581665039,1891938
2005-09-02,89.52196149947109,90.85811333859237,89.41918239835624,89.62474060058594,2319561
2005-09-05,89.67611920116924,90.13862900026069,89.41916757022032,89.83029174804688,780016
2005-09-06,89.93309202673865,91.06367790105183,89.88169855182032,90.75534057617188,1241629
2005-09-07,90.75532620412362,91.98869099141402,90.75532620412362,91.83451843261719,1880929
2005-09-08,91.78312777694369,93.06788596059889,91.68034084901795,92.86231994628906,2739953
2005-09-09,92.96509692198855,93.78734527747616,92.913711300734,93.581787109375,1739437
2005-09-12,93.9929065833076,94.09569351233095,93.06788695443129,93.27344512939453,1450956
2005-09-13,93.47900104296113,93.68456705449316,93.06788470298018,93.11927032470703,1409897
2005-09-14,93.37623409352886,93.94153089678332,93.17067589682318,93.42762756347656,1430288
2005-09-15,93.58181139393811,93.63319702852728,92.09148684306895,92.45121765136719,1973352
2005-09-16,92.91371946214404,94.04430516909245,92.45120178097731,93.787353515625,3220753
2005-09-19,93.89012371885713,95.07210278120198,93.5817864688159,94.04429626464844,1752232
2005-09-20,94.19848280324098,94.86655870654901,93.99291676446941,94.30126190185547,1276933
2005-09-21,94.09568997150615,94.5068063059623,92.81093182247707,93.376220703125,1319440
2005-09-22,92.9137238943579,94.55821298668744,92.81094479637653,94.095703125,2220582
2005-09-23,94.24985721632834,95.63740232790927,92.39981013678985,92.86231994628906,4668203
2005-09-26,92.60538926556471,93.27346524055505,92.29705193663769,92.91373443603516,2336086
2005-09-27,92.29703649074393,92.55398814262068,91.83451881244052,92.04008483886719,2560147
2005-09-28,90.96087069292847,91.32060138159798,90.13862239750598,90.90947723388672,4415552
2005-09-29,91.32062696490425,91.93730943846313,91.01228964889636,91.26924133300781,1883861
2005-09-30,91.9373007279047,92.39981842041016,91.52618434551188,92.39981842041016,2327024
2005-10-03,92.75955189801041,94.60960703924151,92.60537932931739,94.30126190185547,2269016
2005-10-04,94.55822434651303,95.0721277397006,93.73597578079553,94.86656951904297,1642776
2005-10-05,94.50681652468046,96.04852647021549,94.455430898088,95.94574737548828,2356541
2005-10-06,95.1235080477427,96.20270031911853,94.45543216077154,95.68879699707031,2823789
2005-10-07,95.38043934190038,95.58599749020928,94.19846038527244,95.17487335205078,2105658
2005-10-10,95.43183866901889,95.58601122317107,94.19847391888503,94.5582046508789,1274704
2005-10-11,96.81937222279464,97.53884150045404,96.20268987161626,96.87076568603516,3994968
2005-10-12,96.30547146462027,97.48745057606013,95.84296164957682,96.35686492919922,2351194
2005-10-13,96.0485410501396,96.5110588089345,94.45544523618422,94.86656951904297,2545863
2005-10-14,95.07211206909763,95.43184281672632,94.1470845455223,94.6609878540039,1872071
2005-10-17,95.07211299652748,96.87077459375908,95.07211299652748,96.61382293701172,2520565
2005-10-18,97.43605659131481,99.18332445546828,97.43605659131481,99.0291519165039,3861119
2005-10-19,99.02916302158118,99.7486323369155,95.84296417236328,95.84296417236328,3949640
2005-10-20,97.33328248025494,97.53884850644074,95.38045620151335,95.79157257080078,2492320
2005-10-21,95.32907439158073,95.89437123078955,93.68458518871383,94.3526611328125,2999818
2005-10-24,94.81518341081473,96.04854851368736,93.94154914281793,95.5346450805664,1483391
2005-10-25,96.3054480416558,97.23047528830362,96.09988991641843,96.81935119628906,3038115
2005-10-26,97.28189692383978,98.20692443847656,96.81937924575035,98.20692443847656,2040939
2005-10-27,97.89857676493995,98.2069218756195,97.12772182978294,97.17911529541016,1704325
2005-10-28,96.40827458325818,96.87078447596919,95.43185348308386,96.76800537109375,1962722
2005-10-31,97.94996900636689,98.97777557373047,97.43606572268509,98.97777557373047,1945803
2005-11-01,98.72082393188957,99.18333375058647,98.30969973663578,98.97777557373047,1652497
2005-11-02,99.18332861075419,99.59445278470291,97.59022537728096,98.4638671875,1616206
2005-11-03,98.72081344783014,99.4402748319618,98.20691021872439,99.28610229492188,1675009
2005-11-04,99.23473639952476,99.69724626102591,98.82361216622233,99.59446716308594,1667762
2005-11-07,99.69723960202947,100.15974943263858,98.87499119034437,100.00558471679688,1256658
2005-11-08,100.21115428339328,101.70147087714454,99.95420260574356,100.77645111083984,1833804
2005-11-09,101.23897447643084,101.3417535928697,98.77223647417856,99.08058166503906,1745469
2005-11-10,99.90279521112426,100.10836122952206,98.97777557373047,98.97777557373047,1383867
2005-11-11,100.00559720724841,101.39313471391773,99.49169384614548,101.18756866455078,1504229
2005-11-14,100.21115634107836,100.77645318013245,98.46388803379986,99.183349609375,2073393
2005-11-15,99.95418221014494,100.4680854605827,98.92637570926941,99.38888549804688,1359998
2005-11-16,99.64582174189748,100.15972491300894,98.15550568229025,98.7208023071289,1453807
2005-11-17,99.28610946904973,99.80001273528865,95.53461405719736,96.87076568603516,4284782
2005-11-18,97.43608443202194,99.49169796146086,97.43608443202194,98.87500762939453,3330222
2005-11-21,99.38888549804689,99.54305804148647,98.72081754571083,99.38888549804688,1150210
2005-11-22,99.80001707875026,102.00980278805942,99.80001707875026,101.59867858886719,2451944
2005-11-23,101.65008379452605,102.67789049044332,101.65008379452605,102.57511138916016,2036018
2005-11-24,102.42093505108194,102.62649324609117,100.87922506388514,101.80425262451172,1213318
2005-11-25,101.49590203704456,102.88343938266028,101.39312294506229,102.6264877319336,1311089
2005-11-28,103.19179647777801,104.01403715061691,101.03340392945428,101.18756866455078,2295587
2005-11-29,100.98200416138977,102.26676248405376,100.9306106918662,101.80425262451172,1076253
2005-11-30,101.54727935791016,102.2153472703439,100.93058922098542,101.54727935791016,1759192
2005-12-01,101.75285368777125,102.78066029067803,101.18755691955569,102.6264877319336,2084260
2005-12-02,102.78065589842997,103.29455917792212,102.36953170652791,103.19178009033203,1485531
2005-12-05,103.08898437824777,104.37374236979352,101.75283293042399,104.11679077148438,2221403
2005-12-06,104.27098623488585,105.3501864029478,103.96264893082729,104.9904556274414,2718715
2005-12-07,104.78488156475409,107.20023339020189,104.57932337777828,106.32659149169922,2563899
2005-12-08,105.9154802787892,106.42938361281236,105.40157694476605,106.17243194580078,2251773
2005-12-09,105.86407536576827,105.91546883023243,105.04182698359222,105.40156555175781,2319724
2005-12-12,105.65852478046718,105.96686206477483,104.11681483430205,104.5279312133789,1324529
2005-12-13,104.68209778959911,105.29878016448902,103.91124286060126,104.4765396118164,1709478
2005-12-14,104.68209995093498,104.78487904194837,103.3973417094126,103.75707244873047,1942271
2005-12-15,103.34596156872043,103.75707795458985,102.26676145195718,102.9348373413086,2060111
2005-12-16,103.55151562626536,103.55151562626536,102.57510248650551,102.8320541381836,4003775
2005-12-19,102.72926976103088,103.14039398225638,102.11258734996376,102.31815338134766,1740172
2005-12-20,101.95842833644335,102.88345599674551,101.39313931848444,102.36955261230469,1991921
2005-12-21,103.08899257241981,103.14037819124182,101.95839917676038,102.1125717163086,1369483
2005-12-22,101.39313190115625,101.7014692043386,100.51949777982547,100.82783508300781,2073181
2005-12-23,100.57085435167053,101.08475755003526,99.38887542712354,99.90277862548828,1357020
2005-12-26,99.90277862548828,99.90277862548828,99.90277862548828,99.90277862548828,0
2005-12-27,99.4916905178559,101.1361796500637,99.13195190388377,100.62227630615234,1074173
2005-12-28,100.26252211992329,101.75283833262314,99.90278358995909,101.08476257324219,1108000
2005-12-29,101.59866847884197,102.6778684141383,101.34171686010866,102.1125717163086,790293
2005-12-30,102.0098175379863,102.42094179662432,100.879231707889,101.39313507080078,624354
2006-01-02,101.39313507080077,101.39313507080077,101.39313507080077,101.39313507080078,0
2006-01-03,101.75283417446923,102.98619872481626,100.36529709494367,100.98197937011719,2027211
2006-01-04,102.16398338654913,102.2153690145302,101.39312839295074,101.80425262451172,1816183
2006-01-05,101.90701355793838,102.42091679540499,101.08476524137535,102.1125717163086,1691915
2006-01-06,101.80424686016825,102.06119851015197,100.9819984436035,101.75285339355469,1340647
2006-01-09,101.75284437877137,101.85562346135075,100.05696207081691,100.46808624267578,2456814
2006-01-10,100.5708867437183,101.34174178954376,99.59447348895662,99.85142517089844,2313306
2006-01-11,99.85142012256946,100.62227512942171,97.74441330055626,99.33751678466797,3887599
2006-01-12,99.59445227843904,100.87921041453464,98.97776994142143,100.46808624267578,2159135
2006-01-13,100.05699213815183,102.11260577362097,99.54308872928453,102.00982666015625,2209314
2006-01-16,102.26677703857422,102.88345955291015,102.00982533747226,102.26677703857422,1199272
2006-01-17,101.9583973216999,102.62647308655957,101.34171501626828,102.1639633178711,1906268
2006-01-18,100.98196715239831,101.39309123328597,100.15971899062299,100.67362213134766,2043104
2006-01-19,100.93058178025382,101.18753337118271,99.59443821234773,100.87919616699219,2457138
2006-01-20,100.5194696241222,101.49588257301855,100.05695203658662,100.98197937011719,2675959
2006-01-23,99.800036283732,101.3417464462249,99.74865064990826,101.03340911865234,1676672
2006-01-24,101.18756976925164,102.72927986939185,101.03340503247207,102.47232818603516,3064518
2006-01-25,102.4209099065491,102.4722955219149,100.57085523948798,100.98197937011719,2141046
2006-01-26,100.93061324195209,101.54730352564594,100.00559349949671,100.41670989990234,2033300
2006-01-27,101.18756752184508,102.00981602694137,100.57088506379432,100.77645111083984,1857818
2006-01-30,101.13617915846882,102.42093751200237,100.67366144627114,101.95841979980469,2021486
2006-01-31,102.3695182300462,103.8084487915039,101.34171180636795,103.8084487915039,2744855
2006-02-01,104.83627083966995,104.99044339450725,99.49167977661725,100.05696868896484,6593872
2006-02-02,100.72505446213941,101.59868857028822,100.21115112304686,100.21115112304688,3907002
2006-02-03,100.72501558203598,101.23891872276066,100.26250589199962,100.67362213134766,1710955
2006-02-06,100.9306120544295,100.98200552464687,98.46388231484778,99.13195037841797,2415017
2006-02-07,99.18334421498899,99.44029588393974,98.20693100959319,99.33751678466797,2118822
2006-02-08,98.92638427744407,100.8278249004424,98.6694326299702,99.80001831054688,1830264
2006-02-09,99.54306666307299,100.3653150716062,98.77221172065136,99.80001831054688,1959690
2006-02-10,100.21116864675767,100.41672688172316,98.2583340484095,98.6180648803711,1769606
2006-02-13,97.59023732988389,98.00136155418605,94.14708665424526,97.8985824584961,4772002
2006-02-14,98.46388231484778,99.23473731885272,97.17912397483956,99.13195037841797,2434965
2006-02-15,99.28609109042748,99.79999426153894,98.20689913601744,98.7208023071289,1780141
2006-02-16,98.56665137847668,98.97777557373047,97.79579645295398,98.97777557373047,1574076
2006-02-17,98.669416660822,98.92636826670955,97.28187955733733,98.052734375,2411772
2006-02-20,98.15550568229025,98.92636043895746,97.9499475504617,98.7208023071289,1157210
2006-02-21,98.51525154061095,99.69723058492606,98.51525154061095,99.38888549804688,2553723
2006-02-22,99.1319452730164,100.57087610802765,99.02916617941749,100.15975189208984,2388315
2006-02-23,99.85140865109659,101.03338776078637,99.85140865109659,100.10836029052734,1414091
2006-02-24,100.21115634107836,100.26254981428076,99.02917703131088,99.183349609375,1482801
2006-02-27,99.38890521815192,99.69725036621095,98.30971288303101,99.69725036621094,1456072
2006-02-28,99.95418861248892,100.0569677008515,99.13194022250468,99.64584350585938,2158155
2006-03-01,100.15973520191015,101.08476257324217,99.54305290153577,101.08476257324219,2734817
2006-03-02,101.08477551766785,102.33402572628562,100.77246892237987,101.7614517211914,3029594
2006-03-03,101.96964682326058,102.75042515404354,101.60528519072611,102.49016571044922,1977592
2006-03-06,102.95864334350225,103.01069046969528,101.5532438564766,102.28196716308594,1867029
2006-03-07,102.22991736980971,102.59428698440543,101.50119402559581,101.96965789794922,1710020
2006-03-08,101.96964666489168,104.10377727604579,101.76144228733476,103.4271011352539,2951225
2006-03-09,104.05173107256047,104.41610067805051,103.37506281662425,103.58326721191406,2435323
2006-03-10,103.11478687357621,104.36402893066406,102.6463151453028,104.36402893066406,1837661
2006-03-13,104.36403074178985,104.83249453570565,103.94761406803833,104.57223510742188,1593057
2006-03-14,104.52020287569543,105.09276893398675,103.37506281662425,103.58326721191406,1818044
2006-03-15,104.10380554199219,104.31200997608015,103.47918429723825,104.10380554199219,2065405
2006-03-16,104.15585946900015,104.5202211958665,103.68738758375203,103.94764709472656,1779644
2006-03-17,103.58325868321411,104.05172250528875,103.32299923928643,103.47915649414062,5106694
2006-03-20,105.1448435974121,105.87356705921003,104.05175046222517,104.10380554199219,2819828
2006-03-21,104.05171444514845,104.7804455971891,103.89556514487793,104.36402893066406,1543857
2006-03-22,104.3640662074505,105.04074253943824,103.58328765727008,104.25996398925781,2168919
2006-03-23,104.2599493145387,104.36405151807888,102.17787347377902,102.38607788085938,1816964
2006-03-24,102.49018008439957,102.75043956449453,102.12581840076443,102.38607788085938,1385262
2006-03-27,103.01069218187708,103.0627472514237,101.5532455444336,101.5532455444336,1243718
2006-03-28,101.81349254502616,102.38605852751337,100.8765570052891,100.92860412597656,1320767
2006-03-29,100.92862933660453,101.65736069064408,100.19990592505448,101.2409439086914,1723066
2006-03-30,101.70938992161886,102.12580663027458,100.61630499669674,101.86554718017578,1296284
2006-03-31,101.50121696896781,101.65737427587972,100.77249346003299,101.03275299072266,1499321
2006-04-03,101.86554584812838,102.33401761767311,100.56424861465078,100.7724609375,1333145
2006-04-04,100.66837493770436,100.92863444679097,99.6793919801712,99.93965148925781,2645917
2006-04-05,100.35604918706161,100.56425357769814,99.36705847531718,100.40809631347656,1823348
2006-04-06,100.61632134476757,100.98068304560952,98.69040268961207,99.1068115234375,2638829
2006-04-07,99.10682012824998,99.26297742573735,97.80552255333866,98.27399444580078,2599779
2006-04-10,98.3260211390665,99.5232162475586,98.27397401238589,99.5232162475586,2102808
2006-04-11,99.93962229330708,100.25193678996871,98.84652949747901,99.15884399414062,2633265
2006-04-12,99.15886454919558,99.41912403620134,96.66037188544242,98.84654998779297,3828513
2006-04-13,99.10681262122186,100.25196075439455,98.79450599239344,100.25196075439453,2117294
2006-04-14,100.25196075439455,100.25196075439455,100.25196075439455,100.25196075439453,0
2006-04-17,100.25196075439455,100.25196075439455,100.25196075439455,100.25196075439453,0
2006-04-18,100.40812609863526,100.40812609863526,97.80553073120055,98.3260498046875,2612464
2006-04-19,98.6904006495809,98.84654998779297,98.01372439486808,98.84654998779297,1926618
2006-04-20,99.00272270149773,99.26298222907396,97.54526775857278,97.90963745117188,2686862
2006-04-21,98.37807575752888,98.37807575752888,97.18088065452159,97.54524230957031,2869807
2006-04-24,97.33705860336661,98.69041125827042,96.92064179089698,98.27399444580078,1507942
2006-04-25,98.11783714831341,99.21093028823495,97.96167985082603,98.27399444580078,2087302
2006-04-26,100.35606545885848,100.92863159718934,98.22193436760702,98.58629608154297,2813873
2006-04-27,98.58629858858674,99.8875961303711,97.33705612546972,99.8875961303711,3062600
2006-04-28,100.30400795244618,100.30400795244618,98.89860826559095,99.26296997070312,1866255
2006-05-01,99.26296997070312,99.26296997070312,99.26296997070312,99.26296997070312,0
2006-05-02,99.67938612477978,100.35606239715347,99.52322884000287,100.1478500366211,1423225
2006-05-03,100.19989386011898,100.19989386011898,98.74243927001953,98.74243927001953,1408086
2006-05-04,99.21092347250931,99.52323010353871,98.27398769444201,98.37808990478516,1818282
2006-05-05,98.01371594621409,98.74243927001953,97.75345648164235,98.74243927001953,1547353
2006-05-08,99.21092464098516,99.31502685255437,98.37809106345215,98.53424835205078,1189650
2006-05-09,98.53422939590628,102.43812114738839,98.43012720436437,101.86554718017578,4284597
2006-05-10,101.34503113478208,102.38606896450247,100.87656728840324,101.29298400878906,2298029
2006-05-11,101.50119781494139,102.17787405553882,100.92862377847688,101.5011978149414,1635088
2006-05-12,101.5012078627588,102.12582909187782,100.19991032605677,100.82453155517578,2845874
2006-05-15,100.19991504095997,101.08479581905742,99.00271966236214,100.46017456054688,2068329
2006-05-16,100.19989149564398,102.698383885072,99.99168710589514,102.28196716308594,3004860
2006-05-17,102.80251023682906,102.80251023682906,100.46017456054688,100.46017456054688,2615829
2006-05-18,100.09580086647863,100.66836697569009,98.89860563087024,98.9506607055664,3177833
2006-05-19,98.48218886076872,99.15886511937252,97.64936326305495,98.9506607055664,2525651
2006-05-22,98.63833694047825,99.2629580661155,96.71241849372652,96.81652069091797,3090053
2006-05-23,97.49321429094489,97.75347380162948,94.31804508359693,97.07679748535156,3407074
2006-05-24,97.80551800795993,98.6383515941944,95.87959927509365,96.71243286132812,3241031
2006-05-25,96.71243286132812,96.71243286132812,96.71243286132812,96.71243286132812,0
2006-05-26,98.3260348283688,98.84655382257402,97.54525633706099,98.37808990478516,2505867
2006-05-29,98.1698848553666,99.41912725646247,97.96167249352429,99.26296997070312,765508
2006-05-30,99.41914303600637,99.52324526220562,98.27400266283324,98.3260498046875,1869629
2006-05-31,97.80550360906358,98.74243927001953,97.54524414449183,98.74243927001953,2383849
2006-06-01,98.79449724346466,99.36706331685689,97.64935715419146,98.16987609863281,1665250
2006-06-02,99.10681499702724,99.99170365614418,98.37809156980235,99.57528686523438,1850533
2006-06-05,99.57528686523439,99.57528686523439,99.57528686523439,99.57528686523438,0
2006-06-06,98.16987181653624,99.8875779042766,98.16987181653624,99.5232162475586,2770410
2006-06-07,99.6793759826504,102.38607285425597,98.89859758069753,101.7614517211914,3196795
2006-06-08,100.35607234121017,101.8135272393949,99.67939600178616,100.46017456054688,3341020
2006-06-09,101.2929748859268,101.44912419233074,99.15884435021324,101.08476257324219,1486593
2006-06-12,100.98068924246591,101.39710604433488,99.41913219232468,99.8875961303711,1453746
2006-06-13,98.58628756697604,100.30400171859478,97.96166640524804,98.48218536376953,3044910
2006-06-14,98.53423219938661,99.05475111439395,97.9616582158832,98.43013000488281,1918467
2006-06-15,98.79451305988873,99.6793938186055,98.69041084283207,99.21092987060547,2212767
2006-06-16,99.93963297344564,100.40809682601329,99.15885459084059,99.5232162475586,4042022
2006-06-19,99.93963297344564,100.40809682601329,99.3670589825399,99.5232162475586,1320797
2006-06-20,99.00270985240611,100.40810953041948,99.00270985240611,100.1478500366211,1929676
2006-06-21,100.2519359596269,101.44912298777632,100.14782583327694,100.92860412597656,2632967
2006-06-22,101.50120681393153,103.79148727786536,101.0847900179918,102.64634704589844,2813186
2006-06-23,102.54224713513925,103.73944247191552,102.54224713513925,102.95866394042969,1521942
2006-06-26,103.47915636160039,103.99967524878903,102.07375695468862,102.49016571044922,1487379
2006-06-27,101.86555509739618,102.33402690947759,101.18887888604887,101.91761016845703,2411752
2006-06-28,101.9176078615862,103.01069284672376,101.65734839715033,102.59428405761719,2039505
2006-06-29,102.85456132727607,104.52022059951136,102.64634895419046,103.89559936523438,2780108
2006-06-30,104.62432530257476,105.35304876947725,103.89560183567227,105.1968994140625,2491728
2006-07-03,105.66535911462665,106.70639713546042,104.88458059900134,106.602294921875,1636172
2006-07-04,106.6022881738637,106.8625476625975,106.28997361038742,106.70639038085938,1186591
2006-07-05,106.39406643440364,106.96664043611794,106.08175984095921,106.49817657470703,1557977
2006-07-06,106.81049689905439,108.68436847056869,106.60229247665929,108.21589660644531,2139700
2006-07-07,107.79947985608462,108.47614815048942,106.86254413903848,107.2269058227539,2015702
2006-07-10,107.74742977403662,107.85153198242186,106.23792789622702,107.85153198242188,1410773
2006-07-11,108.26793491994356,109.82949167359659,107.799471070843,108.05973052978516,3399148
2006-07-12,107.74744382690724,110.24593686646405,107.53923938298185,109.6733627319336,2959045
2006-07-13,109.46515408716874,109.51720122490752,107.53923525605154,108.16385650634766,2055531
2006-07-14,107.01871105830455,108.58026807991897,106.81049868992878,107.48717498779297,1714110
2006-07-17,107.4871617929947,108.58025475093591,107.07074504985097,107.74742126464844,1504533
2006-07-18,107.4350982205342,108.16382944899482,106.81047712648805,107.643310546875,1483913
2006-07-19,107.95563006566485,108.37204682578334,106.96664721006138,108.31999969482422,2336472
2006-07-20,110.50617544454656,112.53619618671533,110.35001816995921,111.8595199584961,4533602
2006-07-21,111.91156679417605,112.64029009863117,111.80746459960938,111.80746459960938,1865803
2006-07-24,111.65132302005274,114.7744369506836,111.65132302005274,114.7744369506836,2416549
2006-07-25,114.93061179511635,116.02369707234794,114.25393541826404,115.0867691040039,2362334
2006-07-26,114.61825515044555,114.98261677592285,113.10875358383059,113.6292724609375,2207791
2006-07-27,114.25390614034733,114.4100634092191,111.70336653789995,112.32798767089844,2171520
2006-07-28,112.64028450242108,113.94158172607423,111.9636163001118,113.94158172607422,1638241
2006-07-31,114.3580140275838,114.67032858086365,113.10877169944243,113.99365234375,1204382
2006-08-01,113.99365234374999,113.99365234374999,113.99365234374999,113.99365234375,0
2006-08-02,114.51416453499571,114.98262839473436,113.52518174555253,114.09774780273438,1659583
2006-08-03,114.4621072164401,114.4621072164401,111.75541042364691,111.91156768798828,2010744
2006-08-04,112.3279683296462,113.88952486450926,111.96360672667561,113.68131256103516,1341974
2006-08-07,113.2128842490421,113.68134817928363,112.11979115515891,112.38005065917969,1186981
2006-08-08,112.95260232602968,113.05670451847769,112.0156667090212,112.48413848876953,1206708
2006-08-09,113.10878357250654,114.87854504689406,112.06774554228096,114.56623840332031,2365808
2006-08-10,113.88955600534482,114.14981549898478,112.43210125246314,113.78545379638672,1680436
2006-08-11,113.73337315394207,114.56620652336873,113.42105865478516,113.42105865478516,1085505
2006-08-14,113.68132907157599,115.03468144200671,113.36902248473778,114.82647705078125,1422405
2006-08-15,114.82650017510069,117.84550416829366,114.61828779945598,117.79345703125,2551782
2006-08-16,118.31396309905013,118.62626971457878,116.49214670975434,117.11676788330078,2733501
2006-08-17,116.70034757899217,117.58522820987321,114.9826334469943,115.71136474609375,2132220
2006-08-18,115.97162007575119,116.96060287328798,114.7744249391355,115.19084167480469,1792781
2006-08-21,115.39905868269022,116.80445836948421,115.1387991872658,115.81547546386719,1271166
2006-08-22,116.07573612184733,116.28394054327633,114.04571521420098,115.97163391113281,1621141
2006-08-23,116.23188280751903,116.33598500873825,115.13878983849507,115.60726165771484,1018402
2006-08-24,115.86749714219104,117.74136020362911,115.60723772178403,117.32494354248047,1833706
2006-08-25,117.58525676171949,118.31398823776823,117.22089499494054,117.3770523071289,1467216
2006-08-28,117.58524175699833,117.7413990492599,116.23189708987431,117.42909240722656,877586
2006-08-29,117.42907454715463,118.31395514540013,117.01265781195421,118.05369567871094,1532483
2006-08-30,118.26190860216848,118.4180658819392,117.22087066034923,118.15780639648438,1581496
2006-08-31,118.52218311440747,118.52218311440747,116.90857886550103,118.10576629638672,1659956
2006-09-01,118.15777686477776,118.20983192585403,117.22084136281511,117.32494354248047,1179466
2006-09-04,117.32496436160916,117.48112163006066,116.33598156556401,117.06470489501953,1365734
2006-09-05,116.90855556905665,117.4290745022359,116.0757220989744,117.06470489501953,1492502
2006-09-06,117.11675677679283,117.7413778911047,116.38803346717702,117.63727569580078,1734894
2006-09-07,117.11678703020667,117.53320386147882,116.28395336766236,116.64832305908203,1900775
2006-09-08,116.59627368867794,117.48115453442419,116.49217146138264,117.3770523071289,1251167
2006-09-11,117.32496220888073,117.53317454382524,111.7554113145529,112.01567077636719,6004034
2006-09-12,112.32798918940173,113.57723147228654,111.70336804795932,113.47312927246094,3867227
2006-09-13,113.88954304047573,114.41006196850122,113.10876464843749,113.1087646484375,2022537
2006-09-14,113.68133476415261,113.68133476415261,110.4541188836251,110.7143783569336,3465768
2006-09-15,110.24591503891061,110.6102767148854,109.20487714041757,109.82949829101562,4761008
2006-09-18,110.35002395878861,111.65132141113281,109.9336071855406,111.65132141113281,2048431
2006-09-19,111.85951172564855,112.43208570949781,111.39104787885431,111.80746459960938,1542208
2006-09-20,112.11978668309942,114.14981549898478,111.75542498050136,113.78545379638672,2111191
2006-09-21,113.62929006413209,114.25391122492776,112.3800398000518,112.9526138305664,1983556
2006-09-22,112.22389369344118,112.64030251761845,110.66233677530883,111.443115234375,2002733
2006-09-25,111.96362297763628,112.69234628934801,110.50616841172439,110.9746322631836,1261998
2006-09-26,111.13080243019513,111.96363597669115,110.76644073203663,111.65132141113281,2061835
2006-09-27,112.3800346229347,114.20185089111328,111.70336636303068,114.20185089111328,2185084
2006-09-28,114.35800038743136,114.67031490345963,112.7443965679202,113.2649154663086,1863128
2006-09-29,113.73338129406531,113.78543636181304,111.65130566396802,112.53618621826172,1925791
2006-10-02,112.95260552694631,113.05670772234444,111.9115676879883,111.91156768798828,1580405
2006-10-03,112.22387071304121,113.36901063001356,112.17181564943391,113.31695556640625,2032727
2006-10-04,113.68134692066037,113.8375042098419,112.43210449218749,113.21288299560547,1501769
2006-10-05,114.04570030738108,114.04570030738108,112.74440298731734,113.1087646484375,1273378
2006-10-06,113.42109216192965,113.42109216192965,111.4951733614693,112.84852600097656,1445094
2006-10-09,112.64027974533066,113.62927035903218,112.11976087785226,113.36901092529297,1129327
2006-10-10,113.7333986931996,115.19085344572935,113.68134361748841,114.72238159179688,2197420
2006-10-11,114.25392287504496,115.39906311035156,114.14982066137888,115.39906311035156,2369939
2006-10-12,115.60726695303,115.8675264392435,113.52519106332205,115.29495239257812,2558769
2006-10-13,115.29495239257812,115.76341629076674,114.67033121416358,115.29495239257812,2110205
2006-10-16,115.45110967280407,116.23188813144455,115.03469290636464,115.29495239257812,1537994
2006-10-17,115.34700008821926,115.34700008821926,113.5772309296838,114.3580093383789,2201905
2006-10-18,114.5141556814768,114.72236006026611,113.31696064721831,113.94158172607422,2349545
2006-10-19,113.94157752505491,113.99363258907694,112.95259484853743,113.42105865478516,2649161
2006-10-20,113.68133367211215,113.7854438144265,112.84850813101852,113.47312927246094,1805002
2006-10-23,113.52520765864122,114.51419067382814,113.42109749494544,114.51419067382812,1618622
2006-10-24,114.51417130422374,115.1908475413374,113.00466949584548,113.99365234375,1717692
2006-10-25,113.78545707510783,113.99366149902343,112.84852128250834,113.21288299560547,2346779
2006-10-26,113.78544084336833,114.09774743469052,113.00466245133009,113.1087646484375,2052108
2006-10-27,113.10875119695223,113.31695556640626,112.38002001888795,113.31695556640625,1418479
2006-10-30,112.90056841724241,113.47314249674479,112.7964662052846,113.21288299560547,1314256
2006-10-31,113.62927006307488,114.20183605031727,112.79643670028359,113.31695556640625,2179758
2006-11-01,113.42108502710263,114.41007587606484,113.26493568370446,113.88955688476562,1252469
2006-11-02,113.73338013545448,115.34699190933719,113.52517575156104,115.24288177490234,1980077
2006-11-03,115.29495886369754,115.71137565350907,114.56623543839464,115.13880157470703,1772488
2006-11-06,115.50315007965719,116.44008576397276,115.19084347987783,116.3880386352539,1357815
2006-11-07,116.17981838646567,116.38803071463774,115.190835640735,116.33597564697266,1455903
2006-11-08,116.17982862641638,116.28393082843375,115.34700306778848,115.71136474609375,1448428
2006-11-09,115.71136915901756,116.17983305720617,114.72237834591276,115.29495239257812,1334811
2006-11-10,115.03468436213322,115.34699889938784,113.62928482946461,114.20185089111328,2239584
2006-11-13,114.46212238062472,115.60727050918092,114.46212238062472,114.7744369506836,1725287
2006-11-14,114.98262489583692,115.13878215849415,114.35800378769629,114.6182632446289,1436926
2006-11-15,115.29496434611977,115.9716406689291,115.13880704970377,115.86753845214844,1678406
2006-11-16,115.81547990750572,115.97163719924976,114.87854409953131,115.39906311035156,1753817
2006-11-17,115.50313852331904,116.283916858382,114.41005361972366,114.93057250976562,2262560
2006-11-20,114.93057618738607,116.59623510032159,114.4100572806882,116.33597564697266,1770929
2006-11-21,116.28392849283871,117.11676197722782,116.17982629291225,116.3880386352539,1809813
2006-11-22,116.64829667704976,117.3770200100948,116.5441865359102,117.16881561279297,1702393
2006-11-23,117.22087515066117,117.32497736033305,115.76342038778652,115.81547546386719,1062676
2006-11-24,115.86751489188539,115.91956201844755,113.36902248473778,114.82647705078125,2445547
2006-11-27,114.4621150541319,114.82648467670782,113.62928949143152,113.83749389648438,1719413
2006-11-28,113.57724419370372,114.20186540510791,111.91158498246266,112.17184448242188,2567440
2006-11-29,112.27591326815586,113.68131256103516,111.6512922427081,113.68131256103516,1932033
2006-11-30,113.6813351195908,114.20185406783524,112.53619502195079,112.69235229492188,2073453
2006-12-01,112.4320984255848,112.84851519343667,110.08976304171846,110.50617980957031,2678063
2006-12-04,111.13080010557742,111.80747635513966,110.14181723947895,111.33900451660156,2471448
2006-12-05,111.9115687217332,112.11977311445267,110.08975248672824,110.14180755615234,2839895
2006-12-06,109.98566055211253,110.50617952496448,109.15282701855375,110.4541244506836,2788872
2006-12-07,110.35003876615038,112.38005988721075,110.0897792407585,111.59928131103516,1926317
2006-12-08,111.65132141113281,112.48415495762885,111.18285750528463,111.65132141113281,1551195
2006-12-11,112.22389311967713,112.64030194172543,111.2349023110895,111.33900451660156,1940893
2006-12-12,111.91157591507731,113.00466890333644,111.70337150897508,112.9526138305664,2716751
2006-12-13,112.64028643425206,113.42106478183464,112.48413711872601,113.2649154663086,1821966
2006-12-14,113.47313922702298,114.09776042326101,113.26493480910679,113.78545379638672,2186321
2006-12-15,114.4620954833786,114.5141505469859,113.31695556640626,113.31695556640625,5637190
2006-12-18,113.21287998536816,115.29495593912206,113.05672270033874,114.7744369506836,2246770
2006-12-19,114.25391770794288,114.30597278366663,113.16082465765926,113.78545379638672,2245348
2006-12-20,114.3580119608879,114.46211416260348,113.21287185703862,113.73339080810547,1367982
2006-12-21,113.94161654346284,114.87855241929225,113.36905035558793,114.51419067382812,1471459
2006-12-22,114.56622430680795,114.77442871023915,113.73339080810545,113.73339080810547,917263
2006-12-27,114.25390041096729,114.77441931944551,113.83748369568708,114.46210479736328,736537
2006-12-28,114.51417247858603,114.56622755216286,113.68133895629158,114.14981079101562,576718
2006-12-29,114.3580119608879,114.41006703299013,113.36902913085645,113.73339080810547,738160
2007-01-03,114.30595508784627,116.44007783981459,114.04569563449733,116.33597564697266,2162483
2007-01-04,116.07574334282694,117.53319821096582,115.76342874876501,116.90857696533203,2369840
2007-01-05,117.2729083456681,120.08370719481015,117.11675108905177,118.83446502685547,3814381
2007-01-08,119.04268469982186,120.39603717436724,117.63728509471031,117.84548950195312,2769874
2007-01-09,118.4180658819392,118.62627029330737,117.22087066034923,118.15780639648438,1660159
2007-01-10,117.1167728429708,117.94960640462773,116.44009656693575,117.74139404296875,2159251
2007-01-11,118.73036621525091,120.23986787302519,118.47010676098029,120.18781280517578,3456304
2007-01-12,120.18782306690866,120.70834201989223,119.56320191182618,120.55219268798828,1618011
2007-01-15,120.76040499113357,122.11375753440929,120.44809042191936,121.54118347167969,1370908
2007-01-16,121.80142509420043,122.21784181122526,121.07270179627315,122.16578674316406,1345224
2007-01-17,122.00962484690601,123.31092207412338,121.95757772331008,122.53014373779297,1915086
2007-01-18,123.31092546416762,124.66427779467503,123.05066601156913,123.93555450439453,2438330
2007-01-19,123.36298875628734,125.13274997495168,122.94657201586963,124.97660064697266,2321933
2007-01-22,124.45610303817274,124.87251190747195,122.26991676190154,122.79043579101562,2452263
2007-01-23,122.94657396912982,123.51914798911176,122.00963827392701,122.32195281982422,1958364
2007-01-24,122.84245329783073,123.41502723172246,122.42603661340836,122.8945083618164,1213457
2007-01-25,123.15479633427103,124.29993652491939,122.00964820113317,122.63427734375,1419620
2007-01-26,122.37399986418203,122.89451877820665,121.17680477342776,121.33296203613281,1625479
2007-01-29,121.43708126277143,122.06170245871044,120.5001454976182,121.54118347167969,1120796
2007-01-30,121.54117439757002,122.32195281982422,121.02065544940055,122.32195281982422,1202627
2007-01-31,122.32197818025783,122.37403326286264,121.12478276276147,121.64530181884766,1372123
2007-02-01,122.32195343146346,124.03966755750943,122.2178512298068,123.36299133300781,2069215
2007-02-02,123.77940808212334,124.45608430662496,122.47811070519289,123.36299133300781,1843050
2007-02-05,123.62323417103765,124.87247630777091,122.73835366231094,124.14375305175781,1573835
2007-02-06,124.03965086411134,125.65325462885114,124.03965086411134,124.14375305175781,1784929
2007-02-07,122.26990687652697,122.79042586355773,120.29194107980167,121.54118347167969,5669574
2007-02-08,121.28092317133452,121.43708045490278,117.84549470279025,119.51116180419922,4264286
2007-02-09,118.93858930941703,119.35500609024548,116.335994357351,117.74139404296875,4973794
2007-02-12,117.63727459262856,118.78241461520959,117.27291294123755,118.47010803222656,2324421
2007-02-13,119.14678926421699,119.14678926421699,117.84549183694294,118.15780639648438,1532208
2007-02-14,118.73036994189329,119.71935272216798,118.4180554099705,119.71935272216797,1983996
2007-02-15,120.23989055250411,120.23989055250411,118.88653795803414,119.1988525390625,1736472
2007-02-16,118.83447942727977,120.03167461643108,118.67832215174022,119.66730499267578,2111179
2007-02-19,119.82347194644305,120.29194381090052,119.45911023574696,119.92757415771484,1335836
2007-02-20,119.30295350818231,120.23988929901019,118.99064687289945,120.03168487548828,2136812
2007-02-21,120.08373715187396,120.65631125481018,118.5221800811279,118.73039245605469,1793250
2007-02-22,116.59625360338374,117.53318937262311,115.91957732879479,116.75241088867188,4266323
2007-02-23,116.49214437948815,116.80445098876953,115.8675232184364,116.80445098876953,1933070
2007-02-26,116.02367988321095,116.64830902622114,115.29495647301836,115.81547546386719,1997503
2007-02-27,115.2949455681197,115.71136230991088,113.05671253066974,113.47312927246094,3420643
2007-02-28,112.95263844403581,114.67035296739718,111.33902614641045,113.16084289550781,3685249
2007-03-01,113.05673217773438,115.29496560414584,111.65133237963559,113.05673217773438,3393928
2007-03-02,113.52518137935559,114.25390470159587,112.17182898949389,113.1087646484375,1927354
2007-03-05,111.96363420708579,112.79645979792953,111.1828557480196,111.443115234375,2437043
2007-03-06,112.43208312988281,112.90054696592874,111.28694313094645,112.43208312988281,2603387
2007-03-07,112.90058647870535,113.6293179639693,112.119807850381,113.57726287841797,2100132
2007-03-08,114.21173962689932,115.00487670764167,114.05311059710932,114.31748962402344,1962696
2007-03-09,113.89450131574468,114.52901754492486,112.99561408201811,114.00025939941406,1892420
2007-03-12,114.00024674190664,114.95200484358467,112.73122249265572,113.41860961914062,1450389
2007-03-13,113.6829892010756,113.94736824572927,112.30821494159329,112.62547302246094,1563673
2007-03-14,111.51505628638573,111.51505628638573,108.97702440209085,110.24604034423828,3031767
2007-03-15,111.0391932383383,111.62083033496508,110.72193517323137,111.14494323730469,2150757
2007-03-16,111.56795767604322,113.47149003903151,111.30357862941753,111.88521575927734,4481988
2007-03-19,112.8898554613506,112.99560546875,111.93808925833922,112.99560546875,1885864
2007-03-20,113.15422902141032,114.3703742179923,111.7265838202958,114.10599517822266,2190543
2007-03-21,114.10599047836521,116.11527271149679,113.94736144739552,115.26925659179688,3156655
2007-03-22,116.22104257071813,117.9130670310647,115.85091348067499,117.49005889892578,3241836
2007-03-23,117.49005273144277,118.70619802192381,114.74051211918693,115.95665740966797,4700754
2007-03-26,116.27389079269305,116.64402787851861,115.58651178920552,115.79801177978516,2403446
2007-03-27,116.59114295964878,117.11990097760636,114.95198987669741,115.16349792480469,1781842
2007-03-28,114.95201123565526,114.95201123565526,112.9427368486436,113.2599868774414,2140827
2007-03-29,113.52434143260324,114.79336547851562,113.41859144582891,114.79336547851562,1925616
2007-03-30,115.00487855423327,115.0577575877482,113.68298339843749,113.6829833984375,1786038
2007-04-02,114.21172824280092,114.95198621709191,113.31284125453135,113.89447021484375,1910512
2007-04-03,114.74049332049128,115.9566384117232,114.37036431051826,115.53363037109375,1666749
2007-04-04,115.63940122061702,116.16815934971741,114.74051401478808,115.32215118408203,1717022
2007-04-05,115.48075458996108,116.74977874755861,114.79337558132922,116.7497787475586,1432331
2007-04-10,117.06706167849974,117.86019897460939,116.64406157514243,117.86019897460938,2111805
2007-04-11,117.70154571533203,117.86016667651803,117.27853765968494,117.70154571533203,1782918
2007-04-12,117.11990881181949,117.70154589776168,116.22102173480596,116.85552978515625,1713724
2007-04-13,116.85552647396487,118.60042961414067,116.85552647396487,118.17742156982422,1800733
2007-04-16,118.70619832505864,118.97057738591623,118.23031924279843,118.54756927490234,1398596
2007-04-17,118.17743446794861,118.44181351597534,117.06703923895304,117.91305541992188,2139713
2007-04-18,120.02809348795394,121.61436785123087,119.81659346680047,121.13848876953125,4500593
2007-04-19,120.71546185167595,122.61898595011607,120.55683282642077,122.40748596191406,2963181
2007-04-20,122.98914452849111,124.20528177552674,122.83051547550988,123.94090270996094,3786197
2007-04-23,123.78225364668837,125.73865667444724,123.35924562409558,124.20525360107422,2140895
2007-04-24,124.41676812266256,124.78689713611975,121.6672279349997,122.40748596191406,2762199
2007-04-25,123.04201082848243,123.57076893953582,122.14312365333338,123.41213989257812,1875408
2007-04-26,122.98911913253069,124.25813515792453,121.98447404990405,122.83049011230469,1643241
2007-04-27,122.46038614509908,122.61900712954478,120.39822459700854,121.34999084472656,1715508
2007-04-30,121.03271906241788,121.93161423647955,120.39821099170977,120.66259002685547,1481899
2007-05-02,121.3499818851808,121.77298997162481,120.39821570773383,121.19135284423828,2371488
2007-05-03,121.61435855405924,122.30174567257161,120.23958431703448,120.92697143554688,1891880
2007-05-04,120.97984041796015,123.99375961369199,120.97984041796015,123.20062255859375,2457185
2007-05-07,123.57076212558253,123.57076212558253,121.98448787989287,122.671875,989426
2007-05-08,122.67186017150217,123.67649717838252,121.29708609746976,121.87872314453125,1252949
2007-05-09,122.35462170962808,123.14775886349743,120.6097264256822,121.50861358642578,1636568
2007-05-10,122.03739612323024,122.14314615127766,120.34537146984154,120.76837158203125,1282758
2007-05-11,119.60507388627268,120.66259002685547,119.44644485154369,120.66259002685547,1670602
2007-05-14,121.34997022921486,121.34997022921486,119.55219611976871,119.92232513427734,1828014
2007-05-15,119.81658460234418,121.61435885376886,119.55220556135774,120.97985076904297,1798368
2007-05-16,120.13383380331187,120.55684187968923,119.552204757975,120.02808380126953,1674005
2007-05-18,120.82123891642756,121.50862613440793,119.18208540187506,120.3453598022461,2280737
2007-05-21,119.92232751760729,122.51323873886673,119.71081945639357,120.18670654296875,2107958
2007-05-22,120.29246150184582,120.39821150271136,118.8119372851046,119.86945343017578,2056221
2007-05-23,119.55219611976871,120.768333157696,119.2878170996615,119.92232513427734,1746660
2007-05-24,119.44644617174879,120.23958328595218,118.75906712733887,119.12919616699219,1838678
2007-05-25,118.65331812825852,120.13384246826172,118.49469714785808,120.13384246826172,2105645
2007-05-29,120.34533152377792,120.45108151672389,119.23493642732699,119.7108154296875,1394722
2007-05-30,118.44184039807372,119.23497772216797,117.9130821820109,119.23497772216797,2245053
2007-05-31,119.76370954325246,120.29246764278118,118.75907238143124,118.86482238769531,2071747
2007-06-01,118.75906997962271,120.50396521821166,118.54756190316382,120.29246520996094,1730285
2007-06-04,119.49933182638956,119.81658991692882,118.28318657026692,119.02345275878906,2024385
2007-06-05,118.97056181406569,119.34069083717904,117.49003765340468,117.70154571533203,2200073
2007-06-06,117.38427114045797,118.17740810762322,116.06237619518254,116.69688415527344,2726028
2007-06-07,117.06705807672867,117.17281616752396,114.42326717103732,114.84627532958984,2688496
2007-06-08,114.26460926134091,115.42787527044328,114.0531012162815,114.95198822021484,2811939
2007-06-11,115.26925659179686,115.74513561649827,114.47611950515606,115.26925659179688,1765661
2007-06-12,115.32216253354002,116.32679985041891,114.37039619384923,114.84627532958984,2142331
2007-06-13,114.74049798253134,114.89912701273857,114.10598992991001,114.37036895751953,1716154
2007-06-14,114.7404771142981,115.48073502968853,114.21171915524604,115.42786407470703,2390192
2007-06-15,115.42791020933392,116.64405561486811,115.26928114457564,116.32679748535156,5149036
2007-06-18,116.37963907552408,116.48538906192655,114.58185703385479,115.58650207519531,2226946
2007-06-19,115.6922622576115,116.22102030443038,115.00487518310547,115.00487518310547,1905953
2007-06-20,115.00487008522781,115.42787811757351,114.05310402950172,114.42323303222656,2630562
2007-06-21,113.73585524590275,113.84160523804337,112.20245212113835,112.88983917236328,3867612
2007-06-22,113.15423433902251,113.20711337674466,111.56796002585865,112.14959716796875,2574622
2007-06-25,111.56794424284216,112.57258127177442,111.14493620553117,112.0438232421875,2291782
2007-06-26,111.1978500810869,112.30823745024964,111.1978500810869,111.72660827636719,2473972
2007-06-27,111.35647386510185,112.83699028701055,111.19784480040894,111.99098205566406,3708947
2007-06-28,113.04846640673912,114.52899047791409,112.30820033704808,113.52434539794922,3977676
2007-06-29,114.1059802445981,115.11061723695767,113.41859321751721,114.95198822021484,2571524
2007-07-02,114.52900798896857,115.4278951476947,114.26462893827217,114.63475799560547,2162280
2007-07-03,115.26926288973432,115.37501289342273,114.63475479939575,115.11063385009766,1993484
2007-07-04,115.11064322543218,116.48541758997611,114.89914320082947,116.16815948486328,1790037
2007-07-05,116.80266376745074,116.90842184446637,114.37038129205273,114.89913940429688,2347515
2007-07-06,114.52900295054772,115.85089814587626,114.15886584128934,115.7451400756836,2173529
2007-07-09,115.90377837034804,116.37966551960163,115.0048911793694,115.95665740966797,2278313
2007-07-10,115.85087205558992,116.27387196826663,114.3703481566029,115.42786407470703,2120558
2007-07-11,114.58186999348038,115.95664417682492,113.94736193509355,114.47611999511719,2905266
2007-07-12,114.79337671339343,115.32213476722167,113.41860254615696,114.31748962402344,2671814
2007-07-13,115.26927274471792,115.6394018233757,113.6829983491484,114.52901458740234,2319448
2007-07-16,114.63474378089018,115.74513081520203,114.31748573211117,114.74049377441406,1765600
2007-07-17,114.26463156045699,115.21638971023869,114.05312347412111,114.0531234741211,1885847
2007-07-18,113.04848788336446,114.26463317530535,112.73122978348123,113.36573791503906,2784448
2007-07-19,114.74051024421813,118.97057513801418,114.63476023551492,116.5911636352539,7573750
2007-07-20,117.27854259586823,118.12455067456278,115.69226837158203,115.69226837158203,3926992
2007-07-23,115.79800593271239,116.06238494169118,114.79336892587578,115.16349792480469,2096362
2007-07-24,114.68762896481975,115.6393951609685,114.21174990084955,114.63475799560547,2431536
2007-07-25,113.84159925565542,115.21636521765394,113.47147026850993,113.89447021484375,2594434
2007-07-26,114.1588717809803,114.58187987913617,110.77482313215025,111.30358123779297,3615546
2007-07-27,110.72192652997161,113.0484666666548,110.24604753766741,111.0391845703125,3713334
2007-07-30,111.51508360752014,112.46684983141623,111.14495453939627,111.56796264648438,2121488
2007-07-31,112.6254879292743,113.47150421142577,111.93810070855237,113.47150421142578,2812413
2007-08-02,113.101360766769,113.31286885967006,112.41398165241472,112.73123168945312,2957586
2007-08-03,112.73119626767122,112.78407529133331,109.87590649045518,110.56329345703125,3005017
2007-08-06,109.71729887356084,111.03919404071218,109.45291984013058,110.4046859741211,2119789
2007-08-07,111.56795055949134,111.56795055949134,110.2460554106822,111.09207153320312,2044871
2007-08-08,111.8323301803234,114.37037049309285,110.61618502334971,113.6829833984375,3307131
2007-08-09,113.41862853068226,113.78875763951811,111.88523305055821,112.09673309326172,3354329
2007-08-10,111.14494529916098,111.6737033720097,108.7655339713417,109.66442108154297,3751474
2007-08-13,110.66904660553128,111.19780458447008,109.87590963712309,110.88054656982422,1877082
2007-08-14,110.24604557110712,111.14493257842919,109.9816665649414,109.9816665649414,2022371
2007-08-15,109.18854805930062,110.51044331425582,108.87128997082802,110.35181427001953,2575549
2007-08-16,108.87131934314957,110.51047312880358,107.33792366099105,108.50119018554688,4659900
2007-08-17,107.86665652865734,109.92880997030412,106.70339027777435,109.08280181884766,5505208
2007-08-20,109.9288299793188,111.039225461215,109.5058298607013,110.45758819580078,2707052
2007-08-21,110.5104731541145,111.19786048594008,109.8230858222889,110.2989730834961,1967867
2007-08-22,110.40469640314852,111.99097075357247,110.24606735446442,111.56796264648438,2364656
2007-08-23,112.30823211684049,112.62549024622628,111.56797390588612,111.99098205566406,1539437
2007-08-24,111.56797129555862,111.99097943543956,111.03921313775977,111.67372131347656,1345586
2007-08-27,112.25534717520466,112.25534717520466,111.46221001862273,112.14959716796875,789925
2007-08-28,111.72660795786187,112.2024871049736,110.82772064208983,110.82772064208984,1346004
2007-08-29,110.35181190665708,110.45756191114701,109.29429572534133,110.08743286132812,2019857
2007-08-30,110.88056925569578,110.88056925569578,109.18854499054923,110.03456115722656,1764416
2007-08-31,109.98166852678571,112.04382158438008,109.98166852678571,111.0391845703125,2203287
2007-09-03,111.8323443592566,111.8323443592566,110.35181998341191,110.986328125,1272408
2007-09-04,110.9334378533584,112.46683293444143,110.35180078497113,112.25533294677734,1613228
2007-09-05,112.51973524022586,113.1542434026738,111.14496083141442,111.40933990478516,2227055
2007-09-06,112.09672282488265,112.36110188814888,111.03920657181773,111.77946472167969,2024078
2007-09-07,111.77945055601772,112.62546667853864,110.88056346846905,111.09207153320312,2238787
2007-09-10,111.09207153320312,111.09207153320312,111.09207153320312,111.09207153320312,0
2007-09-11,110.51041443336916,111.46218038184325,110.14028547235318,110.56329345703125,2083974
2007-09-12,110.56329345703125,110.56329345703125,110.56329345703125,110.56329345703125,0
2007-09-13,110.40468914820157,111.83233435612755,109.71730202787927,111.62083435058594,1982209
2007-09-14,110.77481656361775,110.77481656361775,108.76553426767666,109.71730041503906,2497104
2007-09-17,109.3471798482865,109.87593796354106,108.44829266599544,108.97705078125,1746419
2007-09-18,108.39539324911604,109.71728828873941,107.97238522279517,109.24140930175781,2618461
2007-09-19,110.98632314712398,112.20246840374392,109.66442788301718,111.30358123779297,3818674
2007-09-20,111.0391932383383,111.88520936648493,110.93344323937191,111.14494323730469,2356278
2007-09-21,111.46219425056621,112.20245226470502,111.0920652434968,112.0438232421875,4634844
2007-09-24,111.72656795329459,113.89447093060322,111.72656795329459,113.15421295166016,2399829
2007-09-25,112.73122065485563,113.36572873503297,111.9909625726834,112.36109161376953,1995582
2007-09-26,112.46685322553874,112.9427403859528,111.67371602639078,111.93809509277344,2277400
2007-09-27,112.30821340270019,112.30821340270019,111.3564553095549,111.62083435058594,1775563
2007-09-28,111.83233435612755,111.99096339438778,110.77481819200341,111.62083435058594,1908772
2007-10-01,111.35644796381493,112.62546404976875,110.5633108930419,112.46683502197266,2050234
2007-10-02,112.83697303090061,112.99560207133445,111.77945685228596,112.62547302246094,2050002
2007-10-03,112.25534893932333,112.51972799567207,111.03920366647735,112.30821990966797,2839698
2007-10-04,112.0967320760562,112.88986933131132,111.72660297057902,111.99098205566406,1541281
2007-10-05,112.0967320760562,112.30823211684049,111.40934484119323,111.99098205566406,1793392
2007-10-08,112.04385404848111,112.25536215939407,111.51509587351289,112.09673309326172,1164460
2007-10-09,111.88520006852025,113.418595096623,111.7265710491493,112.67833709716797,2221151
2007-10-10,112.83696413389062,114.6876173005453,112.73121413800901,114.15885925292969,2686984
2007-10-11,114.21171915524604,116.0094929887406,114.10596917707686,115.42786407470703,2760682
2007-10-12,114.84626036578906,115.21638943071827,114.00025222712351,114.89913940429688,1990212
2007-10-15,114.63474243356443,114.89912144837052,114.21173439623323,114.58186340332031,1362443
2007-10-16,112.09671839625706,112.62547650189978,110.61619408681575,111.30358123779297,4767879
2007-10-17,111.03917732513209,111.88519333203477,109.92878232459813,110.24604034423828,3897935
2007-10-18,109.82305175077815,111.09207598541798,109.29429367006357,109.87593078613281,3439396
2007-10-19,109.4529210680465,109.66442106988035,107.12638877504268,107.97239685058594,3238478
2007-10-22,106.91489541778905,107.54940357881449,106.43901631407222,107.07352447509766,2329169
2007-10-23,107.60226279660596,108.39539986881681,106.59762573242189,106.59762573242188,2311861
2007-10-24,106.7033804788185,108.44828372900659,106.65050144436728,107.12638854980469,2848862
2007-10-25,107.39076280463274,107.65514182870302,106.3332467083516,106.59762573242188,2610242
2007-10-26,106.43901223757362,107.07352037429808,104.7998588218441,105.75162506103516,4387417
2007-10-29,106.01598720125779,106.28036622170981,103.53082602265034,104.7469711303711,4435143
2007-10-30,104.7998576482957,104.7998576482957,102.84345422021609,103.90097045898438,2868939
2007-10-31,103.79521782897716,104.79985500316674,103.00208066991958,104.48260498046875,2321200
2007-11-01,104.85273326804584,105.22286232590233,103.10782991734148,103.53083801269531,3475870
2007-11-02,102.84345215827886,105.22286364780201,102.79057312011719,102.79057312011719,4285345
2007-11-05,103.42509521631737,103.84809527295283,102.26182085594311,102.6319580078125,3285245
2007-11-06,103.16072184279517,103.79523003099139,102.73771369459456,103.26647186279297,2561444
2007-11-07,103.58371294515493,103.7423419955079,102.68482575076631,103.10783386230469,2869611
2007-11-08,102.84345332383195,103.31933239984647,101.78593709428098,102.10319519042969,3818502
2007-11-09,102.68480314241806,102.89631118572336,100.1467631002026,100.62265014648438,4189032
2007-11-12,99.67089842032131,101.36292266845703,99.03639033579641,101.36292266845703,3138436
2007-11-13,100.46402197140587,103.84807001052835,100.3582719829721,103.21356201171875,4885540
2007-11-14,103.47795705378893,106.75625561254417,103.47795705378893,105.85736846923828,5071239
2007-11-15,106.28036919869875,106.80912725441368,104.95847405941146,105.91024017333984,2970260
2007-11-16,105.27572330525027,105.85735227691156,104.69408626538203,104.90558624267578,2853265
2007-11-19,104.42972946582353,105.0642376008349,103.10783415612956,103.16071319580078,2758789
2007-11-20,104.0066988231157,106.33323890512644,102.5261747833283,105.69872283935547,3745081
2007-11-21,105.1699810942734,108.2896586727407,104.9584810851131,106.70338439941406,4466137
2007-11-22,106.9148932315616,113.41861990255255,106.8091432182546,112.83698272705078,6485911
2007-11-23,112.67835779054117,115.85090648777039,112.67835779054117,113.2599868774414,5153003
2007-11-26,113.25998687744139,113.25998687744139,113.25998687744139,113.2599868774414,0
2007-11-27,110.51045856835707,112.57261222344933,109.66444226112414,112.09673309326172,2946970
2007-11-28,111.77945450048564,112.5725916177593,110.82769641432363,112.36109161376953,3322772
2007-11-29,111.72659837353318,113.94738098323043,111.30359024116012,113.20712280273438,3110151
2007-11-30,114.10598620276018,114.6347442407079,113.1542201208128,113.94735717773438,3590525
2007-12-03,113.20709858974998,114.26461466039423,109.61154233591806,110.51042938232422,4835715
2007-12-04,110.66905975341798,112.09670485252086,109.02990659668777,110.66905975341797,2930364
2007-12-05,111.4093501319151,112.20248742483554,109.98170461830027,111.72660827636719,2302580
2007-12-06,107.1263825397376,108.13101959228516,105.54010841368941,108.13101959228516,9510144
2007-12-07,108.39540253502648,108.39540253502648,106.80912835158706,107.70801544189453,3384218
2007-12-10,108.28965100388542,108.65978002780821,107.23213489655882,108.39540100097656,2388490
2007-12-11,108.18392283313607,109.34718917224532,107.49653561105039,108.2896728515625,2311351
2007-12-12,107.17925718827522,109.717297490862,107.02062815657459,108.55403137207031,3001555
2007-12-13,107.86663452738247,108.07813450505533,105.80448150634766,105.80448150634766,4732950
2007-12-14,105.75163732120647,107.12641183366601,105.48725822790345,106.2803955078125,1957592
2007-12-17,105.5401113350757,106.3332484200541,104.7469742500973,105.06422424316406,2375361
2007-12-18,105.06422424316406,105.06422424316406,105.06422424316406,105.06422424316406,0
2007-12-19,104.90561565474538,105.22287377784166,103.7423493170744,103.953857421875,2614329
2007-12-20,103.63657587790482,104.74697098959389,103.26644686341092,103.84807586669922,2948196
2007-12-21,104.37683709194799,104.37683709194799,103.26645001458289,103.37220001220703,5738031
2007-12-24,103.37220001220705,103.37220001220705,103.37220001220705,103.37220001220703,0
2007-12-27,103.10782888969221,104.21822412040297,102.36757078135722,103.42508697509766,1591493
2007-12-28,102.63194982979232,104.16534508343264,102.4733207870896,103.42508697509766,1362401
2007-12-31,103.42508697509764,103.42508697509764,103.42508697509764,103.42508697509766,0
2008-01-03,102.36756920883029,103.05494826963573,100.9399159146451,101.52155303955078,3537360
2008-01-04,101.78593023199784,102.68481735287259,99.40651887592516,100.46403503417969,3422489
2008-01-07,100.51690864249285,102.8963198701017,100.51690864249285,101.57442474365234,3788209
2008-01-08,102.05031205160905,108.50115917905359,101.89168300990792,107.6022720336914,8269736
2008-01-09,107.33790500716766,110.35182486417045,106.809146854423,109.82306671142578,5222667
2008-01-10,109.29432757753237,110.66910224118355,108.76556933277584,110.2989730834961,3125786
2008-01-11,109.66443696782137,110.4575741919904,108.71267875338579,108.87129974365234,3416666
2008-01-14,108.44829486589502,108.65979488900376,107.0735205110621,107.49652862548828,2624070
2008-01-15,106.28036622170981,106.28036622170981,104.58834210445839,104.7469711303711,3422716
2008-01-16,105.22285616132854,106.43900133864376,103.47795291285087,104.53546905517578,3715828
2008-01-17,106.22748864415746,108.23677084073314,105.06422255188971,106.59762573242188,4893004
2008-01-18,106.96776393509508,109.98168345458386,106.38612680492697,107.6022720336914,5065786
2008-01-21,106.96777176053791,107.97240898446104,101.36293233178579,102.47332763671875,6235926
2008-01-22,99.14213556157965,103.7423290379954,97.02710333626594,103.37220001220703,7214837
2008-01-23,103.79522390427651,105.54012736997684,100.25254600010243,100.83417510986328,5578789
2008-01-24,102.84342987222294,104.42970385482792,99.98813993081666,102.89630889892578,4815514
2008-01-25,104.16532984468127,104.5883378739356,102.52617675689837,102.57905578613281,3457497
2008-01-28,102.0502968437885,102.84343386589049,100.78128083570813,101.62728881835938,2761956
2008-01-29,101.5215484883889,102.36756461974191,99.56514526136878,100.14677429199219,3923386
2008-01-30,98.87776207739068,103.05494772931272,98.03174591254688,102.31468963623047,5890082
2008-01-31,101.04567654627799,103.53083801269531,101.04567654627799,103.53083801269531,4277050
2008-02-01,104.48259861117029,106.75625187396587,103.84808246803784,105.43435668945312,3766687
2008-02-04,106.22747523790737,106.54473325403573,104.5883303364615,105.1170883178711,1857624
2008-02-05,105.69872487399526,106.28036192274585,102.36755580560919,102.57905578613281,3235457
2008-02-06,102.15605751046817,104.16533979011191,101.94455750975109,103.68946075439453,2677583
2008-02-07,103.37221143860744,104.4297276681584,101.6801870849676,102.10319519042969,2501975
2008-02-08,102.57906712417548,103.054946167056,100.19965577335698,101.31005096435547,2898867
2008-02-11,100.62267508235186,101.99744139759389,100.56979604136957,100.83417510986328,2109136
2008-02-12,101.52155774368524,102.31469491355779,100.62267056480474,102.0503158569336,2752183
2008-02-13,103.00207936107631,105.27574080179173,102.57907126797906,104.323974609375,2958584
2008-02-14,105.75161716403572,105.75161716403572,103.9009638636651,104.0067138671875,2112309
2008-02-15,103.26645634605968,104.11246444713105,101.52155303955078,101.52155303955078,6345511
2008-02-18,102.57905578613281,103.10781380564896,101.94454777635485,102.57905578613281,1587609
2008-02-19,102.20893542263215,103.31932251651804,101.36291929263624,102.684814453125,2379054
2008-02-20,102.0502968437885,102.31467585115583,101.04565984307546,101.62728881835938,2289334
2008-02-21,102.05030638973194,103.10782251812294,101.7859273576342,102.684814453125,1640364
2008-02-22,101.99742847582644,104.85272689475421,101.99742847582644,103.68946075439453,3251240
2008-02-25,107.28500586100058,109.18853808147152,107.07350586681831,108.39540100097656,4889436
2008-02-26,108.28964265505378,110.08741667162256,107.60225562464561,109.13565063476562,2731603
2008-02-27,109.61158575167049,110.4047231188053,108.34256112332851,110.2989730834961,2539696
2008-02-28,110.14030129403652,110.98630931671569,108.65977716908873,108.92415618896484,2405915
2008-02-29,108.39540833310123,109.40004547573452,107.54939216273036,108.342529296875,2668853
2008-03-03,107.12638804271758,108.81841225044516,107.02062997431574,107.91952514648438,2266463
2008-03-04,107.97240757367514,108.60691571039962,104.85273786165808,105.75162506103516,2578910
2008-03-05,106.4390077905771,107.23214494539778,105.27574157714842,105.27574157714844,2918356
2008-03-06,105.22285088382802,106.12173794607853,104.2710847898303,104.79984283447266,2396988
2008-03-07,104.47505604988578,105.72009722992364,102.95935410287932,104.96224212646484,2748602
2008-03-10,104.36680881235465,104.74573229010383,103.01350477759878,103.44656372070312,1829375
2008-03-11,104.04198368873783,105.28702470744021,103.60892486572266,103.60892486572266,2772167
2008-03-12,105.01638139451893,105.01638139451893,102.47217174467524,103.23001861572266,3081501
2008-03-13,101.76846388205085,102.58044630664169,100.03623636157289,102.20152282714844,3673497
2008-03-14,102.79694968373187,103.44654209253046,100.19861308817988,101.38951873779297,2809267
2008-03-17,99.65728896909901,101.2271179759925,97.65439286111096,98.57464599609375,4003516
2008-03-18,99.5490126518072,101.33537511213093,98.62876782676466,100.685791015625,2678050
2008-03-19,100.95647862455328,101.11887675689692,98.8994548879955,99.92797088623047,3367095
2008-03-20,100.14449193714131,101.38953321861246,99.71143302272807,100.95647430419922,6228692
2008-03-25,103.66306441817873,103.93372516078495,100.84819434705622,102.5804214477539,3644404
2008-03-26,102.58042438740607,102.74282248960571,100.30687573634277,101.38951873779297,1921178
2008-03-27,100.7940615767035,103.39240642684722,100.73993438268815,102.63455963134766,3482739
2008-03-28,103.06763625362075,103.39243253938493,101.49780681222342,101.98499298095703,1670596
2008-03-31,101.44365730169422,101.44365730169422,98.89944761511411,101.1729965209961,2714379
2008-04-01,100.63168472048108,103.82548719845231,100.52342204968306,103.44656372070312,2678566
2008-04-02,104.63745034281769,104.90811109990727,103.12174845113383,104.20439147949219,1971893
2008-04-03,104.74572100065889,105.12464443756788,102.85109555620252,102.95935821533203,1994756
2008-04-04,102.68869136848707,103.60893630656707,101.60604832135509,102.85108947753906,1935936
2008-04-07,103.66307788954097,103.66307788954097,101.82258790460507,102.95935821533203,1715782
2008-04-08,102.68868633042109,102.85108443150558,101.11885729306233,101.93083953857422,1718829
2008-04-09,101.82257174694885,101.87669893796874,97.05894116196168,98.79116821289062,4781686
2008-04-10,99.38664819005376,100.09035965593631,96.51764208329864,97.81681060791016,3791553
2008-04-11,98.73705610490077,99.60317396508373,96.03044811671916,96.57176971435547,3024649
2008-04-14,95.48911042323046,96.24696548812285,92.5118421380855,93.64862060546875,5731624
2008-04-15,93.86515029996055,94.56886994320632,89.69697615753547,90.40069580078125,7786820
2008-04-16,91.75400737734698,92.78251507053247,91.26682126160895,92.3494644165039,3620255
2008-04-17,90.7796238606379,90.7796238606379,88.07301606360093,89.10153198242188,8430728
2008-04-18,89.42632294234048,93.3779721096894,88.50607791266212,92.3494644165039,5503635
2008-04-21,92.72837402698512,93.97341512124689,91.75399368104502,92.78250122070312,3689109
2008-04-22,92.1329201402099,93.91928279051307,91.64573408099578,92.56597900390625,2681952
2008-04-23,93.48623477319654,94.3523526010772,91.75400737734698,92.3494644165039,2439112
2008-04-24,92.29533816886835,94.56888736913949,91.26683037300435,94.46062469482422,3234337
2008-04-25,94.73128468222767,96.46351223586305,94.51475933549044,95.00194549560547,2335961
2008-04-28,95.81391906738281,96.3552406440347,94.78541137570895,95.81391906738281,1808488
2008-04-29,95.11020093663775,95.86805611241454,92.89078739165522,93.75689697265625,3265669
2008-04-30,93.5945019602731,94.29822169694906,92.34946887989892,93.54037475585938,3033852
2008-05-02,94.62300792457228,94.62300792457228,93.32383125778904,94.18994903564453,2829455
2008-05-05,93.8651596377924,94.1358204305887,93.16144818445153,93.75689697265625,1374157
2008-05-06,93.75688894078966,94.46060859375692,90.83375593297026,91.5374755859375,3786952
2008-05-07,91.80813489161862,93.81102290281046,90.67135637342027,92.6201171875,3836052
2008-05-08,91.75399971453047,92.62011747007749,91.0502800706374,91.37507629394531,2358679
2008-05-09,90.77961922101788,91.42920340712512,88.7225957484191,90.40069580078125,2949882
2008-05-13,91.21268236254812,93.32383313106982,91.0502842434515,92.8366470336914,4068894
2008-05-14,93.81101346523766,95.48910508529322,93.48621727559583,93.9734115600586,4680561
2008-05-15,93.64862935928352,96.68003338239254,93.4862312402042,96.30110168457031,3661587
2008-05-16,96.89655870122398,97.49201571787765,96.08457636573887,96.30110168457031,3632924
2008-05-19,96.84241731982468,98.7370426534371,96.62589201423334,98.14159393310547,2288871
2008-05-20,98.14160310994983,99.00771267321265,96.57176558793492,97.0589599609375,2304171
2008-05-21,97.43787493024553,97.92506100093236,95.8680458047782,96.62589263916016,1593042
2008-05-22,96.30111433394717,97.32963038327318,95.05608119726114,96.68004608154297,1804291
2008-05-23,97.1672139779586,97.1672139779586,94.24408103968914,94.67713165283203,2567729
2008-05-26,94.18994860164727,94.62300748857962,93.37796628611582,93.4862289428711,1287791
2008-05-27,93.81101662501567,96.89654749090022,93.16143248376268,95.2725830078125,2629943
2008-05-28,96.62589336986272,96.89655413560463,95.38085219546771,96.0845718383789,1768743
2008-05-29,95.92215540566966,97.87091585075954,95.81389277203343,97.5461196899414,1984230
2008-05-30,98.14161536787647,99.22425865211137,97.05897208364156,97.27549743652344,2421726
2008-06-02,100.14448328221097,102.03910864160416,99.49489909668695,101.76844787597656,4544481
2008-06-03,100.95646630761459,102.03910937793754,100.41514477245312,101.22712707519531,2313248
2008-06-04,100.68579267870828,100.95645341171556,98.79116754765732,99.33248901367188,2486327
2008-06-05,99.60317306843591,100.79407892053264,99.06185147567267,100.0362319946289,1610696
2008-06-06,101.06471935313327,101.06471935313327,97.11307087020668,97.87092590332031,2233623
2008-06-09,97.43787837188377,99.06184301141516,97.0589549413087,97.65440368652344,1580647
2008-06-10,96.78829604180825,97.2213549393826,95.59739026841238,96.30110168457031,2032751
2008-06-11,96.6258875967537,97.22134454977355,94.94778764545089,95.70564270019531,1838048
2008-06-12,95.43499214933306,97.11308402005544,95.11019591117443,96.30110168457031,1901612
2008-06-13,96.0845631860488,97.8167902788293,95.3267164141793,96.89654541015625,2221458
2008-06-16,97.32962812426729,97.38375532987288,94.56888458109961,95.38086700439453,2400541
2008-06-17,95.86804919125657,95.97631184857674,94.73127063961665,95.1643295288086,1525925
2008-06-18,95.43498491538084,95.65151021779972,93.97341847427636,94.51473999023438,2460564
2008-06-19,93.81102566252835,95.43499030206463,92.89078068544005,95.1643295288086,3060376
2008-06-20,95.27259404040635,95.48911935926087,92.67424891459478,92.8366470336914,5849554
2008-06-23,92.83662442133488,94.2440634308116,92.34943844262109,93.81100463867188,2280495
2008-06-24,93.37796445747209,95.70564870172753,92.94490557902044,94.83953094482422,2977826
2008-06-25,94.73126269636386,95.43498229980469,93.81101779643845,95.43498229980469,1909779
2008-06-26,94.83953329693682,96.62589605240899,94.18994909310456,95.1643295288086,2368733
2008-06-27,94.5147472412758,95.4349922370222,94.24408646253207,94.78540802001953,2448338
2008-06-30,94.78541346767831,99.87383309654568,94.73127800485362,99.6031723022461,4296626
2008-07-01,98.95358352675701,100.63167541879587,97.7626777382333,98.41226196289062,3148655
2008-07-02,98.95356076441244,99.87380555931854,98.68290004473948,99.3866195678711,2810709
2008-07-03,98.4122384410052,100.57752417893751,97.54612084186844,98.95355987548828,3162294
2008-07-04,99.06184616088868,99.06184616088868,97.0048225667677,97.43788146972656,1701495
2008-07-07,98.03332658972751,98.41224998633751,96.68002284475561,96.95068359375,1840607
2008-07-08,95.54326155988399,98.41226766663911,95.1643380951983,97.81681060791016,2650854
2008-07-09,97.70853060599988,100.03621470455153,97.60026795814154,99.44075775146484,2322660
2008-07-10,98.3581160565157,101.17298623768815,98.3581160565157,100.5775375366211,2488720
2008-07-11,100.73995539576883,100.95648073681585,97.60028839111328,97.60028839111328,2682805
2008-07-14,97.70854073828393,99.17010728571088,97.70854073828393,98.52052307128906,1480060
2008-07-15,98.30400379357287,100.19862935366996,97.2754878192873,99.6031723022461,3016630
2008-07-16,99.38662649421254,100.46926944835467,96.78828175228935,97.70852661132812,3295212
2008-07-17,98.08745399245358,98.19571664029975,95.43498195062456,95.70564270019531,3263678
2008-07-18,96.0845580082897,97.60025973026161,95.81389728150579,97.2213363647461,2491587
2008-07-21,97.05894922742304,97.05894922742304,91.91639483831713,92.56597900390625,4984937
2008-07-22,91.48333041849125,96.78828259178228,91.42919496635051,95.92216491699219,4656976
2008-07-23,96.89655756943984,97.65440443640945,95.70565180995412,97.11308288574219,2809555
2008-07-24,97.38372908781142,99.92794660313999,97.22133925484161,98.79116821289062,3972637
2008-07-25,99.17009212212488,102.3097583149902,98.35810991327575,102.25562286376953,4944749
2008-07-28,102.03911863749146,102.09325409988458,100.68581467678202,101.1188735961914,2615508
2008-07-29,99.87381757696167,102.74282320269934,99.87381757696167,100.84819793701172,2237319
2008-07-30,102.68869819432491,103.06762163402641,101.22713163552689,102.41803741455078,2091424
2008-07-31,102.58044193159147,105.28704989812422,102.03912033828492,105.17878723144531,2860565
2008-08-04,104.79985227421257,105.50356366040208,103.98786997330672,104.96224212646484,2522243
2008-08-05,105.55770074010199,105.9366241676996,104.25853234264984,105.82836151123047,2393199
2008-08-06,106.47793343201637,106.47793343201637,102.95934381307387,103.39240264892578,2807258
2008-08-07,103.392426434052,103.93374803841876,100.09036134344986,100.90234375,3289275
2008-08-08,100.14447742914521,103.93372792646423,99.76555403139542,102.63455963134766,2586987
2008-08-11,102.5263085631003,102.6345794919034,100.46929307443634,100.90234375,2693073
2008-08-12,100.68581156431893,101.06473500962167,99.44077030697137,100.36101531982422,1929361
2008-08-13,99.92795564768673,102.3097670258046,99.92795564768673,101.44364929199219,2956807
2008-08-14,101.82257723982418,102.47216138647595,101.38951838875282,101.6601791381836,1304946
2008-08-15,102.20149840194074,102.9593451798089,101.98496485118527,102.30976104736328,1941430
2008-08-18,101.49778138595588,102.25562818300678,100.41513838450568,101.38951873779297,1294850
2008-08-19,101.11886442014524,102.1473720329876,100.68580554003385,101.22712707519531,1648418
2008-08-20,101.55191945757889,102.30976627416393,100.14448021545147,100.46927642822266,1328576
2008-08-21,99.60316618196256,99.982089618716,98.41226041220399,98.52052307128906,1919201
2008-08-22,98.79120102083046,99.60318349497427,97.70855772197204,99.11599731445312,1382218
2008-08-25,98.68292766717686,99.7655708489124,98.14160607630909,98.3581314086914,641943
2008-08-26,98.03333701641544,99.54903076406256,97.54614266046192,99.49490356445312,1395065
2008-08-27,99.44076083710338,99.49489629266765,98.14159250266921,99.22423553466797,1187692
2008-08-28,99.27836248800216,101.0647251384221,98.19571945864593,100.46927642822266,1315716
2008-08-29,100.36099483741708,101.4436377515636,99.92794427968643,100.685791015625,1589028
2008-09-01,100.2527557679131,100.84821281465261,99.873832310857,100.14449310302734,874682
2008-09-02,100.36101879799703,102.2556443500837,99.81969721168656,101.82259368896484,1290433
2008-09-03,101.76845784534957,102.20151676475896,100.68581467678202,101.1188735961914,1359870
2008-09-04,101.22713706804359,101.71432319381806,99.33251150794652,99.6031723022461,2009118
2008-09-05,98.79118001195079,100.41514461488696,98.5746547021904,99.27836608886719,2418415
2008-09-08,100.68579101562501,101.22711247269827,99.5490126518072,100.685791015625,1431927
2008-09-09,100.1444839270653,102.25563460859034,99.44076427991992,100.25274658203125,1788602
2008-09-10,100.25275117635769,102.79696085425228,100.19862397634977,102.41803741455078,2517849
2008-09-11,102.74285096249578,103.01351178786594,101.28128415747949,102.03913116455078,1864008
2008-09-12,102.30977632518943,103.55481758324548,101.71431929658083,103.2841567993164,1739890
2008-09-15,101.49779705320768,102.03911863749146,97.60028329834688,101.1188735961914,3505465
2008-09-16,101.82258864696195,101.82258864696195,97.97920227050781,97.97920227050781,3621128
2008-09-17,98.79118384895743,100.36101305546946,97.97920151595231,98.52052307128906,3480990
2008-09-18,98.84531094283093,99.81968305204343,98.24985397839154,99.06183624267578,3037867
2008-09-19,101.17300769896869,103.23003151152446,95.81392695301903,97.49202728271484,7452823
2008-09-22,98.41224932709751,99.00769801495005,94.56886341315906,95.2725830078125,2348436
2008-09-23,95.81391672541531,97.43788141567659,95.48912048339844,95.48912048339844,3550447
2008-09-24,94.8936836519979,96.40938587214951,93.91930306333525,94.46062469482422,1937770
2008-09-25,94.7312795863568,97.32962490699357,93.70277185481261,96.57176971435547,2284157
2008-09-26,95.86803995557553,96.24696334964723,94.18994001908736,95.2725830078125,1762715
2008-09-29,94.94778640293931,95.27258260213806,91.8081283569336,91.8081283569336,2071079
2008-09-30,90.13005164291249,95.4891324906882,89.58873001142354,94.46062469482422,4462846
2008-10-01,95.32673664772159,97.92507370844629,94.18995798872048,96.57176971435547,2718687
2008-10-02,96.2469685022417,98.35811913931227,96.2469685022417,97.1672134399414,2393025
2008-10-03,96.62590105631934,98.73705189308095,94.78541100683032,98.03334045410156,2918495
2008-10-06,96.08456529492605,97.16720828416466,92.56597557990058,93.05316162109375,3104020
2008-10-07,94.67714200330367,95.48912438158213,92.89078737902057,94.73127746582031,3440504
2008-10-08,91.75399465677587,94.67712746577085,89.04738714477658,90.45482635498047,4802154
2008-10-09,91.9163964012192,91.9163964012192,83.47177732524011,83.58003997802734,4876158
2008-10-10,77.4631043131342,82.82218346892411,75.83913993139058,80.22383880615234,7315719
2008-10-13,82.76805224611051,88.07300448272785,81.25235868700018,87.91060638427734,4769060
2008-10-14,89.58871029118137,91.75399634051506,86.61144197334755,88.12714385986328,4463766
2008-10-15,88.77672984262125,90.72549063093584,86.77384185791014,86.77384185791016,3511253
2008-10-16,84.7709684482843,89.0474059146905,84.06724869484835,86.07013702392578,4031595
2008-10-17,88.77674678791622,95.27260630898326,88.23542516116063,95.00194549560547,5861876
2008-10-20,95.81392541778233,98.41227080990804,94.62301952219913,97.60028839111328,3396410
2008-10-21,97.76267086280279,97.87093351597989,92.0787948419401,92.18705749511719,3737406
2008-10-22,89.31806926548752,92.67426173135969,88.77674763357548,91.26683044433594,3547768
2008-10-23,93.10730243698896,94.29820814175895,90.45483026455075,92.18705749511719,3168358
2008-10-24,90.4007026581537,90.94202423095702,84.17550457091558,90.94202423095703,4555934
2008-10-27,83.95897752656143,90.77962424827227,83.95897752656143,88.83087158203125,3989298
2008-10-28,89.31806345327794,92.94491649909531,86.88211626818855,87.26103973388672,3228836
2008-10-29,88.23540861316535,93.43209855937751,87.85648519748364,91.21267700195312,3461912
2008-10-30,94.18995252747695,94.18995252747695,85.09574856249685,87.31517028808594,4782848
2008-10-31,87.42342211134859,95.7056427001953,87.31515946350241,95.70564270019531,4446701
2008-11-03,96.35522375438724,96.62588449527034,93.75687898992732,95.92216491699219,2448054
2008-11-04,97.32961539644099,99.22424080303502,95.32672733288099,96.40937042236328,3214175
2008-11-05,94.94780219030864,95.54325923454532,89.64285729399705,90.8337631225586,4544844
2008-11-06,89.26391230524129,93.81101787439158,88.50606550700488,89.4804458618164,3046540
2008-11-07,89.69697517248915,93.43209865643122,89.69697517248915,92.18705749511719,2750828
2008-11-10,94.6230188351741,95.54326391781078,91.75401265761433,92.02467346191406,1654884
2008-11-11,91.75400540945465,92.94491120231481,89.53458368555631,90.77962493896484,2487671
2008-11-12,91.86224710495371,92.99902543773058,90.02175750512512,90.13002014160156,2557474
2008-11-13,89.85937328221027,92.51184545464848,89.48044986613496,92.18705749511719,1828314
2008-11-14,94.13582563669318,95.70566327767744,92.6201317211392,95.38086700439453,2237267
2008-11-17,94.46061445417857,94.78541070182524,90.67136344455537,90.94202423095703,2049498
2008-11-18,91.5374714300494,93.70275748862029,89.31804991604989,92.56597900390625,2180990
2008-11-19,93.21556687211417,93.54036309776536,88.39780850439188,89.859375,3492178
2008-11-20,88.7225945576755,90.18416928168986,82.87632870126193,84.5544204711914,4619752
2008-11-21,85.52880666739125,85.85360290806747,79.08708339324221,81.4688949584961,4565096
2008-11-24,82.33501426939509,88.61433953829354,81.9560825616906,87.74822998046875,4018798
2008-11-25,86.07011895677063,90.18416568256794,85.69119555674182,88.23540496826172,3076509
2008-11-26,88.6143444553543,89.53458952531734,84.77096604317641,88.6684799194336,2755537
2008-11-27,88.99325056674611,89.58870751583065,86.0159823411445,88.07300567626953,1796728
2008-11-28,88.07302406715532,92.02467346191406,86.93625364504372,92.02467346191406,2134516
2008-12-01,92.0246721945464,92.0246721945464,87.69409938539127,88.6684799194336,2062087
2008-12-02,88.56018555456693,90.23827696156073,85.74530762816076,88.50605010986328,2655085
2008-12-03,87.26103047015881,91.75400089766073,86.12426019374513,91.5374755859375,2869064
2008-12-04,88.66846658095568,90.99615076770334,86.71970580602488,89.80523681640625,3251538
2008-12-05,88.72259602848438,90.29243343143592,87.47756310947834,89.15565490722656,2767649
2008-12-08,93.21555928033708,94.46060036405166,90.13002842759083,91.8081283569336,3193167
2008-12-09,91.69987875045032,93.48624174115518,90.50897284328455,91.91641235351562,2405428
2008-12-10,90.23830723400623,93.10731330767872,89.75112110787269,90.99616241455078,2525417
2008-12-11,90.94200811325891,90.99614356490947,88.34366337232662,90.50894927978516,2279169
2008-12-12,87.96473933733128,91.69985419599851,87.63994314966014,91.0502700805664,2378187
2008-12-15,90.99617751825076,91.42922825339821,86.66560408746977,87.63997650146484,2954159
2008-12-16,86.77385431542822,89.31806418882444,86.17839725020455,88.6684799194336,2604646
2008-12-17,88.83085469011831,89.58870142844937,85.85358666681637,86.71969604492188,3098223
2008-12-18,86.66557564067844,89.20978504417764,86.28664398193361,86.2866439819336,2616732
2008-12-19,85.79945273399352,87.53167978074197,85.25813126564026,86.61143493652344,5331337
2008-12-22,86.39491516245855,90.56308908259676,86.34077970820701,88.23540496826172,2254087
2008-12-23,88.9932457514171,89.3180419351453,85.58292712182144,86.88209533691406,1488453
2008-12-24,86.88209533691406,86.88209533691406,86.88209533691406,86.88209533691406,0
2008-12-29,88.50605072021484,88.93910950110295,86.23250244543888,87.96472930908203,1102394
2008-12-30,89.10150757642464,90.88786162523553,87.96472930908203,87.96472930908203,1373057
2008-12-31,87.96472930908203,87.96472930908203,87.96472930908203,87.96472930908203,0
2009-01-05,90.29243053376798,92.02465773323495,88.93912674357335,91.32093811035156,2156085
2009-01-06,91.64572685971636,94.56885950449279,91.5915914085534,92.2953109741211,2691143
2009-01-07,92.07879092801714,93.2696965821662,91.26680867383678,91.97052001953125,1669774
2009-01-08,91.53748533839926,93.48623813126316,91.37508720734925,93.37797546386719,2161289
2009-01-09,94.1899400637585,94.24407551718463,91.53746804408811,93.05316162109375,1855038
2009-01-12,92.56599334161956,92.56599334161956,89.42632641840093,89.91352081298828,2125979
2009-01-13,88.77674763357548,91.5916184675356,88.28956146881968,91.26683044433594,2585295
2009-01-14,92.45771623704906,92.78250418948103,90.6713535889854,91.59159851074219,2217037
2009-01-15,92.13293301263855,92.67425460291247,90.88789170302614,92.24119567871094,2700685
2009-01-16,92.72837063889426,92.78249783063458,90.02176325457108,90.50894927978516,3344440
2009-01-19,91.64574998787687,93.16145214393791,91.26682651383967,92.02467346191406,1832969
2009-01-20,92.72837902091364,93.8651492691396,91.6998631659538,92.18705749511719,2103386
2009-01-21,92.02467346191406,93.9192990920123,90.94203024471508,92.02467346191406,2629489
2009-01-22,92.9990675863961,93.37799111575269,90.67138267761493,91.42922973632812,2120533
2009-01-23,92.45771468188954,92.67423997986886,89.91350526103464,91.69985961914062,2575871
2009-01-26,91.32094846340664,93.05317585925621,91.32094846340664,92.3494644165039,2499188
2009-01-27,92.29530591076917,92.56596663191512,89.5345632511166,90.13002014160156,2212082
2009-01-28,88.88499765049943,89.85937810116909,88.12715077770716,89.64285278320312,2592062
2009-01-29,89.4263140187558,90.13003365119779,86.77384185791014,86.77384185791016,3049170
2009-01-30,87.96473356603143,89.69696051350365,86.71969260819182,88.45191955566406,2996107
2009-02-02,88.77671081356317,89.20976959146482,87.42340729506373,88.50605010986328,2162203
2009-02-03,88.83086503419088,89.4804492083895,86.28664727372062,88.01888275146484,2602380
2009-02-04,83.36351607092178,84.06723571571048,78.49162227456921,80.00732421875,11197094
2009-02-05,80.06145669250505,80.06145669250505,76.97592540344696,78.7081527709961,5244603
2009-02-06,79.84491744648153,80.0073155407276,76.9759119811683,78.5998764038086,4548786
2009-02-09,79.41185296852503,80.92755464053025,78.004422191592,80.44036865234375,3460753
2009-02-10,80.87343288813939,81.14409365183452,79.30360376267205,79.57426452636719,3375021
2009-02-11,78.87055805838772,80.54865837746694,78.54577004366787,79.95320129394531,2378525
2009-02-12,79.62840492371538,81.30649680679788,78.92468524246267,80.49451446533203,2391284
2009-02-13,80.60277712554517,81.63129304734883,79.89906570420399,80.49451446533203,2076006
2009-02-16,79.57426380466771,80.54864419711521,79.4118656959413,80.11558532714844,1091241
2009-02-17,78.54575194078096,79.57425947354973,78.27509119427229,78.65401458740234,2539728
2009-02-18,79.68251037597656,80.16970460383219,78.4916049188449,79.68251037597656,2252245
2009-02-19,80.11558512069344,80.22384777292841,77.19245221079466,78.16682434082031,3712497
2009-02-20,77.9502856976364,78.38334449238295,76.43458404597824,76.5428466796875,4482854
2009-02-23,77.51723753160772,79.30360014242956,77.13831413171475,77.57137298583984,2175069
2009-02-24,77.40898680646285,77.46312226903353,73.99865916230763,74.5941162109375,3684220
2009-02-25,73.7279910251684,74.70237143499841,71.18378147610356,72.37468719482422,4724613
2009-02-26,72.69947764451469,73.45732442535726,71.18377582291912,71.99575805664062,3612399
2009-02-27,71.45443656749295,71.99575805664062,69.28915061090225,71.99575805664062,4442664
2009-03-02,70.42593473101472,70.96725626388982,67.1780014038086,67.1780014038086,4043212
2009-03-03,68.04411963548043,71.12965092970762,67.7734588507252,68.8561019897461,4546826
2009-03-04,69.77634125553779,69.77634125553779,66.47428490959948,68.96436309814453,3171276
2009-03-05,68.09823867586131,72.64533545934249,67.82757795637053,71.18376922607422,3909380
2009-03-06,72.3205507911981,72.3205507911981,69.72220611572266,69.72220611572266,3285257
2009-03-09,70.10114882767745,72.53709608423767,69.34330187404586,72.15817260742188,4972669
2009-03-10,72.91600283830836,77.95029433260449,72.32055415699166,76.97591400146484,4572274
2009-03-11,77.3548440305401,80.007324507404,75.78501488334945,78.76228332519531,4730701
2009-03-12,81.19822410938362,81.19822410938362,75.73087371538759,79.6283950805664,5956258
2009-03-13,80.44038729620726,81.4688949584961,80.11559105553104,81.4688949584961,3587673
2009-03-16,83.1486764940165,83.1486764940165,80.29306196459743,82.58875274658203,3606722
2009-03-17,81.74884957448623,82.3647689819336,81.07694293057052,82.3647689819336,2900298
2009-03-18,82.19679742634288,82.42076347946012,80.5730136380925,81.07695007324219,3022679
2009-03-19,81.41289791976217,82.30877920617579,80.46102939279592,80.9649658203125,2603062
2009-03-20,80.85297669766406,81.69286222517619,80.12508274215948,81.18893432617188,4750962
2009-03-23,81.74884957448623,82.81270104870639,80.34904050642996,82.3647689819336,2114401
2009-03-24,82.36476780464821,83.82056408836432,81.91682720052157,82.64472961425781,2016352
2009-03-25,82.64474364226469,83.98855713898531,82.42076903030602,83.316650390625,1675120
2009-03-26,83.708580681915,83.9885424902157,80.62900079060708,82.14079284667969,2324127
2009-03-27,81.74885249850759,84.77243677615513,81.74885249850759,84.26850891113281,3061409
2009-03-30,83.48461804617449,86.00427442329739,82.98068164449589,84.54846954345703,2789535
2009-03-31,85.7243096530039,88.13197438437798,85.50033507871478,87.46006774902344,3169639
2009-04-01,87.06812045315272,88.1319718836309,84.82842603635136,87.23609924316406,2613668
2009-04-02,88.46794164650804,89.86775084977556,87.85202217956738,89.75576782226562,3091147
2009-04-03,88.74789570412678,89.02785752022812,83.87656181271467,85.61231994628906,3686977
2009-04-06,86.22824578536184,86.28424157025782,83.7085892526727,85.1083984375,2368486
2009-04-07,86.39622459629256,86.78816945929276,84.54847476356908,85.1083984375,2011571
2009-04-08,83.65259706066624,85.78030882174068,83.59660981712284,84.66046142578125,2240106
2009-04-09,84.9964126378343,85.66831931587407,84.10053137127662,84.7724380493164,1478601
2009-04-14,84.88442667682317,84.88442667682317,81.58087209654549,83.2606430053711,2776600
2009-04-15,82.53274574644898,84.26851254528329,82.53274574644898,83.82057189941406,2147269
2009-04-16,84.99641025623671,85.44435087696426,84.10052901478161,85.33235931396484,2545717
2009-04-17,85.16441465218017,86.50822837447411,84.60449084393116,85.27639770507812,3287476
2009-04-20,85.66831682217831,86.7881641008996,84.32450350521546,84.54846954345703,2478343
2009-04-21,84.99640790568994,86.5081999830502,84.1565224689613,85.89228057861328,2214957
2009-04-22,77.26946745046946,79.50916215917873,76.03763706943083,76.93350982666016,13938698
2009-04-23,75.86966431567438,76.59756686287895,72.90206688092225,75.53370666503906,8687639
2009-04-24,75.64568045300399,78.22132384165276,75.589684676482,78.16533660888672,3263665
2009-04-27,81.74884381673739,82.47674618961021,80.06907305337978,80.9089584350586,6866035
2009-04-28,81.63688655561805,82.81272133456467,80.79700090904535,82.0288314819336,4051316
2009-04-29,82.58874069115626,82.58874069115626,80.34904602834524,80.46102905273438,3429315
2009-04-30,81.74884381673739,82.53273342213525,80.62899664116566,80.9089584350586,3522333
2009-05-04,82.47674618961021,82.47674618961021,78.78124709272109,80.9089584350586,2464900
2009-05-05,80.06908174355674,81.07694601970952,79.06121746740395,80.237060546875,2222300
2009-05-06,79.9570987622792,81.58087392639572,79.78911995887756,80.6290054321289,2172800
2009-05-07,80.6290041523951,80.6290041523951,79.78911869247432,80.12507629394531,2983500
2009-05-08,79.84512329101562,80.1810723858277,78.6692800997792,79.84512329101562,2421400
2009-05-11,79.11721768822557,79.22920071546768,77.99737032828962,78.61328125,2585000
2009-05-12,77.94136220622553,79.62113298025521,77.94136220622553,78.94922637939453,2929500
2009-05-13,79.56515785530769,82.08481439978426,79.06122142015802,81.07695007324219,3603500
2009-05-14,80.90896772527371,82.30877685546875,79.9011034427819,82.30877685546875,2853400
2009-05-15,83.09267145246481,83.09267145246481,81.0769513123319,81.58087921142578,3805600
2009-05-18,81.24492407389171,82.30877557883655,80.7969834504256,81.80484771728516,1701200
2009-05-19,81.63688508941107,81.97283421575129,80.85298670710027,81.41291046142578,1874400
2009-05-20,81.58087919692605,82.028819853684,80.34904879865975,81.18893432617188,2215100
2009-05-22,80.90897126152562,81.97282282946838,80.46103061153389,81.07695007324219,1570500
2009-05-25,81.63686655779303,82.64473079554486,81.07694293057052,82.3647689819336,1221700
2009-05-26,82.36476729326007,82.64472910113145,80.90896247482641,81.35690307617188,2030400
2009-05-27,81.2449248633493,81.63686970878189,80.40503939009795,80.6290054321289,1874500
2009-05-28,80.74099211668758,81.1889327648312,80.34904725347087,80.57301330566406,1537200
2009-05-29,81.58088959313108,81.86085147131186,80.90898279424887,81.52490234375,2259500
2009-06-02,81.63686021588572,82.47674559147353,79.22918709711618,79.62113189697266,3312800
2009-06-03,80.06909304363873,80.23707187066371,79.11722441550792,79.39718627929688,2108300
2009-06-04,79.67713805187805,80.29304894795303,79.56515502929688,79.56515502929688,1595400
2009-06-05,79.5091592461278,80.46102775370329,79.34118044037754,79.56515502929688,1681200
2009-06-08,80.34904320744904,80.74098805092913,79.397174717924,79.73312377929688,1725600
2009-06-09,80.51703094820573,80.62901398109459,79.17320892226617,79.45317077636719,1329700
2009-06-10,79.67713535524757,80.40503779302523,79.45316077390854,80.0130844116211,1803500
2009-06-11,80.23707599536667,81.97283451383248,80.06909715970649,81.52490234375,2638100
2009-06-12,81.69285501874809,82.98068108941426,81.52488476306885,82.47675323486328,2411700
2009-06-15,82.02880561063033,82.30876740452327,80.7969754262526,80.9089584350586,2388500
2009-06-16,80.74099088558575,81.46889335975075,80.40504181241836,80.46102905273438,1611400
2009-06-17,80.12507479011907,80.51701962197455,79.67713417781715,80.29304504394531,1684100
2009-06-18,80.90897003600273,81.18893187003734,80.01308874958912,80.9649658203125,1878700
2009-06-19,81.69286223969583,81.74885802570954,80.90897249804814,81.58087921142578,3114200
2009-06-22,81.58087513676458,81.69285815944149,79.84511692588013,80.34904479980469,1568200
2009-06-23,80.34903847434083,81.74884750699485,80.1250724466187,80.85296630859375,1491100
2009-06-24,81.07694250087435,81.80484492115714,80.34904008059158,81.46888732910156,1644600
2009-06-25,81.13292445267057,81.63686080793141,80.34903484727272,80.9089584350586,1695100
2009-06-26,81.18892955131273,82.75671748588255,80.90896772527371,82.30877685546875,2577500
2009-06-29,82.42076269718396,83.42862701416016,82.42076269718396,83.42862701416016,1976700
2009-06-30,83.82057677809104,84.15653441798626,82.53275055016958,82.70072937011719,1767900
2009-07-01,82.8127127079852,83.98855590820314,82.75672546363437,83.98855590820312,1203900
2009-07-02,83.8205870051683,84.60448541264925,82.53276062011719,82.53276062011719,1834200
2009-07-03,82.92471292244791,83.31665784876346,81.80486539368431,82.0288314819336,893900
2009-07-06,82.08481484471788,84.04454772326667,81.91683603209081,83.93255615234375,1365800
2009-07-07,84.26851621848456,84.49248227930309,82.98069000938412,83.37263488769531,1309400
2009-07-08,83.54062038485772,84.88444248848977,83.31665430613151,84.15653991699219,1585500
2009-07-09,84.38049554650988,84.5484743566321,83.42862701416016,83.42862701416016,1806700
2009-07-10,83.03669447522485,83.37264360156507,81.3569232122483,81.41291046142578,1799400
2009-07-13,81.41290039714202,81.80485381172326,81.0769513123319,81.58087921142578,1275100
2009-07-14,81.80484263578393,82.81269829628138,81.63686384444894,82.4207534790039,1717100
2009-07-15,83.20466582996004,83.20466582996004,81.97282684618266,82.70072937011719,1755700
2009-07-16,82.86868984037132,84.32449456588016,82.75670683312197,84.0445327758789,1272500
2009-07-17,84.77243191946826,84.82842769848796,83.93254649671096,84.60446166992188,1571300
2009-07-20,85.05240661834557,86.0602709871664,84.49248291830706,85.16439819335938,1436700
2009-07-21,85.16438787553219,86.508201175316,84.71644726101871,85.61231994628906,1788100
2009-07-22,86.06028375208143,87.06814827039405,85.72433460848316,86.50822448730469,1700800
2009-07-23,89.41981751096712,90.59566075540464,88.35596584695834,89.25183868408203,3948700
2009-07-24,89.30782206776453,90.48366514885541,88.57991961488719,90.37167358398438,2638200
2009-07-27,90.53965796465856,92.27542480199807,90.31569190863421,92.21942901611328,2108000
2009-07-28,92.49937734430766,94.01116936099989,92.44339011035973,93.61922454833984,2424200
2009-07-29,93.11529309461311,94.06716147218765,93.11529309461311,93.67521667480469,1924100
2009-07-30,94.51510855528251,94.51510855528251,93.05930372900636,93.95518493652344,1218300
2009-07-31,93.33928069439634,94.51512390222103,93.11531462802866,94.3471450805664,1828800
2009-08-03,94.06717114771375,94.17915416651923,92.21942143427519,92.61136627197266,1472800
2009-08-04,93.05931854400406,93.39527618624635,92.21943298215608,92.66737365722656,1276400
2009-08-05,92.83533548148552,92.83533548148552,91.32354345569885,91.65949249267578,1910700
2009-08-06,92.05145659093718,93.00333375449799,91.71550748358452,92.49939727783203,1601800
2009-08-07,91.99547079914853,93.89920806884766,91.99547079914853,93.89920806884766,1373200
2009-08-10,93.67522267888158,93.95518448692142,92.77934147565156,93.0593032836914,1126000
2009-08-11,92.94733184050291,93.17129789731442,92.33141236863517,92.7233657836914,1199800
2009-08-12,92.38740695216494,93.39527128221275,92.38740695216494,93.00332641601562,1331800
2009-08-13,92.72336579758773,93.50725554030288,92.66737001149777,93.11531066894531,1229600
2009-08-14,93.00332490020973,93.50725278514176,92.6673672810836,93.17129516601562,1114500
2009-08-17,92.61136498327981,92.8353395615308,91.49151772329454,92.10743713378906,1312100
2009-08-18,92.72335176635517,92.83533477783202,92.21941539907512,92.83533477783203,1008800
2009-08-19,92.94732704445461,93.89919555242354,92.55538219338,93.84320831298828,1580100
2009-08-20,94.06718078768752,94.73908751313378,93.67523590982367,94.12317657470703,1415400
2009-08-21,94.01118743725712,94.73908996858871,93.78722137088945,94.3471450805664,1523300
2009-08-24,94.51510855528251,94.62709157028304,93.22728252338537,93.95518493652344,1070600
2009-08-25,93.67525586833044,95.13105265967735,93.61926006938043,94.57112884521484,1666900
2009-08-26,94.40313842228943,94.85107054341523,93.89920197038657,94.12317657470703,1077700
2009-08-27,94.17915986826026,94.73908353994285,93.73121922216275,94.45912170410156,1201300
2009-08-28,94.79508575705951,95.29901367826567,93.84321715936025,94.3471450805664,1324500
2009-08-31,94.01119383167159,95.07505407867367,93.78722775007029,94.23516845703125,1189600
2009-09-01,94.73906805966641,95.5789534299538,93.45124211647457,93.67521667480469,1409900
2009-09-02,93.39526887269692,94.01117977690035,92.33140878474306,93.56324768066406,1519000
2009-09-03,93.955207698677,93.955207698677,91.49153805301982,91.88349151611328,1520300
2009-09-04,92.27541721555626,92.61136627197266,91.09957415870716,92.61136627197266,1199400
2009-09-07,92.77935669005474,93.17130157683224,92.44340759157019,92.66737365722656,857800
2009-09-08,93.17130157837063,93.17130157837063,91.9954669180187,92.27542877197266,1425700
2009-09-09,91.82747018891475,92.44338956500135,91.37952960119321,92.3313980102539,1955000
2009-09-10,92.77935913917158,93.00333375449799,91.77149472959763,92.49939727783203,1338500
2009-09-11,92.72336545780414,92.94733151382849,91.88347993207677,92.21942901611328,1683700
2009-09-14,91.65950565444327,92.89133605442133,91.60351841211909,92.7233657836914,930300
2009-09-15,92.27542480199807,92.72336545780414,91.71550111817982,92.21942901611328,1843100
2009-09-16,92.21942813986409,93.17129668455917,91.77148748831425,93.00332641601562,1926700
2009-09-17,93.39527128221275,93.67523312146173,92.66736879141392,93.00332641601562,1252200
2009-09-18,93.3392656583347,94.8510577221757,93.00331661290136,94.73907470703125,3893900
2009-09-21,94.90706879024336,95.35500946673648,93.89920440407329,94.3471450805664,1260000
2009-09-22,94.73911293665675,96.69884639563388,94.45915101394573,95.63499450683594,2243600
2009-09-23,95.63496885037812,96.13889675856282,94.45912567293706,94.51512145996094,1897800
2009-09-24,94.06717156507298,94.6830909868708,93.28328188620006,93.50724792480469,1785900
2009-09-25,93.61924867736344,93.67524446949962,91.9954732305143,93.33928680419922,2160500
2009-09-28,92.66737005246885,94.40313689693649,92.05145058023648,94.29114532470703,1797900
2009-09-29,94.9630823503461,94.9630823503461,93.56327281418982,94.57112884521484,1396900
2009-09-30,94.45912289224259,94.96305932934995,93.45125856178521,93.78721618652344,2355200
2009-10-01,93.50725554030288,93.67523435481539,92.72336579758773,93.11531066894531,1417300
2009-10-02,92.66736444226804,93.11530507279473,91.60351292055442,92.05144500732422,1793700
2009-10-05,92.27541959446602,93.05930929007005,91.82747896393931,92.05144500732422,1227200
2009-10-06,92.16344058909173,93.17129637200122,91.82748296561705,92.8913345336914,1355400
2009-10-07,92.6673672810836,93.78721461982782,92.16343939615157,93.17129516601562,1635800
2009-10-08,93.33927428921088,93.7312191503369,92.66736759245808,93.28328704833984,1848000
2009-10-09,93.0033196534268,93.67522631001628,91.99545539666425,92.61136627197266,1767800
2009-10-12,93.39527406954376,94.79508330756524,93.17129946520579,94.51512145996094,1275100
2009-10-13,94.51510572906805,94.73907175237204,93.50724153668786,93.61922454833984,1463200
2009-10-14,94.51510627151627,95.07502987674592,94.06716567858132,94.90705108642578,1494100
2009-10-15,94.40314025784438,94.45912750219495,90.98760223342504,91.77149200439453,5063500
2009-10-16,92.38740250193368,92.38740250193368,90.53965274314362,90.8756103515625,2283700
2009-10-19,91.099571667402,92.33140192808855,91.04358443140869,91.99545288085938,1679200
2009-10-20,91.82748378612665,91.99546259936493,90.48367036773504,90.93160247802734,2004500
2009-10-21,91.2115493434656,91.43552390559633,90.14769794055154,91.0435791015625,1777700
2009-10-22,90.4276569272265,91.09956350524114,89.64376734350203,90.7076187133789,1985600
2009-10-23,91.15558105492525,91.37954711984518,90.2037124633789,90.2037124633789,1503100
2009-10-26,90.9875969912857,91.3235546130641,89.69977083281144,90.03572845458984,1262200
2009-10-27,89.86774618117232,92.21942381174134,88.8598818984265,92.05144500732422,2690700
2009-10-28,91.82749572316895,92.72337714772765,91.60352963890851,91.88349151611328,2093400
2009-10-29,92.10745238070827,92.72337189315844,90.93160914557902,92.49939727783203,1977600
2009-10-30,92.61137388603458,93.33927638374978,91.88347993207677,92.21942901611328,1749100
2009-11-02,91.54750291090745,91.82746469350963,90.53963878478855,90.98757934570312,1618700
2009-11-03,90.25968691369089,90.93159355696768,90.14770389710417,90.42766571044922,1889400
2009-11-04,90.25970216591324,90.25970216591324,89.53179961946273,89.64379119873047,2062300
2009-11-05,89.30781962708656,90.48366267604301,89.02785781007375,90.147705078125,1574300
2009-11-06,90.14771391966632,90.2037097060635,88.69190891091407,89.86775207519531,1785900
2009-11-09,90.31567795849334,91.65949117458906,90.31567795849334,91.15556335449219,2064400
2009-11-10,91.09956633427822,91.49151113831203,90.70762153024441,91.0435791015625,1681200
2009-11-11,91.71549582885281,92.0514448935148,90.53965274314362,90.8756103515625,1400600
2009-11-12,80.9089584350586,80.9089584350586,80.9089584350586,80.9089584350586,0
2009-11-13,90.42767211142757,91.0995788022657,89.53179082780531,90.31568908691406,1837000
2009-11-16,90.65164063721599,91.09958129126564,89.97973392802018,90.93160247802734,1098200
2009-11-17,91.26754228568372,91.26754228568372,90.1476951410741,90.7076187133789,1464000
2009-11-18,91.09957515873704,91.71549458456327,90.70763031673705,90.76362609863281,1336800
2009-11-19,90.65164459321879,90.87561920189646,89.92375061035011,90.2037124633789,1138700
2009-11-20,90.14769523348997,91.65948717151164,89.69975466643577,91.09956359863281,2092700
2009-11-23,91.82747303706738,93.39526087084174,91.60350700813804,93.0593032836914,1951400
2009-11-24,92.38740307615011,94.17915706342103,92.2754200539001,93.73121643066406,1999200
2009-11-25,94.1791534423828,94.57109827706664,93.61922980890401,94.17915344238281,1647800
2009-11-26,93.6192422519027,94.06718292697317,92.1074499493279,92.66737365722656,1403200
2009-11-27,91.32355419895251,93.45125731471013,91.04359236332574,93.28328704833984,1570000
2009-11-30,93.5072449527818,93.5072449527818,91.54751227413068,91.99545288085938,1561100
2009-12-01,92.33141601498426,93.22729736512521,92.33141601498426,92.66737365722656,1808500
2009-12-02,93.00332764052277,93.67523435481539,92.72336579758773,93.11531066894531,1706900
2009-12-03,93.56324011214336,94.23514674590297,93.1712867440069,93.95518493652344,1873607
2009-12-04,93.8432183634065,94.96306579712851,93.67523953959663,94.85107421875,1725300
2009-12-07,94.68309629902892,94.96305813487021,93.89919803241897,94.45912170410156,1441900
2009-12-08,94.45912566555137,94.73908751313378,93.28329103195982,94.12317657470703,2111001
2009-12-09,93.95520385950391,94.17916993461272,93.5072631655282,93.89920806884766,1676500
2009-12-10,94.06720082970233,94.79510349725547,93.67525586833044,94.57112884521484,1598645
2009-12-11,95.07504761189799,95.29901367826567,94.12317901419873,94.3471450805664,1781200
2009-12-14,94.62709566124948,94.90705748273247,93.78721019680053,94.79507446289062,1380600
2009-12-15,95.01903533935547,95.1310183531123,94.29113293430169,95.01903533935547,1064300
2009-12-16,94.9070693619955,97.7066879272461,94.62710750547043,97.7066879272461,3240219
2009-12-17,97.42674248255697,98.65857315002135,97.14678057887147,97.81868743896484,2696571
2009-12-18,98.7145393962168,98.82652241541493,97.9306411743164,97.9306411743164,3592836
2009-12-21,98.5465750189301,99.21848177621668,98.04264708690467,98.3226089477539,1461693
2009-12-22,98.71452643924168,100.33830136387458,98.54654766061452,100.226318359375,1756150
2009-12-23,100.56229239373161,100.56229239373161,99.27446627158753,99.55442810058594,1194518
2009-12-24,99.55442810058594,99.55442810058594,99.55442810058594,99.55442810058594,0
2009-12-28,99.44242700235495,99.94635478545169,99.21845245361328,99.21845245361328,715064
2009-12-29,99.49844481952637,99.89038972062166,99.21848295535001,99.61042785644531,775839
2009-12-30,99.77839899832586,99.8343947843513,97.8186661000387,98.43458557128906,914764
2009-12-31,99.6104278564453,99.6104278564453,99.6104278564453,99.61042785644531,0
2010-01-04,99.21848199655871,101.17821502685547,99.10649896072191,101.17821502685547,1911332
2010-01-05,101.29018509999764,101.29018509999764,99.05049049485667,99.83438873291016,1567373
2010-01-06,100.11434940784497,100.78625607291303,99.61041300122633,100.50629425048828,1573910
2010-01-07,100.17034023442945,100.2823318024166,98.9385098803846,99.66641235351562,1542146
2010-01-08,99.38644932765587,100.39431362113842,99.10648749856388,99.94637298583984,1523677
2010-01-11,100.67427668784636,101.1222173286516,100.05835723876953,100.05835723876953,1442756
2010-01-12,100.28234316547501,100.6742880665703,98.7145550173358,99.61042785644531,1785731
2010-01-13,99.16248571722167,100.95423975866278,99.16248571722167,100.17034149169922,1815227
2010-01-14,100.89823718661921,102.35404205322266,100.45029657045225,102.35404205322266,2379759
2010-01-15,102.13007634028942,103.75386014690348,102.13007634028942,103.24992370605469,3326497
2010-01-18,103.30591300990864,103.58587483378373,102.57801055908203,102.57801055908203,2065935
2010-01-19,102.52203128506953,103.86584472656249,101.34618811594507,103.8658447265625,1951069
2010-01-20,103.97783663221382,104.92970527984151,103.36192564551743,103.58589172363281,2750575
2010-01-21,104.03379946712013,104.81768903595655,103.52986313536341,104.14578247070312,2861863
2010-01-22,103.8658600329798,104.14582191986113,102.85799553145519,103.47391510009766,2989179
2010-01-25,103.02595356082128,103.02595356082128,101.23419955547143,101.62614440917969,2239101
2010-01-26,100.67426494055947,102.85796356201172,100.00235832963233,102.85796356201172,2396388
2010-01-27,102.1300799577245,102.57802062864809,101.7381350745755,102.41004180908203,2518331
2010-01-28,103.02595849912892,103.30592034287656,100.95424256414793,101.29019165039062,1691564
2010-01-29,101.51416093750638,101.57014817707058,99.16248328188507,99.94637298583984,2948641
2010-02-01,99.554428166879,100.78625850654089,98.99450450850934,100.33831787109375,2005417
2010-02-02,100.6182788564355,101.79412194665329,100.2263340076152,101.1222152709961,3431398
2010-02-03,98.54656149351496,100.56229003247594,97.76267180822836,100.50629425048828,4455360
2010-02-04,99.72242196947813,100.00238384076386,98.26661682128906,98.26661682128906,2085759
2010-02-05,97.93064837091607,98.49057205181042,94.9070639115896,95.07504272460938,3526241
2010-02-08,95.07504582024876,98.93851592671115,94.68310093961247,98.65855407714844,2945490
2010-02-09,98.37858735587008,99.2744686476097,98.37858735587008,98.6025619506836,1841019
2010-02-10,98.82653411865235,99.05050018357115,97.59470367408359,97.98664855957031,1965382
2010-02-11,97.98664855957033,97.98664855957033,97.98664855957033,97.98664855957031,0
2010-02-12,100.22633358005844,101.0662190569863,99.27446508162491,99.83438873291016,1893507
2010-02-15,100.3383203020312,100.84225673302718,99.72240938915684,100.17034149169922,722877
2010-02-16,100.50630952623764,100.84226718171159,99.21848323859831,100.11436462402344,1217383
2010-02-17,100.50632972391107,101.5141943491145,100.28236360442577,101.45819854736328,1564354
2010-02-18,101.62614839544588,102.41003813361029,101.23420352636367,102.07408905029297,1445260
2010-02-19,100.84227124175928,103.1379535007316,100.84227124175928,103.02597045898438,8249260
2010-02-22,103.02597025787354,103.13795329940216,101.34619900366908,101.73814392089844,1531145
2010-02-23,100.226318359375,101.2341824873824,99.94635657624825,100.226318359375,2151660
2010-02-24,100.67428436277389,101.23420807052707,100.0583648667423,100.45030975341797,1387301
2010-02-25,100.78627110348924,101.12222875800408,98.93852109117366,99.61042785644531,1883363
2010-02-26,100.22634368781979,100.61828857449548,99.7784030128657,100.45030975341797,1853457
2010-03-01,101.51416019240335,101.9061050415039,101.1222153433028,101.9061050415039,1498491
2010-03-02,102.29806541507384,103.69787476269049,101.90612050649281,103.58589172363281,2098917
2010-03-03,103.13793586496963,104.08980437269666,103.13793586496963,103.97782135009766,1928902
2010-03-04,104.73004313975542,104.73004313975542,103.68852713278147,104.20928955078125,1821706
2010-03-05,104.03568402882341,104.78789039386028,103.39919968247895,104.49858093261719,1460513
2010-03-08,104.61430705385024,104.96147312354192,103.86210065931493,104.44071960449219,1352844
2010-03-09,104.9036124125527,105.4822313350389,104.49858093261719,104.49858093261719,1489682
2010-03-10,104.32500195152329,104.5564460076798,103.28348604076939,103.39920806884766,1467098
2010-03-11,103.51494126152858,103.80425077744009,103.22563174561706,103.45708465576172,1138572
2010-03-12,102.87843248993182,102.87843248993182,100.33250427246094,100.33250427246094,3544764
2010-03-15,100.62183096949343,100.96900586798452,100.50610894633787,100.91114044189453,1702239
2010-03-16,101.77906885909783,102.06837833149893,100.85328384482897,100.91114044189453,2387135
2010-03-17,101.25831278758554,101.37403480782365,100.44824981689453,100.44824981689453,2096213
2010-03-18,100.9690328897221,101.31620788112556,100.73758878147099,101.08475494384766,1505539
2010-03-19,101.31617582796025,102.4155482378873,101.08472296390656,101.83692932128906,4640228
2010-03-22,101.25832719408918,101.48977126749406,100.62184274868758,101.31619262695312,2063873
2010-03-23,101.43190151398223,101.72121098274486,100.62182970403228,100.67969512939453,1428281
2010-03-24,101.14259616366185,101.20045276235567,100.33252432072645,100.62183380126953,1666242
2010-03-25,100.67970436560022,101.0268792915744,100.10108537499332,100.15895080566406,1473830
2010-03-26,99.9853503101486,100.10107232738123,98.19162814145876,98.3073501586914,2100257
2010-03-29,98.71242582948975,99.23317950812562,98.48097288307493,98.8281478881836,1093643
2010-03-30,99.23316892560443,99.52247845599977,98.53882781846083,98.88599395751953,1504590
2010-03-31,98.53879333306608,99.58030904379771,98.42307132721214,98.9438247680664,1718207
2010-04-01,99.2331341972128,99.40672162050527,98.48092791562756,98.9438247680664,1606176
2010-04-06,99.52246436786952,99.6960518273394,97.26585388183594,97.26585388183594,2590634
2010-04-07,97.32370474879366,98.30735518914108,96.6872292069333,97.6130142211914,2641737
2010-04-08,97.55515529917358,99.46459070827308,96.9186709434576,99.23314666748047,2737897
2010-04-09,99.4646028494908,100.91115035357895,99.23315878044681,100.7375717163086,2123221
2010-04-12,101.25830922415345,101.31617464674824,100.21679342061452,100.390380859375,1206344
2010-04-13,100.50609448688728,100.56395990465238,99.86961903658694,100.04319763183594,1291106
2010-04-14,100.50610918052543,100.56397460675025,99.75390278472499,99.927490234375,1514916
2010-04-15,102.01052352182936,102.87845195424022,101.60549201917586,102.70486450195312,2874331
2010-04-16,102.53128725586693,102.82059676213575,101.25832719408918,101.31619262695312,3424091
2010-04-19,101.31618976946886,102.01053079912602,100.73757077325037,101.60549926757812,1431984
2010-04-20,102.01052377261513,102.5891427289782,101.48976141447359,101.7212142944336,2347811
2010-04-21,101.95266469450468,102.068386727179,100.91114874238548,101.2583236694336,1622188
2010-04-22,101.25831909386156,101.89480348834716,99.23315271198433,99.75390625,2150651
2010-04-23,100.50611267193078,100.50611267193078,99.58032762334462,99.75390625,1404514
2010-04-26,100.44825416654153,100.96900769467501,99.29101625600084,99.40673828125,1574329
2010-04-27,99.63817478099541,99.81176222022668,98.1916275024414,98.1916275024414,1371369
2010-04-28,97.20798970117767,98.71240259721068,97.0344022394777,97.49729919433594,1942346
2010-04-29,99.00170127975379,99.75389881660809,97.6130105668189,98.77024841308594,1861459
2010-04-30,98.53882537600406,99.00172237896814,97.78661884981567,98.42310333251953,1794645
2010-05-03,97.84447090583632,98.13378038949755,96.10861400386896,96.6872329711914,2093891
2010-05-04,97.15011969300376,97.61301662604926,95.76143772289193,95.99288177490234,2395222
2010-05-05,95.93501691178774,96.57149241449756,95.52998544114989,95.87715148925781,2436702
2010-05-06,95.47213175210608,96.80295717263739,95.41426632246451,96.05075073242188,2075122
2010-05-07,94.37275500180962,95.64571493578669,92.28972323419293,93.79413604736328,3756647
2010-05-10,95.47213745117188,95.76144695859966,94.19917738429467,95.47213745117188,2810493
2010-05-11,95.29854304702701,96.97654336543289,95.1249555893954,95.81930541992188,1892298
2010-05-12,96.05073699671183,96.45576845920647,95.29853066406537,95.52998352050781,1905155
2010-05-14,96.05073837040236,96.45576983868965,94.43060366822935,94.54632568359375,1998027
2010-05-17,94.02558454011833,95.47213199458169,93.9677191103298,94.83564758300781,1550902
2010-05-18,95.58785402513375,95.64571945492229,94.02558454011833,94.83564758300781,1928285
2010-05-19,94.37275752957206,95.0670985277006,93.79413855962747,94.25702667236328,1956233
2010-05-20,95.00924219124762,95.1249642305059,92.17401249880454,92.63690948486328,2643320
2010-05-21,92.28972393187995,92.28972393187995,89.85952607063851,90.61173248291016,5014757
2010-05-25,88.1236633125102,89.16517913467791,87.37145695044329,88.64441680908203,3726084
2010-05-26,89.51236436707586,90.66960245541304,88.87588871590597,89.80167388916016,2636549
2010-05-27,90.55385448317816,91.65322682069365,89.85951359479873,91.30606079101562,1845899
2010-05-28,91.82685148976208,92.75264560239938,91.47968531929332,92.17402648925781,1748110
2010-05-31,92.521176682384,92.521176682384,91.82683563232422,91.82683563232422,920224
2010-06-01,92.463315020933,93.50483095356671,91.42179908829927,92.75262451171875,1849565
2010-06-02,92.40544773434557,94.66206701454435,91.88469419300537,94.25702667236328,1714345
2010-06-03,95.06710177313332,96.05075228981434,94.9513797409988,95.29854583740234,1634094
2010-06-04,95.99289722933098,96.45579423690083,93.6784210205078,93.67842102050781,1666784
2010-06-07,92.57903289794922,93.38909590419642,92.17400139482561,92.57903289794922,1559758
2010-06-08,92.81048721465103,93.04194011991241,90.90105151314167,91.19036102294922,2194731
2010-06-09,91.82682674169949,91.82682674169949,90.38027934870163,91.59538269042969,1903573
2010-06-10,91.42180509918502,91.88470208068222,90.55387656976238,91.19036102294922,1978614
2010-06-11,91.30608276157814,91.59539227043673,89.57022570842656,89.85953521728516,3047982
2010-06-14,90.26456098631877,90.55387047665954,89.45449794497462,90.20669555664062,2732573
2010-06-15,89.68592065565859,91.13246776300792,89.45447665009185,90.66957092285156,1909673
2010-06-16,91.13247473785383,92.0582684890224,90.55385585062936,91.76895904541016,1982168
2010-06-17,92.00042372189633,92.34759866377784,91.42180470477747,91.94255828857422,1290646
2010-06-18,90.49599896098727,90.49599896098727,89.10731703235257,89.6859359741211,6521482
2010-06-21,90.26456676388207,90.43815423500234,89.22305076618602,89.85953521728516,1372064
2010-06-22,89.68592907291485,90.26454797015946,89.57020705927066,90.0331039428711,1354744
2010-06-23,89.74381256103517,90.66959768558687,89.51235965812813,89.74381256103516,1830459
2010-06-24,90.03312206789985,90.49601021566296,89.33877218820422,89.74381256103516,1485565
2010-06-25,89.68593526992147,90.38027622878697,88.93372888572371,89.33876037597656,1111351
2010-06-28,89.33875210125383,89.7437923830154,88.58655461575033,89.22303009033203,1199608
2010-06-29,88.64442500234792,89.04945651812066,86.27209250766474,86.6771240234375,2315650
2010-06-30,86.561388910886,87.08214237687918,85.75131717275671,86.27207946777344,2128690
2010-07-01,85.1727081773454,85.80919255771518,84.18905772233947,84.6519546508789,2463307
2010-07-02,85.63559932765763,85.63559932765763,84.65194893902311,84.99911499023438,1658970
2010-07-05,84.99911810480543,85.92491193334003,83.49471416971708,83.95761108398438,1892941
2010-07-06,83.78402342330638,85.17270533353371,83.14753906418802,84.9412612915039,1580426
2010-07-07,84.53623929889231,85.51988983154297,84.07334233381398,85.51988983154297,1476826
2010-07-08,85.92492037555684,86.6192614006654,85.4041668139817,86.15636444091797,1822839
2010-07-09,86.50354132324664,87.19788236404956,85.3463033122333,86.96643829345703,2213987
2010-07-12,87.31360439934582,87.37146983150663,86.38781928795038,86.96643829345703,999540
2010-07-13,86.96643288002494,87.48718642095527,86.15636102532525,86.5614013671875,1505206
2010-07-14,86.79284730533539,86.96643476575106,86.04064086288415,86.9085693359375,1581802
2010-07-15,86.90856241151725,88.18152230476771,86.61925294355014,87.2557373046875,1963855
2010-07-16,86.9664191140658,87.19786313361615,82.74249953959641,83.61042785644531,7134448
2010-07-19,82.85823191915875,84.24692269732704,82.85823191915875,83.32112884521484,2703439
2010-07-20,83.3211268711757,83.61043633947838,82.22175442323518,82.74250793457031,2612224
2010-07-21,80.13873388471394,80.42804339332302,78.4028768330595,79.27080535888672,8515573
2010-07-22,79.27079335342995,80.42803121260411,78.98148388863642,80.08085632324219,5031953
2010-07-23,80.13871772469518,80.13871772469518,78.17141699447102,78.92361450195312,3908390
2010-07-26,79.27080568219684,79.27080568219684,77.53494862346261,78.05570220947266,2925201
2010-07-27,78.2292805232555,79.09720895101874,77.82424902277089,78.80789947509766,3425489
2010-07-28,78.98149650123523,80.13873454520937,78.6921869902417,79.61798095703125,2939749
2010-07-29,79.96512548723165,80.02299090542056,78.75003116647353,78.86575317382812,2122869
2010-07-30,78.69216434718058,78.86575176963339,77.82423606393962,78.4028549194336,2343622
2010-08-02,78.69218634166857,79.38652739652524,78.22928936208893,79.27080535888672,1810712
2010-08-03,79.32867105148016,80.48590908969854,78.8657740703877,80.37017822265625,2481611
2010-08-04,80.31230772277283,80.89092664177116,79.61796678577964,80.83306121826172,1884245
2010-08-05,81.2381029660962,82.04817485251976,80.7752148355972,81.75886535644531,2388635
2010-08-06,82.1638904894884,82.39533453672225,81.35382749514548,81.99030303955078,2005541
2010-08-09,82.45319846626761,82.97395197760274,82.22175442323518,82.74250793457031,1446350
2010-08-10,82.80037814817304,83.20540966141485,82.279615777698,83.03182220458984,1654767
2010-08-11,82.80038612583033,82.91610816518833,81.81672671872319,82.04817962646484,1502302
2010-08-12,81.93245820226116,82.56893383802168,81.87459276763487,82.16390228271484,1572503
2010-08-13,82.91610177250345,82.91610177250345,82.16389533113176,82.51107025146484,1381559
2010-08-16,82.51108138006336,83.03183500177413,81.93246232081755,82.33749389648438,1231418
2010-08-17,82.45320482173433,82.56892685217036,81.99030787096521,82.51107025146484,1353248
2010-08-18,82.51105756709113,83.43684249728405,82.33747013361008,82.97394561767578,2307293
2010-08-19,83.37900030026726,83.61044436551677,81.3538338277461,81.75886535644531,1573442
2010-08-20,81.87457703826351,81.87457703826351,80.25444229926339,80.83306121826172,2191764
2010-08-23,80.94879724176545,81.18025014682445,80.1387341466228,80.37017822265625,1284087
2010-08-24,79.96513713344217,80.25444660847562,79.38651818337526,79.79154968261719,1978862
2010-08-25,79.73368634500294,79.79154293770421,78.63430513539365,79.15506744384766,2079620
2010-08-26,79.50226061215089,79.61799149508667,78.750062847229,79.32868194580078,1277195
2010-08-27,78.7500454988155,79.84941801230248,78.34500515582307,79.73369598388672,1791741
2010-08-30,80.13872118472491,80.48589607164746,79.84941172196417,80.19658660888672,1009242
2010-08-31,79.56011675406192,79.9072917042354,79.15508519821003,79.84942626953125,1502241
2010-09-01,80.02301340191103,81.06452941894531,79.8494259275677,81.06452941894531,1958090
2010-09-02,81.00664865976603,81.06451408327547,80.4280297407677,80.83306121826172,1156838
2010-09-03,81.64312658730746,82.68463349645063,81.12236430371253,82.27960205078125,2282609
2010-09-06,82.56892048778383,83.08968282814327,82.0481669764487,82.74250793457031,1218459
2010-09-07,82.74251431233691,82.85823634277294,82.10602990140124,82.51107025146484,1032815
2010-09-08,82.39534125895717,83.20541314841438,82.10603176179929,82.85823822021484,1518952
2010-09-09,82.85823191915875,83.32112884521484,82.51106584638507,83.32112884521484,1368049
2010-09-10,83.37899490340992,83.43685150146484,82.80037594871318,83.43685150146484,1130997
2010-09-13,83.61045240288728,83.61045240288728,82.68465839484352,83.0896987915039,1361707
2010-09-14,82.62679927264797,82.85824335310166,81.93245820226116,82.16390228271484,2040342
2010-09-15,81.87459186841083,82.04817934135745,80.1966002309865,80.71735382080078,2730468
2010-09-16,80.54374911556934,80.71733655137706,79.79154277975177,80.13871765136719,2127554
2010-09-17,80.4280285610728,80.54375057737028,79.15506872375269,79.38651275634766,3633047
2010-09-20,79.84942626953125,80.19660121970472,79.50225131935777,79.84942626953125,2074740
2010-09-21,79.5601084706717,79.96513998435378,79.32866441400331,79.50224304199219,1378926
2010-09-22,80.31230033831866,80.37015692748435,78.69216574828462,78.86575317382812,2703489
2010-09-23,78.80789814014058,79.03935101437149,77.7663822786624,78.34500122070312,1984676
2010-09-24,78.05568784832663,78.28714071098914,76.72487141136895,77.4192123413086,3747779
2010-09-27,77.36136840588229,77.53495589383795,75.79909867233411,75.85696411132812,3229332
2010-09-28,75.91480056079727,75.97266598442413,74.58397527859624,75.336181640625,4238158
2010-09-29,75.74121165862519,76.20410855164302,74.81542670161342,76.08838653564453,3554780
2010-09-30,75.97268123878794,78.51860146712525,75.91481580354245,77.65067291259766,4496855
2010-10-01,78.11356420765365,78.86577066582869,77.70853267756715,78.46073913574219,2749082
2010-10-04,78.46074550945501,78.63432415857466,77.6506735544511,77.99784851074219,1638328
2010-10-05,77.93996956986629,79.67582639248704,77.7085255251266,79.56010437011719,2244828
2010-10-06,79.90727770758542,80.37016578803572,79.50223739365511,80.08085632324219,1687221
2010-10-07,80.19659139886564,80.83306695754017,79.67582903737775,80.48590087890625,1756035
2010-10-08,80.48590087890625,80.71734493132887,79.73369446499574,80.48590087890625,1323949
2010-10-11,80.77522213846318,81.52741983304263,79.96515017880124,80.42804718017578,1301986
2010-10-12,80.02299014404944,80.13871215030302,78.2292681455381,78.5185775756836,2461935
2010-10-13,79.03935347870322,80.77521035894685,78.69217857104462,80.48590087890625,2666997
2010-10-14,78.98148388863642,80.13872174781058,78.5764524037303,80.08085632324219,3090922
2010-10-15,80.25445427393359,82.62679572741055,79.8494227360053,82.10603332519531,4039449
2010-10-18,82.5689170398697,83.03181393562922,81.9324415335963,82.91609191894531,1937962
2010-10-19,82.85823537362117,83.26326688992233,82.39533842826633,83.14754486083984,1547187
2010-10-20,83.20541091662524,83.72616446593139,83.1475454871357,83.26326751708984,1622447
2010-10-21,83.37900061251415,83.55257924758874,82.51107212104047,82.85823822021484,1721594
2010-10-22,82.56892747754605,83.03182443182115,82.27961798475225,82.62679290771484,1055270
2010-10-25,82.80037814817304,83.20540966141485,82.45320323452302,83.03182220458984,911851
2010-10-26,83.20540833876103,83.32113036512989,82.27961446976083,82.56892395019531,1140165
2010-10-27,82.51104591394734,84.01544952392578,82.33745850498227,84.01544952392578,1571617
2010-10-28,84.47837764434091,85.05699666930214,84.1312026977539,84.1312026977539,1767768
2010-10-29,84.42049075389494,84.42049075389494,82.97394355914676,83.61042785644531,1473766
2010-11-01,83.8418938319218,84.47837829589844,83.55258431720982,84.47837829589844,992555
2010-11-02,84.47836500933381,85.4041588424157,84.30477756200291,85.0569839477539,1309058
2010-11-03,85.28842757259446,85.34629299776198,83.89974565881687,83.95761108398438,1131799
2010-11-04,84.53622298659657,84.59407957792644,83.66829465543654,84.07332611083984,1441514
2010-11-05,84.18904882301953,84.30477083566569,82.74250159238345,82.97394561767578,2295479
2010-11-08,83.031817402873,83.08968282814327,82.51106389153787,82.74250793457031,1424276
2010-11-09,82.27960622787329,82.62678110122827,81.4116778735096,82.45319366455078,1469312
2010-11-10,82.16389244339197,83.03182088469542,82.16389244339197,82.56892395019531,1647230
2010-11-11,82.80037265180546,82.80037265180546,82.27961031589912,82.39533233642578,1060234
2010-11-12,82.16390166582285,82.39534574453884,81.64314807419902,82.04817962646484,1656537
2010-11-15,81.81671883583958,83.08968763320645,81.70099680763117,83.03182220458984,1212298
2010-11-16,82.80036853790578,83.26325659701405,82.33747164977372,82.45319366455078,1635788
2010-11-17,82.85822560664643,84.53622573213413,82.74250359120477,83.55256652832031,2406973
2010-11-18,84.24693894183339,84.76769256591797,83.7261764887226,84.76769256591797,1542622
2010-11-19,85.28842113003346,85.3462865508299,83.84187390035837,84.18904876708984,1658328
2010-11-22,84.01546138953847,84.30477083566569,82.74250159238345,82.97394561767578,1566017
2010-11-23,82.68465203937376,82.8003829032532,81.00666046142578,81.00666046142578,2393784
2010-11-24,81.29597349871929,81.41169553860628,80.48591039048468,81.06452941894531,1603726
2010-11-25,81.0645258933655,81.23810453113401,80.25445399133605,81.00666046142578,1203366
2010-11-26,80.77521705154784,81.58528013116914,80.25445464691238,81.35383605957031,1898401
2010-11-29,81.64313392269041,82.1060219998883,80.19658660888672,80.19658660888672,1510112
2010-11-30,80.25444952627007,80.71734646895794,79.73369598388672,79.73369598388672,2815880
2010-12-01,80.13872174781058,80.37016578803572,79.67582483833607,80.08085632324219,1956484
2010-12-02,80.31232165486398,80.60163116455078,79.09721818256914,80.60163116455078,2053305
2010-12-03,80.71734067739766,80.71734067739766,79.73369026290446,80.08085632324219,1362783
2010-12-06,80.19658809680591,80.25444469301702,79.38651628863178,79.44438171386719,1273879
2010-12-07,79.09721976350588,80.25445782538314,78.92363228841914,79.84942626953125,1695204
2010-12-08,79.38650507099864,81.93243332819334,79.38650507099864,81.58525848388672,2157121
2010-12-09,82.16389244339197,82.8582334306298,81.8745829629575,82.56892395019531,1391562
2010-12-10,82.62678741298055,82.74250943659747,81.75885899231695,81.99030303955078,1077122
2010-12-13,82.16388574529591,82.51106062512505,81.81671086546677,81.93244171142578,1006223
2010-12-14,82.16388004187904,82.56891148754843,81.87457060511187,82.27960205078125,1102892
2010-12-15,81.87459914609134,82.22177412284435,81.46956755923046,81.70101165771484,1655062
2010-12-16,81.87458896636963,82.2796205028717,79.67583498804015,81.00666046142578,3459093
2010-12-17,81.29595545138693,81.29595545138693,79.3865113155496,80.13871765136719,4937600
2010-12-20,79.90727298184845,80.71733590375335,79.7336855474335,80.02299499511719,1539625
2010-12-21,80.02300672601565,80.3123162161104,79.32866571559322,79.96514129638672,1614856
2010-12-22,80.02300128862093,80.08085788529367,79.56010437011719,79.56010437011719,1321692
2010-12-23,79.61798404953979,80.60163465931949,79.4443965703961,80.42804718017578,1075308
2010-12-27,80.54374975993667,80.71733719713312,80.02299627737113,80.25444030761719,708271
2010-12-28,80.48590087890625,80.89093238515817,80.42803545128825,80.48590087890625,669997
2010-12-29,80.71734202521624,80.83306404726115,80.3123105335469,80.54375457763672,616836
2010-12-30,80.54376543096154,80.54376543096154,79.27080535888672,79.27080535888672,1122340
2011-01-03,79.5600989088516,79.61796433057663,78.98148000769632,79.15506744384766,1267066
2011-01-04,79.27079426718527,79.6179691605491,79.03935022429226,79.44438171386719,1542470
2011-01-05,79.56010437011719,79.67582639248704,78.80789798117667,79.56010437011719,1575743
2011-01-06,79.79157016143678,79.84943560290466,79.15509445042389,79.32868194580078,1451684
2011-01-07,79.32866762693834,79.44438965995946,78.34500827369588,78.46073913574219,1859985
2011-01-10,78.4607246567135,78.63430325970064,77.24562146166221,77.5927963256836,2030617
2011-01-11,77.99784851074219,77.99784851074219,77.47708607630555,77.99784851074219,2007432
2011-01-12,78.22927493532502,79.50223477264514,78.17141834168822,79.38651275634766,2427322
2011-01-13,79.73368626012241,79.73368626012241,78.51858303738035,78.92361450195312,1750151
2011-01-14,78.98148949997591,79.50224304199219,78.22928307226641,79.50224304199219,1795867
2011-01-17,80.13871749657466,81.52739932230654,80.13871749657466,81.12236785888672,2913489
2011-01-18,81.41168913283234,82.04817354566836,80.94879218068114,81.29596710205078,1719964
2011-01-19,81.93246458522565,81.93246458522565,81.46956755923046,81.70101165771484,1675017
2011-01-20,81.2959671020508,81.64314202342044,81.00665761058441,81.29596710205078,2045483
2011-01-21,81.58528075250105,81.87459025871559,81.12238377675268,81.46955871582031,2617782
2011-01-24,81.9903173033237,83.0896987915039,81.2381107754164,83.0896987915039,2137728
2011-01-25,83.37899427185606,83.78402577127095,83.14754139431575,83.32112884521484,1907109
2011-01-26,83.66831454100543,84.24693356596667,83.43686163360555,84.1312026977539,1807977
2011-01-27,84.07333310529513,84.4783645943949,83.72615821233859,83.95761108398438,1568750
2011-01-28,83.37898254394531,84.07332342085267,83.14752969896067,83.37898254394531,1634051
2011-01-31,83.37900831538933,83.72617444663624,82.80038926761848,83.0896987915039,1615169
2011-02-01,83.32111841749568,83.61042785644533,82.8003649589957,83.61042785644531,1775964
2011-02-02,81.87458146942987,83.66830374701306,81.18024049485798,83.32112884521484,5042973
2011-02-03,82.45321117873067,82.8582427309965,81.46956060064919,82.04817962646484,3668513
2011-02-04,82.39534383829158,82.39534383829158,80.71735223385741,81.46955871582031,2895723
2011-02-07,81.41168975830078,82.22176163804524,81.06452366328894,81.41168975830078,1992429
2011-02-08,81.41167106173341,81.75884590604004,81.23808363958011,81.58525848388672,1557861
2011-02-09,81.81672420276799,81.87458963518039,80.89093908734725,81.35383605957031,1792817
2011-02-10,81.35381447369768,81.58525848388672,80.83305220723777,81.58525848388672,1594586
2011-02-11,81.58526116834469,82.56891148754843,81.35381715054028,82.27960205078125,2082704
2011-02-14,82.33746476053568,82.39532134857141,81.18022705154438,81.58525848388672,2087481
2011-02-15,80.83307232864489,81.1223818279092,80.37017536401693,80.65948486328125,2245336
2011-02-16,80.601617182272,81.00664865976603,80.48589516427714,80.83306121826172,1480087
2011-02-17,80.48589187721585,80.65947048260713,78.92361379650491,80.02299499511719,3393852
2011-02-18,80.42803121260411,80.4858966371725,79.73369026290446,80.08085632324219,5771555
2011-02-21,80.19658717237895,80.65947525282927,79.90727770758542,80.08085632324219,1570928
2011-02-22,80.08086845138192,80.08086845138192,79.1550833212482,79.27080535888672,1790250
2011-02-23,79.2707948996804,79.90727926625108,78.9236200035465,79.56010437011719,1537122
2011-02-24,79.79155476360702,79.90728562420955,78.7500476503848,79.09721374511719,1825674
2011-02-25,79.27079426718527,79.8494132034421,79.09720682050336,79.44438171386719,1466731
2011-02-28,79.56011641333738,81.46956097306263,79.27080689910707,81.06452941894531,2715099
2011-03-01,81.18024730460128,81.70100087195709,80.77521577121063,80.89093780517578,1739411
2011-03-02,80.65948938123503,80.94879889670435,79.73370422914867,79.84942626953125,2458628
2011-03-03,80.94324799481674,82.15861210666833,80.45710049557765,81.61170196533203,3672241
2011-03-04,81.79399943288098,81.91553397618938,81.18631744384766,81.18631744384766,1897344
2011-03-07,81.00402747170565,81.06479011947548,80.27481079101562,80.27481079101562,1848431
2011-03-08,80.57865184734423,80.82172098340985,80.03173238245684,80.27481079101562,1928353
2011-03-09,80.51787051022866,80.51787051022866,80.03172302246094,80.03172302246094,1726639
2011-03-10,79.84941448031212,80.82170943057898,79.72787992965172,80.21402740478516,2491848
2011-03-11,79.91019230357348,80.27480525502025,79.78865774392207,80.09249877929688,1668201
2011-03-14,79.72788662662089,80.21403414258965,79.48481750488281,79.48481750488281,1710582
2011-03-15,78.75559595916232,78.93789315285888,76.14256133710441,77.35792541503906,4648494
2011-03-16,77.540237429878,77.6010047145073,75.83873027902445,76.20333862304688,3533780
2011-03-17,76.32486724853516,76.87178204010134,75.59565061727777,76.32486724853516,2594586
2011-03-18,76.56793077551545,77.11484549401825,75.96024878523357,76.1425552368164,5060024
2011-03-21,76.62870418653065,77.54022724498165,76.44640235658808,77.35792541503906,2059185
2011-03-22,77.47945502409573,78.2694434788397,77.23638129677099,78.20867156982422,1918568
2011-03-23,78.20867084964509,78.81635284423827,78.02636439676886,78.81635284423828,1784171
2011-03-24,78.81635631646589,79.30250378805577,78.57328721691684,79.18096923828125,1744914
2011-03-25,79.60633325313289,79.9101742197479,78.87711678775496,79.12018585205078,1714597
2011-03-28,79.30249228651788,79.78863968759998,79.12018585205078,79.12018585205078,1427398
2011-03-29,79.30250928106527,79.42404383925808,78.81636177580162,79.24173736572266,1414132
2011-03-30,79.54557935212671,80.3355678985997,79.48481670854726,80.09249877929688,1858061
2011-03-31,80.03172340750906,80.27480178880846,79.7278823852539,79.7278823852539,1448590
2011-04-01,80.21404137772122,81.18633649735764,80.0317348837277,81.12556457519531,1723642
2011-04-04,81.42939838610197,81.42939838610197,80.70018174759063,80.82171630859375,1562140
2011-04-05,81.00401128234073,81.00401128234073,80.21402283927385,80.76093292236328,1438618
2011-04-06,80.94324151824091,81.06477606520318,80.6394005145895,80.7001724243164,1409429
2011-04-07,80.82169654039136,81.61168490242709,80.82169654039136,81.36860656738281,1840555
2011-04-08,81.55093044266656,81.7332369148189,80.94324838382032,81.307861328125,1257937
2011-04-11,81.30786262672709,81.97630733863855,81.06478423581088,81.73323822021484,1402690
2011-04-12,81.42938653046447,81.61169298167272,81.18631744384766,81.18631744384766,1724961
2011-04-13,81.36860730677138,81.49015111164316,80.63939083999298,80.8824691772461,1593893
2011-04-14,80.0924882955308,80.7609329223633,79.91018184367054,80.76093292236328,2029615
2011-04-15,81.12556457519531,81.18633649735764,80.39634787171472,81.12556457519531,4074978
2011-04-18,80.94324741027913,81.24708843604782,80.1532588887821,80.45709991455078,2249982
2011-04-19,80.39632177523035,81.06476633957284,80.03170890559592,80.8824691772461,1636181
2011-04-20,81.12553798984993,82.8270492553711,81.06476608760293,82.8270492553711,2282816
2011-04-21,83.252437999164,83.43474446241967,82.76629052131284,83.00936889648438,1621585
2011-04-26,82.88781188512766,83.00935568962164,82.46243638686998,82.8270492553711,1170803
2011-04-27,82.76628462145216,83.25243206464908,82.64475007877573,83.13089752197266,1061294
2011-04-28,83.55627920593176,84.65010871548961,83.31321010269309,84.34626770019531,2564278
2011-04-29,84.4070141102892,85.62237793778071,84.4070141102892,85.25777435302734,1951419
2011-05-02,85.68316193092188,86.83775402099447,85.56162738551815,86.23007202148438,2042215
2011-05-03,86.59468384936915,87.14159393310547,86.29084285340645,87.14159393310547,2440703
2011-05-04,87.08084225542372,88.1138999171958,86.10854723699559,86.16931915283203,3205095
2011-05-05,86.29084740354304,86.59468841552734,85.68316537957442,86.59468841552734,1861334
2011-05-06,86.6554506457446,88.78233749201821,86.29083776310136,88.417724609375,2995232
2011-05-09,88.35696526338357,88.41773717662552,87.20237309172346,87.44544219970703,1699112
2011-05-10,87.81005404817962,88.84311165307157,87.68851949569091,88.47850799560547,2592518
2011-05-11,89.3292610065357,89.99771496796244,88.66080704510897,89.93694305419922,2626753
2011-05-12,89.450793490573,90.66615755776147,89.39003085070875,90.11924743652344,3057885
2011-05-13,90.54462011231041,91.51691504398961,90.36231365355911,90.78768920898438,3047690
2011-05-16,91.15229761877725,91.88151414522923,90.78768471930566,91.45613861083984,2324581
2011-05-17,91.51690805221962,91.51690805221962,90.18000030517578,90.18000030517578,2119108
2011-05-18,90.605395478406,91.21307751575951,90.05847608129261,91.15230560302734,1681121
2011-05-19,91.51691853443627,91.6992157276487,90.24078254699708,91.15230560302734,2045240
2011-05-20,91.57768795052839,91.63845986775708,90.30156114116033,90.423095703125,2430149
2011-05-23,89.57232741507784,90.18000944441349,88.96464538574219,88.96464538574219,2197417
2011-05-24,88.78233476442522,89.5115512348177,88.66079095895105,89.20771026611328,1513336
2011-05-25,88.84312313110263,90.18002192618212,88.78236048325408,89.75464630126953,1377915
2011-05-26,89.75463280930654,90.24078028148293,89.51156370946424,89.99771118164062,1174732
2011-05-27,90.24078028148293,91.03076876470807,89.81540472051302,89.99771118164062,1587059
2011-05-30,89.99772343348369,90.30156448589587,89.0254283567675,89.32926940917969,990918
2011-05-31,89.81540697534803,91.15230560302734,89.81540697534803,91.15230560302734,1960955
2011-06-01,90.90922608446914,91.03076062352105,90.05846576612389,90.18000030517578,1491336
2011-06-03,89.45080397564594,89.81541694753777,88.84312187082159,89.32926940917969,1731826
2011-06-06,89.32926642930774,89.6331074715843,88.53927786489015,88.78235626220703,1076356
2011-06-07,88.72158300061571,89.14695859885987,87.99236636469821,88.23543548583984,1273231
2011-06-08,87.87082571766936,88.05312290965229,87.02006530761719,87.02006530761719,1811026
2011-06-09,87.02006783942909,87.38468077898713,86.65546417236328,86.65546417236328,1602324
2011-06-10,86.53391974653873,86.53391974653873,85.31855565306209,85.50086212158203,1685521
2011-06-14,85.5616177796094,86.53390330617324,85.50084587748461,86.41236877441406,1797518
2011-06-15,86.53391064995999,86.53391064995999,85.07547760009766,85.07547760009766,1645027
2011-06-16,84.46780908570277,85.07549116545601,84.28550260727825,84.9539566040039,2019357
2011-06-17,84.46780908570277,85.25779764388054,84.40703716873037,84.9539566040039,3037763
2011-06-20,84.52858140476664,85.19702613217932,84.22474036344467,84.65011596679688,1310908
2011-06-21,84.71087612297991,85.37933010324787,84.407035090584,85.13626098632812,1372200
2011-06-22,85.2577911296331,85.2577911296331,84.04242706298828,84.04242706298828,1194321
2011-06-23,83.67780724349619,84.71086476057812,82.64474972641425,83.43473815917969,1864799
2011-06-24,83.79934558482279,83.79934558482279,82.46244701548933,83.37397003173828,1484252
2011-06-27,83.25244231719402,84.28549996590161,82.9486012868393,83.98165893554688,1247809
2011-06-28,84.16396028323682,84.89317685718528,83.61705017089844,83.61705017089844,1988230
2011-06-29,83.9816481764553,85.31854668424431,83.86011363438197,85.07547760009766,1102290
2011-06-30,84.65011096514526,85.56163403525272,83.86012244988702,85.50086212158203,2847159
2011-07-01,85.3793293162311,86.29085240501648,85.13626020155193,85.74394226074219,1096785
2011-07-04,85.44010123114705,85.92623946050537,85.31855740131512,85.74394226074219,602475
2011-07-05,85.50086676678477,85.74394516218167,84.65011556412728,84.9539566040039,1177487
2011-07-06,84.9539522223016,85.07548677748528,83.73858812548038,83.86012268066406,1304969
2011-07-07,84.46779316516871,84.46779316516871,83.25242923473463,83.7993392944336,1670433
2011-07-08,83.92090562332565,84.16397476563698,82.76630401611328,82.76630401611328,1372070
2011-07-11,82.40168414248188,82.64475323712384,81.6724583135728,82.03707122802734,1468574
2011-07-12,81.06477522748034,83.25243414015996,80.45709322645727,82.94859313964844,2259194
2011-07-13,82.88783054862606,83.43474997452523,82.46245495458837,83.07013702392578,1140301
2011-07-14,82.40170240864317,83.07014720332995,82.1586239876259,82.58399963378906,1128090
2011-07-15,82.88783858726894,83.61706455918977,82.46246295197741,82.76630401611328,1849835
2011-07-18,82.40167580300476,83.55626779444077,82.28013199549305,82.64474487304688,3165986
2011-07-19,83.43474710127508,84.34627017389099,83.07013416323183,83.86012268066406,2019560
2011-07-20,84.2854987949012,84.89318084716797,83.79935129858934,84.89318084716797,1739265
2011-07-21,86.29084049939266,86.35161240592387,84.28548812624659,85.98699951171875,2409604
2011-07-22,85.98700602071268,87.38467652431096,85.80469955980999,86.89852905273438,2023300
2011-07-25,87.14159217006356,89.32925100573098,87.02005762863563,88.66079711914062,2679081
2011-07-26,89.02541811805062,89.20772458302967,87.62774758320057,88.47850799560547,1706650
2011-07-27,88.11389792261583,88.90388644814465,87.5062158679771,87.68852233886719,2062590
2011-07-28,86.83775293714277,87.38467229337043,86.53391194118008,87.14159393310547,1674377
2011-07-29,86.5339057800951,86.5946776839573,84.95393827707518,86.04776763916016,2653168
2011-08-02,84.34626821797269,85.44009773424524,82.21938109785626,82.28014373779297,3998966
2011-08-03,81.42939524406935,84.28549904365393,81.30786068775576,83.25244140625,3895115
2011-08-04,83.92087884923144,84.46778888119262,80.21401534041313,80.8824691772461,3359846
2011-08-05,79.30250313078518,80.57863907407035,76.62870133169345,78.0263671875,5812969
2011-08-08,76.81101338485463,79.30250890599292,75.23104095458984,75.23104095458984,4227547
2011-08-09,75.10949064666654,77.17561027416899,71.28109701323854,74.86641693115234,5512819
2011-08-10,76.14255541545621,76.20332268737783,70.79495203393137,71.09879302978516,4417930
2011-08-11,72.86107607659693,74.19797468355448,69.94420048801291,73.83336639404297,4767166
2011-08-12,73.34721695112265,76.9933090209961,71.70647737417792,76.9933090209961,3500964
2011-08-15,77.54022610883655,79.05943582024092,77.54022610883655,78.26944732666016,2202580
2011-08-16,77.78331078578123,79.84942626953125,77.17562867026732,79.84942626953125,2337274
2011-08-17,79.48480602005611,82.09784042739763,78.14790749868108,81.18631744384766,2305919
2011-08-18,80.70017775670209,81.61170082788662,78.26944956687667,79.42404174804688,2510832
2011-08-19,78.9986664056778,79.18097287495857,75.41334138770935,77.7833023071289,3503813
2011-08-22,77.35792946092363,81.79401043189428,77.35792946092363,80.09249877929688,2356384
2011-08-23,80.70016200911441,81.97628849625794,80.45708367407013,81.36860656738281,2210127
2011-08-24,81.49016076529131,82.94859387161986,80.3963312992991,82.34091186523438,1962748
2011-08-25,82.94859812846612,83.61705207879122,81.30785848152233,82.09784698486328,1998407
2011-08-26,82.15860468382016,83.43474059496518,79.66711404312048,82.94859313964844,2338537
2011-08-29,83.86011119995167,84.46779316516871,83.49549831182507,83.7993392944336,1425079
2011-08-30,84.83241302685518,85.07548212392686,83.98165264212089,84.40702819824219,1727730
2011-08-31,84.8324191719568,85.74394226074219,84.10319328293461,85.74394226074219,2633491
2011-09-01,85.98700770558209,87.50621278871958,84.83241555139438,87.02006530761719,2584390
2011-09-02,86.29083843038296,86.29083843038296,83.61704151195899,84.528564453125,1878490
2011-09-05,82.70553882894457,83.73859656080825,81.79401566450724,81.9155502319336,2234023
2011-09-06,82.03707630967209,86.53391974653873,81.79400719997362,85.50086212158203,3640988
2011-09-07,86.8985224747405,87.32389800298577,85.56162398347347,85.98699951171875,2225068
2011-09-08,86.29085123280524,87.50621533467574,86.16931667711664,86.65546417236328,1636464
2011-09-09,86.47314694649522,87.08082892184306,85.62238661751361,85.98699951171875,1942700
2011-09-12,84.16396104295048,84.65010852080164,81.79400483810242,83.00936889648438,2953104
2011-09-13,84.10317783828084,84.1639497420367,82.40167580300476,82.64474487304688,2123250
2011-09-14,82.21938338526017,84.10319218056277,82.15861147114076,83.55628204345703,2055035
2011-09-15,83.86011927138398,84.52857320645695,82.94859623582546,83.61705017089844,2024575
2011-09-16,83.5562781979436,84.10318830987887,82.82706162453263,83.4955062866211,5962404
2011-09-19,82.7055336421863,82.82706820199078,81.36862566685929,81.42939758300781,1657571
2011-09-20,81.49016640085956,84.10319179103142,81.18632537665425,83.86012268066406,1541371
2011-09-21,84.40702819824219,84.40702819824219,83.1309015298783,84.40702819824219,1305412
2011-09-22,82.82706313217524,83.55627971885961,81.49016451117188,82.28014373779297,1761427
2011-09-23,83.5562790137595,83.73858547701516,80.9432444337399,83.00936889648438,2102519
2011-09-26,82.34091977928887,85.98701216803967,82.34091977928887,85.13626098632812,1803751
2011-09-27,86.23008528160761,88.1139034787716,85.86548158932911,87.87083435058594,1970779
2011-09-28,87.0808457752432,88.72158557172865,87.0808457752432,87.87083435058594,1532960
2011-09-29,87.38467767296464,89.26848640041001,87.38467767296464,88.96464538574219,1262794
2011-09-30,89.08619649709824,89.75464122055293,88.11390146162803,89.3900375366211,1850463
2011-10-03,88.66079095895105,89.57231386506429,87.8100399555749,89.20771026611328,1241915
2011-10-04,88.29619732627498,89.08618578857309,87.68851532027514,88.72157287597656,1841039
2011-10-05,89.20771934519048,89.45078843589607,86.7769913481689,87.99235534667969,1797863
2011-10-06,88.29619321510961,89.20771618166788,87.50620478959421,89.086181640625,1644486
2011-10-07,89.02541340120563,91.09152850152029,87.93158394177783,90.66615295410156,1913880
2011-10-10,91.15229240121462,91.33459884051518,90.17999757327206,90.96998596191406,1137949
2011-10-11,90.5446204824401,91.15230249910077,89.75463200628288,90.48384857177734,1402109
2011-10-12,90.24077678615764,90.66615233065133,88.96464088018509,89.63309478759766,1803158
2011-10-13,87.50622426500608,87.74929340118939,85.31856494938366,85.62240600585938,3599128
2011-10-14,85.92623616922373,87.26314406622784,85.56163251117061,86.71622467041016,1592079
2011-10-17,87.14158772875444,87.810041581276,85.804689296202,86.04776763916016,1689884
2011-10-18,85.9262382932472,87.1416023951177,85.25779360071377,86.65546417236328,1743005
2011-10-19,87.0808495386531,87.14161218707909,86.35163285008835,86.4731674194336,1246337
2011-10-20,86.10854057048388,88.23542764520116,86.10854057048388,86.89852905273438,1605492
2011-10-21,87.74928498083568,87.87082880975726,86.53392087155822,87.68852233886719,1902417
2011-10-24,87.87082571766936,87.87082571766936,86.35162063453187,87.02006530761719,1199933
2011-10-25,86.9593196700046,87.08085424591955,85.37934236562891,85.80471801757812,1577566
2011-10-26,85.743937290968,86.95930133890523,85.4400962789837,86.59468841552734,1261164
2011-10-27,88.66080282593327,88.66080282593327,86.71622222044687,87.2023696899414,1818045
2011-10-28,87.26314430206416,88.60004293018935,87.26314430206416,88.17466735839844,1438256
2011-10-31,87.81004504980935,89.02540899513544,87.38466952344342,87.93157958984375,1607904
2011-11-01,86.65547221822972,87.02007591914858,84.46781292274414,86.35163116455078,2196326
2011-11-02,87.0200823217152,87.0200823217152,85.25780778971395,85.80471801757812,1487729
2011-11-03,84.83241388914858,86.89852905273438,84.5893355171144,86.89852905273438,1421263
2011-11-04,87.2023696899414,87.93158625793734,86.71622222044687,87.2023696899414,1317522
2011-11-07,87.02007204961953,87.32391308978754,86.0477862845775,86.29085540771484,1325659
2011-11-08,86.77699828400571,87.20237386298525,86.29085079124674,86.83776092529297,1380290
2011-11-09,87.32390439758441,87.50621085803701,85.37932378857084,85.56163024902344,1568405
2011-11-10,84.46779803501431,85.3185491263704,84.04242248933627,84.5893325805664,2400721
2011-11-11,84.83241367970481,85.62239288751313,84.34626620932848,85.56163024902344,1304155
2011-11-14,85.80470788894749,86.47316188631419,85.44010420424148,86.29085540771484,1172208
2011-11-15,85.86547565164902,87.02006783942909,85.19702168662334,86.65546417236328,1231517
2011-11-16,86.71622222044687,87.50621069931402,86.41238121107425,87.2023696899414,1291736
2011-11-17,87.02005390130756,87.4454294143308,86.65545029264081,87.08082580566406,1278555
2011-11-18,87.20237430920811,87.50621533467574,86.29085123280524,86.65546417236328,1876433
2011-11-21,86.04777644289682,86.16931099056502,83.25243548407008,83.37397003173828,2150828
2011-11-22,83.2524434992255,84.52857955383108,83.00937438048754,83.07013702392578,2248148
2011-11-23,82.64474069566211,83.98163905829978,82.34089973722217,82.88780975341797,1650813
2011-11-24,82.82707723393791,83.13091830282801,80.82172432476459,81.85478210449219,1472854
2011-11-25,81.490169207144,84.10319468730087,81.06478434061381,83.07013702392578,1736932
2011-11-28,83.86012450042136,85.31855773925781,83.6778180274437,85.31855773925781,1783283
2011-11-29,85.07547281230892,86.04776763916014,84.77163183797924,86.04776763916016,1633477
2011-11-30,85.74394289167309,88.23543378919089,85.56163641807606,88.11389923095703,2852314
2011-12-01,87.99236106523885,90.30155466698045,87.87082651198762,89.51156616210938,2429696
2011-12-02,90.24078065760416,90.54462166991932,89.39002953211843,89.6938705444336,1700925
2011-12-05,90.24078828211907,90.24078828211907,89.20773060746203,89.57233428955078,1414277
2011-12-06,89.32925440257493,91.03076586474133,89.26848249330448,90.66615295410156,1840629
2011-12-07,90.90924322347638,90.97000586821235,89.75464170358028,90.423095703125,1915146
2011-12-08,90.84846177189331,92.48920136745592,90.84846177189331,91.94229125976562,3262929
2011-12-09,91.27384423538003,93.88687896728516,91.21308159242417,93.88687896728516,2166345
2011-12-12,94.1907088446449,94.798390837191,93.46149230808786,93.52225494384766,2348435
2011-12-13,93.70456039576904,95.34529990362955,93.27918486002612,94.5553207397461,2362996
2011-12-14,94.25147869283923,95.70991173407631,94.25147869283923,95.46684265136719,2133677
2011-12-15,95.64914350430608,97.16834851087062,95.5883808675384,97.04681396484375,2562301
2011-12-16,97.22912674430032,97.28989865751234,95.70992163892062,96.62144470214844,4468279
2011-12-19,95.77070529157653,97.229138662517,95.70993337091517,96.25684356689453,1443141
2011-12-20,96.25682696982014,96.43913342787684,94.55532475460204,95.83145141601562,1927646
2011-12-21,95.34529360650151,95.64913457946358,94.8591554677547,94.9806900024414,1839201
2011-12-22,95.28453899167725,95.6491426264114,94.06917499758057,94.6768569946289,1529810
2011-12-23,95.34531367767597,96.01376766790526,95.16301647351578,95.77069854736328,796610
2011-12-27,96.43914326509999,96.43914326509999,95.04147264075222,95.77069854736328,555922
2011-12-28,96.01374163246618,97.65448093244702,96.01374163246618,96.74295806884766,1309700
2011-12-29,96.74298310211995,97.16835869403874,96.19607295143756,96.68222045898438,659907
2011-12-30,96.9860363959682,97.28987735050131,96.37835448690196,96.74295806884766,729832
2012-01-03,98.14065889696764,98.62680643021282,97.5329767985344,98.38372802734375,1581652
2012-01-04,98.44447465357531,98.86985015869142,97.71525817730621,98.8698501586914,1364401
2012-01-05,99.05216809299162,99.11294000327233,98.14064507373097,98.93063354492188,1423155
2012-01-06,99.35600040491977,99.9636823645829,98.20140839055618,99.84214782714844,2023853
2012-01-09,99.96371933902212,100.14602584885048,99.29526522714949,99.41680908203125,1259560
2012-01-10,99.84216768163571,100.14600872188872,98.6268035206237,99.17371368408203,2152365
2012-01-11,99.78140430408791,100.20677994234812,97.9583579065498,98.5660400390625,1525266
2012-01-12,99.17370227207432,99.65984973503623,98.44448571387726,99.2344741821289,1255895
2012-01-13,99.65982941050588,99.9636703538306,98.26215921671427,98.44446563720703,1061876
2012-01-16,98.56601707084249,100.20675659179688,98.20141343979225,100.20675659179688,1116708
2012-01-17,100.2675369017861,100.63214983588034,99.41678575222232,99.59908294677734,1679579
2012-01-18,99.78139416216314,100.38907623291016,98.8698710560426,100.38907623291016,1344017
2012-01-19,100.51059139388963,100.75366973876953,99.84214680857407,100.75366973876953,1517141
2012-01-20,101.17906640425039,101.17906640425039,99.17371368408203,99.17371368408203,1958594
2012-01-23,99.05216217041016,99.35600315866294,98.20141111229877,99.05216217041016,1495671
2012-01-24,98.80911092525456,100.02447509765625,98.56603252727855,100.02447509765625,1397680
2012-01-25,99.29524119456765,99.53831957300427,95.89222734888318,97.2291259765625,3467606
2012-01-26,97.83678672184342,97.83678672184342,96.7429574381571,97.35063934326172,1752024
2012-01-27,96.68220660989513,97.1683447753134,95.10222975481234,95.46684265136719,1704945
2012-01-30,94.79839956626917,96.37837660137053,94.3730239868164,94.3730239868164,2302834
2012-01-31,95.04146062936307,95.46684544529003,94.12993763379056,94.6768569946289,2012695
2012-02-01,93.88686052590901,94.67684890910411,92.67149663560598,93.2184066772461,4235622
2012-02-02,93.82610054862431,94.06917892107695,92.00305448144255,92.97534942626953,3155203
2012-02-03,93.21844167805337,95.40610121099745,92.6715314310644,95.34532928466797,2701012
2012-02-06,95.34530946702543,96.01376342773438,94.85917124741039,96.01376342773438,1680926
2012-02-07,96.6214356511276,98.01910607164845,96.01375366590038,97.83679962158203,2390404
2012-02-08,98.62680053710938,99.47755171508503,98.14065303291225,98.62680053710938,2657163
2012-02-09,98.74832083325867,99.47753734799068,98.5052517525117,99.35600280761719,1454875
2012-02-10,98.93064156817101,99.23448259923266,97.77604008664132,98.62680053710938,1345254
2012-02-13,99.11292750398162,100.02445040828866,98.80908653587927,99.7813720703125,1293117
2012-02-14,98.62681196131116,98.9914156773227,98.01912982879846,98.5660400390625,1437639
2012-02-15,99.41678691185066,99.41678691185066,97.95834443095406,98.68756103515625,1235816
2012-02-16,98.50526383847486,99.05217397350346,98.32295736930126,98.68756103515625,1440479
2012-02-17,99.65985085429884,99.65985085429884,97.77603289134893,98.32295227050781,6177131
2012-02-20,98.86987602231652,98.99141058807216,97.5329772540186,98.20143127441406,1228907
2012-02-21,98.20143127441406,98.383728486801,97.35067076913866,98.20143127441406,1174560
2012-02-22,98.20140021410067,98.3229347414159,96.74295806884766,96.74295806884766,1343378
2012-02-23,96.6214321877128,97.47218322753906,96.49989764952203,97.47218322753906,1124445
2012-02-24,97.28991189764119,97.53298103858424,96.31761678888226,96.80376434326172,1171808
2012-02-27,96.68221661536046,97.10759219036835,96.07453457320858,96.62144470214844,1323153
2012-02-28,96.25683423967007,96.98606012697202,95.64915218191334,96.13529968261719,1215773
2012-02-29,95.89222161593803,96.49990361696109,95.64914325203392,95.70991516113281,1640204
2012-03-01,95.89222964936435,95.89222964936435,94.73762818719824,95.40608215332031,1883030
2012-03-02,95.28455098246936,96.07453953254416,94.98070994570924,95.64915466308594,1256983
2012-03-05,96.01376603201972,96.92528912726041,95.46685588387227,96.86451721191406,1935201
2012-03-06,96.68221700068253,97.16835521834783,96.3176040649414,96.3176040649414,1966011
2012-03-07,96.07453722332015,97.71527692788982,96.07453722332015,97.59374237060547,2385416
2012-03-08,98.16481807761427,99.94155883789062,97.9744512671457,99.94155883789062,4074290
2012-03-09,99.75121469188954,100.89340613176003,99.68776552895586,100.5126724243164,1519347
2012-03-12,100.13193383715148,101.40103310078469,99.9415670111147,100.38574981689453,1610246
2012-03-13,100.95685577392578,101.0837637706846,100.00503127454544,100.95685577392578,1347162
2012-03-14,101.46447175567275,101.90866419794969,100.89338101911379,101.65483856201172,1438791
2012-03-15,101.40102198277404,102.28938749692976,101.27411400681721,101.78174591064453,1217361
2012-03-16,101.65485964366971,102.16250133836476,101.27413563449342,101.46449279785156,4869052
2012-03-19,101.40102902404364,102.03557863034872,100.76647941773855,101.33757019042969,1144546
2012-03-20,101.33757019042969,101.84521181196547,101.2106622056604,101.33757019042969,954112
2012-03-21,101.52794647216797,102.16249613761903,101.52794647216797,101.52794647216797,971851
2012-03-22,101.14719641833847,101.3375632236343,100.38573887961309,100.63956451416016,1063169
2012-03-23,100.38573456876861,100.7664681630105,99.30700229502659,99.81464385986328,969068
2012-03-26,99.6243066835618,100.57613126971047,99.56084783816772,100.5126724243164,1097445
2012-03-27,100.70303927803822,100.9568649771541,100.00504039100542,100.5126724243164,964218
2012-03-28,100.51265621419782,101.9086731280424,100.38574822633709,101.40103149414062,1396019
2012-03-29,101.27413110912534,101.40103910651331,99.62429809570312,99.62429809570312,1469266
2012-03-30,100.13192691570144,100.51265085899912,98.9897357208918,99.687744140625,1405182
2012-04-02,101.08374330816756,102.16247558593749,100.25882697253493,102.1624755859375,1397977
2012-04-03,102.16249029905607,102.60667310299496,101.71830749511719,101.71830749511719,1325902
2012-04-04,101.46449701046508,102.35287243368009,100.00504039100542,100.5126724243164,1493423
2012-04-05,100.82992437679971,101.14719916676127,99.62428404792907,99.94155883789062,834623
2012-04-10,99.05320777060476,99.62429860298836,98.29174041748047,98.29174041748047,1343104
2012-04-11,97.9744675306318,98.35520121476966,97.33991784537523,97.91101837158203,1547975
2012-04-12,98.86282345315682,99.68773981822135,98.10136591711952,99.43391418457031,1686157
2012-04-13,99.56083925577936,100.38575576249048,98.98974842630373,99.62429809570312,1728781
2012-04-16,99.62429747581483,101.52794647216797,99.56083863628592,101.52794647216797,1310391
2012-04-17,101.33756864013633,102.35285186767578,101.21066065730851,102.35285186767578,2081475
2012-04-18,102.35285991996739,103.87577519862872,102.28940108233182,103.36813354492188,1970005
2012-04-19,104.06614555363139,104.70069522164134,103.9392375565213,104.31996154785156,1375327
2012-04-20,104.70070612828978,107.0485382080078,104.31997241483906,107.04853820800781,3321572
2012-04-23,106.98506007389534,107.36578400179037,105.08141138704636,105.4621353149414,1616790
2012-04-24,105.46215239007589,105.84288606207257,105.0814284005387,105.65251922607422,1473100
2012-04-25,106.03326284059726,106.60435371968283,105.5890702874636,106.28707885742188,1794097
2012-04-26,105.3352420495716,106.1601585322348,104.70069239867057,105.0179672241211,1690141
2012-04-27,105.33525621818774,105.33525621818774,104.51033962456523,104.7007064819336,972522
2012-04-30,105.271769765186,105.77941135755786,104.70067902530391,105.20832061767578,1036856
2012-05-02,106.79472254806439,106.85817171221345,104.7007064819336,104.7007064819336,1513940
2012-05-03,105.39870088764542,106.1601585322348,104.63723356059675,105.0179672241211,834366
2012-05-04,104.76415252685547,105.20833535146419,104.12960286814031,104.76415252685547,946198
2012-05-07,100.25884354073608,101.52794282606186,100.06847671144538,101.14720916748047,2863143
2012-05-08,100.44921460241423,100.76648943711392,99.4339312583914,99.62429809570312,2180683
2012-05-09,99.4339312583914,99.75120609309108,98.98974842630373,99.62429809570312,1521710
2012-05-10,100.06844961470662,100.13190843477305,98.60898389528725,99.18008422851562,1264342
2012-05-11,98.73591975869336,99.687744140625,98.35518613293736,99.687744140625,1257666
2012-05-14,98.98974893035786,98.98974893035786,97.72064958509687,98.29174041748047,1146028
2012-05-15,98.35518709611155,98.73592072559599,97.72063750194309,98.22827911376953,951303
2012-05-16,98.10138456130244,99.05320908285792,97.8475588794118,98.03792572021484,1104672
2012-05-18,96.26117373660543,97.33990613527695,96.19772458518865,96.51499938964844,2363506
2012-05-21,96.3246161142578,97.53025629224835,95.81697457735656,96.768798828125,1200100
2012-05-22,96.76882507615112,98.29174041748047,96.51500908008276,98.29174041748047,1397475
2012-05-23,97.84754654186689,98.48209614289385,96.19772338867188,96.19772338867188,1240066
2012-05-24,96.70535405002241,97.21299566065059,96.00735530755973,96.4515380859375,1122843
2012-05-25,96.45153682244316,96.95917842642135,96.32462884206318,96.70535278320312,1433594
2012-05-29,97.08610666313095,97.46684036616655,96.45155694637846,96.83229064941406,969101
2012-05-30,96.51499938964844,96.83227419410821,96.19772458518865,96.51499938964844,1503454
2012-05-31,96.57844733981294,97.14954779021232,95.88044858815839,96.19772338867188,1464472
2012-06-01,96.76883125305176,96.76883125305176,95.18245697021484,95.18245697021484,1731255
2012-06-04,95.1824463377934,95.49972115891937,94.1671630372066,94.6748046875,1209798
2012-06-05,94.92862970968925,95.37281251975955,94.8017120361328,94.80171203613281,1093220
2012-06-06,95.37280870779894,97.02263189104094,94.99207506726533,96.95918273925781,1751650
2012-06-07,97.21299412066126,97.9110025345249,96.76881134931996,97.4668197631836,1004251
2012-06-08,97.2764751363345,97.84756601794821,96.83229226369488,97.59375,1297485
2012-06-11,98.92629861791883,99.49739918199299,97.59374999999999,97.59375,1242134
2012-06-12,97.84754661005,99.49737944685319,97.72063862624788,99.11664581298828,1570730
2012-06-13,99.56083977067573,100.0684814453125,99.30702377458714,100.0684814453125,3501898
2012-06-14,100.25883489680066,100.7030176718771,99.24355168309025,99.687744140625,1370806
2012-06-15,99.4973889298026,99.75120492159766,98.67247243277943,99.30702209472656,4547993
2012-06-18,99.94156223138988,99.94156223138988,98.86282984538404,99.11664581298828,733930
2012-06-19,99.18010327091294,102.60666719835105,99.18010327091294,102.4797592163086,1476432
2012-06-20,102.47975035483792,102.67011715266969,101.33755925030488,102.1624755859375,1034258
2012-06-21,102.1624938406079,102.7970434917918,101.5914030275261,102.67013549804688,1011051
2012-06-22,101.65485282269215,102.86050297700203,101.65485282269215,102.54322814941406,890759
2012-06-25,102.41629610490966,102.41629610490966,101.21065580219276,101.65483856201172,879084
2012-06-26,101.65482953360336,103.43157009753713,101.40101360266587,103.24120330810547,1221989
2012-06-27,103.74885437386169,104.25649596478196,102.98739682871026,103.43157958984375,1906658
2012-06-28,103.68540836818124,103.87577519862872,102.4797679127793,103.36813354492188,921885
2012-06-29,104.06617109802652,104.51035403817205,103.49508012961967,103.8123550415039,1325432
2012-07-02,104.31996581683948,104.89106635089476,104.06614981223264,104.57379150390625,1170236
2012-07-03,105.14486630905654,105.58904909056052,104.51031671191986,105.27177429199219,1006905
2012-07-04,105.2083363970511,105.65251922607422,105.01796956105275,105.65251922607422,634953
2012-07-05,105.65250212011789,106.28705168240087,105.39868616818787,105.4621353149414,1117120
2012-07-06,105.39867526389003,106.22358186354869,105.01794169292687,105.71595001220703,1367469
2012-07-09,105.90633392333984,106.60434241930716,105.84288476708969,105.90633392333984,849503
2012-07-10,105.84284852570005,106.41393914870257,105.7793897087193,106.09666442871094,902823
2012-07-11,106.03326284059726,106.60435371968283,105.52562112448764,106.28707885742188,814180
2012-07-12,106.16012324569168,106.41393914870257,105.20829908571677,106.09666442871094,742677
2012-07-13,106.35051543459406,106.92160619410146,106.09668978845647,106.16014862060547,719588
2012-07-16,106.3505386533579,107.42927125819418,106.28707980735439,107.17544555664062,1230710
2012-07-17,107.1754397343814,107.36580657958984,106.85816488652064,107.36580657958984,1045479
2012-07-18,107.74654615584558,108.38109588623047,107.49272045421533,108.38109588623047,1147019
2012-07-19,108.444537270693,109.33291263898191,108.31762927021167,108.95217895507812,1327728
2012-07-20,109.77707181339376,109.77707181339376,108.00033114235018,108.50797271728516,1250781
2012-07-23,107.4927187945616,108.12726851514924,106.0332621831783,106.41398620605469,1248458
2012-07-24,106.85812182019964,107.11194740566658,105.7793897087193,106.09666442871094,865987
2012-07-25,105.65250512700783,106.98506311871013,105.65250512700783,106.5408706665039,1070976
2012-07-26,107.04851475026572,107.11197358275517,105.52559959510317,106.60433197021484,1463658
2012-07-27,107.23890440264412,107.23890440264412,106.16017179780785,107.17544555664062,997100
2012-07-30,107.55615933574902,108.19070894834931,107.11197654342055,107.68306732177734,937755
2012-07-31,107.87342231563962,110.41162048777231,107.87342231563962,109.96743774414062,1656527
2012-08-02,109.90399343407545,111.36345951232418,109.8405442808657,110.66545104980469,2356978
2012-08-03,110.7923711905987,111.17309516571984,110.41163753301844,110.72891235351562,1041324
2012-08-06,110.34818345708226,110.66545829126875,108.76180928614973,109.65018463134766,1144871
2012-08-07,109.71361663387964,110.66544098761182,109.26943387196289,110.03089141845703,1115762
2012-08-08,110.41162048777231,110.66543643200254,109.77707094473914,109.96743774414062,1041924
2012-08-09,110.41163119341606,110.98272196453651,109.96744840671587,110.47509002685547,945829
2012-08-10,110.60200189659494,110.98272586323012,110.15781909429113,110.66545104980469,815674
2012-08-13,110.2847364916406,111.04619417233035,110.2847364916406,110.85582733154297,520280
2012-08-14,111.1096482497651,111.93455505371092,110.79237342287537,111.93455505371094,884780
2012-08-15,111.61727635843704,112.25182599022453,111.55382720473368,111.74419403076172,818126
2012-08-16,111.74416866062198,112.0614434044824,110.91925239009355,111.68070983886719,893487
2012-08-17,112.44219931928207,112.44219931928207,110.98273314527165,111.42692565917969,1134405
2012-08-20,111.04618469889876,111.49036750120257,110.47509390771656,110.66545104980469,578645
2012-08-21,110.72890988547333,110.98272586323012,110.09436025862249,110.66545104980469,830764
2012-08-22,110.60201550641882,110.91929035888562,109.65019094901842,109.90400695800781,875602
2012-08-23,110.41164816151495,110.85583101647731,108.88873274951256,109.45982360839844,1189684
2012-08-24,109.52327816844046,111.30000951880689,109.26945248805977,110.98273468017578,928196
2012-08-27,111.42692190457032,111.80764588335762,110.6654545820773,111.61727905273438,689792
2012-08-28,111.17310217203536,111.6807438533151,110.22127765055824,110.85582733154297,914776
2012-08-29,110.34817115920862,111.04617958961242,109.77708039430257,110.1578140258789,1291976
2012-08-30,109.71363961624549,110.665464169362,109.39636476520666,109.45982360839844,1009214
2012-08-31,109.20600411073303,111.55383599690042,109.01563726970113,110.28473663330078,1505880
2012-09-03,109.84054097973028,110.98272252776769,109.77708214596882,110.91927337646484,666311
2012-09-04,110.6654576374705,110.72891647691671,109.39635830822216,109.77709197998047,808340
2012-09-05,110.41163999116984,111.23655647931987,109.96745716907654,110.79237365722656,1228626
2012-09-06,110.91929609036566,112.94985331458518,110.66547038580035,112.69603729248047,1312741
2012-09-07,112.63255183571215,113.20364259175497,111.99800224790532,112.88636779785156,1662461
2012-09-10,112.56909775864499,112.88637256594947,110.85581573569256,111.2365493774414,1045251
2012-09-11,111.2365588221419,112.061475327666,111.0461919851041,111.42692565917969,957673
2012-09-12,111.49036358467612,111.9345463713763,110.34817235997664,110.47509002685547,1084321
2012-09-13,110.60200606600485,111.80764652948744,110.41163923428148,111.49037170410156,808414
2012-09-14,112.31525932658802,112.44216728764084,110.66542678553114,111.68070983886719,1094072
2012-09-17,111.17308412923973,111.61726689734861,110.85580934023935,111.55381774902344,888383
2012-09-18,111.30000154254328,112.18837683652117,111.30000154254328,111.74419403076172,1029618
2012-09-19,111.68072745400191,112.88636779785156,111.5538194729322,112.88636779785156,1059800
2012-09-20,112.50565338134766,112.9498361939331,111.93455289448713,112.50565338134766,1028684
2012-09-21,113.20364746147007,113.71128909004456,112.12491505228596,113.58438110351562,2485425
2012-09-24,113.01329610151235,113.45747891830501,112.56910360226047,113.3940200805664,934196
2012-09-25,113.07674343724675,113.52092624689196,112.69601946431904,113.20365142822266,915543
2012-09-26,112.69600555343155,112.82291352874228,111.99799716553571,112.37873077392578,1127188
2012-09-27,112.37874773405977,113.52092936669162,112.37874773405977,113.14020538330078,1162989
2012-09-28,113.14020466909179,113.39402065641677,111.49037170410158,111.49037170410156,1594505
2012-10-01,111.87109456421379,114.0920181274414,111.68072775087404,114.0920181274414,1281466
2012-10-02,113.58437468547342,114.21892426472188,113.39400787520725,113.90164947509766,941007
2012-10-03,113.7747414957396,114.34583224407994,112.82291712686691,113.90164947509766,1261735
2012-10-04,113.90165307903816,114.91693631094334,113.77474509566463,114.85347747802734,1090027
2012-10-05,114.98039533264367,116.24949464025002,114.5362125114733,116.05912780761719,1175766
2012-10-08,115.61491705684877,116.69364927122828,115.29764230659262,116.12255859375,1006120
2012-10-09,116.69366645176912,117.07440008111382,116.12257569021047,116.31294250488281,1210969
2012-10-10,116.31295056868703,116.37639972300438,114.53620964599693,114.98039245605469,1051639
2012-10-11,114.53620964599693,115.61494209398265,114.4727508092205,114.98039245605469,935714
2012-10-12,115.29766138986083,116.24948579816865,114.53620379970631,115.7418441772461,888305
2012-10-15,115.86876541353219,117.32822180526092,115.74184774254805,116.69367218017578,1126190
2012-10-16,117.20132757845211,117.51860242824893,116.63023672180184,117.13787841796875,1329376
2012-10-17,117.13785885003676,118.15313239030867,116.56675840632907,116.884033203125,1136234
2012-10-18,117.3916902736497,118.53388162902039,117.07441543507227,118.0896987915039,1187535
2012-10-19,118.28003934016925,119.48568936694569,118.08968220971988,118.91458892822266,1377697
2012-10-22,118.66075647005471,119.04149004294142,117.77239104326169,118.02620697021484,753434
2012-10-23,118.02622727941565,118.02622727941565,115.04384605347053,115.61493682861328,1687714
2012-10-24,115.36112858553308,115.48803657934819,114.7265789339982,115.04385375976562,1262829
2012-10-25,114.79004218104492,115.36114274700891,114.66313417165087,114.72659301757812,841981
2012-10-26,114.59965877800929,115.86875794639273,114.59965877800929,115.55148315429688,864957
2012-10-29,115.04384556871877,115.17075355349812,114.59966278076172,114.59966278076172,694001
2012-10-30,114.2823861456729,115.23421053994849,113.96511134758104,114.40929412841797,794440
2012-10-31,114.21892553251128,114.853475118803,113.64783477783203,113.64783477783203,948332
2012-11-01,113.2036537796565,114.02857026182343,112.31528814191321,113.83820343017578,987645
2012-11-02,113.58439913344938,114.66313171386719,113.14021626886091,114.66313171386719,1313137
2012-11-05,114.6631106617378,115.42456824443745,114.53620267836428,114.85347747802734,1158739
2012-11-06,115.04384724076428,116.05912081621366,114.53620561181022,115.93221282958984,926282
2012-11-07,116.63021829263216,117.26476789195829,114.85347747802733,114.85347747802734,1252862
2012-11-08,115.29768094009486,115.42458894622978,114.21894836425781,114.21894836425781,1033326
2012-11-09,113.96511014603435,114.59965973552795,113.33056055654075,114.0920181274414,907184
2012-11-12,113.96512175266597,114.21893774132963,113.39402125448372,113.71129608154297,815747
2012-11-13,113.45747485235243,114.8534820904406,113.1402000399479,114.34584045410156,990101
2012-11-14,114.66312109328797,114.79002908820702,114.15547943115236,114.15547943115234,752232
2012-11-15,113.83819352320718,114.09201917080082,111.7441876046955,112.06146240234375,1172350
2012-11-16,111.36347553000861,112.25184126239208,110.53855895996092,110.53855895996094,1432457
2012-11-19,110.85581980732557,112.63256072998045,110.72891181623432,112.63256072998047,996297
2012-11-20,112.37873535439186,112.63255131535865,111.42691097707896,111.87109375,833563
2012-11-21,111.42691211682549,112.75946044921875,111.04617848902264,112.75946044921875,1097824
2012-11-22,112.63256126742141,113.3305697454426,111.99801162647819,113.07674407958984,804153
2012-11-23,113.0132851915403,113.71128392698624,112.82291837916112,113.64783477783203,664006
2012-11-26,113.58437225598247,113.77473906217683,112.82291471366301,113.26709747314453,600190
2012-11-27,113.01329032290602,113.90165591106734,113.01329032290602,113.58438110351562,969537
2012-11-28,113.14019430966705,114.53620147705078,113.07673547741663,114.53620147705078,930241
2012-11-29,115.10729520489826,115.67839566249964,114.91693806815643,115.61493682861328,1291203
2012-11-30,115.23421223878213,115.80530301078339,115.17075340524485,115.7418441772461,1241491
2012-12-03,115.55150358139021,116.05913559251572,115.36113673598815,115.48804473876953,723796
2012-12-04,115.74184943907377,116.05912425626691,115.04385065072428,115.1072998046875,896343
2012-12-05,115.36112213134766,115.5514889526494,114.34583887271087,115.36112213134766,1089803
2012-12-06,115.4245868852813,116.37641143798828,115.23422972070796,116.37641143798828,1128594
2012-12-07,116.7571434227196,117.96278396551372,116.31296057445124,117.39169311523438,1263498
2012-12-10,117.70895740692629,118.78768985098313,117.32822375257255,118.66078186035156,998822
2012-12-11,118.72423909699891,119.73951269082889,118.66078026130877,119.67606353759766,1109117
2012-12-12,120.247163022639,121.07207953395643,118.7876968383789,118.7876968383789,1704249
2012-12-13,118.72424351083738,118.97805949811632,117.77241903485245,117.96277618408203,1196296
2012-12-14,118.280019003752,118.78766052340528,117.5820203863783,118.40693664550781,1148822
2012-12-17,118.08967156909067,118.34348750845827,117.39166321214358,117.83584594726562,845871
2012-12-18,118.15312442388925,118.72422482909077,116.94748415033786,118.21658325195312,1131257
2012-12-19,118.08970110387675,119.42224964251945,118.02624226193477,118.72425079345703,1175785
2012-12-20,117.89933480573819,118.02624280774916,116.88405142473057,117.39169311523438,1529319
2012-12-21,118.0896619060316,118.78766052340528,117.20128682602419,118.40693664550781,2736370
2012-12-27,118.9145782132641,118.9145782132641,117.26475524245978,117.83584594726562,896302
2012-12-28,118.02624818553096,118.02624818553096,116.7571487426758,116.75714874267578,721555
2013-01-03,120.37407749955601,120.62790319187036,119.35880377767903,120.2471694946289,1641718
2013-01-04,120.37404755204619,120.69132232666016,119.6760488573701,120.69132232666016,846723
2013-01-07,120.94516854249909,121.643167355985,119.86642637922742,120.05679321289062,1027325
2013-01-08,120.31061266519946,121.96043587924609,120.05678700595153,121.5797119140625,1197590
2013-01-09,121.57971993471557,122.59499359130861,121.32589425872268,122.5949935913086,863264
2013-01-10,122.78534456723696,122.91225254761066,121.77006135933077,122.15079498291016,816021
2013-01-11,122.72190621631982,124.24483128233312,122.02390736654945,123.86409759521484,1125095
2013-01-14,124.37174125673766,124.8159241104483,122.91227500957986,123.4833755493164,1380612
2013-01-15,123.99099814092864,125.06974029541016,123.54681532097354,125.06974029541016,1188952
2013-01-16,124.68899719596496,126.14846322177331,124.68899719596496,124.87936401367188,1248933
2013-01-17,125.4504509088853,128.75010681152344,125.38700175991546,128.75010681152344,2050872
2013-01-18,128.8135673121402,128.8135673121402,126.02155297737275,126.59264373779297,2737990
2013-01-21,126.4022891703371,126.656114841473,125.64083152184807,126.08501434326172,834996
2013-01-22,125.57737162384532,125.76773845497613,124.18136433298486,125.19664764404297,1125690
2013-01-23,124.94280879404,127.73483276367188,124.68899283428175,127.73483276367188,1675575
2013-01-24,127.73485430901357,129.76541137695312,127.67139546714114,129.76541137695312,1338917
2013-01-25,129.25773682644137,129.82883721071522,128.17900456608953,129.13082885742188,1046312
2013-01-28,128.8770263771701,129.3846583062568,128.2424767833533,128.369384765625,1122339
2013-01-29,127.92522701573411,128.8770515926891,127.60795215674912,127.79830932617188,1408459
2013-01-30,126.90991859674463,126.97337742902636,125.38700344656705,126.02155303955078,2505395
2013-01-31,126.71957674211495,128.5597767337041,125.64084415805803,127.79830932617188,2200838
2013-02-01,127.79828432171486,129.2577503239851,127.03682674562641,128.369384765625,1339361
2013-02-04,128.30594534363271,128.9404950334454,126.59266311763044,127.4175796508789,1153427
2013-02-05,126.9099356404481,129.00395151500743,126.9099356404481,128.5597686767578,1057761
2013-02-06,128.17904729354984,128.81359703262683,126.5926729458574,128.05213928222656,1178148
2013-02-07,127.16375807876817,127.73485862754856,125.26010894775392,125.2601089477539,1340858
2013-02-08,125.45045096249697,128.55974973709607,125.45045096249697,128.17901611328125,1455060
2013-02-11,128.24250434097087,128.81359522514248,127.67140377433877,127.86177062988281,895745
2013-02-12,128.81356818126565,128.81356818126565,127.48101015468296,128.2424774169922,861817
2013-02-13,128.55976904604523,129.63850156559576,128.24249420603275,129.57504272460938,1102068
2013-02-14,129.19432347110336,130.33650519113044,128.62322292862973,130.27305603027344,1008954
2013-02-15,129.76538452592868,131.0344836410967,129.44810974713667,130.7172088623047,2750810
2013-02-18,130.71722893325668,131.7325122542657,130.39995410574878,131.4152374267578,905642
2013-02-19,131.41525985328232,133.76309204101562,131.41525985328232,133.76309204101562,1241040
2013-02-20,133.445776305053,135.60324096679688,133.25540949785017,135.60324096679688,1294929
2013-02-21,134.71491145990393,135.53982805669014,132.11325365829987,132.6208953857422,1958673
2013-02-22,132.1767035413758,134.84181032663372,132.04979553873682,134.6514434814453,1369797
2013-02-25,134.7783463249406,136.5550873412545,134.52453032937845,136.49163818359375,2052206
2013-02-26,135.22252933644768,135.66671213869088,133.8265124115992,134.52452087402344,1686335
2013-02-27,135.41288399298804,135.41288399298804,133.95342762418588,134.4610595703125,3064443
2013-02-28,135.41289174417602,136.23780822753906,134.08034328562894,136.23780822753906,2456863
2013-03-01,136.1109172732331,136.93583385986602,135.4129086962836,136.42819213867188,2599276
2013-03-04,136.681976950434,137.44344419959515,136.23779417672884,136.55506896972656,1548248
2013-03-05,137.06268999656032,139.34707203615238,137.06268999656032,138.52215576171875,2484207
2013-03-06,138.90292126287116,139.854745784131,138.26837158203125,138.26837158203125,4788089
2013-03-07,139.2205645124489,140.99365460356287,138.89221412444783,140.53396606445312,3166384
2013-03-08,140.5996603371707,140.99367484706838,139.48326084131045,139.54893493652344,1634238
2013-03-11,139.48326796822658,140.1399688720703,138.82656706438283,140.1399688720703,1624371
2013-03-12,140.1399788168064,141.58472892415472,139.94297654804188,141.19070434570312,1920887
2013-03-13,141.19071184329397,141.32205003626513,139.48328527328334,139.7459716796875,6845790
2013-03-14,140.00861634771863,140.99366760253906,139.94295227633967,140.99366760253906,2756348
2013-03-15,141.84737007993942,142.37273271395688,140.9936570522184,142.11004638671875,4889708
2013-03-18,140.4683092380519,142.24140956748587,140.20563290355938,142.1757354736328,1199547
2013-03-19,141.84738590955237,143.8174884916295,141.65037364725268,143.02944946289062,1490962
2013-03-20,142.6354086799361,144.4741728843744,142.56974461362753,144.27716064453125,1557530
2013-03-21,144.1458418075074,144.1458418075074,142.17573918599248,142.43841552734375,1195950
2013-03-22,142.11005307021068,143.6204669563742,141.51902634193158,142.83242797851562,1271556
2013-03-25,143.6861572265625,144.2771840213958,143.22646860608543,143.6861572265625,1365809
2013-03-26,144.14585270909106,144.40852907030825,143.0294631432267,144.34286499023438,1488122
2013-03-27,144.4742092401943,144.7368856124465,142.76678275917115,144.14585876464844,1102228
2013-03-28,144.40851493922747,146.11594118144177,144.01450043595796,145.13088989257812,1435212
2013-04-02,145.13086169624756,146.96962574897938,144.6711731881791,146.77261352539062,1263936
2013-04-03,146.96965168155413,148.67706787285917,146.83831351613983,147.6920166015625,1612284
2013-04-04,148.15170582816106,148.21736989647957,144.99953995555907,145.459228515625,1216763
2013-04-05,145.45921800786797,145.9189065347267,142.83241497386587,144.4741668701172,1351274
2013-04-08,144.99954206059297,147.10098266601562,144.67119165285632,147.10098266601562,1261083
2013-04-09,147.75769447797327,148.48006943693846,145.3935673581417,145.91893005371094,1221071
2013-04-10,145.9846186004579,148.4144100349917,145.9189444993377,148.0860595703125,1056689
2013-04-11,148.08605145123624,148.87409051916848,147.10100011120585,148.6770782470703,1340604
2013-04-12,148.54572944122057,148.67706760639948,146.64130099497737,147.7576904296875,1037062
2013-04-15,148.93974950448307,152.22325363808957,148.34871274815828,151.76356506347656,1663653
2013-04-16,151.2381909830221,151.89489176017767,148.74272602573916,149.92478942871094,1411308
2013-04-17,150.77852096684452,150.90985913431933,146.8383158198412,147.23233032226562,1497429
2013-04-18,146.83831753525504,149.79347143003062,146.05026848028024,148.93975830078125,1486440
2013-04-19,150.3844958630237,150.45016995673734,148.21738103645148,149.39944458007812,1681097
2013-04-22,150.3188194531222,150.90985622605842,147.8233642578125,147.8233642578125,1091403
2013-04-23,148.21738301098105,151.2382109937744,148.15171893685246,151.04119873046875,1560839
2013-04-24,150.84416620020318,152.1575677518296,150.2531395101547,152.09190368652344,1278734
2013-04-25,152.0919292614597,153.27398284032418,149.92481433277433,153.0769805908203,1604974
2013-04-26,152.74862378849687,152.87996195618504,151.82923657375989,152.28892517089844,782408
2013-04-29,153.01127375187446,153.93065078769388,152.2888989234034,153.53663635253906,864017
2013-04-30,153.99633949913616,154.25901581419197,151.89489891731225,152.6172637939453,1214456
2013-05-02,151.04120383529096,153.0769805908203,150.7785274889789,153.0769805908203,1196659
2013-05-03,153.2083081141126,154.915724287375,152.0262445969558,154.193359375,1509608
2013-05-06,153.73369099267293,154.1277055365292,152.81430368275312,153.2083282470703,521654
2013-05-07,153.60230041483578,153.79931264264226,152.68292337901636,153.53663635253906,726447
2013-05-08,153.73366802102672,156.82015991210938,153.60231983890705,156.82015991210938,1356443
2013-05-10,156.2291356456998,159.3813018798828,155.70378295705282,159.3813018798828,1589650
2013-05-13,158.59322298974107,159.2499237060547,157.01714527877144,159.2499237060547,1235891
2013-05-14,159.0529731687066,160.16936281529038,158.13359581751087,160.10369873046875,1188034
2013-05-15,160.76035117296493,163.124467942585,160.4320007865906,162.73045349121094,1549144
2013-05-16,163.64984148787335,164.56922864336218,160.6946878132592,161.54840087890625,1500028
2013-05-17,160.89169181792843,162.20509338378906,159.51261616559125,162.20509338378906,2066079
2013-05-21,162.53344121682218,164.83189392089844,160.69467704946945,164.83189392089844,1702009
2013-05-22,166.47368230764363,169.82286098947284,166.14533184944315,169.75718688964844,2120860
2013-05-23,166.34234460864639,166.7363591473479,163.64986683544558,164.63491821289062,1960672
2013-05-24,165.4229342678155,167.3273726778696,165.0945838544054,166.2109832763672,1399571
2013-05-27,165.9482974584295,166.5393342167133,165.02892030615607,166.0796356201172,562451
2013-05-28,166.27665916514198,167.3273845709199,165.22594377982412,165.8826446533203,1526462
2013-05-29,165.75131154382404,166.0796620104485,158.98729994772975,159.90667724609375,2122218
2013-05-30,159.6439943050042,160.82604791979276,156.36048977401242,159.18429565429688,1685266
2013-05-31,158.5932594699897,158.8559358087539,155.30975513313692,157.01718139648438,1960267
2013-06-03,154.91572363562,154.9813977275867,148.87407793168734,151.2382049560547,2941498
2013-06-04,150.97552292624061,153.9306767809814,149.924807567942,152.42027282714844,1866085
2013-06-05,151.30387506790296,153.93067852408504,151.04119873046875,151.04119873046875,1357316
2013-06-06,150.3844841467089,152.02623615704417,147.6263427734375,147.6263427734375,2090881
2013-06-07,147.42933921731574,152.42026963107466,146.1159375316381,152.0262451171875,2119295
2013-06-10,151.7635788183395,153.73368147706068,151.17254200844698,153.0769805908203,1115275
2013-06-11,152.22325907318847,152.87995992335712,149.39944341337124,150.6471710205078,1506770
2013-06-12,149.5964288588708,152.09189364631692,149.53075477744144,150.97549438476562,1206094
2013-06-13,148.6770673340112,151.30387071461536,148.41439100413467,149.859130859375,1413357
2013-06-14,149.7277764709063,151.10685210447966,148.6770512243305,149.00540161132812,1285829
2013-06-17,149.39943807909611,152.35459179934196,149.26809991784373,151.76356506347656,1256123
2013-06-18,151.10685081833645,151.4352012025393,149.72777519650109,150.3188018798828,1112251
2013-06-19,150.58152901420266,151.96059498937132,149.07111483338448,151.30389404296875,1311606
2013-06-20,149.79347116563156,150.90986063092868,145.91893005371094,145.91893005371094,2259363
2013-06-21,144.99956591373822,148.28307053125738,144.27719088969965,144.34286499023438,3821855
2013-06-24,143.16079997958843,143.4891504382572,140.20564585156941,140.59967041015625,2427870
2013-06-25,141.71603382152364,143.81747436523438,139.7459314329588,143.81747436523438,2109109
2013-06-26,144.1458413203734,149.85913689936677,143.88316497990982,149.66212463378906,2031506
2013-06-27,150.77850914532013,155.9007674184549,150.5814968993244,154.7843780517578,2101513
2013-06-28,153.86500320531565,154.65304218048743,151.1068617819848,154.32469177246094,1860834
2013-07-01,154.32470331542387,156.03212957305513,153.01130158507985,154.06202697753906,899974
2013-07-02,154.39036358022543,154.98139029775356,152.28891298354964,154.7843780517578,1005895
2013-07-03,153.99634110343823,154.58736782870056,152.35458906608812,154.39036560058594,999782
2013-07-04,155.30974715550738,158.13356274424487,154.91572264714048,157.6082000732422,1091292
2013-07-05,157.93655163680467,158.19922796398353,156.2291254487635,156.3604736328125,859390
2013-07-08,156.62314654364968,158.39623676458027,156.62314654364968,158.06788635253906,918921
2013-07-09,158.9216349786017,160.3663751106785,158.59328449310874,160.10369873046875,1060309
2013-07-10,158.92158160873782,160.69467163085938,158.72456937951137,160.69467163085938,971618
2013-07-11,160.89167549683876,161.28569993481003,159.18424962624024,159.2499237060547,1225215
2013-07-12,159.3156595693779,161.02307608166444,159.3156595693779,160.10369873046875,729188
2013-07-15,158.9216098287267,160.56336199637886,158.52758530030619,159.05294799804688,952080
2013-07-16,158.59326473838405,158.79027700923186,155.37543438955748,155.96646118164062,1099250
2013-07-17,156.68883852475025,157.27986532572325,153.93068673231488,155.50677490234375,999633
2013-07-18,154.6530306522763,156.95148333712967,154.5873565673828,154.5873565673828,1086308
2013-07-19,154.25902922072268,154.25902922072268,151.8949121183794,154.06202697753906,1327710
2013-07-22,153.8650196502167,153.93068372656458,152.35460560777176,153.0769805908203,694694
2013-07-23,152.6829422127026,153.20830487817153,151.30386646840412,151.76356506347656,852477
2013-07-24,152.8142677621533,154.98138231557294,152.42025331091426,153.27395629882812,931304
2013-07-25,154.3246975390264,156.2291259685582,152.8799576938168,154.193359375,1351566
2013-07-26,155.5067718658177,155.5067718658177,152.02625516465156,153.0769805908203,794611
2013-07-29,152.7486396023409,154.3247178186878,152.42028913889686,153.2083282470703,826724
2013-07-30,153.14263454592157,153.7336713167523,151.6978946957681,152.0262451171875,647626
2013-07-31,151.04118481016997,151.04118481016997,148.6113938412286,149.727783203125,1426570
2013-08-02,151.30385882737718,151.9605596209343,150.0561313278022,150.18746948242188,1634195
2013-08-05,150.38448613429534,152.09191225579417,150.3188120448303,151.36953735351562,821511
2013-08-06,151.69788868522625,154.25901786263728,151.4352123666823,152.22325134277344,1292469
2013-08-07,151.6979164602969,153.99636973999839,151.56657827697762,152.74864196777344,900851
2013-08-08,153.47096703015703,154.06200373190933,152.15756549798544,152.5515899658203,828823
2013-08-09,153.53667479668846,155.57244160587078,153.33966251955195,154.98141479492188,1101820
2013-08-12,157.60818105431605,158.5275581022829,156.55745583910397,157.3455047607422,1066558
2013-08-13,158.26490437910115,159.05294339266447,156.5574781659975,157.93655395507812,815471
2013-08-14,158.13355442240092,158.85591928911285,157.27984137950597,158.264892578125,754163
2013-08-15,158.33057316745789,158.33057316745789,155.30974535947047,155.90077209472656,717289
2013-08-16,155.50677173197204,155.90078625110095,153.4709949781949,155.1127471923828,988126
2013-08-19,155.90078448636896,157.60821077798116,155.4410958756919,156.4918212890625,890858
2013-08-20,155.83511920550558,158.00223409103316,154.98140606630255,157.7395477294922,1113130
2013-08-21,157.41117992169578,157.54251807774233,155.5067516078736,156.0977783203125,923197
2013-08-22,155.50675148162554,158.26489283819944,155.50675148162554,158.19921875,1053820
2013-08-23,157.93655972793508,158.00223382332408,156.55748388844682,157.8052215576172,713669
2013-08-26,157.34552807469532,159.24995653643163,157.27985398134174,158.79026794433594,576307
2013-08-27,157.9365530675748,158.33057758237217,155.9007764418879,157.0828399658203,1238196
2013-08-28,156.82016860716953,158.1335703375136,153.53666428130947,154.06202697753906,1650836
2013-08-29,154.1933616869177,154.98140070335128,152.61727363359083,153.73367309570312,1156683
2013-08-30,154.19336313590094,154.52171356420547,152.1575864722289,152.42027282714844,973713
2013-09-02,153.93067760353645,155.70377794222367,153.6023271734773,155.30975341796875,661109
2013-09-03,156.09778662771862,156.1634607194665,153.20830695908305,153.4053192138672,857675
2013-09-04,154.25900618383233,154.9813810358268,152.9456046496304,154.5873565673828,797992
2013-09-05,155.04707827529708,155.63810504576793,152.68295115249384,154.06202697753906,835163
2013-09-06,154.5217037594821,155.375416822996,152.55160131466198,154.39036560058594,691472
2013-09-09,154.3246802687258,154.5873565673828,152.48591611675144,154.5873565673828,778448
2013-09-10,154.71873350037163,156.42614979997865,154.5217212295238,155.96646118164062,1112085
2013-09-11,156.62314792210387,156.9514983370349,155.37542035354969,156.75448608398438,646605
2013-09-12,157.27986669115938,157.3455407898201,155.70378852790822,156.22914123535156,817888
2013-09-13,155.76945125378495,156.0321376256867,154.71873582755956,155.50677490234375,904527
2013-09-16,156.29481287971294,156.95151377416553,154.06203384675837,154.71873474121094,900812
2013-09-17,154.3246802687258,154.9813810358268,153.47096726740287,154.5873565673828,837864
2013-09-18,154.98138896322848,156.0977783203125,154.2590140742841,156.0977783203125,904654
2013-09-19,157.60818105431605,158.00220551513516,156.6888040063492,157.3455047607422,1402650
2013-09-20,158.46192698103997,159.7096546655877,157.80522609012846,158.92161560058594,2042207
2013-09-23,158.85592764897154,159.3156262488861,157.21417556487526,157.6082000732422,854038
2013-09-24,157.87085734788994,158.65890626952816,156.75446806951354,157.3455047607422,882438
2013-09-25,157.60819203804095,159.05293179429785,157.1485034820218,158.19921875,803373
2013-09-26,158.13358334612212,159.64399746436158,157.21419604697337,159.5783233642578,801361
2013-09-27,159.57828484700232,160.30065969194166,158.72457185401723,160.1693115234375,890884
2013-09-30,158.72457185401723,160.9573604526289,158.59323370597144,160.1693115234375,1111002
2013-10-01,160.89172705127848,161.61410207887675,160.43203840665274,161.22007751464844,926971
2013-10-02,160.36635181109145,160.4320259068329,158.00223467130093,158.658935546875,931315
2013-10-03,158.98729231699733,159.84099547287778,158.06790504229912,158.39625549316406,670411
2013-10-04,158.00222716019425,158.26490348975273,156.0321246271268,157.0828399658203,764846
2013-10-07,156.2947750326431,157.08281391106902,155.24404984776984,156.16343688964844,659483
2013-10-08,155.5067529469225,156.36046599926465,154.65303989458036,154.7843780517578,1230579
2013-10-09,153.66800098277395,154.39037593574872,151.82923657375989,152.28892517089844,1123396
2013-10-10,152.81428932143626,154.8500660116535,152.48593888885026,154.06202697753906,944690
2013-10-11,155.30974055586958,157.27984297306878,154.52170159308173,156.8858184814453,972639
2013-10-14,156.82016133918268,157.60820033677464,155.70377192422242,157.5425262451172,994182
2013-10-15,158.1992474257651,159.70966154400455,158.0022451663754,159.5783233642578,989102
2013-10-16,159.11860617657527,161.41705898137795,158.26489313069962,161.2857208251953,1144515
2013-10-17,161.28573521677936,163.05882553460597,159.57830897267377,160.43202209472656,1456431
2013-10-18,161.54841889074595,161.67975706461382,158.33058853891117,158.98728942871094,1607101
2013-10-21,159.44698491286795,160.43203628998148,158.85594807432338,159.6439971923828,978729
2013-10-22,159.24992706695411,162.27075443393312,158.92157670186762,161.74539184570312,1076601
2013-10-23,161.61408506612335,163.19016311620456,161.15438644942813,162.59913635253906,867582
2013-10-24,163.1244927471083,163.45284318341123,161.67975283146745,162.86181640625,976765
2013-10-25,163.12445994171543,164.1751851347611,162.27075699538113,163.32147216796875,810408
2013-10-28,163.45283827305826,163.91253688644042,162.66479925369705,163.84686279296875,928186
2013-10-29,163.9782199237957,165.22595770084195,163.19018081329654,164.10955810546875,1135169
2013-10-30,164.175189659743,165.35725302938482,163.38715075346792,164.5035400390625,942488
2013-10-31,163.51850179828355,165.29159198236587,163.51850179828355,164.96324157714844,1588889
2013-11-01,164.83191951336246,166.34233352893153,164.24089273444682,165.8169708251953,896366
2013-11-04,166.67067816771953,167.45871718567784,165.75129096305173,165.94830322265625,1248148
2013-11-05,166.4736825133975,166.93337115135418,163.97821702389743,164.70059204101562,1103825
2013-11-06,164.37222175679423,166.40798834233462,164.37222175679423,165.6199493408203,965890
2013-11-07,165.1602806789723,166.01399387544083,164.17522930315337,164.70059204101562,1030366
2013-11-08,164.10953197124715,165.7512840318657,163.71551748897429,165.29159545898438,1050027
2013-11-11,166.21100114977696,166.93336612468264,165.2916138810873,165.68563842773438,699836
2013-11-12,165.02891685388042,166.34231848420106,164.83190460524048,165.75128173828125,857962
2013-11-13,165.2259406071888,166.53934232896148,164.56923974630246,165.48861694335938,770292
2013-11-14,166.4079869393084,167.0646877717768,165.75128610683998,166.933349609375,889839
2013-11-15,167.26171243895257,167.9184133201581,166.34233521344896,167.52439880371094,1115056
2013-11-18,167.19603229200408,168.7721102472185,166.73633370297887,168.70643615722656,983388
2013-11-19,167.91839156209582,168.18107789281655,166.6049899698691,166.736328125,872903
2013-11-20,167.06469007927916,167.1303641716169,165.22593573933833,166.47366333007812,909795
2013-11-21,165.48860062056818,167.78705340696496,165.16025022251148,166.736328125,696930
2013-11-22,167.3273761627075,168.31241740299328,166.53933715820312,166.53933715820312,821973
2013-11-25,166.80201348621804,167.65572658295596,166.4736630659696,166.53933715820312,624515
2013-11-26,166.2109895756155,167.0646926664688,165.2916023709477,165.94830322265625,1002893
2013-11-27,165.94830322265625,166.8020163339693,164.96325194509342,165.94830322265625,690490
2013-11-28,165.68562343280465,166.07963792333203,165.02892259479944,165.6199493408203,594597
2013-11-29,165.0945901113432,166.67067816771953,164.83191377884367,165.94830322265625,841030
2013-12-02,165.5542684856569,167.1303463289052,165.22591809994196,166.99900817871094,866529
2013-12-03,166.6706499529011,166.80198809691728,163.32147216796875,163.32147216796875,1367210
2013-12-04,162.73048444756438,163.19017307184367,159.77533040803402,160.62904357910156,1587673
2013-12-05,159.57832180723852,161.08873591074075,158.85594679498857,160.8917236328125,1227250
2013-12-06,161.94243488949428,162.3364493903116,160.82603541936234,161.67974853515625,1289609
2013-12-09,162.00811476118523,162.00811476118523,159.51264926415405,159.5783233642578,1157347
2013-12-10,158.8559515227244,159.05296380651598,156.68884646240036,156.95152282714844,1270508
2013-12-11,155.7037742049489,157.9365530675748,155.63810011232945,157.0828399658203,1190017
2013-12-12,156.6888353302794,156.6888353302794,154.45604630670766,155.1127471923828,1606784
2013-12-13,154.65303895326787,155.17840159923915,152.8799487910165,153.9306640625,1447861
2013-12-16,152.4859272249843,156.16345579683218,151.82922641004427,154.39036560058594,1521492
2013-12-17,154.98138231557294,156.16344571020716,153.27395629882812,153.27395629882812,1371803
2013-12-18,155.5067654138005,155.83511584329736,154.6530522930167,155.37542724609375,2327522
2013-12-19,157.01717764884702,158.79026794433594,156.88582946213987,158.79026794433594,1950558
2013-12-20,160.16932651995046,160.3663387706944,158.98727305640548,160.23500061035156,3106639
2013-12-23,159.97234321931478,160.62904411919627,158.5275932232071,160.49769592285156,1025259
2013-12-27,162.4677778359512,163.64984130859375,162.27077560756015,163.64984130859375,819473
2013-12-30,163.9125276472139,163.9125276472139,161.87675110985955,163.64984130859375,868503
2014-01-03,163.45285560647034,165.42295837402344,162.99316696480014,165.42295837402344,1187252
2014-01-06,165.48861117731118,167.91840227383852,164.1095354093164,165.6199493408203,1039399
2014-01-07,165.94830409610756,167.06469354579613,165.55428959528444,166.80201721191406,825685
2014-01-08,167.39306349095918,167.98410034179688,166.47368619471516,167.98410034179688,1132223
2014-01-09,167.78705060606077,169.2318003497598,167.13034982090986,167.32736206054688,1481979
2014-01-10,168.96913563252562,169.56018248253434,168.1811065673828,168.1811065673828,1521966
2014-01-13,168.50946044921875,168.77213680960966,167.5900731469288,168.50946044921875,975608
2014-01-14,166.80201348621804,167.7213906547299,165.88263631770621,166.53933715820312,2126999
2014-01-15,166.99903065901978,167.19604292106095,165.2916044152762,165.55429077148438,1504527
2014-01-16,165.816957859261,165.88263194976525,164.63489437340016,165.35726928710938,2230535
2014-01-17,164.5035610648135,165.29160007181054,164.17521064352647,164.37222290039062,2202486
2014-01-20,164.70059467987346,165.02894514374063,163.78120736876878,164.17523193359375,1011647
2014-01-21,162.79614601618445,164.30656006164824,162.3364573989895,163.12449645996094,1606257
2014-01-22,163.6498620756902,164.10955070103572,162.07378392580267,163.58419799804688,1289732
2014-01-23,163.0588228968295,164.3722245955225,162.79613654481506,162.99314880371094,1256216
2014-01-24,162.4021021477802,162.73045253221952,159.77529907226562,159.77529907226562,1726977
2014-01-27,158.92160174051918,159.1842780657908,157.47686191060637,157.6082000732422,1909732
2014-01-28,158.26489030874964,159.11860333940314,157.21416503710554,158.72457885742188,1985900
2014-01-29,160.0380152050127,160.23502748880426,155.90079732723416,156.95152282714844,1756882
2014-01-30,154.65305630236028,164.37223127152635,153.40532864610915,163.7155303955078,3834540
2014-01-31,163.6498562997219,164.10954490884285,161.15439096675954,163.7155303955078,2110990
2014-02-03,164.50356276129986,165.35727586954226,162.66479837903768,162.99314880371094,1891040
2014-02-04,162.7304595088266,163.51849846117423,161.54839607007574,162.533447265625,2305950
2014-02-05,162.07376098632812,163.1901503528595,161.08870977695472,162.07376098632812,1895919
2014-02-06,162.86181381983846,164.10954144979036,161.35139983273993,163.38717651367188,1743014
2014-02-07,163.38717476914795,166.80201721191406,162.993150247865,166.80201721191406,1682303
2014-02-10,166.8019994283344,167.72137651936217,165.02890931251864,167.32736206054688,1504635
2014-02-11,167.19601343924518,168.44374084472656,166.34230046790933,168.44374084472656,1435029
2014-02-12,169.1004841029644,169.36316045843523,167.78708228468895,168.1154327392578,1510366
2014-02-13,168.57513325649532,169.88853508929725,168.04976049882163,169.75718688964844,1738346
2014-02-14,170.08552261178485,172.7123260498047,169.36314765814544,172.7123260498047,2188424
2014-02-17,174.28840464171503,174.28840464171503,172.25262796278997,172.5809783935547,1493586
2014-02-18,172.3839807375712,174.74810791015625,172.18697849023926,174.74810791015625,1421075
2014-02-19,173.76306125371636,174.74811259864566,172.77800990878703,173.8287353515625,1497542
2014-02-20,172.25262599610633,174.28840265178806,172.05562375626474,174.02572631835938,1270048
2014-02-21,174.5510804590688,175.798828125,173.69737735798725,175.798828125,2882190
2014-02-24,174.87941833793496,177.30921936035156,174.74809019999682,177.30921936035156,1469603
2014-02-25,176.71820270929916,178.35995483398438,176.52118042978526,178.35995483398438,2219025
2014-02-26,178.29427614316836,179.27932739257812,177.17787671080302,179.27932739257812,1873349
2014-02-27,179.27933867168974,179.73903730003653,177.5062382948324,179.08233642578125,1658860
2014-02-28,179.5419935101548,180.4613706158179,177.57189112334058,178.2285919189453,2354452
2014-03-03,174.68243215675565,175.3391330295254,169.5601733655196,169.9541778564453,3310560
2014-03-04,171.72727646937366,174.61675627176422,171.2675778467779,174.4197540283203,2237663
2014-03-05,174.35407327749326,174.55107551341655,172.44964484686457,173.69737243652344,3036894
2014-03-06,175.38902151492138,178.83994622804644,175.25368222622475,178.09564208984375,2410448
2014-03-07,178.027964373432,178.56928020392192,175.18600463867188,175.18600463867188,1478751
2014-03-10,174.57702367273723,176.26866149902344,174.3063657505066,176.26866149902344,1293946
2014-03-11,176.80997114683888,177.35130762220376,176.06566704925916,176.13331604003906,951270
2014-03-12,176.13331766696683,176.53931486477188,174.44167988434182,175.18600463867188,1078173
2014-03-13,175.32135688191264,175.5243451708835,172.0734100341797,172.0734100341797,2261570
2014-03-14,171.802734375,173.2237142862294,171.4644068080347,171.802734375,1738232
2014-03-17,171.5997462851369,173.6973813326239,171.12607943090964,172.68238830566406,1682985
2014-03-18,173.3590392426522,175.8626506413147,172.20871735010846,175.3213348388672,1925561
2014-03-19,175.8626642907396,177.41898348084837,174.71236295879044,176.26866149902344,1481407
2014-03-20,176.26865389785806,177.41897583007812,175.5243291564142,177.41897583007812,1774005
2014-03-21,177.75729712271539,179.9225809808337,177.01297240747581,179.2459259033203,4702459
2014-03-24,179.31361380340047,179.58427173199638,174.78001606238286,175.59201049804688,1437561
2014-03-25,175.05070614421123,179.92261112872097,174.91536684608138,179.78729248046875,1495984
2014-03-26,179.65196097980845,180.3962858520734,178.56930849741204,178.63697814941406,1155119
2014-03-27,178.09564208984375,178.63695794487776,177.35131730176485,178.09564208984375,1161216
2014-03-28,178.29864280055105,180.4639476713627,178.09565450323393,179.78729248046875,959781
2014-03-31,180.59925454047175,181.07292140315482,179.11062560752387,179.31361389160156,1282331
2014-04-01,180.66694381020284,181.34359903046578,178.16331123527857,178.63697814941406,1102173
2014-04-02,179.0429483450451,179.31360626225833,177.0806526329049,178.1632843017578,932956
2014-04-03,178.29863117146044,179.85492974905966,177.21597880666795,179.31361389160156,838945
2014-04-04,179.99026699758613,179.99026699758613,177.75731329854395,178.50161743164062,831871
2014-04-07,175.93032939300195,176.60698450605196,173.96803369513196,175.18600463867188,1201745
2014-04-08,175.99798585858426,176.60697128476386,173.29136560900932,174.0356903076172,1230809
2014-04-09,174.10334999288764,174.37402855437776,172.14105432133437,172.9530487060547,1830724
2014-04-10,172.95304561572593,175.05068053054367,172.41171947723063,172.8853759765625,1024860
2014-04-11,170.8554018213772,171.19372934973637,167.53979617343214,169.63742065429688,1868867
2014-04-14,169.84042781995421,172.4793785445523,169.09610308997154,172.00572204589844,1406834
2014-04-15,174.10335392653005,175.05068761339922,170.85541761401578,171.39674377441406,1340319
2014-04-16,172.41171923042307,173.42669154185998,171.3290669549823,172.00572204589844,884429
2014-04-17,171.87041510492048,172.68239925302686,171.05843095681408,172.47940063476562,1179406
2014-04-22,174.1710424114724,175.1860252001755,173.02073064926336,173.76504516601562,1183303
2014-04-23,174.44168626601584,176.2009937542824,173.3590545654297,173.3590545654297,971865
2014-04-24,174.1710275369752,175.25367988244037,171.80273456559087,172.68238830566406,1010758
2014-04-25,171.9380561659182,173.29136629607123,171.53205899689752,172.41171264648438,815741
2014-04-28,172.68237025957808,174.3740182444343,171.5320587158203,171.5320587158203,1017632
2014-04-29,172.27640141981811,173.76503032619127,171.80273456559087,172.68238830566406,1119935
2014-04-30,173.29140087576084,175.4566851261563,173.15606157578955,174.57704162597656,1160257
2014-05-02,174.57703456963475,174.57703456963475,171.87041387863263,172.3440704345703,1310172
2014-05-05,172.5470664284446,172.75006504217163,169.70511681108144,171.19375610351562,913369
2014-05-06,171.66740148008935,171.66740148008935,169.84043472532244,170.51708984375,826016
2014-05-07,169.50210409559477,171.5997390546969,169.50210409559477,170.4494171142578,1134850
2014-05-08,171.59974794104232,171.73507690429688,170.38176662187522,171.73507690429688,1067833
2014-05-09,170.92307384553928,173.29136657714844,170.58474631245224,173.29136657714844,1102305
2014-05-12,173.69740532411998,173.7650543270312,171.73509896754322,173.08840942382812,1206584
2014-05-13,174.23867488380733,174.71234167742136,172.41170831894505,174.17100524902344,1179119
2014-05-14,175.2536617026136,178.09562123341632,174.84766453394553,177.75729370117188,1420838
2014-05-15,177.96028441235538,180.59923507024436,177.75729615016164,179.99024963378906,1662972
2014-05-16,181.1406042899234,182.22323608398438,179.99028219638635,182.22323608398438,2514305
2014-05-19,181.5465607402371,182.6968827061147,180.26092014005806,181.68190002441406,1214954
2014-05-20,180.73459276484405,181.74957547900468,179.78727969493605,180.0579376220703,836703
2014-05-21,179.92257999643314,180.8022439823122,179.31359455997784,179.99024963378906,703068
2014-05-22,179.78727394518975,182.02022758498094,178.43396370292223,181.68190002441406,1229851
2014-05-23,181.88490049032822,182.35856736681617,180.66692945061195,181.61424255371094,723337
2014-05-26,181.34357349891803,181.34357349891803,180.05793289140084,180.9375762939453,506131
2014-05-27,180.93754669159364,181.00521632299726,178.8399120173153,180.19322204589844,870343
2014-05-28,179.5165863037109,179.85491384717807,179.11060977144996,179.51658630371094,702608
2014-05-30,179.8549129340508,179.8549129340508,178.29861450195312,178.29861450195312,1270656
2014-06-02,180.12561357737735,182.02023978357533,178.8399522411606,181.61424255371094,1405057
2014-06-03,181.81724406076842,181.88489305474954,180.1256062137195,180.80226135253906,813891
2014-06-04,181.00524242692256,182.15556437706246,180.6669148709844,181.41123962402344,1107712
2014-06-05,181.88490049032822,182.69689495005701,181.47892391034074,181.61424255371094,1145766
2014-06-06,181.54656548533976,181.6819047730541,179.99026692600518,180.80226135253906,1153465
2014-06-10,182.69688149548452,184.38851928710938,182.29088429551948,184.38851928710938,1772971
2014-06-11,184.65919779470858,185.13286468913117,182.6969018675878,182.96755981445312,1189870
2014-06-12,182.42621197749813,183.10286705111653,181.20822045506054,181.95254516601562,852156
2014-06-13,181.07288595440085,181.41121346154665,178.43393552863816,180.19322204589844,1300497
2014-06-16,179.85491653405643,180.53157163109935,179.51658898553498,180.12559509277344,1108660
2014-06-17,180.53156543288844,180.53156543288844,178.97526702307223,179.99024963378906,958852
2014-06-18,179.922599393711,180.8699124692008,178.83994702891852,179.31361389160156,1499950
2014-06-19,180.3962645810145,180.46393422503738,179.31361222627686,180.26092529296875,1080449
2014-06-20,180.93755046132134,182.83219693073497,180.12557681717783,182.02020263671875,2429780
2014-06-23,181.34357933188386,181.34357933188386,178.02797324273138,179.31361389160156,1061925
2014-06-24,179.31360832459535,179.65193588747195,178.29862563596555,178.97528076171875,868320
2014-06-25,178.02796481353147,178.5016110039122,176.53931530119127,176.9453125,1256685
2014-06-26,176.60698245911365,178.0956319505198,176.26865490650997,176.67465209960938,1252638
2014-06-27,177.28364090834597,178.63695114428754,176.539316148603,178.1632843017578,803936
2014-06-30,178.43396492106646,179.7196055300224,178.09563735818986,178.97528076171875,1171944
2014-07-01,178.77227783203125,179.58425152646151,178.36628065987912,178.77227783203125,939035
2014-07-02,178.975269585452,180.19324047580022,177.62195941845425,178.29861450195312,954366
2014-07-03,178.09564807793228,181.81725149358158,177.82496949143808,181.61424255371094,1142089
2014-07-04,181.14060910779344,182.02025262633367,180.86993050220104,181.34359741210938,519893
2014-07-07,180.80225167233718,181.88488331658326,180.46392412104154,181.1405792236328,716272
2014-07-08,181.3435679085877,181.7495651010446,180.5992431640625,180.5992431640625,818746
2014-07-09,180.80223835352282,180.80223835352282,178.36627603366466,179.65191650390625,655548
2014-07-10,179.31360185386714,179.85491767498544,176.94530899919343,177.41897583007812,979542
2014-07-11,177.41896616892745,178.16327021996617,176.26864429934687,177.75729370117188,753850
2014-07-14,178.7046273365228,181.3435782633652,178.02797219374904,180.0579376220703,785919
2014-07-15,179.3136317694365,182.15559192912988,179.24596211803842,181.34359741210938,897240
2014-07-16,182.49389964646693,183.03521549889768,179.6519397965151,180.26092529296875,1083766
2014-07-17,179.04297541154753,181.0052714203343,178.50163884541004,178.63697814941406,901985
2014-07-18,178.29861239253404,178.77227920532914,177.41896905434214,177.4866180419922,980486
2014-07-21,177.41898019189028,179.178266978714,177.0806526329049,178.1632843017578,807877
2014-07-22,179.17825528526595,180.39624680805065,178.43395122397285,179.99024963378906,658943
2014-07-23,179.31361529437953,180.8022648888495,179.04295736353313,180.32859802246094,812380
2014-07-24,182.69688331566985,183.77953564307114,181.14058479181992,181.47891235351562,2253365
2014-07-25,181.41124065080658,181.47891029235225,179.78727250308677,180.6669158935547,913262
2014-07-28,180.59922944777514,180.93755697414784,179.04293108641008,179.65191650390625,655117
2014-07-29,180.32858626910996,180.9375717362914,179.65193116115833,179.85491943359375,1487869
2014-07-30,179.99024616138774,181.5465445411796,179.6519186310092,180.4639129638672,906656
2014-07-31,179.99025432082541,181.34356450368875,178.9076020445598,179.11061096191406,1201258
2014-08-04,179.11061096191406,179.11061096191406,179.11061096191406,179.11061096191406,0
2014-08-05,177.2159712665738,179.58426417947155,176.74232507391952,178.1632843017578,978527
2014-08-06,177.2159500950651,177.55427761363143,174.64466921391022,176.4039764404297,1194280
2014-08-07,174.91535041185162,175.79499381741547,174.37403456994704,175.05068969726562,1109470
2014-08-08,173.69738907888555,176.065682155887,171.59975393785174,174.71237182617188,1703535
2014-08-11,175.79499878202475,176.53932357307073,175.11834363559683,175.59201049804688,757608
2014-08-12,175.72734111903705,175.93032939300195,174.84767708214687,175.18600463867188,739127
2014-08-13,175.79499464771297,176.26866149902344,174.84768159496784,176.26866149902344,654202
2014-08-14,175.32132523302522,178.0279453967157,175.25365559895835,177.6219482421875,1190063
2014-08-15,179.04294285657116,179.31360076548748,175.86265563964844,175.86265563964844,1004541
2014-08-18,177.41898694611317,178.63695794487776,176.94532008555126,178.09564208984375,780908
2014-08-19,178.09563020625166,179.6519286730361,177.96029092658569,179.58425903320312,722366
2014-08-20,179.65191650390625,180.66689908302436,179.448928248032,179.65191650390625,798740
2014-08-21,179.99025871513413,180.66691382308576,179.44894288872288,179.85491943359375,808852
2014-08-22,179.6519190093987,180.19323479919504,178.7722756885112,179.92257690429688,676092
2014-08-25,180.39625448080744,181.27589785422612,180.1255965697459,181.1405792236328,747657
2014-08-26,181.20824118308096,182.49390248991924,180.59925567713867,182.2908935546875,886113
2014-08-27,181.8172399152113,182.08789783459272,180.19325109917153,181.47891235351562,1240160
2014-08-28,181.14055524325036,181.47888274975634,179.24590881689355,180.73455810546875,1197107
2014-08-29,181.0729095833987,181.74956468598998,179.78726901845027,181.1405792236328,975342
2014-09-01,181.2759229392421,182.29090573358263,180.59926774301508,182.22323608398438,915735
2014-09-02,182.56153060229738,182.56153060229738,181.00523219292467,181.95254516601562,1003045
2014-09-03,182.22323559808984,183.9825432335645,181.95257765029632,182.7645721435547,1153271
2014-09-04,182.42621040984457,183.37352337479493,181.95254360243246,182.8998565673828,1220627
2014-09-05,182.3585753831809,182.56156368209787,181.00526499072686,182.22323608398438,1056116
2014-09-08,182.49387350563154,183.37351680229847,181.9525370808669,183.30584716796875,901002
2014-09-09,183.03520103117052,183.91484438430953,182.6292038490008,183.77952575683594,880703
2014-09-10,183.5765351634049,184.0502020315249,182.96754965430532,183.8472137451172,752467
2014-09-11,184.0501734280897,186.62145435573868,183.84718517322864,186.2831268310547,1494222
2014-09-12,186.2831432936468,186.4184825754302,184.99750271620508,185.87716674804688,863750
2014-09-15,185.53884353959992,186.95980278223502,184.86218841458296,186.62147521972656,1093988
2014-09-16,186.95979517385499,187.83945919050424,186.2831400763747,187.77178955078125,1089915
2014-09-17,188.31312284152742,190.14010003419097,188.04246490739715,190.0047607421875,1608326
2014-09-18,190.27546686925945,192.03475402070774,189.66646061696457,191.69642639160156,1573878
2014-09-19,192.84669400461084,192.84669400461084,190.8167288045623,191.62872314453125,2772912
2014-09-22,191.0197170646176,192.10236930128494,190.20774337452252,191.62872314453125,1173498
2014-09-23,191.6287425375046,191.89940046159376,189.59877713202204,190.95208740234375,1379048
2014-09-24,191.2227399954861,192.10238338672195,190.95208207894242,192.0347137451172,1179077
2014-09-25,192.03470315718943,193.18502505142078,190.81673227495853,191.15505981445312,1375789
2014-09-26,191.15510122134415,191.89942609943841,190.07244873046878,190.07244873046875,1054083
2014-09-29,190.6814073946642,190.88441632361162,188.65144200444476,189.93710327148438,1083284
2014-09-30,189.9371126700587,191.62875057894814,189.2604575065029,191.5610809326172,1274229
2014-10-01,190.47840473546393,192.71135823617863,190.47840473546393,191.15505981445312,1045739
2014-10-02,190.8167410532666,191.42572652239775,187.29812622070312,187.29812622070312,1312846
2014-10-03,188.78675027963473,189.59874456229178,186.5537969771364,188.17776489257812,987107
2014-10-06,189.12509214297003,190.81672981866743,188.58377634669645,188.92210388183594,835781
2014-10-07,188.245481564545,188.245481564545,183.03522835691112,183.71188354492188,1617198
2014-10-08,182.69686387687042,183.03519140256833,180.666898722683,182.15554809570312,1488659
2014-10-09,184.8621958011751,184.8621958011751,180.19325873209948,180.32859802246094,1426047
2014-10-10,180.1256002356646,180.26091886901187,177.62196804517293,178.70462036132812,1374329
2014-10-13,176.6069853706291,179.7872726774833,176.47164608740644,178.70462036132812,1407558
2014-10-14,177.96029807308898,179.44894760969626,176.4716485364817,178.97528076171875,1372563
2014-10-15,178.23095264739692,178.36629192995701,172.81771174299686,175.18600463867188,2249887
2014-10-16,177.6219717600524,179.245939943312,170.38176392853498,176.26866149902344,3935279
2014-10-17,176.67465141655546,182.15556187751972,176.0656659541983,181.1405792236328,4403050
2014-10-20,181.34357554435417,182.29088860005845,178.70462465707942,181.74957275390625,1449233
2014-10-21,182.4262215613216,185.87716674804688,181.20822997489643,185.87716674804688,2376159
2014-10-22,186.21549601377077,188.5837889176166,184.8621857830017,188.3131103515625,1533508
2014-10-23,187.77177834473045,189.32807671610672,186.55380750190326,189.0574188232422,1314581
2014-10-24,189.05745105089943,189.05745105089943,187.16282482800685,188.11013793945312,1181668
2014-10-27,189.59878618822552,189.59878618822552,186.55383793455943,187.09515380859375,1152573
2014-10-28,187.5011098736547,189.3957356666913,187.36577060992104,188.17776489257812,1038966
2014-10-29,188.65146376918,189.86945553375696,187.9071595601297,189.5311279296875,1290461
2014-10-30,190.61373688458758,192.1023656127828,188.6514207089861,191.7640380859375,1171169
2014-10-31,192.8467149555059,193.861697665798,191.0874074610243,191.96707153320312,1984832
2014-11-03,191.96709080896326,192.0347398098746,188.24548716419918,189.5311279296875,1222302
2014-11-04,189.66640482404011,192.5760339683744,189.39574693034876,190.8167266845703,1388673
2014-11-05,191.49338631355326,194.06466733979266,191.49338631355326,193.86167907714844,1272872
2014-11-06,193.7940150201775,194.20001220703125,191.96705865414768,194.20001220703125,1268617
2014-11-07,194.6060483180034,194.87670628008328,190.07245001611935,191.08743286132812,1407175
2014-11-10,190.41073659611996,192.1700439453125,190.27541796918172,192.1700439453125,781123
2014-11-11,193.04968820332115,193.86168256826895,191.56105940074954,193.3880157470703,1046271
2014-11-12,192.30538421893692,192.98203930675885,190.68139548826474,191.42572021484375,1205980
2014-11-13,191.49340652902353,192.50838924914203,190.20776588018202,192.4407196044922,1114906
2014-11-14,193.32035709934993,193.99701215304052,191.15505266759067,191.7640380859375,1018088
2014-11-17,190.27542408609474,192.5760473167488,189.8694268924793,192.30538940429688,942238
2014-11-18,192.3730453968167,194.0646832235558,192.17005711755834,193.65870666503906,1013156
2014-11-19,192.98203665537707,195.07965087890625,192.77902774189494,195.07965087890625,1224539
2014-11-20,194.60600471386306,195.35032943021577,193.59102209607502,195.07965087890625,811043
2014-11-21,195.55335270710083,196.77132380657105,194.6737092074699,196.16233825683594,1566776
2014-11-24,195.62098733165107,196.16230313452164,194.87666261529833,195.07965087890625,953958
2014-11-25,194.53833765576726,196.0946360970636,193.32036675822008,193.3880157470703,1546287
2014-11-26,193.38805128876058,194.8090313636358,193.38805128876058,194.26771545410156,1662777
2014-11-27,194.26771195768717,196.23000790677938,194.26771195768717,196.16233825683594,809504
2014-11-28,196.50067561903768,197.10966119902784,194.13238230250343,195.8240203857422,1101982
2014-12-01,194.87668069308955,197.38031297583316,194.87668069308955,197.10963439941406,934471
2014-12-02,197.58329464183873,198.9366048791116,196.9066395232023,197.515625,1421440
2014-12-03,198.1922673165334,200.15456290385072,196.97429644161204,197.78627014160156,1421214
2014-12-04,197.85396537464112,199.34261499201372,196.36533640714532,197.24497985839844,1261251
2014-12-05,198.6659200462793,199.3425750732422,197.24494035968272,199.3425750732422,1080166
2014-12-08,199.00426687737806,199.61325233078517,197.92161459916835,198.6659393310547,853486
2014-12-09,197.98928685158518,198.8689302236861,196.02699118698507,196.97430419921875,1358175
2014-12-10,196.83893876976734,197.71860267488373,195.41795911525026,195.75628662109375,1145205
2014-12-11,194.94432475022023,198.1922607421875,194.87665511499728,198.1922607421875,1327852
2014-12-12,197.24496013362236,197.78627594951087,193.7940150201775,194.20001220703125,1242847
2014-12-15,193.52335878686668,194.13234424747972,188.98976135253906,188.98976135253906,1611094
2014-12-16,188.58379180623405,190.47841789838134,184.9298376072882,190.34307861328125,2372782
2014-12-17,189.12511651917598,189.93711096811774,187.77180620419082,188.7867889404297,2531888
2014-12-18,191.5610839500877,195.35035705566406,191.0874170681867,195.35035705566406,2136187
2014-12-19,189.46345378860957,189.46345378860957,182.96755981445315,182.96755981445312,7906242
2014-12-22,184.11786631602547,186.48615928791511,183.8472083920704,184.92984008789062,2253792
2014-12-23,185.4035232718278,186.41850606346188,182.1555865985498,182.7645721435547,1561781
2014-12-29,183.4412089243997,183.7795364876502,182.22321730677245,182.69688415527344,1254866
2014-12-30,182.29088386824927,183.77953338134006,181.61422875318533,182.62921142578125,1147983
2015-01-05,184.38850095277368,188.44843124898154,183.1028604889492,186.2831268310547,2718534
2015-01-06,186.08013701256306,188.24544141229487,184.99748481269714,185.2681427001953,2202793
2015-01-07,185.74180949072203,186.08013701256306,184.72682692519894,185.2681427001953,1558734
2015-01-08,187.97476717612724,191.49338174373545,187.36578175285334,190.8167266845703,1692332
2015-01-09,188.17776489257812,189.80173280801986,187.23045199605983,188.17776489257812,2200339
2015-01-12,190.41076856407102,192.7113921070157,188.38080297031786,191.22276306152344,1907523
2015-01-13,191.0874047784702,194.53835007499305,190.27543101156093,193.65870666503906,1974053
2015-01-14,191.89941959107622,194.06470384951163,190.61377883608677,192.2377471923828,1692188
2015-01-15,195.6886630449027,195.8239816748844,161.923567383242,175.65966796875,12243776
2015-01-16,170.51708098620912,171.12606643118502,162.12656208352928,167.26913452148438,6176903
2015-01-19,170.51708821832378,173.4943665810496,169.09610835319603,171.4644012451172,2779511
2015-01-20,174.0356953785772,174.71235046068696,171.1260661355807,172.61471557617188,2439952
2015-01-21,173.42668407511778,173.42668407511778,165.2391640225016,167.81045532226562,2786358
2015-01-22,167.7427950141709,168.48711975349866,161.58523980448743,163.7505340576172,3436825
2015-01-23,166.11882870838824,169.1637766887864,163.54753723773118,168.48712158203125,2496800
2015-01-26,168.55478508351337,173.22370102009577,168.48711544532753,172.61471557617188,2238563
2015-01-27,174.7800181917812,174.8476878372237,172.34406582992563,174.10336303710938,2641188
2015-01-28,170.65242975377694,173.62971866088336,166.99849600975813,170.31410217285156,2896207
2015-01-29,170.17876906435362,172.81772000138028,168.08113398368454,170.99075317382812,2592076
2015-01-30,173.02070617359223,173.15603512795442,168.21646118164062,168.21646118164062,2503227
2015-02-02,170.24641767466036,171.46438852592087,167.2691292078516,167.81045532226562,2082719
2015-02-03,168.89311291631535,169.23144045795465,166.05115330659544,167.26913452148438,2133400
2015-02-04,170.4494064834972,172.41171236396573,169.23143562830478,171.5320587158203,2837199
2015-02-05,171.0583780415496,171.2613765970152,168.7577449544985,169.1637420654297,1556646
2015-02-06,168.7577670155757,170.5847439286646,167.26912795578272,169.63742065429688,1456382
2015-02-09,167.47213470766724,168.01346084443705,165.50983907743108,166.3218231201172,2684973
2015-02-10,165.10384720782844,166.5924863881574,164.42719209632094,165.78050231933594,2057211
2015-02-11,165.91582417520675,166.79547784750355,163.41220243477528,164.42718505859375,1713561
2015-02-12,164.90084129088308,165.30683846974395,163.14154427400595,163.5475311279297,1979112
2015-02-13,164.02121169982766,164.8332061767578,163.14156822471776,164.8332061767578,2116866
2015-02-16,165.10384988468698,168.14879793583899,164.69785268122493,166.93081665039062,1746551
2015-02-17,168.14880388626327,169.36678521481335,166.86316323803368,169.02845764160156,2169292
2015-02-18,169.16378923723286,170.72009816320306,168.4871340802839,170.17877197265625,1670576
2015-02-19,170.9907427095639,173.7650224409,170.2464282901536,172.9530487060547,2088053
2015-02-20,173.90038028597507,175.050702345483,171.93808440494143,174.4416961669922,3118174
2015-02-23,175.5919794033355,176.4039736952075,174.84765474409826,175.7949676513672,1729057
2015-02-24,175.7949769499419,175.7949769499419,173.56202350399207,174.0356903076172,1884655
2015-02-25,174.50934866473355,175.0506851424282,172.6147226174902,173.96803283691406,1557584
2015-02-26,174.509352600718,175.25367736816406,173.49436991325757,175.25367736816406,1831750
2015-02-27,175.5919987399117,176.47164211141407,173.7650217069453,175.1183319091797,1769532
2015-03-02,175.93033947707139,176.60699462890625,174.3740408878017,176.60699462890625,1718635
2015-03-03,178.29863671522875,178.77230359263933,175.9303436279297,175.9303436279297,2445415
2015-03-04,177.01300222503133,178.02798501227363,175.6596918420416,176.06568908691406,2704258
2015-03-05,177.74115128575593,180.11475228747773,177.67133510528325,178.788330078125,3067437
2015-03-06,179.48644497236953,182.48834891660283,179.4166287935697,181.510986328125,2119080
2015-03-09,181.51098585771916,182.2789212127139,179.55626068582941,181.16192626953125,1116529
2015-03-10,181.7204134412265,182.55816497646543,180.32417508576594,180.95249938964844,2059692
2015-03-11,181.30156676430514,182.62798899797306,181.23175058255262,181.7902374267578,3884952
2015-03-12,181.51097548255848,185.0015711649154,181.4411593079303,184.6525115966797,1885337
2015-03-13,184.4430988015768,184.86195327229078,182.97704423935699,184.5128936767578,1585713
2015-03-16,184.65252696026272,186.1883977102504,183.60534816842758,185.2110137939453,2071558
2015-03-17,186.0487802418495,186.39783986706874,184.02423867655972,184.86196899414062,1568005
2015-03-18,185.5600685158433,187.026123046875,184.79215446593258,187.026123046875,1784571
2015-03-19,187.0959354798074,190.09783935546875,186.8166920758934,190.09783935546875,2665840
2015-03-20,189.60916395295448,191.91294860839844,189.46953160205857,191.91294860839844,3624245
2015-03-23,191.91296294682724,191.9827791274914,191.07523269357884,191.21484375,1370277
2015-03-24,190.30730307651734,192.4016607303934,188.84124845782256,189.53936767578125,1353248
2015-03-25,188.91104619790283,190.02804109857013,186.32799682166632,187.6544189453125,1415113
2015-03-26,186.04877206930348,186.3978316791896,182.41854360452467,184.23365783691406,1773065
2015-03-27,184.93176970186738,186.81670004225106,183.0468606663907,183.74497985839844,1539840
2015-03-30,184.7223434966831,186.60725254267456,184.02422430078096,185.0015869140625,1519219
2015-03-31,186.39783606358083,189.4695564418492,186.1884088146862,187.165771484375,2545910
2015-04-01,186.5374671837115,188.70161975749238,186.467650999578,186.6770782470703,1281685
2015-04-02,186.67707010984114,187.79406509256273,185.4204640698464,186.04876708984375,1014645
2015-04-07,187.3053627065164,191.1450180988259,186.67705972148335,190.09783935546875,1383321
2015-04-08,190.93558313211824,191.77333461480626,189.53934486424168,189.81858825683594,1155048
2015-04-09,190.4468954443373,192.8903124673653,190.30728439739337,192.40164184570312,1355321
2015-04-10,192.12242272457945,194.2865753173828,192.12242272457945,194.2865753173828,1293694
2015-04-13,194.98467151621375,195.1941200457074,191.9827676709575,194.00730895996094,968360
2015-04-14,194.7054352439244,195.05449483428816,192.05259087912248,193.37901306152344,1064099
2015-04-15,193.37902780541987,194.775266273329,192.4016651388651,192.4714813232422,1181869
2015-04-16,193.23939380792592,193.44884235929192,191.98278771936242,192.1922149658203,933474
2015-04-17,192.54125566921905,192.9601314259026,188.28274584016992,188.63180541992188,1917938
2015-04-20,189.60917801684818,192.33183862202245,189.32993459924955,190.65635681152344,1343624
2015-04-21,191.70351234479568,193.658237335706,191.14500427246094,191.14500427246094,1444033
2015-04-22,195.12431206830158,196.45073425787396,193.51864646590974,194.6356201171875,1843810
2015-04-23,195.61301209620729,196.17149894490586,193.79789788057536,194.7054443359375,1432772
2015-04-24,194.7752282777682,195.89222309518067,192.54123864294328,193.09974670410156,1130774
2015-04-27,194.07713329154862,194.70543629661904,191.0054131407213,194.6356201171875,1004034
2015-04-28,193.6582678008388,193.72808398397675,189.12049286067355,190.7959747314453,1878487
2015-04-29,191.77337794350922,192.61110831056632,187.37521362304688,187.37521362304688,1611122
2015-04-30,187.9336921693095,188.3525466342564,184.79215585276765,188.07330322265625,1834791
2015-05-04,187.1657491474149,188.91104702960845,186.95630061860822,187.79405212402344,1089969
2015-05-05,188.0034855121424,191.0054107508852,186.46763610839844,186.46763610839844,1397579
2015-05-06,185.00156918480283,186.25817509503946,182.27890884268675,183.2562713623047,2271284
2015-05-07,182.2789212127139,182.97704038908975,178.57888744743127,181.16192626953125,2328440
2015-05-08,183.81473932956587,186.5374206979126,181.72038215693166,185.7694854736328,1621661
2015-05-11,186.81669569628204,186.95630674849158,184.16383004542283,186.46763610839844,1187342
2015-05-12,185.69970610996464,186.0487657079157,183.11665656316393,185.0015869140625,1511459
2015-05-13,186.3978361345611,187.7242584228516,185.35065727987254,187.72425842285156,1929818
2015-05-15,194.0771370809201,194.35638049919177,191.0054168701172,191.0054168701172,2968262
2015-05-18,191.9827747000684,193.86770500999535,191.07522828708528,193.37901306152344,1477174
2015-05-19,194.0771480680497,195.3337541738651,193.58845607972796,194.2865753173828,1394764
2015-05-20,194.7752373876251,194.84505356164829,192.7506961703835,193.86769104003906,998186
2015-05-21,193.02994102740615,194.9148712158203,193.02994102740615,194.9148712158203,1203678
2015-05-22,194.4261847140424,195.05448769271163,193.02994640370815,194.00730895996094,1020539
2015-05-26,193.7280725354847,194.63561894792252,192.3318341748686,192.82052612304688,1273207
2015-05-27,193.7979079741674,196.45075260101552,193.65827560226646,195.9620819091797,1761181
2015-05-28,195.75260398189775,197.42808566878722,195.68278780642203,197.21865844726562,1446623
2015-05-29,197.21866843702497,197.91678761733303,192.82052612304688,192.82052612304688,2499725
2015-06-01,196.86959676865015,197.91677547486637,195.26393127441406,195.26393127441406,1915844
2015-06-02,195.0545080618906,195.12432424567928,191.49409573774992,192.1922149658203,1691102
2015-06-03,193.23939632021768,194.4960237300266,191.98279021531712,193.1696014404297,1271749
2015-06-04,192.7507231312215,193.23939380792592,189.26012699086945,192.1922149658203,1496142
2015-06-05,190.65636268549667,191.005422294476,188.4223726660658,189.53936767578125,1404108
2015-06-08,188.63181986455564,189.26012289524078,188.0733117112407,188.4921875,960307
2015-06-09,187.09593137882004,187.58462330363741,185.07139011368707,186.18838500976562,1700001
2015-06-10,186.18839776481903,191.5639027815373,186.18839776481903,190.3072967529297,1722010
2015-06-11,191.21485267261212,193.44884272866628,190.79597687398845,191.9827880859375,1324834
2015-06-12,191.21483206281724,191.843135040578,187.1657494906648,187.58462524414062,1452893
2015-06-15,186.25819237372863,187.3053711643716,183.7449803201112,184.0940399169922,1748012
2015-06-16,183.25625177105823,186.95627423723658,182.55813271669228,185.62985229492188,1651547
2015-06-17,185.3506455854936,186.25819201366693,184.23365061665234,184.303466796875,1591528
2015-06-18,184.6525119361612,184.6525119361612,180.18455371551116,184.44308471679688,2471024
2015-06-19,185.76950681755005,187.09592891830323,184.44308471679688,184.44308471679688,3352916
2015-06-22,186.39782860565825,188.56200241224852,185.69970939739736,188.0034942626953,1549537
2015-06-23,188.91107270897575,190.79598189502383,188.28276964695974,190.1676788330078,1343935
2015-06-24,189.1902846514066,190.65633908865314,187.1657434308781,188.91104125976562,1510285
2015-06-25,187.72425129331978,190.79597155609775,187.37519168834712,188.35255432128906,1268163
2015-06-26,187.9336767609012,188.91103927382255,185.62987086804551,187.51480102539062,1351366
2015-06-29,182.34876341285766,185.69972741568824,181.7902552091129,183.88461303710938,1806048
2015-06-30,185.0016149855752,186.32803739807463,182.76762469774752,182.90725708007812,2355563
2015-07-01,184.303453150645,187.16574588858686,183.67515018497613,185.90911865234375,1693513
2015-07-02,186.8166943981557,187.86387315453,185.56006710756276,185.97894287109375,1045192
2015-07-03,186.3280018556576,186.74687761783773,183.814768587483,185.07139587402344,911840
2015-07-06,183.25626633751224,185.90911043300778,183.0468391265169,185.2808074951172,1107996
2015-07-07,185.42045882509487,186.32800523887522,181.65061950683594,181.65061950683594,1421468
2015-07-08,182.209110130454,185.69970610996464,181.99968289364622,185.0015869140625,1620921
2015-07-09,185.28083485938885,188.77143092420366,184.44310458677788,188.4921875,1320011
2015-07-10,191.9827952564484,191.9827952564484,189.19031823453645,191.3544921875,1409733
2015-07-13,192.3318431826684,194.35638463939915,192.3318431826684,194.14695739746094,1322621
2015-07-14,194.2167808072601,194.63563530672366,193.02996957902425,194.0771484375,1294697
2015-07-15,193.58844040942773,195.40355454138495,193.1695859446663,193.9375,1472347
2015-07-16,192.96012740211347,197.21865844726562,192.96012740211347,197.21865844726562,1720146
2015-07-17,195.89226404232954,196.9394429078749,194.35639318423299,195.12432861328125,1396993
2015-07-20,197.4280991993428,198.19603457239432,195.7526173976257,196.38092041015625,1132043
2015-07-21,197.21867730631067,197.77716415371063,193.65826506564,194.35638427734375,1196432
2015-07-22,194.42620620943973,195.40356887374793,191.005426231907,192.12242126464844,1385384
2015-07-23,195.40357204977832,195.40357204977832,193.37903050403904,195.12432861328125,1496298
2015-07-24,195.33373789004824,196.03185706950504,193.30919653060485,193.58843994140625,1016931
2015-07-27,194.14695289863727,194.77525591480037,190.23748113542328,191.21484375,1174171
2015-07-28,192.19221746449776,193.16960144042972,191.2846709781705,193.1696014404297,1218482
2015-07-29,194.42617177510465,195.4035342663146,193.1695659013925,195.19410705566406,1391193
2015-07-30,195.47337283937856,196.3111243877958,193.02995567888632,194.56582641601562,1267295
2015-07-31,195.40357966820596,195.6130282324262,193.937524938302,194.8450927734375,1363804
2015-08-03,194.84504750131018,196.6601614449312,194.42617177510465,195.19410705566406,1001875
2015-08-04,194.7752694266183,196.31114028814648,194.28657743297518,195.473388671875,952962
2015-08-05,195.75263297906497,196.3809360416069,194.42621066816335,196.1715087890625,891915
2015-08-06,196.1714840532544,196.2413002302688,194.9846729587278,195.0544891357422,770380
2015-08-07,194.0771083379568,195.05447080961318,192.47144294201445,192.96011352539062,896403
2015-08-10,193.65827437322588,195.473388671875,192.19221969720508,195.473388671875,916246
2015-08-11,195.33375454570748,196.0318737846913,193.58845644824794,194.0771484375,808451
2015-08-12,192.40163691754066,192.68088030918165,187.7940463882966,188.91104125976562,1567156
2015-08-13,191.28464660499955,194.0073070219728,190.6563436326066,192.61106872558594,1426845
2015-08-14,193.16956959294316,193.5186291539677,192.05257473668368,192.68087768554688,924697
2015-08-17,194.1469344312267,194.98466460478954,192.26200425712634,193.86769104003906,1103202
2015-08-18,194.49601527508315,194.70544251515977,193.0299606798245,193.3092041015625,994179
2015-08-19,193.02996476241287,193.3790243731948,190.65636367007724,190.7959747314453,1179430
2015-08-20,189.60918250172227,191.14503198729622,188.1431278935185,188.4921875,1299020
2015-08-21,185.0015525100151,187.37515307369125,181.99964904785156,181.99964904785156,2872149
2015-08-24,175.92602731299212,181.44116438444206,168.66559235153235,177.322265625,4899191
2015-08-25,178.36946637632886,183.53554450746,177.60153094895202,183.11666870117188,2741986
2015-08-26,181.30157166912585,182.20911814173834,176.90340775862182,179.41664123535156,2746472
2015-08-27,184.65254425734616,186.39784240722656,183.53554918044088,186.39784240722656,1638825
2015-08-28,187.72424646989833,188.00348988572003,182.2789252942008,183.74497985839844,1690716
2015-08-31,183.11665564781111,184.72234257330385,182.48835263562134,184.303466796875,1040120
2015-09-01,181.51097583574474,182.62797071725348,178.22981801843528,179.69586181640625,2166687
2015-09-02,180.81288050565203,182.20911896515514,178.4392793854784,179.5562744140625,1735208
2015-09-03,181.16195087147557,183.67518450870912,180.74307504778506,182.83743286132812,1816730
2015-09-04,182.90722421047087,182.90722421047087,179.55626068582941,181.16192626953125,1675440
2015-09-07,182.13929703061294,183.3959243874358,180.67324243343998,181.7902374267578,805362
2015-09-08,182.83740933217126,184.30346387396827,181.65061950683594,181.65061950683594,1163221
2015-09-09,185.35065185475497,185.6298952801836,182.06948301747232,182.97705078125,1659767
2015-09-10,182.41852451069462,183.53551940639542,180.46379942189745,180.88267517089844,1602727
2015-09-11,181.510979594327,182.6977906751753,178.92793020890696,181.9298553466797,1202799
2015-09-14,180.88269595174785,183.25629706223904,179.97512817382812,179.97512817382812,1091159
2015-09-15,180.67325128754155,183.04687375400434,180.04494823079312,182.5581817626953,1109999
2015-09-16,183.04688142562807,183.88461176809966,181.3713781308661,182.83743286132812,1540700
2015-09-17,183.04685525885736,183.25628248831003,180.3939896246542,180.67323303222656,1410617
2015-09-18,180.3241873404081,181.3015712995777,177.60152662321218,179.62606811523438,3270420
2015-09-21,181.09213251818645,182.83743067527172,179.27701817383593,180.5336456298828,1324224
2015-09-22,178.78831128912907,178.78831128912907,173.97128295898438,173.97128295898438,2281602
2015-09-23,174.8090270754752,176.55432491230084,173.48260498046875,173.48260498046875,1666543
2015-09-24,173.76187588341003,174.11093550603837,170.4807175611944,171.03921508789062,1898937
2015-09-25,173.8316825730189,177.18265689768833,173.55243915115219,175.5769805908203,1654839
2015-09-28,178.36946993429783,181.02231458552538,176.41473388671875,176.41473388671875,2831695
2015-09-29,174.80905239501274,176.83360457044046,172.85432705660554,175.50717163085938,1754876
2015-09-30,177.81096488368834,180.32418770796406,177.60152698521853,179.41664123535156,1924708
2015-10-01,181.51099854516661,181.86005815775346,179.13739744055758,179.62606811523438,1756286
2015-10-02,181.23175458236983,181.99968998878103,176.2052876539583,178.71852111816406,1514597
2015-10-05,181.51098679672504,182.6279817456862,180.32417566878382,181.86004638671875,1421912
2015-10-06,182.34872978374378,182.69778935736892,180.67322678641852,181.441162109375,1063519
2015-10-07,182.5581876408316,182.5581876408316,174.5298161002214,174.87887573242188,3070358
2015-10-08,175.78642790179893,178.02040735378696,175.22793037568835,177.25247192382812,1535104
2015-10-09,179.41661343622255,179.41661343622255,175.99583401690197,176.20526123046875,2024510
2015-10-12,175.92602778886297,178.09020143931033,175.7165899110047,177.67132568359375,1114289
2015-10-13,177.25244712587096,179.62604796420175,176.1354628823723,178.50906372070312,1487414
2015-10-14,177.67133867172967,178.1600199874873,175.57698104495094,175.92604064941406,1476544
2015-10-15,176.62415023786696,177.81095069790743,176.2052744743453,177.18264770507812,1114192
2015-10-16,180.11474750496748,181.51098585771916,178.85814150945356,181.16192626953125,1736808
2015-10-19,181.51098679672504,183.11665238873343,180.95249997469776,181.86004638671875,1099818
2015-10-20,181.86005120923082,183.25628960623067,179.4864501953125,179.4864501953125,1231842
2015-10-21,179.55625879718394,179.55625879718394,176.27509018076753,176.83358764648438,1644425
2015-10-22,179.41659998141085,182.55813577875074,178.50904306502235,181.99964904785156,2124997
2015-10-23,183.25628765480195,185.00158563246674,181.92986545275812,184.5128936767578,1783788
2015-10-26,184.6525263930812,185.49027794593889,183.88459102044615,184.303466796875,912576
2015-10-27,183.46571431994553,185.0714012373508,182.5581678963433,183.6053466796875,1155558
2015-10-28,184.65252210872708,187.51481499218772,184.58270593012435,187.026123046875,1136503
2015-10-29,187.794066110882,187.794066110882,185.6997084962625,187.3053741455078,1091096
2015-10-30,188.14312571331857,188.49218531575517,186.67707112210346,187.3053741455078,1116197
2015-11-02,186.39784240722656,186.95632929322466,185.97896659027344,186.39784240722656,973960
2015-11-03,185.8393265399041,187.4449920654297,185.211002260006,187.4449920654297,829838
2015-11-04,188.4921704470394,191.21483087029327,187.23556449935475,187.6544189453125,1593504
2015-11-05,188.7016098220343,191.5639027815373,187.7242472103498,190.3072967529297,1571712
2015-11-06,190.6563613211667,190.93560474537037,188.1431278935185,188.4921875,1367209
2015-11-09,188.8412292461598,188.8412292461598,185.9789364827415,186.18838500976562,987432
2015-11-10,186.6770696493804,186.9563130681452,184.6525282322016,185.69970703125,1078234
2015-11-11,186.25817988053473,188.28274245057332,185.69969308494825,186.18838500976562,1023209
2015-11-12,186.39781106141012,187.724233171278,184.86194042583332,186.2581787109375,1439855
2015-11-13,185.6996850599746,186.60723138980958,183.8147549227423,186.11856079101562,1323072
2015-11-16,184.44308520558815,186.11856687965894,183.67514989104163,184.79214477539062,1420633
2015-11-17,185.76951333253626,190.09783935546875,185.5600648009212,190.09783935546875,1572715
2015-11-18,189.19031614710414,190.3771273902856,188.49219689932883,190.1676788330078,993295
2015-11-19,190.58653129099784,191.63371003435498,189.26010914372668,190.09783935546875,1157596
2015-11-20,190.93560835566834,191.91297101131536,189.26012647385795,191.28466796875,1291672
2015-11-23,190.58654731976603,190.79597456408834,189.19030887786298,189.6790008544922,809764
2015-11-24,188.98086856884916,189.05066344219296,185.14121311906018,186.3280029296875,1344959
2015-11-25,186.25819918705585,191.21484990506153,185.56007996775668,189.32994079589844,1657590
2015-11-26,189.46955371974374,191.91297101131536,189.19031029026002,191.28466796875,913228
2015-11-27,190.3072915373999,192.82052483064498,189.74878341395294,192.3318328857422,1086336
2015-11-30,192.47146524283056,194.42619041262867,191.1450217652106,192.3318328857422,1759841
2015-12-01,193.72804879058637,194.0072921675019,191.07520475253273,192.96011352539062,1360160
2015-12-02,195.19414398975655,196.45075010124023,194.70545199923043,194.9846954345703,2001821
2015-12-03,194.07713614365966,195.19413111625926,189.67899373862588,190.3072967529297,1932669
2015-12-04,189.60919195675103,190.72618701417323,188.91107270897575,190.1676788330078,1333245
2015-12-07,191.28466039017346,193.93750482252688,190.86578461008946,191.56390380859375,1063720
2015-12-08,191.56390184960168,192.3318372210847,188.56199784869455,189.6091766357422,1269643
2015-12-09,190.65634442138654,190.93558782083804,187.23556484206748,187.4449920654297,1497651
2015-12-10,186.46761567450918,189.32990824247415,185.1411936468876,187.9336700439453,1432883
2015-12-11,187.23556373016947,189.46953221742098,186.18838500976562,186.18838500976562,1713888
2015-12-14,187.7940695724064,188.5620049729034,183.1166622915767,183.32611083984375,1873079
2015-12-15,184.93177310992053,187.93369847381956,184.44310244945373,187.3053741455078,1914910
2015-12-16,188.49218668524117,190.09785234615242,187.72425129331978,188.35255432128906,1727629
2015-12-17,192.12242411758663,192.12242411758663,187.86389247603333,188.56201171875,1734384
2015-12-18,187.44501498924964,189.9582485014838,187.37519880462207,187.72425842285156,3112837
2015-12-21,187.095955299774,189.81861605994578,187.095955299774,187.165771484375,1279019
2015-12-22,188.28277374334743,188.77144444447674,186.5374755859375,186.5374755859375,987721
2015-12-23,189.39972101390157,190.65634829431875,187.9336878107741,190.2374725341797,1212357
2015-12-28,191.28467600097042,191.84316288338925,189.6790102353346,191.3544921875,657805
2015-12-29,192.54127802461707,194.42620849609375,192.33185077441232,194.42620849609375,1005004
2015-12-30,194.77522743269765,195.19410315052295,192.96011352539062,192.96011352539062,868712
2016-01-04,191.28466788900806,191.28466788900806,188.91106678202388,190.72618103027344,1625192
2016-01-05,193.44884235929192,193.58845342196113,189.81861385136256,192.1922149658203,1019826
2016-01-06,192.68090461282168,193.0299642226275,188.98088127084296,189.888427734375,1330549
2016-01-07,186.53746222566676,189.19030671296298,185.42046722394448,188.4921875,1954290
2016-01-08,188.21293758738346,188.84124059640862,183.6053466796875,183.6053466796875,1725008
2016-01-11,182.62799750923062,185.35065828520678,182.06948933408907,182.20912170410156,1485348
2016-01-12,181.51098291905424,185.49027068193442,181.3015556914947,184.37327575683594,1428323
2016-01-13,185.90912669302085,187.1657539836138,185.0713964708652,185.97894287109375,1222804
2016-01-14,183.67514710068525,184.30345005580358,180.8128544108073,183.2562713623047,1601967
2016-01-15,181.86004257945754,183.8845838980557,177.46188970712208,179.06756591796875,3034356
2016-01-18,178.02040952353178,181.16194616218235,177.88078780341598,178.99777221679688,1372315
2016-01-19,181.51098550638156,182.76759149946315,180.46380674384474,181.37135314941406,1409089
2016-01-20,179.2769940856458,179.34681026353036,176.1354684774516,176.83358764648438,2258528
2016-01-21,178.71850715671056,182.5581625839055,178.02038798812967,179.2071990966797,2051097
2016-01-22,183.1864723907121,185.90913298850205,182.62798555702952,185.2110137939453,1860446
2016-01-25,186.25820148194222,186.46765003325729,183.04687007752548,185.42047119140625,1350118
2016-01-26,182.20912637492768,185.90914992111394,181.99969911944882,185.49029541015625,1430506
2016-01-27,185.21103955789016,188.0035167245672,184.02424954499844,187.37521362304688,1900357
2016-01-28,184.30346934366872,184.58271276351098,178.09021270632195,180.1845703125,3956631
2016-01-29,181.16193753089775,184.23365783691406,180.67324555509404,184.23365783691406,3194310
2016-02-01,185.00158563246674,185.3506452279997,182.4185361035601,184.5128936767578,1732542
2016-02-02,183.67513054545222,184.58267680938914,180.60341091570052,181.99964904785156,1707858
2016-02-03,182.6978097499251,183.4657238536898,178.36946203188486,179.62606811523438,1916829
2016-02-04,181.86005532529933,182.2091149324496,175.85622582133286,176.9732208251953,2132956
2016-02-05,177.46189695712204,178.71851363662023,175.78641515276013,176.06565856933594,2039604
2016-02-08,175.57698276784092,176.41472369628218,170.96939168273312,171.10902404785156,2122420
2016-02-09,171.31844423950187,172.4354391997529,167.61842107013385,168.8052215576172,2741506
2016-02-10,170.5505341805362,173.0637570783807,168.59579815835428,171.38827514648438,2521807
2016-02-11,169.9222430854496,169.99205928042795,166.15240291064416,168.03732299804688,2652045
2016-02-12,169.01466174864026,170.55052185058594,168.24672637144064,170.55052185058594,1803962
2016-02-15,173.69204056141615,175.01846263893498,172.78448356774155,174.66940307617188,1486767
2016-02-16,176.13545982293425,176.48451939029937,172.43542627837337,173.48260498046875,1781876
2016-02-17,175.0883140682866,175.92605505711526,174.0411351691371,175.22793579101562,1809835
2016-02-18,175.36754635888306,179.97512683058693,175.36754635888306,178.92794799804688,2156997
2016-02-19,179.48643691777383,179.62604796420175,176.83358202922878,178.50906372070312,4422896
2016-02-22,179.6260552118527,182.48834809043464,179.55626033827542,181.37135314941406,1964538
2016-02-23,180.53362233703584,181.02229297502484,176.97321029497226,177.53170776367188,1839533
2016-02-24,177.4618915854145,177.7411456459909,174.52979319030794,177.53170776367188,1564013
2016-02-25,178.71852164447174,180.0449439113202,176.8336018669935,179.62606811523438,2516010
2016-02-26,181.5109943649839,182.90723278317608,180.39399936944866,181.580810546875,2527918
2016-02-29,179.41664123535156,180.6732473212624,178.09021896579944,179.41664123535156,2083896
2016-03-01,179.34683520656873,181.2317657470703,178.64871594044357,181.2317657470703,1691485
2016-03-02,183.60534678867836,184.16383361816406,182.06947605023237,184.16383361816406,2643453
2016-03-03,184.8840962289675,184.95610205277754,180.4906639663695,181.1388702392578,3068622
2016-03-04,181.7870788533039,182.14719589619074,179.55435978134565,180.56268310546875,3834947
2016-03-07,180.0584960639536,181.35491943359375,179.33826207969778,181.35491943359375,1327320
2016-03-08,179.33828108283132,181.57101106656938,179.19423646869652,180.63470458984375,1733864
2016-03-09,178.4739894411898,181.28289767738733,177.68172763616033,178.8341064453125,3173139
2016-03-10,179.33827586667238,180.56267153605535,176.16925048828125,176.16925048828125,3153881
2016-03-11,178.25793289556736,178.69007773491046,176.09723067865139,177.17758178710938,1613455
2016-03-14,178.61807417704912,179.77045324511963,177.60975073491338,178.47402954101562,1487376
2016-03-15,178.25791425848413,178.83410365406704,177.17756326297817,177.4656524658203,4147239
2016-03-16,177.82579205677635,177.8978198615872,176.16926244512695,176.4573516845703,1471913
2016-03-17,176.74543583639286,176.96150825470576,171.9918975830078,171.9918975830078,2261828
2016-03-18,171.05557691482005,171.77581092288244,166.87821747007837,168.67880249023438,7535643
2016-03-21,168.6788154759914,171.19963469827533,168.31869844423653,170.47940063476562,1456477
2016-03-22,168.46275907556796,170.76751708984375,166.95027399233777,170.76751708984375,2351922
2016-03-23,171.77582583712748,172.4240321047039,170.91154715039232,171.55975341796875,1339304
2016-03-24,170.69547135094197,170.7674991525351,169.11095862498908,169.3990478515625,1092488
2016-03-29,169.11095964807876,170.9115447998047,168.3907255873884,170.9115447998047,1508437
2016-03-30,171.41570546169336,171.77582248997422,170.26332657523474,170.62344360351562,1706348
2016-03-31,170.62344524948765,171.19963469827533,169.90321118597794,170.47940063476562,1328852
2016-04-01,169.97524529714235,169.97524529714235,165.58181295070534,167.95858764648438,1931287
2016-04-04,168.3907206550359,170.76749518367566,166.73418016599007,170.11927795410156,1557713
2016-04-05,168.75084093633043,170.83951529556148,167.81453446878223,169.83119201660156,1575492
2016-04-06,170.19130535663126,174.36866497450183,169.11095429976297,174.224609375,1737409
2016-04-07,175.44902105177582,176.52937213955792,174.51271457771807,175.01687622070312,1380956
2016-04-08,175.95319470785785,175.95319470785785,173.9365370083319,175.3049774169922,1057999
2016-04-11,176.02519381099103,176.45733862808072,173.4323578781506,174.65675354003906,1256419
2016-04-12,174.44068912090123,175.73711264164743,172.92820417161377,175.6650848388672,1038703
2016-04-13,176.60139300503965,176.8894932290008,175.73711431295592,176.7454376220703,1980025
2016-04-14,177.1775676494491,178.6900634765625,176.2412612321836,178.6900634765625,1848135
2016-04-15,178.4019632766891,179.19422508896733,177.03352304446184,178.6900634765625,1873821
2016-04-18,176.88948638728615,179.84243938684995,176.6734139751475,179.69839477539062,906501
2016-04-19,181.57102464996385,183.659699185922,180.85079053550925,183.22755432128906,1715471
2016-04-20,183.29954283802638,183.3715706299927,181.7150303238502,182.65133666992188,1361344
2016-04-21,183.0834847487347,183.0834847487347,180.20254868348349,182.36325073242188,1428031
2016-04-22,182.21921169947063,182.21921169947063,181.0668328421704,181.4989776611328,1372489
2016-04-25,180.41862948606263,181.49898056082947,178.61804436145124,179.26625061035156,1842122
2016-04-26,180.34660161907718,180.77874644478544,177.3936486097355,178.04185485839844,1760841
2016-04-27,178.11388599514768,179.1222092874856,177.32162412981103,178.97816467285156,1001036
2016-04-28,178.04184854440993,178.32994874796486,175.23294024661826,178.11387634277344,1354333
2016-04-29,176.38531082859936,176.38531082859936,173.79247489575891,174.65675354003906,1580049
2016-05-02,174.15259027913646,175.4490137283408,174.15259027913646,174.80079650878906,715804
2016-05-03,174.72877388152833,174.8728184844435,172.0638992730528,173.21627807617188,1469238
2016-05-04,172.8561705032266,174.08056617964456,170.40737915039062,170.40737915039062,1180898
2016-05-06,169.54307639844666,170.26331038652825,168.03059161741442,168.60678100585938,1421358
2016-05-09,170.40739271188207,173.79249078898584,169.8312032330367,173.00022888183594,1624166
2016-05-10,174.6567687820418,177.17758812528777,174.29665173300668,175.88116455078125,1481374
2016-05-11,175.88116620502007,175.9531940114646,174.44069799533128,175.73712158203125,933249
2016-05-12,175.23291970417813,177.60969390285828,174.00852420482707,174.872802734375,1049305
2016-05-13,174.36865590875848,177.24959191062217,174.0805557146329,176.52935791015625,1014808
2016-05-17,177.17758077805436,177.60972561493634,174.80080615500296,175.6650848388672,1294296
2016-05-18,175.01686049516977,176.67340087890625,174.44067110214422,176.67340087890625,1182475
2016-05-19,175.30494773329397,176.02518171903452,174.36865234375,174.36865234375,1169795
2016-05-20,176.38532483756958,179.05019977144173,175.80914635555408,177.9698486328125,1820964
2016-05-23,177.89781424458158,179.55435479382686,176.81746314593028,178.5460205078125,1118700
2016-05-24,177.5377030935052,181.42696278154082,177.17758604869078,180.8507843017578,1449290
2016-05-25,181.49896178621822,182.93942973690247,180.92277240796483,181.9311065673828,1310610
2016-05-26,181.71504451369995,182.79539553816915,181.1388551026699,182.36325073242188,1225567
2016-05-27,187.98108321416143,191.0060749543547,187.98108321416143,189.7096405029297,3643657
2016-05-30,190.78999884915362,190.862026651397,188.48526303595972,188.70132446289062,1161462
2016-05-31,188.70131946126705,189.42155350501235,186.25252810849278,187.9090576171875,2011631
2016-06-01,187.2608463683023,188.5572588204713,186.68466794062678,187.11679077148438,1044888
2016-06-02,187.33288311835003,188.12514497911044,186.82871048519362,187.18882751464844,1127459
2016-06-03,187.18883176152968,187.62097660263964,184.16385084345941,185.96444702148438,1401144
2016-06-06,185.89241592773334,186.75668361485623,185.24420966744137,186.25253295898438,876919
2016-06-07,187.11679577310792,187.9090576171875,186.4685895296969,187.9090576171875,1313087
2016-06-08,186.900734199598,187.11679562062605,184.59597646957172,185.46026611328125,1309191
2016-06-09,184.81207907729245,185.6763468310237,184.09184495928258,184.74005126953125,1181032
2016-06-10,184.95609796338587,184.95609796338587,180.13054294542212,180.63470458984375,1702709
2016-06-13,178.97817669963644,179.6263830039969,176.81747436523438,176.81747436523438,1933836
2016-06-14,175.08889992348574,176.67341261715768,173.28831481933594,173.28831481933594,2122861
2016-06-15,174.2246086324733,175.8811491105912,173.43235778808594,173.43235778808594,1358500
2016-06-16,172.6401328033579,173.3603669919325,170.76753050700478,172.13597106933594,1758634
2016-06-17,174.08056302972713,175.4490142820557,173.14425659179688,173.14425659179688,4404290
2016-06-20,176.45734935717232,178.6180515941989,175.9531876998461,177.03353881835938,1360471
2016-06-21,177.03353717062828,177.60972662645247,176.02520287546093,177.17758178710938,1242071
2016-06-22,177.53767557906733,177.6097033728275,175.30494585128199,177.3936309814453,1758892
2016-06-23,176.74541218569559,178.9781418929961,175.88113361799478,177.5376739501953,1376274
2016-06-24,168.534777376167,176.96151404699535,165.65384101076245,173.576416015625,3137819
2016-06-27,173.00023284691773,176.09724175053088,172.49607116258548,173.50439453125,2197177
2016-06-28,176.52935868701056,178.32994369609918,175.5930522843047,177.3216094970703,1722031
2016-06-29,179.6984131819612,183.08351135253906,178.76210662672037,183.08351135253906,1709366
2016-06-30,182.50730928862941,184.595983699636,182.07517543974865,184.4519500732422,1777839
2016-07-01,185.10014039036344,185.31620180123468,183.65967237176136,184.8840789794922,1127099
2016-07-04,184.37991497192007,185.46026603620868,183.15551929703955,184.23587036132812,818686
2016-07-05,183.29958384296683,184.16386259041525,181.1388814793955,181.85911560058594,1049423
2016-07-06,180.77875951018922,182.50731695815125,179.62638055161437,181.0668487548828,1630586
2016-07-07,182.4352864923354,183.65968217552566,181.49898003228418,182.14718627929688,1200657
2016-07-08,181.3549761555143,183.2996063232422,180.130580197308,183.2996063232422,1035435
2016-07-11,183.7317133887235,184.956098104755,182.93945152552715,184.30789184570312,931756
2016-07-12,184.66801217884745,184.74003998220786,182.8674269938357,184.01980590820312,1877043
2016-07-13,183.587655426392,184.16384486587006,183.083493788061,183.65968322753906,1418052
2016-07-14,184.09182567320863,184.59597631511846,182.43528517735055,183.011474609375,1126171
2016-07-15,184.4519444172194,184.4519444172194,182.72337610500162,184.09182739257812,1200674
2016-07-18,181.57099990841715,183.0834847487347,180.13053187579155,182.36325073242188,1640399
2016-07-19,182.07518074713172,182.1471975624279,179.41031680337178,180.41864013671875,1191665
2016-07-20,181.35494432072966,182.8674293012844,181.0668440935526,182.21922302246094,981822
2016-07-21,182.93943823242188,182.93943823242188,179.55434058909304,180.05850219726562,1362429
2016-07-22,179.6263437940876,180.63467792397694,178.76206524696676,179.91444396972656,1030865
2016-07-25,179.19422912597656,179.91446315703763,178.2579226876173,179.19422912597656,1293671
2016-07-26,179.48230487969036,180.85075603000004,178.90611550008094,180.27456665039062,1104042
2016-07-27,181.13886452698824,181.13886452698824,179.12220697840968,179.55435180664062,1007739
2016-07-28,179.19424913105672,180.70673417119792,176.81747436523438,176.81747436523438,1577766
2016-07-29,176.52937717649974,178.97816864938446,176.16926013696374,178.2579345703125,1539874
2016-08-02,178.25793357564174,178.54602280970306,176.7454376220703,176.7454376220703,1338725
2016-08-03,177.3936622211534,177.5377068441422,174.5847426183201,175.73712158203125,1275002
2016-08-04,175.7371064007112,177.03352987541766,174.80079994731773,176.9615020751953,1233569
2016-08-05,177.32160294857877,182.29122398407443,176.0972073855952,180.27456665039062,2066060
2016-08-08,181.4269526934484,181.4269526934484,177.68173783360803,178.04185485839844,1144413
2016-08-09,178.5460119040821,179.5543461415071,177.68173326478862,179.19422912597656,636871
2016-08-10,179.05019645325163,180.56268142536283,178.2579345703125,178.2579345703125,998743
2016-08-11,179.12220599836255,179.41030621224002,178.18589953558472,179.26625061035156,790242
2016-08-12,179.4103095066533,179.62637093365456,178.32995841204857,178.97816467285156,863152
2016-08-15,178.76208431138025,179.69839074973947,178.3299504866831,179.19422912597656,579509
2016-08-16,178.25793357564174,178.9061398472296,176.60139300503965,176.7454376220703,1117553
2016-08-17,176.673428116309,176.88950054574238,175.0889152836314,175.73712158203125,933398
2016-08-18,176.52938419199387,176.52938419199387,174.4406986857383,175.3049774169922,847661
2016-08-19,176.02519381099103,176.16924940995375,174.00854730430376,174.65675354003906,1018651
2016-08-22,175.2329519629615,176.88949252698936,174.224617667949,175.95318603515625,1259448
2016-08-23,176.02519955705807,176.81746141761823,175.6650825276943,176.24127197265625,728219
2016-08-24,175.23295428300108,176.5293778280959,174.87283724213586,175.3769989013672,1057118
2016-08-25,174.08055832724767,174.08055832724767,171.7037838920596,173.07223510742188,1407732
2016-08-26,172.85618822138002,173.5764223389691,171.70380923727728,173.50439453125,877127
2016-08-29,173.2162950058614,174.72879095904509,173.07225038886767,174.29664611816406,711091
2016-08-30,174.29660284945487,175.52099827479805,174.2245750638888,174.94480895996094,1162837
2016-08-31,175.3769914771583,175.66508070169485,172.20796604765812,172.71212768554688,1467730
2016-09-01,172.8561729029605,173.6484347580589,170.26332591345633,171.0555877685547,1682251
2016-09-02,171.4876950507324,174.94480895996094,171.4876950507324,174.94480895996094,1686527
2016-09-05,175.01685465335308,175.95316101202968,174.72876546140563,175.08888244628906,1061083
2016-09-06,175.16090493575456,175.8091221235274,174.87281573445455,175.44900512695312,887980
2016-09-07,175.01683674552697,175.37695369356305,173.7924413201838,174.94480895996094,1406250
2016-09-08,175.08889671411174,175.6650751449589,173.72044546610198,174.80079650878906,950000
2016-09-09,174.00856488179997,174.22462632227106,172.56809666585758,172.85618591308594,951382
2016-09-12,170.98359197165593,172.35204352388865,170.2633577830813,172.13597106933594,1048803
2016-09-13,173.28832110298544,173.50438253139862,171.91986978027026,171.9918975830078,1187069
2016-09-14,172.13594219858317,172.7121316507843,171.2716635152313,171.9918975830078,1261071
2016-09-15,171.27165233630916,172.7841371859799,170.9115353259258,172.4960479736328,1318224
2016-09-16,173.21629663415652,174.29664775661487,172.13594551169817,172.92820739746094,3327003
2016-09-19,173.28831326908713,175.08889835712876,173.28831326908713,174.65675354003906,1282170
2016-09-20,173.72044815961604,177.82577998749977,173.50437574974862,176.16925048828125,1349926
2016-09-21,177.82576851242456,177.82576851242456,175.44900512695312,175.44900512695312,1429130
2016-09-22,176.52935791015625,177.1775641146161,175.3769791134513,176.52935791015625,1304100
2016-09-23,176.02521244666013,176.81747436523438,175.66509539092647,176.81747436523438,1189312
2016-09-26,175.30494773329397,175.80912031523113,174.29662454921657,174.36865234375,1308265
2016-09-27,175.59307132386633,175.80914374636544,173.64844150117406,175.3769989013672,1191613
2016-09-28,176.0251948884368,177.1775737477968,175.521033258679,176.16925048828125,1313927
2016-09-29,176.74542376357365,177.24959636849883,173.5763984777812,174.152587890625,1301693
2016-09-30,173.0722543496592,173.576416015625,170.91155207560578,173.576416015625,2011236
2016-10-03,174.58472803956082,175.3049620842618,173.648432573369,174.08056640625,774814
2016-10-04,172.85616909892653,174.72878199345794,172.85616909892653,174.224609375,1330021
2016-10-05,173.57643927562907,173.86452855481474,172.35204335423774,173.36036682128906,967825
2016-10-06,173.93651766764344,173.93651766764344,171.4877263697315,172.3520050048828,1107223
2016-10-07,171.84783203554895,172.9281830056218,171.12759805550036,171.6317596435547,1281321
2016-10-10,172.71213730398364,173.93653306130057,171.05559669589599,173.576416015625,1793064
2016-10-11,172.8561656303592,174.22460587897325,171.9198592018816,172.06390380859375,1242014
2016-10-12,172.49607943071175,172.49607943071175,169.61514282226562,169.61514282226562,1421001
2016-10-13,169.25500886053103,169.32703666451675,166.95026200168675,168.53477478027344,1720355
2016-10-14,168.82285774774215,170.2633258547703,168.67881313501923,169.83119201660156,1275028
2016-10-17,169.83117950438967,169.83117950438967,167.52643290092533,167.59844970703125,1531444
2016-10-18,167.8145439901863,168.67882270546045,167.16633770120572,168.24668884277344,1705024
2016-10-19,169.11093525072874,169.32700763574337,168.0305843155536,168.3907012939453,1384265
2016-10-20,167.23834957715866,168.67881772337,166.80621572723513,167.4544219970703,2152935
2016-10-21,167.1663344102604,168.0306131085198,166.80621737016065,167.3103790283203,1621019
2016-10-24,167.88655777807662,168.5347640129359,165.65382787596266,166.15798950195312,1752965
2016-10-25,165.8699025043258,166.30203633671624,164.21336200541413,164.35740661621094,1849146
2016-10-26,164.21337728942467,164.35742191362831,162.55683663633198,163.13302612304688,1607644
2016-10-27,162.7728799840932,166.44607768942814,162.41276299297797,165.86988830566406,2282976
2016-10-28,165.22169591252913,166.44610265791226,164.14134477712054,165.50979614257812,1616085
2016-10-31,164.57347499302458,164.71751960029027,163.56515175226545,163.85324096679688,1584513
2016-11-01,164.5734650208915,164.5734650208915,161.47645669779217,161.76455688476562,1832026
2016-11-02,160.75621543194208,163.060961873818,160.68419863088533,161.54847717285156,1833921
2016-11-03,160.97230759279958,161.4764692217323,159.67588412561597,160.3961181640625,1637466
2016-11-04,159.17172249668326,159.74791192542034,157.80328221959456,160.3961181640625,1573468
2016-11-07,160.03598873262027,162.2687184745961,159.67587174132728,161.76455688476562,2057506
2016-11-08,161.9806365966797,162.8449262653943,161.4764749498626,161.9806365966797,1481220
2016-11-09,164.71752265714724,172.7841417026192,164.64550584712742,170.11927795410156,5721670
2016-11-10,171.77582982693175,172.85618095791875,167.8145423466461,170.8395233154297,3485232
2016-11-11,171.34367353961005,171.4877291393778,167.38238632378142,168.89488220214844,1615884
2016-11-14,170.47939888115303,171.4877331536343,166.87822860064747,168.17465209960938,2285973
2016-11-15,168.8228559722166,168.89488377277027,165.9419197884593,167.5264434814453,1676150
2016-11-16,167.52645145036016,167.8865684904599,166.374072526081,167.3103790283203,1555830
2016-11-17,166.87823418424065,168.8948918067792,165.94192768200136,167.3103790283203,1961193
2016-11-18,168.6788274292214,168.6788274292214,167.02228676778032,167.0943145751953,2169774
2016-11-21,166.95026500733397,167.59847129527566,165.29372439493844,166.3020477294922,1555207
2016-11-22,166.73417582722658,167.09429283765255,161.11634826660156,161.11634826660156,2386044
2016-11-23,161.4764782212888,161.76457844666365,158.23542486764603,160.46815490722656,2454586
2016-11-24,160.9722821168699,161.69251604133018,160.25204819240963,161.1883544921875,1554487
2016-11-25,161.69254212762743,164.35740588008062,161.69254212762743,163.56515502929688,1447712
2016-11-28,163.5651653329739,164.14134380987647,162.48481420393153,162.7729034423828,1543383
2016-11-29,163.42112170809463,163.70922195757333,162.34077049982633,163.06100463867188,1675851
2016-11-30,162.1246859688548,163.5651540414705,161.9086135599826,163.2770538330078,2858542
2016-12-01,162.34074212691465,162.62884232604097,159.60386166955726,160.03599548339844,3730974
2016-12-02,158.95563802025833,159.24373820770575,157.22708085516754,158.8836212158203,3307005
2016-12-05,160.18005068407632,161.69254660732068,159.74791684164907,159.9639892578125,2144292
2016-12-06,160.25205607915618,161.54847940496717,159.09967734734684,160.9722900390625,1658164
2016-12-07,162.05265689529304,162.05265689529304,158.0193419277172,159.31576538085938,2056826
2016-12-08,159.1717230676481,159.45981228810038,157.80328278565065,158.7395782470703,2005840
2016-12-09,158.8116098551413,164.71752693522106,158.8116098551413,164.06932067871094,2337254
2016-12-12,164.14135353341325,164.28540915107257,162.12470676499044,162.4127960205078,1991929
2016-12-13,161.40444436593467,166.80619938501013,161.11634417097807,165.94190979003906,2807741
2016-12-14,165.2216521464497,167.0942646810758,164.71749061478798,166.59010314941406,2279381
2016-12-15,166.15799057257902,167.6704864501953,165.94191816293394,167.6704864501953,2641459
2016-12-16,167.81453507155882,169.39904779700134,167.81453507155882,168.17465209960938,3783255
2016-12-19,168.0306058446934,168.96691230645695,167.16632718379606,168.31869506835938,1984641
2016-12-20,167.23834562869803,169.6151202118116,167.23834562869803,168.17465209960938,1473531
2016-12-21,167.09430893617383,169.1109665868318,166.73419189105277,167.95858764648438,1347816
2016-12-22,167.45442267360048,168.67881840484685,166.5181161768004,167.02227783203125,1435373
2016-12-23,166.8782252643054,167.81453171649747,166.30203583296418,167.23834228515625,979692
2016-12-27,167.81453507155882,168.9669139572804,167.59846265674858,168.17465209960938,568418
2016-12-28,168.53476345078627,168.7508358583184,167.31036779463648,167.8145294189453,943412
2016-12-29,167.02226758796058,169.03892507509514,166.87822297957223,167.8145294189453,677899
2016-12-30,167.59846029209962,168.39072213859262,166.806209435506,167.5264434814453,1190272
2017-01-03,169.47105813721763,170.19129211910985,168.8228409595756,169.9752197265625,1905493
2017-01-04,171.70376280093936,171.99186296400018,170.11925036874612,171.48770141601562,1525979
2017-01-05,171.9918864705648,173.86448833185452,171.4156970555914,173.72044372558594,2595794
2017-01-06,174.29662680853485,174.65674380607314,173.21627581591994,173.79246520996094,1197600
2017-01-09,174.656754193707,174.72878199345794,173.1442583181317,174.224609375,1179315
2017-01-10,175.08891597660397,175.59307765401036,173.72046457804333,175.3049774169922,1868514
2017-01-11,175.73710450160252,175.73710450160252,173.43235778808594,173.43235778808594,1935184
2017-01-12,171.41569405629076,171.77581106061072,169.32701982719465,169.9031982421875,2414508
2017-01-13,171.055619786474,172.13597106933594,170.8395473319213,172.13597106933594,1489418
2017-01-16,172.13594045756417,172.35201287369168,169.68714904785156,169.68714904785156,1311955
2017-01-17,169.11095297008302,170.47939323539677,168.82285276324387,169.03892517089844,1561358
2017-01-18,170.5514277224619,170.5514277224619,168.3907255409862,169.68714904785156,1761409
2017-01-19,170.11927612285658,170.11927612285658,167.16632318624812,167.8145294189453,1660650
2017-01-20,168.46274132609,168.82285835414055,167.09430101545772,168.17465209960938,3646235
2017-01-23,167.38238689551673,167.5984593060071,166.0859744123731,167.23834228515625,1692456
2017-01-24,166.80618020965667,167.6704587153751,166.37403546184873,166.66212463378906,2063829
2017-01-25,166.73417223962304,169.11094665527344,165.6538212315909,169.11094665527344,3276993
2017-01-26,169.2549936605136,171.7758127150319,168.53475964493697,169.7591552734375,2176102
2017-01-27,171.34368262723115,171.7037996659516,169.11096358110427,170.19131469726562,1557109
2017-01-30,170.19131536284587,170.91154944310344,168.03061312207313,168.53477478027344,1544896
2017-01-31,168.39071884239792,168.60679124993004,166.230016746875,167.8145294189453,2308974
2017-02-01,167.8145345266242,172.06391104786215,167.45441749974302,171.0555877685547,3376441
2017-02-02,170.04726504143207,170.2633264663428,167.7425072699889,168.17465209960938,2501832
2017-02-03,168.82285774774215,170.1913090433586,168.31869610826217,169.83119201660156,1878684
2017-02-06,170.33534568168525,170.9835519035418,169.39903925797103,170.04725646972656,1465827
2017-02-07,170.19132030528112,172.56809503713376,170.04727568302647,171.7758331298828,1802211
2017-02-08,171.63178355045378,172.6401068670136,170.4073878118026,170.9835662841797,1573267
2017-02-09,171.6317964077307,173.0002368669887,171.34369616006006,172.78416442871094,1922123
2017-02-10,172.85619223810377,173.14428149587366,171.48775177884573,172.78416442871094,1732184
2017-02-13,173.43237539744294,173.64844782781438,172.78415810632868,172.85618591308594,1349208
2017-02-14,172.78415148510788,172.78415148510788,170.33536000780552,170.9835662841797,2465879
2017-02-15,172.1359383087474,173.9365234375,171.27165964492605,173.9365234375,2374101
2017-02-16,173.79245182496564,175.66505347400323,173.57637944510424,174.872802734375,2711536
2017-02-17,174.4406923971376,175.3769989013672,173.93653073790628,175.3769989013672,2961580
2017-02-20,175.73712158203125,176.3133110638868,175.0889152836314,175.73712158203125,1510119
2017-02-21,175.1608996465944,178.40195251789615,174.94482725719462,177.5376739501953,1900742
2017-02-22,177.10553079630296,177.6097033728275,175.88113523166837,177.3936309814453,1805763
2017-02-23,176.09721311391723,177.60970891085512,175.95316851180377,176.52935791015625,1643326
2017-02-24,176.8174365209164,176.8174365209164,174.72876244066114,176.6013641357422,975591
2017-02-27,176.817445317976,176.961489918626,174.80078793918025,175.44900512695312,1126244
2017-02-28,175.59306571576127,176.24127197265625,175.01687627079932,176.24127197265625,1626742
2017-03-01,176.45734771480406,177.53769882326205,176.02520287546093,177.17758178710938,1828031
2017-03-02,188.70133340039982,190.06977378864113,186.10848625542664,188.7733612060547,8316703
2017-03-03,188.41321556518247,188.77333255900743,186.03643021805948,187.47689819335938,3347662
2017-03-06,186.97274393171506,187.83701151210718,186.61262694493587,187.69297790527344,1609699
2017-03-07,187.98109669196535,187.98109669196535,185.31622177835848,186.18051147460938,2222658
2017-03-08,186.3965665836052,186.61264999023538,184.23587538599875,186.25253295898438,2968915
2017-03-09,185.82038576490643,186.10847499028756,184.23587304551114,185.6043243408203,2082693
2017-03-10,185.82039443113817,186.54062851808055,184.8120711053788,186.18051147460938,1749777
2017-03-13,186.25254421428647,187.26086756676278,186.10848860116104,186.9727783203125,1910916
2017-03-14,186.9727820323766,187.90907759687892,186.61266497221402,186.75669860839844,2374768
2017-03-15,186.54062920408046,187.04480185871424,185.24421663473663,185.7483673095703,6834975
2017-03-16,186.41784493035382,187.3848876953125,185.7483406883054,187.3848876953125,5568043
2017-03-17,187.53368480176667,188.4263458251953,187.23612356008994,188.4263458251953,6001655
2017-03-20,188.5751378083846,188.87268772614416,187.90564481802465,188.277587890625,1834910
2017-03-21,188.27757194286204,188.72389678169617,186.04591369628906,186.04591369628906,1319911
2017-03-22,185.8971321923971,187.38490439513993,185.30203239194086,186.12030029296875,1681472
2017-03-23,186.93857023586156,188.42634236451815,186.12029102478022,187.90562438964844,1429215
2017-03-24,188.20317732764718,188.64951351380378,187.23612315817502,188.1287841796875,1312545
2017-03-27,186.56663022974084,188.42634542072548,186.49223708178116,188.1287841796875,1055916
2017-03-28,189.09585583986475,189.54219206730588,187.6080835494633,188.277587890625,1248911
2017-03-29,190.0629185487732,190.5836479542062,188.4263712267329,189.988525390625,1806904
2017-03-30,191.10433472451476,192.2945570259241,189.76534882393062,191.8482208251953,2018957
2017-03-31,191.10432437450612,191.69944684378066,190.2860565185547,190.2860565185547,2352223
2017-04-03,191.32751954440587,191.84822620853217,190.58363342285156,190.58363342285156,1425995
2017-04-04,190.65798163251654,191.32749722509533,189.8397138047427,191.1787109375,1348523
2017-04-05,190.73239167417447,192.2945570259241,190.65799852378598,191.8482208251953,1328612
2017-04-06,191.0299530029297,191.99701861263264,190.211685053707,191.0299530029297,1055227
2017-04-07,190.06289840824167,191.10433440714448,189.83973030824788,190.73239135742188,1512744
2017-04-10,191.77381728853914,191.92260358125802,189.839720341999,190.2860565185547,980638
2017-04-11,189.46775871207683,191.40185546875,189.17020885744998,191.40185546875,1112019
2017-04-12,191.92260526374977,192.5177050366403,190.88116931039073,191.77381896972656,943171
2017-04-13,191.4018951887997,191.69946780677805,190.8067953560499,190.95558166503906,893916
2017-04-18,191.1787322662603,191.55067532514408,188.05441284179688,188.05441284179688,1854335
2017-04-19,188.1288083462751,189.31903076171875,187.53370848935546,189.31903076171875,1264760
2017-04-20,188.57514437950647,189.54219867212592,187.98003317244817,188.2032012939453,1139277
2017-04-21,187.459282584714,187.98000054395595,186.41784666623013,187.23611450195312,1643300
2017-04-24,190.36045672389696,190.36045672389696,188.05441652414316,189.6909637451172,2061002
2017-04-25,189.69093886794747,191.8482038284786,189.54216393115223,191.1787109375,1422835
2017-04-26,190.50922627693387,191.77381896972656,190.137283243477,191.77381896972656,1717821
2017-04-27,191.92260082935596,194.15425897853453,190.95555804535218,193.63352966308594,1878523
2017-04-28,192.2201507089263,194.07986583324177,192.2201507089263,193.63352966308594,1312311
2017-05-02,194.07985188877268,195.4188603030336,193.782302030581,195.34446716308594,2132107
2017-05-03,196.01398608140607,198.022487619048,195.49325673413534,197.20420837402344,1852400
2017-05-04,197.65052794782844,199.2870635986328,197.20419178793628,199.2870635986328,1387871
2017-05-05,199.36145195126946,200.17973110780727,198.46877965293737,200.03094482421875,1181845
2017-05-08,200.10536574938052,200.92364501953125,199.13832287658593,200.92364501953125,1301135
2017-05-09,200.9980184860098,203.08089033185013,200.70044590666078,202.78334045410156,1409499
2017-05-10,199.21268266206246,200.99802741103034,197.4273606146961,199.0639190673828,2756175
2017-05-11,199.36146679763888,200.25413916244793,198.09685139775962,198.91513061523438,1718122
2017-05-12,199.80779719543293,201.22117614746094,199.28706788076965,201.22117614746094,2307859
2017-05-15,200.92364639485626,201.29558945641594,199.06393108705788,200.47731018066406,1157869
2017-05-16,200.7004602253885,202.188232421875,199.80781052845785,202.188232421875,1575205
2017-05-17,200.40291183970032,202.03947034883436,199.51026213602907,200.10536193847656,1711625
2017-05-18,199.13831676182642,199.28708035990232,195.86519978172814,197.20420837402344,1986704
2017-05-19,198.46881317858293,199.7334286979075,197.65055658542357,198.6175994873047,1552316
2017-05-22,199.58461347136088,200.1797359184171,198.17123454970252,199.2870635986328,1045186
2017-05-23,199.36145674221487,200.47728579114516,198.54317756601262,199.2870635986328,1141042
2017-05-24,198.766357421875,200.3284999324384,198.766357421875,198.766357421875,1086371
2017-05-26,198.54319459007743,199.5102601363647,198.02248794355543,198.32003784179688,1022627
2017-05-29,198.6175943056146,199.13832367095208,197.42737197170234,198.2456512451172,590387
2017-05-30,197.20421735047108,199.58463934245714,197.20421735047108,198.39443969726562,973492
2017-05-31,197.9481092757811,199.65903834204514,197.7249298095703,197.7249298095703,1937387
2017-06-01,197.5761252258221,198.98950407896032,196.90663236924073,196.9810028076172,1484635
2017-06-02,198.3200353505177,198.61758524502136,196.23714068578863,197.055419921875,1205670
2017-06-06,188.2031972892005,189.31902652214043,185.599595745674,186.2690887451172,4958011
2017-06-07,185.82275184131765,187.01296280230952,184.85569763183594,184.85569763183594,2328896
2017-06-08,184.85570253314395,185.97153172348484,184.03742325324,184.11181640625,1540762
2017-06-09,184.18621649425793,185.3764275316213,183.51671214436425,184.33499145507812,1993957
2017-06-12,184.40936522402282,186.04592377413374,184.1862084679181,185.67398071289062,2582181
2017-06-13,186.71541664194038,187.01296655045158,185.30203755031,186.49224853515625,2495863
2017-06-14,186.71540662994062,187.45929271213163,186.04591369628906,186.04591369628906,1712368
2017-06-15,185.9715087689882,187.3848876953125,185.22762273391226,187.3848876953125,1655010
2017-06-16,188.64953083655095,189.09585571289062,187.98002649583879,189.09585571289062,3356355
2017-06-19,190.7324049843169,190.7324049843169,188.2775897614042,190.0629119873047,1305175
2017-06-20,188.94708088098494,189.09585583986475,187.4593085905835,188.277587890625,1651113
2017-06-21,187.45930129011734,187.75685119628906,186.2690789638278,187.75685119628906,1816904
2017-06-22,188.5751308540739,188.87268076086036,186.78980871175233,188.05441284179688,1695920
2017-06-23,187.53369482951987,189.69096003072522,187.45930167742256,188.05441284179688,1821724
2017-06-26,188.2775617712372,188.9470546687197,187.01294641919222,187.23611450195312,1340092
2017-06-27,187.53368269806612,188.05440067665816,186.04591055877418,187.45928955078125,1268368
2017-06-28,186.78979972083903,187.38489950576752,185.67397059789687,186.8641815185547,1731104
2017-06-29,187.5336829567286,187.6080647533154,183.3679164206452,183.66546630859375,1484197
2017-06-30,182.92158651525477,183.14475461427497,181.1362644246952,181.656982421875,2549224
2017-07-03,182.7728001018881,184.1117972612207,182.40085707711796,183.29351806640625,1728775
2017-07-04,183.07038147221456,183.73987445013327,182.54965209960938,182.54965209960938,772233
2017-07-05,182.32650898203275,182.4752839492788,180.76434344894315,181.8801727294922,1613170
2017-07-06,181.2850421859664,181.6569852398362,179.27655196522988,179.946044921875,1716975
2017-07-07,179.3509535354866,179.57411029764302,178.08633801232435,178.9046173095703,1559619
2017-07-10,179.79726653308703,180.4667708277336,179.1277735892414,179.42532348632812,1250598
2017-07-11,180.39239959396906,180.6899495272052,177.1193049251623,177.41685485839844,1944119
2017-07-12,178.3094830296827,181.5081952989638,177.78876506742768,181.06185913085938,1550285
2017-07-13,182.17768512089972,182.84718936173948,180.6155312605404,180.8386993408203,1168168
2017-07-14,181.5825992009727,183.5166962254684,180.91309490915424,182.9215850830078,1537192
2017-07-17,183.1447618934695,183.36793000135964,181.73138279483436,182.99598693847656,936217
2017-07-18,182.10332352257308,182.99598459188542,180.46677633703354,180.91310119628906,1262165
2017-07-19,181.3594429721071,182.32649722304075,180.4667818753998,181.58261108398438,1019665
2017-07-20,182.84720855884646,183.66547647138262,182.02892929550904,182.4752655029297,1664145
2017-07-21,181.8801675702705,183.51671486515954,180.83873147828712,181.5082244873047,1534243
2017-07-24,181.28504955751674,181.805767583948,179.72289547822294,180.46678161621094,1274706
2017-07-25,180.91310129182463,182.02893046675464,180.09483337402344,180.09483337402344,1127865
2017-07-26,179.64850018815397,180.46677947053243,178.38389603877033,180.3179931640625,1806423
2017-07-27,184.63252468211365,184.85569277856587,180.68992614746094,180.68992614746094,2419507
2017-07-28,180.98750622171485,181.06188802773653,179.57411569767854,180.39239501953125,1728008
2017-07-31,180.0204386780468,183.07037627035072,180.0204386780468,182.17770385742188,1813928
2017-08-02,182.25209079456138,184.03741285794285,181.8801477521235,183.367919921875,1921423
2017-08-03,183.44230956803264,184.55813867404063,182.54963720258576,183.66546630859375,1138332
2017-08-04,183.21914531318603,184.85569243277274,183.14475216424083,184.48374938964844,1146799
2017-08-07,185.2276214803789,185.2276214803789,183.8142425636197,184.0373992919922,911288
2017-08-08,184.26059969648273,184.78131773870282,183.66548849788745,183.88865661621094,1051824
2017-08-09,182.92158996766176,182.92158996766176,181.80576080230196,182.17770385742188,1257639
2017-08-10,182.54965015893433,183.21915448053716,180.46677809386273,180.7643280029297,1107646
2017-08-11,180.020423224519,180.68991612594297,179.05336909406194,180.24359130859375,903260
2017-08-14,180.98748772779714,182.25209180896445,180.54115153406707,181.80575561523438,796397
2017-08-15,182.0289237120994,182.54964170425058,180.98748772779714,181.80575561523438,1007787
2017-08-16,182.62402693316275,183.51668793110775,182.10330896359488,182.32647705078125,995333
2017-08-17,181.0618616736587,182.54963378716718,180.83870493727278,182.32647705078125,961269
2017-08-18,181.06186885218136,181.06186885218136,178.97899689133067,179.5740966796875,1263199
2017-08-21,178.97898648455137,180.09481554904158,178.53265031843517,178.8302001953125,1208228
2017-08-22,180.02044187946083,181.73138223359948,179.64849881772642,180.7643280029297,1212201
2017-08-23,180.31798310364087,180.68992614746094,179.64849016508515,180.68992614746094,1037309
2017-08-24,180.61556313920036,181.35944930422937,179.94605878019303,180.39239501953125,804440
2017-08-25,180.68992445082404,181.43381053147922,180.0204315185547,180.0204315185547,671539
2017-08-28,179.7228881701941,180.31798797574476,179.20215881413546,179.946044921875,717031
2017-08-29,178.9045702635258,179.94600604906466,178.23507745150778,179.3509063720703,1233112
2017-08-30,180.09482778097473,180.61554577627697,179.42532348632812,179.42532348632812,1105007
2017-08-31,179.87165691695333,181.21065413485638,179.2021526326014,181.13626098632812,1666744
2017-09-01,181.4338143228548,181.8801505208952,180.54115327757503,181.656982421875,1262141
2017-09-04,180.31796961555364,180.91308071131058,180.0948128865948,180.5411376953125,744770
2017-09-05,180.09481636947734,181.50819531728362,179.72287334628618,180.24359130859375,958565
2017-09-06,179.64850232410348,180.76433153108547,178.83022303199598,180.46678161621094,919074
2017-09-07,181.21066587339703,181.65699074107638,179.79727541540854,181.43382263183594,1246345
2017-09-08,181.50820786836968,182.10331901678683,180.83871492065103,181.9545440673828,832823
2017-09-11,180.392384657455,180.68993456605398,179.05338736715692,179.64849853515625,2259077
2017-09-12,179.79725514044426,181.13625229409246,179.64848020132786,180.24359130859375,1568306
2017-09-13,180.46676940180961,181.35943043681758,179.87165826153736,180.68992614746094,1350799
2017-09-14,180.83873147828712,181.9545607271845,180.83873147828712,181.5082244873047,2117068
2017-09-15,181.5826055113743,182.10332352257308,180.91310119628906,180.91310119628906,4209206
2017-09-18,181.2106676352076,181.88016061863652,180.6899382583166,181.28504943847656,1000392
2017-09-19,181.28503802070924,182.25209220871156,180.39237698209206,182.1033172607422,1309826
2017-09-20,182.1033058783015,184.1117959273489,181.805744650161,183.73985290527344,1366536
2017-09-21,184.4093514015135,185.5995736485983,184.18619466213562,185.22763061523438,1389627
2017-09-22,185.52518537007612,185.52518537007612,184.33497444255892,184.48374938964844,1117826
2017-09-25,184.48377001953125,186.19471047938896,183.88865881382395,185.97154235839844,1165145
2017-09-26,184.48375603620192,185.1532489976257,183.21915191417852,183.59109497070312,1556113
2017-09-27,183.367919921875,184.40935590038075,182.9215837306292,183.367919921875,1287797
2017-09-28,183.66545976053825,184.1117959273489,182.92157371638737,183.73985290527344,1135138
2017-09-29,184.11182473453442,184.26059969648273,182.028941214852,183.88865661621094,1435151
2017-10-02,184.2605983959857,186.2690887451172,183.8142735132909,186.2690887451172,1374713
2017-10-03,186.1946987284707,186.49224863714463,185.22764449907828,185.67398071289062,1172736
2017-10-04,185.67396329313252,185.74834508792185,184.7069091544682,185.52517700195312,1027393
2017-10-05,185.00446039899947,185.45079657422716,183.14474525355155,184.2605743408203,1480375
2017-10-06,184.7069240485214,185.2276420572369,184.11181288821737,184.40936279296875,881442
2017-10-09,184.11182473453442,184.48376781480619,182.99599549371905,183.88865661621094,1371515
2017-10-10,183.29351806640625,184.1117972612207,182.69841830741427,183.29351806640625,1093098
2017-10-11,183.7398643227412,183.7398643227412,182.4752602392631,182.9215850830078,1079216
2017-10-12,182.99598311900624,183.44231932547063,181.80576080230196,182.17770385742188,1417424
2017-10-13,182.40088901274328,182.40088901274328,181.58262102546288,182.02894592285156,1378042
2017-10-16,180.76433141238724,181.73138566129697,180.46678149770807,181.28504943847656,1129805
2017-10-17,181.43383154784027,183.2935469648981,181.13628162143186,182.62405395507812,1536966
2017-10-18,181.21066625521988,182.698438518889,181.21066625521988,181.73138427734375,2135941
2017-10-19,181.21065665848454,181.28503845724788,177.49122619628906,177.49122619628906,2815721
2017-10-20,177.56559454965827,178.01193071164522,173.1022783329892,174.36688232421875,3535197
2017-10-23,174.36688753723058,175.85465965393325,173.84616956654475,174.73883056640625,2079415
2017-10-24,174.73883894541174,175.408343240512,173.69740295410156,173.69740295410156,2592069
2017-10-25,173.54863368540134,174.06935169809861,169.45726003437764,170.27552795410156,3363306
2017-10-26,168.86213929946223,171.09379752808948,168.19264637119434,170.9450225830078,2648550
2017-10-27,170.94502952974415,172.13524048956515,170.34991837443303,171.16819763183594,1798262
2017-10-30,170.20112957220934,171.54012672499042,169.680411610239,170.7218475341797,1562585
2017-10-31,171.0938009729613,172.20963010974148,170.42430803121357,171.4657440185547,1837951
2017-11-01,172.50718385129912,173.32546311016543,171.76329774353016,172.28402709960938,1388864
2017-11-02,172.20963698162063,172.73035499607,171.6145258147636,172.50718688964844,1384648
2017-11-03,172.8791268194947,173.17668807293552,172.06085891183514,173.102294921875,981363
2017-11-06,173.25108034905696,173.92058469668038,172.6559805077942,173.02792358398438,1012449
2017-11-07,173.99494376921032,174.06933691504975,171.3169607809975,171.68890380859375,1298865
2017-11-08,171.31698078930046,172.20964188962628,171.24258763477258,171.7633056640625,1257289
2017-11-09,171.76330019083744,172.06086144866546,169.08531697519368,170.27552795410156,1448867
2017-11-10,169.90360687400377,170.7962794121644,168.86217071388685,169.3828887939453,1287821
2017-11-13,170.2011361525648,171.0937971719977,168.93653209580148,169.82919311523438,996917
2017-11-14,170.05237472108087,171.16820392174202,168.86215236672166,169.9779815673828,1325378
2017-11-15,169.45726013183594,170.34992120423058,169.30848517823705,169.45726013183594,1202611
2017-11-16,169.38286036395723,170.79625074494646,169.30847856546364,170.34991455078125,1436424
2017-11-17,170.27552522346872,171.16819763183594,169.6804254189588,171.16819763183594,2371498
2017-11-20,178.53265324402724,183.07036272096644,177.19365607453696,181.2106475830078,5529095
2017-11-21,181.5082244873047,181.9545607271845,180.09484531235555,181.5082244873047,1856655
2017-11-22,182.4008726495039,184.78130594110107,182.0289295929793,183.59109497070312,2349469
2017-11-23,183.51669136461948,184.03740934392974,182.62403034997322,183.66546630859375,992376
2017-11-24,183.5910880174979,184.26058095356575,182.54964068819132,183.367919921875,1115780
2017-11-27,183.73985950119402,184.26057748063243,182.84719848632812,182.84719848632812,1328657
2017-11-28,182.84719577853878,184.55813598632812,182.84719577853878,184.55813598632812,1439220
2017-11-29,184.70693453252954,185.07887760998094,183.59110530017531,184.33499145507812,1303986
2017-11-30,183.66545323104228,185.30201155063313,183.51667829766126,184.63250732421875,1885702
2017-12-01,184.18619295640872,185.4507969879746,183.4423068965699,184.55813598632812,1502319
2017-12-04,185.22762499357526,185.5995680156507,183.5910779666033,183.73985290527344,1482010
2017-12-05,182.84719502034912,184.18619219266682,182.10330896359488,182.32647705078125,1836873
2017-12-06,181.65699813458022,183.88865661621094,181.43383001625674,183.88865661621094,1698824
2017-12-07,185.97151159557748,186.41784776372697,178.6070442767127,180.24359130859375,3288691
2017-12-08,180.02044652355931,180.09483967814595,177.342451869665,178.9046173095703,2406576
2017-12-11,179.2021301046014,179.87163430478807,178.5326372552141,178.97897338867188,1528930
2017-12-12,178.75583570781777,179.79727172851562,178.01194959280463,179.79727172851562,1531429
2017-12-13,178.75583570781777,180.24360793784405,178.3838926503112,179.79727172851562,2741141
2017-12-14,178.97900381248198,180.31798973886458,178.97900381248198,179.79727172851562,1444414
2017-12-15,180.68993863647535,182.1033291111635,179.94605249741898,181.58261108398438,6116717
2017-12-18,182.54965072269627,183.6654799113455,181.58260783984144,182.99598693847656,1334619
2017-12-19,182.6240571368388,183.51671828241848,182.02894592285156,182.02894592285156,1534165
2017-12-20,182.32650381015026,182.84722185614194,181.13628140433892,181.5082244873047,1180676
2017-12-21,181.5082115840051,184.11181297967732,180.61555051850632,183.59109497070312,1369813
2017-12-22,182.84718845470513,184.11179243561804,182.47524543968368,183.21913146972656,867687
2017-12-27,182.62405241344726,184.33499285285788,182.62405241344726,183.88865661621094,686956
2017-12-28,184.11179243531637,184.5581285936614,183.5910744844472,184.0373992919922,585272
2017-12-29,183.51669486869,183.81425611312082,182.69842698580717,183.367919921875,809078
2018-01-03,185.89713775168195,187.27333162069482,184.52095523347052,186.78981018066406,2112618
2018-01-04,186.9013784944961,187.83123609894633,186.60382860139237,187.1617431640625,1786608
2018-01-05,187.6080780029297,188.05441421717515,186.90138845604227,187.6080780029297,1547959
2018-01-08,188.0544206772871,188.0916172548856,185.59959411621094,185.59959411621094,1729424
2018-01-09,185.97149831716573,187.34769194503252,184.9300624669094,185.82272338867188,1737579
2018-01-10,184.93010405145316,186.00873671408092,183.33074199580327,183.88865661621094,2096496
2018-01-11,184.40938122508234,184.44657780459445,181.4338364769516,181.8801727294922,1902014
2018-01-12,182.81000191262524,183.8142526485998,182.14050898917597,182.84719848632812,1675096
2018-01-15,181.73137381681332,182.32648495818646,179.64849049740783,181.80575561523438,1870299
2018-01-16,179.64850267313295,180.2808104319719,174.4412996971001,175.55712890625,4612399
2018-01-17,174.44129518638348,175.07360292887216,172.95352294598788,173.58583068847656,3320698
2018-01-18,174.1065356001782,174.85042166439533,172.28401701300638,173.47422790527344,2762510
2018-01-19,172.8419487813869,175.5199320688953,172.76755562723318,174.44129943847656,2814731
2018-01-22,174.8131989041368,175.78025291291522,174.51564906334295,175.40830993652344,1911133
2018-01-23,175.9662701944072,177.60281744626477,175.2223840480354,176.22662353515625,1772281
2018-01-24,175.11079242265325,176.18943640387363,174.36690628432285,174.44129943847656,2661043
2018-01-25,174.06934219051163,174.5528636007205,171.7632908092059,172.06085205078125,2075669
2018-01-26,172.06084594902285,173.437028333553,171.57731320516064,172.17242431640625,1873593
2018-01-29,172.02365858694478,172.46999478197725,171.4657440185547,171.4657440185547,1704027
2018-01-30,171.09379698475271,173.325455206293,171.09379698475271,172.54437255859375,2364543
2018-01-31,172.35837475859583,172.76751430698528,170.5358564257325,170.68463134765625,2860380
2018-02-01,173.6973937017794,173.6973937017794,165.92378670348725,165.9609832763672,3837570
2018-02-02,166.5560786621864,168.1182438756876,164.51039206635392,166.74205017089844,2942223
2018-02-05,165.96101441445128,167.15122551431764,164.95676351227428,165.179931640625,1970878
2018-02-06,161.42329525675459,165.40309071699994,159.41480491312126,162.05560302734375,3300335
2018-02-07,162.72507666434,165.10550980138396,162.2415552625719,163.95248413085938,2413033
2018-02-08,163.5805601829443,165.21711879697,161.75804138183594,161.75804138183594,2361631
2018-02-09,162.16714998531356,163.28297899897396,159.78671702633127,160.64218139648438,2946385
2018-02-12,163.02263053724928,163.7665166201951,162.09277293356706,162.8738555908203,2217685
2018-02-13,163.05981665047264,163.58053460496794,161.94398759763985,162.1299591064453,1562084
2018-02-14,163.02263416899171,166.59328971683706,162.42753437001838,165.58905029296875,2939265
2018-02-15,166.55610139338134,166.55610139338134,164.91955416352317,166.1841583251953,1427199
2018-02-16,167.37437956613343,168.3414338071203,166.63049343472838,167.74632263183594,2068604
2018-02-19,167.56034960645795,167.89509609244817,165.77502744730904,165.99818420410156,1800264
2018-02-20,166.2585414123819,166.55609130859375,164.8451623791742,166.55609130859375,1517716
2018-02-21,165.62623719057646,166.44451644863324,164.54760460553885,166.258544921875,1270408
2018-02-22,165.4774639905256,166.77926469160988,164.39883139407317,166.10977172851562,1875350
2018-02-23,165.51467815774984,165.84942467487465,163.9153273810409,165.179931640625,1828839
2018-02-26,165.14271750897848,166.29574325724195,164.80797102743134,166.10977172851562,1506808
2018-02-27,167.0768062188483,167.22558115410106,165.25427637190202,166.0725555419922,2188451
2018-02-28,165.21709956054875,165.365874503374,163.13421630859375,163.13421630859375,2672290
2018-03-01,162.57629830043194,164.2128453382865,162.3531302155426,162.61349487304688,2039456
2018-03-02,161.42328658689723,162.87386223767916,161.27451163439676,161.981201171875,2171790
2018-03-05,161.98120099895246,166.89085388183594,161.7952294708251,166.89085388183594,2474143
2018-03-06,168.45300697666593,169.04811813354493,167.225599438129,167.37437438964844,2469439
2018-03-07,166.63049506818942,168.7505751037973,166.4073269564199,168.4158172607422,1573794
2018-03-08,168.08105714006012,170.1639404296875,167.93228219454406,170.1639404296875,1863513
2018-03-09,169.6432250356871,171.09380064052263,169.6432250356871,170.34991455078125,1865509
2018-03-12,169.97796841377587,170.9450225830078,169.754800320753,170.9450225830078,1322647
2018-03-13,170.49869262192328,171.42855025113403,169.71760994322602,169.7548065185547,2027805
2018-03-14,169.49444230558578,171.35415744455074,169.01090955897465,169.7919921875,2207455
2018-03-15,170.6025549902079,171.33591203366046,169.9077981657019,170.4481658935547,2978555
2018-03-16,169.67622758179112,170.13939492348055,169.1744482377096,169.8692169189453,5965863
2018-03-19,169.44461577973698,170.52535121428718,168.6340583142579,169.32882690429688,2130599
2018-03-20,170.6411682886945,170.79555739718157,168.63407454096105,169.367431640625,1604019
2018-03-21,169.9849949608272,170.60256315613313,168.6726699077606,169.13584899902344,2788700
2018-03-22,168.51827003194256,168.63405890779018,166.81996643775787,167.05154418945312,1886643
2018-03-23,166.12521437549194,168.28669724641023,165.97082526595506,166.74278259277344,1967242
2018-03-26,167.86210135867807,169.9463835741514,165.50762939453125,165.50762939453125,1955262
2018-03-27,166.12520246245623,168.24808495897238,166.12520246245623,167.8621063232422,1666936
2018-03-28,165.00587894905746,170.60256958007812,164.3497105082497,170.60256958007812,2878053
2018-03-29,170.17798428566445,170.5253627145448,168.44108036212916,169.13584899902344,1540467
2018-04-03,168.28668252081698,168.8656504652693,166.3181891538524,166.58837890625,1556943
2018-04-04,166.81998047698127,167.20595913446698,164.00232920985522,165.46905517578125,2216032
2018-04-05,167.82350003700347,168.7112579345703,166.04800780013528,168.7112579345703,1899827
2018-04-06,167.51473930899462,168.59547485094745,166.9743715380182,167.66912841796875,1253141
2018-04-09,167.784926689128,169.48323042187013,167.09015803996047,167.93931579589844,1074337
2018-04-10,168.9042656054953,169.25164404702844,167.20596184089584,168.2866973876953,1430261
2018-04-11,167.900740874848,169.44465573346727,167.8621406475554,168.0551300048828,1522176
2018-04-12,168.5954680161069,168.86565778020864,167.70772184114435,168.67266845703125,1335538
2018-04-13,168.4796803856601,168.51828060640906,166.81997690565638,167.59193420410156,1681047
2018-04-16,168.47968347402352,169.25164078661928,165.89362176517423,167.1673583984375,2346871
2018-04-17,167.39895246812563,167.82351957821035,165.93222646710907,167.20596313476562,1468134
2018-04-18,166.935768848832,168.51828369548008,166.74277952068306,167.1673583984375,1628909
2018-04-19,167.5147323079803,167.66912141050196,166.27959592953997,167.12875366210938,1398629
2018-04-20,166.74276971122148,167.70771629519848,166.2795906392593,166.4725799560547,1825021
2018-04-23,166.7427537934148,168.94283650650848,166.20238611379958,167.97789001464844,3617172
2018-04-24,168.44107069903802,170.4481642738564,168.24808138527214,169.21302795410156,1696826
2018-04-25,168.47968287856654,169.59901862204757,166.74277893136482,168.0937042236328,1371842
2018-04-26,168.4410649981876,168.74985495724184,167.36032958932907,168.36387634277344,1593229
2018-04-27,168.24807887678475,169.3674145241116,167.97790090902046,168.7112579345703,1261331
2018-04-30,168.51827720277933,171.06573859202305,168.51827720277933,170.4867706298828,1376765
2018-05-02,171.2587406057164,173.34302306807288,170.79556149002198,172.64825439453125,2743808
2018-05-03,172.87982193305928,175.92905068212713,172.64823240470912,173.6517791748047,2231064
2018-05-04,173.92197424816445,174.84832061080567,172.45524837644385,174.30795288085938,1232109
2018-05-07,174.77110976187564,175.8904571533203,173.76757479995368,175.8904571533203,1165975
2018-05-08,174.8483268571931,175.3886946064438,173.22721183030743,174.2307586669922,1143061
2018-05-09,173.96057379966913,174.46234130859375,173.03421566144982,174.46234130859375,1089995
2018-05-11,172.1464790901352,172.76404729023147,170.1393853846057,171.4903106689453,1913754
2018-05-14,172.76403821859608,173.99916277480003,171.91488051566026,173.53599548339844,1595305
2018-05-15,173.72899113821654,174.57813709300098,172.9956340657239,174.2307586669922,1353422
2018-05-16,174.19218133116786,175.50451832492925,173.84480285952193,174.61676025390625,1899565
2018-05-17,175.11850941980708,175.11850941980708,172.2236696902255,172.91842651367188,1583785
2018-05-18,172.91843869870766,174.30796422264905,172.1078811614807,173.343017578125,1705087
2018-05-22,175.2343046074184,175.96766167616022,172.72544341810516,172.8412322998047,1463836
2018-05-23,172.53243555745348,172.84121372823006,168.44106000943688,169.25161743164062,2068091
2018-05-24,169.02005456294015,170.8727592171072,168.51828701153278,169.05865478515625,1220829
2018-05-25,167.82348915264527,168.67264677713487,166.7427537934148,167.97789001464844,1817357
2018-05-28,168.98143120002987,168.98143120002987,167.47611697281485,167.90069580078125,887732
2018-05-29,167.20595649373746,168.17090312221208,166.2795983070949,166.8585662841797,1547104
2018-05-30,166.43401960423216,167.70774459838867,165.19888305664062,165.19888305664062,1593970
2018-05-31,166.12518750059635,167.01294535030095,162.34260192276747,162.92156982421875,2513700
2018-06-01,164.27250201825365,167.7463095769046,163.42334434781924,166.70416259765625,1634415
2018-06-04,167.05155998030585,167.36034997697655,164.04093113235388,165.35325622558594,1648793
2018-06-05,164.77428793080688,164.85148837461628,161.6864586445734,162.2654266357422,2545059
2018-06-06,161.84083837913667,163.42335315249787,160.48991314465596,161.9952392578125,1499123
2018-06-07,162.3812126991206,163.38474770359517,161.2232768209119,162.11102294921875,1106333
2018-06-08,160.56709977286664,161.37765719966188,159.29337508728287,160.33551025390625,1666760
2018-06-11,161.26189803210406,161.95666676770097,160.60574130192032,161.8408660888672,1123848
2018-06-12,162.34264547220974,162.34264547220974,160.76013042789677,161.8408660888672,1468074
2018-06-13,161.91805647893284,162.34263538333383,161.18469934176815,161.72506713867188,1912814
2018-06-14,160.52851660576397,163.38475623194202,160.33552728265553,163.1145782470703,1573889
2018-06-15,163.847932252275,164.1953106715415,163.11457519401608,163.53915405273438,5853936
2018-06-18,163.07596951439268,164.85147355013927,162.0724227307852,162.11102294921875,1665493
2018-06-19,161.33905520442548,164.15669427983556,161.33905520442548,162.92156982421875,2602709
2018-06-20,163.30756301013085,167.7077170983105,163.30756301013085,167.09014892578125,2539216
2018-06-21,167.82351040637246,169.71481519324485,166.27959582386993,166.35679626464844,1915599
2018-06-22,166.66558752853908,169.9078178291454,166.3568092994977,169.71482849121094,1779137
2018-06-25,169.56041520838997,170.79555159257728,167.24454332238892,167.74632263183594,1759678
2018-06-26,169.52181067878658,169.52181067878658,166.78136018460253,167.90069580078125,1753081
2018-06-27,167.36033275835067,169.75339314588865,165.89360692811826,168.7112579345703,1679161
2018-06-28,167.66912841796875,168.74987573905554,166.58839287601592,167.66912841796875,1542767
2018-06-29,168.40246827413316,170.2551727294922,168.32527961711784,170.2551727294922,2196640
2018-07-02,168.32529767958627,169.98500122267276,168.32529767958627,169.05865478515625,1604088
2018-07-03,169.79200592747642,172.06927760863877,169.59901660230787,171.45172119140625,1494066
2018-07-04,171.14291732759665,173.5359894773129,170.79553892628496,173.03421020507812,948544
2018-07-05,172.8412177022193,173.88336466603272,172.06926047839673,172.68682861328125,1099802
2018-07-06,173.49740070712463,173.76759046993482,171.91488590880803,172.8412322998047,1156306
2018-07-09,173.4588089343492,174.46235581477427,173.0728302710422,173.84478759765625,1182560
2018-07-10,174.07635630701796,175.35008103175772,173.7289779074646,173.767578125,1531811
2018-07-11,172.57105634112102,173.5360029637183,171.4517206147349,172.37806701660156,1544785
2018-07-12,173.22722345726973,177.89756774902344,173.15003479027217,177.89756774902344,2268073
2018-07-13,177.6273785468101,179.981838876642,177.58877832617782,179.63446044921875,1848349
2018-07-16,178.90110021617878,180.36781434124924,178.16774315364356,179.28707885742188,1099724
2018-07-17,179.48009490966797,179.48009490966797,177.20282294298522,179.0941162109375,1472421
2018-07-18,179.44146068806882,181.37135381609522,179.13268249923775,181.2169647216797,1512854
2018-07-19,179.09408117518007,179.9818272969384,178.09053439897534,179.05548095703125,1719272
2018-07-20,179.48007974869165,181.21698374625964,179.055500860126,180.6380157470703,1989103
2018-07-23,179.7502428207223,180.17480986707494,178.7852962987711,180.05902099609375,929670
2018-07-24,179.5958617716646,181.48716658669355,179.24848334125667,180.86959838867188,1589588
2018-07-25,180.25200065901578,183.9573974609375,179.827421856241,183.9573974609375,2040545
2018-07-26,187.1996292473714,190.6734368004154,182.52928562578572,186.7364501953125,3766724
2018-07-27,186.65927833349213,188.66636025501907,186.4276887866261,187.9716033935547,1612651
2018-07-30,187.4698312410268,188.78215626876997,186.7364623974899,187.16104125976562,946543
2018-07-31,186.73644866365953,188.24177468093765,186.73644866365953,187.62420654296875,1473751
2018-08-02,185.73291585411877,189.82427978515625,185.6943156364588,189.82427978515625,2091635
2018-08-03,189.90148980755913,190.28746844537935,188.04879705767524,188.9751434326172,1568348
2018-08-06,188.93654866390185,189.82429484484695,187.54702317183398,188.28038024902344,1137484
2018-08-07,187.97161560156212,189.70851964716175,187.469848033376,189.16815185546875,1059884
2018-08-08,187.58562985396014,188.31898695641016,185.42414698952805,187.0838623046875,1932059
2018-08-09,186.5820776080953,186.77506693366823,185.4241416546576,185.65573120117188,1208565
2018-08-10,185.1153569947606,185.77151361136362,183.80303198242132,184.1890106201172,1474262
2018-08-13,182.79949372524015,184.18901924181415,182.29771440526784,183.8416290283203,1184953
2018-08-14,185.11536335010598,186.31189952386904,183.76443807179078,184.88377380371094,1558495
2018-08-15,184.72938063461726,186.19609476429153,182.64509832118887,183.14686584472656,1329381
2018-08-16,184.49780205178408,185.192558937815,183.41706650037287,184.65219116210938,1304500
2018-08-17,185.53993010479033,186.23468691946888,184.26619357236916,185.23114013671875,1175524
2018-08-20,186.0417023966135,187.39262762148516,184.7679776105306,186.81365966796875,1371554
2018-08-21,186.35047174074938,188.31896504501677,186.35047174074938,187.50840759277344,1201874
2018-08-22,187.161036610343,187.3154257075716,185.42413276347196,186.35047912597656,835210
2018-08-23,186.00310071242896,187.81720499748084,185.88731183429078,186.35047912597656,812031
2018-08-24,186.04168249065492,186.62065038222335,185.4241143838222,186.00308227539062,796198
2018-08-27,187.46983644241516,187.50842488440173,185.6943322830852,187.04525756835938,818830
2018-08-28,187.46982806027395,187.5084165005352,185.15395624620822,186.81365966796875,1099720
2018-08-29,186.543482754229,187.1610509696573,185.42414698952805,187.0838623046875,978885
2018-08-30,186.50487311138232,187.1224294774793,185.8487047484885,186.58206176757812,1023428
2018-08-31,186.5048973269765,186.96806466168636,185.5013504330705,185.8873291015625,1262207
2018-09-03,185.4627237811235,186.89084936268316,185.15394560198584,186.8522491455078,834283
2018-09-04,187.00665020945638,187.4698292869535,184.80656726004477,185.73292541503906,970354
2018-09-05,185.15394729842032,186.19608249690756,183.37844330428,183.49423217773438,1073509
2018-09-06,182.79949174085215,183.37845971821181,181.6415557861328,181.6415557861328,968038
2018-09-07,181.79593624234698,184.2661971390703,181.02397897592513,183.88021850585938,1090555
2018-09-10,182.9538586441834,185.192529839991,182.52927982314895,185.11534118652344,1196960
2018-09-11,184.96096881802373,185.11535791804548,182.87667474076386,183.4556427001953,1198720
2018-09-12,183.88023457502035,185.73293924381917,183.88023457502035,185.26976013183594,1106443
2018-09-13,184.845157663803,186.1574826081785,184.69076857254694,185.03814697265625,1017824
2018-09-14,185.3469437050416,185.88731143374383,183.22406123010694,184.03460693359375,1204359
2018-09-17,183.14686651871554,183.99602424689402,182.37490923096541,182.9924774169922,1039777
2018-09-18,182.4135073226545,183.10826416186936,180.83099254540593,182.68368530273438,1232872
2018-09-19,183.18546980770057,183.61004867890247,181.71874386892432,182.56790161132812,1280267
2018-09-20,182.1819196887194,182.68368721349685,180.71520555542122,181.4485626220703,1712515
2018-09-21,182.68369280158237,183.30126100575302,181.33276750833002,181.5257568359375,4042096
2018-09-24,181.40997301355452,181.79595167954082,178.97831212949455,179.86605834960938,1328760
2018-09-25,179.82746824669204,182.2977294921875,179.71167935203394,182.2977294921875,1318360
2018-09-26,182.14331135881815,182.83807995349932,180.7537859485887,182.76087951660156,1458571
2018-09-27,182.3749100093933,183.80303570948,181.10118519082235,183.61004638671875,1062024
2018-09-28,183.301262621854,183.9960312748467,182.99248440661316,183.53285217285156,1573693
2018-10-01,183.72584022876634,185.38554373766684,182.64510470378008,184.61358642578125,1007633
2018-10-02,183.33984656704243,185.38552856445312,183.22405769139004,185.38552856445312,1404080
2018-10-03,186.23468881875672,189.0137396640784,185.9644990663302,188.01019287109375,1496281
2018-10-04,188.28039619691097,188.7049751025522,187.27686104793025,188.12600708007812,1532117
2018-10-05,188.70494531432797,190.13307092264617,187.97158829078595,188.74354553222656,1658974
2018-10-08,188.93656156104564,189.20675134541182,187.19965752218005,188.5505828857422,1056796
2018-10-09,188.0873656089852,188.58914485257117,186.11888418756425,188.16456604003906,1042201
2018-10-10,187.93300182078985,190.24887371452513,187.31543362663373,188.28038024902344,1344514
2018-10-11,186.11889797851993,186.85225501134337,181.10117584565126,181.2169647216797,2656562
2018-10-12,183.03106979195857,183.76442682806066,181.44855506407535,181.83453369140625,1210347
2018-10-15,181.44856194884088,182.4521087738057,180.13623692194847,181.6029510498047,1033041
2018-10-16,181.757333953145,186.00309887010974,181.40995554303814,185.69432067871094,1522480
2018-10-17,188.04881098296423,188.31898898196553,181.25558409845294,182.1819305419922,2201145
2018-10-18,182.87666934315425,185.8487094921692,182.3363016194605,184.15040588378906,1874236
2018-10-19,183.72584138720615,189.74711081370606,183.6486409438773,189.0909423828125,2851864
2018-10-22,189.3611342026267,189.82430153020573,186.89087311813648,188.62777709960938,1898950
2018-10-23,186.46628519625358,188.12598865312398,186.1960954339103,187.7786102294922,1574705
2018-10-24,188.2032029066461,189.20674981011885,186.54348754882812,186.54348754882812,1556025
2018-10-25,183.80304023651348,184.30480777639784,176.93261310951516,180.75379943847656,3561610
2018-10-26,179.40288169098528,181.87315461037034,178.43793501282997,180.36782836914062,1842195
2018-10-29,181.40996614476572,183.88022715771876,180.3678190744083,180.86959838867188,1554460
2018-10-30,181.950355542823,185.92594319230676,181.79596641973728,185.42416381835938,2024772
2018-10-31,186.96804298898533,189.20672607421875,186.3890750533594,189.20672607421875,2208263
2018-11-01,189.51553344726562,191.2910377457757,188.70497585673553,189.51553344726562,1812136
2018-11-02,189.129546238762,189.3225355716587,185.84872757951817,186.9680633544922,1457791
2018-11-05,187.16102270748166,190.28745175543597,186.6978554502013,189.28390502929688,1594209
2018-11-06,189.824281627671,190.0172709387114,187.1224312731056,188.5891571044922,1140289
2018-11-07,188.93656408586503,190.71206837181447,188.78217496950737,190.5962677001953,1322094
2018-11-08,190.982239580705,192.8349442484347,190.21028224726783,192.37176513671875,1398374
2018-11-09,192.9507315563955,194.34025710102807,191.9857848975026,194.03147888183594,1681596
2018-11-12,194.5332301935815,194.57183041254174,192.64193725585938,192.64193725585938,1700412
2018-11-13,193.6068896391825,194.88061444913015,193.2595112163907,194.26304626464844,1638867
2018-11-14,193.52968713824578,193.79987689705874,191.67699438366145,192.06297302246094,1392339
2018-11-15,191.79278553380664,192.41035371902234,189.24532413175015,191.0208282470703,1166843
2018-11-16,192.56473311694384,193.79986942513506,191.4839976816261,193.2209014892578,2364733
2018-11-19,193.7612834566747,194.88061919252993,190.24887536488035,190.2874755859375,1664611
2018-11-20,189.94010173489178,191.9471837077917,188.8979546368869,191.09803771972656,1488906
2018-11-21,191.7155930123593,192.87352891914836,190.13307825058766,190.8278350830078,1405045
2018-11-22,191.02084795588746,191.4840270873717,188.93656542247766,189.51553344726562,1077237
2018-11-23,189.12953914468443,191.98577880859375,188.2031927373535,191.98577880859375,1003028
2018-11-26,192.83492286533968,194.14724783083486,192.33314358676637,193.2209014892578,1277827
2018-11-27,192.9893354760846,194.10867126601903,191.13664256716788,192.68055725097656,1098678
2018-11-28,192.9893177592117,195.92275774497836,192.64193934307175,194.84201049804688,1815392
2018-11-29,195.0736161219787,196.23155212402344,193.64550212027063,196.23155212402344,1529085
2018-11-30,196.69471108374773,200.01412963867188,196.0385427048311,200.01412963867188,3317220
2018-12-03,200.7088851193702,200.7088851193702,199.04918174253623,200.32290649414062,1649004
2018-12-04,200.3228959496757,200.97906428968014,199.20354857212317,199.7825164794922,1309955
2018-12-05,198.08427745603365,199.3194140320331,196.11578369140625,196.11578369140625,1338055
2018-12-06,195.26656741783947,195.92273573616393,190.90501403808594,190.90501403808594,2154423
2018-12-07,191.48401146119122,195.49818708298147,190.71205415780332,193.52969360351562,1677850
2018-12-10,193.3367007897858,195.073604691074,190.78923937873643,190.86643981933594,1512862
2018-12-11,192.91212540497858,195.15080865228364,192.41035786942993,193.52969360351562,1850724
2018-12-12,194.0700588125463,198.5088132487601,192.95072309315387,197.81405639648438,1676435
2018-12-13,197.6596661257315,198.39303501700047,195.88417367923682,196.23155212402344,1409488
2018-12-14,195.76837606821294,195.92276517244662,192.02437845009533,192.91212463378906,2047415
2018-12-17,192.37173443190332,193.33668094468288,190.63483070890015,191.5997772216797,1787968
2018-12-18,191.21382199564067,192.56474727870514,190.17168670189974,190.2874755859375,2156084
2018-12-19,189.70850491779152,189.9014942412074,187.43123325731108,188.24179077148438,2331124
2018-12-20,185.26975897256312,190.17169272369915,185.2311587502837,187.8944091796875,2912335
2018-12-21,188.39618851105195,188.82076739785754,185.2311587502837,187.8944091796875,5460131
2018-12-27,188.0873908001132,188.85934809751427,180.32922938453947,181.95033264160156,2008819
2018-12-28,183.03108742996494,188.24179940106828,182.9538869854061,187.8944091796875,1474624
2019-01-03,187.97158528809084,193.29808545729134,187.08383918626825,192.41033935546875,2530786
2019-01-04,193.6840910585857,194.45604839525464,190.01729370940816,193.76129150390625,1495825
2019-01-07,193.41390375007015,193.41390375007015,189.97869612304163,191.3682098388672,1541082
2019-01-08,191.4840123112046,195.8069661618865,190.67345478322244,194.91921997070312,1967413
2019-01-09,196.69469980004547,196.69469980004547,193.22089234910754,195.61395263671875,2531009
2019-01-10,194.76482365871743,197.89125299146326,193.76127684116364,197.62106323242188,1816475
2019-01-11,198.3930521822602,199.28079848231664,197.1579156282263,197.65968322753906,1548356
2019-01-14,196.03855127651468,197.4280767531849,195.3437944277463,195.65257263183594,1381118
2019-01-15,197.46667425125088,199.1649779085983,196.6947169725354,198.3930206298828,1427057
2019-01-16,198.39302166659107,198.9334011878223,197.58246416387755,198.43161010742188,1190511
2019-01-17,196.96490494432678,198.93341023987043,196.84911605829896,198.50881958007812,1780899
2019-01-18,200.05275344444647,200.32294324332656,198.16147196882602,199.47378540039062,1840501
2019-01-21,198.4702273941309,199.55096290711947,197.736858532674,199.08778381347656,633839
2019-01-22,199.04918902844432,200.47731470572128,198.00704199052507,198.3930206298828,1182702
2019-01-23,197.62106110921914,200.59310131021027,197.5438606705701,199.43516540527344,1235871
2019-01-24,198.5088100663942,199.3965562277518,196.46312798371807,197.4666748046875,1343039
2019-01-25,198.89477571917826,199.39654320733135,196.57890402776553,197.19647216796875,1197724
2019-01-28,197.77546910746528,198.31582508093166,195.8841643046651,195.96136474609375,1677086
2019-01-29,196.57890250456478,199.5123540925833,196.57890250456478,198.084228515625,1644178
2019-01-30,197.15786779813814,199.04917239626383,197.11927936073337,198.7017822265625,1413214
2019-01-31,200.70887723297437,203.75811767578125,200.32289862291097,203.75811767578125,3275712
2019-02-01,203.79672229607297,204.10550049698944,201.05628337032257,203.02476501464844,1592002
2019-02-04,203.10197195925593,205.61083320423774,201.71243467322867,205.26344299316406,1702451
2019-02-05,203.87393086797988,207.50211610043596,203.87393086797988,207.27053833007812,1932359
2019-02-06,206.42138575037237,207.84951152543192,205.80382930842302,207.15475463867188,1895680
2019-02-07,206.15117638301373,207.96528065147223,205.49503156014373,205.76519775390625,1711332
2019-02-08,205.18624930820548,207.19334308194314,205.0704604201235,207.15475463867188,1312929
2019-02-11,207.6565043449283,209.31620775350405,207.38631459044709,208.54425048828125,1719974
2019-02-12,208.96883622578792,211.9022643416373,208.38986829042824,210.20394897460938,2072991
2019-02-13,210.35836775069316,210.43556819363135,208.1582846974269,208.814453125,1749876
2019-02-14,209.20040403377655,210.2811394167631,207.96526778539288,208.9688262939453,1424382
2019-02-15,208.96885520713357,210.66714717015748,208.5828765485007,210.39695739746094,4465107
2019-02-18,210.2425763274683,211.4005122827601,208.3512715105181,210.97592163085938,1667926
2019-02-19,210.70575210956264,212.4040440156714,210.66714011003273,211.97947692871094,2006368
2019-02-20,211.55489543894683,214.02516830162352,211.55489543894683,213.60060119628906,2000751
2019-02-21,213.83215435935995,215.83924788449437,213.4847641798744,213.87074279785156,1826058
2019-02-22,214.2953351921288,214.75851424920077,211.90226302914473,213.98655700683594,1482961
2019-02-25,213.44621900558403,214.14097594711276,211.94089266704677,213.3690185546875,1370653
2019-02-26,213.36899588414505,215.6462793731453,213.25320699923788,215.29888916015625,1565865
2019-02-27,214.7585053643363,215.4918505792841,213.71635841860578,214.68130493164062,1264467
2019-02-28,213.36900956722778,214.3339562671142,212.7128410996512,214.0637664794922,1817437
2019-03-01,215.33747829967518,215.33747829967518,213.02160661432256,213.79356384277344,1654792
2019-03-04,215.76207966885158,215.95506900665916,214.06376407283756,214.33395385742188,1710533
2019-03-05,214.44972003997,216.14803545614623,213.63917433031597,215.4918670654297,1894887
2019-03-06,214.9900983480803,216.57260131835935,214.4497188391593,216.57260131835938,2096753
2019-03-07,217.1701161027701,217.48877611375676,215.4174495740428,216.453125,4533297
2019-03-08,214.93943786621097,216.45311539759783,214.1029523354545,214.93943786621094,2369906
2019-03-11,216.21411216121396,216.73193771905898,215.13861334895097,216.05479431152344,1950023
2019-03-12,216.61246440389584,217.09046662404074,214.9394687894902,215.17848205566406,2536624
2019-03-13,215.09879939463917,216.49295827960444,214.8199627552058,216.29379272460938,1450304
2019-03-14,216.69210169245073,218.36509704589844,215.3776140262415,218.36509704589844,3059513
2019-03-15,218.92276789981065,219.20160453870162,216.17429783354643,216.69212341308594,4451638
2019-03-18,216.01494369533222,217.40910250033352,214.34194826689063,215.5369415283203,986719
2019-03-19,215.13861083984375,217.76761060718087,214.85979852808694,215.13861083984375,840055
2019-03-20,214.7004485621286,215.57678178604655,214.1826230291496,215.3377685546875,805417
2019-03-21,214.85983190769014,215.65649420721851,213.26650730863332,215.01914978027344,729864
2019-03-22,215.85563743740465,216.8514652087302,213.82413419657968,214.421630859375,757992
2019-03-25,213.18683016528462,215.6166403849985,213.18683016528462,214.2623291015625,980159
2019-03-26,215.4971341544489,217.76762638228738,214.74029530776878,217.40911865234375,883763
2019-03-27,217.36928994075876,218.00660998704424,215.37763440586488,215.8556365966797,859627
2019-03-28,216.2141117576097,218.20576721652685,216.2141117576097,216.453125,969840
2019-03-29,216.85145488629152,217.6481170654297,215.5369428409533,217.6481170654297,813219
2019-04-01,218.84314909033816,219.36097473604266,217.92696797231721,219.08213806152344,893347
2019-04-02,218.16595249336575,219.7592769237541,218.08628140940604,219.520263671875,1011286
2019-04-03,219.24143026077095,219.4804191774639,216.77177276874806,218.36509704589844,1391932
2019-04-04,217.9667890341313,218.76345125698106,217.4489634517193,218.16595458984375,846771
2019-04-05,218.76343306460262,219.08209306480242,216.8912721341544,218.28543090820312,837971
2019-04-08,217.60827596442655,219.52026038986656,217.60827596442655,218.64395141601562,1090698
2019-04-09,217.4091423266127,220.1576370562664,217.4091423266127,219.08213806152344,1028711
2019-04-10,218.72357846362218,219.71940612792966,217.96676402606775,219.7194061279297,1017538
2019-04-11,219.71944513598098,219.95845840516748,217.09046936035156,217.09046936035156,1163562
2019-04-12,215.85562908977565,217.64811900884195,209.12382389106867,212.3502960205078,3147920
2019-04-15,211.75279535106677,214.3021240234375,211.1154753390741,214.3021240234375,1381806
2019-04-16,215.09879654596818,216.13444769334606,214.38180541992188,214.38180541992188,1623533
2019-04-17,218.4447735476932,218.4447735476932,211.95195750728456,212.151123046875,2532173
2019-04-18,211.3943213399284,212.54946695193826,209.64165476089127,209.8408203125,1963180
2019-04-23,210.23915789577478,214.66064786508943,209.92049786581921,213.50547790527344,1762082
2019-04-24,215.09877028855828,215.09877028855828,212.23078182227118,212.66896057128906,1499157
2019-04-25,213.54530432118923,213.8241409684315,209.2831807746948,210.7171630859375,1997619
2019-04-26,210.91632980558464,212.5494776863749,210.7968353310248,212.1909942626953,1078462
2019-04-29,211.95196287583133,213.22662722393625,211.43413732222004,212.3104705810547,826551
2019-04-30,213.1071262406287,214.54110839325594,212.86813731925736,213.98345947265625,1279446
2019-05-02,214.7402697400858,215.3776140383011,213.02745100449306,213.26646423339844,1081347
2019-05-03,214.10295272030282,215.9751136344365,213.70462164547433,214.54110717773438,1053434
2019-05-06,213.66482007635216,214.2224690507239,211.87233005662503,213.50547790527344,839834
2019-05-07,213.5054771290548,215.0191304999921,211.43415047357138,212.27066040039062,1135999
2019-05-08,211.19513812768903,212.66896794878863,210.39847598787293,212.2307891845703,944079
2019-05-09,211.55365269260412,213.5453083357738,206.81352684918184,207.13218688964844,1846233
2019-05-10,208.68566090711226,209.20348644462825,205.49901229199895,205.5786590576172,1342831
2019-05-13,205.25999905854576,206.0566612123241,203.90567582834254,205.5786590576172,1263377
2019-05-14,207.25166484160138,207.7296670202915,205.06084380878912,205.65834045410156,1154510
2019-05-15,206.8931785365991,206.9728253050951,204.50319198890887,205.77783203125,1174738
2019-05-16,206.09651648711483,211.35446744566818,205.9371743256191,211.115478515625,1731049
2019-05-17,210.5578167469948,212.23081228514812,210.119662247284,212.03164672851562,1515043
2019-05-20,212.5893055457721,212.5893055457721,210.31881349222286,211.872314453125,1069712
2019-05-21,213.10713235805096,213.10713235805096,210.63747474678866,212.70880126953125,901696
2019-05-22,212.70880375319973,213.66480810168983,211.1154793805166,212.98764038085938,1288838
2019-05-23,213.42580554628458,215.41746111187553,212.9478033481024,214.70046997070312,1340769
2019-05-24,214.30212777952448,217.76761314694946,214.30212777952448,216.05479431152344,924128
2019-05-27,217.09046775438438,218.00662449898064,215.93529774236978,216.65231323242188,499407
2019-05-28,216.69211345660005,216.9311023862676,214.02329028504374,214.18263244628906,1466973
2019-05-29,212.86817674666193,213.38600238034445,210.31884765625,210.31884765625,1078539
2019-05-31,210.31881299035024,211.19514624025004,208.76531203315514,209.60182189941406,1038509
2019-06-03,208.68565957946498,210.67731495124,207.41099527908912,210.4781494140625,1258258
2019-06-04,209.5619791462989,210.95613797741302,208.4865046406285,209.52215576171875,1719160
2019-06-05,210.23915594808253,211.27483142609574,209.32299925337202,210.15948486328125,1266384
2019-06-06,210.67731596327363,214.14277687704973,210.6374682683271,213.74444580078125,1284909
2019-06-07,213.9037974674941,215.77595847164224,213.42579529227746,214.62078857421875,1060404
2019-06-11,215.69628500166104,219.0820992629983,215.5369428409533,217.6481170654297,1875957
2019-06-12,215.93527924381627,220.63560566614774,215.93527924381627,219.20159912109375,1429732
2019-06-13,219.52025543621573,221.63142967703726,219.04227757479245,220.1177520751953,1308287
2019-06-14,219.32108043156484,221.2330890436036,218.84310259075457,219.87875366210938,1047334
2019-06-17,219.8389252755428,220.19740864799084,218.40491884915411,219.32107543945312,885072
2019-06-18,218.76343206573293,222.86623729104596,218.76343206573293,222.1492462158203,1333151
2019-06-19,222.2289601788826,222.58744362957515,220.27712780258562,222.26878356933594,1755132
2019-06-20,223.0654263615119,225.6944020187489,222.70691862997865,223.583251953125,2016234
2019-06-21,223.14508506867136,223.74258171327926,220.794921875,220.794921875,3590646
2019-06-24,221.98992639153659,222.10942086406155,219.0821141031533,220.07794189453125,1130658
2019-06-25,219.08210095917755,221.7907475267782,218.96260649382174,220.1177520751953,1072461
2019-06-26,218.9227505183536,220.39658036787498,217.76760498066355,218.6837615966797,1243757
2019-06-27,218.68374912954334,218.68374912954334,216.4929283276991,217.92691040039062,1040782
2019-06-28,217.24979172947585,218.8032684326172,215.97512734665665,218.8032684326172,1157853
2019-07-01,219.59992494494492,222.90606812785458,219.56010156084494,222.34841918945312,1506270
2019-07-02,221.87041413965454,223.7027274040787,221.75091967670514,222.46791076660156,1154301
2019-07-03,223.224753326273,225.216408783102,222.74675115419396,224.2205810546875,1168004
2019-07-04,224.3400982360193,224.49941610137768,223.02561036384904,223.7824249267578,533146
2019-07-05,224.4595641151116,224.61890627237133,222.06957762941386,222.42808532714844,1046276
2019-07-08,220.3169048513816,221.07374360843426,219.08208826061053,220.39657592773438,1300261
2019-07-09,219.87877633625567,220.794933041883,218.56428851407713,220.07794189453125,1180633
2019-07-10,219.28125250183786,221.43224998967824,218.48459036740792,219.56008911132812,1122095
2019-07-11,220.27708109594116,220.55591770660368,215.4174371930484,215.69627380371094,2123537
2019-07-12,214.97930255506984,215.01912594074938,208.3271682291,209.28317260742188,3322466
2019-07-15,209.32299679094817,211.19515785684698,207.8491668321682,210.5179901123047,1789818
2019-07-16,211.5934819348539,212.98764076345603,210.43831203770335,211.95196533203125,1728037
2019-07-17,211.712969505254,215.89544585484037,211.1154728838845,214.02328491210938,1998413
2019-07-18,213.94362007137,217.32943435784946,213.94362007137,216.05479431152344,1767599
2019-07-19,216.05477559283838,216.333587883691,209.402642061529,210.8366241455078,2583116
2019-07-22,211.43414431743594,211.75280433695485,209.92049099057033,210.87649536132812,1339653
2019-07-23,210.83664475691359,211.9519669659531,209.40266253274856,210.358642578125,1519816
2019-07-24,211.1154892564932,212.6689903174122,210.07983809068162,210.15948486328125,1698279
2019-07-25,213.06731391857383,215.5767949720437,209.88066513646586,210.59765625,2732669
2019-07-26,211.59347508636841,215.178454815313,211.15529630995533,214.66062927246094,1967833
2019-07-29,215.21829683946117,215.8954645982429,213.38598343306535,213.50547790527344,1334784
2019-07-30,214.74027506155096,214.74027506155096,210.23913872924655,212.151123046875,1217188
2019-07-31,211.47398214426764,214.14278095634586,209.4823267249854,212.42996215820312,1542836
2019-08-02,211.07566089691528,214.50129865284163,210.03998544330423,212.90797424316406,2418586
2019-08-05,212.58930463685766,214.02328681602097,209.56197380766852,210.00015258789062,1746889
2019-08-06,209.52215327574518,211.2748197960878,208.287336622004,209.24331665039062,2005511
2019-08-07,210.31882291527734,211.11548512328974,208.56615633276957,209.44248962402344,2003058
2019-08-08,211.35445617620968,214.8996124267578,211.03579618240965,214.8996124267578,1857468
2019-08-09,214.81995743528552,218.80326843654132,214.66063958255586,216.77178955078125,2155082
2019-08-12,219.0422766892109,219.0422766892109,216.09461689061544,216.85145568847656,1359044
2019-08-13,215.93526212189124,218.72357959639297,214.8996110705273,218.5244140625,1987363
2019-08-14,218.28542188865453,218.56425849438267,214.4614534198641,214.58094787597656,1828279
2019-08-15,215.4971459059017,215.73613486409533,212.31049679823587,214.2623291015625,1512533
2019-08-16,215.4971194568765,217.6879404495065,215.25813052801516,217.6481170654297,1625715
2019-08-19,218.40493034742246,219.99825469693815,217.36927924511733,218.84310913085938,1241644
2019-08-20,217.88711589771313,219.36094585854744,216.97095921250306,217.48878479003906,1264711
2019-08-21,217.80743861817786,219.0422796041631,216.21411423280392,218.1260986328125,1117778
2019-08-22,216.89126336378695,217.96676209414628,215.77594125208782,216.6124267578125,1300302
2019-08-23,217.09044212712175,219.28126310271654,216.3336033379453,216.57261657714844,1026184
2019-08-26,215.0987928251113,217.40910833005196,214.26230724456062,215.29795837402344,1058082
2019-08-27,215.09879364614562,217.32943807759565,214.58096807943767,216.53277587890625,1759937
2019-08-28,215.85562874022102,216.6522909251826,213.86397327781705,215.41744995117188,1186307
2019-08-29,215.0589739634424,217.05062949445335,214.6207951592992,215.6166229248047,1441936
2019-08-30,216.37344437498868,216.37344437498868,215.2581222296319,215.5767822265625,1902671
2019-09-02,215.93528332978732,218.92276663159512,215.77596547434504,217.88711547851562,1007409
2019-09-03,217.4091133265761,217.4887844104121,215.1386211543568,215.8556365966797,1134577
2019-09-04,217.2497954711054,218.12610445669762,215.8556365966797,215.8556365966797,1316993
2019-09-05,217.050649383706,217.050649383706,214.1428125922118,215.935302734375,1740699
2019-09-06,215.77594712816776,218.40492248535156,215.45728713217568,218.40492248535156,1466011
2019-09-09,218.92277582756415,219.52027251302388,215.37764341449116,216.4929656982422,1953489
2019-09-10,215.5767764675957,216.01493091264538,212.58929349080583,215.81576538085938,2936823
2019-09-11,217.09045330343335,217.32944224274007,214.02329891725648,215.8556365966797,1640814
2019-09-12,214.3021240234375,217.4091016282518,214.18262956021388,214.3021240234375,2200953
2019-09-13,218.24561782031313,218.28544120514178,214.50129578278987,217.72776794433594,2777941
2019-09-16,217.44894409179688,218.8032551627434,216.57261086224358,217.44894409179688,1531341
2019-09-17,217.2896163266043,222.945922842276,217.2896163266043,222.30857849121094,2663729
2019-09-18,222.22892967029446,224.65873964727294,221.75092748945585,224.30023193359375,2339034
2019-09-19,224.14089564574297,226.09270328134562,223.0653969053666,225.45538330078125,2856361
2019-09-20,227.32759054612555,227.32759054612555,225.69441825545104,227.0885772705078,5363982
2019-09-23,225.09688054840524,226.76987592429015,224.69854947377547,225.37571716308594,1625980
2019-09-24,226.1724227298004,226.88941393933217,225.05710036917276,225.73426818847656,1606716
2019-09-25,225.1765623367268,225.37572788351537,223.22475456551905,225.05706787109375,1627086
2019-09-26,224.97742894890544,228.64208039609198,224.49942670584562,228.40309143066406,2017694
2019-09-27,228.4827261347,229.95655617615105,228.08439500523767,229.91673278808594,1857696
2019-09-30,230.23536359362882,231.66934575272313,229.0403703569837,231.39053344726562,2062585
2019-10-01,231.8287123775971,232.18722011130933,228.9209000572945,229.3590545654297,2109695
2019-10-02,228.6420506339267,228.92088726543264,224.1409140814481,224.30023193359375,2952797
2019-10-03,224.6985576794903,225.53506755408077,223.0255865547099,224.77822875976562,1920196
2019-10-04,225.77405127134247,228.8013820665253,225.1765546513695,227.925048828125,2043927
2019-10-07,228.76152955610385,230.59386707277267,228.2437040254667,230.03619384765625,1676787
2019-10-08,231.0320431346549,231.0320431346549,226.21224644241596,226.73007202148438,1763127
2019-10-09,227.44704174105013,229.5183681745118,226.84954513402462,228.0047149658203,1345580
2019-10-10,228.56238040846455,229.3590426087814,227.08855047543818,228.84121704101562,1805191
2019-10-11,229.04038299614908,230.95236741785064,228.16404971181055,230.474365234375,1586783
2019-10-14,227.84537129259624,229.5980377197266,225.93338702530795,229.59803771972656,2094277
2019-10-15,230.43455418628622,231.74904202706918,229.43872638081393,231.23121643066406,1528064
2019-10-16,233.02366150997594,234.21865464592452,225.45537164896817,227.6063690185547,3202479
2019-10-17,227.52672559516677,231.15152882313637,227.32756004830688,229.7573699951172,2188452
2019-10-18,229.51840859643795,231.86854774398327,228.92091188418354,230.5142364501953,1761948
2019-10-21,230.9921878653957,231.43034229977593,229.31919257669261,230.59385681152344,1136545
2019-10-22,229.31922334209779,230.43454558013178,227.20807333578318,230.195556640625,1618154
2019-10-23,228.84120802565843,231.11170006955405,228.44287694119254,230.23536682128906,1520786
2019-10-24,229.39887234025338,232.1871898229893,229.39887234025338,231.6295166015625,1264838
2019-10-25,231.82867381199017,234.6568145751953,230.83284617534073,234.6568145751953,1535808
2019-10-28,233.8203496439564,235.73233401199502,233.02368746459027,234.81617736816406,1265680
2019-10-29,233.8203677223062,235.3340211176933,233.62120216206574,234.6967010498047,1176329
2019-10-30,234.69665591180083,236.60864005994674,234.57716146107873,236.32980346679688,1716667
2019-10-31,235.93151523176104,237.28585075154353,234.81619296898825,236.4493408203125,1544023
2019-11-01,237.36547140077835,237.56463691653258,235.25429748402604,236.76797485351562,1469471
2019-11-04,236.76800375963413,237.76383145998219,235.5331628238827,237.72398376464844,1265220
2019-11-05,237.8036688979791,237.8036688979791,234.21868896484375,234.21868896484375,1797039
2019-11-06,234.21866190679071,235.89165721142174,233.46182317234863,235.73231506347656,1503033
2019-11-07,236.2103581041903,236.56886584305747,234.85602254869505,235.81202697753906,1340138
2019-11-08,235.77216165439785,236.92730712890625,235.29415952499517,236.92730712890625,983149
2019-11-11,236.2103087647464,238.04262183972887,236.01114324302233,237.365478515625,1028320
2019-11-12,237.32564320099425,237.76382195895764,236.17049770206984,237.4849853515625,1187137
2019-11-13,236.60866199317798,238.00282077596606,235.772176448385,237.32565307617188,1285790
2019-11-14,237.0070066906157,238.1621766161731,233.93985232982632,234.21868896484375,1234616
2019-11-15,236.32983934585818,236.967183700132,234.97552817840355,235.85183715820312,1436534
2019-11-18,235.93147564208513,238.87913513183594,235.69248673738008,238.87913513183594,1443683
2019-11-19,238.99866052190822,241.3488237419207,238.7596715862667,240.51231384277344,1565116
2019-11-20,240.59197176516696,242.26496715974878,240.15381730305728,241.18946838378906,2308967
2019-11-21,240.11399506238664,241.26916503906247,238.91900169846082,241.2691650390625,1214985
2019-11-22,241.38864216583454,242.38446989754178,240.55215659608066,240.59197998046875,1434022
2019-11-25,242.02596141930283,244.05746457284317,240.87081584151753,243.4201202392578,1530211
2019-11-26,243.57947428823698,246.60678100585938,243.06164870656494,246.60678100585938,2467475
2019-11-27,246.566921204328,246.92542887603094,244.61508932451954,245.45159912109375,1816534
2019-11-28,245.37196266149624,246.76612154025474,244.97363155327955,246.1686248779297,666390
2019-11-29,245.37192311630207,246.128761824819,244.8142499297951,245.53126525878906,1154074
2019-12-02,245.65077800377196,247.04493676166828,241.468301730083,241.70729064941406,1580310
2019-12-03,242.98196818033855,243.18113372802736,238.0028294881185,238.9986572265625,2080575
2019-12-04,238.879150567564,241.8666336304095,238.20198287754582,241.5479736328125,1229669
2019-12-05,242.82262235159004,244.17695778030873,241.98613678880514,242.58363342285156,1359206
2019-12-06,241.98610850565413,243.77859819828862,241.42843532084444,243.26077270507812,974184
2019-12-09,243.42010940381826,243.42010940381826,241.70729064941406,241.70729064941406,1287644
2019-12-10,241.38861577441455,242.14545449264583,238.7596405750179,241.30894470214844,1514492
2019-12-11,240.87080594279433,242.42428254815434,239.39697610268402,241.5479736328125,1404832
2019-12-12,241.50812382261947,241.66746597612197,239.4367973880828,240.8708038330078,1588340
2019-12-13,242.58365421384258,242.58365421384258,239.43682861328125,239.43682861328125,1477615
2019-12-16,240.4326464514065,243.06164634482985,239.83514979092865,242.26498413085938,1551309
2019-12-17,241.26915389672843,242.4242995078549,240.87082279381562,241.98614501953125,3363085
2019-12-18,241.86667030499265,244.41597498452248,241.2691736018243,242.30482482910156,2064523
2019-12-19,242.94216369297075,244.81430053710938,241.9861592648213,244.81430053710938,1650001
2019-12-20,246.96530863771034,249.8332977294922,246.0093041697152,249.8332977294922,4654842
2019-12-23,250.0722594470636,251.94442047747873,249.63410496241792,251.346923828125,1379756
2019-12-27,252.62159439683006,253.25891444687068,251.42660106885282,252.7410888671875,1259715
2019-12-30,252.54194918104037,252.74111475610428,249.5544655550817,250.15196228027344,1136704
2020-01-03,248.55860084485707,251.82492065429688,248.00092759244038,251.82492065429688,1935045
2020-01-06,251.1477504558065,252.06390709383965,248.00092514234456,251.54608154296875,1493875
2020-01-07,252.54191381658157,253.6970837150708,250.9485894391899,251.86474609375,1316045
2020-01-08,251.98426323769192,252.62160763332867,250.709623070824,252.06393432617188,1572540
2020-01-09,253.93608177299112,255.13107509898165,252.66141736282756,253.13941955566406,1692775
2020-01-10,254.21489824093496,255.96754039267097,253.37838839179318,255.25054931640625,1810193
2020-01-13,254.93188264152664,256.166699223192,253.49790052654762,254.2547149658203,2064760
2020-01-14,253.89623729918463,253.97588406454096,250.94857761501734,253.37838745117188,2147976
2020-01-15,253.8962210154969,256.16668855092297,253.41821889301852,255.21070861816406,1927093
2020-01-16,256.44553514035573,256.92353728145866,254.81238749646943,255.688720703125,1723901
2020-01-17,257.12272765256324,261.9027009009455,256.8837387150246,261.265380859375,3265838
2020-01-20,261.46456083468763,261.94253873613184,260.26956745667206,261.4247131347656,1282898
2020-01-21,260.94669691518965,262.8985290527344,260.2695534870875,262.8985290527344,1440937
2020-01-22,263.09769913251193,264.7706946631681,262.9782046615083,263.2171936035156,1876967
2020-01-23,262.69937057726975,263.9740350088493,260.3492072717887,260.82720947265625,2017911
2020-01-24,260.34922113781437,261.98239338507665,257.7202453613281,257.7202453613281,2781747
2020-01-27,252.82071311917957,254.29454281311408,250.2315613881747,253.93603515625,2745537
2020-01-28,254.85225028936296,256.36590371009976,253.61743352007304,256.3260803222656,1464107
2020-01-29,256.5252220223026,259.5923762784876,255.68873645797962,259.3533630371094,2205061
2020-01-30,255.17087855867484,262.7790167273494,254.49373517658617,260.58819580078125,2567282
2020-01-31,261.9823715736427,262.6993626973362,258.1185550081484,258.3575439453125,2006986
2020-02-03,258.27789225172813,259.8712166349906,255.76838689832917,259.0745544433594,1998693
2020-02-04,260.0703956938099,262.6993713378906,260.0703956938099,262.6993713378906,1968451
2020-02-05,262.8985486039656,272.21950687026015,262.6993830368414,270.8253479003906,3675270
2020-02-06,271.6618008132127,272.73729960849096,267.4793244077307,269.51080322265625,2406766
2020-02-07,269.51080738327414,270.8651428222656,268.99298182561284,270.8651428222656,1381365
2020-02-10,269.5108151812,270.7058084929325,268.4751640359122,270.6659851074219,1283365
2020-02-11,271.02445902109673,272.0601100372083,269.829465858415,271.18377685546875,2882423
2020-02-12,269.7099634315374,270.42697882234205,268.2759812743273,269.9888000488281,2309887
2020-02-13,270.5464564847089,274.6492614746094,270.1082777384023,274.6492614746094,2394141
2020-02-14,274.29077508668473,274.6492827876472,271.3431396484375,271.3431396484375,1676371
2020-02-17,272.9364611821212,273.9322888832292,271.38296024351285,273.4941101074219,886336
2020-02-18,271.46265215293994,276.0832833157689,271.1041444281508,275.28662109375,1351027
2020-02-19,275.6451193644487,279.7479248046875,275.6451193644487,279.7479248046875,1750230
2020-02-20,280.06657387523023,280.1064215707282,275.36627197265625,275.36627197265625,2381673
2020-02-21,274.4899814666756,276.3223193154709,273.5738246983797,275.4858093261719,4868124
2020-02-24,272.25931376428014,273.33481262403365,265.52750827843926,266.68267822265625,2502900
2020-02-25,267.75818389217744,269.9888284406773,262.97821044921875,262.97821044921875,2277600
2020-02-26,260.4288526023589,264.13332674637763,253.89623754388063,263.8146667480469,3643739
2020-02-27,260.30936565461315,262.0221844682479,254.69290704631794,256.88372802734375,3653860
2020-02-28,250.94860320744957,253.0199298741419,243.9778086739093,246.72630310058594,6009577
2020-03-02,250.23159256192673,255.967545600956,247.6424405083663,250.7095947265625,4227298
2020-03-03,254.4538564005966,260.3093273879054,253.81653647923096,255.6488494873047,4375649
2020-03-04,255.92772390140635,263.6155090332031,255.92772390140635,263.6155090332031,3363872
2020-03-05,264.5316710425772,265.04952091696913,260.8271967134237,263.13751220703125,3520995
2020-03-06,256.28621054343427,256.72436497910894,247.56275071298094,250.98838806152344,3981789
2020-03-09,233.58137254032255,244.6549725316839,230.2752048788148,238.00283813476562,4702610
2020-03-10,239.31730679915415,245.88976958613202,236.4493181751239,236.8874969482422,5867194
2020-03-11,240.19366345798974,241.58782236694987,236.36969446115128,236.6883544921875,4554352
2020-03-12,226.61057344884986,231.111710034961,213.66481264549424,218.64395141601562,6820013
2020-03-13,228.76152127676554,244.57526910930176,222.18905883327454,225.53504943847656,7430956
2020-03-16,222.26876215828813,241.82681017887683,211.71298761134432,233.18304443359375,7698461
2020-03-17,243.4599922596605,244.9736456958283,227.60641809983446,238.36135864257812,6249515
2020-03-18,232.94401795149923,237.3655076640499,218.04644968443966,231.19137573242188,8709349
2020-03-19,235.79544463270656,255.60950284993194,233.00010604591156,253.26634216308594,9282420
2020-03-20,264.52992769982546,265.2698665354659,240.6461944580078,240.6461944580078,9165061
2020-03-23,230.20477557366968,241.50947437416238,227.94383581357113,229.0537567138672,4390633
2020-03-24,239.12520546151586,240.9750651864523,234.39778616445608,239.53628540039062,3408378
2020-03-25,242.90715692265175,245.003654669768,233.69895583852872,242.82493591308594,3795907
2020-03-26,239.57737118435952,244.55145324619016,236.535394845457,244.5103302001953,3479440
2020-03-27,242.989341651265,245.33250231916682,238.67300229630362,243.8937225341797,2856862
2020-03-30,246.64798288485602,255.23956432481063,242.53718317010842,253.8829803466797,2914398
2020-03-31,258.93927429572693,261.4057540314907,255.2806526515457,258.1993103027344,3120180
2020-04-01,252.77305888780666,262.92671308231365,252.4030769148297,262.10455322265625,2829639
2020-04-02,263.09116291544143,265.3110046386719,256.1028039005,265.3110046386719,2504086
2020-04-03,266.3798024518845,266.70866138746305,263.33780084454327,265.3110046386719,2105808
2020-04-06,267.2019845685611,269.83290645275304,264.5710626843692,268.2707824707031,1805428
2020-04-07,268.2707505717683,268.64073254254095,256.8427336086821,259.8847351074219,3297998
2020-04-08,256.5960891377713,258.1581878038694,255.36284938711586,256.88385009765625,1893707
2020-04-09,257.74709240251724,257.788190355606,249.64881350832843,253.8007354736328,2854860
2020-04-14,256.7605564774567,264.15999643462067,255.73285648340615,258.9393005371094,2733009
2020-04-15,260.5424805827397,262.639003488885,254.3351830572243,255.69174194335938,2485396
2020-04-16,259.0625682131807,266.0509267887392,256.92494763082686,263.8310852050781,2346420
2020-04-17,270.4083791413275,270.8605821289014,266.0098187713228,268.72296142578125,2676432
2020-04-20,271.31276220484165,275.1358006542078,266.9964228061283,275.0124816894531,1913714
2020-04-21,275.423562514852,276.04018243093,269.66844329812375,275.99908447265625,2523185
2020-04-22,279.5343530180349,283.3573913574219,277.2323154410763,283.3573913574219,2985253
2020-04-23,283.31631420234265,286.19387392998334,280.8498344357935,284.09735107421875,2713102
2020-04-24,282.9052440107902,287.9204247273614,281.5486851104082,285.65948486328125,2787356
2020-04-27,288.4136769623151,291.5378995723676,285.70055938415095,287.3448791503906,1566297
2020-04-28,288.1670166275165,294.2098963166581,285.82385612474815,290.0168762207031,2274541
2020-04-29,287.26265592008673,287.7559568642053,279.57545605436303,281.05535888671875,2559838
2020-04-30,281.34309677919316,283.19295635012213,275.79351806640625,275.79351806640625,3211514
2020-05-04,275.42356698233135,283.43962602136935,274.1903271301717,277.5611877441406,3024248
2020-05-05,281.0554074359514,281.1376284558953,278.30116635499206,279.9043884277344,1413702
2020-05-06,280.3976516764759,285.3717346191406,278.8766757828465,285.3717346191406,1510289
2020-05-07,286.76938872117745,286.76938872117745,279.53439099049706,281.1787109375,1989969
2020-05-08,282.0830736242644,282.78191457446457,278.79443394363255,280.56207275390625,1125050
2020-05-11,282.4119059097257,283.89178359015233,279.24658549791224,283.4396057128906,1213298
2020-05-12,283.4396292762143,288.9481107152485,283.4396292762143,286.6049499511719,1721040
2020-05-13,284.4673180630312,289.4002773358006,283.80960019612667,287.6737365722656,1875141
2020-05-14,287.7559357042515,290.18131719846076,285.9471740722656,285.9471740722656,2515691
2020-05-15,288.7425577906908,291.74343631278504,287.9203979166744,291.085693359375,2330841
2020-05-18,291.8667964745273,293.1000364596309,287.0982785682593,289.03033447265625,1895424
2020-05-19,289.07144052988855,289.400299488514,284.79619879676704,286.31719970703125,1548800
2020-05-20,285.4127939012118,290.3868761697587,283.89179312338626,285.78277587890625,1459490
2020-05-22,282.9052073459172,285.57722683898754,281.2197646114764,285.2072448730469,1673131
2020-05-25,285.4128368837401,287.87931686560796,284.2207199467031,286.933837890625,1120138
2020-05-26,288.8247509560478,288.86587400355404,281.9186130981262,283.0285339355469,1788374
2020-05-27,282.2886054760775,283.19298638027647,272.21714674414034,273.039306640625,2851314
2020-05-28,274.47809436280323,281.67199366418544,273.94369543276645,280.56207275390625,2448192
2020-05-29,280.3154428261908,282.53525961986816,273.5326232910156,273.5326232910156,2770053
2020-06-02,276.2046434082447,276.2046434082447,271.3950027145517,275.3002624511719,2618991
2020-06-03,277.8900222460631,279.61656290530226,275.1769048460636,278.7944030761719,1770787
2020-06-04,277.972260325327,281.38421880777935,270.4083793964811,273.5736999511719,2935576
2020-06-05,273.5737147909695,275.2180346394502,270.90169503718846,273.0804138183594,1970444
2020-06-08,270.7783880063029,272.1760448849418,267.73638611634794,270.6961669921875,2140844
2020-06-09,270.4905832392558,277.6022607288487,270.1617243263312,273.94366455078125,2311965
2020-06-10,272.8337520290338,273.94367284780685,269.99729050220566,272.9981689453125,1906598
2020-06-11,270.90167658230126,273.4914751491651,267.613037109375,267.613037109375,1697846
2020-06-12,267.2019597411615,270.24396131896134,265.18765800851986,267.7363586425781,2357734
2020-06-15,266.6264382315445,272.13491944681067,263.1322587522426,269.5039978027344,1732451
2020-06-16,272.05267186092146,274.4780532986626,269.092891573094,272.38153076171875,2587631
2020-06-17,273.7792606108693,280.27431913282084,273.1626406545385,279.1643981933594,2105798
2020-06-18,280.3154566734655,280.56209463261433,275.38249676783715,277.4378967285156,1791263
2020-06-19,281.1375713135277,283.1107499394621,279.82211053279565,282.2474670410156,4435048
2020-06-22,282.24749797501335,284.09735784400567,279.12330023240276,279.1643981933594,1174599
2020-06-23,281.0553472319842,281.17866619031804,276.82122906034164,280.35650634765625,1461112
2020-06-24,278.38337029288516,279.45216821557517,273.1215515136719,273.1215515136719,1819977
2020-06-25,271.80605156886,277.396728515625,271.47719264675516,277.396728515625,1734981
2020-06-26,278.7122177741696,279.32883772499736,272.6282392774012,274.1903381347656,1252420
2020-06-29,273.6559015442821,275.4646380969892,270.120599258412,272.5048828125,1242115
2020-06-30,273.3681658308528,273.90256474599016,268.4352064474389,269.9562072753906,1608554
2020-07-01,269.9562105954102,274.3547711177818,269.70954756900863,273.61480712890625,1249278
2020-07-02,275.4235315558089,276.2045933978437,270.53167073532916,273.6969909667969,1331968
2020-07-03,273.5326156378154,273.94369559814254,269.38069298431344,270.326171875,877464
2020-07-06,272.217105656396,273.69698321056796,271.02496395030045,273.3270263671875,1270046
2020-07-07,272.2171417881493,272.62822172890753,268.8051832979219,272.25823974609375,1153703
2020-07-08,271.31277568992994,273.61481344753076,270.49061576359685,271.76495361328125,880645
2020-07-09,273.1215392311737,276.98567585432886,272.3815752206932,273.7381591796875,1257281
2020-07-10,272.8337520290338,275.42355054595265,271.3949722873758,272.9981689453125,1054688
2020-07-13,273.8614894242538,276.9856872558594,272.2582674559927,276.9856872558594,1001171
2020-07-14,275.01247884111433,275.42355877959136,270.3261575063452,272.58709716796875,1284957
2020-07-15,275.5468708286139,281.3431128698882,274.0258700763507,278.83551025390625,1700785
2020-07-16,278.3833480343864,280.35652678253194,276.57458621256103,279.3288269042969,1305842
2020-07-17,279.45215439561036,281.6719962364405,277.7256135294458,280.6853942871094,1043807
2020-07-20,281.5075668135316,283.39854978599146,278.1367059411735,281.83642578125,1204802
2020-07-21,282.6585531670683,283.4396150794155,279.49325774098196,280.3976135253906,1204244
2020-07-22,278.38335516144537,279.69881605733,277.27343424646995,278.465576171875,987382
2020-07-23,277.31452750165136,277.4789695197207,268.1474495266953,269.75067138671875,2968843
2020-07-24,266.79089874699935,267.3664207372851,259.3503613758576,262.1867980957031,2841655
2020-07-27,261.36460974235416,264.73547012537,259.8847320572874,263.62554931640625,1659712
2020-07-28,265.2698864654425,269.750667952326,264.57104553303924,268.6407470703125,2018434
2020-07-29,268.6407581428667,272.6693367970273,266.9964382766517,270.1206359863281,1518585
2020-07-30,270.4905915292814,270.4905915292814,262.35121400588827,264.2832946777344,2005602
2020-07-31,263.0911535229169,266.00981097118074,259.6791951437321,259.8847351074219,1882200
2020-08-03,260.2136206990464,268.76407904676256,260.0491786751108,266.70867919921875,1408103
2020-08-04,267.57194495604296,267.81858288573113,263.00894253418414,263.99554443359375,1358306
2020-08-05,264.7765882336443,265.5576501820762,260.8302307128906,260.8302307128906,895324
2020-08-06,260.17246708049385,262.80336326833395,259.02142333984375,259.02142333984375,1053110
2020-08-07,258.9803802672687,260.6247001419815,258.3226623535156,258.3226623535156,1205627
2020-08-10,258.07599286005507,260.04917164226794,256.0205930680981,257.8704528808594,1159928
2020-08-11,258.85706716517916,259.84364405818275,255.48620632750638,257.25384521484375,1606052
2020-08-12,257.0482926462048,260.9946752960797,256.55499167867924,260.95355224609375,1263835
2020-08-13,260.2546828833943,261.57014362305574,257.95264540673185,259.3092041015625,1069726
2020-08-14,257.4593756401354,258.69261552832734,255.1162148345048,255.44509887695312,1333401
2020-08-17,256.2261298392158,259.84362840970135,255.36287197353408,259.0625915527344,1275312
2020-08-18,258.36375980636853,261.0768775581793,256.8427589071831,259.10369873046875,1338332
2020-08-19,259.63811775116216,265.22882080078125,257.9526997886757,265.22882080078125,1520438
2020-08-20,263.99556042054417,266.7908991843792,263.17340048469094,266.2565002441406,1514681
2020-08-21,266.74979747527414,266.8731164458532,262.9267337550153,263.3789367675781,1362851
2020-08-24,264.8588246679454,267.6541634988081,263.4611677976793,264.4066467285156,980451
2020-08-25,263.6255769464339,264.8588168433519,261.734619140625,261.734619140625,1144278
2020-08-26,261.0357975093179,265.96875746224987,260.54249649595835,264.5710754394531,1146913
2020-08-27,265.4754281108598,265.55764911936507,260.3780517578125,260.3780517578125,1218346
2020-08-28,260.37802226224136,261.3235010271253,257.7471008300781,257.7471008300781,1168763
2020-08-31,258.0349072661202,259.96698818121655,256.6372253044767,259.555908203125,2181117
2020-09-01,261.6112803888607,264.4066189257897,260.2958195802094,261.44683837890625,2009113
2020-09-02,265.5576508292438,271.1483281789909,264.48885298278105,269.75067138671875,2280905
2020-09-03,271.312764138445,271.8882860985065,261.8579253881659,263.13226318359375,2228586
2020-09-04,261.446850643654,264.5710482567232,258.6515119755927,260.8302307128906,1602136
2020-09-07,262.3101182011461,267.03753784497735,260.8302403487745,264.9410400390625,1210096
2020-09-08,265.5576608128648,266.33872279256417,262.18680003835067,265.9276428222656,1365921
2020-09-09,266.3798246820344,271.31278439836836,265.9687447056732,270.5728454589844,1610380
2020-09-10,269.0929432267792,270.90170516385376,266.5853654002415,269.25738525390625,1424844
2020-09-11,270.2439824045435,271.9294002459753,267.3664226135808,270.77838134765625,1607140
2020-09-14,271.1072041829427,271.9704619690776,268.06520277311404,271.312744140625,1655648
2020-09-15,271.5593749762412,277.9722365429907,271.27163911524656,275.79351806640625,1654217
2020-09-16,276.2046158461386,279.0821753649213,275.79353591488393,277.1911926269531,1752424
2020-09-17,274.683649389448,278.0545102648104,273.4092863891984,276.9856872558594,1730931
2020-09-18,279.3699261028798,283.9329286366874,278.0133672756561,282.08306884765625,4506337
2020-09-21,280.39762281555375,281.91862364296014,275.7113264571881,277.8900451660156,1715778
2020-09-22,278.34221023666834,281.6719727199149,277.8900323503359,279.8221130371094,1629768
2020-09-23,279.82210451066845,280.93202530459695,273.8614457143665,274.8480224609375,3111545
2020-09-24,271.9705036175872,274.14924757492537,269.9973247397376,272.79266357421875,1771825
2020-09-25,272.4637679116127,273.69700768045556,269.42179153599676,272.09381103515625,1574303
2020-09-28,274.5191645335048,275.99906729417853,268.6818246732227,269.6684265136719,1520056
2020-09-29,268.0241327127648,268.1885747321559,262.31011125837006,263.255615234375,1926802
2020-09-30,262.02238155654464,264.7354993083554,258.98037975817374,259.10369873046875,2082231
2020-10-01,260.6246836657574,263.6666852777983,258.6926029170465,259.1448059082031,1873461
2020-10-02,258.98033512122123,262.02233639528333,257.21269658210974,261.3645935058594,1552003
2020-10-05,262.6800751605475,263.33779301214236,260.4602335033414,262.10455322265625,1125608
2020-10-06,261.44685627984944,262.1045741840442,259.06259751423124,260.29583740234375,2482041
2020-10-07,260.9946636867034,261.65238155392836,256.96606020638336,257.7060241699219,1659783
2020-10-08,259.55589251469354,260.6657883161903,257.6238117163787,259.0625915527344,2227288
2020-10-09,259.8847646645416,264.32442336710494,259.22702165173155,263.7489013671875,1595261
2020-10-12,263.78999539988484,265.0643331433761,262.8445165814564,263.4200134277344,1349549
2020-10-13,263.09115450267154,264.6121552577057,262.1867736410031,263.4200134277344,1323659
2020-10-14,263.9133333218731,264.5710512192538,261.98125249911436,262.72119140625,2196254
2020-10-15,258.5693191858694,258.61041714960714,253.1019602211503,253.55413818359375,2643906
2020-10-16,253.5130330234784,258.2404528743982,253.0608299835395,256.7194519042969,1802623
2020-10-19,257.13053500364606,259.2270329267758,255.36289605605978,256.0617370605469,1482082
2020-10-20,254.9106476035409,256.43164832111734,251.78645025689232,252.4441680908203,1697398
2020-10-21,251.21094549920028,253.92408820277277,245.94912719726562,245.94912719726562,2767307
2020-10-22,245.538058068467,245.70250009059362,243.15379928961033,244.3870391845703,2450057
2020-10-23,244.42810919853264,246.68904874745738,242.9482315299127,244.5103302001953,2046400
2020-10-26,244.01702262083336,246.6068461057273,243.11266689820675,246.40130615234375,1384764
2020-10-27,247.22347418764173,249.03221078337333,246.5246333048314,247.2645721435547,2364263
2020-10-28,245.78471359246532,246.5246524887688,240.44067421090932,242.20831298828125,1935793
2020-10-29,242.94827348277843,244.83923139591963,239.74185458685878,241.6328125,1553484
2020-10-30,239.37182366976276,242.33160400390625,238.8785227656845,242.33160400390625,1891015
2020-11-02,243.8115190589853,249.48444269137858,242.00278225343203,249.4022216796875,2152972
2020-11-03,250.14217748323173,252.1153564453125,247.0179795507982,252.1153564453125,1998143
2020-11-04,256.06173390050975,267.11977049497335,255.8561939070402,265.639892578125,3174578
2020-11-05,268.3529642833807,268.8873631563874,263.33778428756153,263.8310852050781,2035325
2020-11-06,262.8856555065147,265.84543647398976,261.15911451795995,263.6667175292969,1533218
2020-11-09,265.9687550752168,266.21539303451715,252.89641633533583,255.52731323242188,3402004
2020-11-10,253.26637817575403,255.19845919543684,249.9777381730027,250.96434020996094,4089687
2020-11-11,250.55322171688573,260.1725022832469,250.34768174829108,258.0348815917969,2391276
2020-11-12,256.84272610172627,259.5969665527344,256.39054823095597,258.9803466796875,1952486
2020-11-13,259.59696190254243,259.63805985721194,257.3771203632072,257.4182434082031,1844678
2020-11-16,257.5005015933904,257.78823749828166,255.07511974980656,257.3360595703125,1917029
2020-11-17,257.00718038740285,258.1171012300002,253.67741785961096,254.0063018798828,1985144
2020-11-18,252.4441887291228,256.0617123824547,251.74537288231602,253.7185516357422,2092119
2020-11-19,251.74535482486374,254.82845424667218,249.27887528741698,251.29315185546875,2295333
2020-11-20,250.1421639836505,251.9509259039701,248.29230410209516,250.51214599609375,2384506
2020-11-23,250.75876432237996,251.49870319903604,248.3333826313272,248.4156036376953,2314169
2020-11-24,248.29228530215295,248.9500031741067,245.33250469770397,247.1001434326172,3319931
2020-11-25,246.73018805236612,249.31998668827586,246.11356813475288,246.7712860107422,2564685
2020-11-26,247.3056877093635,250.75876932305852,247.18236874251633,249.19667053222656,1624983
2020-11-27,248.70335388183594,250.14213361503664,246.11355538014016,248.70335388183594,2018181
2020-11-30,249.11445454610393,249.64885347343397,245.86691284179688,245.86691284179688,3036740
2020-12-01,245.8258365620747,247.84013857003708,245.20921657069826,246.3191375732422,1825494
2020-12-02,247.47013184622526,250.26547051014336,246.11357301862242,248.82669067382812,1580896
2020-12-03,249.03220250145753,251.25204403413053,245.74356324732054,246.40130615234375,2283830
2020-12-04,247.01795544737845,249.07335522613738,245.70249457090688,248.49783325195312,1746908
2020-12-07,249.93661285268624,250.67655175425006,248.3745140404228,250.3065948486328,1664157
2020-12-08,250.05991054646066,250.34767150878906,244.63365057943625,250.34767150878906,1758646
2020-12-09,250.75878383091518,253.3485826458569,250.05994285791047,251.78648376464844,1991553
2020-12-10,252.5675105805887,254.86954807546212,251.49868774414062,251.49868774414062,2389004
2020-12-11,250.92319497904813,251.8686737836706,248.45671544160138,251.29315185546875,1208823
2020-12-14,252.7319495593402,252.89639157632897,249.23776996612622,250.14215087890625,1687633
2020-12-15,251.16982780897877,252.4030675527217,248.66225036616552,249.2377471923828,1891834
2020-12-16,250.14210538740284,253.22520446777344,248.62110482302174,253.22520446777344,2726364
2020-12-17,253.9652013590407,254.82848435333588,252.1153414874043,253.8829803466797,1830618
2020-12-18,254.45847871725158,255.4450805933204,253.51299988871025,254.82846069335938,3799106
2020-12-21,254.08848931759968,254.62291328754768,247.5523336231723,249.03221130371094,1931807
2020-12-22,249.85438733040183,252.03310603633554,249.11444844220364,250.01882934570312,1351035
2020-12-23,250.2243864677513,250.26548442922868,247.67568559788947,247.8812255859375,1151818
2020-12-28,250.34771573070583,252.11535468249508,249.44333472806224,250.67657470703125,1060038
2020-12-29,251.53982437602204,254.0884999221731,250.67654145107207,252.3619842529297,1191869
2020-12-30,253.22523394834647,255.4450755807779,251.95089621623092,254.04739379882812,1333360
2021-01-04,256.966051699568,257.08939574962676,253.2663323656674,254.5406951904297,1643089
2021-01-05,254.33518876131242,255.97950868207042,250.38880589729467,251.58094787597656,1633543
2021-01-06,249.93661003820412,250.79986789858603,247.26459035851937,249.15554809570312,2396036
2021-01-07,248.62115624936965,248.99113825167333,244.3870376545808,244.7158966064453,2903552
2021-01-08,242.82491892501736,248.0456390380859,242.61937896064717,248.04563903808594,3943431
2021-01-11,248.2922978160496,257.29495904782965,248.16897884513406,257.2127380371094,3663752
2021-01-12,256.22611833471353,258.3637390136719,254.04739969840767,258.3637390136719,2694395
2021-01-13,257.41823576929835,258.07595356645135,254.17069455633202,256.51385498046875,2265393
2021-01-14,256.1027842926934,257.91154593538556,254.2529246950736,256.5549621582031,1848324
2021-01-15,256.0617278707826,260.4602635551897,255.28066587785818,260.3369445800781,2350861
2021-01-18,260.2136384935993,261.44687848646,257.8293795254684,258.9393005371094,1434363
2021-01-19,260.1725177417721,262.2279175498432,259.1859157977661,261.6112976074219,1225765
2021-01-20,261.2001983581984,263.7077759027481,259.9669585644209,263.0911560058594,2340737
2021-01-21,264.44773759162194,264.7765965469552,260.13139794075653,260.4191589355469,1919666
2021-01-22,260.2136116347244,262.5567723973683,259.63808966132785,261.81683349609375,1471793
2021-01-25,262.68010347057555,266.50314221194037,261.7346245481372,263.7489013671875,1443075
2021-01-26,266.37979835625595,267.9418970939832,265.06433754383846,265.51654052734375,1896503
2021-01-27,264.7354930475775,266.9553348577107,262.3512343083826,263.255615234375,1731593
2021-01-28,259.4736547511414,262.96783412809185,257.21271515429106,260.665771484375,1448867
2021-01-29,255.23952489306956,257.45934134189747,252.4852844916229,252.52638244628906,2512889
2021-02-01,254.8284809850212,258.03489970207596,254.08851697388323,256.3494567871094,1323012
2021-02-02,255.52727049540684,258.6103699226696,254.4584727300867,256.1438903808594,1521611
2021-02-03,257.7882311471393,258.61039106161314,252.89639471021766,254.33517456054688,1673819
2021-02-04,246.97684678374955,260.0080871582031,246.6479878180583,260.0080871582031,2363014
2021-02-05,260.1724900691905,260.1724900691905,252.60860954386973,253.75962829589844,1680885
2021-02-08,256.1028150907896,256.1439130506595,252.52641442057296,253.47189331054688,1468912
2021-02-09,252.69083794687833,256.4727783203125,251.90977604387763,256.4727783203125,1345968
2021-02-10,256.5138967439209,258.52819859743295,254.0063190073959,255.44509887695312,1520846
2021-02-11,255.69172003867286,258.3637396210706,254.82846220972175,257.04827880859375,1533111
2021-02-12,256.102836780267,257.7471567595946,254.78737577873864,257.5005187988281,1025923
2021-02-15,257.08943880399625,257.7471567595946,255.0751367931873,257.5005187988281,752638
2021-02-16,256.7605580910443,258.0760191097623,255.2806801264441,256.3083801269531,1331529
2021-02-17,252.77308092110508,254.294056721787,251.16985901889507,253.30747985839844,1659230
2021-02-18,252.8141576078599,253.3074585432091,251.2520588878606,252.07421875,1274166
2021-02-19,251.70422667986867,252.56750955468482,249.15552619140124,249.2377471923828,3001708
2021-02-22,247.92232689586004,249.5666468224526,246.68908695091562,248.99114990234375,1319482
2021-02-23,248.12786365742144,248.29230568407291,244.5925858973897,246.6068878173828,1280217
2021-02-24,246.6068654489745,250.30658490007568,246.23688346773307,248.7444610595703,1395536
2021-02-25,249.1144412308781,249.56661912437386,244.2225799560547,244.2225799560547,1363120
2021-02-26,242.53714294844758,247.67564173972826,240.93392128943756,244.9625244140625,2361542
2021-03-01,248.8677866956363,248.8677866956363,243.15376593012496,246.85348510742188,1401128
2021-03-02,246.64792750079494,250.7176283406879,246.19574966984,248.00448608398438,1350753
2021-03-03,248.12787215416353,248.70339417682098,243.0715932906184,245.66139221191406,1315205
2021-03-04,245.784738391043,249.93663629333582,245.41475636039718,249.89553833007812,1494159
2021-03-05,245.74360103727687,248.37452288129487,244.71590111232146,245.003662109375,1209167
2021-03-08,246.36018779031593,249.36106614869172,244.9214080892825,249.2377471923828,1103142
2021-03-09,249.27891002304767,251.58094787597656,247.79900704016697,251.58094787597656,1260507
2021-03-10,251.58093752222243,258.2404379452884,251.37539754058662,257.2127380371094,1575835
2021-03-11,256.34942978763735,256.34942978763735,252.69083352940345,253.10191345214844,1489824
2021-03-12,253.22523095141884,253.5952129158878,250.10103359269453,250.34767150878906,883960
2021-03-15,251.16987534923877,255.5273132324219,251.16987534923877,255.52731323242188,1209393
2021-03-16,254.86960110992916,257.82938214088506,254.7051590730802,256.76055908203125,1614070
2021-03-17,256.43168087303934,257.5005038517596,254.12964307173928,255.69174194335938,1705655
2021-03-18,257.30090221109504,259.6299921041556,256.4963230287322,259.5453186035156,3521443
2021-03-19,257.8514040126132,261.1121087931839,257.21619775458896,261.0274353027344,4834225
2021-03-22,263.6106458801365,267.5065834865632,262.0861609173064,266.6172790527344,2419675
2021-03-23,264.2458247840217,264.2458247840217,260.3922501778991,262.0014343261719,1789068
2021-03-24,259.84170194745394,261.069777745077,257.00446794365143,258.0207824707031,1733718
2021-03-25,257.385597594276,260.2651944302062,256.9197899614827,258.8254089355469,1404993
2021-03-26,257.13152189348807,259.7570465023522,254.84476881717808,257.1738586425781,1770537
2021-03-29,257.85143156079897,259.07948161621556,256.24222152459333,257.8937683105469,1229325
2021-03-30,258.10550414164254,258.7830472183,256.6233560456692,257.34326171875,1308476
2021-03-31,258.19022450322933,260.9004228770669,256.87744914626137,258.6983947753906,1346987
2021-04-01,260.39225195872615,260.98509567708595,258.3172343279393,258.656005859375,961302
2021-04-06,260.01113096969533,260.18052966727817,257.7243777853886,258.5713195800781,1003467
2021-04-07,256.87741600563896,257.4702855544414,254.80242427805132,255.94580078125,1327403
2021-04-08,256.19987911203634,260.22285242040715,254.42129626953968,260.1381530761719,1164802
2021-04-09,260.1381691777575,262.2555236816406,258.61368427360674,262.2555236816406,1022073
2021-04-12,262.38256125879894,262.975430861867,259.7570623365021,259.84173583984375,1320151
2021-04-13,259.71468267089074,261.0697946412706,256.7927491390767,259.2065124511719,1123706
2021-04-14,260.4346132145306,262.9754387093065,259.67237073542054,261.6626892089844,1249345
2021-04-15,260.85803597347035,264.2458026744245,260.180492971923,262.1284484863281,1114823
2021-04-16,262.5519632809988,263.0601335405427,259.71470302460733,261.8744201660156,1575151
2021-04-19,263.3142005228994,263.8223707723613,261.83205237249285,262.8060302734375,1230616
2021-04-20,262.59430480744567,263.1871744287947,260.6886856844697,260.9004211425781,1140959
2021-04-21,262.21320429394996,269.62394554827966,261.7897333651311,268.60760498046875,2241176
2021-04-22,266.5749436007659,268.01475506449896,264.9233966774612,264.96575927734375,1574008
2021-04-23,264.16111227201816,265.4738874210037,261.6202871603669,262.08612060546875,1230598
2021-04-26,261.7473465523924,263.01775922133453,258.57131488003716,259.5453186035156,1069208
2021-04-27,260.3499114509553,261.15451652216166,257.25857896359605,258.52899169921875,1058459
2021-04-28,259.67235218418216,259.67235218418216,255.77641486786584,256.0304870605469,1238996
2021-04-29,256.4539681876058,257.30090999251416,253.95550537109375,253.95550537109375,1262695
2021-04-30,254.37894009612523,255.18351918839443,252.0498504638672,252.0498504638672,1307145
2021-05-03,252.93916610043723,255.7764263300434,252.89682934863038,255.52235412597656,761093
2021-05-04,254.88714124822278,255.26824954457283,250.9065045089299,251.6687469482422,1207384
2021-05-05,252.51569814076592,256.07286411886236,252.30396268603667,253.91314697265625,1096325
2021-05-06,253.27796033197865,254.0402287056545,251.62643916444958,253.70143127441406,1002818
2021-05-07,254.04022456358098,257.3856294463056,253.53205427162106,256.79278564453125,862761
2021-05-10,256.1151737026228,256.62334390938923,253.91312003770864,255.56466674804688,840007
2021-05-11,252.430979919736,253.61671905487339,251.1605672863269,253.0238494873047,1024262
2021-05-12,254.29427391932492,256.45396515768005,253.1085605757846,254.97181701660156,1064774
2021-05-14,254.5906969111221,257.6396924007054,254.33659887646695,257.0044860839844,1002612
2021-05-17,257.63973096309957,259.33361472788886,256.11522006682014,258.0632019042969,681067
2021-05-18,258.8677496721127,260.646332577954,258.1055072400698,259.5453186035156,951282
2021-05-19,258.57132027983187,259.7993962241001,256.96213603488934,257.8514404296875,774286
2021-05-20,259.7993551477209,261.40853913823844,258.2748704928324,260.8580322265625,981782
2021-05-21,261.7050376786059,263.2295227050781,260.3922881195112,263.2295227050781,1303927
2021-05-25,264.0764680245564,265.89741374508407,263.4836242161231,264.49993896484375,1227409
2021-05-26,264.6693373768798,267.21016301569784,264.41526515164395,265.26220703125,901277
2021-05-27,265.3892168129945,267.50657130193395,264.6693111174326,265.2198181152344,2102346
2021-05-28,265.00804692638775,268.77694774705725,263.5682615760511,267.2947998046875,1109796
2021-05-31,265.60098766548725,267.294871482427,264.8387451171875,264.8387451171875,655467
2021-06-01,265.9397110905035,268.2688009169331,264.2458275803729,264.7539978027344,855257
2021-06-02,265.3891955105114,266.49020941773784,264.37285509875596,264.626953125,1058122
2021-06-03,262.2978617930464,267.59124755859375,261.49325681803913,267.59124755859375,1186443
2021-06-04,268.48054998038157,271.3601469244133,266.9137024846751,270.9366760253906,1154637
2021-06-07,269.07341150310083,279.49078496780146,268.77697671335807,277.4581298828125,1476248
2021-06-08,278.9826134608268,280.76119634454903,277.5004653654936,279.49078369140625,2221910
2021-06-09,278.6438538009256,288.0872497558594,277.6275132964413,288.0872497558594,1994676
2021-06-10,288.84947013261336,289.7811112160783,286.9015144689592,288.59539794921875,2469433
2021-06-11,288.8918408337703,290.7974598025331,287.7484642831903,289.6540832519531,1573263
2021-06-14,289.65409661630895,291.22094412112904,288.214285212612,289.4000244140625,1199685
2021-06-15,290.1622656387435,291.7714498882532,288.2566465901265,291.0515441894531,1242968
2021-06-16,290.5433808649597,294.6934164581449,290.2046093064542,293.9735107421875,1446013
2021-06-17,292.15259016458117,295.54035743318167,290.9668509432805,295.07452392578125,1484461
2021-06-18,295.2439140447543,296.3025912854149,292.95716086628244,294.9474792480469,4240959
2021-06-21,293.6770616977773,296.85309336718365,292.99951861361535,295.709716796875,1477293
2021-06-22,294.05818460436205,294.56632897476754,291.0938884928125,292.448974609375,1345924
2021-06-23,290.67045082425955,292.1949358028462,287.36735695963193,288.3836975097656,1184705
2021-06-24,288.68010908210215,292.74541926210594,288.1719388479487,290.5433654785156,1324939
2021-06-25,290.0775266440239,292.1948808531044,289.1458856227067,292.0254821777344,867381
2021-06-28,291.6444070940386,296.04848884179535,291.6444070940386,294.778076171875,855122
2021-06-29,294.73572598853593,296.17553728746907,293.719385560276,295.41326904296875,1372579
2021-06-30,295.5827027709489,297.4459851614457,294.5663622222027,295.2015686035156,1420547
2021-07-01,294.5663527094173,298.7587250293388,293.55003804010596,296.5566711425781,1381741
2021-07-02,297.2765683660999,299.0974880457436,294.9898151938696,296.0484924316406,871993
2021-07-05,295.83676979255193,296.72607421875,293.6347417199396,296.72607421875,870849
2021-07-06,296.4296548673422,299.90212170796826,296.2179193995798,299.3939514160156,897574
2021-07-07,299.3939154321459,301.46893310546875,298.4199375668233,301.46893310546875,834498
2021-07-08,301.9347461432491,302.35821703545554,297.8270733195234,299.7750549316406,1095406
2021-07-09,301.00310100324015,301.51127123644414,296.51431994426366,299.0551452636719,1073676
2021-07-12,297.70000996981815,301.76531982421875,297.53061128979743,301.76531982421875,728535
2021-07-13,301.0030951492018,301.6806640625,298.8010414125521,301.6806640625,735242
2021-07-14,302.1888436632003,302.2312062639382,299.13987366110086,301.08782958984375,772236
2021-07-15,300.3678978766111,303.03575932111835,299.9867895826026,300.8760681152344,826651
2021-07-16,301.045447646353,304.13677978515625,300.5372774400788,304.13677978515625,1145780
2021-07-19,302.44292355252276,303.41690145836316,299.30922853726656,302.3158874511719,972720
2021-07-20,302.40055761282713,303.2051626568464,300.283203125,300.283203125,1099994
2021-07-21,301.8500413936672,303.0781172977336,300.49492939353456,301.46893310546875,888277
2021-07-22,298.9704464756088,300.1561597908923,286.60509139539727,290.5433654785156,1739538
2021-07-23,289.9505067234955,295.15919319885916,289.9081441289871,294.1428527832031,1189921
2021-07-26,293.7194007548915,294.3122703431485,289.40001832786453,291.81378173828125,782173
2021-07-27,290.5857316577663,293.59236465643994,288.97654743528443,291.81378173828125,760844
2021-07-28,292.1949188233314,294.6934074533643,292.1949188233314,294.39697265625,636045
2021-07-29,295.41328730071154,297.2342328344367,293.6770669622903,294.39697265625,647876
2021-07-30,293.04187210247426,297.27658123690304,292.5337018370201,296.72607421875,1019124
2021-08-02,297.27657589818944,299.13985822252124,295.20155812093867,298.038818359375,616009
2021-08-03,298.2928898933982,300.1561462054786,297.70002033928455,298.7586975097656,861761
2021-08-04,300.6643245718573,302.188809400056,299.52094802740265,299.8173828125,782622
2021-08-05,299.1398376661541,303.5439192762595,299.1398376661541,303.3321838378906,801249
2021-08-06,304.7296172924767,304.899015973328,297.27654057399485,299.1821594238281,660262
2021-08-09,300.5373101265445,306.8893737792969,299.85974116228306,306.8893737792969,982359
2021-08-10,305.2378126043122,310.5735613308529,305.1954758539207,309.0067138671875,885803
2021-08-11,309.47252875241145,312.94499530399753,309.1760939528957,311.1664123535156,1107774
2021-08-12,310.44648514289923,312.94497362005274,310.19241295898325,310.742919921875,925386
2021-08-13,311.5899005832426,312.43684243089837,310.82765808967514,311.63226318359375,549567
2021-08-16,310.65823304025884,311.97100830078125,309.51488232016135,311.97100830078125,569440
2021-08-17,312.43682807933135,314.25774779882585,311.7169223725695,313.36846923828125,726208
2021-08-18,312.60617345564674,317.3490519449452,311.42046029497425,315.5281066894531,985530
2021-08-19,314.55417716631575,315.1470467608437,309.2184542020137,315.0623474121094,1618429
2021-08-20,315.31640384420973,316.1210088470328,311.2087570254286,312.0133361816406,1040385
2021-08-23,313.1990494647922,313.7919190296736,310.44648877154947,312.0133361816406,612580
2021-08-24,312.0980408863924,314.003659860597,309.26078079992106,310.3194580078125,1131886
2021-08-25,309.47246999717265,309.93830340700254,304.9413270551616,306.71990966796875,640472
2021-08-26,306.8046854557603,311.2934669264053,306.67764934746174,309.76898193359375,957324
2021-08-27,308.28678559663575,311.0816829296096,308.28678559663575,310.2347412109375,892657
2021-08-30,308.66795902589723,310.5312155363459,308.0750894086648,309.8113098144531,533910
2021-08-31,309.9807118948101,314.85062745053455,308.62559978824225,311.4628601074219,1720446
2021-09-01,311.8862878218263,313.74956994107595,310.6158752441406,310.6158752441406,1976643
2021-09-02,309.21844891645014,311.92864710333595,308.7102786793428,309.5572204589844,1455699
2021-09-03,309.7266326522617,310.95468277829644,306.9740717484628,308.9220275878906,851158
2021-09-06,309.13376154796845,311.3358154296875,308.96436284683125,311.3358154296875,831489
2021-09-07,311.16640638291716,311.2511057306697,306.211791775433,306.97406005859375,1322637
2021-09-08,305.8306940514364,305.87303080347,299.39393109894,303.75567626953125,1322432
2021-09-09,301.5112515153556,302.6122654097733,294.52398234400255,294.7357177734375,1578360
2021-09-10,293.0841816712149,297.107154975786,290.45868292867834,291.34796142578125,1537869
2021-09-13,291.7714861306024,292.8725002679206,289.2729971734212,289.3576965332031,1078597
2021-09-14,288.80713525986044,294.5663287915007,288.1295922020007,293.21124267578125,1614794
2021-09-15,292.78778616222434,293.2112570558077,290.58573234626806,291.0939025878906,1943618
2021-09-16,291.77142298212846,294.2699113985585,291.34795212148674,292.3219299316406,1722006
2021-09-17,294.9898320779765,294.9898320779765,289.69644558614795,290.4163513183594,2523748
2021-09-20,287.91790228086154,289.61178603989794,284.6148082734485,289.23065185546875,1466550
2021-09-21,289.4423535909436,289.4423535909436,285.6311155773101,287.4096984863281,1139460
2021-09-22,289.1035727465773,289.6540797170682,286.0969140134773,288.0025329589844,1157662
2021-09-23,290.50106406223875,291.47504205230814,289.06125253144756,290.16229248046875,1571176
2021-09-24,288.76481420627283,290.0775636447062,286.77449582654145,288.2989807128906,873762
2021-09-27,290.50103599745336,290.6704346952805,285.7581567710296,285.88519287109375,1084928
2021-09-28,284.5301007022379,286.05458556423156,281.6928405761719,281.6928405761719,933464
2021-09-29,283.72549272732823,287.19795915092527,281.31170351540027,286.30865478515625,1211360
2021-09-30,290.67043260838153,291.39031245244746,287.4097015482127,289.61175537109375,1639288
2021-10-01,287.5367615497432,292.4490140004597,284.6148017932871,292.40667724609375,1516361
2021-10-04,292.7877959901619,296.5990341603436,291.305647812869,296.00616455078125,1143424
2021-10-05,296.42963727554013,296.8531081859337,293.1689060961865,293.4230041503906,944478
2021-10-06,292.2372631327341,296.30259935556245,289.2729667781483,296.00616455078125,913756
2021-10-07,298.5046409646246,302.4005524787935,297.4883004890777,301.8077087402344,1024893
2021-10-08,301.93475991865705,305.7459981223989,299.8597421135301,305.4072265625,860197
2021-10-11,309.13372918654494,309.13372918654494,305.2801546819047,307.10107421875,793409
2021-10-12,304.5179056318951,308.286806878811,303.41689166025833,303.8403625488281,782082
2021-10-13,302.99343914811266,304.0097796809655,299.69037118626096,302.44293212890625,806914
2021-10-14,303.7556727152637,303.7556727152637,298.9704566938768,302.4852600097656,1076624
2021-10-15,302.35821800046625,305.11077880859375,299.90209198715183,305.11077880859375,937131
2021-10-18,304.7720399668236,308.92204999968976,304.09447095645646,308.2445068359375,819146
2021-10-19,307.05875358140224,307.31285164122824,297.4459843800764,303.162841796875,1486490
2021-10-20,303.16279197420226,304.64493994979165,297.3188735645907,298.2928771972656,1245397
2021-10-21,297.488308133728,303.1204659511366,296.0908593288992,303.0357666015625,1013441
2021-10-22,303.0358027524174,304.09448013185795,299.35162614925684,301.3419189453125,838892
2021-10-25,302.4005780974944,304.56029532934514,299.9868144951526,302.5699768066406,684601
2021-10-26,302.908743737049,304.64499001604497,300.0714834053151,303.162841796875,851731
2021-10-27,303.289862005682,303.4168981056291,299.39392457875755,300.283203125,781412
2021-10-28,299.2245462883134,303.3745820447785,298.7587386078681,302.1888427734375,865678
2021-10-29,301.29952198032845,301.51125741390564,298.08115372859953,299.8597106933594,899784
2021-11-01,300.66433966241965,303.79803466796875,298.7587206082212,303.79803466796875,971489
2021-11-02,304.89901418550335,311.8862832605878,303.33216685995035,311.208740234375,908251
2021-11-03,309.5148605648302,312.0980224609375,307.863313879378,312.0980224609375,1039073
2021-11-04,320.8215331437547,320.94859508694265,312.69091280353877,313.6225280761719,1607752
2021-11-05,314.51184887173576,317.8149167882874,308.1174226462421,308.5408935546875,1339190
2021-11-08,308.8373146710639,311.75927414847,307.43986590445695,309.9383544921875,733299
2021-11-09,309.4302268400706,312.6062589497334,308.71032105922393,310.9547119140625,587240
2021-11-10,310.06541861158604,315.23176910185344,310.06541861158604,313.45318603515625,723623
2021-11-11,312.1403757962645,314.9352991165911,310.4464922736222,313.6648864746094,749256
2021-11-12,313.9613262483431,315.062340216908,311.3781383273073,312.5215148925781,926341
2021-11-15,311.67457311780146,314.2153984421314,310.10772566514237,312.5215148925781,603072
2021-11-16,312.05571581966495,314.2154070659748,311.03937532339415,312.6485595703125,737403
2021-11-17,312.2250704003681,314.4271241156857,310.0230166850505,314.0459899902344,698118
2021-11-18,314.2154161081987,315.95163650546124,311.5051919378924,312.22509765625,760861
2021-11-19,313.15674265223026,316.33277452497094,312.5638730306733,313.3261413574219,1133579
2021-11-22,313.3684579607882,314.38479843335983,310.2771256394163,310.4888610839844,867127
2021-11-23,309.133754046441,309.4725255938818,301.977085566173,302.5276184082031,1355399
2021-11-24,303.3745709362069,306.4235408176858,302.866400673756,305.9577331542969,1109692
2021-11-25,306.59294767025403,308.62560292747435,305.15313619614045,306.6352844238281,560845
2021-11-26,301.5112641434207,306.59291466269184,300.96075717315523,303.71331787109375,1125058
2021-11-29,302.9511064702971,304.72966365679264,301.6806937104495,302.7817077636719,877532
2021-11-30,300.6643260663906,304.68729944333523,299.22451472968163,304.60260009765625,2125773
2021-12-01,306.12713354623816,310.82765034496214,305.2801917196851,309.8113098144531,1081207
2021-12-02,309.55726548402833,310.65827961905984,304.7296862992563,307.821044921875,1331657
2021-12-03,309.1337468559944,310.95466649691974,305.9577152102137,306.8046569824219,1047737
2021-12-06,308.3715232468057,313.5378735418428,307.3975453186576,311.29345703125,1269474
2021-12-07,313.1567347384762,313.70724174651673,308.62559087854953,311.8863220214844,1480853
2021-12-08,314.2154007463835,319.8475584206284,313.62253116104745,315.8245849609375,1636682
2021-12-09,316.5868443269588,317.603184857147,314.0460188481016,316.8409423828125,1132621
2021-12-10,315.4857898580617,320.3980414823083,314.7235474814179,319.2970275878906,1081099
2021-12-13,319.59348492144125,320.0169558102078,316.84092414445865,317.85723876953125,910920
2021-12-14,317.5608397152848,318.6195169701743,309.1337584277197,309.514892578125,1278600
2021-12-15,309.98070118596917,314.469482421875,308.5408897762417,314.469482421875,1659727
2021-12-16,315.9093205008305,322.17668522884304,315.9093205008305,320.2287292480469,1907430
2021-12-17,319.38173469207925,321.07561816873135,315.8245690524655,320.9062194824219,2592854
2021-12-20,316.75624260574756,320.0593105545062,315.44349311541185,317.3914489746094,1192481
2021-12-21,318.45011103384417,320.60980224609375,316.8409268123041,320.60980224609375,1044431
2021-12-22,320.90624153630364,321.2873756833876,317.47613759899775,320.3980712890625,679235
2021-12-23,318.70417585092156,320.56745807268345,317.4337632033416,318.83123779296875,725795
2021-12-27,318.02665244654605,324.3787160773026,317.6455182900554,321.837890625,573116
2021-12-28,322.0919782164671,325.39507213952487,321.92260535285794,324.88690185546875,445993
2021-12-29,324.8868506507855,324.8868506507855,321.8378552736082,322.60009765625,538634
2021-12-30,322.60013803225695,324.8868913129981,321.0756530761719,321.0756530761719,787239
2022-01-03,321.83786056390267,324.3786857788809,319.93224165266906,320.9062194824219,854361
2022-01-04,322.26135738049527,322.26135738049527,312.86029815881136,314.469482421875,1163100
2022-01-05,313.83426571621146,318.11133720603533,313.4531574238151,317.3067321777344,984909
2022-01-06,313.79195222752867,316.88328477920584,313.1990825999242,314.76593017578125,867314
2022-01-07,313.368444266622,319.25469970703125,313.0296727394397,319.25469970703125,1038678
2022-01-10,320.6945279668301,321.5414698211445,314.38482666015625,314.38482666015625,1354242
2022-01-11,317.2220583972952,320.31341681557205,316.07870758134516,318.0690002441406,1757877
2022-01-12,315.5281670141037,316.332772087644,310.19244384765625,310.19244384765625,1571361
2022-01-13,309.1336985105921,309.1336985105921,305.95766736151074,306.71990966796875,1279020
2022-01-14,304.17914382083825,311.9286561602446,303.67097356897614,309.1337585449219,1040145
2022-01-17,309.5572369276396,313.0720403308196,309.472537575847,311.12408447265625,571625
2022-01-18,310.19244891901786,310.2771482723458,305.7036675053881,309.049072265625,921066
2022-01-19,308.2021431696346,310.4465339692543,306.296523950721,309.7266540527344,1000706
2022-01-20,309.8112885541549,310.15008593881737,307.1857897493018,309.21844482421875,955368
2022-01-21,306.5929004087824,308.8796533747847,305.0684156625208,305.44952392578125,1501796
2022-01-24,303.16279519888,303.75563888745603,291.983154296875,291.983154296875,1706214
2022-01-25,292.279601586266,294.4816552942264,290.07754787830555,293.21124267578125,1355353
2022-01-26,296.00616046825905,298.4622865302897,293.46533505651433,295.6673889160156,1206211
2022-01-27,292.321951332716,301.3418761554165,291.0092019072636,300.3255615234375,1174653
2022-01-28,301.7230448746182,303.12049380787244,298.12354188313157,301.0455017089844,1398768
2022-01-31,302.78169931181105,306.29650267995424,302.2735290527344,302.2735290527344,1111649
2022-02-01,303.67097201845115,306.0000619681988,301.8924149159339,304.5179138183594,1196278
2022-02-02,305.4495652814581,306.21180775779106,300.3255775576406,302.44293212890625,1018081
2022-02-03,293.888806368185,297.27657358856754,292.2372595096034,295.11688232421875,2563205
2022-02-04,295.4980098666282,296.8531220123269,292.40667724609375,292.40667724609375,1370922
2022-02-07,292.0254821777344,293.4652933785527,289.0188495394837,292.0254821777344,995413
2022-02-08,292.1949108959931,295.32860578627594,291.60204131784934,292.9571533203125,1419829
2022-02-09,295.3286093914251,302.82402347644444,295.07451134914237,301.42657470703125,1151556
2022-02-10,302.6122970556337,303.75567366347366,299.35159177863346,301.00311279296875,735336
2022-02-11,299.817385437668,299.94442153336166,295.3709411621094,295.3709411621094,751091
2022-02-14,292.83011929679367,293.08419149116133,288.129602774709,289.823486328125,1166401
2022-02-15,289.65409315495435,295.5826857049096,289.4000209557441,294.56634521484375,1355072
2022-02-16,294.73574746926005,296.68370327768196,293.08420061462346,295.8367614746094,774156
2022-02-17,296.1755524989002,296.1755524989002,290.96683984481444,292.1949157714844,670916
2022-02-18,292.4913561149799,295.455652418179,289.40002371096625,290.1199035644531,1423520
2022-02-21,290.07756858230164,291.3903180430801,286.7745007079133,287.5367431640625,898967
2022-02-22,285.12293395018867,292.27960205078125,283.598449144276,292.27960205078125,2017434
2022-02-23,291.94084847140914,295.8367600697522,291.43267822265625,291.43267822265625,1130505
2022-02-24,283.7678501207406,290.0352403470523,282.539799973833,288.044921875,1634729
2022-02-25,287.53675909603334,297.0648549423673,287.53675909603334,295.9214782714844,1610965
2022-02-28,292.4066746133619,298.67403915334785,292.4066746133619,296.3026123046875,1959579
2022-03-01,296.47196270401673,297.9541108337829,289.3153200996844,297.36126708984375,1461984
2022-03-02,296.4296147323839,297.4459551786823,289.73878002631807,294.10052490234375,1467498
2022-03-03,292.19490034477025,294.3969540384298,288.59539794921875,288.59539794921875,1155560
2022-03-04,287.9601855403174,289.44233355412786,283.25966932087687,283.6407775878906,1479501
2022-03-07,280.7611999511719,289.90816083265577,277.92393982005035,287.960205078125,2084005
2022-03-08,291.05156613946275,299.09751384041857,285.4617446726337,290.9245300292969,2383313
2022-03-09,295.2015486185205,299.7750549316406,292.9571580591484,299.7750549316406,2010890
2022-03-10,299.8173589939024,300.83369936303393,294.86274492595254,295.1591796875,1451732
2022-03-11,295.37095265999335,302.2311864072254,293.9735038597417,298.0811767578125,1584856
2022-03-14,298.2929343485961,304.64499831814356,296.5990506233834,303.4592590332031,1479786
2022-03-15,302.5275952291053,305.53422802137146,300.28317897522214,305.06842041015625,1627860
2022-03-16,307.3552016530378,307.3552016530378,301.7230433465583,303.0781555175781,1842517
2022-03-17,306.0780309926909,312.77349853515625,304.4693769430076,312.77349853515625,3045926
2022-03-18,315.20818109239104,319.2080695252271,312.99086519162006,318.68634033203125,4346103
2022-03-21,317.90381060784193,319.2515869140625,315.38215006341943,319.2515869140625,1056723
2022-03-22,318.03418657299846,320.55584672319685,314.1212574148891,318.8602600097656,1021200
2022-03-23,319.12110332131107,321.59929703309956,317.8602600097656,317.8602600097656,1133240
2022-03-24,318.25157147915326,324.94703865209414,318.1211458144854,323.99053955078125,1660123
2022-03-25,323.8601247113076,326.51221061444824,321.4688901462218,325.81658935546875,880587
2022-03-28,327.1208922152784,329.03386390522917,324.42531345517784,324.9905090332031,851705
2022-03-29,326.07743629747233,326.9035097505925,322.42535839644074,324.1209716796875,1066995
2022-03-30,319.2515389744323,326.99043804987883,319.1645796853544,322.42535400390625,2477983
2022-03-31,322.29496555510485,323.33842407203355,318.6429138183594,318.6429138183594,1450347
2022-04-01,317.42550748748505,323.2949013984244,317.33857473261924,322.7297058105469,1125615
2022-04-04,326.5122417945787,333.2077098306996,326.2948568133573,332.81640625,1403250
2022-04-05,333.3381232347107,336.42497923985917,330.7729699362763,334.94677734375,1835500
2022-04-06,334.2511360611261,340.2509561322362,334.2511360611261,339.6857604980469,2012266
2022-04-07,341.38134912899244,347.38116876410106,340.99004558346894,343.2508544921875,1406181
2022-04-08,346.07683502407997,347.8159145970653,342.33782455666085,346.2942199707031,1816800
2022-04-11,347.81595313206896,351.4680312544562,345.381252074645,348.294189453125,1619556
2022-04-12,344.9899230844124,345.46815937021876,335.99018065322133,338.5118408203125,1360852
2022-04-13,339.9465837863298,342.51171018676274,337.51185650793417,339.8161315917969,820721
2022-04-14,335.1206388157365,341.7291467055881,335.1206388157365,340.0770263671875,969133
2022-04-19,335.29459920221404,335.3380655838094,326.90354426287115,328.033935546875,1984937
2022-04-20,328.16432879884746,329.9903677616958,324.0775074914012,325.46875,888002
2022-04-21,326.2948125405839,326.59915678025,317.64288084739326,318.5124206542969,1444095
2022-04-22,316.1647274007358,323.9036275572696,315.25169454224533,320.6428527832031,1120723
2022-04-25,311.29528568324275,317.2081464169153,309.2083952205496,316.77337646484375,1288661
2022-04-26,316.77335768573363,318.1211603790056,310.034423828125,310.034423828125,2240276
2022-04-27,312.03437905470975,318.9037385310878,310.8170285775194,316.7298889160156,1251108
2022-04-28,316.86029897899294,318.81676353619395,313.6430176289006,314.42559814453125,729181
2022-04-29,314.68647639908664,318.20812882514974,313.07782231826155,315.1212463378906,805471
2022-05-02,315.5125634621412,315.5125634621412,310.2518310546875,310.2518310546875,937840
2022-05-03,309.7301273462723,311.16486289418026,307.8605953060035,309.0779724121094,1136026
2022-05-04,307.33885608891813,308.3388215619642,302.599853515625,302.599853515625,1091084
2022-05-05,304.33895083782465,305.8171792135372,301.643371966011,302.3390197753906,915367
2022-05-06,301.42599021960126,305.38241254448803,299.3390998416807,300.94775390625,1301878
2022-05-09,300.94776862455706,303.1216184029253,298.77391884618874,300.8608093261719,1490337
2022-05-10,302.7737542346141,310.0343899821467,300.5129455574269,306.2953796386719,1460940
2022-05-11,291.2958238182998,293.1218626479925,282.38304114923244,285.20904541015625,3927937
2022-05-12,280.9483329944902,281.7743799365681,275.99194519702104,278.5570983886719,2285113
2022-05-13,277.6875229289983,279.07879182852827,274.3832559755837,277.3831787109375,1822466
2022-05-16,275.9049717777851,282.1656690396987,275.7745461132138,280.3396301269531,1675828
2022-05-17,281.7309085263186,284.77429797027577,279.6874845924117,280.2961730957031,1201698
2022-05-18,281.38308448100946,283.42650831748773,278.9483571201795,279.33966064453125,1351309
2022-05-19,278.6440416592264,280.7309318879646,273.20941786759107,275.5571594238281,1309900
2022-05-20,278.2527641937279,279.20926337789416,275.90499588134276,277.9919128417969,1400900
2022-05-23,280.8613701630814,282.1656799316406,278.47013558738956,282.1656799316406,1191944
2022-05-24,281.2961321813903,289.20894986221253,280.29616669417777,288.208984375,1452442
2022-05-25,289.73071181130325,291.20891375280075,288.38290901423653,289.5567932128906,1100325
2022-05-27,289.5567690822315,289.9045797138189,285.0786441769485,286.77423095703125,1142582
2022-05-30,286.9481657062904,288.42639414412656,283.38304682511347,287.5568542480469,850090
2022-05-31,287.1220466344049,289.5567474095353,283.8177795410156,283.8177795410156,1825225
2022-06-01,286.1655747281652,286.4699189880052,280.60052490234375,280.60052490234375,973239
2022-06-02,280.9048325774377,283.2960671193904,280.03529274400034,281.16571044921875,874141
2022-06-03,281.94830615552945,282.0352654507999,278.8614501953125,278.8614501953125,958057
2022-06-07,276.7310245404847,278.209252725192,274.6441344544988,276.8614501953125,1265699
2022-06-08,278.600552521003,279.6005180049594,275.90497377658835,277.7745056152344,1624184
2022-06-09,277.600587303881,281.4265572014458,276.55712890625,276.55712890625,1232626
2022-06-10,275.8180393044242,276.47019416418914,271.55727299162714,272.9920349121094,1136464
2022-06-13,270.07909656729225,272.7746755477755,266.51397769221785,268.90521240234375,1142795
2022-06-14,269.12259093290066,270.90513705963593,265.5140057639908,265.86181640625,1171927
2022-06-15,265.8618417177425,268.20961021495174,264.2097211075322,267.6009216308594,1069108
2022-06-16,266.12265039161707,267.5139194061363,259.3837168095311,263.90533447265625,1261957
2022-06-17,265.47051973743584,268.5574022911861,263.4705885903595,263.7749328613281,4009081
2022-06-20,264.3401019216954,265.42702668288655,262.4271037274993,264.7748718261719,625897
2022-06-21,265.29663282884945,265.68790986804447,261.55759528027784,262.0358581542969,1108565
2022-06-22,261.64455825846375,265.94879150390625,259.6446270444465,265.94879150390625,1310236
2022-06-23,264.94881477971677,267.383515854296,262.3401951128456,266.3400573730469,886832
2022-06-24,267.426966379955,277.20928955078125,267.426966379955,277.20928955078125,1728375
2022-06-27,278.25277657460964,280.4700927734375,276.42673742108826,280.4700927734375,1101312
2022-06-28,280.60049604150214,281.5135021908652,274.5571839900099,276.1223449707031,1168445
2022-06-29,274.55722497112214,278.99188379334555,273.6007257684854,277.94842529296875,1045426
2022-06-30,274.8180631835305,276.9919128417969,273.60071268215154,276.9919128417969,1193179
2022-07-01,276.5136651412005,279.4700952474099,273.4702757449923,278.6005554199219,758043
2022-07-04,279.16577753977884,281.90484948575914,279.16577753977884,280.5135803222656,464124
2022-07-05,280.6439527553451,281.7308774368143,276.99187521110974,277.3831787109375,893531
2022-07-06,280.9048325774377,283.9047556172965,279.9483599896564,281.16571044921875,839785
2022-07-07,282.3830871582031,285.73082113538146,280.7744330095587,282.3830871582031,983947
2022-07-08,282.1656856609758,283.861299009032,276.68759513629533,279.9048767089844,1276749
2022-07-11,279.9048753269097,283.8612976074219,279.51359831207924,283.8612976074219,727899
2022-07-12,283.0352244784435,286.6003432123038,281.81787398148526,285.556884765625,856523
2022-07-13,282.81784992502924,284.5134633292418,279.03534608688307,282.7743835449219,691403
2022-07-14,282.42653486932267,282.9047977123048,279.2527196993069,281.4700622558594,683305
2022-07-15,287.7307197732881,288.5567932128906,281.99175168111367,288.5567932128906,1066827
2022-07-18,288.42638151234405,291.55670377213545,285.730802645301,286.07861328125,751587
2022-07-19,284.86126778991866,288.2524679884145,284.77430849534164,287.25250244140625,804615
2022-07-20,289.29591554134333,289.29591554134333,285.0351490940039,285.42645263671875,666663
2022-07-21,285.2090496110597,285.29600889684934,279.99181089866227,283.99169921875,977676
2022-07-22,282.2961206824829,287.7307450084827,282.2961206824829,282.7743835449219,784618
2022-07-25,280.1657397924414,287.2089910846751,280.1657397924414,285.1221008300781,643786
2022-07-26,284.51347482289714,289.64375508664153,284.51347482289714,288.687255859375,774643
2022-07-27,288.16551857426697,289.0785513942547,283.0787048339844,283.0787048339844,898578
2022-07-28,284.42649716270387,284.7743078039165,278.55710303239414,281.94830322265625,1006673
2022-07-29,282.1221889745557,282.1221889745557,274.2528381347656,274.2528381347656,1634511
2022-08-02,273.9050697792994,276.4702231107809,272.6442263039098,276.2528381347656,1047329
2022-08-03,275.60067528049615,280.64399596450573,273.992021196997,278.1658020019531,875408
2022-08-04,277.731033194131,278.64406599260826,274.1659143682343,275.4267578125,1253700
2022-08-05,274.55719682420624,278.12231537604595,274.1658932926174,275.3832702636719,654275
2022-08-08,276.42674182044,276.9919374746018,273.81812199853664,274.6441955566406,502885
2022-08-09,274.5572147061843,277.55713788041976,273.94852618101305,276.8180236816406,790033
2022-08-10,276.1658731089006,277.7745272052978,274.42679333684987,275.6006774902344,625440
2022-08-11,276.38321073045387,276.86144697133585,269.60078485967006,269.687744140625,1443381
2022-08-12,270.86164008246527,274.6006505028123,270.42687019469247,273.905029296875,873382
2022-08-15,274.77457646659815,277.2962365762887,273.3833074810365,276.42669677734375,508390
2022-08-16,277.90496924545977,277.9919285464332,271.6442710829138,274.47027587890625,957424
2022-08-17,273.9920369568661,275.7745831969563,271.81818713419386,275.3398132324219,846733
2022-08-18,274.7745964802775,278.5136072735785,273.99201591147624,278.20928955078125,798780
2022-08-19,278.470131658313,282.81783082549975,277.90493607382865,281.16571044921875,1017091
2022-08-22,279.9918163911796,282.9917393241561,279.4266208268323,281.73089599609375,766160
2022-08-23,279.9048829006227,280.90484845835863,275.20937284185084,275.4267578125,791836
2022-08-24,274.1224297958786,276.3832386478368,273.77461917317333,276.2093200683594,555205
2022-08-25,276.9484321732164,278.600552521003,274.9919675817259,277.7745056152344,537343
2022-08-26,278.64406599260826,279.47011295932435,275.1224135463409,275.4267578125,606403
2022-08-29,272.60075071884717,275.9919509229319,272.16598078149656,273.3833312988281,591896
2022-08-30,272.60074572269224,277.47017423902395,272.51378642956564,275.1224060058594,761709
2022-08-31,273.73110896554647,277.03537601310256,272.9485284798416,274.2528381347656,1221658
2022-09-01,274.5571878997018,275.1658763654435,271.07902874974513,271.9920349121094,771639
2022-09-02,273.55725660719185,277.12237548828125,271.5138325442045,277.12237548828125,741670
2022-09-05,274.7746210017146,278.03539577626026,272.1660011820781,277.5571594238281,582792
2022-09-06,277.4701633120048,282.51348367972867,277.2092854428987,281.339599609375,752754
2022-09-07,280.77441335882895,284.03518780911634,279.6440221638961,281.296142578125,1002131
2022-09-08,283.90476975083766,285.4699309144429,279.68749604146933,281.6004943847656,951471
2022-09-09,282.03526251702215,283.948234311817,279.7744535447638,281.94830322265625,895756
2022-09-12,281.64396220498304,281.64396220498304,277.8614584146262,280.5570373535156,988220
2022-09-13,280.55700617359065,281.9482751360994,280.1222362813222,281.0787353515625,1123582
2022-09-14,283.81776024496344,284.94817780647196,279.5135545383919,279.9917907714844,1253971
2022-09-15,284.339534974654,287.1655395271544,281.55699680076873,285.03515625,1152892
2022-09-16,283.7308654785156,288.643787258929,282.86132555791187,283.7308654785156,3440227
2022-09-19,282.2091520396436,283.42652907735095,279.3396811050492,279.9048767089844,711134
2022-09-20,279.99183380415764,281.5569949314198,275.60066814315786,275.6441345214844,999368
2022-09-21,275.03541631119316,276.77449583648996,272.0789864254381,272.9050598144531,998615
2022-09-22,270.51383849617304,273.73111985118044,269.03561021397445,270.9486083984375,962749
2022-09-23,271.8181977509284,273.64423698054554,266.94876865070074,268.9486999511719,1068010
2022-09-26,269.3399515360099,270.16602495586596,263.64447649252435,265.9922180175781,2025906
2022-09-27,267.60087243076606,272.9485368731482,266.4269883979874,271.8181457519531,1635741
2022-09-28,286.9481250889647,289.55674440795525,280.078766189539,282.9917297363281,3039727
2022-09-29,281.55700984833345,282.1222320140269,277.07888465717866,278.47015380859375,1586816
2022-09-30,279.3396871912979,281.73092186764364,277.6006074266828,281.252685546875,1185152
2022-10-03,278.5571016199101,281.0352955473915,277.3397511137133,280.07879638671875,865821
2022-10-04,280.7744131299711,289.3393859863281,279.9918325697901,289.3393859863281,1859841
2022-10-05,288.6437381263936,289.90455487490317,284.8612348083691,285.20904541015625,983702
2022-10-06,284.8177846401492,285.94820243590755,280.730963017413,283.0787048339844,699889
2022-10-07,282.68740914631434,284.9047251383649,281.4700586695758,282.1656799316406,710902
2022-10-10,281.2961175629569,281.90480602071443,276.9049523082353,279.0353088378906,1360636
2022-10-11,279.8179324723928,281.4265866134243,276.90499500238553,280.5135803222656,745648
2022-10-12,281.0353167863842,284.3395579152406,278.0788597870094,280.1222839355469,1226500
2022-10-13,277.68754431442323,280.3396301269531,275.9484646901416,280.3396301269531,900910
2022-10-14,280.33962041297315,285.20904849948226,280.07876909286927,283.8177795410156,1285844
2022-10-17,283.8178246054571,287.3829435850179,282.6004740246016,286.6438293457031,1273423
2022-10-18,283.2526158455854,286.5568567743335,281.948306025882,285.68731689453125,1081343
2022-10-19,283.7743149359762,286.07859006542367,282.6004309156921,283.469970703125,925598
2022-10-20,282.03522858236767,283.2525789482649,280.122230481495,280.42657470703125,1073767
2022-10-21,280.55704054221314,283.20915313168723,279.339690001984,282.0787353515625,1127419
2022-10-24,282.55699886017226,285.51342918928225,282.33961388691046,284.469970703125,933785
2022-10-25,283.9047724981294,288.94809321743935,283.77434682260866,288.2524719238281,838230
2022-10-26,287.38291985831205,289.643728771104,285.03515165344146,287.4698791503906,765275
2022-10-27,286.64378086116614,288.6872046349584,282.9917297363281,282.9917297363281,814049
2022-10-28,283.51344000526404,288.4263610839844,282.6004338335321,288.4263610839844,582076
2022-10-31,288.8611485902986,290.46977608271686,286.8177246369223,289.16546630859375,1100223
2022-11-01,289.7306746029053,290.6002144107937,285.0786313234527,286.51336669921875,757589
2022-11-02,286.46991261992787,292.0349623220411,286.38295332815653,290.20892333984375,921169
2022-11-03,288.25243963629373,289.55674931790594,284.9481990573756,288.6002502441406,714339
2022-11-04,287.86113422011533,287.9046271309648,283.8177795410156,283.8177795410156,1105220
2022-11-07,284.33953676942156,284.4699624423409,280.25268877627815,281.7743835449219,851346
2022-11-08,280.07880709417594,283.94824372738236,279.5570778469313,281.90484619140625,749042
2022-11-09,281.7309153877306,286.60034392390446,281.5135304221536,285.03515625,1044177
2022-11-10,284.687355595383,289.8176356556511,283.55696434924397,287.3829345703125,857722
2022-11-11,283.9917322694082,286.9916289564125,281.2961533137112,283.1221923828125,1257069
2022-11-14,267.81827823852126,274.0789758767792,267.03569766780174,271.86163330078125,2179620
2022-11-15,271.1225297899001,275.4267629028029,269.2530243150162,273.68768310546875,1821213
2022-11-16,273.2528882935389,274.29634669149846,270.9920794554594,271.4268493652344,1587595
2022-11-17,270.6008072944101,272.60073830061646,266.51395945498865,266.7748107910156,1107014
2022-11-18,267.7312780242873,269.426891115228,266.8182719207018,267.8182373046875,1309833
2022-11-21,267.38353848009854,269.2530440923021,267.1661534894643,267.25311279296875,858528
2022-11-22,266.38355757022845,267.4704824611333,264.9488220214844,264.9488220214844,1046255
2022-11-23,265.2096885737563,267.3400720964732,264.6879592889834,267.25311279296875,2036286
2022-11-24,267.38347215180636,269.0355923635437,266.2965474682624,268.2964782714844,1110946
2022-11-25,268.68782878795525,272.55729195296215,268.4269774327589,270.77471923828125,1131464
2022-11-28,271.6877189856256,273.2528799988043,269.64429516446285,271.64422607421875,1440377
2022-11-29,271.2964471124697,272.20945338728984,268.2965238616292,268.90521240234375,1027051
2022-11-30,269.73126495839665,271.20946674259346,267.64434814453125,267.64434814453125,2745646
2022-12-01,268.6443667526687,270.73125723674895,268.2530631772933,269.557373046875,978439
2022-12-02,269.03564062983776,269.73128847385675,266.9922165509256,268.0356750488281,936837
2022-12-05,267.51392575821626,269.25300543359714,266.38353458371864,269.1660461425781,1227427
2022-12-06,268.60082610673624,269.905135744551,264.55747153676,265.383544921875,899304
2022-12-07,263.6009821775042,265.8183245649835,261.42713270129804,261.9053955078125,1894650
2022-12-08,262.42713190676386,263.55754970153566,260.4706671265357,263.4271240234375,1104905
2022-12-09,262.8618590349686,264.86181640625,261.03584676656715,264.86181640625,1485435
2022-12-12,263.5140474337605,264.77489086188893,262.20973762655905,263.4705810546875,1325827
2022-12-13,263.8183735950272,268.2530319424933,263.47056297755415,267.1661071777344,1138211
2022-12-14,266.1226616547793,267.64435639900813,264.20968989807045,267.4269714355469,1069352
2022-12-15,265.77488254607766,266.81834110896443,262.9488776858672,262.99237060546875,1341449
2022-12-16,263.2532087255461,264.644477893939,262.0358581542969,262.0358581542969,3602815
2022-12-19,261.731521824185,262.81844674870405,260.34025261355004,261.1228332519531,909187
2022-12-20,259.9054557781741,261.5141098074316,257.51422119140625,257.51422119140625,1318278
2022-12-21,257.6881430198987,259.0794121042375,255.73167833336768,259.0359191894531,1196979
2022-12-22,258.94896749159443,259.99242596951785,256.42730712890625,256.42730712890625,989203
2022-12-23,256.7316377642195,259.29679090676166,255.68817934170232,256.68817138671875,561755
2022-12-27,257.16642497838296,258.0794312572966,255.68819653644945,255.731689453125,426231
2022-12-28,255.20995411357777,256.2099196657163,253.68825932755132,254.38388061523438,680079
2022-12-29,254.47084154067528,255.94906995678687,252.9491467448992,254.64476013183594,641216
2022-12-30,254.73168615087314,255.81861086300992,252.60130310058594,252.60130310058594,709758
2023-01-03,252.16653883491819,257.8185474639767,251.64480965421694,255.4707794189453,991430
2023-01-04,254.94908220578947,259.818483899407,254.90558929365957,258.9489440917969,1152190
2023-01-05,256.2099169631444,258.20987458257656,252.9491424560547,252.9491424560547,1040157
2023-01-06,254.64475062943865,256.949025926948,253.64478510820823,255.29690551757812,1007883
2023-01-09,255.7316639805939,256.1229409741896,253.12304454495967,253.38389587402344,1101619
2023-01-10,251.7317946026602,255.992534696284,251.68832822327417,254.38388061523438,960924
2023-01-11,254.68823960653887,255.86212381660135,251.99266052246094,251.99266052246094,2084034
2023-01-12,253.47087134520467,254.94909973427394,250.29705613646857,251.25355529785156,1129692
2023-01-13,252.51435770607472,255.5577470674612,252.47089132969748,253.644775390625,1294729
2023-01-16,254.38387027247379,257.16640838257564,253.29694546950432,256.16644287109375,1011092
2023-01-17,256.29688326409797,257.4272745096256,254.99257342560384,256.0794982910156,895008
2023-01-18,255.9925346659822,259.07941715330685,254.68822484954248,257.2968444824219,875351
2023-01-19,255.25343409909186,258.90551239472757,255.25343409909186,256.0360412597656,1391747
2023-01-20,257.20990378280715,257.38382238540663,254.64477688010984,255.9055938720703,1057566
2023-01-23,255.7316944202689,257.81858490992846,253.51435171430057,256.90557861328125,1162068
2023-01-24,257.55773893304763,258.03597528200095,255.9055918302937,256.8620910644531,952018
2023-01-25,256.8620666346127,257.2533701819965,253.68825148625072,255.29690551757812,1168164
2023-01-26,256.3403327578846,256.6012106301492,251.29701232910156,251.29701232910156,1545105
2023-01-27,252.25351903161697,252.73175534075824,251.0361685332342,251.6013641357422,1097991
2023-01-30,250.77527143168564,251.9491554615344,250.4709271963547,250.60137939453125,1199749
2023-01-31,250.60140818584705,251.21007019018884,246.55802644780076,248.0362548828125,1540341
2023-02-01,248.6884007751072,249.86228489720486,240.25385349096166,242.94943237304688,1956682
2023-02-02,242.25380360060586,242.51465493688843,236.60179466698486,238.1234893798828,2409995
2023-02-03,239.8190853367191,246.94932287942828,239.64519328461088,245.51458740234375,1928368
2023-02-06,244.12333550740178,247.81888021232237,243.0798769762172,246.8623809814453,1178697
2023-02-07,247.94924396837396,248.2535881753127,246.03627252064462,247.38404846191406,1594622
2023-02-08,249.34054565429688,250.6013890192718,246.644966880514,249.34054565429688,1689201
2023-02-09,250.51445909033106,250.77531045477798,246.25371874143062,247.4710693359375,1217854
2023-02-10,243.47115209170417,244.42765121074294,240.42776269055787,243.60157775878906,1612669
2023-02-13,243.55809317557276,244.340673655833,241.6885879904378,242.7755126953125,815060
2023-02-14,243.38422016832877,245.21025932159117,241.47124825140128,242.0799102783203,1535694
2023-02-15,241.25386821360385,242.47121882864099,240.5582203362589,240.94952392578125,1117691
2023-02-16,241.29729074728715,242.21029690858836,239.16690765591989,239.38429260253906,1528126
2023-02-17,239.12343507243443,243.99286305752264,239.12343507243443,242.7755126953125,1836706
2023-02-20,243.86245507969738,244.99284624021897,242.4711860493442,243.51461791992188,752914
2023-02-21,243.25378554921735,245.4711016662645,242.38424565449273,245.123291015625,1234543
2023-02-22,245.21023793743214,247.2101689798685,244.51461667125872,244.9493865966797,1296859
2023-02-23,244.94939052897683,245.21024187391689,242.16685234711295,243.03639221191406,1246255
2023-02-24,243.0798604032185,244.079852484197,239.21042389775087,239.77561950683594,1280947
2023-02-27,239.12346730036626,240.21039215173155,238.08000882855507,238.29739379882812,1338959
2023-02-28,239.07999895595418,239.12346533515105,236.34092712402344,236.34092712402344,2269644
2023-03-01,236.1235157472956,237.86259530068756,234.86269899283525,235.73223876953125,1359066
2023-03-02,235.12355710476427,238.9060605499292,234.2540173029447,238.1669464111328,1139567
2023-03-03,238.55825929785368,238.99302921582452,236.77568671242327,238.1234893798828,719260
2023-03-06,237.77566433549043,238.123474941528,234.51489014842252,235.38442993164062,1050631
2023-03-07,234.38445955756183,236.34092425014998,232.60191345214844,232.60191345214844,1547584
2023-03-08,231.21064112453018,232.03671459766213,230.51501985807727,231.08021545410156,1350371
2023-03-09,231.73236760588622,232.5149481554666,229.25417375200666,229.64547729492188,1222691
2023-03-10,230.86281960551588,232.81928417844398,228.8628886565779,229.25416564941406,1675097
2023-03-13,229.34113949114348,231.60194844835374,227.38467479406265,229.77590942382812,1525315
2023-03-14,231.08020252254875,231.55843879944112,229.08027159122753,230.81935119628906,1384589
2023-03-15,231.29758692046647,232.73232228396398,229.81935864519707,230.73239135742188,1543115
2023-03-16,234.4749901836871,235.64735412597656,232.08515444189862,235.64735412597656,3028438
2023-03-17,236.72954701420915,238.98411412863018,234.1593349994549,236.0531768798828,7205421
2023-03-20,235.91789180407548,237.27063197781266,233.79859336090675,235.78262329101562,2113913
2023-03-21,236.59426722407412,238.26265231360463,236.0982459695813,236.909912109375,1527908
2023-03-22,236.9550187496857,237.4510125376781,235.15136494378896,235.3317413330078,1281923
2023-03-23,233.39277455811086,234.42989743858922,231.63422873776463,232.98696899414062,1339145
2023-03-24,232.85170985398017,234.65536360181403,231.6342380698779,233.0320587158203,1020694
2023-03-27,231.63424095343427,234.2044530804079,230.91276293237598,231.6793212890625,2175804
2023-03-28,231.76949134284226,232.6262378253058,230.91274486037875,231.7244110107422,1125984
2023-03-29,231.76949632262307,235.19642728296736,231.45385142642985,233.43788146972656,1669593
2023-03-30,235.2415336008005,236.00809190895598,233.5280681318222,235.0611572265625,1144141
2023-03-31,235.91792331560967,235.91792331560967,234.5200751030959,235.3317413330078,1441785
2023-04-03,236.2786305426689,236.5942754389294,233.8436870818833,234.74551391601562,1106811
2023-04-04,235.37680276633435,235.73752799422914,234.1142507079172,235.19642639160156,1108915
2023-04-05,234.83568926326274,242.54632478643006,234.83568926326274,241.05828857421875,1636867
2023-04-06,242.86195731290255,249.12966486751924,242.77179664604446,247.5514678955078,1867192
2023-04-11,248.76894218889746,249.1296674247457,244.84598988531567,246.784912109375,1180187
2023-04-12,246.92020008347993,251.11371728546595,245.92821248714736,248.36312866210938,1417843
2023-04-13,248.00235654640977,250.12165491575638,247.6416313502923,249.40017700195312,884760
2023-04-14,250.03148697946045,251.33914688302184,249.53549323483819,249.8060302734375,819010
2023-04-17,249.80601904990698,250.7980340161519,247.73182845631527,250.6627655029297,970520
2023-04-18,249.80604585952062,251.24897437240995,248.49838587437077,249.21986389160156,1046711
2023-04-19,249.2198651888878,249.58059043859478,247.37110356158442,248.18276977539062,1299954
2023-04-20,247.6867221555497,250.7078474037578,247.6867221555497,250.3471221923828,1279656
2023-04-21,251.69988914552374,254.36026194372886,251.1587875101282,253.45843505859375,1450906
2023-04-24,254.08969298283756,254.49552603882017,252.06058274606247,253.1878662109375,814779
2023-04-25,253.77407740671833,255.3071941045752,251.88023546276935,254.22499084472656,1030716
2023-04-26,253.593719398357,255.03662033068602,246.42418498397342,247.68673706054688,1674264
2023-04-27,248.85910751709412,251.8802051711685,248.27289810092438,249.08456420898438,955238
2023-04-28,249.80602315852516,253.8191634200608,249.1747333910129,252.8271484375,1260197
2023-05-02,254.1348127293821,255.7130098249872,252.4213471013255,253.09771728515625,921987
2023-05-03,253.8642347237052,254.0896914152893,250.39219616899618,253.50350952148438,1149201
2023-05-04,252.7369733093478,254.3602506217071,251.97041498678934,254.31517028808594,775024
2023-05-05,254.3151804129866,255.84829711914062,252.87225189923674,255.84829711914062,620150
2023-05-08,256.2540952266789,257.4715669846861,255.66791327551144,256.2090148925781,591310
2023-05-09,257.02063917968405,257.06571951126307,253.86424536519672,255.75808715820312,1015893
2023-05-10,255.08171477777995,255.08171477777995,251.92532099147226,252.69187927246094,937134
2023-05-11,253.95443475053582,255.75808836734137,253.36825282938804,254.7209930419922,934502
2023-05-12,254.72100577878916,257.33629814961546,254.72100577878916,256.7951965332031,681944
2023-05-15,257.33631442229716,258.0577649420869,255.7581173288804,256.34429931640625,741675
2023-05-16,256.344281983407,256.56973869579343,253.6838817686182,254.58570861816406,945528
2023-05-17,254.7660743862214,257.02064141618797,254.63080586873744,255.5777130126953,1058523
2023-05-19,257.24611847109105,260.853426004428,256.4344797804047,259.95159912109375,1788363
2023-05-22,259.9064772509532,260.6279276336995,256.75008366369383,258.2831726074219,910916
2023-05-23,257.8774134253275,259.9065239531736,257.20104324937887,258.4184875488281,1009350
2023-05-24,258.73413568894387,260.853434437609,258.41849076525784,260.4476013183594,1381743
2023-05-25,259.36539570472166,260.8083241030574,258.2831925255773,259.27520751953125,941884
2023-05-26,260.4926866293346,263.1079789448666,259.5457519402409,262.16107177734375,1530897
2023-05-30,261.52979778155543,262.16108761241577,259.0497738370751,259.6359558105469,1494594
2023-05-31,259.7261177724329,262.52178634999177,254.40534516960327,259.906494140625,4512095
2023-06-01,260.44757480079807,261.9806914045648,259.27521094255553,261.3043212890625,1600874
2023-06-02,261.43960865884407,264.0549011230469,260.98869521599624,264.0549011230469,1044032
2023-06-05,264.23528407785614,264.7312778686904,262.83746337890625,262.83746337890625,1486135
2023-06-06,262.9727257032956,264.2803581762524,261.7101735660512,263.4687194824219,840017
2023-06-07,263.0628895270417,263.4686950755783,259.23012561307786,259.5908508300781,1077172
2023-06-08,259.1850164109496,259.54574162607236,255.2620643327616,256.07373046875,982434
2023-06-09,256.2090187263983,256.75012035156186,254.08972008209133,254.40536499023438,866261
2023-06-12,256.1188218656032,256.1188218656032,252.06060109660598,252.5565948486328,1043889
2023-06-13,252.28608017859804,253.95446548034047,252.10570378646298,252.78207397460938,868679
2023-06-14,251.88021975229162,251.88021975229162,245.79288871886448,247.59654235839844,1703255
2023-06-15,247.0554874351015,249.4453231884258,245.3871021848882,248.45330810546875,925420
2023-06-16,250.07656110462023,253.68386831144676,249.8511044041936,252.37623596191406,3339183
2023-06-19,252.24099171309828,252.37626024205397,248.40822743710976,249.03948974609375,784646
2023-06-20,248.9943856913194,251.92532279964163,248.54347229003906,248.54347229003906,1000617
2023-06-21,247.28093115398505,248.81402027286993,246.19872793465484,246.9652862548828,1380168
2023-06-22,246.19872605630403,247.8671112060547,244.71071728225593,247.8671112060547,714102
2023-06-23,247.91218936957156,251.2489596398709,247.7318405170182,249.35511779785156,914708
2023-06-26,248.5885661210005,249.21985592570277,245.70273670903492,246.19873046875,759497
2023-06-27,246.19873590810064,246.60456900888568,243.7637923465346,244.07943725585938,851152
2023-06-28,249.31004844556094,249.80604221389117,246.1987347450985,247.7769317626953,1128895
2023-06-29,247.95730159013576,248.63367172265487,246.24380857049707,246.3791046142578,637429
2023-06-30,246.78491146723064,249.12966677650022,246.6045626105615,246.64964294433594,1494087
2023-07-03,246.06346685541328,250.61768153790803,245.92819832929825,246.6045684814453,782711
2023-07-04,247.05548127756552,248.8140271556588,246.3791111271669,247.7769317626953,828296
2023-07-05,248.0925670262329,249.6707639824792,247.23582052707087,249.6256561279297,737986
2023-07-06,248.76892951622432,249.08457440210134,243.71869390690145,244.12452697753906,920525
2023-07-07,243.40307492399938,243.53834345475056,238.48813482955404,239.1645050048828,1183404
2023-07-10,238.84883898499086,240.33684773494565,237.9019043102411,239.20956420898438,640646
2023-07-11,239.25466728932304,240.02122566417387,238.12738365618154,238.84886169433594,665098
2023-07-12,237.94702416541952,240.56231657324162,237.94702416541952,239.8408660888672,961714
2023-07-13,239.75069083832648,242.90708504057977,239.75069083832648,241.32888793945312,653830
2023-07-14,241.9150544742121,245.34198552337284,241.41906071131856,244.57545471191406,1058107
2023-07-17,246.1987378672151,246.1987378672151,241.55433494656194,241.86997985839844,532811
2023-07-18,240.69758997559344,243.8990919286031,240.33686472609764,242.86196899414062,617511
2023-07-19,242.4561589438644,245.70274117268085,242.4561589438644,244.5303497314453,696680
2023-07-20,243.98924400297548,247.77692779315547,242.86196043703754,246.92018127441406,642208
2023-07-21,247.50639407224008,248.81402651335873,246.01835772794692,247.64166259765625,611073
2023-07-24,248.31802811756071,250.03149362455994,246.5594547552157,246.64964294433594,564963
2023-07-25,245.11651269335832,246.83000562685316,244.66559929434803,246.333984375,582453
2023-07-26,246.51437920478355,246.92018478134185,243.9892474682761,244.39508056640625,832311
2023-07-27,241.9150596400483,248.0474713920991,240.69758785236363,245.70274353027344,1122575
2023-07-28,243.76377179026457,247.055461610761,242.2306827510121,242.95213317871094,796208
2023-07-31,242.05033261939127,244.3048998522872,242.05033261939127,244.03436279296875,630631
2023-08-02,238.98410846250897,244.0794245159804,238.93902812991786,243.3128662109375,943597
2023-08-03,242.00522779962444,243.22269948653081,240.38192304322598,240.74267578125,780615
2023-08-04,240.83284372182106,240.83284372182106,237.31572459236344,239.02919006347656,723753
2023-08-07,238.9841302259983,239.75068860084914,238.21757185114748,238.84886169433594,612076
2023-08-08,239.1644949861278,241.55433066786313,238.84885007988237,240.29177856445312,685301
2023-08-09,240.607398512097,242.41105225663017,239.5252227783203,239.5252227783203,716127
2023-08-10,239.0742935465799,241.91504250221735,239.0742935465799,240.69757080078125,662827
2023-08-11,240.06630415578272,241.37393649732388,238.53318759362304,239.11936950683594,652809
2023-08-14,240.0663335224434,240.51724697569998,238.7135931626736,238.84886169433594,607254
2023-08-15,238.53319975032025,239.0743013599282,236.05317593439065,236.50408935546875,626386
2023-08-16,236.27863485016,237.09027351136154,234.9258945743003,235.01608276367188,672098
2023-08-17,234.47498528838665,234.88081838693762,231.99496140552873,232.62625122070312,849771
2023-08-18,232.04003720088824,233.1222404281387,227.936736047242,230.0109405517578,1249350
2023-08-21,229.60511500847548,231.67930569607495,228.92874489014036,229.33456420898438,839402
2023-08-22,229.96583490539157,230.41674830716687,228.207275390625,228.207275390625,977245
2023-08-23,234.02406681065898,240.7877681635682,233.2124281526241,236.77462768554688,2084983
2023-08-24,235.37680306219826,237.09026853803036,234.02406281471437,234.61024475097656,949347
2023-08-25,234.47497523390334,235.0160768349111,232.8967782852136,233.75352478027344,613400
2023-08-28,233.84368832132733,235.6473419991519,233.7084197998047,233.7084197998047,521633
2023-08-29,234.02406963759776,236.23355644819986,233.66334439873273,235.42189025878906,889757
2023-08-30,236.45900408936737,237.00007816611722,235.19642451942966,236.09825134277344,819418
2023-08-31,234.02406345733812,237.18045737680123,233.88879493653243,234.74551391601562,1614740
2023-09-01,235.73754987605938,236.0531948003554,233.97900390625,233.97900390625,519169
2023-09-04,234.47498097463185,235.55718420314332,232.35568237304688,232.35568237304688,802497
2023-09-05,230.86767306165598,231.0029415845263,227.35055385917158,228.9738311767578,996409
2023-09-06,228.8836596093084,229.15421041921635,225.27635217263148,227.62109375,1005254
2023-09-07,227.84654999267275,232.2654960891312,227.08000542043877,231.453857421875,1381907
2023-09-08,230.10111427794695,233.79860985126874,230.10111427794695,231.49896240234375,1161896
2023-09-11,232.53605823457985,233.03205199229475,228.297461040835,228.9738311767578,803914
2023-09-12,229.0640103370284,232.22040418025517,229.0640103370284,229.6501922607422,910669
2023-09-13,228.74836757045313,232.08513781573276,228.65819314485262,231.4087677001953,947766
2023-09-14,232.13023056806432,234.24952921445364,231.31859189030743,234.06915283203125,720191
2023-09-15,234.7455091779874,237.2255329217953,234.7455091779874,235.69244384765625,2640297
2023-09-18,235.4218924895764,236.00810197005484,231.9498810708328,232.62625122070312,1031090
2023-09-19,232.0851397567326,233.75352489332562,230.91274836705364,231.8145751953125,912672
2023-09-20,234.20445276992572,234.2946134410626,230.3716747523605,230.95787048339844,859130
2023-09-21,230.86768104639614,232.89679152434297,226.35854665095871,226.4036407470703,1323776
2023-09-22,226.4487356047178,227.0349175737815,224.64508184047722,224.91561889648438,1000563
2023-09-25,225.27634476890609,227.44072365546543,223.74324191086112,225.05088806152344,931472
2023-09-26,224.78034909364266,225.36653105938186,222.1199625586334,224.64508056640625,1833786
2023-09-27,227.1701725306348,232.26548860590566,226.8545413972202,227.26036071777344,1364866
2023-09-28,227.07999907831484,227.30545578634317,224.05887368642072,225.1861572265625,1059383
2023-09-29,224.59998147392938,227.75637547323154,224.59998147392938,225.86253356933594,1593988
2023-10-02,224.73524599747418,225.50180431654437,221.98467138060448,223.69815063476562,1222194
2023-10-03,223.6981418798535,224.55487459301122,221.57884338239262,222.1650390625,1100141
2023-10-04,220.90246765176533,222.07484522133439,219.8653723560608,220.00064086914062,1629992
2023-10-05,220.1810060396065,223.33739981557915,219.8202808266664,222.4806671142578,1567537
2023-10-06,223.021776145676,224.23923410061306,222.25521784158636,223.7432403564453,965002
2023-10-09,223.83340213963373,227.26034662663676,223.51777102578967,226.22325134277344,1371841
2023-10-10,226.35853359802437,228.29745577194032,226.3134395045131,227.84654235839844,1447689
2023-10-11,228.02694131187218,231.45387258549997,228.02694131187218,229.109130859375,1408172
2023-10-12,229.6051112751374,230.64220660207414,227.89163208007812,227.89163208007812,1223461
2023-10-13,228.34255537706807,230.8676733060097,228.16219275945488,230.0109405517578,1523831
2023-10-16,230.14620446892056,230.32656708292419,224.735243484099,227.3956298828125,1185891
2023-10-17,226.40362704995061,229.69528945516427,226.40362704995061,227.71127319335938,1603792
2023-10-18,225.99781776890646,227.93674002344636,224.96070861816406,224.96070861816406,992098
2023-10-19,217.34026479326658,218.78319321737004,213.5075007875762,215.0406036376953,2615067
2023-10-20,214.18388079399844,216.7991732025371,213.41732245315816,215.53662109375,2060418
2023-10-23,217.11481658910088,217.11481658910088,213.3271465284887,214.22897338867188,1085139
2023-10-24,212.15477043981403,213.913330078125,210.306022610498,213.913330078125,1050554
2023-10-25,212.8762330983971,214.45443010371767,211.07257937803075,214.22897338867188,1751692
2023-10-26,213.19186147428985,214.454427318621,211.92930939074435,213.9584197998047,999705
2023-10-27,214.13878146988915,216.88935609771374,213.01149791428773,214.40933227539062,1282612
2023-10-30,215.4013364210295,218.64790464059027,215.4013364210295,217.61080932617188,2118729
2023-10-31,215.49152053888142,215.53661463301196,208.23181172900152,210.8922119140625,2231134
2023-11-01,212.69587111385997,216.12280218416396,211.8391245854981,214.36424255371094,2031538
2023-11-02,214.04861481446338,215.9875370961899,213.14678793723502,214.7700653076172,1103893
2023-11-03,215.08570336039375,217.38536457615257,213.55260047014974,213.9584197998047,1398181
2023-11-06,213.9584132840711,214.09368180290815,212.65076714576702,213.86822509765625,826767
2023-11-07,212.24495682012673,214.63479249272723,212.1096745347733,213.19186401367188,981155
2023-11-08,214.09369514969592,215.94244300017127,213.3722446565421,214.7700653076172,1215896
2023-11-09,215.26606343214985,217.15990529585676,214.09368579084486,214.7249755859375,982976
2023-11-10,214.67988498459758,216.16789378687236,212.51549228217843,213.50750732421875,1657680
2023-11-13,213.73296026259817,215.9875273539758,212.9664019472156,215.3111572265625,984181
2023-11-14,216.1227933453668,216.7540831321915,214.72497277370294,216.0777130126953,1319166
2023-11-15,216.43843450466125,218.0617255156032,214.40932418118004,214.63478088378906,999525
2023-11-16,214.77005061916637,215.44642073082966,213.46240448877438,213.59768676757812,900335
2023-11-17,214.0936867333679,215.17588995212782,213.4624106962816,214.27406311035156,1797463
2023-11-20,213.86822509765625,214.4995148809898,212.4253104405151,213.86822509765625,1154498
2023-11-21,213.82314968946346,214.4093316323038,212.9213228476872,214.27406311035156,871644
2023-11-22,214.5896961498937,214.81515286233545,213.28204996988873,213.3722381591797,1181396
2023-11-23,213.73295250486765,215.49151202015577,213.23694501061075,214.95042419433594,845954
2023-11-24,215.98753174093451,216.3031766444527,215.04061079116576,215.2660675048828,746226
2023-11-27,215.58171248437924,215.7620751032593,213.6427764892578,213.6427764892578,1105013
2023-11-28,212.83112446346823,213.05658116311173,210.39619485947537,212.74093627929688,1457022
2023-11-29,212.83113877430097,214.4995239681596,212.33513124957656,213.19186401367188,896062
2023-11-30,213.2820553022982,214.72498380231528,211.74895237152134,212.87623596191406,4753965
2023-12-01,212.19985490876013,216.7089890387347,212.15476081530332,216.0777130126953,1303135
2023-12-04,217.79117783663085,222.70613127167726,217.70098964998274,222.1199493408203,1422731
2023-12-05,223.87851629358386,227.4407296113548,222.16505077692005,226.31344604492188,1771864
2023-12-06,225.41162109375,227.12510038565748,223.0217854170615,225.41162109375,1218341
2023-12-07,226.71926825194444,227.30546397039518,224.7352519020182,224.96070861816406,1178035
2023-12-08,224.9607154777702,229.2443932151611,224.8254469482724,228.43275451660156,1011434
2023-12-11,228.16218658504647,229.6501953410696,227.75636726620243,229.33456420898438,1159299
2023-12-12,228.61310966967577,230.68731420581818,228.56801557438848,228.79347229003906,1469090
2023-12-13,228.34254986545156,230.28148580015286,227.35054861213064,227.84654235839844,1671964
2023-12-14,228.65819994883392,229.78548350827327,221.3533969793527,221.75921630859375,1731296
2023-12-15,222.30031132050377,223.02177552927907,219.2341056341902,220.36138916015625,2907001
2023-12-18,219.68501505692592,222.1199446766575,218.9635508612464,221.1279296875,989976
2023-12-19,220.6319234004213,221.7141265802559,219.41446546428497,220.09083557128906,1006802
2023-12-20,220.27120349735208,222.11995125327402,219.36937666624723,219.59483337402344,767318
2023-12-21,219.23410534786478,221.39848421057877,217.6108143204367,220.94757080078125,984968
2023-12-22,218.64791428262862,220.5868502422337,218.51264576114278,220.31629943847656,602053
2023-12-27,219.59484489600385,221.2181360293225,219.2341196489491,219.77520751953125,545518
2023-12-28,219.77518693482733,220.4966511221488,218.6479034423828,218.6479034423828,636368
2023-12-29,218.69300467836345,220.67702093772147,218.51264206583733,220.4966583251953,558252
2024-01-03,224.599988777809,228.5680215730844,223.8785245166354,227.12510681152344,1680137
2024-01-04,229.46982835491897,230.64220595651278,226.89963021070156,229.37965393066406,1162625
2024-01-05,229.15420727869343,230.77748459432263,225.6370743196637,226.62908935546875,879614
2024-01-08,226.8545467097585,227.3956345629057,225.27634972337088,226.7643585205078,724037
2024-01-09,227.5309186799496,228.92875305988352,226.67418591830807,227.48582458496094,894046
2024-01-10,226.1781762047482,229.8756580246549,224.9156103612209,228.9738311767578,1318907
2024-01-11,228.88366121053727,229.9207566015229,225.50181046499384,225.99781799316406,957180
2024-01-12,228.02691808625835,229.2443760429002,226.9898089815798,227.71127319335938,926995
2024-01-15,226.8094332404728,226.89962142201938,225.81741828659827,226.22325134277344,642017
2024-01-16,225.4567020736456,226.17816627243826,223.1570409603374,225.54689025878906,921494
2024-01-17,223.6530546953994,224.28433072665675,221.98466954920423,222.9766845703125,876608
2024-01-18,220.72211658670406,223.87851049090617,219.6850212367804,221.80430603027344,1175921
2024-01-19,223.65305977782052,224.64507482147192,220.1359405517578,220.1359405517578,1408278
2024-01-22,221.03777221984657,224.4647033308384,220.27121387298544,223.4727020263672,980411
2024-01-23,222.66103089141922,224.23922778770327,219.54973119090192,219.82028198242188,1078075
2024-01-24,219.86539718704051,221.08285522460938,219.008664398947,221.08285522460938,914338
2024-01-25,220.04574963278023,220.3613945320595,216.5737107838504,218.24209594726562,992560
2024-01-26,219.14391686737827,224.28432698001157,219.14391686737827,223.15704345703125,1170983
2024-01-29,222.16504686413543,223.29233041071458,221.6690393514835,222.52577209472656,673652
2024-01-30,222.074847809504,224.05886400224415,221.57884032112278,222.4806671142578,736722
2024-01-31,224.50978678585915,224.50978678585915,221.03776174359024,222.84141540527344,1343137
2024-02-01,217.2951758560531,217.52063256762005,210.30601779747818,210.57656860351562,3189813
2024-02-02,210.93728415286057,213.19185116501507,210.26091404921425,211.11766052246094,1298916
2024-02-05,210.08055141065248,211.0274723077803,206.47324419171608,207.87107849121094,1735083
2024-02-06,208.41219099241516,209.17873556011028,204.7146953950623,207.9161834716797,1930911
2024-02-07,208.7729217004122,209.13364694633606,205.3008827250542,205.79689025878906,2318773
2024-02-08,204.5343411618481,207.46527855087584,202.685593287381,202.82086181640625,1387393
2024-02-09,203.00123820282158,203.00123820282158,200.8819395095178,202.82086181640625,1326187
2024-02-12,202.68557985745943,205.1656036376953,202.2346664428711,205.1656036376953,1341717
2024-02-13,206.0674285888672,207.6456255255434,205.30087028673893,206.0674285888672,1697777
2024-02-14,205.75178277273153,206.06742766296261,204.30886812215346,204.89505004882812,1305816
2024-02-15,203.36195525634866,205.79688500615222,203.36195525634866,204.6696014404297,1232713
2024-02-16,203.58741716573672,206.6536230384478,203.58741716573672,205.79689025878906,1370536
2024-02-19,206.5183506011963,209.71983870110125,206.24779979148298,209.2238311767578,971144
2024-02-20,209.4943629866744,211.16273426715526,208.6827106311461,209.4041748046875,790133
2024-02-21,208.3220055858337,208.81801311319524,207.10453381510862,208.18673706054688,1134956
2024-02-22,209.71984386472795,210.08056911270344,204.98525274092233,206.38308715820312,1627852
2024-02-23,207.01435075143692,209.76492532410282,206.473249151285,209.5845489501953,1079974
2024-02-26,210.08057040832793,210.26093303342802,206.65362548828125,206.65362548828125,1594528
2024-02-27,206.157629672342,210.30602505179743,205.7067162336543,209.17874145507812,1362441
2024-02-28,209.71984062124812,211.34313173360468,208.14164360438764,208.32200622558594,1138645
2024-02-29,209.62965489376583,210.5765758671673,208.0965519543848,209.17874145507812,1577953
2024-03-01,209.314028940166,212.29004670076696,208.90819582664182,210.3060302734375,1097874
2024-03-04,210.17074491142301,211.9293044729779,209.22382399034413,210.6216583251953,1088417
2024-03-05,210.57657818757698,213.91333491847772,210.08057064739762,211.6587677001953,1632562
2024-03-06,211.38819608143584,213.32713195484092,211.29802165804938,212.74093627929688,926204
2024-03-07,213.23695526417202,215.08570305305352,212.65077331781757,214.5446014404297,1429593
2024-03-08,213.4623995782996,215.08569056110642,213.10167436469135,214.8151397705078,1411938
2024-03-11,216.3482540731611,218.3322841358556,215.9424347460774,218.24209594726562,1489129
2024-03-12,218.87337439224044,221.44358642668053,217.6108223028087,220.7221221923828,2094425
2024-03-13,220.72210618964866,220.72210618964866,217.02461085743872,217.3402557373047,1862536
2024-03-14,219.31268089445922,220.58066144172213,216.63583944209267,218.27951049804688,1964137
2024-03-15,218.8430598525993,219.5005254064225,216.40102855934268,216.7767333984375,5852354
2024-03-18,216.77672877422938,216.96457402393264,214.24078207405068,215.64964294433594,927967
2024-03-19,215.08609174552484,217.4811580788949,213.20761059490889,215.133056640625,1233761
2024-03-20,216.02534207734524,217.90382331280043,215.08610145961765,216.91761779785156,956554
2024-03-21,215.0860805876949,216.3070961385885,210.43684284743964,211.37608337402344,2338691
2024-03-22,210.90647045942364,214.00596717148179,210.38988528546835,211.61090087890625,1186859
2024-03-25,211.89268162218593,212.78495731123695,211.23520174761512,211.7987518310547,757880
2024-03-26,211.79874073349242,213.8650670450455,211.79874073349242,213.39544677734375,960787
2024-03-27,213.72420419406149,214.75736026858135,212.36230817256862,212.97280883789062,1151158
2024-03-28,212.36230326391444,216.07230073038997,212.36230326391444,215.74356079101562,1443902
2024-04-02,216.21318142583408,217.43419706184667,213.30154418945312,213.30154418945312,1681585
2024-04-03,214.05291907533197,214.14684886452096,211.89267724072178,212.64405822753906,1307642
2024-04-04,212.64405983303942,213.58330040532613,210.48381798211904,211.23519897460938,1351378
2024-04-05,209.54457125411813,210.10810698193112,205.88152453080372,206.16329956054688,1621778
2024-04-08,204.84837748869307,206.63292886898287,203.81520711167857,206.44508361816406,1494784
2024-04-09,207.5721672949394,210.2020437740607,207.5721672949394,208.3235626220703,1519720
2024-04-10,209.26280290316257,210.8595090137695,208.7931826158268,210.7655792236328,1052844
2024-04-11,209.5445828968565,214.9921668934279,209.5445828968565,212.3623046875,1355646
2024-04-12,210.9534415779387,213.1136834627514,210.85951178656683,211.32913208007812,1292148
2024-04-15,213.01975596815288,213.39544644906704,210.20203436627696,211.4230499267578,761091
2024-04-16,210.48382512674905,211.23520614474415,206.91470796457526,208.0417938232422,1195512
2024-04-17,206.63292262858252,208.69924898853364,205.41190703762436,206.7268524169922,1102421
2024-04-18,206.06938447063283,208.32357053767723,205.78762375246734,206.6329345703125,1082997
2024-04-19,205.97547008687062,208.6053466796875,205.22407472725516,208.6053466796875,1363531
2024-04-22,209.35671441566927,213.39545167696969,209.35671441566927,212.0805206298828,1837156
2024-04-23,211.89268296862198,216.49495612981838,211.89268296862198,215.74356079101562,2208142
2024-04-24,212.83191632467955,212.92583178154126,207.1964729727287,208.69924926757812,2211530
2024-04-25,208.60532544300048,209.3567063944485,205.03620859693035,205.50582885742188,1598654
2024-04-26,206.82077872060128,207.94786458226065,205.88153811393946,207.57217407226562,1087703
2024-04-29,208.13571459000343,209.63849089249626,207.1964740265678,207.760009765625,994900
2024-04-30,207.38431741263614,207.7600079019709,205.7876113354531,207.19647216796875,1454831
2024-05-02,206.82077438685232,209.2628056456722,200.621795111783,201.09141540527344,2132636
2024-05-03,200.6217975161384,205.31800050732446,199.96431763203302,204.09698486328125,1731684
2024-05-06,204.56659454030137,206.35114585161978,203.43950874727537,205.22406005859375,988152
2024-05-07,204.84837588647855,208.22963336979296,204.84837588647855,207.85394287109375,1167856
2024-05-08,208.79318237304688,209.63849315659886,207.76001200943995,208.79318237304688,1238923
2024-05-10,210.4838093927992,212.73798094163064,210.38987960673404,211.4230499267578,1320691
2024-05-13,210.95343274746415,214.5225353634087,210.1081076555246,213.95899963378906,1268808
2024-05-14,210.85950038948636,211.4230504439093,208.22962402163475,210.95343017578125,1601641
2024-05-15,210.95343889984414,214.3346963711953,210.95343889984414,213.67723083496094,1385260
2024-05-16,220.72153665621838,223.91494890070263,219.31267578394466,220.53369140625,2565942
2024-05-17,220.8154732468953,223.3514200287459,219.78230284274258,222.69395446777344,1769678
2024-05-21,224.0088661443526,224.29064116935936,220.15797424316406,220.15797424316406,1895628
2024-05-22,221.19116266053805,221.19116266053805,217.05850972778796,217.8098907470703,1551322
2024-05-23,218.37343219397977,220.6276038258933,217.99774169921875,217.99774169921875,1343271
2024-05-24,217.90380684279884,218.37342711616697,216.1192555366694,216.40101623535156,1009115
2024-05-27,216.21317151541223,217.24634185199088,215.64963578501118,215.931396484375,536073
2024-05-28,216.77672022201324,217.62203097816587,214.42861886417444,214.8982391357422,1047030
2024-05-29,214.42862732375394,217.05850381462122,213.48938674356376,215.64964294433594,1091180
2024-05-30,213.3015335966013,214.8043098702626,212.7379835366825,214.42861938476562,1140683
2024-05-31,214.3346926607131,217.8098798620825,213.39545210187416,216.96456909179688,2382396
2024-06-03,218.56127744136026,219.1248275151755,216.68279630420776,217.99774169921875,856265
2024-06-04,218.27950265806834,221.2850839463435,218.18558720010583,219.9701385498047,965235
2024-06-05,221.28509465825329,223.35142114521332,221.0033196073782,221.7547149658203,1067450
2024-06-06,221.84861308270752,224.5724192526354,221.37899281185858,223.6331787109375,1001498
2024-06-07,224.76027493066272,229.17470281527795,224.29065463800845,227.85977172851562,1516994
2024-06-10,225.13595581054688,227.85976199053943,224.10279980986556,225.13595581054688,1202511
2024-06-11,225.13596650695214,226.9205322265625,224.47850096043214,226.9205322265625,1004984
2024-06-12,226.07520167036958,228.705078125,225.60558138674534,228.705078125,1065666
2024-06-13,228.70506983503188,231.05317116804042,227.9536745421345,230.86532592773438,1260611
2024-06-14,231.99241916755295,233.40128001270006,230.959248815109,232.55596923828125,1146866
2024-06-17,231.99241796676108,232.08634775528748,228.70507601176647,230.58355712890625,1115800
2024-06-18,230.5835512281079,232.931652564443,229.64431069357383,232.8377227783203,925706
2024-06-19,233.21343832767462,234.904074234003,232.7438180387875,234.62229919433594,1200253
2024-06-20,234.9040646743197,235.5615301856706,233.21342883679364,234.8101348876953,1550567
2024-06-21,234.99798649850672,238.6610333010396,234.90407104101016,237.4400177001953,4148653
2024-06-24,237.44001743447575,239.97596409082288,236.688622116976,239.8820343017578,985826
2024-06-25,239.3185006981294,239.88203644252812,236.87646947738037,238.00355529785156,978313
2024-06-26,238.6610462732417,239.4124273007493,233.77698360439575,234.43446350097656,1200732
2024-06-27,234.81014629059683,236.2190071683404,234.43445578920145,235.1858367919922,884271
2024-06-28,235.8433057359963,236.87646173278546,234.2465853498864,234.34051513671875,1070180
2024-07-01,233.8709128440686,235.6554642776789,233.7769830500157,234.90408325195312,820163
2024-07-02,233.87091119716345,234.15268624566357,231.52280967911963,233.4012908935547,1032254
2024-07-03,233.02558778103904,233.87089854914967,230.77140184662142,231.0531768798828,929796
2024-07-04,223.9149422514088,229.17469508437534,223.63318155066025,228.61114501953125,1296765
2024-07-05,229.08077819654554,231.61673929947776,228.42331263831932,228.51724243164062,757877
2024-07-08,228.6111387936111,229.64430910713043,228.04760307578763,228.89291381835938,795759
2024-07-09,229.2686304441967,232.0863521735477,228.89292561461227,229.73825073242188,991513
2024-07-10,229.73825771520924,234.81015124952935,229.73825771520924,233.87091064453125,790746
2024-07-11,236.12506715059288,237.5339279673188,234.90406590810244,236.7825469970703,966078
2024-07-12,237.0643107691059,240.16380747242897,237.0643107691059,239.31849670410156,757559
2024-07-15,239.88204097868697,245.42355472760312,239.13065997194678,242.98155212402344,1406459
2024-07-16,241.47875103465373,243.63899283339342,240.4455806974251,243.16937255859375,881783
2024-07-17,260.82713045449043,261.10889117387086,253.6888960422472,257.3519287109375,2847622
2024-07-18,261.3906283196967,261.7663474627849,257.5397650731598,261.48455810546875,1736960
2024-07-19,263.36306657063653,263.92661668056024,258.3851027035671,261.3906555175781,2028102
2024-07-22,262.0481284313889,263.456989336934,261.2967474137709,263.081298828125,1320185
2024-07-23,262.0481100205081,262.7994909853358,256.22480722138044,256.6944274902344,1273360
2024-07-24,256.41270388196983,257.7276350922842,254.53422253484916,256.88232421875,1177615
2024-07-25,264.86583416913004,268.0592462952375,259.4182504636143,260.6392517089844,1873550
2024-07-26,262.98735932036715,268.998493229306,261.76635804600437,268.622802734375,1734682
2024-07-29,269.5620558497355,269.93774636215244,266.46257329310936,268.05926513671875,1009739
2024-07-30,266.8382367328847,268.6227879833215,265.05368548244786,268.1531677246094,750064
2024-07-31,267.6835555521386,268.52886631068657,265.7111446732956,268.4349365234375,1249212
2024-08-02,265.6172301516906,268.7167413289648,261.29674632339356,264.0205383300781,1614343
2024-08-05,260.16962381998695,260.3574833891665,247.48987681070963,253.59494018554688,2477360
2024-08-06,251.90432229941084,253.68887357861607,247.95950059729714,250.30760192871094,1606646
2024-08-07,254.90987372624144,258.19721557630106,252.4678426192422,257.5397644042969,1202091
2024-08-08,258.1972259487837,259.23039630440553,254.90988396666262,258.8547058105469,905033
2024-08-09,258.8546890464485,260.2635498046875,257.53975807142785,260.2635498046875,685502
2024-08-12,259.9817799319552,261.108880088323,259.04253935609796,260.9210205078125,516146
2024-08-13,262.9873476564979,263.4569679201702,260.4513867673289,262.4237976074219,847618
2024-08-14,262.7056039255643,263.9266052246094,260.35750245559444,263.9266052246094,942300
2024-08-15,264.86583662902217,265.89900697265585,262.89342572996645,264.5840759277344,802999
2024-08-16,264.6779637599852,265.80506383522544,262.9873423104704,264.2083435058594,880831
2024-08-19,263.269099552908,266.46254016985614,262.89340908719214,265.992919921875,822462
2024-08-20,266.4625630228531,267.0260844380844,264.67798299679504,266.74432373046875,898858
2024-08-21,264.8658198613821,267.1199913190227,264.8658198613821,265.992919921875,884153
2024-08-22,267.0260821864113,267.40180134452754,265.24153083874904,265.7111511230469,573377
2024-08-23,265.8050603573444,267.40178066581853,264.8658198613821,265.992919921875,695197
2024-08-26,266.27470237330385,267.6835632324219,265.99294166681926,267.6835632324219,584470
2024-08-27,267.68356647897275,267.68356647897275,263.8326743513425,264.8658447265625,805404
2024-08-28,264.67799176377054,266.46257184893955,263.9266107430089,265.0537109375,941204
2024-08-29,265.14761350462675,268.05926513671875,263.92661217343436,268.05926513671875,1435414
2024-08-30,267.6835676874966,270.3134298696135,266.8382568906267,269.7499084472656,1479346
2024-09-02,269.8437937953953,270.68913320617906,268.62279256724634,270.2195129394531,1382103
2024-09-03,267.6835549379792,268.4349359075541,263.08128200680255,264.4901428222656,1417618
2024-09-04,262.9873734619065,264.86585470092007,260.9210326336519,262.2359924316406,2499132
2024-09-05,258.57290400848734,262.04810540209724,257.7275932721175,259.4182434082031,1704249
2024-09-06,258.0093846685911,261.39062764083263,256.8822845689465,257.5397644042969,1142423
2024-09-09,258.19722296984247,259.4182528899797,246.08102553677014,250.965087890625,1995768
2024-09-10,249.74406113476178,253.9706436879902,248.61698965190928,252.56178283691406,1353152
2024-09-11,250.11974834382642,254.8159511190642,250.11974834382642,252.4678497314453,1117803
2024-09-12,243.2633014867514,248.52305427859378,239.78811433184677,247.020263671875,2962190
2024-09-13,247.02026437230248,253.78280779003885,247.02026437230248,249.46229553222656,1201563
2024-09-16,248.1473813320224,249.4623124570868,247.58383123175233,248.05345153808594,1063272
2024-09-17,249.27443874311038,251.246849650607,248.33519818366887,250.02584838867188,2015353
2024-09-18,251.4346966663933,252.93745855574545,249.8379763297745,252.09214782714844,1217780
2024-09-19,254.53418328115873,254.53418328115873,250.96508073738872,251.24684143066406,907090
2024-09-20,250.96510094464287,253.782822757659,250.96510094464287,252.8435821533203,2402502
2024-09-23,251.2468484752223,253.03139979714325,250.30760792017475,252.4678497314453,1008075
2024-09-24,252.46784340205693,253.68887329101562,251.34077196226383,253.68887329101562,789523
2024-09-25,255.28557540286283,256.1309148463494,253.8767145481818,255.00381469726562,731149
2024-09-26,256.78838589288273,257.8215563321661,253.12535312028695,254.1585235595703,1546099
2024-09-27,254.3463408994366,256.50661145948015,253.78281947480173,255.6613006591797,1213372
2024-09-30,253.97066396575525,256.9762454866978,253.97066396575525,254.1585235595703,1362722
2024-10-01,255.37951231415929,255.37951231415929,248.33520784431295,248.8987579345703,1455103
2024-10-02,248.33519540815487,250.40153608117066,248.2412656205911,249.46229553222656,1185408
2024-10-03,249.46230369684807,249.7440644054143,245.32965087890625,245.32965087890625,955981
2024-10-04,245.79926718469903,247.020268453159,242.41799541997113,242.79368591308594,975596
2024-10-07,242.69975783530347,244.4843091876926,242.04230663355352,244.29647827148438,1368800
2024-10-08,243.2633127144645,247.7716560793547,242.60583283638346,247.39596557617188,1839056
2024-10-09,247.02028276022236,249.55624389648438,246.6445922453481,249.55624389648438,825378
2024-10-10,249.27445065362937,251.4347212415725,249.27445065362937,249.9319305419922,1416874
2024-10-11,249.65011676193262,252.28000739499032,248.52304534491853,252.09214782714844,1217036
2024-10-14,252.65571871215369,254.25243918050654,252.56178892048328,253.21926879882812,827220
2024-10-15,254.72204736247116,255.8491188188752,253.407087668313,254.81594848632812,1101933
2024-10-16,253.68888909383213,255.66130006551856,252.37395800049052,253.21926879882812,826455
2024-10-17,253.0313919218145,255.3794932363513,251.24684065543576,255.0977325439453,889804
2024-10-18,255.1916655605789,256.97621684955465,254.62811550528485,256.6944274902344,1007579
2024-10-21,256.7883458338646,258.4789959244093,256.03696490251934,256.3187255859375,762478
2024-10-22,255.09775057119666,256.22482208381456,252.37395858651826,255.6613006591797,1169461
2024-10-23,256.4126612714116,262.3298650661827,254.3463206676223,260.35748291015625,1311565
2024-10-24,261.296737533307,263.926599658875,260.4513980912661,262.79949951171875,1288716
2024-10-25,262.5177509305582,264.1144714355469,261.6724401128254,264.1144714355469,939961
2024-10-28,264.49015189407874,265.2415328894255,260.73318959064966,260.9210205078125,818062
2024-10-29,262.9873783355891,263.5509284504067,258.57293587675906,259.5121765136719,763793
2024-10-30,257.7276350922842,258.57294596581835,254.90991307160317,256.88232421875,1127633
2024-10-31,255.94305569589136,256.13091527550256,250.9650921330167,251.62254333496094,1133960
2024-11-01,252.56180019498123,257.821553466494,252.56180019498123,256.5066223144531,962174
2024-11-04,256.41266783267804,257.63366907130455,255.19166659405155,255.75518798828125,702570
2024-11-05,257.35192820372595,257.5397877918419,251.1529344194336,251.9982452392578,820841
2024-11-06,254.53417812654422,256.22479957865164,248.14735412597656,248.14735412597656,1566276
2024-11-07,247.11421399666503,251.24686701109357,247.02028420156114,249.650146484375,998525
2024-11-08,250.30760894490956,250.87115901291463,246.5506467093387,247.11419677734375,1002688
2024-11-11,247.48988135386324,250.2136731768911,247.48988135386324,249.3683624267578,926371
2024-11-12,247.95952008928572,248.33521059917553,246.1749686697977,246.5506591796875,1806135
2024-11-13,247.77164797056037,249.46229817457555,244.95392629388223,247.11419677734375,786206
2024-11-14,245.32964703110227,246.2688875960554,244.01468730949,245.70533752441406,1400274
2024-11-15,241.00913151442134,242.88761261950125,237.44001454843485,240.2577362060547,1385278
2024-11-18,240.16381482490388,240.25774461611522,236.59469773398283,238.0974884033203,1353750
2024-11-19,239.78811208490922,239.78811208490922,233.68304859129097,235.27975463867188,1240207
2024-11-20,236.68862279078968,238.56710392404992,233.96483088023183,234.05874633789062,1508583
2024-11-21,233.3073465484618,236.21899798190213,233.21343109260226,235.8433074951172,1024565
2024-11-22,236.312945407651,239.97597808806717,236.312945407651,238.84889221191406,792613
2024-11-25,236.87647277594286,239.6002790726578,236.68862752519416,238.0974884033203,2073791
2024-11-26,236.782556165882,238.84888257742531,234.15267967315694,236.1250762939453,857333
2024-11-27,236.87647385811985,238.19141928271603,235.93723326841146,237.1582489013672,763191
2024-11-28,236.50077845034855,239.2245703713472,236.50077845034855,238.47317504882812,522965
2024-11-29,237.62786596488579,239.97596740722656,237.4400207158333,239.97596740722656,920953
2024-12-02,239.31850792913173,240.63345336914062,238.56711258222296,240.63345336914062,887584
2024-12-03,240.53951856779932,240.91520906759385,238.94279811448783,239.03672790527344,740795
2024-12-04,238.2853240966797,239.50633967508344,237.44001333637817,238.2853240966797,602674
2024-12-05,239.50633945264585,240.7273406982422,238.75494414881268,240.7273406982422,976658
2024-12-06,240.72734679535378,241.66658736601588,239.60027530856777,241.38482666015625,767179
2024-12-09,241.10307257287104,242.69976438881923,239.788127138843,241.57269287109375,750443
2024-12-10,240.53952875543467,241.29090978684715,237.8157223557036,238.3792724609375,970437
2024-12-11,238.191427347392,240.82128962227802,237.90965229460434,240.35166931152344,969049
2024-12-12,238.28533150240645,240.5395174860579,236.87647063700197,239.97596740722656,845729
2024-12-13,238.66102943953672,239.31849495806944,236.68861855226513,237.81570434570312,836740
2024-12-16,238.47316911841605,240.7273406982422,237.06430829810637,240.7273406982422,1003067
2024-12-17,239.1306624880283,242.41800458796448,237.72180158805563,242.13621520996094,907410
2024-12-18,241.85444910386028,242.23013960280838,239.50634765625,239.50634765625,1076580
2024-12-19,235.7493849322456,236.21900522095524,230.48963196602793,231.7106475830078,1519621
2024-12-20,228.7050706671915,232.74380784099606,228.32938018521244,232.36810302734375,2658963
2024-12-23,233.30735836562465,236.1250801542514,231.71065221840433,235.7493896484375,665055
2024-12-27,235.9372354734175,238.19142150878906,235.37369971333024,238.19142150878906,663758
2024-12-30,238.0035564629908,239.97596740722656,237.5339361745226,239.97596740722656,674427
2025-01-03,242.6058318122724,242.6058318122724,238.66103855048263,241.00914001464844,1125887
2025-01-06,241.38482612683933,242.04230599018916,239.7881200265763,241.8544464111328,771142
2025-01-07,242.3240710634834,248.71089557966238,241.384830477966,248.335205078125,1450583
2025-01-08,248.80482268227212,252.28002427647218,248.33520239458818,250.6833038330078,1250838
2025-01-09,252.0921711902466,256.22482409565754,251.81041047571682,255.28558349609375,1305941
2025-01-10,253.31318927933467,254.8159512374312,250.965087890625,250.965087890625,860489
2025-01-13,249.0865989260812,249.8379798814388,247.86556904444242,248.8048095703125,650207
2025-01-14,250.77723743151358,252.280028107593,247.11420486462177,247.39596557617188,1285404
2025-01-15,246.0810167690595,249.83797885713673,245.70532629292097,249.74404907226562,1044788
2025-01-16,249.556237306774,252.280029296875,247.39596674242975,252.280029296875,831690
2025-01-17,252.28002590600804,252.46785682428626,247.3959634172089,249.27444458007812,1326291
2025-01-20,249.83799304784625,252.3739540666785,249.27444296995603,250.6833038330078,816180
2025-01-21,250.30761996897644,253.78282165527344,249.08661865397931,253.78282165527344,1146777
2025-01-22,259.32433305856506,259.51216397886543,256.1309207799777,257.1640625,1192119
2025-01-23,257.5397691864585,258.1972203706707,256.1309083674152,257.72760009765625,1366796
2025-01-24,258.2911649000552,259.3243352923251,257.070163585867,258.1972351074219,876623
2025-01-27,258.85472190606913,263.2691356442533,258.4790313888501,262.32989501953125,1072454
2025-01-28,262.7055826274778,266.27468510713817,262.51772305977113,263.26910400390625,970779
2025-01-29,263.2691187314799,265.61722014243975,262.7994984492879,263.7387390136719,851165
2025-01-30,260.169645090854,269.65598084308186,259.23040449485813,267.8714294433594,1786393
2025-01-31,271.4405244413789,272.0040745154492,266.65039180680276,268.622802734375,1799245
2025-02-03,266.93220348189055,269.3742062346837,266.55648429221486,268.341064453125,971942
2025-02-04,267.6835621653737,269.09242301887565,266.4625608910109,268.622802734375,970204
2025-02-05,269.3741864398538,273.60076904296875,268.81066502345,273.60076904296875,1075666
2025-02-06,274.0703761959289,274.35216555397227,268.90455326194336,270.2195129394531,1065308
2025-02-07,268.2471090759599,273.22507256762185,268.15317928749795,271.4405212402344,1380024
2025-02-10,271.15874710088997,272.94329833984375,268.8106458224387,272.94329833984375,1248673
2025-02-11,271.91014924386934,272.7554600373465,270.68914794921875,270.68914794921875,1042536
2025-02-12,271.9101606268647,273.97650146484375,271.1587795930628,273.97650146484375,996906
2025-02-13,276.23066801947965,279.98763044432576,274.25825701376573,279.7058410644531,1429493
2025-02-14,279.89369582482226,279.89369582482226,275.47925358640697,276.6063537597656,1636790
2025-02-17,277.9212781894917,278.01520797891084,276.2306566333373,276.4184875488281,764258
2025-02-18,276.2306441916691,277.2638145020497,274.3521631412849,276.9820251464844,826712
2025-02-19,280.2693930389641,280.2693930389641,275.0096398762637,276.7942199707031,1136271
2025-02-20,275.1974852191778,277.35772705078125,271.9101432455699,277.35772705078125,1088006
2025-02-21,275.6671056295831,280.2693786621094,275.0096257692162,280.2693786621094,1864475
2025-02-24,279.7997502905085,280.92685040045205,278.57874905752504,279.98760986328125,928126
2025-02-25,280.08154338460594,281.5843053334416,279.61192310975804,281.11468505859375,1286310
2025-02-26,278.86053134415323,281.6782531738281,278.2030801152383,281.6782531738281,1291908
2025-02-27,281.3025456858291,282.14785645104706,279.6119241553933,280.1754455566406,1224791
2025-02-28,278.86054230262846,281.02081298828125,278.4848517765779,281.02081298828125,2504849
2025-03-03,282.6174824427777,284.9655838732816,280.45724059205315,284.2142028808594,1193081
2025-03-04,284.1202596181029,286.37443115182526,283.65063935427133,285.71697998046875,1436521
2025-03-05,283.2749498961726,285.7169810095617,282.3357093651265,284.7777404785156,1414103
2025-03-06,282.1478654470631,284.6838264869205,279.79976398917586,284.3081359863281,1251606
2025-03-07,283.6506297953354,288.62859295885585,282.05390948677854,288.3468322753906,1222215
2025-03-10,288.1589841270852,289.94356407088355,287.2197435938635,288.7225341796875,1364942
2025-03-11,287.6893790085654,288.3468588817783,277.92128268139624,278.4848327636719,1413155
2025-03-12,283.65066776197597,294.73369563303146,282.99318786142646,288.6286315917969,2700162
2025-03-13,287.87725026860204,289.2861111997697,283.4628078856036,284.683837890625,1319716
2025-03-14,285.8108962140934,288.25292744780313,282.5235541934624,287.2197570800781,963408
2025-03-17,287.0319306502079,292.7613039941242,287.0319306502079,292.19775390625,1079245
2025-03-18,291.16458903029314,293.4187607610837,288.9104172995025,290.4132080078125,1539554
2025-03-19,289.0043437746384,289.1921746964274,286.4683826920254,287.4076232910156,1056280
2025-03-20,287.4075960952256,289.09821754809457,286.1865948974142,287.50152587890625,1042947
2025-03-21,286.938006286305,290.6010389317583,286.7501466990105,290.4132080078125,2263981
2025-03-24,289.19215273481467,289.7557027840818,284.4959500964989,285.71697998046875,1164817
2025-03-25,286.18661391964304,289.94357620982095,286.0926841297191,287.1258544921875,1159695
2025-03-26,286.46838600486024,286.84407651613134,282.3357330541812,284.58990478515625,1270046
2025-03-27,284.8809959274421,286.23941434444373,282.84335349628935,285.6572265625,1756518
2025-03-28,284.00770396073983,288.08295885159043,283.71659528984463,287.888916015625,1000300
2025-03-31,285.36614391171787,286.3364469990673,281.0968162496406,281.873046875,1408463
2025-04-01,285.36614084481744,286.5304867703431,281.58196476708434,283.71661376953125,1066663
2025-04-02,280.51461269133125,281.0968004332431,275.56606130202806,278.28289794921875,1180833
2025-04-03,273.43138886958064,274.40169192392455,269.0650251250333,270.2294006347656,2081623
2025-04-04,266.7363056144343,268.57987550854295,252.76394745474295,254.02532958984375,2318280
2025-04-07,241.70250471786358,249.46492940820812,234.23115910888686,238.79159545898438,3724396
2025-04-08,243.0609114074707,246.26291439911816,239.08266302305273,242.5757598876953,2036497
2025-04-09,230.44697460468132,235.1044322104532,225.01327159700585,228.40933227539062,3037967
2025-04-10,247.4272824511116,248.8827370537652,234.42522725633273,235.7836456298828,1900415
2025-04-11,237.9183091189052,238.79159076278464,232.678678478228,236.5598907470703,1333341
2025-04-14,241.12031388608625,244.8074685283717,240.2470470417568,244.22528076171875,1597563
2025-04-15,242.67280472239574,247.91243539957892,241.99358072609613,247.81539916992188,2116040
2025-04-16,246.35994124298213,246.9421290017885,243.44903206024986,246.8450927734375,2483604
2025-04-17,245.6807242932756,253.4431633407702,243.4490243626152,248.00946044921875,2269952
2025-04-22,246.554006171263,248.00946071818748,241.21733949920667,247.23321533203125,1196701
2025-04-23,251.79364480614126,253.34613562893998,248.49462031475613,250.4352264404297,1165808
2025-04-24,250.04711236614594,255.5778220847106,247.52431846811484,254.51048278808594,1344526
2025-04-25,253.54017248328796,256.062966309307,251.11441488351943,254.1223602294922,883841
2025-04-28,252.27880425892306,258.19765905033483,252.08473179574216,257.22735595703125,1048231
2025-04-29,259.1679560636407,262.6610530398466,258.29468922241415,260.91448974609375,1367476
2025-04-30,261.3996485366948,263.63136342766074,260.13826635450147,261.3026123046875,1618150
2025-05-02,258.7798372154052,265.766001460888,258.7798372154052,264.310546875,1136802
2025-05-05,265.2808426369516,266.445218118161,263.82538809108905,263.92242431640625,732881
2025-05-06,264.0194644545037,265.4749190219361,262.46697366031594,263.3402404785156,1136939
2025-05-07,258.1006052843787,260.04121133914845,257.0332660319956,258.294677734375,993648
2025-05-08,256.16001121600283,257.1303142887907,252.1817626953125,252.1817626953125,1247825
2025-05-09,254.31643699583532,254.70455229612193,247.52431560127206,249.9500732421875,1182585
2025-05-12,240.34406002393678,254.3164326819932,238.69454781722405,254.1223602294922,2082326
2025-05-13,256.8392261017193,257.22734139480855,249.46491708782858,251.30848693847656,1052072
2025-05-14,250.4352202755701,251.9877110601518,246.74806576642555,246.94212341308594,1233370
2025-05-15,244.71043169942905,249.36788940429688,244.3223163930442,249.36788940429688,831299
2025-05-16,248.97977126477474,253.34613503734417,248.88273503645775,251.9877166748047,1706043
2025-05-19,252.76394486060508,253.24909638624925,250.92037498541714,252.27879333496094,1065804
2025-05-20,253.540177478012,258.29468615626087,252.6669106471518,255.57781982421875,944876
2025-05-21,254.12236597800086,255.96593587326862,253.1520629161442,254.8015899658203,912166
2025-05-22,254.60751548301806,254.8986241660384,249.75600021233822,251.5025634765625,766942
2025-05-23,252.47287138392875,253.7342535340331,247.03916825405662,252.1817626953125,886267
2025-05-26,253.24910470145088,255.09267463717077,253.24910470145088,254.70455932617188,438379
2025-05-27,254.99563903203858,256.16001457919134,253.15206909179688,253.15206909179688,692024
2025-05-28,252.7639489486214,253.44317294002815,251.11442189023336,252.47286987304688,765044
2025-05-30,252.6668967470113,257.80952044369445,251.40551468419534,257.6154479980469,2457197
2025-06-02,257.4213915489609,259.0709186055762,255.57782164593772,256.8392333984375,683815
2025-06-03,257.71250570535153,258.3917000991443,254.8986326766667,255.9659423828125,738483
2025-06-04,257.1303055983535,260.7204386908501,255.96593010584144,259.2649841308594,872165
2025-06-05,258.87685610591376,261.7877654157013,258.2946979329969,259.7501525878906,697718
2025-06-06,260.23529052734375,261.59370887859603,259.0709150198137,260.23529052734375,624718
2025-06-10,261.98182269806625,262.9521257450961,259.5560650804915,261.7877502441406,820400
2025-06-11,262.36994768400984,263.92243853885134,261.59371706223914,261.8847961425781,532625
2025-06-12,260.2352808050196,265.1838024988989,259.7501292968904,264.5046081542969,938060
2025-06-13,261.1085471323036,264.0194561758938,260.72043184875116,261.69073486328125,889928
2025-06-16,259.0709150642036,260.6234058707433,254.8986237822211,255.09266662597656,897606
2025-06-17,251.3084897193911,256.93623555970726,251.3084897193911,253.83128356933594,936921
2025-06-18,252.9580236802989,253.24910275848984,249.95007822335953,251.40553283691406,889853
2025-06-19,249.85303570674014,252.86098108799376,248.3975811298077,252.27879333496094,725931
2025-06-20,251.59957885742188,253.73425749540235,250.43523291867822,251.59957885742188,5049502
2025-06-23,251.59957101943255,253.0550256059961,248.68866184630545,252.76394653320312,858430
2025-06-24,254.80158829532576,256.5481219506976,253.5401765564023,254.31643676757812,696072
2025-06-25,253.6372156298331,254.8015911540106,251.40553042167576,251.6966094970703,1007037
2025-06-26,252.7639459565258,255.4807826673929,252.27879442877813,254.31643676757812,1038176
2025-06-27,255.0926656886588,256.25704119210997,253.0550233632688,253.83128356933594,700543
2025-06-30,253.6372122610679,254.70455154217115,250.72630310058594,250.72630310058594,1020708
2025-07-01,251.6966113091321,252.95802307128906,249.36788985531135,252.95802307128906,545027
2025-07-02,252.56986681379132,253.24909077917442,250.72629697942102,252.37582397460938,759123
2025-07-03,253.24909771157266,254.21940076793882,249.0768064137178,249.9500732421875,895715
2025-07-04,248.49461735719635,256.0629693127255,248.20352348067993,252.27879333496094,941317
2025-07-07,251.89067766862135,251.89067766862135,248.88273229176323,249.4649200439453,660999
2025-07-08,248.59164932981432,250.04710388183594,246.16587693746226,250.04710388183594,915646
2025-07-09,248.78569642806318,252.27879333496094,247.42727807851938,252.27879333496094,826037
2025-07-10,252.86097591245695,255.28673349102755,252.56986723624934,255.189697265625,1008787
2025-07-11,253.73424907264825,254.12236437267924,249.17381286621094,249.17381286621094,638851
2025-07-14,248.39757687835862,250.92037069078918,248.3005406526308,250.04710388183594,534352
2025-07-15,246.94212508856083,251.01740972432583,246.4569735657935,247.42727661132812,701679
2025-07-16,246.5540171670698,250.9203810025741,246.45698093735416,248.59165954589844,653265
2025-07-17,249.75600471068174,250.24115624648775,248.10649245007124,249.36788940429688,540660
2025-07-18,248.88272767648013,251.59956432121663,248.00946087005045,250.82333374023438,673155
2025-07-21,248.20351809413503,249.95006650968008,246.74806354878905,248.00946044921875,651412
2025-07-22,245.486676813571,247.62134060734164,243.64310690205312,246.55401611328125,869436
2025-07-23,247.62133664031725,253.83128507484054,247.13618511288496,253.54017639160156,929387
2025-07-24,258.10062281874434,260.8174596354741,253.34614358381705,257.22735595703125,1246372
2025-07-25,255.86892722017436,257.03327311835795,251.5025634765625,251.5025634765625,694015
2025-07-28,254.6075107936086,256.93623215838426,252.18175320294677,252.86097717285156,819882
2025-07-29,252.6669069548175,254.7045492712473,251.4055248410414,251.79364013671875,914779
2025-07-30,251.5995773437465,253.6372197384144,250.82334672258736,251.89068603515625,563865
2025-07-31,254.21939906605056,255.38377457041472,248.78569606451634,249.4649200439453,904263
2025-08-04,243.06091290642235,247.42727661132812,241.50842211130714,247.42727661132812,1328188
2025-08-05,248.2035292829002,248.97977470320694,246.4569807886225,247.81539916992188,837546
2025-08-06,246.45697678343998,247.52431606972263,240.34406455563416,241.21734619140625,1202727
2025-08-07,240.73219632474522,244.5163723556078,237.14206314008354,241.70249938964844,1388360
2025-08-08,239.85891754144401,241.12031450198074,237.14206596620718,239.08267211914062,891985
2025-08-11,239.2767353523375,241.31436285095583,236.94799917522448,238.9856414794922,672248
2025-08-12,238.30644150248725,239.1797083490473,236.65691442797382,239.08267211914062,1033558
2025-08-13,239.8589103503091,242.28466796875,237.8212828342084,242.28466796875,935712
2025-08-14,241.41140882331135,243.06092109516248,241.02327870863166,242.6728057861328,1616919
2025-08-15,244.51637077331543,248.3975830078125,244.41933454519312,248.3975830078125,1249930
2025-08-18,248.2035253572176,248.97977076524694,247.0391646479984,248.3975830078125,602441
2025-08-19,248.3005489182476,252.7639489486214,247.71837596144874,252.47286987304688,917475
2025-08-20,251.89067674260468,255.57781647403772,251.59956806193426,254.60751342773438,627226
2025-08-21,253.63722001244977,254.70455932617188,252.47287407945308,254.70455932617188,547293
2025-08-22,252.8609860885183,256.1600106058795,252.8609860885183,253.7342529296875,547619
2025-08-25,252.9580229203227,254.3164412999658,251.9877198475348,252.1817626953125,407104
2025-08-26,249.65896398466478,254.5104792553446,249.65896398466478,251.5025634765625,1146775
2025-08-27,251.11442056398528,254.8015899658203,250.72630526150252,254.8015899658203,1440963
2025-08-28,253.44317218878615,254.21940279555045,251.50256606057584,253.2490997314453,740179
2025-08-29,252.95801490096713,254.02532455815773,251.79363940601513,252.5698699951172,770607
2025-09-01,253.15206425315395,254.80159131154198,251.69660965268204,252.47286987304688,906123
2025-09-02,251.69661220592687,256.0629760516356,251.3084968974572,254.2194061279297,741454
2025-09-03,257.1303098321182,261.5937098118413,255.8689277038766,261.4966735839844,1946851
2025-09-04,261.4966822512563,268.3858400992452,261.0115307071909,267.5125732421875,1070415
2025-09-05,269.25908649162056,269.25908649162056,265.2808382103857,266.0570983886719,1227885
2025-09-08,265.9600695877338,265.9600695877338,260.04121511253936,262.078857421875,907038
2025-09-09,261.8847776994084,262.75804449022587,260.3322869539007,261.69073486328125,596484
2025-09-10,261.3996507578609,262.3699538635778,257.32439548063064,258.1976623535156,1414269
2025-09-11,259.55605450457773,260.4293212890625,257.7124847125991,260.4293212890625,818209
2025-09-12,260.3323120857837,260.7204570181048,256.3540930312007,256.6451721191406,536243
2025-09-15,256.35408536117995,256.54812821023387,252.37583681432378,252.6669158935547,752382
2025-09-16,251.98771483690766,253.34613318953942,250.43522402905745,250.72630310058594,662422
2025-09-17,250.43523065598418,252.6669158935547,249.85304288622228,252.6669158935547,741016
2025-09-18,254.2194044649259,254.41347692354117,252.27879832397227,253.7342529296875,630292
2025-09-19,254.02533798234927,258.29469528192527,253.5401864356975,257.22735595703125,3350632
2025-09-22,259.6531031299184,264.60165462676366,258.68280007607814,263.0491638183594,1241571
2025-09-23,262.07885018756735,262.5640016949078,257.3243713378906,257.3243713378906,716544
2025-09-24,257.3243867478682,257.61546582518463,251.7936473884573,252.1817626953125,888481
2025-09-25,251.7936403162339,252.18175561218797,247.42727661132812,247.42727661132812,1021380
2025-09-26,246.55402004919006,248.30055375928814,244.71043530259195,245.97183227539062,1228021
2025-09-29,245.48666831111245,248.49461364746094,245.19557443894175,248.49461364746094,895520
2025-09-30,247.33024733137304,254.12236884088827,246.45698048812392,252.1817626953125,1232583
2025-10-01,259.36198892604136,273.9165344238281,258.4887221184338,273.9165344238281,2566297
2025-10-02,277.5066742579548,278.4769773148008,274.2076497869383,275.8571472167969,1352388
2025-10-03,274.11060675289764,280.7086555311028,274.01357052736256,278.28289794921875,944044
2025-10-06,279.3502366681536,280.99976366516944,278.1858907978765,279.83538818359375,1068087
2025-10-07,279.15620347502374,281.5819611360466,277.4096401923076,279.93243408203125,922413
2025-10-08,281.38787937709355,285.5601705716138,280.41757634475874,282.6492614746094,1169583
2025-10-09,281.8730360675981,286.1423635659835,281.48492076979926,284.8809814453125,947747
2025-10-10,285.26911013395977,285.8512979136361,281.58197021484375,281.58197021484375,853630
2025-10-13,282.8433426814673,283.32849421265337,279.73836103735675,281.48492431640625,707999
2025-10-14,279.2532058191647,281.9700721247153,277.5066721744744,277.70074462890625,984921
2025-10-15,277.0215348719449,277.50668642163305,270.81160095819644,275.6631164550781,1442037
2025-10-16,273.7225015606956,277.1185623006266,273.43139287335026,276.82745361328125,750596
2025-10-17,274.30469082263187,275.7601454334106,271.296745371429,275.2749938964844,1151645
2025-10-20,271.19970644066365,273.1403125690405,268.3858334767771,272.752197265625,1278057
2025-10-21,272.6551625463225,273.3343865395343,270.5204839487709,272.4610900878906,960476
2025-10-22,271.19971034956063,272.94624404575336,270.81159504055114,272.1700134277344,797838
2025-10-23,265.2808353201564,267.6095566070476,261.1085442482805,263.5343017578125,1551009
2025-10-24,262.46698570962707,265.9600827540855,262.272913247207,263.1462097167969,1098181
2025-10-27,260.8174638404218,261.5937240943599,255.77190544067818,259.45904541015625,970622
2025-10-28,259.4590276955809,260.33229451175066,252.37582732839425,253.34613037109375,1555560
2025-10-29,254.5104858217173,255.18970982165615,251.6966128143849,252.6669158935547,791829
2025-10-30,251.50257175261052,254.51048763037235,250.6292752861117,253.92832946777344,809537
2025-10-31,253.63721394870345,254.6075170086536,250.72630476885308,251.21145629882812,1283042
2025-11-03,251.30848861429732,254.80158549799137,250.53225802294264,251.79364013671875,556799
2025-11-04,252.375827712088,256.6451551841967,251.11441598788159,256.1600036621094,923170
2025-11-05,253.5401864356975,257.4213988089117,252.8609920371653,257.22735595703125,860718
2025-11-06,258.0035656813884,258.2946743525715,254.70454135373302,257.3243713378906,903460
2025-11-07,256.54810925908754,260.81743656980046,256.3540664243675,260.4293212890625,1147278
2025-11-10,265.8630440217989,273.14031712458535,264.11651032165014,270.6175231933594,1542300
2025-11-11,273.62545324468334,281.0967983870185,271.6848471933026,280.1264953613281,1136223
2025-11-12,281.38788567719865,282.16411627592635,277.8947887603253,281.7760009765625,993594
2025-11-13,281.48493550181547,282.8433539208562,280.41759616853324,281.2908630371094,800651
2025-11-14,279.54430476198365,280.5146077777411,275.7601289227892,277.60369873046875,837076
2025-11-17,277.50667550741315,278.6710510253906,275.1779540827577,278.6710510253906,572410
2025-11-18,287.888919217753,301.4731615609457,287.59781054361986,297.5919494628906,3397793
2025-11-19,300.7939341446037,302.54046772415,299.43551584814577,300.9880065917969,1574697
2025-11-20,302.443490204542,304.3840964179525,300.50288399113157,302.5404968261719,1439948
2025-11-21,304.3840911840331,306.5187402152986,302.6375278552155,306.2276611328125,1619273
2025-11-24,306.6157571809806,306.6157571809806,301.6672058105469,301.6672058105469,2000968
2025-11-25,302.0553335145166,304.77219987431056,298.75630900240225,304.28704833984375,974932
2025-11-26,305.6454609319887,306.32468491191275,301.9583211843129,303.6078186035156,885510
2025-11-27,302.05532163773466,302.92861805447683,299.9206727367947,300.1147155761719,639963
2025-11-28,299.72660324216713,301.1820578026937,297.20380941499474,298.2711486816406,1222460
2025-12-01,295.45727524248144,300.3087904352972,294.0018206846367,299.8236389160156,1147326
2025-12-02,298.4652314085006,305.6454682320084,298.17412271959495,303.9959411621094,1052632
2025-12-03,304.5781153268643,309.52666670427067,303.2196970065347,304.4810791015625,1192175
2025-12-04,303.12267645175757,305.35439130387766,300.8909912109375,300.8909912109375,992887
2025-12-05,302.05532109990867,304.67515112287316,299.43552068824266,301.6672058105469,937693
2025-12-08,302.63751387766325,309.04151989828625,301.4731679901948,308.2652893066406,1032888
2025-12-09,308.07123260822226,309.4296510187228,305.9365539550781,305.9365539550781,806054
2025-12-10,304.7722031480795,317.58018602880287,301.2791061401367,312.4375915527344,1699126
2025-12-11,309.62372615430127,314.7663207567563,304.6751744057064,308.4593505859375,1301466
2025-12-12,309.04152534143947,309.04152534143947,303.8018947272982,307.3919982910156,980109
2025-12-15,306.71279981275245,312.82569717895757,306.3246845152837,312.3405456542969,1286632
2025-12-16,314.5722707939857,316.1247320349862,309.52668292683387,310.8851013183594,1136330
2025-12-17,309.2355962830767,309.42963912780544,305.35438405290967,307.68310546875,1154497
2025-12-18,306.8098524310079,310.0118408203125,305.54844063272077,310.0118408203125,987894
2025-12-19,312.82570324812696,317.5801823597842,309.9147940436879,315.8336486816406,2989393
2025-12-22,314.0871077811384,315.54256234989015,311.8553930089397,315.4455261230469,744217
2025-12-23,316.02771369408293,321.36438044315446,315.8336412405062,319.8118896484375,861766
2025-12-29,320.20000793438373,321.17031098873036,317.87128652621175,317.96832275390625,715781
2025-12-30,318.06531579914264,319.52077031856146,316.99800617394055,318.4534606933594,642523
2026-01-05,318.2594063520065,318.4534788101557,313.6019634694239,315.8336486816406,979013
2026-01-06,316.51286283483296,322.4316876774951,313.99006901381534,320.10296630859375,973334
2026-01-07,321.8495244927105,328.156494140625,320.8792214699544,328.156494140625,1236961
2026-01-08,329.51493427833276,332.134734846539,326.21590970468395,329.32086181640625,1563016
2026-01-09,329.90302967565935,331.9406719576805,327.96242361874374,330.67926025390625,1138402
2026-01-12,328.6416566216924,332.71691168651637,327.380244883226,332.32879638671875,1160189
2026-01-13,331.55256636459035,332.32879696553755,327.38024545342586,330.77630615234375,744210
2026-01-14,330.000074407216,335.7248565004258,328.93273512613973,333.88128662109375,1303682
2026-01-15,333.78424982287095,337.95654110113713,332.71691054361935,335.43377685546875,1041926
2026-01-16,337.66545998755333,339.314987010173,335.530781441963,338.5387268066406,1541691
2026-01-19,336.307055782247,339.21796504243156,335.23971646458597,336.5010986328125,932204
2026-01-20,334.4634714018489,335.724853515625,330.9703745181548,335.724853515625,698881
2026-01-21,333.8812827114601,335.7248525692046,331.84364040077446,334.4634704589844,1034623
2026-01-22,334.560475075334,338.34468060598385,334.26939600896037,337.56842041015625,876097
2026-01-23,338.5387428360182,339.1209306134086,334.6575304684827,337.76251220703125,820770
2026-01-26,336.0159324102699,340.0912170410156,334.366435001672,340.0912170410156,752147
2026-01-27,341.54668526785713,344.55463074787383,337.76250916584263,339.6060791015625,1275324
2026-01-28,332.13472171617553,333.7842487434389,325.8277518998024,328.2535095214844,1489237
2026-01-29,326.3129053844209,338.6357660211129,321.36438349550133,336.6951599121094,1858665
2026-01-30,336.6951755252339,341.74076348713515,335.0456484115698,340.2853088378906,1622019
2026-02-02,337.6654725928905,343.9724426269531,336.7922057412034,343.9724426269531,983561
2026-02-03,344.45758749238144,346.2041211619075,341.4496420737092,342.0318298339844,790397
2026-02-04,342.0318355205815,351.54079385507345,339.8971569011813,349.89129638671875,1209302
2026-02-05,344.5546324533074,348.5328810361625,343.3902569032473,348.0477294921875,1164640
2026-02-06,344.7486702182252,346.5922697471728,342.0318334565653,345.8160095214844,784298
2026-02-09,341.54667921642454,346.49523077505876,338.82984247626825,343.293212890625,879073
2026-02-10,345.42787981932827,345.42787981932827,338.92683765236643,340.67340087890625,786654
2026-02-11,340.3823135163237,346.2041320800781,337.4714042344464,346.2041320800781,955777
2026-02-12,347.4655450109749,349.7942665218701,346.01009036525284,349.0180358886719,843165
2026-02-13,350.1823794079401,351.0556462670521,346.8833548227946,349.3091125488281,1173038
2026-02-16,349.309092659357,350.6675109863281,347.36848658902727,350.6675109863281,962237
2026-02-17,351.24970701638114,358.3329074956724,351.1526707883156,358.23590087890625,688810
2026-02-18,359.01214026153724,360.56463111465797,356.97449786752253,358.3329162597656,654364
2026-02-19,359.30320719626036,361.34084952139796,352.89923076196953,357.2655944824219,801188
2026-02-20,358.33289594642446,358.33289594642446,352.9962292991182,356.87744140625,1229452
2026-02-23,356.4893289337667,359.4002380371094,354.93683815639093,359.4002380371094,894566
2026-02-24,359.0121288605552,363.7666078880703,357.94478958222345,362.8933410644531,1206467
2026-02-25,362.21410994748663,362.7962976888602,357.5566672390952,358.13885498046875,1264654
2026-02-26,355.51902167827063,360.07945773054786,351.6378095865618,352.80218505859375,970164
2026-02-27,353.5784329015543,359.20620847617755,353.19031759568713,356.1012268066406,2173171
2026-03-02,354.4517073362363,354.4517073362363,343.7783733340783,352.12298583984375,1390697
2026-03-03,348.33880007868964,348.5328725360667,341.64371485737587,344.845703125,1236547
2026-03-04,347.36848377813754,353.28733816700793,345.8159930121767,348.14471435546875,961103
2026-03-05,346.4952264614668,347.56256574299056,340.09122038362375,341.0615234375,1087503
2026-03-06,334.75455308475284,336.21000766338216,329.22381384144154,331.0674133300781,1339562
2026-03-09,310.49696554827943,322.5287170410156,306.22763819425023,322.5287170410156,2266833
2026-03-10,326.5069876329158,329.7089759642906,324.0812299239045,325.24560546875,1233077
2026-03-11,322.6257698752663,323.20795763790267,317.2891030051491,320.20001220703125,1431167
2026-03-12,321.0,322.6000061035156,316.6000061035156,318.20001220703125,1731703
2026-03-13,317.29998779296875,324.20001220703125,316.0,320.70001220703125,1153316
2026-03-16,322.0,323.5,317.3999938964844,322.29998779296875,778976
2026-03-17,322.0,327.3999938964844,320.3999938964844,323.8999938964844,1095035
2026-03-18,321.70001220703125,322.20001220703125,313.5,314.79998779296875,1144300
2026-03-19,312.6000061035156,314.8999938964844,305.6000061035156,305.70001220703125,1276758
2026-03-20,307.1000061035156,309.5,300.8999938964844,300.8999938964844,3791708
2026-03-23,294.6000061035156,305.8999938964844,291.0,303.8999938964844,1280628
2026-03-24,303.79998779296875,307.1000061035156,298.70001220703125,305.79998779296875,1418103
2026-03-25,311.0,312.8999938964844,309.3999938964844,312.0,1064260
2026-03-26,310.20001220703125,313.8999938964844,309.20001220703125,312.79998779296875,787543
2026-03-27,311.1000061035156,314.70001220703125,310.3999938964844,312.5,599531
2026-03-30,310.6000061035156,314.8999938964844,310.6000061035156,314.1000061035156,793252
2026-03-31,316.0,318.8999938964844,314.70001220703125,314.70001220703125,1153795
2026-04-01,319.3999938964844,321.8999938964844,316.8999938964844,318.29998779296875,845326
2026-04-02,318.0,320.0,316.0,318.0,915264
2026-04-07,315.8999938964844,318.3999938964844,310.3999938964844,311.29998779296875,1076951
2026-04-08,318.5,320.0,312.1000061035156,314.1000061035156,1219593
2026-04-09,315.79998779296875,316.70001220703125,310.79998779296875,316.70001220703125,1253901
2026-04-10,318.3999938964844,321.70001220703125,315.5,315.6000061035156,773626
2026-04-13,312.79998779296875,318.0,312.79998779296875,317.20001220703125,726539
2026-04-14,315.6000061035156,319.6000061035156,315.3999938964844,318.1000061035156,744438
2026-04-15,320.0,323.29998779296875,316.79998779296875,317.0,1120333
2026-04-16,317.0,317.0,312.79998779296875,313.5,1098440
2026-04-17,314.3999938964844,320.0,313.70001220703125,320.0,1381299
2026-04-20,318.0,320.8999938964844,316.1000061035156,320.8999938964844,933609
2026-04-21,318.20001220703125,320.29998779296875,314.8999938964844,317.20001220703125,588032
2026-04-22,315.20001220703125,317.29998779296875,312.0,313.1000061035156,677263
2026-04-23,313.0,325.79998779296875,312.70001220703125,324.8999938964844,1237118
2026-04-24,326.70001220703125,326.70001220703125,319.70001220703125,322.0,1021771
2026-04-27,319.70001220703125,324.20001220703125,319.5,321.20001220703125,812145
2026-04-28,320.20001220703125,321.3999938964844,313.79998779296875,321.1000061035156,750197
2026-04-29,321.8999938964844,323.0,314.8999938964844,317.29998779296875,817589
2026-04-30,318.0,321.29998779296875,315.5,318.3999938964844,962049
2026-05-04,317.8999938964844,319.6000061035156,316.0,316.5,497068
2026-05-05,316.1000061035156,320.5,316.1000061035156,318.5,509079
2026-05-06,321.5,325.79998779296875,319.79998779296875,321.8999938964844,806860
2026-05-07,323.0,324.20001220703125,318.0,318.29998779296875,690846
2026-05-08,317.0,317.0,313.79998779296875,315.29998779296875,590249
2026-05-11,314.6000061035156,320.8999938964844,313.0,319.3999938964844,724136
2026-05-12,315.3999938964844,321.5,314.3999938964844,321.5,654692
2026-05-13,320.0,323.20001220703125,317.6000061035156,320.0,611255
2026-05-15,320.29998779296875,327.6000061035156,320.29998779296875,322.79998779296875,1070366
2026-05-18,320.3999938964844,322.8999938964844,319.70001220703125,321.70001220703125,679824
2026-05-19,323.29998779296875,330.29998779296875,321.79998779296875,329.5,911727
2026-05-20,327.70001220703125,331.1000061035156,325.70001220703125,328.1000061035156,672965
2026-05-21,327.0,330.5,325.79998779296875,330.3999938964844,764720
2026-05-22,330.8999938964844,334.79998779296875,330.79998779296875,334.5,648414
2026-05-26,335.0,337.3999938964844,331.20001220703125,331.20001220703125,552965
2026-05-27,329.5,331.70001220703125,325.8999938964844,330.8999938964844,873274
2026-05-28,328.3999938964844,329.0,323.6000061035156,328.8999938964844,566662
2026-05-29,328.8999938964844,331.5,327.79998779296875,329.29998779296875,1996708
2026-06-01,326.3999938964844,327.6000061035156,317.3999938964844,317.3999938964844,851208
2026-06-02,318.0,318.29998779296875,307.70001220703125,309.70001220703125,1008446
2026-06-03,309.20001220703125,312.29998779296875,306.3999938964844,311.6000061035156,1045215
2026-06-04,313.0,325.6000061035156,311.70001220703125,324.6000061035156,1476493
2026-06-05,325.1000061035156,328.3999938964844,322.8999938964844,327.1000061035156,1148657
2026-06-08,325.0,326.6000061035156,322.3999938964844,322.70001220703125,626869
2026-06-09,320.0,321.5,317.5,318.79998779296875,1844589
2026-06-10,319.79998779296875,324.70001220703125,319.6000061035156,323.8999938964844,1329930
2026-06-11,322.0,329.29998779296875,321.3999938964844,325.29998779296875,1371862
2026-06-12,324.70001220703125,330.0,324.5,330.0,1125149
2026-06-15,331.0,331.20001220703125,324.70001220703125,326.1000061035156,1460078
2026-06-16,326.0,326.8999938964844,321.5,324.0,881895
2026-06-17,324.70001220703125,329.3999938964844,324.0,327.79998779296875,1137209
2026-06-18,329.79998779296875,330.1000061035156,316.6000061035156,319.0,1453662
2026-06-19,315.29998779296875,320.6000061035156,315.29998779296875,319.79998779296875,4345493
2026-06-22,319.0,320.79998779296875,316.79998779296875,318.6000061035156,674616
2026-06-23,320.0,326.0,320.0,325.20001220703125,842430
2026-06-24,324.3999938964844,335.29998779296875,324.1000061035156,332.0,1114064
2026-06-25,331.3999938964844,336.79998779296875,328.5,335.29998779296875,700960
2026-06-26,332.20001220703125,336.0,329.1000061035156,336.0,1258223
2026-06-29,337.5,338.79998779296875,335.5,338.79998779296875,738090
2026-06-30,337.79998779296875,338.5,329.6000061035156,332.79998779296875,996390
2026-07-01,332.79998779296875,336.0,327.3999938964844,328.79998779296875,872261
2026-07-02,331.1000061035156,343.20001220703125,330.20001220703125,341.5,1131152
2026-07-03,340.79998779296875,341.1000061035156,337.3999938964844,340.6000061035156,832039
2026-07-06,339.0,342.1000061035156,328.8999938964844,331.79998779296875,802221
2026-07-07,333.0,340.70001220703125,331.3999938964844,339.5,774187
2026-07-08,335.5,337.79998779296875,332.1000061035156,334.8999938964844,806303
2026-07-09,335.0,336.8999938964844,331.29998779296875,335.5,637700
2026-07-10,336.79998779296875,340.29998779296875,335.20001220703125,336.6000061035156,996548
2026-07-13,337.0,337.3999938964844,330.70001220703125,330.70001220703125,838250
2026-07-14,328.29998779296875,330.1000061035156,325.1000061035156,327.0,639915
2026-07-15,326.79998779296875,331.1000061035156,324.0,330.20001220703125,676304
2026-07-16,329.1000061035156,331.6000061035156,327.1000061035156,331.6000061035156,594766
2026-07-17,333.20001220703125,336.29998779296875,330.8999938964844,334.20001220703125,861893
2026-07-20,331.29998779296875,335.5,330.8999938964844,331.70001220703125,536528
2026-07-21,328.20001220703125,333.79998779296875,327.70001220703125,333.79998779296875,631934
2026-07-22,332.0,336.8999938964844,330.5,332.3999938964844,1093729
2026-07-23,333.79998779296875,352.20001220703125,329.8999938964844,349.5,1250062
2026-07-24,350.0,357.29998779296875,349.6000061035156,355.1000061035156,1139472
